status,manifest_id,job_slug,path,dataset,representation,descriptor,classifier,feature_set,feature_kind,seed,data_seed,learning_rate,steps,bins,standardize,n_train,n_validation,n_test,feature_dim,mlp_hidden_width,classifier_parameter_count,target_parameter_count,target_parameter_source,target_parameter_relative_error,classifier_n_iter,validation_loss,validation_accuracy,test_loss,test_accuracy,wall_time_seconds,git_commit,git_dirty
complete,pendigits,pendigits__dyn__classical-block-hamiltonian__mlp__values__lr0.01__seed0,results/runs/classical_baseline/pendigits/pendigits__dyn__classical-block-hamiltonian__mlp__values__lr0.01__seed0.json,pendigits,dyn,block-hamiltonian,mlp,values,singular_values,0,0,0.01,2000,32,True,6744,750,3498,2,112,1466,1472,global-hamiltonian-32-layer:block-hamiltonian,0.004076086956521739,49,1.514639814333422,0.432,1.6278524568625474,0.3979416809605489,0.6820404529571533,f82d665edc1f046e05be0c503bf149ae1d15138a,False
complete,pendigits,pendigits__dyn__classical-block-hamiltonian__mlp__values__lr0.01__seed1,results/runs/classical_baseline/pendigits/pendigits__dyn__classical-block-hamiltonian__mlp__values__lr0.01__seed1.json,pendigits,dyn,block-hamiltonian,mlp,values,singular_values,1,0,0.01,2000,32,True,6744,750,3498,2,112,1466,1472,global-hamiltonian-32-layer:block-hamiltonian,0.004076086956521739,45,1.4992327538071215,0.43333333333333335,1.6154975477193652,0.38879359634076616,0.6444332599639893,f82d665edc1f046e05be0c503bf149ae1d15138a,False
complete,pendigits,pendigits__dyn__classical-block-hamiltonian__mlp__values__lr0.01__seed10,results/runs/classical_baseline/pendigits/pendigits__dyn__classical-block-hamiltonian__mlp__values__lr0.01__seed10.json,pendigits,dyn,block-hamiltonian,mlp,values,singular_values,10,0,0.01,2000,32,True,6744,750,3498,2,112,1466,1472,global-hamiltonian-32-layer:block-hamiltonian,0.004076086956521739,132,1.49671968095113,0.42133333333333334,1.615838669044419,0.40222984562607206,1.296492099761963,f82d665edc1f046e05be0c503bf149ae1d15138a,False
complete,pendigits,pendigits__dyn__classical-block-hamiltonian__mlp__values__lr0.01__seed11,results/runs/classical_baseline/pendigits/pendigits__dyn__classical-block-hamiltonian__mlp__values__lr0.01__seed11.json,pendigits,dyn,block-hamiltonian,mlp,values,singular_values,11,0,0.01,2000,32,True,6744,750,3498,2,112,1466,1472,global-hamiltonian-32-layer:block-hamiltonian,0.004076086956521739,94,1.4954261704002108,0.432,1.6224397490742637,0.396798170383076,1.0215635299682617,f82d665edc1f046e05be0c503bf149ae1d15138a,False
complete,pendigits,pendigits__dyn__classical-block-hamiltonian__mlp__values__lr0.01__seed12,results/runs/classical_baseline/pendigits/pendigits__dyn__classical-block-hamiltonian__mlp__values__lr0.01__seed12.json,pendigits,dyn,block-hamiltonian,mlp,values,singular_values,12,0,0.01,2000,32,True,6744,750,3498,2,112,1466,1472,global-hamiltonian-32-layer:block-hamiltonian,0.004076086956521739,74,1.5066734988721107,0.42133333333333334,1.631360056839864,0.40051457975986277,0.8722729682922363,f82d665edc1f046e05be0c503bf149ae1d15138a,False
complete,pendigits,pendigits__dyn__classical-block-hamiltonian__mlp__values__lr0.01__seed13,results/runs/classical_baseline/pendigits/pendigits__dyn__classical-block-hamiltonian__mlp__values__lr0.01__seed13.json,pendigits,dyn,block-hamiltonian,mlp,values,singular_values,13,0,0.01,2000,32,True,6744,750,3498,2,112,1466,1472,global-hamiltonian-32-layer:block-hamiltonian,0.004076086956521739,98,1.4897108452855368,0.4266666666666667,1.6108315205851558,0.4039451114922813,1.0670313835144043,f82d665edc1f046e05be0c503bf149ae1d15138a,False
complete,pendigits,pendigits__dyn__classical-block-hamiltonian__mlp__values__lr0.01__seed14,results/runs/classical_baseline/pendigits/pendigits__dyn__classical-block-hamiltonian__mlp__values__lr0.01__seed14.json,pendigits,dyn,block-hamiltonian,mlp,values,singular_values,14,0,0.01,2000,32,True,6744,750,3498,2,112,1466,1472,global-hamiltonian-32-layer:block-hamiltonian,0.004076086956521739,94,1.4877112428217807,0.4266666666666667,1.6094515132084615,0.40480274442538594,1.0558722019195557,f82d665edc1f046e05be0c503bf149ae1d15138a,False
complete,pendigits,pendigits__dyn__classical-block-hamiltonian__mlp__values__lr0.01__seed15,results/runs/classical_baseline/pendigits/pendigits__dyn__classical-block-hamiltonian__mlp__values__lr0.01__seed15.json,pendigits,dyn,block-hamiltonian,mlp,values,singular_values,15,0,0.01,2000,32,True,6744,750,3498,2,112,1466,1472,global-hamiltonian-32-layer:block-hamiltonian,0.004076086956521739,125,1.4934811423610077,0.428,1.6168910580680769,0.3985134362492853,1.256380319595337,f82d665edc1f046e05be0c503bf149ae1d15138a,False
complete,pendigits,pendigits__dyn__classical-block-hamiltonian__mlp__values__lr0.01__seed16,results/runs/classical_baseline/pendigits/pendigits__dyn__classical-block-hamiltonian__mlp__values__lr0.01__seed16.json,pendigits,dyn,block-hamiltonian,mlp,values,singular_values,16,0,0.01,2000,32,True,6744,750,3498,2,112,1466,1472,global-hamiltonian-32-layer:block-hamiltonian,0.004076086956521739,57,1.4948237638583621,0.432,1.6123196115855842,0.4016580903373356,0.7439720630645752,f82d665edc1f046e05be0c503bf149ae1d15138a,False
complete,pendigits,pendigits__dyn__classical-block-hamiltonian__mlp__values__lr0.01__seed17,results/runs/classical_baseline/pendigits/pendigits__dyn__classical-block-hamiltonian__mlp__values__lr0.01__seed17.json,pendigits,dyn,block-hamiltonian,mlp,values,singular_values,17,0,0.01,2000,32,True,6744,750,3498,2,112,1466,1472,global-hamiltonian-32-layer:block-hamiltonian,0.004076086956521739,107,1.4966102900532687,0.432,1.6216352777977983,0.3985134362492853,1.1318261623382568,f82d665edc1f046e05be0c503bf149ae1d15138a,False
complete,pendigits,pendigits__dyn__classical-block-hamiltonian__mlp__values__lr0.01__seed18,results/runs/classical_baseline/pendigits/pendigits__dyn__classical-block-hamiltonian__mlp__values__lr0.01__seed18.json,pendigits,dyn,block-hamiltonian,mlp,values,singular_values,18,0,0.01,2000,32,True,6744,750,3498,2,112,1466,1472,global-hamiltonian-32-layer:block-hamiltonian,0.004076086956521739,104,1.4981130567811034,0.42933333333333334,1.6212359777306247,0.389937106918239,1.0894169807434082,f82d665edc1f046e05be0c503bf149ae1d15138a,False
complete,pendigits,pendigits__dyn__classical-block-hamiltonian__mlp__values__lr0.01__seed19,results/runs/classical_baseline/pendigits/pendigits__dyn__classical-block-hamiltonian__mlp__values__lr0.01__seed19.json,pendigits,dyn,block-hamiltonian,mlp,values,singular_values,19,0,0.01,2000,32,True,6744,750,3498,2,112,1466,1472,global-hamiltonian-32-layer:block-hamiltonian,0.004076086956521739,52,1.5028824508155127,0.424,1.621461261886161,0.3939393939393939,0.7000899314880371,f82d665edc1f046e05be0c503bf149ae1d15138a,False
complete,pendigits,pendigits__dyn__classical-block-hamiltonian__mlp__values__lr0.01__seed2,results/runs/classical_baseline/pendigits/pendigits__dyn__classical-block-hamiltonian__mlp__values__lr0.01__seed2.json,pendigits,dyn,block-hamiltonian,mlp,values,singular_values,2,0,0.01,2000,32,True,6744,750,3498,2,112,1466,1472,global-hamiltonian-32-layer:block-hamiltonian,0.004076086956521739,99,1.5055412098536785,0.43333333333333335,1.6240926512509002,0.395368782161235,1.068850040435791,f82d665edc1f046e05be0c503bf149ae1d15138a,False
complete,pendigits,pendigits__dyn__classical-block-hamiltonian__mlp__values__lr0.01__seed3,results/runs/classical_baseline/pendigits/pendigits__dyn__classical-block-hamiltonian__mlp__values__lr0.01__seed3.json,pendigits,dyn,block-hamiltonian,mlp,values,singular_values,3,0,0.01,2000,32,True,6744,750,3498,2,112,1466,1472,global-hamiltonian-32-layer:block-hamiltonian,0.004076086956521739,126,1.4986440045778116,0.424,1.6303908473346715,0.3982275586049171,1.2521777153015137,f82d665edc1f046e05be0c503bf149ae1d15138a,False
complete,pendigits,pendigits__dyn__classical-block-hamiltonian__mlp__values__lr0.01__seed4,results/runs/classical_baseline/pendigits/pendigits__dyn__classical-block-hamiltonian__mlp__values__lr0.01__seed4.json,pendigits,dyn,block-hamiltonian,mlp,values,singular_values,4,0,0.01,2000,32,True,6744,750,3498,2,112,1466,1472,global-hamiltonian-32-layer:block-hamiltonian,0.004076086956521739,117,1.4902289666444715,0.432,1.6227593425597295,0.3933676386506575,1.208263874053955,f82d665edc1f046e05be0c503bf149ae1d15138a,False
complete,pendigits,pendigits__dyn__classical-block-hamiltonian__mlp__values__lr0.01__seed5,results/runs/classical_baseline/pendigits/pendigits__dyn__classical-block-hamiltonian__mlp__values__lr0.01__seed5.json,pendigits,dyn,block-hamiltonian,mlp,values,singular_values,5,0,0.01,2000,32,True,6744,750,3498,2,112,1466,1472,global-hamiltonian-32-layer:block-hamiltonian,0.004076086956521739,97,1.5033994700474316,0.4066666666666667,1.6178408855917683,0.3862206975414523,1.037832260131836,f82d665edc1f046e05be0c503bf149ae1d15138a,False
complete,pendigits,pendigits__dyn__classical-block-hamiltonian__mlp__values__lr0.01__seed6,results/runs/classical_baseline/pendigits/pendigits__dyn__classical-block-hamiltonian__mlp__values__lr0.01__seed6.json,pendigits,dyn,block-hamiltonian,mlp,values,singular_values,6,0,0.01,2000,32,True,6744,750,3498,2,112,1466,1472,global-hamiltonian-32-layer:block-hamiltonian,0.004076086956521739,75,1.5037982657909377,0.43066666666666664,1.6197934073957903,0.39594053744997143,0.8984348773956299,f82d665edc1f046e05be0c503bf149ae1d15138a,False
complete,pendigits,pendigits__dyn__classical-block-hamiltonian__mlp__values__lr0.01__seed7,results/runs/classical_baseline/pendigits/pendigits__dyn__classical-block-hamiltonian__mlp__values__lr0.01__seed7.json,pendigits,dyn,block-hamiltonian,mlp,values,singular_values,7,0,0.01,2000,32,True,6744,750,3498,2,112,1466,1472,global-hamiltonian-32-layer:block-hamiltonian,0.004076086956521739,79,1.4912655526126983,0.43866666666666665,1.6162895881509338,0.39594053744997143,0.8960154056549072,f82d665edc1f046e05be0c503bf149ae1d15138a,False
complete,pendigits,pendigits__dyn__classical-block-hamiltonian__mlp__values__lr0.01__seed8,results/runs/classical_baseline/pendigits/pendigits__dyn__classical-block-hamiltonian__mlp__values__lr0.01__seed8.json,pendigits,dyn,block-hamiltonian,mlp,values,singular_values,8,0,0.01,2000,32,True,6744,750,3498,2,112,1466,1472,global-hamiltonian-32-layer:block-hamiltonian,0.004076086956521739,124,1.4951087890245163,0.4186666666666667,1.6203915809794391,0.39422527158376214,1.2571520805358887,f82d665edc1f046e05be0c503bf149ae1d15138a,False
complete,pendigits,pendigits__dyn__classical-block-hamiltonian__mlp__values__lr0.01__seed9,results/runs/classical_baseline/pendigits/pendigits__dyn__classical-block-hamiltonian__mlp__values__lr0.01__seed9.json,pendigits,dyn,block-hamiltonian,mlp,values,singular_values,9,0,0.01,2000,32,True,6744,750,3498,2,112,1466,1472,global-hamiltonian-32-layer:block-hamiltonian,0.004076086956521739,107,1.4962489428774224,0.428,1.6218550733039354,0.39708404802744424,1.1179540157318115,f82d665edc1f046e05be0c503bf149ae1d15138a,False
complete,pendigits,pendigits__dyn__classical-raw-data__mlp__raw__lr0.01__seed0,results/runs/classical_baseline/pendigits/pendigits__dyn__classical-raw-data__mlp__raw__lr0.01__seed0.json,pendigits,dyn,raw-data,mlp,raw,raw_values,0,0,0.01,2000,32,True,6744,750,3498,16,54,1468,1472,global-hamiltonian-32-layer:block-hamiltonian,0.002717391304347826,95,0.07658657817320359,0.9933333333333333,0.2889157629547891,0.9685534591194969,0.7475001811981201,f82d665edc1f046e05be0c503bf149ae1d15138a,False
complete,pendigits,pendigits__dyn__classical-raw-data__mlp__raw__lr0.01__seed1,results/runs/classical_baseline/pendigits/pendigits__dyn__classical-raw-data__mlp__raw__lr0.01__seed1.json,pendigits,dyn,raw-data,mlp,raw,raw_values,1,0,0.01,2000,32,True,6744,750,3498,16,54,1468,1472,global-hamiltonian-32-layer:block-hamiltonian,0.002717391304347826,69,0.04680036635524838,0.992,0.20007849449965528,0.968839336763865,0.5721869468688965,f82d665edc1f046e05be0c503bf149ae1d15138a,False
complete,pendigits,pendigits__dyn__classical-raw-data__mlp__raw__lr0.01__seed10,results/runs/classical_baseline/pendigits/pendigits__dyn__classical-raw-data__mlp__raw__lr0.01__seed10.json,pendigits,dyn,raw-data,mlp,raw,raw_values,10,0,0.01,2000,32,True,6744,750,3498,16,54,1468,1472,global-hamiltonian-32-layer:block-hamiltonian,0.002717391304347826,88,0.06395582888868886,0.992,0.2540514347551367,0.9711263579188107,0.7129435539245605,f82d665edc1f046e05be0c503bf149ae1d15138a,False
complete,pendigits,pendigits__dyn__classical-raw-data__mlp__raw__lr0.01__seed11,results/runs/classical_baseline/pendigits/pendigits__dyn__classical-raw-data__mlp__raw__lr0.01__seed11.json,pendigits,dyn,raw-data,mlp,raw,raw_values,11,0,0.01,2000,32,True,6744,750,3498,16,54,1468,1472,global-hamiltonian-32-layer:block-hamiltonian,0.002717391304347826,67,0.05760925364346468,0.992,0.23930133685637478,0.967409948542024,0.5570986270904541,f82d665edc1f046e05be0c503bf149ae1d15138a,False
complete,pendigits,pendigits__dyn__classical-raw-data__mlp__raw__lr0.01__seed12,results/runs/classical_baseline/pendigits/pendigits__dyn__classical-raw-data__mlp__raw__lr0.01__seed12.json,pendigits,dyn,raw-data,mlp,raw,raw_values,12,0,0.01,2000,32,True,6744,750,3498,16,54,1468,1472,global-hamiltonian-32-layer:block-hamiltonian,0.002717391304347826,55,0.04504231880082348,0.9906666666666667,0.20940924834275818,0.9705546026300743,0.47119569778442383,f82d665edc1f046e05be0c503bf149ae1d15138a,False
complete,pendigits,pendigits__dyn__classical-raw-data__mlp__raw__lr0.01__seed13,results/runs/classical_baseline/pendigits/pendigits__dyn__classical-raw-data__mlp__raw__lr0.01__seed13.json,pendigits,dyn,raw-data,mlp,raw,raw_values,13,0,0.01,2000,32,True,6744,750,3498,16,54,1468,1472,global-hamiltonian-32-layer:block-hamiltonian,0.002717391304347826,83,0.0520128603065994,0.9973333333333333,0.22292339646543252,0.967409948542024,0.6579430103302002,f82d665edc1f046e05be0c503bf149ae1d15138a,False
complete,pendigits,pendigits__dyn__classical-raw-data__mlp__raw__lr0.01__seed14,results/runs/classical_baseline/pendigits/pendigits__dyn__classical-raw-data__mlp__raw__lr0.01__seed14.json,pendigits,dyn,raw-data,mlp,raw,raw_values,14,0,0.01,2000,32,True,6744,750,3498,16,54,1468,1472,global-hamiltonian-32-layer:block-hamiltonian,0.002717391304347826,99,0.051844167377923515,0.9946666666666667,0.19688363870175773,0.9734133790737565,0.7645933628082275,f82d665edc1f046e05be0c503bf149ae1d15138a,False
complete,pendigits,pendigits__dyn__classical-raw-data__mlp__raw__lr0.01__seed15,results/runs/classical_baseline/pendigits/pendigits__dyn__classical-raw-data__mlp__raw__lr0.01__seed15.json,pendigits,dyn,raw-data,mlp,raw,raw_values,15,0,0.01,2000,32,True,6744,750,3498,16,54,1468,1472,global-hamiltonian-32-layer:block-hamiltonian,0.002717391304347826,78,0.05756645747064535,0.9933333333333333,0.20832494563963316,0.9719839908519153,0.6306886672973633,f82d665edc1f046e05be0c503bf149ae1d15138a,False
complete,pendigits,pendigits__dyn__classical-raw-data__mlp__raw__lr0.01__seed16,results/runs/classical_baseline/pendigits/pendigits__dyn__classical-raw-data__mlp__raw__lr0.01__seed16.json,pendigits,dyn,raw-data,mlp,raw,raw_values,16,0,0.01,2000,32,True,6744,750,3498,16,54,1468,1472,global-hamiltonian-32-layer:block-hamiltonian,0.002717391304347826,75,0.058721745122629294,0.9973333333333333,0.2884724640531101,0.9679817038307604,0.603257417678833,f82d665edc1f046e05be0c503bf149ae1d15138a,False
complete,pendigits,pendigits__dyn__classical-raw-data__mlp__raw__lr0.01__seed17,results/runs/classical_baseline/pendigits/pendigits__dyn__classical-raw-data__mlp__raw__lr0.01__seed17.json,pendigits,dyn,raw-data,mlp,raw,raw_values,17,0,0.01,2000,32,True,6744,750,3498,16,54,1468,1472,global-hamiltonian-32-layer:block-hamiltonian,0.002717391304347826,65,0.05219977616065722,0.9946666666666667,0.22767371336814082,0.9654088050314465,0.5453932285308838,f82d665edc1f046e05be0c503bf149ae1d15138a,False
complete,pendigits,pendigits__dyn__classical-raw-data__mlp__raw__lr0.01__seed18,results/runs/classical_baseline/pendigits/pendigits__dyn__classical-raw-data__mlp__raw__lr0.01__seed18.json,pendigits,dyn,raw-data,mlp,raw,raw_values,18,0,0.01,2000,32,True,6744,750,3498,16,54,1468,1472,global-hamiltonian-32-layer:block-hamiltonian,0.002717391304347826,71,0.036580372438771595,0.9933333333333333,0.20782256505541652,0.9665523156089194,0.5767631530761719,f82d665edc1f046e05be0c503bf149ae1d15138a,False
complete,pendigits,pendigits__dyn__classical-raw-data__mlp__raw__lr0.01__seed19,results/runs/classical_baseline/pendigits/pendigits__dyn__classical-raw-data__mlp__raw__lr0.01__seed19.json,pendigits,dyn,raw-data,mlp,raw,raw_values,19,0,0.01,2000,32,True,6744,750,3498,16,54,1468,1472,global-hamiltonian-32-layer:block-hamiltonian,0.002717391304347826,70,0.04945739576289743,0.9893333333333333,0.20272119518753634,0.9699828473413379,0.5722110271453857,f82d665edc1f046e05be0c503bf149ae1d15138a,False
complete,pendigits,pendigits__dyn__classical-raw-data__mlp__raw__lr0.01__seed2,results/runs/classical_baseline/pendigits/pendigits__dyn__classical-raw-data__mlp__raw__lr0.01__seed2.json,pendigits,dyn,raw-data,mlp,raw,raw_values,2,0,0.01,2000,32,True,6744,750,3498,16,54,1468,1472,global-hamiltonian-32-layer:block-hamiltonian,0.002717391304347826,91,0.05087598567266789,0.996,0.2914215278296057,0.967409948542024,0.7251780033111572,f82d665edc1f046e05be0c503bf149ae1d15138a,False
complete,pendigits,pendigits__dyn__classical-raw-data__mlp__raw__lr0.01__seed3,results/runs/classical_baseline/pendigits/pendigits__dyn__classical-raw-data__mlp__raw__lr0.01__seed3.json,pendigits,dyn,raw-data,mlp,raw,raw_values,3,0,0.01,2000,32,True,6744,750,3498,16,54,1468,1472,global-hamiltonian-32-layer:block-hamiltonian,0.002717391304347826,68,0.04274013871373008,0.9933333333333333,0.272604017086215,0.9654088050314465,0.5603864192962646,f82d665edc1f046e05be0c503bf149ae1d15138a,False
complete,pendigits,pendigits__dyn__classical-raw-data__mlp__raw__lr0.01__seed4,results/runs/classical_baseline/pendigits/pendigits__dyn__classical-raw-data__mlp__raw__lr0.01__seed4.json,pendigits,dyn,raw-data,mlp,raw,raw_values,4,0,0.01,2000,32,True,6744,750,3498,16,54,1468,1472,global-hamiltonian-32-layer:block-hamiltonian,0.002717391304347826,63,0.054001938315193766,0.9906666666666667,0.17822205811596517,0.9722698684962836,0.5296506881713867,f82d665edc1f046e05be0c503bf149ae1d15138a,False
complete,pendigits,pendigits__dyn__classical-raw-data__mlp__raw__lr0.01__seed5,results/runs/classical_baseline/pendigits/pendigits__dyn__classical-raw-data__mlp__raw__lr0.01__seed5.json,pendigits,dyn,raw-data,mlp,raw,raw_values,5,0,0.01,2000,32,True,6744,750,3498,16,54,1468,1472,global-hamiltonian-32-layer:block-hamiltonian,0.002717391304347826,67,0.04937098887013449,0.9933333333333333,0.22202512138804636,0.9665523156089194,0.5570254325866699,f82d665edc1f046e05be0c503bf149ae1d15138a,False
complete,pendigits,pendigits__dyn__classical-raw-data__mlp__raw__lr0.01__seed6,results/runs/classical_baseline/pendigits/pendigits__dyn__classical-raw-data__mlp__raw__lr0.01__seed6.json,pendigits,dyn,raw-data,mlp,raw,raw_values,6,0,0.01,2000,32,True,6744,750,3498,16,54,1468,1472,global-hamiltonian-32-layer:block-hamiltonian,0.002717391304347826,83,0.0722764590056281,0.9906666666666667,0.23002095560188324,0.9705546026300743,0.676910400390625,f82d665edc1f046e05be0c503bf149ae1d15138a,False
complete,pendigits,pendigits__dyn__classical-raw-data__mlp__raw__lr0.01__seed7,results/runs/classical_baseline/pendigits/pendigits__dyn__classical-raw-data__mlp__raw__lr0.01__seed7.json,pendigits,dyn,raw-data,mlp,raw,raw_values,7,0,0.01,2000,32,True,6744,750,3498,16,54,1468,1472,global-hamiltonian-32-layer:block-hamiltonian,0.002717391304347826,89,0.05374099154792339,0.9933333333333333,0.2814566751274541,0.9699828473413379,0.6904964447021484,f82d665edc1f046e05be0c503bf149ae1d15138a,False
complete,pendigits,pendigits__dyn__classical-raw-data__mlp__raw__lr0.01__seed8,results/runs/classical_baseline/pendigits/pendigits__dyn__classical-raw-data__mlp__raw__lr0.01__seed8.json,pendigits,dyn,raw-data,mlp,raw,raw_values,8,0,0.01,2000,32,True,6744,750,3498,16,54,1468,1472,global-hamiltonian-32-layer:block-hamiltonian,0.002717391304347826,69,0.05131209289226742,0.9906666666666667,0.22431440394524074,0.968839336763865,0.5772964954376221,f82d665edc1f046e05be0c503bf149ae1d15138a,False
complete,pendigits,pendigits__dyn__classical-raw-data__mlp__raw__lr0.01__seed9,results/runs/classical_baseline/pendigits/pendigits__dyn__classical-raw-data__mlp__raw__lr0.01__seed9.json,pendigits,dyn,raw-data,mlp,raw,raw_values,9,0,0.01,2000,32,True,6744,750,3498,16,54,1468,1472,global-hamiltonian-32-layer:block-hamiltonian,0.002717391304347826,91,0.054925014596835256,0.9933333333333333,0.2530677103892459,0.9656946826758147,0.7201399803161621,f82d665edc1f046e05be0c503bf149ae1d15138a,False
complete,pendigits,pendigits__dyn__classical-symmetric-hamiltonian__mlp__values__lr0.01__seed0,results/runs/classical_baseline/pendigits/pendigits__dyn__classical-symmetric-hamiltonian__mlp__values__lr0.01__seed0.json,pendigits,dyn,symmetric-hamiltonian,mlp,values,eigenvalues,0,0,0.01,2000,32,True,6744,750,3498,8,77,1473,1472,global-hamiltonian-32-layer:symmetric-hamiltonian,0.0006793478260869565,112,0.9214021286189139,0.6853333333333333,1.2335210868647741,0.6003430531732419,1.4566230773925781,f82d665edc1f046e05be0c503bf149ae1d15138a,False
complete,pendigits,pendigits__dyn__classical-symmetric-hamiltonian__mlp__values__lr0.01__seed1,results/runs/classical_baseline/pendigits/pendigits__dyn__classical-symmetric-hamiltonian__mlp__values__lr0.01__seed1.json,pendigits,dyn,symmetric-hamiltonian,mlp,values,eigenvalues,1,0,0.01,2000,32,True,6744,750,3498,8,77,1473,1472,global-hamiltonian-32-layer:symmetric-hamiltonian,0.0006793478260869565,137,0.9502632773603206,0.6706666666666666,1.219405747479065,0.6017724413950829,1.6590259075164795,f82d665edc1f046e05be0c503bf149ae1d15138a,False
complete,pendigits,pendigits__dyn__classical-symmetric-hamiltonian__mlp__values__lr0.01__seed10,results/runs/classical_baseline/pendigits/pendigits__dyn__classical-symmetric-hamiltonian__mlp__values__lr0.01__seed10.json,pendigits,dyn,symmetric-hamiltonian,mlp,values,eigenvalues,10,0,0.01,2000,32,True,6744,750,3498,8,77,1473,1472,global-hamiltonian-32-layer:symmetric-hamiltonian,0.0006793478260869565,135,0.9259579092621492,0.668,1.218074397135192,0.6069182389937107,1.6235015392303467,f82d665edc1f046e05be0c503bf149ae1d15138a,False
complete,pendigits,pendigits__dyn__classical-symmetric-hamiltonian__mlp__values__lr0.01__seed11,results/runs/classical_baseline/pendigits/pendigits__dyn__classical-symmetric-hamiltonian__mlp__values__lr0.01__seed11.json,pendigits,dyn,symmetric-hamiltonian,mlp,values,eigenvalues,11,0,0.01,2000,32,True,6744,750,3498,8,77,1473,1472,global-hamiltonian-32-layer:symmetric-hamiltonian,0.0006793478260869565,145,0.9420153501959274,0.672,1.2516235256802488,0.599199542595769,1.705155372619629,f82d665edc1f046e05be0c503bf149ae1d15138a,False
complete,pendigits,pendigits__dyn__classical-symmetric-hamiltonian__mlp__values__lr0.01__seed12,results/runs/classical_baseline/pendigits/pendigits__dyn__classical-symmetric-hamiltonian__mlp__values__lr0.01__seed12.json,pendigits,dyn,symmetric-hamiltonian,mlp,values,eigenvalues,12,0,0.01,2000,32,True,6744,750,3498,8,77,1473,1472,global-hamiltonian-32-layer:symmetric-hamiltonian,0.0006793478260869565,129,0.9374082932629929,0.684,1.205754927131234,0.6029159519725558,1.5934932231903076,f82d665edc1f046e05be0c503bf149ae1d15138a,False
complete,pendigits,pendigits__dyn__classical-symmetric-hamiltonian__mlp__values__lr0.01__seed13,results/runs/classical_baseline/pendigits/pendigits__dyn__classical-symmetric-hamiltonian__mlp__values__lr0.01__seed13.json,pendigits,dyn,symmetric-hamiltonian,mlp,values,eigenvalues,13,0,0.01,2000,32,True,6744,750,3498,8,77,1473,1472,global-hamiltonian-32-layer:symmetric-hamiltonian,0.0006793478260869565,178,0.9372106206360683,0.6826666666666666,1.2168284003059535,0.6092052601486564,1.9734165668487549,f82d665edc1f046e05be0c503bf149ae1d15138a,False
complete,pendigits,pendigits__dyn__classical-symmetric-hamiltonian__mlp__values__lr0.01__seed14,results/runs/classical_baseline/pendigits/pendigits__dyn__classical-symmetric-hamiltonian__mlp__values__lr0.01__seed14.json,pendigits,dyn,symmetric-hamiltonian,mlp,values,eigenvalues,14,0,0.01,2000,32,True,6744,750,3498,8,77,1473,1472,global-hamiltonian-32-layer:symmetric-hamiltonian,0.0006793478260869565,154,0.9711112259823885,0.6413333333333333,1.2674451232411508,0.592338479130932,1.7774701118469238,f82d665edc1f046e05be0c503bf149ae1d15138a,False
complete,pendigits,pendigits__dyn__classical-symmetric-hamiltonian__mlp__values__lr0.01__seed15,results/runs/classical_baseline/pendigits/pendigits__dyn__classical-symmetric-hamiltonian__mlp__values__lr0.01__seed15.json,pendigits,dyn,symmetric-hamiltonian,mlp,values,eigenvalues,15,0,0.01,2000,32,True,6744,750,3498,8,77,1473,1472,global-hamiltonian-32-layer:symmetric-hamiltonian,0.0006793478260869565,146,0.9338616614689905,0.664,1.2937940499742753,0.5863350485991995,1.7451095581054688,f82d665edc1f046e05be0c503bf149ae1d15138a,False
complete,pendigits,pendigits__dyn__classical-symmetric-hamiltonian__mlp__values__lr0.01__seed16,results/runs/classical_baseline/pendigits/pendigits__dyn__classical-symmetric-hamiltonian__mlp__values__lr0.01__seed16.json,pendigits,dyn,symmetric-hamiltonian,mlp,values,eigenvalues,16,0,0.01,2000,32,True,6744,750,3498,8,77,1473,1472,global-hamiltonian-32-layer:symmetric-hamiltonian,0.0006793478260869565,133,0.9581761175903544,0.6666666666666666,1.2318654416585928,0.5986277873070326,1.6126110553741455,f82d665edc1f046e05be0c503bf149ae1d15138a,False
complete,pendigits,pendigits__dyn__classical-symmetric-hamiltonian__mlp__values__lr0.01__seed17,results/runs/classical_baseline/pendigits/pendigits__dyn__classical-symmetric-hamiltonian__mlp__values__lr0.01__seed17.json,pendigits,dyn,symmetric-hamiltonian,mlp,values,eigenvalues,17,0,0.01,2000,32,True,6744,750,3498,8,77,1473,1472,global-hamiltonian-32-layer:symmetric-hamiltonian,0.0006793478260869565,101,0.9370708735894523,0.684,1.228492126318729,0.5969125214408233,1.3663840293884277,f82d665edc1f046e05be0c503bf149ae1d15138a,False
complete,pendigits,pendigits__dyn__classical-symmetric-hamiltonian__mlp__values__lr0.01__seed18,results/runs/classical_baseline/pendigits/pendigits__dyn__classical-symmetric-hamiltonian__mlp__values__lr0.01__seed18.json,pendigits,dyn,symmetric-hamiltonian,mlp,values,eigenvalues,18,0,0.01,2000,32,True,6744,750,3498,8,77,1473,1472,global-hamiltonian-32-layer:symmetric-hamiltonian,0.0006793478260869565,111,0.9423394260100931,0.6586666666666666,1.1910859518191734,0.6077758719268154,1.4512519836425781,f82d665edc1f046e05be0c503bf149ae1d15138a,False
complete,pendigits,pendigits__dyn__classical-symmetric-hamiltonian__mlp__values__lr0.01__seed19,results/runs/classical_baseline/pendigits/pendigits__dyn__classical-symmetric-hamiltonian__mlp__values__lr0.01__seed19.json,pendigits,dyn,symmetric-hamiltonian,mlp,values,eigenvalues,19,0,0.01,2000,32,True,6744,750,3498,8,77,1473,1472,global-hamiltonian-32-layer:symmetric-hamiltonian,0.0006793478260869565,152,0.9250136952540763,0.684,1.2444242312769345,0.6014865637507147,1.7746787071228027,f82d665edc1f046e05be0c503bf149ae1d15138a,False
complete,pendigits,pendigits__dyn__classical-symmetric-hamiltonian__mlp__values__lr0.01__seed2,results/runs/classical_baseline/pendigits/pendigits__dyn__classical-symmetric-hamiltonian__mlp__values__lr0.01__seed2.json,pendigits,dyn,symmetric-hamiltonian,mlp,values,eigenvalues,2,0,0.01,2000,32,True,6744,750,3498,8,77,1473,1472,global-hamiltonian-32-layer:symmetric-hamiltonian,0.0006793478260869565,194,1.0059835755530413,0.6613333333333333,1.270504239494551,0.5931961120640366,2.0720956325531006,f82d665edc1f046e05be0c503bf149ae1d15138a,False
complete,pendigits,pendigits__dyn__classical-symmetric-hamiltonian__mlp__values__lr0.01__seed3,results/runs/classical_baseline/pendigits/pendigits__dyn__classical-symmetric-hamiltonian__mlp__values__lr0.01__seed3.json,pendigits,dyn,symmetric-hamiltonian,mlp,values,eigenvalues,3,0,0.01,2000,32,True,6744,750,3498,8,77,1473,1472,global-hamiltonian-32-layer:symmetric-hamiltonian,0.0006793478260869565,128,0.945178067428988,0.672,1.2553985954236149,0.5897655803316181,1.5793325901031494,f82d665edc1f046e05be0c503bf149ae1d15138a,False
complete,pendigits,pendigits__dyn__classical-symmetric-hamiltonian__mlp__values__lr0.01__seed4,results/runs/classical_baseline/pendigits/pendigits__dyn__classical-symmetric-hamiltonian__mlp__values__lr0.01__seed4.json,pendigits,dyn,symmetric-hamiltonian,mlp,values,eigenvalues,4,0,0.01,2000,32,True,6744,750,3498,8,77,1473,1472,global-hamiltonian-32-layer:symmetric-hamiltonian,0.0006793478260869565,161,0.9842354329404129,0.66,1.2522524753252398,0.5963407661520869,1.8364384174346924,f82d665edc1f046e05be0c503bf149ae1d15138a,False
complete,pendigits,pendigits__dyn__classical-symmetric-hamiltonian__mlp__values__lr0.01__seed5,results/runs/classical_baseline/pendigits/pendigits__dyn__classical-symmetric-hamiltonian__mlp__values__lr0.01__seed5.json,pendigits,dyn,symmetric-hamiltonian,mlp,values,eigenvalues,5,0,0.01,2000,32,True,6744,750,3498,8,77,1473,1472,global-hamiltonian-32-layer:symmetric-hamiltonian,0.0006793478260869565,111,0.9367692159231823,0.6773333333333333,1.225771597120845,0.6066323613493425,1.4539361000061035,f82d665edc1f046e05be0c503bf149ae1d15138a,False
complete,pendigits,pendigits__dyn__classical-symmetric-hamiltonian__mlp__values__lr0.01__seed6,results/runs/classical_baseline/pendigits/pendigits__dyn__classical-symmetric-hamiltonian__mlp__values__lr0.01__seed6.json,pendigits,dyn,symmetric-hamiltonian,mlp,values,eigenvalues,6,0,0.01,2000,32,True,6744,750,3498,8,77,1473,1472,global-hamiltonian-32-layer:symmetric-hamiltonian,0.0006793478260869565,110,0.9601831478610532,0.6706666666666666,1.2066076852355918,0.6034877072612922,1.4431285858154297,f82d665edc1f046e05be0c503bf149ae1d15138a,False
complete,pendigits,pendigits__dyn__classical-symmetric-hamiltonian__mlp__values__lr0.01__seed7,results/runs/classical_baseline/pendigits/pendigits__dyn__classical-symmetric-hamiltonian__mlp__values__lr0.01__seed7.json,pendigits,dyn,symmetric-hamiltonian,mlp,values,eigenvalues,7,0,0.01,2000,32,True,6744,750,3498,8,77,1473,1472,global-hamiltonian-32-layer:symmetric-hamiltonian,0.0006793478260869565,183,0.944472633107725,0.6586666666666666,1.2510812143836814,0.6000571755288736,1.9991207122802734,f82d665edc1f046e05be0c503bf149ae1d15138a,False
complete,pendigits,pendigits__dyn__classical-symmetric-hamiltonian__mlp__values__lr0.01__seed8,results/runs/classical_baseline/pendigits/pendigits__dyn__classical-symmetric-hamiltonian__mlp__values__lr0.01__seed8.json,pendigits,dyn,symmetric-hamiltonian,mlp,values,eigenvalues,8,0,0.01,2000,32,True,6744,750,3498,8,77,1473,1472,global-hamiltonian-32-layer:symmetric-hamiltonian,0.0006793478260869565,145,0.9374991429443998,0.668,1.2112201118548385,0.599199542595769,1.7118644714355469,f82d665edc1f046e05be0c503bf149ae1d15138a,False
complete,pendigits,pendigits__dyn__classical-symmetric-hamiltonian__mlp__values__lr0.01__seed9,results/runs/classical_baseline/pendigits/pendigits__dyn__classical-symmetric-hamiltonian__mlp__values__lr0.01__seed9.json,pendigits,dyn,symmetric-hamiltonian,mlp,values,eigenvalues,9,0,0.01,2000,32,True,6744,750,3498,8,77,1473,1472,global-hamiltonian-32-layer:symmetric-hamiltonian,0.0006793478260869565,134,0.9573149982574541,0.664,1.245749025095363,0.6032018296169239,1.6363332271575928,f82d665edc1f046e05be0c503bf149ae1d15138a,False
complete,pendigits,pendigits__sta4__classical-block-hamiltonian__mlp__values__lr0.01__seed0,results/runs/classical_baseline/pendigits/pendigits__sta4__classical-block-hamiltonian__mlp__values__lr0.01__seed0.json,pendigits,sta4,block-hamiltonian,mlp,values,singular_values,0,0,0.01,2000,32,True,6744,750,3498,4,97,1465,1472,global-hamiltonian-32-layer:block-hamiltonian,0.004755434782608696,130,1.9242669882209271,0.32133333333333336,1.9703839095756985,0.31189251000571755,1.3389086723327637,f82d665edc1f046e05be0c503bf149ae1d15138a,False
complete,pendigits,pendigits__sta4__classical-block-hamiltonian__mlp__values__lr0.01__seed1,results/runs/classical_baseline/pendigits/pendigits__sta4__classical-block-hamiltonian__mlp__values__lr0.01__seed1.json,pendigits,sta4,block-hamiltonian,mlp,values,singular_values,1,0,0.01,2000,32,True,6744,750,3498,4,97,1465,1472,global-hamiltonian-32-layer:block-hamiltonian,0.004755434782608696,159,1.921761291135421,0.31333333333333335,1.9638211304566102,0.3021726700971984,1.582108974456787,f82d665edc1f046e05be0c503bf149ae1d15138a,False
complete,pendigits,pendigits__sta4__classical-block-hamiltonian__mlp__values__lr0.01__seed10,results/runs/classical_baseline/pendigits/pendigits__sta4__classical-block-hamiltonian__mlp__values__lr0.01__seed10.json,pendigits,sta4,block-hamiltonian,mlp,values,singular_values,10,0,0.01,2000,32,True,6744,750,3498,4,97,1465,1472,global-hamiltonian-32-layer:block-hamiltonian,0.004755434782608696,115,1.9146264226180805,0.32666666666666666,1.9712990949115274,0.30417381360777584,1.2236552238464355,f82d665edc1f046e05be0c503bf149ae1d15138a,False
complete,pendigits,pendigits__sta4__classical-block-hamiltonian__mlp__values__lr0.01__seed11,results/runs/classical_baseline/pendigits/pendigits__sta4__classical-block-hamiltonian__mlp__values__lr0.01__seed11.json,pendigits,sta4,block-hamiltonian,mlp,values,singular_values,11,0,0.01,2000,32,True,6744,750,3498,4,97,1465,1472,global-hamiltonian-32-layer:block-hamiltonian,0.004755434782608696,129,1.9423248133083326,0.30533333333333335,1.987117475572253,0.3053173241852487,1.357114553451538,f82d665edc1f046e05be0c503bf149ae1d15138a,False
complete,pendigits,pendigits__sta4__classical-block-hamiltonian__mlp__values__lr0.01__seed12,results/runs/classical_baseline/pendigits/pendigits__sta4__classical-block-hamiltonian__mlp__values__lr0.01__seed12.json,pendigits,sta4,block-hamiltonian,mlp,values,singular_values,12,0,0.01,2000,32,True,6744,750,3498,4,97,1465,1472,global-hamiltonian-32-layer:block-hamiltonian,0.004755434782608696,118,1.9170555599570325,0.31066666666666665,1.9654439474359016,0.3050314465408805,1.2847516536712646,f82d665edc1f046e05be0c503bf149ae1d15138a,False
complete,pendigits,pendigits__sta4__classical-block-hamiltonian__mlp__values__lr0.01__seed13,results/runs/classical_baseline/pendigits/pendigits__sta4__classical-block-hamiltonian__mlp__values__lr0.01__seed13.json,pendigits,sta4,block-hamiltonian,mlp,values,singular_values,13,0,0.01,2000,32,True,6744,750,3498,4,97,1465,1472,global-hamiltonian-32-layer:block-hamiltonian,0.004755434782608696,100,1.9066504585290471,0.32266666666666666,1.9582958208958308,0.30331618067467125,1.0828638076782227,f82d665edc1f046e05be0c503bf149ae1d15138a,False
complete,pendigits,pendigits__sta4__classical-block-hamiltonian__mlp__values__lr0.01__seed14,results/runs/classical_baseline/pendigits/pendigits__sta4__classical-block-hamiltonian__mlp__values__lr0.01__seed14.json,pendigits,sta4,block-hamiltonian,mlp,values,singular_values,14,0,0.01,2000,32,True,6744,750,3498,4,97,1465,1472,global-hamiltonian-32-layer:block-hamiltonian,0.004755434782608696,157,1.9212121116162155,0.30266666666666664,1.9634534481373898,0.3053173241852487,1.566694974899292,f82d665edc1f046e05be0c503bf149ae1d15138a,False
complete,pendigits,pendigits__sta4__classical-block-hamiltonian__mlp__values__lr0.01__seed15,results/runs/classical_baseline/pendigits/pendigits__sta4__classical-block-hamiltonian__mlp__values__lr0.01__seed15.json,pendigits,sta4,block-hamiltonian,mlp,values,singular_values,15,0,0.01,2000,32,True,6744,750,3498,4,97,1465,1472,global-hamiltonian-32-layer:block-hamiltonian,0.004755434782608696,155,1.9272965589378963,0.30133333333333334,1.9760033398128594,0.2995997712978845,1.535248041152954,f82d665edc1f046e05be0c503bf149ae1d15138a,False
complete,pendigits,pendigits__sta4__classical-block-hamiltonian__mlp__values__lr0.01__seed16,results/runs/classical_baseline/pendigits/pendigits__sta4__classical-block-hamiltonian__mlp__values__lr0.01__seed16.json,pendigits,sta4,block-hamiltonian,mlp,values,singular_values,16,0,0.01,2000,32,True,6744,750,3498,4,97,1465,1472,global-hamiltonian-32-layer:block-hamiltonian,0.004755434782608696,92,1.9043745207744662,0.31866666666666665,1.9671368892340342,0.30417381360777584,1.0520000457763672,f82d665edc1f046e05be0c503bf149ae1d15138a,False
complete,pendigits,pendigits__sta4__classical-block-hamiltonian__mlp__values__lr0.01__seed17,results/runs/classical_baseline/pendigits/pendigits__sta4__classical-block-hamiltonian__mlp__values__lr0.01__seed17.json,pendigits,sta4,block-hamiltonian,mlp,values,singular_values,17,0,0.01,2000,32,True,6744,750,3498,4,97,1465,1472,global-hamiltonian-32-layer:block-hamiltonian,0.004755434782608696,142,1.922596175795388,0.29733333333333334,1.9693214785202935,0.30360205831903947,1.4329392910003662,f82d665edc1f046e05be0c503bf149ae1d15138a,False
complete,pendigits,pendigits__sta4__classical-block-hamiltonian__mlp__values__lr0.01__seed18,results/runs/classical_baseline/pendigits/pendigits__sta4__classical-block-hamiltonian__mlp__values__lr0.01__seed18.json,pendigits,sta4,block-hamiltonian,mlp,values,singular_values,18,0,0.01,2000,32,True,6744,750,3498,4,97,1465,1472,global-hamiltonian-32-layer:block-hamiltonian,0.004755434782608696,152,1.9264523349874276,0.31333333333333335,1.9791054703603228,0.29531160663236133,1.5413644313812256,f82d665edc1f046e05be0c503bf149ae1d15138a,False
complete,pendigits,pendigits__sta4__classical-block-hamiltonian__mlp__values__lr0.01__seed19,results/runs/classical_baseline/pendigits/pendigits__sta4__classical-block-hamiltonian__mlp__values__lr0.01__seed19.json,pendigits,sta4,block-hamiltonian,mlp,values,singular_values,19,0,0.01,2000,32,True,6744,750,3498,4,97,1465,1472,global-hamiltonian-32-layer:block-hamiltonian,0.004755434782608696,81,1.9053951969645355,0.33066666666666666,1.955213410203317,0.2990280160091481,0.9607017040252686,f82d665edc1f046e05be0c503bf149ae1d15138a,False
complete,pendigits,pendigits__sta4__classical-block-hamiltonian__mlp__values__lr0.01__seed2,results/runs/classical_baseline/pendigits/pendigits__sta4__classical-block-hamiltonian__mlp__values__lr0.01__seed2.json,pendigits,sta4,block-hamiltonian,mlp,values,singular_values,2,0,0.01,2000,32,True,6744,750,3498,4,97,1465,1472,global-hamiltonian-32-layer:block-hamiltonian,0.004755434782608696,85,1.9013947959186976,0.31866666666666665,1.9546592736582462,0.31160663236134933,1.0063138008117676,f82d665edc1f046e05be0c503bf149ae1d15138a,False
complete,pendigits,pendigits__sta4__classical-block-hamiltonian__mlp__values__lr0.01__seed3,results/runs/classical_baseline/pendigits/pendigits__sta4__classical-block-hamiltonian__mlp__values__lr0.01__seed3.json,pendigits,sta4,block-hamiltonian,mlp,values,singular_values,3,0,0.01,2000,32,True,6744,750,3498,4,97,1465,1472,global-hamiltonian-32-layer:block-hamiltonian,0.004755434782608696,144,1.9196835659354508,0.2986666666666667,1.9768230123406803,0.30588907947398514,1.450103759765625,f82d665edc1f046e05be0c503bf149ae1d15138a,False
complete,pendigits,pendigits__sta4__classical-block-hamiltonian__mlp__values__lr0.01__seed4,results/runs/classical_baseline/pendigits/pendigits__sta4__classical-block-hamiltonian__mlp__values__lr0.01__seed4.json,pendigits,sta4,block-hamiltonian,mlp,values,singular_values,4,0,0.01,2000,32,True,6744,750,3498,4,97,1465,1472,global-hamiltonian-32-layer:block-hamiltonian,0.004755434782608696,126,1.9119989000551565,0.324,1.9713257091826324,0.3067467124070898,1.3112893104553223,f82d665edc1f046e05be0c503bf149ae1d15138a,False
complete,pendigits,pendigits__sta4__classical-block-hamiltonian__mlp__values__lr0.01__seed5,results/runs/classical_baseline/pendigits/pendigits__sta4__classical-block-hamiltonian__mlp__values__lr0.01__seed5.json,pendigits,sta4,block-hamiltonian,mlp,values,singular_values,5,0,0.01,2000,32,True,6744,750,3498,4,97,1465,1472,global-hamiltonian-32-layer:block-hamiltonian,0.004755434782608696,113,1.93379623469174,0.30266666666666664,1.970892327523679,0.3110348770726129,1.2087855339050293,f82d665edc1f046e05be0c503bf149ae1d15138a,False
complete,pendigits,pendigits__sta4__classical-block-hamiltonian__mlp__values__lr0.01__seed6,results/runs/classical_baseline/pendigits/pendigits__sta4__classical-block-hamiltonian__mlp__values__lr0.01__seed6.json,pendigits,sta4,block-hamiltonian,mlp,values,singular_values,6,0,0.01,2000,32,True,6744,750,3498,4,97,1465,1472,global-hamiltonian-32-layer:block-hamiltonian,0.004755434782608696,90,1.9152697112365455,0.32666666666666666,1.9743542882519662,0.3127501429388222,1.0314018726348877,f82d665edc1f046e05be0c503bf149ae1d15138a,False
complete,pendigits,pendigits__sta4__classical-block-hamiltonian__mlp__values__lr0.01__seed7,results/runs/classical_baseline/pendigits/pendigits__sta4__classical-block-hamiltonian__mlp__values__lr0.01__seed7.json,pendigits,sta4,block-hamiltonian,mlp,values,singular_values,7,0,0.01,2000,32,True,6744,750,3498,4,97,1465,1472,global-hamiltonian-32-layer:block-hamiltonian,0.004755434782608696,92,1.9207716162932313,0.31866666666666665,1.9436781253066389,0.3096054888507719,1.0371994972229004,f82d665edc1f046e05be0c503bf149ae1d15138a,False
complete,pendigits,pendigits__sta4__classical-block-hamiltonian__mlp__values__lr0.01__seed8,results/runs/classical_baseline/pendigits/pendigits__sta4__classical-block-hamiltonian__mlp__values__lr0.01__seed8.json,pendigits,sta4,block-hamiltonian,mlp,values,singular_values,8,0,0.01,2000,32,True,6744,750,3498,4,97,1465,1472,global-hamiltonian-32-layer:block-hamiltonian,0.004755434782608696,104,1.9330865789276184,0.312,1.961559634076979,0.3098913664951401,1.1409144401550293,f82d665edc1f046e05be0c503bf149ae1d15138a,False
complete,pendigits,pendigits__sta4__classical-block-hamiltonian__mlp__values__lr0.01__seed9,results/runs/classical_baseline/pendigits/pendigits__sta4__classical-block-hamiltonian__mlp__values__lr0.01__seed9.json,pendigits,sta4,block-hamiltonian,mlp,values,singular_values,9,0,0.01,2000,32,True,6744,750,3498,4,97,1465,1472,global-hamiltonian-32-layer:block-hamiltonian,0.004755434782608696,105,1.9267126877551606,0.31333333333333335,1.9356330945343634,0.3170383076043453,1.1252331733703613,f82d665edc1f046e05be0c503bf149ae1d15138a,False
complete,pendigits,pendigits__sta4__classical-raw-data__mlp__raw__lr0.01__seed0,results/runs/classical_baseline/pendigits/pendigits__sta4__classical-raw-data__mlp__raw__lr0.01__seed0.json,pendigits,sta4,raw-data,mlp,raw,raw_values,0,0,0.01,2000,32,True,6744,750,3498,16,54,1468,1472,global-hamiltonian-32-layer:block-hamiltonian,0.002717391304347826,126,0.26897076695937155,0.9546666666666667,0.645336639806426,0.9159519725557461,0.9796633720397949,f82d665edc1f046e05be0c503bf149ae1d15138a,False
complete,pendigits,pendigits__sta4__classical-raw-data__mlp__raw__lr0.01__seed1,results/runs/classical_baseline/pendigits/pendigits__sta4__classical-raw-data__mlp__raw__lr0.01__seed1.json,pendigits,sta4,raw-data,mlp,raw,raw_values,1,0,0.01,2000,32,True,6744,750,3498,16,54,1468,1472,global-hamiltonian-32-layer:block-hamiltonian,0.002717391304347826,126,0.23386069784530392,0.952,0.6310612016938025,0.917095483133219,0.9702284336090088,f82d665edc1f046e05be0c503bf149ae1d15138a,False
complete,pendigits,pendigits__sta4__classical-raw-data__mlp__raw__lr0.01__seed10,results/runs/classical_baseline/pendigits/pendigits__sta4__classical-raw-data__mlp__raw__lr0.01__seed10.json,pendigits,sta4,raw-data,mlp,raw,raw_values,10,0,0.01,2000,32,True,6744,750,3498,16,54,1468,1472,global-hamiltonian-32-layer:block-hamiltonian,0.002717391304347826,98,0.20256175534009155,0.9506666666666667,0.5869835735001598,0.9090909090909091,0.778418779373169,f82d665edc1f046e05be0c503bf149ae1d15138a,False
complete,pendigits,pendigits__sta4__classical-raw-data__mlp__raw__lr0.01__seed11,results/runs/classical_baseline/pendigits/pendigits__sta4__classical-raw-data__mlp__raw__lr0.01__seed11.json,pendigits,sta4,raw-data,mlp,raw,raw_values,11,0,0.01,2000,32,True,6744,750,3498,16,54,1468,1472,global-hamiltonian-32-layer:block-hamiltonian,0.002717391304347826,130,0.2304156913204345,0.9586666666666667,0.6120119668903041,0.9153802172670097,1.0046894550323486,f82d665edc1f046e05be0c503bf149ae1d15138a,False
complete,pendigits,pendigits__sta4__classical-raw-data__mlp__raw__lr0.01__seed12,results/runs/classical_baseline/pendigits/pendigits__sta4__classical-raw-data__mlp__raw__lr0.01__seed12.json,pendigits,sta4,raw-data,mlp,raw,raw_values,12,0,0.01,2000,32,True,6744,750,3498,16,54,1468,1472,global-hamiltonian-32-layer:block-hamiltonian,0.002717391304347826,105,0.23264059168802623,0.9573333333333334,0.6266596305586742,0.9053744997141223,0.8326089382171631,f82d665edc1f046e05be0c503bf149ae1d15138a,False
complete,pendigits,pendigits__sta4__classical-raw-data__mlp__raw__lr0.01__seed13,results/runs/classical_baseline/pendigits/pendigits__sta4__classical-raw-data__mlp__raw__lr0.01__seed13.json,pendigits,sta4,raw-data,mlp,raw,raw_values,13,0,0.01,2000,32,True,6744,750,3498,16,54,1468,1472,global-hamiltonian-32-layer:block-hamiltonian,0.002717391304347826,98,0.19764457897084542,0.9573333333333334,0.49890779289624565,0.9168096054888508,0.7837998867034912,f82d665edc1f046e05be0c503bf149ae1d15138a,False
complete,pendigits,pendigits__sta4__classical-raw-data__mlp__raw__lr0.01__seed14,results/runs/classical_baseline/pendigits/pendigits__sta4__classical-raw-data__mlp__raw__lr0.01__seed14.json,pendigits,sta4,raw-data,mlp,raw,raw_values,14,0,0.01,2000,32,True,6744,750,3498,16,54,1468,1472,global-hamiltonian-32-layer:block-hamiltonian,0.002717391304347826,126,0.21700527181488982,0.9493333333333334,0.6342038796281778,0.9090909090909091,0.9795036315917969,f82d665edc1f046e05be0c503bf149ae1d15138a,False
complete,pendigits,pendigits__sta4__classical-raw-data__mlp__raw__lr0.01__seed15,results/runs/classical_baseline/pendigits/pendigits__sta4__classical-raw-data__mlp__raw__lr0.01__seed15.json,pendigits,sta4,raw-data,mlp,raw,raw_values,15,0,0.01,2000,32,True,6744,750,3498,16,54,1468,1472,global-hamiltonian-32-layer:block-hamiltonian,0.002717391304347826,100,0.17088468459177925,0.9573333333333334,0.5561949644401651,0.9099485420240138,0.7960855960845947,f82d665edc1f046e05be0c503bf149ae1d15138a,False
complete,pendigits,pendigits__sta4__classical-raw-data__mlp__raw__lr0.01__seed16,results/runs/classical_baseline/pendigits/pendigits__sta4__classical-raw-data__mlp__raw__lr0.01__seed16.json,pendigits,sta4,raw-data,mlp,raw,raw_values,16,0,0.01,2000,32,True,6744,750,3498,16,54,1468,1472,global-hamiltonian-32-layer:block-hamiltonian,0.002717391304347826,146,0.3299677310212135,0.9506666666666667,0.7014572648115014,0.9108061749571184,1.1192634105682373,f82d665edc1f046e05be0c503bf149ae1d15138a,False
complete,pendigits,pendigits__sta4__classical-raw-data__mlp__raw__lr0.01__seed17,results/runs/classical_baseline/pendigits/pendigits__sta4__classical-raw-data__mlp__raw__lr0.01__seed17.json,pendigits,sta4,raw-data,mlp,raw,raw_values,17,0,0.01,2000,32,True,6744,750,3498,16,54,1468,1472,global-hamiltonian-32-layer:block-hamiltonian,0.002717391304347826,101,0.16242424312996123,0.9573333333333334,0.5288480657652228,0.9122355631789594,0.7988526821136475,f82d665edc1f046e05be0c503bf149ae1d15138a,False
complete,pendigits,pendigits__sta4__classical-raw-data__mlp__raw__lr0.01__seed18,results/runs/classical_baseline/pendigits/pendigits__sta4__classical-raw-data__mlp__raw__lr0.01__seed18.json,pendigits,sta4,raw-data,mlp,raw,raw_values,18,0,0.01,2000,32,True,6744,750,3498,16,54,1468,1472,global-hamiltonian-32-layer:block-hamiltonian,0.002717391304347826,122,0.2697337297716069,0.9573333333333334,0.6041300515256887,0.9133790737564322,0.9482488632202148,f82d665edc1f046e05be0c503bf149ae1d15138a,False
complete,pendigits,pendigits__sta4__classical-raw-data__mlp__raw__lr0.01__seed19,results/runs/classical_baseline/pendigits/pendigits__sta4__classical-raw-data__mlp__raw__lr0.01__seed19.json,pendigits,sta4,raw-data,mlp,raw,raw_values,19,0,0.01,2000,32,True,6744,750,3498,16,54,1468,1472,global-hamiltonian-32-layer:block-hamiltonian,0.002717391304347826,132,0.2946171746323396,0.948,0.5796313762872338,0.9213836477987422,1.0169203281402588,f82d665edc1f046e05be0c503bf149ae1d15138a,False
complete,pendigits,pendigits__sta4__classical-raw-data__mlp__raw__lr0.01__seed2,results/runs/classical_baseline/pendigits/pendigits__sta4__classical-raw-data__mlp__raw__lr0.01__seed2.json,pendigits,sta4,raw-data,mlp,raw,raw_values,2,0,0.01,2000,32,True,6744,750,3498,16,54,1468,1472,global-hamiltonian-32-layer:block-hamiltonian,0.002717391304347826,144,0.2931240273085154,0.9546666666666667,0.6758711553712674,0.9099485420240138,1.1003305912017822,f82d665edc1f046e05be0c503bf149ae1d15138a,False
complete,pendigits,pendigits__sta4__classical-raw-data__mlp__raw__lr0.01__seed3,results/runs/classical_baseline/pendigits/pendigits__sta4__classical-raw-data__mlp__raw__lr0.01__seed3.json,pendigits,sta4,raw-data,mlp,raw,raw_values,3,0,0.01,2000,32,True,6744,750,3498,16,54,1468,1472,global-hamiltonian-32-layer:block-hamiltonian,0.002717391304347826,110,0.24049842957907097,0.9573333333333334,0.5758061339711712,0.9070897655803316,0.8681204319000244,f82d665edc1f046e05be0c503bf149ae1d15138a,False
complete,pendigits,pendigits__sta4__classical-raw-data__mlp__raw__lr0.01__seed4,results/runs/classical_baseline/pendigits/pendigits__sta4__classical-raw-data__mlp__raw__lr0.01__seed4.json,pendigits,sta4,raw-data,mlp,raw,raw_values,4,0,0.01,2000,32,True,6744,750,3498,16,54,1468,1472,global-hamiltonian-32-layer:block-hamiltonian,0.002717391304347826,114,0.19133342279717627,0.9613333333333334,0.5703877997004564,0.917095483133219,0.9088120460510254,f82d665edc1f046e05be0c503bf149ae1d15138a,False
complete,pendigits,pendigits__sta4__classical-raw-data__mlp__raw__lr0.01__seed5,results/runs/classical_baseline/pendigits/pendigits__sta4__classical-raw-data__mlp__raw__lr0.01__seed5.json,pendigits,sta4,raw-data,mlp,raw,raw_values,5,0,0.01,2000,32,True,6744,750,3498,16,54,1468,1472,global-hamiltonian-32-layer:block-hamiltonian,0.002717391304347826,108,0.20050202047169163,0.956,0.5455499525050506,0.9176672384219554,0.8416316509246826,f82d665edc1f046e05be0c503bf149ae1d15138a,False
complete,pendigits,pendigits__sta4__classical-raw-data__mlp__raw__lr0.01__seed6,results/runs/classical_baseline/pendigits/pendigits__sta4__classical-raw-data__mlp__raw__lr0.01__seed6.json,pendigits,sta4,raw-data,mlp,raw,raw_values,6,0,0.01,2000,32,True,6744,750,3498,16,54,1468,1472,global-hamiltonian-32-layer:block-hamiltonian,0.002717391304347826,125,0.22584889903195118,0.9466666666666667,0.6537533903064657,0.9070897655803316,0.9746417999267578,f82d665edc1f046e05be0c503bf149ae1d15138a,False
complete,pendigits,pendigits__sta4__classical-raw-data__mlp__raw__lr0.01__seed7,results/runs/classical_baseline/pendigits/pendigits__sta4__classical-raw-data__mlp__raw__lr0.01__seed7.json,pendigits,sta4,raw-data,mlp,raw,raw_values,7,0,0.01,2000,32,True,6744,750,3498,16,54,1468,1472,global-hamiltonian-32-layer:block-hamiltonian,0.002717391304347826,128,0.21398055948290903,0.964,0.59707186337954,0.9188107489994283,1.0013086795806885,f82d665edc1f046e05be0c503bf149ae1d15138a,False
complete,pendigits,pendigits__sta4__classical-raw-data__mlp__raw__lr0.01__seed8,results/runs/classical_baseline/pendigits/pendigits__sta4__classical-raw-data__mlp__raw__lr0.01__seed8.json,pendigits,sta4,raw-data,mlp,raw,raw_values,8,0,0.01,2000,32,True,6744,750,3498,16,54,1468,1472,global-hamiltonian-32-layer:block-hamiltonian,0.002717391304347826,136,0.2223806861128124,0.948,0.6613667568110534,0.9116638078902229,1.040177822113037,f82d665edc1f046e05be0c503bf149ae1d15138a,False
complete,pendigits,pendigits__sta4__classical-raw-data__mlp__raw__lr0.01__seed9,results/runs/classical_baseline/pendigits/pendigits__sta4__classical-raw-data__mlp__raw__lr0.01__seed9.json,pendigits,sta4,raw-data,mlp,raw,raw_values,9,0,0.01,2000,32,True,6744,750,3498,16,54,1468,1472,global-hamiltonian-32-layer:block-hamiltonian,0.002717391304347826,121,0.24860456718110063,0.9533333333333334,0.6064575581841323,0.9179531160663236,0.9416422843933105,f82d665edc1f046e05be0c503bf149ae1d15138a,False
complete,pendigits,pendigits__sta4__classical-symmetric-hamiltonian__mlp__values__lr0.01__seed0,results/runs/classical_baseline/pendigits/pendigits__sta4__classical-symmetric-hamiltonian__mlp__values__lr0.01__seed0.json,pendigits,sta4,symmetric-hamiltonian,mlp,values,eigenvalues,0,0,0.01,2000,32,True,6744,750,3498,4,97,1465,1472,global-hamiltonian-32-layer:symmetric-hamiltonian,0.004755434782608696,180,1.7715789922268876,0.392,1.8076659708115872,0.39193825042881647,1.9002032279968262,f82d665edc1f046e05be0c503bf149ae1d15138a,False
complete,pendigits,pendigits__sta4__classical-symmetric-hamiltonian__mlp__values__lr0.01__seed1,results/runs/classical_baseline/pendigits/pendigits__sta4__classical-symmetric-hamiltonian__mlp__values__lr0.01__seed1.json,pendigits,sta4,symmetric-hamiltonian,mlp,values,eigenvalues,1,0,0.01,2000,32,True,6744,750,3498,4,97,1465,1472,global-hamiltonian-32-layer:symmetric-hamiltonian,0.004755434782608696,120,1.7549121138754677,0.384,1.7820318936743798,0.4013722126929674,1.4260635375976562,f82d665edc1f046e05be0c503bf149ae1d15138a,False
complete,pendigits,pendigits__sta4__classical-symmetric-hamiltonian__mlp__values__lr0.01__seed10,results/runs/classical_baseline/pendigits/pendigits__sta4__classical-symmetric-hamiltonian__mlp__values__lr0.01__seed10.json,pendigits,sta4,symmetric-hamiltonian,mlp,values,eigenvalues,10,0,0.01,2000,32,True,6744,750,3498,4,97,1465,1472,global-hamiltonian-32-layer:symmetric-hamiltonian,0.004755434782608696,104,1.7527791606754217,0.39466666666666667,1.8078423363330798,0.40051457975986277,1.2833821773529053,f82d665edc1f046e05be0c503bf149ae1d15138a,False
complete,pendigits,pendigits__sta4__classical-symmetric-hamiltonian__mlp__values__lr0.01__seed11,results/runs/classical_baseline/pendigits/pendigits__sta4__classical-symmetric-hamiltonian__mlp__values__lr0.01__seed11.json,pendigits,sta4,symmetric-hamiltonian,mlp,values,eigenvalues,11,0,0.01,2000,32,True,6744,750,3498,4,97,1465,1472,global-hamiltonian-32-layer:symmetric-hamiltonian,0.004755434782608696,131,1.7669216400490684,0.3933333333333333,1.788954455394462,0.4036592338479131,1.5168564319610596,f82d665edc1f046e05be0c503bf149ae1d15138a,False
complete,pendigits,pendigits__sta4__classical-symmetric-hamiltonian__mlp__values__lr0.01__seed12,results/runs/classical_baseline/pendigits/pendigits__sta4__classical-symmetric-hamiltonian__mlp__values__lr0.01__seed12.json,pendigits,sta4,symmetric-hamiltonian,mlp,values,eigenvalues,12,0,0.01,2000,32,True,6744,750,3498,4,97,1465,1472,global-hamiltonian-32-layer:symmetric-hamiltonian,0.004755434782608696,126,1.7745389539351588,0.36933333333333335,1.8067887554529554,0.3939393939393939,1.4810080528259277,f82d665edc1f046e05be0c503bf149ae1d15138a,False
complete,pendigits,pendigits__sta4__classical-symmetric-hamiltonian__mlp__values__lr0.01__seed13,results/runs/classical_baseline/pendigits/pendigits__sta4__classical-symmetric-hamiltonian__mlp__values__lr0.01__seed13.json,pendigits,sta4,symmetric-hamiltonian,mlp,values,eigenvalues,13,0,0.01,2000,32,True,6744,750,3498,4,97,1465,1472,global-hamiltonian-32-layer:symmetric-hamiltonian,0.004755434782608696,115,1.7848625993250595,0.384,1.8009524520249551,0.40537449971412237,1.397230863571167,f82d665edc1f046e05be0c503bf149ae1d15138a,False
complete,pendigits,pendigits__sta4__classical-symmetric-hamiltonian__mlp__values__lr0.01__seed14,results/runs/classical_baseline/pendigits/pendigits__sta4__classical-symmetric-hamiltonian__mlp__values__lr0.01__seed14.json,pendigits,sta4,symmetric-hamiltonian,mlp,values,eigenvalues,14,0,0.01,2000,32,True,6744,750,3498,4,97,1465,1472,global-hamiltonian-32-layer:symmetric-hamiltonian,0.004755434782608696,113,1.7700789350803467,0.38133333333333336,1.7814393600028755,0.39994282447112633,1.3733189105987549,f82d665edc1f046e05be0c503bf149ae1d15138a,False
complete,pendigits,pendigits__sta4__classical-symmetric-hamiltonian__mlp__values__lr0.01__seed15,results/runs/classical_baseline/pendigits/pendigits__sta4__classical-symmetric-hamiltonian__mlp__values__lr0.01__seed15.json,pendigits,sta4,symmetric-hamiltonian,mlp,values,eigenvalues,15,0,0.01,2000,32,True,6744,750,3498,4,97,1465,1472,global-hamiltonian-32-layer:symmetric-hamiltonian,0.004755434782608696,108,1.7722957143047264,0.408,1.8031347996948743,0.3996569468267582,1.3210690021514893,f82d665edc1f046e05be0c503bf149ae1d15138a,False
complete,pendigits,pendigits__sta4__classical-symmetric-hamiltonian__mlp__values__lr0.01__seed16,results/runs/classical_baseline/pendigits/pendigits__sta4__classical-symmetric-hamiltonian__mlp__values__lr0.01__seed16.json,pendigits,sta4,symmetric-hamiltonian,mlp,values,eigenvalues,16,0,0.01,2000,32,True,6744,750,3498,4,97,1465,1472,global-hamiltonian-32-layer:symmetric-hamiltonian,0.004755434782608696,83,1.76263198171578,0.37866666666666665,1.803770856676417,0.39193825042881647,1.1053004264831543,f82d665edc1f046e05be0c503bf149ae1d15138a,False
complete,pendigits,pendigits__sta4__classical-symmetric-hamiltonian__mlp__values__lr0.01__seed17,results/runs/classical_baseline/pendigits/pendigits__sta4__classical-symmetric-hamiltonian__mlp__values__lr0.01__seed17.json,pendigits,sta4,symmetric-hamiltonian,mlp,values,eigenvalues,17,0,0.01,2000,32,True,6744,750,3498,4,97,1465,1472,global-hamiltonian-32-layer:symmetric-hamiltonian,0.004755434782608696,204,1.7741482876262502,0.368,1.8078980496415546,0.3936535162950257,2.1234467029571533,f82d665edc1f046e05be0c503bf149ae1d15138a,False
complete,pendigits,pendigits__sta4__classical-symmetric-hamiltonian__mlp__values__lr0.01__seed18,results/runs/classical_baseline/pendigits/pendigits__sta4__classical-symmetric-hamiltonian__mlp__values__lr0.01__seed18.json,pendigits,sta4,symmetric-hamiltonian,mlp,values,eigenvalues,18,0,0.01,2000,32,True,6744,750,3498,4,97,1465,1472,global-hamiltonian-32-layer:symmetric-hamiltonian,0.004755434782608696,85,1.7551311574623536,0.4,1.767473190189359,0.4056603773584906,1.1310522556304932,f82d665edc1f046e05be0c503bf149ae1d15138a,False
complete,pendigits,pendigits__sta4__classical-symmetric-hamiltonian__mlp__values__lr0.01__seed19,results/runs/classical_baseline/pendigits/pendigits__sta4__classical-symmetric-hamiltonian__mlp__values__lr0.01__seed19.json,pendigits,sta4,symmetric-hamiltonian,mlp,values,eigenvalues,19,0,0.01,2000,32,True,6744,750,3498,4,97,1465,1472,global-hamiltonian-32-layer:symmetric-hamiltonian,0.004755434782608696,159,1.7975673255158657,0.38533333333333336,1.7997658628107205,0.39422527158376214,1.734537124633789,f82d665edc1f046e05be0c503bf149ae1d15138a,False
complete,pendigits,pendigits__sta4__classical-symmetric-hamiltonian__mlp__values__lr0.01__seed2,results/runs/classical_baseline/pendigits/pendigits__sta4__classical-symmetric-hamiltonian__mlp__values__lr0.01__seed2.json,pendigits,sta4,symmetric-hamiltonian,mlp,values,eigenvalues,2,0,0.01,2000,32,True,6744,750,3498,4,97,1465,1472,global-hamiltonian-32-layer:symmetric-hamiltonian,0.004755434782608696,119,1.7717613924031845,0.38533333333333336,1.8074018829821337,0.4025157232704403,1.4072659015655518,f82d665edc1f046e05be0c503bf149ae1d15138a,False
complete,pendigits,pendigits__sta4__classical-symmetric-hamiltonian__mlp__values__lr0.01__seed3,results/runs/classical_baseline/pendigits/pendigits__sta4__classical-symmetric-hamiltonian__mlp__values__lr0.01__seed3.json,pendigits,sta4,symmetric-hamiltonian,mlp,values,eigenvalues,3,0,0.01,2000,32,True,6744,750,3498,4,97,1465,1472,global-hamiltonian-32-layer:symmetric-hamiltonian,0.004755434782608696,184,1.7528652977264303,0.38666666666666666,1.7957767831576559,0.4016580903373356,1.9383912086486816,f82d665edc1f046e05be0c503bf149ae1d15138a,False
complete,pendigits,pendigits__sta4__classical-symmetric-hamiltonian__mlp__values__lr0.01__seed4,results/runs/classical_baseline/pendigits/pendigits__sta4__classical-symmetric-hamiltonian__mlp__values__lr0.01__seed4.json,pendigits,sta4,symmetric-hamiltonian,mlp,values,eigenvalues,4,0,0.01,2000,32,True,6744,750,3498,4,97,1465,1472,global-hamiltonian-32-layer:symmetric-hamiltonian,0.004755434782608696,160,1.7439726859266018,0.39066666666666666,1.795294494385297,0.3907947398513436,1.7735190391540527,f82d665edc1f046e05be0c503bf149ae1d15138a,False
complete,pendigits,pendigits__sta4__classical-symmetric-hamiltonian__mlp__values__lr0.01__seed5,results/runs/classical_baseline/pendigits/pendigits__sta4__classical-symmetric-hamiltonian__mlp__values__lr0.01__seed5.json,pendigits,sta4,symmetric-hamiltonian,mlp,values,eigenvalues,5,0,0.01,2000,32,True,6744,750,3498,4,97,1465,1472,global-hamiltonian-32-layer:symmetric-hamiltonian,0.004755434782608696,110,1.78839715830257,0.376,1.792213162273375,0.3965122927387078,1.3316714763641357,f82d665edc1f046e05be0c503bf149ae1d15138a,False
complete,pendigits,pendigits__sta4__classical-symmetric-hamiltonian__mlp__values__lr0.01__seed6,results/runs/classical_baseline/pendigits/pendigits__sta4__classical-symmetric-hamiltonian__mlp__values__lr0.01__seed6.json,pendigits,sta4,symmetric-hamiltonian,mlp,values,eigenvalues,6,0,0.01,2000,32,True,6744,750,3498,4,97,1465,1472,global-hamiltonian-32-layer:symmetric-hamiltonian,0.004755434782608696,173,1.7763729784659175,0.38266666666666665,1.8079697876753464,0.39308176100628933,1.8641743659973145,f82d665edc1f046e05be0c503bf149ae1d15138a,False
complete,pendigits,pendigits__sta4__classical-symmetric-hamiltonian__mlp__values__lr0.01__seed7,results/runs/classical_baseline/pendigits/pendigits__sta4__classical-symmetric-hamiltonian__mlp__values__lr0.01__seed7.json,pendigits,sta4,symmetric-hamiltonian,mlp,values,eigenvalues,7,0,0.01,2000,32,True,6744,750,3498,4,97,1465,1472,global-hamiltonian-32-layer:symmetric-hamiltonian,0.004755434782608696,135,1.7555432964896178,0.38266666666666665,1.8153543158909817,0.3982275586049171,1.5623104572296143,f82d665edc1f046e05be0c503bf149ae1d15138a,False
complete,pendigits,pendigits__sta4__classical-symmetric-hamiltonian__mlp__values__lr0.01__seed8,results/runs/classical_baseline/pendigits/pendigits__sta4__classical-symmetric-hamiltonian__mlp__values__lr0.01__seed8.json,pendigits,sta4,symmetric-hamiltonian,mlp,values,eigenvalues,8,0,0.01,2000,32,True,6744,750,3498,4,97,1465,1472,global-hamiltonian-32-layer:symmetric-hamiltonian,0.004755434782608696,158,1.7695666274633621,0.38,1.8002647469960555,0.40308747855917665,1.7557451725006104,f82d665edc1f046e05be0c503bf149ae1d15138a,False
complete,pendigits,pendigits__sta4__classical-symmetric-hamiltonian__mlp__values__lr0.01__seed9,results/runs/classical_baseline/pendigits/pendigits__sta4__classical-symmetric-hamiltonian__mlp__values__lr0.01__seed9.json,pendigits,sta4,symmetric-hamiltonian,mlp,values,eigenvalues,9,0,0.01,2000,32,True,6744,750,3498,4,97,1465,1472,global-hamiltonian-32-layer:symmetric-hamiltonian,0.004755434782608696,80,1.7751008440345037,0.384,1.796200948547969,0.39165237278444825,1.101426124572754,f82d665edc1f046e05be0c503bf149ae1d15138a,False
complete,synthetic,synthetic-eigengap__synthetic__classical-block-hamiltonian__mlp__values__lr0.01__seed0,results/runs/classical_baseline/synthetic/synthetic-eigengap__synthetic__classical-block-hamiltonian__mlp__values__lr0.01__seed0.json,synthetic-eigengap,synthetic,block-hamiltonian,mlp,values,singular_values,0,0,0.01,2000,32,True,2949,328,819,4,141,989,992,global-hamiltonian-32-layer:block-hamiltonian,0.0030241935483870967,68,0.5880306288925597,0.6676829268292683,0.5767504430036055,0.673992673992674,2.032766342163086,f82d665edc1f046e05be0c503bf149ae1d15138a,False
complete,synthetic,synthetic-eigengap__synthetic__classical-block-hamiltonian__mlp__values__lr0.01__seed1,results/runs/classical_baseline/synthetic/synthetic-eigengap__synthetic__classical-block-hamiltonian__mlp__values__lr0.01__seed1.json,synthetic-eigengap,synthetic,block-hamiltonian,mlp,values,singular_values,1,0,0.01,2000,32,True,2949,328,819,4,141,989,992,global-hamiltonian-32-layer:block-hamiltonian,0.0030241935483870967,41,0.5803622887754616,0.6798780487804879,0.5825204589005136,0.6715506715506715,1.9423213005065918,f82d665edc1f046e05be0c503bf149ae1d15138a,False
complete,synthetic,synthetic-eigengap__synthetic__classical-block-hamiltonian__mlp__values__lr0.01__seed10,results/runs/classical_baseline/synthetic/synthetic-eigengap__synthetic__classical-block-hamiltonian__mlp__values__lr0.01__seed10.json,synthetic-eigengap,synthetic,block-hamiltonian,mlp,values,singular_values,10,0,0.01,2000,32,True,2949,328,819,4,141,989,992,global-hamiltonian-32-layer:block-hamiltonian,0.0030241935483870967,101,0.5937859916992532,0.6615853658536586,0.5778601650132019,0.6898656898656899,2.189086437225342,f82d665edc1f046e05be0c503bf149ae1d15138a,False
complete,synthetic,synthetic-eigengap__synthetic__classical-block-hamiltonian__mlp__values__lr0.01__seed11,results/runs/classical_baseline/synthetic/synthetic-eigengap__synthetic__classical-block-hamiltonian__mlp__values__lr0.01__seed11.json,synthetic-eigengap,synthetic,block-hamiltonian,mlp,values,singular_values,11,0,0.01,2000,32,True,2949,328,819,4,141,989,992,global-hamiltonian-32-layer:block-hamiltonian,0.0030241935483870967,90,0.5886569337020163,0.6737804878048781,0.5906951473230997,0.6776556776556777,2.146381139755249,f82d665edc1f046e05be0c503bf149ae1d15138a,False
complete,synthetic,synthetic-eigengap__synthetic__classical-block-hamiltonian__mlp__values__lr0.01__seed12,results/runs/classical_baseline/synthetic/synthetic-eigengap__synthetic__classical-block-hamiltonian__mlp__values__lr0.01__seed12.json,synthetic-eigengap,synthetic,block-hamiltonian,mlp,values,singular_values,12,0,0.01,2000,32,True,2949,328,819,4,141,989,992,global-hamiltonian-32-layer:block-hamiltonian,0.0030241935483870967,93,0.5987190005069668,0.6646341463414634,0.5894750941301128,0.6642246642246642,2.10683012008667,f82d665edc1f046e05be0c503bf149ae1d15138a,False
complete,synthetic,synthetic-eigengap__synthetic__classical-block-hamiltonian__mlp__values__lr0.01__seed13,results/runs/classical_baseline/synthetic/synthetic-eigengap__synthetic__classical-block-hamiltonian__mlp__values__lr0.01__seed13.json,synthetic-eigengap,synthetic,block-hamiltonian,mlp,values,singular_values,13,0,0.01,2000,32,True,2949,328,819,4,141,989,992,global-hamiltonian-32-layer:block-hamiltonian,0.0030241935483870967,91,0.5917149357868904,0.6646341463414634,0.5775032699996919,0.6776556776556777,2.1341845989227295,f82d665edc1f046e05be0c503bf149ae1d15138a,False
complete,synthetic,synthetic-eigengap__synthetic__classical-block-hamiltonian__mlp__values__lr0.01__seed14,results/runs/classical_baseline/synthetic/synthetic-eigengap__synthetic__classical-block-hamiltonian__mlp__values__lr0.01__seed14.json,synthetic-eigengap,synthetic,block-hamiltonian,mlp,values,singular_values,14,0,0.01,2000,32,True,2949,328,819,4,141,989,992,global-hamiltonian-32-layer:block-hamiltonian,0.0030241935483870967,68,0.5837151605859627,0.6920731707317073,0.586398305352361,0.6727716727716728,2.039883852005005,f82d665edc1f046e05be0c503bf149ae1d15138a,False
complete,synthetic,synthetic-eigengap__synthetic__classical-block-hamiltonian__mlp__values__lr0.01__seed15,results/runs/classical_baseline/synthetic/synthetic-eigengap__synthetic__classical-block-hamiltonian__mlp__values__lr0.01__seed15.json,synthetic-eigengap,synthetic,block-hamiltonian,mlp,values,singular_values,15,0,0.01,2000,32,True,2949,328,819,4,141,989,992,global-hamiltonian-32-layer:block-hamiltonian,0.0030241935483870967,61,0.5907633687657824,0.6707317073170732,0.5757274015685512,0.684981684981685,2.0060596466064453,f82d665edc1f046e05be0c503bf149ae1d15138a,False
complete,synthetic,synthetic-eigengap__synthetic__classical-block-hamiltonian__mlp__values__lr0.01__seed16,results/runs/classical_baseline/synthetic/synthetic-eigengap__synthetic__classical-block-hamiltonian__mlp__values__lr0.01__seed16.json,synthetic-eigengap,synthetic,block-hamiltonian,mlp,values,singular_values,16,0,0.01,2000,32,True,2949,328,819,4,141,989,992,global-hamiltonian-32-layer:block-hamiltonian,0.0030241935483870967,60,0.5857173431581332,0.6615853658536586,0.5837932755381311,0.673992673992674,2.0180623531341553,f82d665edc1f046e05be0c503bf149ae1d15138a,False
complete,synthetic,synthetic-eigengap__synthetic__classical-block-hamiltonian__mlp__values__lr0.01__seed17,results/runs/classical_baseline/synthetic/synthetic-eigengap__synthetic__classical-block-hamiltonian__mlp__values__lr0.01__seed17.json,synthetic-eigengap,synthetic,block-hamiltonian,mlp,values,singular_values,17,0,0.01,2000,32,True,2949,328,819,4,141,989,992,global-hamiltonian-32-layer:block-hamiltonian,0.0030241935483870967,43,0.5876011896497951,0.6920731707317073,0.582974819376565,0.6715506715506715,1.9788646697998047,f82d665edc1f046e05be0c503bf149ae1d15138a,False
complete,synthetic,synthetic-eigengap__synthetic__classical-block-hamiltonian__mlp__values__lr0.01__seed18,results/runs/classical_baseline/synthetic/synthetic-eigengap__synthetic__classical-block-hamiltonian__mlp__values__lr0.01__seed18.json,synthetic-eigengap,synthetic,block-hamiltonian,mlp,values,singular_values,18,0,0.01,2000,32,True,2949,328,819,4,141,989,992,global-hamiltonian-32-layer:block-hamiltonian,0.0030241935483870967,97,0.5864670396675338,0.676829268292683,0.5783799240448162,0.6837606837606838,2.153296947479248,f82d665edc1f046e05be0c503bf149ae1d15138a,False
complete,synthetic,synthetic-eigengap__synthetic__classical-block-hamiltonian__mlp__values__lr0.01__seed19,results/runs/classical_baseline/synthetic/synthetic-eigengap__synthetic__classical-block-hamiltonian__mlp__values__lr0.01__seed19.json,synthetic-eigengap,synthetic,block-hamiltonian,mlp,values,singular_values,19,0,0.01,2000,32,True,2949,328,819,4,141,989,992,global-hamiltonian-32-layer:block-hamiltonian,0.0030241935483870967,101,0.5909946203278699,0.6646341463414634,0.582141726912451,0.6776556776556777,2.169888973236084,f82d665edc1f046e05be0c503bf149ae1d15138a,False
complete,synthetic,synthetic-eigengap__synthetic__classical-block-hamiltonian__mlp__values__lr0.01__seed2,results/runs/classical_baseline/synthetic/synthetic-eigengap__synthetic__classical-block-hamiltonian__mlp__values__lr0.01__seed2.json,synthetic-eigengap,synthetic,block-hamiltonian,mlp,values,singular_values,2,0,0.01,2000,32,True,2949,328,819,4,141,989,992,global-hamiltonian-32-layer:block-hamiltonian,0.0030241935483870967,86,0.5855844477119643,0.6707317073170732,0.5818719023990856,0.6715506715506715,2.1103317737579346,f82d665edc1f046e05be0c503bf149ae1d15138a,False
complete,synthetic,synthetic-eigengap__synthetic__classical-block-hamiltonian__mlp__values__lr0.01__seed3,results/runs/classical_baseline/synthetic/synthetic-eigengap__synthetic__classical-block-hamiltonian__mlp__values__lr0.01__seed3.json,synthetic-eigengap,synthetic,block-hamiltonian,mlp,values,singular_values,3,0,0.01,2000,32,True,2949,328,819,4,141,989,992,global-hamiltonian-32-layer:block-hamiltonian,0.0030241935483870967,112,0.588724094734737,0.6798780487804879,0.583763081244442,0.6703296703296703,2.184889078140259,f82d665edc1f046e05be0c503bf149ae1d15138a,False
complete,synthetic,synthetic-eigengap__synthetic__classical-block-hamiltonian__mlp__values__lr0.01__seed4,results/runs/classical_baseline/synthetic/synthetic-eigengap__synthetic__classical-block-hamiltonian__mlp__values__lr0.01__seed4.json,synthetic-eigengap,synthetic,block-hamiltonian,mlp,values,singular_values,4,0,0.01,2000,32,True,2949,328,819,4,141,989,992,global-hamiltonian-32-layer:block-hamiltonian,0.0030241935483870967,104,0.6027334672985157,0.649390243902439,0.5803468874440023,0.6715506715506715,2.1390607357025146,f82d665edc1f046e05be0c503bf149ae1d15138a,False
complete,synthetic,synthetic-eigengap__synthetic__classical-block-hamiltonian__mlp__values__lr0.01__seed5,results/runs/classical_baseline/synthetic/synthetic-eigengap__synthetic__classical-block-hamiltonian__mlp__values__lr0.01__seed5.json,synthetic-eigengap,synthetic,block-hamiltonian,mlp,values,singular_values,5,0,0.01,2000,32,True,2949,328,819,4,141,989,992,global-hamiltonian-32-layer:block-hamiltonian,0.0030241935483870967,73,0.5921815789468122,0.6676829268292683,0.5783765535384395,0.6776556776556777,2.0424938201904297,f82d665edc1f046e05be0c503bf149ae1d15138a,False
complete,synthetic,synthetic-eigengap__synthetic__classical-block-hamiltonian__mlp__values__lr0.01__seed6,results/runs/classical_baseline/synthetic/synthetic-eigengap__synthetic__classical-block-hamiltonian__mlp__values__lr0.01__seed6.json,synthetic-eigengap,synthetic,block-hamiltonian,mlp,values,singular_values,6,0,0.01,2000,32,True,2949,328,819,4,141,989,992,global-hamiltonian-32-layer:block-hamiltonian,0.0030241935483870967,86,0.58149259554606,0.676829268292683,0.5766683270942172,0.6715506715506715,2.1127145290374756,f82d665edc1f046e05be0c503bf149ae1d15138a,False
complete,synthetic,synthetic-eigengap__synthetic__classical-block-hamiltonian__mlp__values__lr0.01__seed7,results/runs/classical_baseline/synthetic/synthetic-eigengap__synthetic__classical-block-hamiltonian__mlp__values__lr0.01__seed7.json,synthetic-eigengap,synthetic,block-hamiltonian,mlp,values,singular_values,7,0,0.01,2000,32,True,2949,328,819,4,141,989,992,global-hamiltonian-32-layer:block-hamiltonian,0.0030241935483870967,68,0.57903095552565,0.6829268292682927,0.575049014892546,0.6800976800976801,2.0354554653167725,f82d665edc1f046e05be0c503bf149ae1d15138a,False
complete,synthetic,synthetic-eigengap__synthetic__classical-block-hamiltonian__mlp__values__lr0.01__seed8,results/runs/classical_baseline/synthetic/synthetic-eigengap__synthetic__classical-block-hamiltonian__mlp__values__lr0.01__seed8.json,synthetic-eigengap,synthetic,block-hamiltonian,mlp,values,singular_values,8,0,0.01,2000,32,True,2949,328,819,4,141,989,992,global-hamiltonian-32-layer:block-hamiltonian,0.0030241935483870967,70,0.5838200665296807,0.6737804878048781,0.5808068604458869,0.6788766788766789,2.039210796356201,f82d665edc1f046e05be0c503bf149ae1d15138a,False
complete,synthetic,synthetic-eigengap__synthetic__classical-block-hamiltonian__mlp__values__lr0.01__seed9,results/runs/classical_baseline/synthetic/synthetic-eigengap__synthetic__classical-block-hamiltonian__mlp__values__lr0.01__seed9.json,synthetic-eigengap,synthetic,block-hamiltonian,mlp,values,singular_values,9,0,0.01,2000,32,True,2949,328,819,4,141,989,992,global-hamiltonian-32-layer:block-hamiltonian,0.0030241935483870967,96,0.5883570891807145,0.6707317073170732,0.5815224882474416,0.6715506715506715,2.119675397872925,f82d665edc1f046e05be0c503bf149ae1d15138a,False
complete,synthetic,synthetic-eigengap__synthetic__classical-raw-data__mlp__raw__lr0.01__seed0,results/runs/classical_baseline/synthetic/synthetic-eigengap__synthetic__classical-raw-data__mlp__raw__lr0.01__seed0.json,synthetic-eigengap,synthetic,raw-data,mlp,raw,raw_values,0,0,0.01,2000,32,True,2949,328,819,16,27,515,512,global-hamiltonian-32-layer:symmetric-hamiltonian,0.005859375,128,0.6029953661267043,0.7378048780487805,0.6128440539722422,0.7509157509157509,1.8620219230651855,f82d665edc1f046e05be0c503bf149ae1d15138a,False
complete,synthetic,synthetic-eigengap__synthetic__classical-raw-data__mlp__raw__lr0.01__seed1,results/runs/classical_baseline/synthetic/synthetic-eigengap__synthetic__classical-raw-data__mlp__raw__lr0.01__seed1.json,synthetic-eigengap,synthetic,raw-data,mlp,raw,raw_values,1,0,0.01,2000,32,True,2949,328,819,16,27,515,512,global-hamiltonian-32-layer:symmetric-hamiltonian,0.005859375,128,0.5601665231669836,0.7713414634146342,0.592225064610817,0.7423687423687424,1.850290298461914,f82d665edc1f046e05be0c503bf149ae1d15138a,False
complete,synthetic,synthetic-eigengap__synthetic__classical-raw-data__mlp__raw__lr0.01__seed10,results/runs/classical_baseline/synthetic/synthetic-eigengap__synthetic__classical-raw-data__mlp__raw__lr0.01__seed10.json,synthetic-eigengap,synthetic,raw-data,mlp,raw,raw_values,10,0,0.01,2000,32,True,2949,328,819,16,27,515,512,global-hamiltonian-32-layer:symmetric-hamiltonian,0.005859375,163,0.5378753947702901,0.7835365853658537,0.6161830937475671,0.746031746031746,1.8976082801818848,f82d665edc1f046e05be0c503bf149ae1d15138a,False
complete,synthetic,synthetic-eigengap__synthetic__classical-raw-data__mlp__raw__lr0.01__seed11,results/runs/classical_baseline/synthetic/synthetic-eigengap__synthetic__classical-raw-data__mlp__raw__lr0.01__seed11.json,synthetic-eigengap,synthetic,raw-data,mlp,raw,raw_values,11,0,0.01,2000,32,True,2949,328,819,16,27,515,512,global-hamiltonian-32-layer:symmetric-hamiltonian,0.005859375,219,0.6632433920696352,0.7439024390243902,0.6833591720488411,0.7496947496947497,1.9848742485046387,f82d665edc1f046e05be0c503bf149ae1d15138a,False
complete,synthetic,synthetic-eigengap__synthetic__classical-raw-data__mlp__raw__lr0.01__seed12,results/runs/classical_baseline/synthetic/synthetic-eigengap__synthetic__classical-raw-data__mlp__raw__lr0.01__seed12.json,synthetic-eigengap,synthetic,raw-data,mlp,raw,raw_values,12,0,0.01,2000,32,True,2949,328,819,16,27,515,512,global-hamiltonian-32-layer:symmetric-hamiltonian,0.005859375,105,0.6215001907430246,0.7439024390243902,0.5567444798717622,0.7631257631257631,1.7937006950378418,f82d665edc1f046e05be0c503bf149ae1d15138a,False
complete,synthetic,synthetic-eigengap__synthetic__classical-raw-data__mlp__raw__lr0.01__seed13,results/runs/classical_baseline/synthetic/synthetic-eigengap__synthetic__classical-raw-data__mlp__raw__lr0.01__seed13.json,synthetic-eigengap,synthetic,raw-data,mlp,raw,raw_values,13,0,0.01,2000,32,True,2949,328,819,16,27,515,512,global-hamiltonian-32-layer:symmetric-hamiltonian,0.005859375,138,0.5650208002996169,0.7347560975609756,0.6454646332599826,0.7619047619047619,1.8150103092193604,f82d665edc1f046e05be0c503bf149ae1d15138a,False
complete,synthetic,synthetic-eigengap__synthetic__classical-raw-data__mlp__raw__lr0.01__seed14,results/runs/classical_baseline/synthetic/synthetic-eigengap__synthetic__classical-raw-data__mlp__raw__lr0.01__seed14.json,synthetic-eigengap,synthetic,raw-data,mlp,raw,raw_values,14,0,0.01,2000,32,True,2949,328,819,16,27,515,512,global-hamiltonian-32-layer:symmetric-hamiltonian,0.005859375,146,0.543624259590778,0.7835365853658537,0.6051512509852931,0.7533577533577533,1.8649728298187256,f82d665edc1f046e05be0c503bf149ae1d15138a,False
complete,synthetic,synthetic-eigengap__synthetic__classical-raw-data__mlp__raw__lr0.01__seed15,results/runs/classical_baseline/synthetic/synthetic-eigengap__synthetic__classical-raw-data__mlp__raw__lr0.01__seed15.json,synthetic-eigengap,synthetic,raw-data,mlp,raw,raw_values,15,0,0.01,2000,32,True,2949,328,819,16,27,515,512,global-hamiltonian-32-layer:symmetric-hamiltonian,0.005859375,133,0.6785693782668475,0.6951219512195121,0.6021830814198778,0.7728937728937729,1.8762986660003662,f82d665edc1f046e05be0c503bf149ae1d15138a,False
complete,synthetic,synthetic-eigengap__synthetic__classical-raw-data__mlp__raw__lr0.01__seed16,results/runs/classical_baseline/synthetic/synthetic-eigengap__synthetic__classical-raw-data__mlp__raw__lr0.01__seed16.json,synthetic-eigengap,synthetic,raw-data,mlp,raw,raw_values,16,0,0.01,2000,32,True,2949,328,819,16,27,515,512,global-hamiltonian-32-layer:symmetric-hamiltonian,0.005859375,108,0.6009536391186098,0.7347560975609756,0.6040767710125017,0.746031746031746,1.8098394870758057,f82d665edc1f046e05be0c503bf149ae1d15138a,False
complete,synthetic,synthetic-eigengap__synthetic__classical-raw-data__mlp__raw__lr0.01__seed17,results/runs/classical_baseline/synthetic/synthetic-eigengap__synthetic__classical-raw-data__mlp__raw__lr0.01__seed17.json,synthetic-eigengap,synthetic,raw-data,mlp,raw,raw_values,17,0,0.01,2000,32,True,2949,328,819,16,27,515,512,global-hamiltonian-32-layer:symmetric-hamiltonian,0.005859375,133,0.6366511616198915,0.7469512195121951,0.6502033185482357,0.7411477411477412,1.8285713195800781,f82d665edc1f046e05be0c503bf149ae1d15138a,False
complete,synthetic,synthetic-eigengap__synthetic__classical-raw-data__mlp__raw__lr0.01__seed18,results/runs/classical_baseline/synthetic/synthetic-eigengap__synthetic__classical-raw-data__mlp__raw__lr0.01__seed18.json,synthetic-eigengap,synthetic,raw-data,mlp,raw,raw_values,18,0,0.01,2000,32,True,2949,328,819,16,27,515,512,global-hamiltonian-32-layer:symmetric-hamiltonian,0.005859375,179,0.5551816032501524,0.7926829268292683,0.6366936636059896,0.7557997557997558,1.9194002151489258,f82d665edc1f046e05be0c503bf149ae1d15138a,False
complete,synthetic,synthetic-eigengap__synthetic__classical-raw-data__mlp__raw__lr0.01__seed19,results/runs/classical_baseline/synthetic/synthetic-eigengap__synthetic__classical-raw-data__mlp__raw__lr0.01__seed19.json,synthetic-eigengap,synthetic,raw-data,mlp,raw,raw_values,19,0,0.01,2000,32,True,2949,328,819,16,27,515,512,global-hamiltonian-32-layer:symmetric-hamiltonian,0.005859375,140,0.5405846735597728,0.7713414634146342,0.5985717756551198,0.746031746031746,1.8807191848754883,f82d665edc1f046e05be0c503bf149ae1d15138a,False
complete,synthetic,synthetic-eigengap__synthetic__classical-raw-data__mlp__raw__lr0.01__seed2,results/runs/classical_baseline/synthetic/synthetic-eigengap__synthetic__classical-raw-data__mlp__raw__lr0.01__seed2.json,synthetic-eigengap,synthetic,raw-data,mlp,raw,raw_values,2,0,0.01,2000,32,True,2949,328,819,16,27,515,512,global-hamiltonian-32-layer:symmetric-hamiltonian,0.005859375,154,0.5997746574528592,0.7317073170731707,0.6265138614858224,0.7545787545787546,1.897233247756958,f82d665edc1f046e05be0c503bf149ae1d15138a,False
complete,synthetic,synthetic-eigengap__synthetic__classical-raw-data__mlp__raw__lr0.01__seed3,results/runs/classical_baseline/synthetic/synthetic-eigengap__synthetic__classical-raw-data__mlp__raw__lr0.01__seed3.json,synthetic-eigengap,synthetic,raw-data,mlp,raw,raw_values,3,0,0.01,2000,32,True,2949,328,819,16,27,515,512,global-hamiltonian-32-layer:symmetric-hamiltonian,0.005859375,163,0.6084562356004392,0.7560975609756098,0.663794456098031,0.7289377289377289,1.9196088314056396,f82d665edc1f046e05be0c503bf149ae1d15138a,False
complete,synthetic,synthetic-eigengap__synthetic__classical-raw-data__mlp__raw__lr0.01__seed4,results/runs/classical_baseline/synthetic/synthetic-eigengap__synthetic__classical-raw-data__mlp__raw__lr0.01__seed4.json,synthetic-eigengap,synthetic,raw-data,mlp,raw,raw_values,4,0,0.01,2000,32,True,2949,328,819,16,27,515,512,global-hamiltonian-32-layer:symmetric-hamiltonian,0.005859375,131,0.6258520837089004,0.7378048780487805,0.6328167822015093,0.7387057387057387,1.8468608856201172,f82d665edc1f046e05be0c503bf149ae1d15138a,False
complete,synthetic,synthetic-eigengap__synthetic__classical-raw-data__mlp__raw__lr0.01__seed5,results/runs/classical_baseline/synthetic/synthetic-eigengap__synthetic__classical-raw-data__mlp__raw__lr0.01__seed5.json,synthetic-eigengap,synthetic,raw-data,mlp,raw,raw_values,5,0,0.01,2000,32,True,2949,328,819,16,27,515,512,global-hamiltonian-32-layer:symmetric-hamiltonian,0.005859375,204,0.6197122760526663,0.7865853658536586,0.6613431296101446,0.7448107448107448,1.9920446872711182,f82d665edc1f046e05be0c503bf149ae1d15138a,False
complete,synthetic,synthetic-eigengap__synthetic__classical-raw-data__mlp__raw__lr0.01__seed6,results/runs/classical_baseline/synthetic/synthetic-eigengap__synthetic__classical-raw-data__mlp__raw__lr0.01__seed6.json,synthetic-eigengap,synthetic,raw-data,mlp,raw,raw_values,6,0,0.01,2000,32,True,2949,328,819,16,27,515,512,global-hamiltonian-32-layer:symmetric-hamiltonian,0.005859375,155,0.6906007667219604,0.7317073170731707,0.6570524398749805,0.7545787545787546,1.9105687141418457,f82d665edc1f046e05be0c503bf149ae1d15138a,False
complete,synthetic,synthetic-eigengap__synthetic__classical-raw-data__mlp__raw__lr0.01__seed7,results/runs/classical_baseline/synthetic/synthetic-eigengap__synthetic__classical-raw-data__mlp__raw__lr0.01__seed7.json,synthetic-eigengap,synthetic,raw-data,mlp,raw,raw_values,7,0,0.01,2000,32,True,2949,328,819,16,27,515,512,global-hamiltonian-32-layer:symmetric-hamiltonian,0.005859375,179,0.5758979895902088,0.7591463414634146,0.6229712631879281,0.7667887667887668,1.959214687347412,f82d665edc1f046e05be0c503bf149ae1d15138a,False
complete,synthetic,synthetic-eigengap__synthetic__classical-raw-data__mlp__raw__lr0.01__seed8,results/runs/classical_baseline/synthetic/synthetic-eigengap__synthetic__classical-raw-data__mlp__raw__lr0.01__seed8.json,synthetic-eigengap,synthetic,raw-data,mlp,raw,raw_values,8,0,0.01,2000,32,True,2949,328,819,16,27,515,512,global-hamiltonian-32-layer:symmetric-hamiltonian,0.005859375,109,0.5939733746684857,0.725609756097561,0.6825032860208108,0.7411477411477412,1.7945265769958496,f82d665edc1f046e05be0c503bf149ae1d15138a,False
complete,synthetic,synthetic-eigengap__synthetic__classical-raw-data__mlp__raw__lr0.01__seed9,results/runs/classical_baseline/synthetic/synthetic-eigengap__synthetic__classical-raw-data__mlp__raw__lr0.01__seed9.json,synthetic-eigengap,synthetic,raw-data,mlp,raw,raw_values,9,0,0.01,2000,32,True,2949,328,819,16,27,515,512,global-hamiltonian-32-layer:symmetric-hamiltonian,0.005859375,104,0.5376783611435033,0.7713414634146342,0.6514983862373599,0.717948717948718,1.8032236099243164,f82d665edc1f046e05be0c503bf149ae1d15138a,False
complete,synthetic,synthetic-eigengap__synthetic__classical-symmetric-hamiltonian__mlp__values__lr0.01__seed0,results/runs/classical_baseline/synthetic/synthetic-eigengap__synthetic__classical-symmetric-hamiltonian__mlp__values__lr0.01__seed0.json,synthetic-eigengap,synthetic,symmetric-hamiltonian,mlp,values,eigenvalues,0,0,0.01,2000,32,True,2949,328,819,4,73,513,512,global-hamiltonian-32-layer:symmetric-hamiltonian,0.001953125,48,0.04574347963765437,0.9786585365853658,0.04691618682636894,0.9755799755799756,2.0380029678344727,f82d665edc1f046e05be0c503bf149ae1d15138a,False
complete,synthetic,synthetic-eigengap__synthetic__classical-symmetric-hamiltonian__mlp__values__lr0.01__seed1,results/runs/classical_baseline/synthetic/synthetic-eigengap__synthetic__classical-symmetric-hamiltonian__mlp__values__lr0.01__seed1.json,synthetic-eigengap,synthetic,symmetric-hamiltonian,mlp,values,eigenvalues,1,0,0.01,2000,32,True,2949,328,819,4,73,513,512,global-hamiltonian-32-layer:symmetric-hamiltonian,0.001953125,50,0.0360084138518053,0.9817073170731707,0.042917297005632044,0.9755799755799756,2.0186381340026855,f82d665edc1f046e05be0c503bf149ae1d15138a,False
complete,synthetic,synthetic-eigengap__synthetic__classical-symmetric-hamiltonian__mlp__values__lr0.01__seed10,results/runs/classical_baseline/synthetic/synthetic-eigengap__synthetic__classical-symmetric-hamiltonian__mlp__values__lr0.01__seed10.json,synthetic-eigengap,synthetic,symmetric-hamiltonian,mlp,values,eigenvalues,10,0,0.01,2000,32,True,2949,328,819,4,73,513,512,global-hamiltonian-32-layer:symmetric-hamiltonian,0.001953125,58,0.037680026958686295,0.9817073170731707,0.04464718141116028,0.9792429792429792,2.040952682495117,f82d665edc1f046e05be0c503bf149ae1d15138a,False
complete,synthetic,synthetic-eigengap__synthetic__classical-symmetric-hamiltonian__mlp__values__lr0.01__seed11,results/runs/classical_baseline/synthetic/synthetic-eigengap__synthetic__classical-symmetric-hamiltonian__mlp__values__lr0.01__seed11.json,synthetic-eigengap,synthetic,symmetric-hamiltonian,mlp,values,eigenvalues,11,0,0.01,2000,32,True,2949,328,819,4,73,513,512,global-hamiltonian-32-layer:symmetric-hamiltonian,0.001953125,62,0.029317980650708356,0.9847560975609756,0.03428596119664118,0.9829059829059829,2.0169217586517334,f82d665edc1f046e05be0c503bf149ae1d15138a,False
complete,synthetic,synthetic-eigengap__synthetic__classical-symmetric-hamiltonian__mlp__values__lr0.01__seed12,results/runs/classical_baseline/synthetic/synthetic-eigengap__synthetic__classical-symmetric-hamiltonian__mlp__values__lr0.01__seed12.json,synthetic-eigengap,synthetic,symmetric-hamiltonian,mlp,values,eigenvalues,12,0,0.01,2000,32,True,2949,328,819,4,73,513,512,global-hamiltonian-32-layer:symmetric-hamiltonian,0.001953125,58,0.0401063014146325,0.9847560975609756,0.04584731337465257,0.9755799755799756,2.0275557041168213,f82d665edc1f046e05be0c503bf149ae1d15138a,False
complete,synthetic,synthetic-eigengap__synthetic__classical-symmetric-hamiltonian__mlp__values__lr0.01__seed13,results/runs/classical_baseline/synthetic/synthetic-eigengap__synthetic__classical-symmetric-hamiltonian__mlp__values__lr0.01__seed13.json,synthetic-eigengap,synthetic,symmetric-hamiltonian,mlp,values,eigenvalues,13,0,0.01,2000,32,True,2949,328,819,4,73,513,512,global-hamiltonian-32-layer:symmetric-hamiltonian,0.001953125,84,0.031010876599368506,0.9817073170731707,0.034047558818077195,0.9829059829059829,2.1091723442077637,f82d665edc1f046e05be0c503bf149ae1d15138a,False
complete,synthetic,synthetic-eigengap__synthetic__classical-symmetric-hamiltonian__mlp__values__lr0.01__seed14,results/runs/classical_baseline/synthetic/synthetic-eigengap__synthetic__classical-symmetric-hamiltonian__mlp__values__lr0.01__seed14.json,synthetic-eigengap,synthetic,symmetric-hamiltonian,mlp,values,eigenvalues,14,0,0.01,2000,32,True,2949,328,819,4,73,513,512,global-hamiltonian-32-layer:symmetric-hamiltonian,0.001953125,42,0.039132017478087304,0.9786585365853658,0.03616408472984298,0.9853479853479854,1.9924039840698242,f82d665edc1f046e05be0c503bf149ae1d15138a,False
complete,synthetic,synthetic-eigengap__synthetic__classical-symmetric-hamiltonian__mlp__values__lr0.01__seed15,results/runs/classical_baseline/synthetic/synthetic-eigengap__synthetic__classical-symmetric-hamiltonian__mlp__values__lr0.01__seed15.json,synthetic-eigengap,synthetic,symmetric-hamiltonian,mlp,values,eigenvalues,15,0,0.01,2000,32,True,2949,328,819,4,73,513,512,global-hamiltonian-32-layer:symmetric-hamiltonian,0.001953125,39,0.05427159420633872,0.9786585365853658,0.05508389031062411,0.9706959706959707,2.0114142894744873,f82d665edc1f046e05be0c503bf149ae1d15138a,False
complete,synthetic,synthetic-eigengap__synthetic__classical-symmetric-hamiltonian__mlp__values__lr0.01__seed16,results/runs/classical_baseline/synthetic/synthetic-eigengap__synthetic__classical-symmetric-hamiltonian__mlp__values__lr0.01__seed16.json,synthetic-eigengap,synthetic,symmetric-hamiltonian,mlp,values,eigenvalues,16,0,0.01,2000,32,True,2949,328,819,4,73,513,512,global-hamiltonian-32-layer:symmetric-hamiltonian,0.001953125,60,0.02979630020751757,0.9817073170731707,0.035918796139221006,0.9804639804639804,2.05605149269104,f82d665edc1f046e05be0c503bf149ae1d15138a,False
complete,synthetic,synthetic-eigengap__synthetic__classical-symmetric-hamiltonian__mlp__values__lr0.01__seed17,results/runs/classical_baseline/synthetic/synthetic-eigengap__synthetic__classical-symmetric-hamiltonian__mlp__values__lr0.01__seed17.json,synthetic-eigengap,synthetic,symmetric-hamiltonian,mlp,values,eigenvalues,17,0,0.01,2000,32,True,2949,328,819,4,73,513,512,global-hamiltonian-32-layer:symmetric-hamiltonian,0.001953125,47,0.033122504068439425,0.9817073170731707,0.03723755908892272,0.9804639804639804,2.0020952224731445,f82d665edc1f046e05be0c503bf149ae1d15138a,False
complete,synthetic,synthetic-eigengap__synthetic__classical-symmetric-hamiltonian__mlp__values__lr0.01__seed18,results/runs/classical_baseline/synthetic/synthetic-eigengap__synthetic__classical-symmetric-hamiltonian__mlp__values__lr0.01__seed18.json,synthetic-eigengap,synthetic,symmetric-hamiltonian,mlp,values,eigenvalues,18,0,0.01,2000,32,True,2949,328,819,4,73,513,512,global-hamiltonian-32-layer:symmetric-hamiltonian,0.001953125,71,0.030786251351649675,0.9878048780487805,0.037058325503171445,0.9816849816849816,2.069896697998047,f82d665edc1f046e05be0c503bf149ae1d15138a,False
complete,synthetic,synthetic-eigengap__synthetic__classical-symmetric-hamiltonian__mlp__values__lr0.01__seed19,results/runs/classical_baseline/synthetic/synthetic-eigengap__synthetic__classical-symmetric-hamiltonian__mlp__values__lr0.01__seed19.json,synthetic-eigengap,synthetic,symmetric-hamiltonian,mlp,values,eigenvalues,19,0,0.01,2000,32,True,2949,328,819,4,73,513,512,global-hamiltonian-32-layer:symmetric-hamiltonian,0.001953125,45,0.04294449385968253,0.9817073170731707,0.045176796818531095,0.978021978021978,2.004490375518799,f82d665edc1f046e05be0c503bf149ae1d15138a,False
complete,synthetic,synthetic-eigengap__synthetic__classical-symmetric-hamiltonian__mlp__values__lr0.01__seed2,results/runs/classical_baseline/synthetic/synthetic-eigengap__synthetic__classical-symmetric-hamiltonian__mlp__values__lr0.01__seed2.json,synthetic-eigengap,synthetic,symmetric-hamiltonian,mlp,values,eigenvalues,2,0,0.01,2000,32,True,2949,328,819,4,73,513,512,global-hamiltonian-32-layer:symmetric-hamiltonian,0.001953125,76,0.03786105982424944,0.9817073170731707,0.04135423262056985,0.9829059829059829,2.073863983154297,f82d665edc1f046e05be0c503bf149ae1d15138a,False
complete,synthetic,synthetic-eigengap__synthetic__classical-symmetric-hamiltonian__mlp__values__lr0.01__seed3,results/runs/classical_baseline/synthetic/synthetic-eigengap__synthetic__classical-symmetric-hamiltonian__mlp__values__lr0.01__seed3.json,synthetic-eigengap,synthetic,symmetric-hamiltonian,mlp,values,eigenvalues,3,0,0.01,2000,32,True,2949,328,819,4,73,513,512,global-hamiltonian-32-layer:symmetric-hamiltonian,0.001953125,67,0.03115801873092184,0.9847560975609756,0.03722183242657582,0.9816849816849816,2.078005790710449,f82d665edc1f046e05be0c503bf149ae1d15138a,False
complete,synthetic,synthetic-eigengap__synthetic__classical-symmetric-hamiltonian__mlp__values__lr0.01__seed4,results/runs/classical_baseline/synthetic/synthetic-eigengap__synthetic__classical-symmetric-hamiltonian__mlp__values__lr0.01__seed4.json,synthetic-eigengap,synthetic,symmetric-hamiltonian,mlp,values,eigenvalues,4,0,0.01,2000,32,True,2949,328,819,4,73,513,512,global-hamiltonian-32-layer:symmetric-hamiltonian,0.001953125,64,0.029689210360775948,0.9817073170731707,0.03608894931502115,0.9816849816849816,2.098600149154663,f82d665edc1f046e05be0c503bf149ae1d15138a,False
complete,synthetic,synthetic-eigengap__synthetic__classical-symmetric-hamiltonian__mlp__values__lr0.01__seed5,results/runs/classical_baseline/synthetic/synthetic-eigengap__synthetic__classical-symmetric-hamiltonian__mlp__values__lr0.01__seed5.json,synthetic-eigengap,synthetic,symmetric-hamiltonian,mlp,values,eigenvalues,5,0,0.01,2000,32,True,2949,328,819,4,73,513,512,global-hamiltonian-32-layer:symmetric-hamiltonian,0.001953125,37,0.035052585132058375,0.9878048780487805,0.04034793951266668,0.9804639804639804,2.0189034938812256,f82d665edc1f046e05be0c503bf149ae1d15138a,False
complete,synthetic,synthetic-eigengap__synthetic__classical-symmetric-hamiltonian__mlp__values__lr0.01__seed6,results/runs/classical_baseline/synthetic/synthetic-eigengap__synthetic__classical-symmetric-hamiltonian__mlp__values__lr0.01__seed6.json,synthetic-eigengap,synthetic,symmetric-hamiltonian,mlp,values,eigenvalues,6,0,0.01,2000,32,True,2949,328,819,4,73,513,512,global-hamiltonian-32-layer:symmetric-hamiltonian,0.001953125,64,0.0316106874293247,0.9847560975609756,0.03594996110543488,0.9804639804639804,2.0656707286834717,f82d665edc1f046e05be0c503bf149ae1d15138a,False
complete,synthetic,synthetic-eigengap__synthetic__classical-symmetric-hamiltonian__mlp__values__lr0.01__seed7,results/runs/classical_baseline/synthetic/synthetic-eigengap__synthetic__classical-symmetric-hamiltonian__mlp__values__lr0.01__seed7.json,synthetic-eigengap,synthetic,symmetric-hamiltonian,mlp,values,eigenvalues,7,0,0.01,2000,32,True,2949,328,819,4,73,513,512,global-hamiltonian-32-layer:symmetric-hamiltonian,0.001953125,54,0.03365086878267584,0.9817073170731707,0.03562041905898237,0.9841269841269841,2.0314738750457764,f82d665edc1f046e05be0c503bf149ae1d15138a,False
complete,synthetic,synthetic-eigengap__synthetic__classical-symmetric-hamiltonian__mlp__values__lr0.01__seed8,results/runs/classical_baseline/synthetic/synthetic-eigengap__synthetic__classical-symmetric-hamiltonian__mlp__values__lr0.01__seed8.json,synthetic-eigengap,synthetic,symmetric-hamiltonian,mlp,values,eigenvalues,8,0,0.01,2000,32,True,2949,328,819,4,73,513,512,global-hamiltonian-32-layer:symmetric-hamiltonian,0.001953125,60,0.03987658768832498,0.9817073170731707,0.03586315656364605,0.9829059829059829,2.0694761276245117,f82d665edc1f046e05be0c503bf149ae1d15138a,False
complete,synthetic,synthetic-eigengap__synthetic__classical-symmetric-hamiltonian__mlp__values__lr0.01__seed9,results/runs/classical_baseline/synthetic/synthetic-eigengap__synthetic__classical-symmetric-hamiltonian__mlp__values__lr0.01__seed9.json,synthetic-eigengap,synthetic,symmetric-hamiltonian,mlp,values,eigenvalues,9,0,0.01,2000,32,True,2949,328,819,4,73,513,512,global-hamiltonian-32-layer:symmetric-hamiltonian,0.001953125,56,0.031195777159904497,0.9878048780487805,0.0385167320492122,0.9792429792429792,2.0401761531829834,f82d665edc1f046e05be0c503bf149ae1d15138a,False
complete,synthetic,synthetic-singular__synthetic__classical-block-hamiltonian__mlp__values__lr0.01__seed0,results/runs/classical_baseline/synthetic/synthetic-singular__synthetic__classical-block-hamiltonian__mlp__values__lr0.01__seed0.json,synthetic-singular,synthetic,block-hamiltonian,mlp,values,singular_values,0,0,0.01,2000,32,True,2949,328,819,2,294,1472,1472,global-hamiltonian-32-layer:block-hamiltonian,0.0,42,0.03496688665167311,0.9847560975609756,0.04398875977293607,0.9829059829059829,2.450369358062744,f82d665edc1f046e05be0c503bf149ae1d15138a,False
complete,synthetic,synthetic-singular__synthetic__classical-block-hamiltonian__mlp__values__lr0.01__seed1,results/runs/classical_baseline/synthetic/synthetic-singular__synthetic__classical-block-hamiltonian__mlp__values__lr0.01__seed1.json,synthetic-singular,synthetic,block-hamiltonian,mlp,values,singular_values,1,0,0.01,2000,32,True,2949,328,819,2,294,1472,1472,global-hamiltonian-32-layer:block-hamiltonian,0.0,28,0.03380584225549537,0.9847560975609756,0.033529775071344615,0.9829059829059829,2.384828567504883,f82d665edc1f046e05be0c503bf149ae1d15138a,False
complete,synthetic,synthetic-singular__synthetic__classical-block-hamiltonian__mlp__values__lr0.01__seed10,results/runs/classical_baseline/synthetic/synthetic-singular__synthetic__classical-block-hamiltonian__mlp__values__lr0.01__seed10.json,synthetic-singular,synthetic,block-hamiltonian,mlp,values,singular_values,10,0,0.01,2000,32,True,2949,328,819,2,294,1472,1472,global-hamiltonian-32-layer:block-hamiltonian,0.0,34,0.031623157156737886,0.9878048780487805,0.028932966149709933,0.9877899877899878,2.4186415672302246,f82d665edc1f046e05be0c503bf149ae1d15138a,False
complete,synthetic,synthetic-singular__synthetic__classical-block-hamiltonian__mlp__values__lr0.01__seed11,results/runs/classical_baseline/synthetic/synthetic-singular__synthetic__classical-block-hamiltonian__mlp__values__lr0.01__seed11.json,synthetic-singular,synthetic,block-hamiltonian,mlp,values,singular_values,11,0,0.01,2000,32,True,2949,328,819,2,294,1472,1472,global-hamiltonian-32-layer:block-hamiltonian,0.0,34,0.03020231613298302,0.9878048780487805,0.03285525596236001,0.9841269841269841,2.4178879261016846,f82d665edc1f046e05be0c503bf149ae1d15138a,False
complete,synthetic,synthetic-singular__synthetic__classical-block-hamiltonian__mlp__values__lr0.01__seed12,results/runs/classical_baseline/synthetic/synthetic-singular__synthetic__classical-block-hamiltonian__mlp__values__lr0.01__seed12.json,synthetic-singular,synthetic,block-hamiltonian,mlp,values,singular_values,12,0,0.01,2000,32,True,2949,328,819,2,294,1472,1472,global-hamiltonian-32-layer:block-hamiltonian,0.0,44,0.029637919346556903,0.9878048780487805,0.0397796803704043,0.9841269841269841,2.4498019218444824,f82d665edc1f046e05be0c503bf149ae1d15138a,False
complete,synthetic,synthetic-singular__synthetic__classical-block-hamiltonian__mlp__values__lr0.01__seed13,results/runs/classical_baseline/synthetic/synthetic-singular__synthetic__classical-block-hamiltonian__mlp__values__lr0.01__seed13.json,synthetic-singular,synthetic,block-hamiltonian,mlp,values,singular_values,13,0,0.01,2000,32,True,2949,328,819,2,294,1472,1472,global-hamiltonian-32-layer:block-hamiltonian,0.0,49,0.027478371507606673,0.9847560975609756,0.035853789847840246,0.9841269841269841,2.4685158729553223,f82d665edc1f046e05be0c503bf149ae1d15138a,False
complete,synthetic,synthetic-singular__synthetic__classical-block-hamiltonian__mlp__values__lr0.01__seed14,results/runs/classical_baseline/synthetic/synthetic-singular__synthetic__classical-block-hamiltonian__mlp__values__lr0.01__seed14.json,synthetic-singular,synthetic,block-hamiltonian,mlp,values,singular_values,14,0,0.01,2000,32,True,2949,328,819,2,294,1472,1472,global-hamiltonian-32-layer:block-hamiltonian,0.0,32,0.03154096734931455,0.9847560975609756,0.03910036517507839,0.9841269841269841,2.343514919281006,f82d665edc1f046e05be0c503bf149ae1d15138a,False
complete,synthetic,synthetic-singular__synthetic__classical-block-hamiltonian__mlp__values__lr0.01__seed15,results/runs/classical_baseline/synthetic/synthetic-singular__synthetic__classical-block-hamiltonian__mlp__values__lr0.01__seed15.json,synthetic-singular,synthetic,block-hamiltonian,mlp,values,singular_values,15,0,0.01,2000,32,True,2949,328,819,2,294,1472,1472,global-hamiltonian-32-layer:block-hamiltonian,0.0,37,0.03257486958834841,0.9817073170731707,0.043466973214548385,0.9841269841269841,2.384460926055908,f82d665edc1f046e05be0c503bf149ae1d15138a,False
complete,synthetic,synthetic-singular__synthetic__classical-block-hamiltonian__mlp__values__lr0.01__seed16,results/runs/classical_baseline/synthetic/synthetic-singular__synthetic__classical-block-hamiltonian__mlp__values__lr0.01__seed16.json,synthetic-singular,synthetic,block-hamiltonian,mlp,values,singular_values,16,0,0.01,2000,32,True,2949,328,819,2,294,1472,1472,global-hamiltonian-32-layer:block-hamiltonian,0.0,31,0.03382084952669685,0.9847560975609756,0.029956824489187295,0.9877899877899878,2.3744328022003174,f82d665edc1f046e05be0c503bf149ae1d15138a,False
complete,synthetic,synthetic-singular__synthetic__classical-block-hamiltonian__mlp__values__lr0.01__seed17,results/runs/classical_baseline/synthetic/synthetic-singular__synthetic__classical-block-hamiltonian__mlp__values__lr0.01__seed17.json,synthetic-singular,synthetic,block-hamiltonian,mlp,values,singular_values,17,0,0.01,2000,32,True,2949,328,819,2,294,1472,1472,global-hamiltonian-32-layer:block-hamiltonian,0.0,28,0.04033396229364432,0.975609756097561,0.04804549318410169,0.9804639804639804,2.3230857849121094,f82d665edc1f046e05be0c503bf149ae1d15138a,False
complete,synthetic,synthetic-singular__synthetic__classical-block-hamiltonian__mlp__values__lr0.01__seed18,results/runs/classical_baseline/synthetic/synthetic-singular__synthetic__classical-block-hamiltonian__mlp__values__lr0.01__seed18.json,synthetic-singular,synthetic,block-hamiltonian,mlp,values,singular_values,18,0,0.01,2000,32,True,2949,328,819,2,294,1472,1472,global-hamiltonian-32-layer:block-hamiltonian,0.0,34,0.030020463751191703,0.9878048780487805,0.03087247645169975,0.9853479853479854,2.390857458114624,f82d665edc1f046e05be0c503bf149ae1d15138a,False
complete,synthetic,synthetic-singular__synthetic__classical-block-hamiltonian__mlp__values__lr0.01__seed19,results/runs/classical_baseline/synthetic/synthetic-singular__synthetic__classical-block-hamiltonian__mlp__values__lr0.01__seed19.json,synthetic-singular,synthetic,block-hamiltonian,mlp,values,singular_values,19,0,0.01,2000,32,True,2949,328,819,2,294,1472,1472,global-hamiltonian-32-layer:block-hamiltonian,0.0,24,0.029911703814841102,0.9878048780487805,0.028828388219934213,0.9853479853479854,2.326066493988037,f82d665edc1f046e05be0c503bf149ae1d15138a,False
complete,synthetic,synthetic-singular__synthetic__classical-block-hamiltonian__mlp__values__lr0.01__seed2,results/runs/classical_baseline/synthetic/synthetic-singular__synthetic__classical-block-hamiltonian__mlp__values__lr0.01__seed2.json,synthetic-singular,synthetic,block-hamiltonian,mlp,values,singular_values,2,0,0.01,2000,32,True,2949,328,819,2,294,1472,1472,global-hamiltonian-32-layer:block-hamiltonian,0.0,24,0.03113372010873676,0.9878048780487805,0.03287635611357879,0.9841269841269841,2.3535385131835938,f82d665edc1f046e05be0c503bf149ae1d15138a,False
complete,synthetic,synthetic-singular__synthetic__classical-block-hamiltonian__mlp__values__lr0.01__seed3,results/runs/classical_baseline/synthetic/synthetic-singular__synthetic__classical-block-hamiltonian__mlp__values__lr0.01__seed3.json,synthetic-singular,synthetic,block-hamiltonian,mlp,values,singular_values,3,0,0.01,2000,32,True,2949,328,819,2,294,1472,1472,global-hamiltonian-32-layer:block-hamiltonian,0.0,39,0.04261175549296386,0.9817073170731707,0.028960374674809265,0.9877899877899878,2.4360008239746094,f82d665edc1f046e05be0c503bf149ae1d15138a,False
complete,synthetic,synthetic-singular__synthetic__classical-block-hamiltonian__mlp__values__lr0.01__seed4,results/runs/classical_baseline/synthetic/synthetic-singular__synthetic__classical-block-hamiltonian__mlp__values__lr0.01__seed4.json,synthetic-singular,synthetic,block-hamiltonian,mlp,values,singular_values,4,0,0.01,2000,32,True,2949,328,819,2,294,1472,1472,global-hamiltonian-32-layer:block-hamiltonian,0.0,49,0.02726814234917416,0.9908536585365854,0.034213423816781816,0.9841269841269841,2.456050395965576,f82d665edc1f046e05be0c503bf149ae1d15138a,False
complete,synthetic,synthetic-singular__synthetic__classical-block-hamiltonian__mlp__values__lr0.01__seed5,results/runs/classical_baseline/synthetic/synthetic-singular__synthetic__classical-block-hamiltonian__mlp__values__lr0.01__seed5.json,synthetic-singular,synthetic,block-hamiltonian,mlp,values,singular_values,5,0,0.01,2000,32,True,2949,328,819,2,294,1472,1472,global-hamiltonian-32-layer:block-hamiltonian,0.0,57,0.03412468038454614,0.9847560975609756,0.03095325992574802,0.9877899877899878,2.5178756713867188,f82d665edc1f046e05be0c503bf149ae1d15138a,False
complete,synthetic,synthetic-singular__synthetic__classical-block-hamiltonian__mlp__values__lr0.01__seed6,results/runs/classical_baseline/synthetic/synthetic-singular__synthetic__classical-block-hamiltonian__mlp__values__lr0.01__seed6.json,synthetic-singular,synthetic,block-hamiltonian,mlp,values,singular_values,6,0,0.01,2000,32,True,2949,328,819,2,294,1472,1472,global-hamiltonian-32-layer:block-hamiltonian,0.0,37,0.028723170168203097,0.9878048780487805,0.029313716320345257,0.9853479853479854,2.3919968605041504,f82d665edc1f046e05be0c503bf149ae1d15138a,False
complete,synthetic,synthetic-singular__synthetic__classical-block-hamiltonian__mlp__values__lr0.01__seed7,results/runs/classical_baseline/synthetic/synthetic-singular__synthetic__classical-block-hamiltonian__mlp__values__lr0.01__seed7.json,synthetic-singular,synthetic,block-hamiltonian,mlp,values,singular_values,7,0,0.01,2000,32,True,2949,328,819,2,294,1472,1472,global-hamiltonian-32-layer:block-hamiltonian,0.0,43,0.030292897927558543,0.9878048780487805,0.03919717535308229,0.9841269841269841,2.44537091255188,f82d665edc1f046e05be0c503bf149ae1d15138a,False
complete,synthetic,synthetic-singular__synthetic__classical-block-hamiltonian__mlp__values__lr0.01__seed8,results/runs/classical_baseline/synthetic/synthetic-singular__synthetic__classical-block-hamiltonian__mlp__values__lr0.01__seed8.json,synthetic-singular,synthetic,block-hamiltonian,mlp,values,singular_values,8,0,0.01,2000,32,True,2949,328,819,2,294,1472,1472,global-hamiltonian-32-layer:block-hamiltonian,0.0,36,0.02598035941890335,0.9908536585365854,0.03282759576202698,0.9853479853479854,2.383052110671997,f82d665edc1f046e05be0c503bf149ae1d15138a,False
complete,synthetic,synthetic-singular__synthetic__classical-block-hamiltonian__mlp__values__lr0.01__seed9,results/runs/classical_baseline/synthetic/synthetic-singular__synthetic__classical-block-hamiltonian__mlp__values__lr0.01__seed9.json,synthetic-singular,synthetic,block-hamiltonian,mlp,values,singular_values,9,0,0.01,2000,32,True,2949,328,819,2,294,1472,1472,global-hamiltonian-32-layer:block-hamiltonian,0.0,30,0.04319289848774422,0.9817073170731707,0.028982581821869777,0.9877899877899878,2.3704307079315186,f82d665edc1f046e05be0c503bf149ae1d15138a,False
complete,synthetic,synthetic-singular__synthetic__classical-raw-data__mlp__raw__lr0.01__seed0,results/runs/classical_baseline/synthetic/synthetic-singular__synthetic__classical-raw-data__mlp__raw__lr0.01__seed0.json,synthetic-singular,synthetic,raw-data,mlp,raw,raw_values,0,0,0.01,2000,32,True,2949,328,819,16,77,1465,1472,global-hamiltonian-32-layer:block-hamiltonian,0.004755434782608696,183,0.6457650720628483,0.9115853658536586,0.4428195484249214,0.9157509157509157,2.5779290199279785,f82d665edc1f046e05be0c503bf149ae1d15138a,False
complete,synthetic,synthetic-singular__synthetic__classical-raw-data__mlp__raw__lr0.01__seed1,results/runs/classical_baseline/synthetic/synthetic-singular__synthetic__classical-raw-data__mlp__raw__lr0.01__seed1.json,synthetic-singular,synthetic,raw-data,mlp,raw,raw_values,1,0,0.01,2000,32,True,2949,328,819,16,77,1465,1472,global-hamiltonian-32-layer:block-hamiltonian,0.004755434782608696,178,0.504657952911422,0.8932926829268293,0.4298533130041052,0.9072039072039072,2.5602264404296875,f82d665edc1f046e05be0c503bf149ae1d15138a,False
complete,synthetic,synthetic-singular__synthetic__classical-raw-data__mlp__raw__lr0.01__seed10,results/runs/classical_baseline/synthetic/synthetic-singular__synthetic__classical-raw-data__mlp__raw__lr0.01__seed10.json,synthetic-singular,synthetic,raw-data,mlp,raw,raw_values,10,0,0.01,2000,32,True,2949,328,819,16,77,1465,1472,global-hamiltonian-32-layer:block-hamiltonian,0.004755434782608696,177,0.49432438165820086,0.9146341463414634,0.4297463417630569,0.9157509157509157,2.5335822105407715,f82d665edc1f046e05be0c503bf149ae1d15138a,False
complete,synthetic,synthetic-singular__synthetic__classical-raw-data__mlp__raw__lr0.01__seed11,results/runs/classical_baseline/synthetic/synthetic-singular__synthetic__classical-raw-data__mlp__raw__lr0.01__seed11.json,synthetic-singular,synthetic,raw-data,mlp,raw,raw_values,11,0,0.01,2000,32,True,2949,328,819,16,77,1465,1472,global-hamiltonian-32-layer:block-hamiltonian,0.004755434782608696,167,0.5943404896516866,0.899390243902439,0.43441419448321955,0.9169719169719169,2.5428407192230225,f82d665edc1f046e05be0c503bf149ae1d15138a,False
complete,synthetic,synthetic-singular__synthetic__classical-raw-data__mlp__raw__lr0.01__seed12,results/runs/classical_baseline/synthetic/synthetic-singular__synthetic__classical-raw-data__mlp__raw__lr0.01__seed12.json,synthetic-singular,synthetic,raw-data,mlp,raw,raw_values,12,0,0.01,2000,32,True,2949,328,819,16,77,1465,1472,global-hamiltonian-32-layer:block-hamiltonian,0.004755434782608696,169,0.5466988448751785,0.9085365853658537,0.48344704913105296,0.9072039072039072,2.549776315689087,f82d665edc1f046e05be0c503bf149ae1d15138a,False
complete,synthetic,synthetic-singular__synthetic__classical-raw-data__mlp__raw__lr0.01__seed13,results/runs/classical_baseline/synthetic/synthetic-singular__synthetic__classical-raw-data__mlp__raw__lr0.01__seed13.json,synthetic-singular,synthetic,raw-data,mlp,raw,raw_values,13,0,0.01,2000,32,True,2949,328,819,16,77,1465,1472,global-hamiltonian-32-layer:block-hamiltonian,0.004755434782608696,177,0.582833713145327,0.8902439024390244,0.4566500754483927,0.9133089133089133,2.5483336448669434,f82d665edc1f046e05be0c503bf149ae1d15138a,False
complete,synthetic,synthetic-singular__synthetic__classical-raw-data__mlp__raw__lr0.01__seed14,results/runs/classical_baseline/synthetic/synthetic-singular__synthetic__classical-raw-data__mlp__raw__lr0.01__seed14.json,synthetic-singular,synthetic,raw-data,mlp,raw,raw_values,14,0,0.01,2000,32,True,2949,328,819,16,77,1465,1472,global-hamiltonian-32-layer:block-hamiltonian,0.004755434782608696,152,0.4769180074807379,0.9115853658536586,0.39124721679174457,0.9084249084249084,2.469041585922241,f82d665edc1f046e05be0c503bf149ae1d15138a,False
complete,synthetic,synthetic-singular__synthetic__classical-raw-data__mlp__raw__lr0.01__seed15,results/runs/classical_baseline/synthetic/synthetic-singular__synthetic__classical-raw-data__mlp__raw__lr0.01__seed15.json,synthetic-singular,synthetic,raw-data,mlp,raw,raw_values,15,0,0.01,2000,32,True,2949,328,819,16,77,1465,1472,global-hamiltonian-32-layer:block-hamiltonian,0.004755434782608696,171,0.5029344434911401,0.9115853658536586,0.4551330826722556,0.905982905982906,2.534846305847168,f82d665edc1f046e05be0c503bf149ae1d15138a,False
complete,synthetic,synthetic-singular__synthetic__classical-raw-data__mlp__raw__lr0.01__seed16,results/runs/classical_baseline/synthetic/synthetic-singular__synthetic__classical-raw-data__mlp__raw__lr0.01__seed16.json,synthetic-singular,synthetic,raw-data,mlp,raw,raw_values,16,0,0.01,2000,32,True,2949,328,819,16,77,1465,1472,global-hamiltonian-32-layer:block-hamiltonian,0.004755434782608696,160,0.5671504279525662,0.9085365853658537,0.4394386253834895,0.9169719169719169,2.518162250518799,f82d665edc1f046e05be0c503bf149ae1d15138a,False
complete,synthetic,synthetic-singular__synthetic__classical-raw-data__mlp__raw__lr0.01__seed17,results/runs/classical_baseline/synthetic/synthetic-singular__synthetic__classical-raw-data__mlp__raw__lr0.01__seed17.json,synthetic-singular,synthetic,raw-data,mlp,raw,raw_values,17,0,0.01,2000,32,True,2949,328,819,16,77,1465,1472,global-hamiltonian-32-layer:block-hamiltonian,0.004755434782608696,181,0.634364961100284,0.9024390243902439,0.4490717290965439,0.9145299145299145,2.59322190284729,f82d665edc1f046e05be0c503bf149ae1d15138a,False
complete,synthetic,synthetic-singular__synthetic__classical-raw-data__mlp__raw__lr0.01__seed18,results/runs/classical_baseline/synthetic/synthetic-singular__synthetic__classical-raw-data__mlp__raw__lr0.01__seed18.json,synthetic-singular,synthetic,raw-data,mlp,raw,raw_values,18,0,0.01,2000,32,True,2949,328,819,16,77,1465,1472,global-hamiltonian-32-layer:block-hamiltonian,0.004755434782608696,169,0.5474495308351456,0.9054878048780488,0.4626413264304553,0.9120879120879121,2.5372543334960938,f82d665edc1f046e05be0c503bf149ae1d15138a,False
complete,synthetic,synthetic-singular__synthetic__classical-raw-data__mlp__raw__lr0.01__seed19,results/runs/classical_baseline/synthetic/synthetic-singular__synthetic__classical-raw-data__mlp__raw__lr0.01__seed19.json,synthetic-singular,synthetic,raw-data,mlp,raw,raw_values,19,0,0.01,2000,32,True,2949,328,819,16,77,1465,1472,global-hamiltonian-32-layer:block-hamiltonian,0.004755434782608696,189,0.5557345240323519,0.8932926829268293,0.43359635988267875,0.9169719169719169,2.563793182373047,f82d665edc1f046e05be0c503bf149ae1d15138a,False
complete,synthetic,synthetic-singular__synthetic__classical-raw-data__mlp__raw__lr0.01__seed2,results/runs/classical_baseline/synthetic/synthetic-singular__synthetic__classical-raw-data__mlp__raw__lr0.01__seed2.json,synthetic-singular,synthetic,raw-data,mlp,raw,raw_values,2,0,0.01,2000,32,True,2949,328,819,16,77,1465,1472,global-hamiltonian-32-layer:block-hamiltonian,0.004755434782608696,173,0.5543698363854613,0.8871951219512195,0.43472294022329416,0.9133089133089133,2.560638666152954,f82d665edc1f046e05be0c503bf149ae1d15138a,False
complete,synthetic,synthetic-singular__synthetic__classical-raw-data__mlp__raw__lr0.01__seed3,results/runs/classical_baseline/synthetic/synthetic-singular__synthetic__classical-raw-data__mlp__raw__lr0.01__seed3.json,synthetic-singular,synthetic,raw-data,mlp,raw,raw_values,3,0,0.01,2000,32,True,2949,328,819,16,77,1465,1472,global-hamiltonian-32-layer:block-hamiltonian,0.004755434782608696,181,0.48346112886679615,0.9085365853658537,0.42215956978654734,0.9157509157509157,2.566136121749878,f82d665edc1f046e05be0c503bf149ae1d15138a,False
complete,synthetic,synthetic-singular__synthetic__classical-raw-data__mlp__raw__lr0.01__seed4,results/runs/classical_baseline/synthetic/synthetic-singular__synthetic__classical-raw-data__mlp__raw__lr0.01__seed4.json,synthetic-singular,synthetic,raw-data,mlp,raw,raw_values,4,0,0.01,2000,32,True,2949,328,819,16,77,1465,1472,global-hamiltonian-32-layer:block-hamiltonian,0.004755434782608696,170,0.46286952062999126,0.9085365853658537,0.37291104271560566,0.9194139194139194,2.5202698707580566,f82d665edc1f046e05be0c503bf149ae1d15138a,False
complete,synthetic,synthetic-singular__synthetic__classical-raw-data__mlp__raw__lr0.01__seed5,results/runs/classical_baseline/synthetic/synthetic-singular__synthetic__classical-raw-data__mlp__raw__lr0.01__seed5.json,synthetic-singular,synthetic,raw-data,mlp,raw,raw_values,5,0,0.01,2000,32,True,2949,328,819,16,77,1465,1472,global-hamiltonian-32-layer:block-hamiltonian,0.004755434782608696,105,0.36501202090728824,0.9115853658536586,0.35985868265572524,0.9120879120879121,2.3348934650421143,f82d665edc1f046e05be0c503bf149ae1d15138a,False
complete,synthetic,synthetic-singular__synthetic__classical-raw-data__mlp__raw__lr0.01__seed6,results/runs/classical_baseline/synthetic/synthetic-singular__synthetic__classical-raw-data__mlp__raw__lr0.01__seed6.json,synthetic-singular,synthetic,raw-data,mlp,raw,raw_values,6,0,0.01,2000,32,True,2949,328,819,16,77,1465,1472,global-hamiltonian-32-layer:block-hamiltonian,0.004755434782608696,179,0.5512713837947212,0.9024390243902439,0.39854079825629446,0.9218559218559218,2.5651354789733887,f82d665edc1f046e05be0c503bf149ae1d15138a,False
complete,synthetic,synthetic-singular__synthetic__classical-raw-data__mlp__raw__lr0.01__seed7,results/runs/classical_baseline/synthetic/synthetic-singular__synthetic__classical-raw-data__mlp__raw__lr0.01__seed7.json,synthetic-singular,synthetic,raw-data,mlp,raw,raw_values,7,0,0.01,2000,32,True,2949,328,819,16,77,1465,1472,global-hamiltonian-32-layer:block-hamiltonian,0.004755434782608696,171,0.5649033216480096,0.8963414634146342,0.47211510531680895,0.9035409035409036,2.5753278732299805,f82d665edc1f046e05be0c503bf149ae1d15138a,False
complete,synthetic,synthetic-singular__synthetic__classical-raw-data__mlp__raw__lr0.01__seed8,results/runs/classical_baseline/synthetic/synthetic-singular__synthetic__classical-raw-data__mlp__raw__lr0.01__seed8.json,synthetic-singular,synthetic,raw-data,mlp,raw,raw_values,8,0,0.01,2000,32,True,2949,328,819,16,77,1465,1472,global-hamiltonian-32-layer:block-hamiltonian,0.004755434782608696,171,0.4638391030149757,0.9054878048780488,0.39877746083282267,0.9255189255189256,2.5531632900238037,f82d665edc1f046e05be0c503bf149ae1d15138a,False
complete,synthetic,synthetic-singular__synthetic__classical-raw-data__mlp__raw__lr0.01__seed9,results/runs/classical_baseline/synthetic/synthetic-singular__synthetic__classical-raw-data__mlp__raw__lr0.01__seed9.json,synthetic-singular,synthetic,raw-data,mlp,raw,raw_values,9,0,0.01,2000,32,True,2949,328,819,16,77,1465,1472,global-hamiltonian-32-layer:block-hamiltonian,0.004755434782608696,199,0.49244675724191933,0.9024390243902439,0.5243913944933057,0.9023199023199023,2.635984182357788,f82d665edc1f046e05be0c503bf149ae1d15138a,False
complete,synthetic,synthetic-singular__synthetic__classical-symmetric-hamiltonian__mlp__values__lr0.01__seed0,results/runs/classical_baseline/synthetic/synthetic-singular__synthetic__classical-symmetric-hamiltonian__mlp__values__lr0.01__seed0.json,synthetic-singular,synthetic,symmetric-hamiltonian,mlp,values,eigenvalues,0,0,0.01,2000,32,True,2949,328,819,8,90,992,992,global-hamiltonian-32-layer:symmetric-hamiltonian,0.0,104,0.03417417831420224,0.9847560975609756,0.09301692216576408,0.9706959706959707,2.7927515506744385,f82d665edc1f046e05be0c503bf149ae1d15138a,False
complete,synthetic,synthetic-singular__synthetic__classical-symmetric-hamiltonian__mlp__values__lr0.01__seed1,results/runs/classical_baseline/synthetic/synthetic-singular__synthetic__classical-symmetric-hamiltonian__mlp__values__lr0.01__seed1.json,synthetic-singular,synthetic,symmetric-hamiltonian,mlp,values,eigenvalues,1,0,0.01,2000,32,True,2949,328,819,8,90,992,992,global-hamiltonian-32-layer:symmetric-hamiltonian,0.0,159,0.04871145544439075,0.9878048780487805,0.11465382396923042,0.9743589743589743,2.9809927940368652,f82d665edc1f046e05be0c503bf149ae1d15138a,False
complete,synthetic,synthetic-singular__synthetic__classical-symmetric-hamiltonian__mlp__values__lr0.01__seed10,results/runs/classical_baseline/synthetic/synthetic-singular__synthetic__classical-symmetric-hamiltonian__mlp__values__lr0.01__seed10.json,synthetic-singular,synthetic,symmetric-hamiltonian,mlp,values,eigenvalues,10,0,0.01,2000,32,True,2949,328,819,8,90,992,992,global-hamiltonian-32-layer:symmetric-hamiltonian,0.0,183,0.07197955225442235,0.9786585365853658,0.13138171876667418,0.9755799755799756,3.034919023513794,f82d665edc1f046e05be0c503bf149ae1d15138a,False
complete,synthetic,synthetic-singular__synthetic__classical-symmetric-hamiltonian__mlp__values__lr0.01__seed11,results/runs/classical_baseline/synthetic/synthetic-singular__synthetic__classical-symmetric-hamiltonian__mlp__values__lr0.01__seed11.json,synthetic-singular,synthetic,symmetric-hamiltonian,mlp,values,eigenvalues,11,0,0.01,2000,32,True,2949,328,819,8,90,992,992,global-hamiltonian-32-layer:symmetric-hamiltonian,0.0,158,0.09234117769620069,0.9725609756097561,0.1497253337912918,0.9682539682539683,3.000535249710083,f82d665edc1f046e05be0c503bf149ae1d15138a,False
complete,synthetic,synthetic-singular__synthetic__classical-symmetric-hamiltonian__mlp__values__lr0.01__seed12,results/runs/classical_baseline/synthetic/synthetic-singular__synthetic__classical-symmetric-hamiltonian__mlp__values__lr0.01__seed12.json,synthetic-singular,synthetic,symmetric-hamiltonian,mlp,values,eigenvalues,12,0,0.01,2000,32,True,2949,328,819,8,90,992,992,global-hamiltonian-32-layer:symmetric-hamiltonian,0.0,105,0.04625039842168872,0.9817073170731707,0.09276826509441469,0.9731379731379731,2.7961156368255615,f82d665edc1f046e05be0c503bf149ae1d15138a,False
complete,synthetic,synthetic-singular__synthetic__classical-symmetric-hamiltonian__mlp__values__lr0.01__seed13,results/runs/classical_baseline/synthetic/synthetic-singular__synthetic__classical-symmetric-hamiltonian__mlp__values__lr0.01__seed13.json,synthetic-singular,synthetic,symmetric-hamiltonian,mlp,values,eigenvalues,13,0,0.01,2000,32,True,2949,328,819,8,90,992,992,global-hamiltonian-32-layer:symmetric-hamiltonian,0.0,44,0.03420118951954916,0.9939024390243902,0.0713443479154645,0.9755799755799756,2.5708696842193604,f82d665edc1f046e05be0c503bf149ae1d15138a,False
complete,synthetic,synthetic-singular__synthetic__classical-symmetric-hamiltonian__mlp__values__lr0.01__seed14,results/runs/classical_baseline/synthetic/synthetic-singular__synthetic__classical-symmetric-hamiltonian__mlp__values__lr0.01__seed14.json,synthetic-singular,synthetic,symmetric-hamiltonian,mlp,values,eigenvalues,14,0,0.01,2000,32,True,2949,328,819,8,90,992,992,global-hamiltonian-32-layer:symmetric-hamiltonian,0.0,133,0.055402963143714165,0.9817073170731707,0.10835463722882598,0.9682539682539683,2.892850875854492,f82d665edc1f046e05be0c503bf149ae1d15138a,False
complete,synthetic,synthetic-singular__synthetic__classical-symmetric-hamiltonian__mlp__values__lr0.01__seed15,results/runs/classical_baseline/synthetic/synthetic-singular__synthetic__classical-symmetric-hamiltonian__mlp__values__lr0.01__seed15.json,synthetic-singular,synthetic,symmetric-hamiltonian,mlp,values,eigenvalues,15,0,0.01,2000,32,True,2949,328,819,8,90,992,992,global-hamiltonian-32-layer:symmetric-hamiltonian,0.0,179,0.05850863392623569,0.9847560975609756,0.14351210523550798,0.9706959706959707,2.9878456592559814,f82d665edc1f046e05be0c503bf149ae1d15138a,False
complete,synthetic,synthetic-singular__synthetic__classical-symmetric-hamiltonian__mlp__values__lr0.01__seed16,results/runs/classical_baseline/synthetic/synthetic-singular__synthetic__classical-symmetric-hamiltonian__mlp__values__lr0.01__seed16.json,synthetic-singular,synthetic,symmetric-hamiltonian,mlp,values,eigenvalues,16,0,0.01,2000,32,True,2949,328,819,8,90,992,992,global-hamiltonian-32-layer:symmetric-hamiltonian,0.0,175,0.07592540186343583,0.975609756097561,0.15397405869119174,0.9731379731379731,2.9350624084472656,f82d665edc1f046e05be0c503bf149ae1d15138a,False
complete,synthetic,synthetic-singular__synthetic__classical-symmetric-hamiltonian__mlp__values__lr0.01__seed17,results/runs/classical_baseline/synthetic/synthetic-singular__synthetic__classical-symmetric-hamiltonian__mlp__values__lr0.01__seed17.json,synthetic-singular,synthetic,symmetric-hamiltonian,mlp,values,eigenvalues,17,0,0.01,2000,32,True,2949,328,819,8,90,992,992,global-hamiltonian-32-layer:symmetric-hamiltonian,0.0,141,0.05595172929441981,0.9847560975609756,0.11113477615473188,0.9706959706959707,2.835101842880249,f82d665edc1f046e05be0c503bf149ae1d15138a,False
complete,synthetic,synthetic-singular__synthetic__classical-symmetric-hamiltonian__mlp__values__lr0.01__seed18,results/runs/classical_baseline/synthetic/synthetic-singular__synthetic__classical-symmetric-hamiltonian__mlp__values__lr0.01__seed18.json,synthetic-singular,synthetic,symmetric-hamiltonian,mlp,values,eigenvalues,18,0,0.01,2000,32,True,2949,328,819,8,90,992,992,global-hamiltonian-32-layer:symmetric-hamiltonian,0.0,206,0.0583259148993898,0.9817073170731707,0.16115539030167703,0.9719169719169719,3.112886667251587,f82d665edc1f046e05be0c503bf149ae1d15138a,False
complete,synthetic,synthetic-singular__synthetic__classical-symmetric-hamiltonian__mlp__values__lr0.01__seed19,results/runs/classical_baseline/synthetic/synthetic-singular__synthetic__classical-symmetric-hamiltonian__mlp__values__lr0.01__seed19.json,synthetic-singular,synthetic,symmetric-hamiltonian,mlp,values,eigenvalues,19,0,0.01,2000,32,True,2949,328,819,8,90,992,992,global-hamiltonian-32-layer:symmetric-hamiltonian,0.0,154,0.07818513191133343,0.975609756097561,0.14748373083805863,0.9731379731379731,2.958120584487915,f82d665edc1f046e05be0c503bf149ae1d15138a,False
complete,synthetic,synthetic-singular__synthetic__classical-symmetric-hamiltonian__mlp__values__lr0.01__seed2,results/runs/classical_baseline/synthetic/synthetic-singular__synthetic__classical-symmetric-hamiltonian__mlp__values__lr0.01__seed2.json,synthetic-singular,synthetic,symmetric-hamiltonian,mlp,values,eigenvalues,2,0,0.01,2000,32,True,2949,328,819,8,90,992,992,global-hamiltonian-32-layer:symmetric-hamiltonian,0.0,219,0.06266093293227937,0.9847560975609756,0.13581959919881129,0.9743589743589743,3.1512303352355957,f82d665edc1f046e05be0c503bf149ae1d15138a,False
complete,synthetic,synthetic-singular__synthetic__classical-symmetric-hamiltonian__mlp__values__lr0.01__seed3,results/runs/classical_baseline/synthetic/synthetic-singular__synthetic__classical-symmetric-hamiltonian__mlp__values__lr0.01__seed3.json,synthetic-singular,synthetic,symmetric-hamiltonian,mlp,values,eigenvalues,3,0,0.01,2000,32,True,2949,328,819,8,90,992,992,global-hamiltonian-32-layer:symmetric-hamiltonian,0.0,148,0.05397401485612011,0.9817073170731707,0.11103377734875636,0.9731379731379731,2.932741641998291,f82d665edc1f046e05be0c503bf149ae1d15138a,False
complete,synthetic,synthetic-singular__synthetic__classical-symmetric-hamiltonian__mlp__values__lr0.01__seed4,results/runs/classical_baseline/synthetic/synthetic-singular__synthetic__classical-symmetric-hamiltonian__mlp__values__lr0.01__seed4.json,synthetic-singular,synthetic,symmetric-hamiltonian,mlp,values,eigenvalues,4,0,0.01,2000,32,True,2949,328,819,8,90,992,992,global-hamiltonian-32-layer:symmetric-hamiltonian,0.0,160,0.04276599400295454,0.9878048780487805,0.13856828356653653,0.9719169719169719,2.9682037830352783,f82d665edc1f046e05be0c503bf149ae1d15138a,False
complete,synthetic,synthetic-singular__synthetic__classical-symmetric-hamiltonian__mlp__values__lr0.01__seed5,results/runs/classical_baseline/synthetic/synthetic-singular__synthetic__classical-symmetric-hamiltonian__mlp__values__lr0.01__seed5.json,synthetic-singular,synthetic,symmetric-hamiltonian,mlp,values,eigenvalues,5,0,0.01,2000,32,True,2949,328,819,8,90,992,992,global-hamiltonian-32-layer:symmetric-hamiltonian,0.0,196,0.05110909749574519,0.9817073170731707,0.13194333776078823,0.9719169719169719,3.075134754180908,f82d665edc1f046e05be0c503bf149ae1d15138a,False
complete,synthetic,synthetic-singular__synthetic__classical-symmetric-hamiltonian__mlp__values__lr0.01__seed6,results/runs/classical_baseline/synthetic/synthetic-singular__synthetic__classical-symmetric-hamiltonian__mlp__values__lr0.01__seed6.json,synthetic-singular,synthetic,symmetric-hamiltonian,mlp,values,eigenvalues,6,0,0.01,2000,32,True,2949,328,819,8,90,992,992,global-hamiltonian-32-layer:symmetric-hamiltonian,0.0,52,0.04678904759633243,0.9878048780487805,0.07133091579446627,0.9743589743589743,2.6293270587921143,f82d665edc1f046e05be0c503bf149ae1d15138a,False
complete,synthetic,synthetic-singular__synthetic__classical-symmetric-hamiltonian__mlp__values__lr0.01__seed7,results/runs/classical_baseline/synthetic/synthetic-singular__synthetic__classical-symmetric-hamiltonian__mlp__values__lr0.01__seed7.json,synthetic-singular,synthetic,symmetric-hamiltonian,mlp,values,eigenvalues,7,0,0.01,2000,32,True,2949,328,819,8,90,992,992,global-hamiltonian-32-layer:symmetric-hamiltonian,0.0,131,0.049995951728521865,0.9847560975609756,0.10426005299346248,0.9755799755799756,2.8215744495391846,f82d665edc1f046e05be0c503bf149ae1d15138a,False
complete,synthetic,synthetic-singular__synthetic__classical-symmetric-hamiltonian__mlp__values__lr0.01__seed8,results/runs/classical_baseline/synthetic/synthetic-singular__synthetic__classical-symmetric-hamiltonian__mlp__values__lr0.01__seed8.json,synthetic-singular,synthetic,symmetric-hamiltonian,mlp,values,eigenvalues,8,0,0.01,2000,32,True,2949,328,819,8,90,992,992,global-hamiltonian-32-layer:symmetric-hamiltonian,0.0,153,0.058465686256272395,0.9878048780487805,0.15482632663731896,0.9731379731379731,2.9496243000030518,f82d665edc1f046e05be0c503bf149ae1d15138a,False
complete,synthetic,synthetic-singular__synthetic__classical-symmetric-hamiltonian__mlp__values__lr0.01__seed9,results/runs/classical_baseline/synthetic/synthetic-singular__synthetic__classical-symmetric-hamiltonian__mlp__values__lr0.01__seed9.json,synthetic-singular,synthetic,symmetric-hamiltonian,mlp,values,eigenvalues,9,0,0.01,2000,32,True,2949,328,819,8,90,992,992,global-hamiltonian-32-layer:symmetric-hamiltonian,0.0,159,0.06755523585069893,0.9786585365853658,0.1218345691462148,0.9768009768009768,2.964146375656128,f82d665edc1f046e05be0c503bf149ae1d15138a,False
