status,manifest_id,job_slug,run_dir,dataset,representation,encoder,depth,seed,learning_rate,batch_size,steps,standardize,initial_state,projector_renormalize,track_readout_leakage,final_validation_loss,final_validation_accuracy,final_test_loss,final_test_accuracy,best_validation_accuracy,validation_accuracy_auc,time_to_target_step,wall_time_seconds,mean_readout_leakage_mass,parameter_count,n_qubits,hilbert_dim,git_commit,git_dirty
complete,pendigits,pendigits__dyn__block-hamiltonian__L16__lr0.01__bs32__seed0,results/runs/pendigits/pendigits__dyn__block-hamiltonian__L16__lr0.01__bs32__seed0_seed0,pendigits,dyn,block-hamiltonian,16,0,0.01,32,2000,True,plus,True,False,0.29567656637729706,0.9613333333333334,0.3499151635281099,0.9419668381932533,0.9653333333333334,1784.5333333333338,,95.05372071266174,,736,4,16,457b0468ba5f023a4a9f38816dbca0899481d04d,False
complete,pendigits,pendigits__dyn__block-hamiltonian__L16__lr0.01__bs32__seed10,results/runs/pendigits/pendigits__dyn__block-hamiltonian__L16__lr0.01__bs32__seed10_seed10,pendigits,dyn,block-hamiltonian,16,10,0.01,32,2000,True,plus,True,False,0.3597202307458941,0.9653333333333334,0.4021126169021739,0.9439679817038308,0.972,1759.0666666666668,,97.60741662979126,,736,4,16,457b0468ba5f023a4a9f38816dbca0899481d04d,False
complete,pendigits,pendigits__dyn__block-hamiltonian__L16__lr0.01__bs32__seed11,results/runs/pendigits/pendigits__dyn__block-hamiltonian__L16__lr0.01__bs32__seed11_seed11,pendigits,dyn,block-hamiltonian,16,11,0.01,32,2000,True,plus,True,False,0.3773580422824637,0.9613333333333334,0.4343778578165448,0.933390508862207,0.9626666666666667,1767.2666666666667,,96.69328689575195,,736,4,16,457b0468ba5f023a4a9f38816dbca0899481d04d,False
complete,pendigits,pendigits__dyn__block-hamiltonian__L16__lr0.01__bs32__seed12,results/runs/pendigits/pendigits__dyn__block-hamiltonian__L16__lr0.01__bs32__seed12_seed12,pendigits,dyn,block-hamiltonian,16,12,0.01,32,2000,True,plus,True,False,0.3409887153094832,0.9586666666666667,0.41161229175163916,0.9216695254431103,0.9626666666666667,1779.0666666666668,,96.77324533462524,,736,4,16,457b0468ba5f023a4a9f38816dbca0899481d04d,False
complete,pendigits,pendigits__dyn__block-hamiltonian__L16__lr0.01__bs32__seed13,results/runs/pendigits/pendigits__dyn__block-hamiltonian__L16__lr0.01__bs32__seed13_seed13,pendigits,dyn,block-hamiltonian,16,13,0.01,32,2000,True,plus,True,False,0.34272238155739726,0.9586666666666667,0.39620938157142144,0.9282447112635792,0.9626666666666667,1792.6,,94.72720003128052,,736,4,16,457b0468ba5f023a4a9f38816dbca0899481d04d,False
complete,pendigits,pendigits__dyn__block-hamiltonian__L16__lr0.01__bs32__seed14,results/runs/pendigits/pendigits__dyn__block-hamiltonian__L16__lr0.01__bs32__seed14_seed14,pendigits,dyn,block-hamiltonian,16,14,0.01,32,2000,True,plus,True,False,0.30597682269988413,0.9666666666666667,0.3754656069109656,0.9411092052601486,0.976,1788.8000000000006,,97.11012816429138,,736,4,16,457b0468ba5f023a4a9f38816dbca0899481d04d,False
complete,pendigits,pendigits__dyn__block-hamiltonian__L16__lr0.01__bs32__seed15,results/runs/pendigits/pendigits__dyn__block-hamiltonian__L16__lr0.01__bs32__seed15_seed15,pendigits,dyn,block-hamiltonian,16,15,0.01,32,2000,True,plus,True,False,0.3070654265644883,0.9666666666666667,0.3700008567529774,0.9385363064608347,0.9706666666666667,1787.1333333333332,,99.1366605758667,,736,4,16,457b0468ba5f023a4a9f38816dbca0899481d04d,False
complete,pendigits,pendigits__dyn__block-hamiltonian__L16__lr0.01__bs32__seed16,results/runs/pendigits/pendigits__dyn__block-hamiltonian__L16__lr0.01__bs32__seed16_seed16,pendigits,dyn,block-hamiltonian,16,16,0.01,32,2000,True,plus,True,False,0.27863179054806686,0.9693333333333334,0.35507307421003664,0.949685534591195,0.976,1811.3333333333335,,95.93398857116699,,736,4,16,457b0468ba5f023a4a9f38816dbca0899481d04d,False
complete,pendigits,pendigits__dyn__block-hamiltonian__L16__lr0.01__bs32__seed17,results/runs/pendigits/pendigits__dyn__block-hamiltonian__L16__lr0.01__bs32__seed17_seed17,pendigits,dyn,block-hamiltonian,16,17,0.01,32,2000,True,plus,True,False,0.286610317723396,0.968,0.36459921533234957,0.9322469982847341,0.9746666666666667,1798.0666666666666,,94.5610601902008,,736,4,16,457b0468ba5f023a4a9f38816dbca0899481d04d,False
complete,pendigits,pendigits__dyn__block-hamiltonian__L16__lr0.01__bs32__seed18,results/runs/pendigits/pendigits__dyn__block-hamiltonian__L16__lr0.01__bs32__seed18_seed18,pendigits,dyn,block-hamiltonian,16,18,0.01,32,2000,True,plus,True,False,0.3734253794719429,0.9466666666666667,0.45336381574922274,0.9159519725557461,0.9613333333333334,1755.0,,95.55803346633911,,736,4,16,457b0468ba5f023a4a9f38816dbca0899481d04d,False
complete,pendigits,pendigits__dyn__block-hamiltonian__L16__lr0.01__bs32__seed19,results/runs/pendigits/pendigits__dyn__block-hamiltonian__L16__lr0.01__bs32__seed19_seed19,pendigits,dyn,block-hamiltonian,16,19,0.01,32,2000,True,plus,True,False,0.3062237053537367,0.9653333333333334,0.3668394672306052,0.9453973699256718,0.9706666666666667,1797.7333333333331,,96.60652279853821,,736,4,16,457b0468ba5f023a4a9f38816dbca0899481d04d,False
complete,pendigits,pendigits__dyn__block-hamiltonian__L16__lr0.01__bs32__seed1,results/runs/pendigits/pendigits__dyn__block-hamiltonian__L16__lr0.01__bs32__seed1_seed1,pendigits,dyn,block-hamiltonian,16,1,0.01,32,2000,True,plus,True,False,0.28691986654782137,0.96,0.32952253472996207,0.9456832475700401,0.9653333333333334,1800.5999999999997,,96.07270240783691,,736,4,16,457b0468ba5f023a4a9f38816dbca0899481d04d,False
complete,pendigits,pendigits__dyn__block-hamiltonian__L16__lr0.01__bs32__seed2,results/runs/pendigits/pendigits__dyn__block-hamiltonian__L16__lr0.01__bs32__seed2_seed2,pendigits,dyn,block-hamiltonian,16,2,0.01,32,2000,True,plus,True,False,0.3385774086566842,0.9626666666666667,0.40071561220247226,0.9508290451686678,0.9626666666666667,1776.0666666666666,,96.39847207069397,,736,4,16,457b0468ba5f023a4a9f38816dbca0899481d04d,False
complete,pendigits,pendigits__dyn__block-hamiltonian__L16__lr0.01__bs32__seed3,results/runs/pendigits/pendigits__dyn__block-hamiltonian__L16__lr0.01__bs32__seed3_seed3,pendigits,dyn,block-hamiltonian,16,3,0.01,32,2000,True,plus,True,False,0.3242734803099502,0.9666666666666667,0.38675382906570016,0.9342481417953116,0.9666666666666667,1776.1999999999998,,95.37836718559265,,736,4,16,457b0468ba5f023a4a9f38816dbca0899481d04d,False
complete,pendigits,pendigits__dyn__block-hamiltonian__L16__lr0.01__bs32__seed4,results/runs/pendigits/pendigits__dyn__block-hamiltonian__L16__lr0.01__bs32__seed4_seed4,pendigits,dyn,block-hamiltonian,16,4,0.01,32,2000,True,plus,True,False,0.3220400537448628,0.9613333333333334,0.39155941780963954,0.9442538593481989,0.9653333333333334,1770.8,,95.52988028526306,,736,4,16,457b0468ba5f023a4a9f38816dbca0899481d04d,False
complete,pendigits,pendigits__dyn__block-hamiltonian__L16__lr0.01__bs32__seed5,results/runs/pendigits/pendigits__dyn__block-hamiltonian__L16__lr0.01__bs32__seed5_seed5,pendigits,dyn,block-hamiltonian,16,5,0.01,32,2000,True,plus,True,False,0.31738477738353654,0.964,0.39658987592892253,0.9282447112635792,0.968,1781.0666666666666,,93.29043555259705,,736,4,16,457b0468ba5f023a4a9f38816dbca0899481d04d,False
complete,pendigits,pendigits__dyn__block-hamiltonian__L16__lr0.01__bs32__seed6,results/runs/pendigits/pendigits__dyn__block-hamiltonian__L16__lr0.01__bs32__seed6_seed6,pendigits,dyn,block-hamiltonian,16,6,0.01,32,2000,True,plus,True,False,0.3118791503110013,0.9693333333333334,0.36542432994124063,0.9505431675242996,0.972,1763.0666666666668,,95.44265246391296,,736,4,16,457b0468ba5f023a4a9f38816dbca0899481d04d,False
complete,pendigits,pendigits__dyn__block-hamiltonian__L16__lr0.01__bs32__seed7,results/runs/pendigits/pendigits__dyn__block-hamiltonian__L16__lr0.01__bs32__seed7_seed7,pendigits,dyn,block-hamiltonian,16,7,0.01,32,2000,True,plus,True,False,0.29495744794704337,0.96,0.3777190622262238,0.923956546598056,0.9706666666666667,1787.1999999999998,,96.59114122390747,,736,4,16,457b0468ba5f023a4a9f38816dbca0899481d04d,False
complete,pendigits,pendigits__dyn__block-hamiltonian__L16__lr0.01__bs32__seed8,results/runs/pendigits/pendigits__dyn__block-hamiltonian__L16__lr0.01__bs32__seed8_seed8,pendigits,dyn,block-hamiltonian,16,8,0.01,32,2000,True,plus,True,False,0.29952211799445283,0.964,0.3639058938934836,0.9376786735277302,0.968,1783.8666666666668,,96.87329339981079,,736,4,16,457b0468ba5f023a4a9f38816dbca0899481d04d,False
complete,pendigits,pendigits__dyn__block-hamiltonian__L16__lr0.01__bs32__seed9,results/runs/pendigits/pendigits__dyn__block-hamiltonian__L16__lr0.01__bs32__seed9_seed9,pendigits,dyn,block-hamiltonian,16,9,0.01,32,2000,True,plus,True,False,0.32048232652729275,0.9666666666666667,0.36239023257134306,0.9534019439679817,0.9666666666666667,1753.7333333333333,,95.99271154403687,,736,4,16,457b0468ba5f023a4a9f38816dbca0899481d04d,False
complete,pendigits,pendigits__dyn__block-hamiltonian__L1__lr0.01__bs32__seed0,results/runs/pendigits/pendigits__dyn__block-hamiltonian__L1__lr0.01__bs32__seed0_seed0,pendigits,dyn,block-hamiltonian,1,0,0.01,32,2000,True,plus,True,False,1.486779860793839,0.544,1.5446719334007424,0.4719839908519154,0.5773333333333334,1010.2,,15.333603620529175,,46,4,16,457b0468ba5f023a4a9f38816dbca0899481d04d,False
complete,pendigits,pendigits__dyn__block-hamiltonian__L1__lr0.01__bs32__seed10,results/runs/pendigits/pendigits__dyn__block-hamiltonian__L1__lr0.01__bs32__seed10_seed10,pendigits,dyn,block-hamiltonian,1,10,0.01,32,2000,True,plus,True,False,1.5051325818322072,0.5213333333333333,1.5640160058576504,0.5194396798170383,0.5773333333333334,1026.3333333333335,,15.044316053390503,,46,4,16,457b0468ba5f023a4a9f38816dbca0899481d04d,False
complete,pendigits,pendigits__dyn__block-hamiltonian__L1__lr0.01__bs32__seed11,results/runs/pendigits/pendigits__dyn__block-hamiltonian__L1__lr0.01__bs32__seed11_seed11,pendigits,dyn,block-hamiltonian,1,11,0.01,32,2000,True,plus,True,False,1.4488859956289968,0.5506666666666666,1.5195403741539102,0.5128644939965694,0.6213333333333333,1024.3333333333335,,14.702807188034058,,46,4,16,457b0468ba5f023a4a9f38816dbca0899481d04d,False
complete,pendigits,pendigits__dyn__block-hamiltonian__L1__lr0.01__bs32__seed12,results/runs/pendigits/pendigits__dyn__block-hamiltonian__L1__lr0.01__bs32__seed12_seed12,pendigits,dyn,block-hamiltonian,1,12,0.01,32,2000,True,plus,True,False,1.616302520775001,0.5186666666666667,1.7180804850438804,0.48284734133790735,0.5866666666666667,997.8,,15.268734455108643,,46,4,16,457b0468ba5f023a4a9f38816dbca0899481d04d,False
complete,pendigits,pendigits__dyn__block-hamiltonian__L1__lr0.01__bs32__seed13,results/runs/pendigits/pendigits__dyn__block-hamiltonian__L1__lr0.01__bs32__seed13_seed13,pendigits,dyn,block-hamiltonian,1,13,0.01,32,2000,True,plus,True,False,1.4781225712435868,0.58,1.5220335984914997,0.5557461406518011,0.592,1030.2666666666667,,15.288668632507324,,46,4,16,457b0468ba5f023a4a9f38816dbca0899481d04d,False
complete,pendigits,pendigits__dyn__block-hamiltonian__L1__lr0.01__bs32__seed14,results/runs/pendigits/pendigits__dyn__block-hamiltonian__L1__lr0.01__bs32__seed14_seed14,pendigits,dyn,block-hamiltonian,1,14,0.01,32,2000,True,plus,True,False,1.4992954050378253,0.588,1.5653134081320101,0.5414522584333905,0.5973333333333334,991.1333333333333,,16.57948112487793,,46,4,16,457b0468ba5f023a4a9f38816dbca0899481d04d,False
complete,pendigits,pendigits__dyn__block-hamiltonian__L1__lr0.01__bs32__seed15,results/runs/pendigits/pendigits__dyn__block-hamiltonian__L1__lr0.01__bs32__seed15_seed15,pendigits,dyn,block-hamiltonian,1,15,0.01,32,2000,True,plus,True,False,1.475680494702655,0.5106666666666667,1.5585296783554816,0.46083476272155516,0.6013333333333334,1014.3333333333333,,15.028396368026733,,46,4,16,457b0468ba5f023a4a9f38816dbca0899481d04d,False
complete,pendigits,pendigits__dyn__block-hamiltonian__L1__lr0.01__bs32__seed16,results/runs/pendigits/pendigits__dyn__block-hamiltonian__L1__lr0.01__bs32__seed16_seed16,pendigits,dyn,block-hamiltonian,1,16,0.01,32,2000,True,plus,True,False,1.4842192528306295,0.5106666666666667,1.5349209554575758,0.4754145225843339,0.5853333333333334,1040.4,,15.653294086456299,,46,4,16,457b0468ba5f023a4a9f38816dbca0899481d04d,False
complete,pendigits,pendigits__dyn__block-hamiltonian__L1__lr0.01__bs32__seed17,results/runs/pendigits/pendigits__dyn__block-hamiltonian__L1__lr0.01__bs32__seed17_seed17,pendigits,dyn,block-hamiltonian,1,17,0.01,32,2000,True,plus,True,False,1.4986523462456482,0.5786666666666667,1.5645068972233616,0.5445969125214408,0.5786666666666667,1008.7333333333333,,15.268362998962402,,46,4,16,457b0468ba5f023a4a9f38816dbca0899481d04d,False
complete,pendigits,pendigits__dyn__block-hamiltonian__L1__lr0.01__bs32__seed18,results/runs/pendigits/pendigits__dyn__block-hamiltonian__L1__lr0.01__bs32__seed18_seed18,pendigits,dyn,block-hamiltonian,1,18,0.01,32,2000,True,plus,True,False,1.494051806106726,0.556,1.557240691276733,0.5105774728416238,0.5986666666666667,1000.8,,15.294478416442871,,46,4,16,457b0468ba5f023a4a9f38816dbca0899481d04d,False
complete,pendigits,pendigits__dyn__block-hamiltonian__L1__lr0.01__bs32__seed19,results/runs/pendigits/pendigits__dyn__block-hamiltonian__L1__lr0.01__bs32__seed19_seed19,pendigits,dyn,block-hamiltonian,1,19,0.01,32,2000,True,plus,True,False,1.4768453937202777,0.512,1.5168248933662023,0.4731275014293882,0.5826666666666667,998.1333333333334,,15.300763130187988,,46,4,16,457b0468ba5f023a4a9f38816dbca0899481d04d,False
complete,pendigits,pendigits__dyn__block-hamiltonian__L1__lr0.01__bs32__seed1,results/runs/pendigits/pendigits__dyn__block-hamiltonian__L1__lr0.01__bs32__seed1_seed1,pendigits,dyn,block-hamiltonian,1,1,0.01,32,2000,True,plus,True,False,1.4694832324169493,0.5786666666666667,1.5397611447065096,0.5345911949685535,0.6093333333333333,1042.3333333333335,,16.585286140441895,,46,4,16,457b0468ba5f023a4a9f38816dbca0899481d04d,False
complete,pendigits,pendigits__dyn__block-hamiltonian__L1__lr0.01__bs32__seed2,results/runs/pendigits/pendigits__dyn__block-hamiltonian__L1__lr0.01__bs32__seed2_seed2,pendigits,dyn,block-hamiltonian,1,2,0.01,32,2000,True,plus,True,False,1.4939219653388598,0.584,1.555406105769494,0.5222984562607204,0.62,1023.8666666666666,,16.788075923919678,,46,4,16,457b0468ba5f023a4a9f38816dbca0899481d04d,False
complete,pendigits,pendigits__dyn__block-hamiltonian__L1__lr0.01__bs32__seed3,results/runs/pendigits/pendigits__dyn__block-hamiltonian__L1__lr0.01__bs32__seed3_seed3,pendigits,dyn,block-hamiltonian,1,3,0.01,32,2000,True,plus,True,False,1.4959824702315392,0.54,1.545782709508012,0.5140080045740423,0.5746666666666667,1006.7333333333332,,15.002862691879272,,46,4,16,457b0468ba5f023a4a9f38816dbca0899481d04d,False
complete,pendigits,pendigits__dyn__block-hamiltonian__L1__lr0.01__bs32__seed4,results/runs/pendigits/pendigits__dyn__block-hamiltonian__L1__lr0.01__bs32__seed4_seed4,pendigits,dyn,block-hamiltonian,1,4,0.01,32,2000,True,plus,True,False,1.4882651938306863,0.5106666666666667,1.5511966607986019,0.48170383076043455,0.5666666666666667,987.4000000000001,,16.48442006111145,,46,4,16,457b0468ba5f023a4a9f38816dbca0899481d04d,False
complete,pendigits,pendigits__dyn__block-hamiltonian__L1__lr0.01__bs32__seed5,results/runs/pendigits/pendigits__dyn__block-hamiltonian__L1__lr0.01__bs32__seed5_seed5,pendigits,dyn,block-hamiltonian,1,5,0.01,32,2000,True,plus,True,False,1.4542182570444344,0.5106666666666667,1.5266997830427782,0.5131503716409377,0.616,1024.5333333333333,,14.998276948928833,,46,4,16,457b0468ba5f023a4a9f38816dbca0899481d04d,False
complete,pendigits,pendigits__dyn__block-hamiltonian__L1__lr0.01__bs32__seed6,results/runs/pendigits/pendigits__dyn__block-hamiltonian__L1__lr0.01__bs32__seed6_seed6,pendigits,dyn,block-hamiltonian,1,6,0.01,32,2000,True,plus,True,False,1.4734119017247398,0.6226666666666667,1.535747306435837,0.5617495711835334,0.6226666666666667,1060.3333333333333,,15.454846382141113,,46,4,16,457b0468ba5f023a4a9f38816dbca0899481d04d,False
complete,pendigits,pendigits__dyn__block-hamiltonian__L1__lr0.01__bs32__seed7,results/runs/pendigits/pendigits__dyn__block-hamiltonian__L1__lr0.01__bs32__seed7_seed7,pendigits,dyn,block-hamiltonian,1,7,0.01,32,2000,True,plus,True,False,1.4577728339717664,0.5506666666666666,1.5289589041762992,0.5277301315037164,0.596,1035.8,,16.30937170982361,,46,4,16,457b0468ba5f023a4a9f38816dbca0899481d04d,False
complete,pendigits,pendigits__dyn__block-hamiltonian__L1__lr0.01__bs32__seed8,results/runs/pendigits/pendigits__dyn__block-hamiltonian__L1__lr0.01__bs32__seed8_seed8,pendigits,dyn,block-hamiltonian,1,8,0.01,32,2000,True,plus,True,False,1.467521119267518,0.56,1.5300217423456353,0.5245854774156661,0.6026666666666667,1042.0666666666668,,14.871803045272827,,46,4,16,457b0468ba5f023a4a9f38816dbca0899481d04d,False
complete,pendigits,pendigits__dyn__block-hamiltonian__L1__lr0.01__bs32__seed9,results/runs/pendigits/pendigits__dyn__block-hamiltonian__L1__lr0.01__bs32__seed9_seed9,pendigits,dyn,block-hamiltonian,1,9,0.01,32,2000,True,plus,True,False,1.457707896815025,0.564,1.5162965716114682,0.5225843339050886,0.6133333333333333,1020.6666666666667,,16.081374168395996,,46,4,16,457b0468ba5f023a4a9f38816dbca0899481d04d,False
complete,pendigits,pendigits__dyn__block-hamiltonian__L2__lr0.01__bs32__seed0,results/runs/pendigits/pendigits__dyn__block-hamiltonian__L2__lr0.01__bs32__seed0_seed0,pendigits,dyn,block-hamiltonian,2,0,0.01,32,2000,True,plus,True,False,0.99790540544249,0.8,1.1416233001279081,0.7292738707833047,0.848,1498.5333333333333,,19.474332094192505,,92,4,16,457b0468ba5f023a4a9f38816dbca0899481d04d,False
complete,pendigits,pendigits__dyn__block-hamiltonian__L2__lr0.01__bs32__seed10,results/runs/pendigits/pendigits__dyn__block-hamiltonian__L2__lr0.01__bs32__seed10_seed10,pendigits,dyn,block-hamiltonian,2,10,0.01,32,2000,True,plus,True,False,1.0208971269130016,0.784,1.0775933653187808,0.7847341337907375,0.8,1456.0666666666666,,20.07769274711609,,92,4,16,457b0468ba5f023a4a9f38816dbca0899481d04d,False
complete,pendigits,pendigits__dyn__block-hamiltonian__L2__lr0.01__bs32__seed11,results/runs/pendigits/pendigits__dyn__block-hamiltonian__L2__lr0.01__bs32__seed11_seed11,pendigits,dyn,block-hamiltonian,2,11,0.01,32,2000,True,plus,True,False,0.986185494572371,0.8013333333333333,1.101459708335379,0.7361349342481418,0.8146666666666667,1469.9333333333332,,19.53813600540161,,92,4,16,457b0468ba5f023a4a9f38816dbca0899481d04d,False
complete,pendigits,pendigits__dyn__block-hamiltonian__L2__lr0.01__bs32__seed12,results/runs/pendigits/pendigits__dyn__block-hamiltonian__L2__lr0.01__bs32__seed12_seed12,pendigits,dyn,block-hamiltonian,2,12,0.01,32,2000,True,plus,True,False,0.9719084387049931,0.8213333333333334,1.0483029750864934,0.789308176100629,0.848,1509.8666666666668,,19.698094606399536,,92,4,16,457b0468ba5f023a4a9f38816dbca0899481d04d,False
complete,pendigits,pendigits__dyn__block-hamiltonian__L2__lr0.01__bs32__seed13,results/runs/pendigits/pendigits__dyn__block-hamiltonian__L2__lr0.01__bs32__seed13_seed13,pendigits,dyn,block-hamiltonian,2,13,0.01,32,2000,True,plus,True,False,1.0116673520640587,0.7946666666666666,1.0606448648454894,0.7435677530017153,0.8093333333333333,1463.4666666666667,,22.05096435546875,,92,4,16,457b0468ba5f023a4a9f38816dbca0899481d04d,False
complete,pendigits,pendigits__dyn__block-hamiltonian__L2__lr0.01__bs32__seed14,results/runs/pendigits/pendigits__dyn__block-hamiltonian__L2__lr0.01__bs32__seed14_seed14,pendigits,dyn,block-hamiltonian,2,14,0.01,32,2000,True,plus,True,False,0.9424838378336373,0.8546666666666667,1.010813213576828,0.8096054888507719,0.8546666666666667,1498.6666666666665,,19.503690242767334,,92,4,16,457b0468ba5f023a4a9f38816dbca0899481d04d,False
complete,pendigits,pendigits__dyn__block-hamiltonian__L2__lr0.01__bs32__seed15,results/runs/pendigits/pendigits__dyn__block-hamiltonian__L2__lr0.01__bs32__seed15_seed15,pendigits,dyn,block-hamiltonian,2,15,0.01,32,2000,True,plus,True,False,0.9838451174470707,0.8066666666666666,1.0926594255777597,0.7469982847341338,0.8146666666666667,1471.0666666666668,,19.529808521270752,,92,4,16,457b0468ba5f023a4a9f38816dbca0899481d04d,False
complete,pendigits,pendigits__dyn__block-hamiltonian__L2__lr0.01__bs32__seed16,results/runs/pendigits/pendigits__dyn__block-hamiltonian__L2__lr0.01__bs32__seed16_seed16,pendigits,dyn,block-hamiltonian,2,16,0.01,32,2000,True,plus,True,False,1.0058931625546832,0.796,1.096278834899685,0.7435677530017153,0.8053333333333333,1477.5333333333333,,20.80307650566101,,92,4,16,457b0468ba5f023a4a9f38816dbca0899481d04d,False
complete,pendigits,pendigits__dyn__block-hamiltonian__L2__lr0.01__bs32__seed17,results/runs/pendigits/pendigits__dyn__block-hamiltonian__L2__lr0.01__bs32__seed17_seed17,pendigits,dyn,block-hamiltonian,2,17,0.01,32,2000,True,plus,True,False,0.967538505058046,0.8186666666666667,1.02868300049573,0.7910234419668382,0.828,1518.6000000000004,,19.56911563873291,,92,4,16,457b0468ba5f023a4a9f38816dbca0899481d04d,False
complete,pendigits,pendigits__dyn__block-hamiltonian__L2__lr0.01__bs32__seed18,results/runs/pendigits/pendigits__dyn__block-hamiltonian__L2__lr0.01__bs32__seed18_seed18,pendigits,dyn,block-hamiltonian,2,18,0.01,32,2000,True,plus,True,False,1.0410430871579142,0.7986666666666666,1.0935790421363905,0.7755860491709549,0.8253333333333334,1496.4666666666667,,19.560283660888672,,92,4,16,457b0468ba5f023a4a9f38816dbca0899481d04d,False
complete,pendigits,pendigits__dyn__block-hamiltonian__L2__lr0.01__bs32__seed19,results/runs/pendigits/pendigits__dyn__block-hamiltonian__L2__lr0.01__bs32__seed19_seed19,pendigits,dyn,block-hamiltonian,2,19,0.01,32,2000,True,plus,True,False,0.9644481237713016,0.8106666666666666,1.0158377316007574,0.7904516866781017,0.8173333333333334,1496.3999999999996,,20.93539309501648,,92,4,16,457b0468ba5f023a4a9f38816dbca0899481d04d,False
complete,pendigits,pendigits__dyn__block-hamiltonian__L2__lr0.01__bs32__seed1,results/runs/pendigits/pendigits__dyn__block-hamiltonian__L2__lr0.01__bs32__seed1_seed1,pendigits,dyn,block-hamiltonian,2,1,0.01,32,2000,True,plus,True,False,1.0251722521855602,0.812,1.0609178725909494,0.7813036020583191,0.832,1517.0666666666664,,19.488450050354004,,92,4,16,457b0468ba5f023a4a9f38816dbca0899481d04d,False
complete,pendigits,pendigits__dyn__block-hamiltonian__L2__lr0.01__bs32__seed2,results/runs/pendigits/pendigits__dyn__block-hamiltonian__L2__lr0.01__bs32__seed2_seed2,pendigits,dyn,block-hamiltonian,2,2,0.01,32,2000,True,plus,True,False,1.0025878562866997,0.8026666666666666,1.0182571449689268,0.7887364208118925,0.808,1433.4666666666667,,19.702823400497437,,92,4,16,457b0468ba5f023a4a9f38816dbca0899481d04d,False
complete,pendigits,pendigits__dyn__block-hamiltonian__L2__lr0.01__bs32__seed3,results/runs/pendigits/pendigits__dyn__block-hamiltonian__L2__lr0.01__bs32__seed3_seed3,pendigits,dyn,block-hamiltonian,2,3,0.01,32,2000,True,plus,True,False,1.0043480300887142,0.7746666666666666,1.0790381778919436,0.7592910234419669,0.8013333333333333,1452.1999999999998,,19.285051107406616,,92,4,16,457b0468ba5f023a4a9f38816dbca0899481d04d,False
complete,pendigits,pendigits__dyn__block-hamiltonian__L2__lr0.01__bs32__seed4,results/runs/pendigits/pendigits__dyn__block-hamiltonian__L2__lr0.01__bs32__seed4_seed4,pendigits,dyn,block-hamiltonian,2,4,0.01,32,2000,True,plus,True,False,0.988814272670517,0.7933333333333333,1.0573409194888843,0.7535734705546027,0.812,1469.8666666666668,,20.773797512054443,,92,4,16,457b0468ba5f023a4a9f38816dbca0899481d04d,False
complete,pendigits,pendigits__dyn__block-hamiltonian__L2__lr0.01__bs32__seed5,results/runs/pendigits/pendigits__dyn__block-hamiltonian__L2__lr0.01__bs32__seed5_seed5,pendigits,dyn,block-hamiltonian,2,5,0.01,32,2000,True,plus,True,False,1.0652392383797555,0.772,1.1129226165375592,0.6941109205260149,0.7773333333333333,1396.3333333333335,,19.68559980392456,,92,4,16,457b0468ba5f023a4a9f38816dbca0899481d04d,False
complete,pendigits,pendigits__dyn__block-hamiltonian__L2__lr0.01__bs32__seed6,results/runs/pendigits/pendigits__dyn__block-hamiltonian__L2__lr0.01__bs32__seed6_seed6,pendigits,dyn,block-hamiltonian,2,6,0.01,32,2000,True,plus,True,False,0.9931472990565662,0.84,1.0620179673491066,0.786735277301315,0.8506666666666667,1544.6666666666665,,19.196226119995117,,92,4,16,457b0468ba5f023a4a9f38816dbca0899481d04d,False
complete,pendigits,pendigits__dyn__block-hamiltonian__L2__lr0.01__bs32__seed7,results/runs/pendigits/pendigits__dyn__block-hamiltonian__L2__lr0.01__bs32__seed7_seed7,pendigits,dyn,block-hamiltonian,2,7,0.01,32,2000,True,plus,True,False,1.0625803784306707,0.7986666666666666,1.1028311863031675,0.7590051457975986,0.7986666666666666,1450.5333333333335,,21.53707218170166,,92,4,16,457b0468ba5f023a4a9f38816dbca0899481d04d,False
complete,pendigits,pendigits__dyn__block-hamiltonian__L2__lr0.01__bs32__seed8,results/runs/pendigits/pendigits__dyn__block-hamiltonian__L2__lr0.01__bs32__seed8_seed8,pendigits,dyn,block-hamiltonian,2,8,0.01,32,2000,True,plus,True,False,1.1310866655381449,0.7213333333333334,1.1431062537948424,0.7089765580331618,0.7653333333333333,1328.6666666666665,,19.32112193107605,,92,4,16,457b0468ba5f023a4a9f38816dbca0899481d04d,False
complete,pendigits,pendigits__dyn__block-hamiltonian__L2__lr0.01__bs32__seed9,results/runs/pendigits/pendigits__dyn__block-hamiltonian__L2__lr0.01__bs32__seed9_seed9,pendigits,dyn,block-hamiltonian,2,9,0.01,32,2000,True,plus,True,False,0.9524413001669867,0.8373333333333334,1.031768239539886,0.7873070325900514,0.8586666666666667,1475.9999999999998,,19.621723890304565,,92,4,16,457b0468ba5f023a4a9f38816dbca0899481d04d,False
complete,pendigits,pendigits__dyn__block-hamiltonian__L32__lr0.01__bs32__seed0,results/runs/pendigits/pendigits__dyn__block-hamiltonian__L32__lr0.01__bs32__seed0_seed0,pendigits,dyn,block-hamiltonian,32,0,0.01,32,2000,True,plus,True,False,0.2386814083105869,0.972,0.30519865415201974,0.9456832475700401,0.9733333333333334,1733.8666666666668,,171.05043649673462,,1472,4,16,457b0468ba5f023a4a9f38816dbca0899481d04d,False
complete,pendigits,pendigits__dyn__block-hamiltonian__L32__lr0.01__bs32__seed10,results/runs/pendigits/pendigits__dyn__block-hamiltonian__L32__lr0.01__bs32__seed10_seed10,pendigits,dyn,block-hamiltonian,32,10,0.01,32,2000,True,plus,True,False,0.4612227953182178,0.9586666666666667,0.4949097927904019,0.9448256146369354,0.976,1785.7999999999997,,171.9220576286316,,1472,4,16,457b0468ba5f023a4a9f38816dbca0899481d04d,False
complete,pendigits,pendigits__dyn__block-hamiltonian__L32__lr0.01__bs32__seed11,results/runs/pendigits/pendigits__dyn__block-hamiltonian__L32__lr0.01__bs32__seed11_seed11,pendigits,dyn,block-hamiltonian,32,11,0.01,32,2000,True,plus,True,False,0.25744500449147106,0.9653333333333334,0.3133230801648675,0.951114922813036,0.972,1687.3333333333335,,173.50160145759583,,1472,4,16,457b0468ba5f023a4a9f38816dbca0899481d04d,False
complete,pendigits,pendigits__dyn__block-hamiltonian__L32__lr0.01__bs32__seed12,results/runs/pendigits/pendigits__dyn__block-hamiltonian__L32__lr0.01__bs32__seed12_seed12,pendigits,dyn,block-hamiltonian,32,12,0.01,32,2000,True,plus,True,False,0.273768484016355,0.9746666666666667,0.32894255106978165,0.948256146369354,0.9773333333333334,1793.4666666666667,,171.67904353141785,,1472,4,16,457b0468ba5f023a4a9f38816dbca0899481d04d,False
complete,pendigits,pendigits__dyn__block-hamiltonian__L32__lr0.01__bs32__seed13,results/runs/pendigits/pendigits__dyn__block-hamiltonian__L32__lr0.01__bs32__seed13_seed13,pendigits,dyn,block-hamiltonian,32,13,0.01,32,2000,True,plus,True,False,0.2652299724234663,0.972,0.3253738125813072,0.951114922813036,0.9786666666666667,1813.4000000000003,,172.1648247241974,,1472,4,16,457b0468ba5f023a4a9f38816dbca0899481d04d,False
complete,pendigits,pendigits__dyn__block-hamiltonian__L32__lr0.01__bs32__seed14,results/runs/pendigits/pendigits__dyn__block-hamiltonian__L32__lr0.01__bs32__seed14_seed14,pendigits,dyn,block-hamiltonian,32,14,0.01,32,2000,True,plus,True,False,0.2644891742878533,0.9693333333333334,0.32975795621072146,0.9536878216123499,0.976,1780.0666666666668,,170.3337163925171,,1472,4,16,457b0468ba5f023a4a9f38816dbca0899481d04d,False
complete,pendigits,pendigits__dyn__block-hamiltonian__L32__lr0.01__bs32__seed15,results/runs/pendigits/pendigits__dyn__block-hamiltonian__L32__lr0.01__bs32__seed15_seed15,pendigits,dyn,block-hamiltonian,32,15,0.01,32,2000,True,plus,True,False,0.2571767273833954,0.9653333333333334,0.3184111999907987,0.9528301886792453,0.968,1733.9333333333332,,168.4816198348999,,1472,4,16,457b0468ba5f023a4a9f38816dbca0899481d04d,False
complete,pendigits,pendigits__dyn__block-hamiltonian__L32__lr0.01__bs32__seed16,results/runs/pendigits/pendigits__dyn__block-hamiltonian__L32__lr0.01__bs32__seed16_seed16,pendigits,dyn,block-hamiltonian,32,16,0.01,32,2000,True,plus,True,False,0.3013097558621147,0.9586666666666667,0.4001256947665817,0.9242424242424242,0.972,1812.4666666666667,,168.54679489135742,,1472,4,16,457b0468ba5f023a4a9f38816dbca0899481d04d,False
complete,pendigits,pendigits__dyn__block-hamiltonian__L32__lr0.01__bs32__seed17,results/runs/pendigits/pendigits__dyn__block-hamiltonian__L32__lr0.01__bs32__seed17_seed17,pendigits,dyn,block-hamiltonian,32,17,0.01,32,2000,True,plus,True,False,0.4168926380453923,0.9493333333333334,0.4932832554939586,0.9005145797598628,0.9626666666666667,1678.5333333333338,,168.46841406822205,,1472,4,16,457b0468ba5f023a4a9f38816dbca0899481d04d,False
complete,pendigits,pendigits__dyn__block-hamiltonian__L32__lr0.01__bs32__seed18,results/runs/pendigits/pendigits__dyn__block-hamiltonian__L32__lr0.01__bs32__seed18_seed18,pendigits,dyn,block-hamiltonian,32,18,0.01,32,2000,True,plus,True,False,0.5345624298903161,0.8893333333333333,0.5791152805472126,0.8593481989708405,0.9666666666666667,1758.2666666666664,,170.5743751525879,,1472,4,16,457b0468ba5f023a4a9f38816dbca0899481d04d,False
complete,pendigits,pendigits__dyn__block-hamiltonian__L32__lr0.01__bs32__seed19,results/runs/pendigits/pendigits__dyn__block-hamiltonian__L32__lr0.01__bs32__seed19_seed19,pendigits,dyn,block-hamiltonian,32,19,0.01,32,2000,True,plus,True,False,0.28305196716633957,0.968,0.33926283831160353,0.9562607204116638,0.972,1808.2666666666669,,172.35868287086487,,1472,4,16,457b0468ba5f023a4a9f38816dbca0899481d04d,False
complete,pendigits,pendigits__dyn__block-hamiltonian__L32__lr0.01__bs32__seed1,results/runs/pendigits/pendigits__dyn__block-hamiltonian__L32__lr0.01__bs32__seed1_seed1,pendigits,dyn,block-hamiltonian,32,1,0.01,32,2000,True,plus,True,False,0.2724297018510598,0.9733333333333334,0.32621144430100896,0.9536878216123499,0.9733333333333334,1739.333333333333,,168.62550854682922,,1472,4,16,457b0468ba5f023a4a9f38816dbca0899481d04d,False
complete,pendigits,pendigits__dyn__block-hamiltonian__L32__lr0.01__bs32__seed2,results/runs/pendigits/pendigits__dyn__block-hamiltonian__L32__lr0.01__bs32__seed2_seed2,pendigits,dyn,block-hamiltonian,32,2,0.01,32,2000,True,plus,True,False,1.2279572044393567,0.7186666666666667,1.2951913543990978,0.6981132075471698,0.9746666666666667,1792.6666666666665,,170.59133553504944,,1472,4,16,457b0468ba5f023a4a9f38816dbca0899481d04d,False
complete,pendigits,pendigits__dyn__block-hamiltonian__L32__lr0.01__bs32__seed3,results/runs/pendigits/pendigits__dyn__block-hamiltonian__L32__lr0.01__bs32__seed3_seed3,pendigits,dyn,block-hamiltonian,32,3,0.01,32,2000,True,plus,True,False,0.28708005818816734,0.9653333333333334,0.3541996307634645,0.9376786735277302,0.9746666666666667,1744.4,,169.41825985908508,,1472,4,16,457b0468ba5f023a4a9f38816dbca0899481d04d,False
complete,pendigits,pendigits__dyn__block-hamiltonian__L32__lr0.01__bs32__seed4,results/runs/pendigits/pendigits__dyn__block-hamiltonian__L32__lr0.01__bs32__seed4_seed4,pendigits,dyn,block-hamiltonian,32,4,0.01,32,2000,True,plus,True,False,0.4809641816992838,0.9493333333333334,0.5434576275478495,0.8973699256718125,0.9706666666666667,1797.7999999999997,,172.090815782547,,1472,4,16,457b0468ba5f023a4a9f38816dbca0899481d04d,False
complete,pendigits,pendigits__dyn__block-hamiltonian__L32__lr0.01__bs32__seed5,results/runs/pendigits/pendigits__dyn__block-hamiltonian__L32__lr0.01__bs32__seed5_seed5,pendigits,dyn,block-hamiltonian,32,5,0.01,32,2000,True,plus,True,False,0.3687870515034498,0.948,0.46498475762191577,0.8976558033161807,0.9666666666666667,1739.3333333333333,,169.4883451461792,,1472,4,16,457b0468ba5f023a4a9f38816dbca0899481d04d,False
complete,pendigits,pendigits__dyn__block-hamiltonian__L32__lr0.01__bs32__seed6,results/runs/pendigits/pendigits__dyn__block-hamiltonian__L32__lr0.01__bs32__seed6_seed6,pendigits,dyn,block-hamiltonian,32,6,0.01,32,2000,True,plus,True,False,0.2532063671015998,0.9786666666666667,0.299546464548298,0.9682675814751286,0.9786666666666667,1823.1999999999998,,173.01739072799683,,1472,4,16,457b0468ba5f023a4a9f38816dbca0899481d04d,False
complete,pendigits,pendigits__dyn__block-hamiltonian__L32__lr0.01__bs32__seed7,results/runs/pendigits/pendigits__dyn__block-hamiltonian__L32__lr0.01__bs32__seed7_seed7,pendigits,dyn,block-hamiltonian,32,7,0.01,32,2000,True,plus,True,False,0.30221014931148127,0.9626666666666667,0.3576413969428951,0.9296740994854202,0.9693333333333334,1776.0000000000002,,173.3953607082367,,1472,4,16,457b0468ba5f023a4a9f38816dbca0899481d04d,False
complete,pendigits,pendigits__dyn__block-hamiltonian__L32__lr0.01__bs32__seed8,results/runs/pendigits/pendigits__dyn__block-hamiltonian__L32__lr0.01__bs32__seed8_seed8,pendigits,dyn,block-hamiltonian,32,8,0.01,32,2000,True,plus,True,False,0.2377523168484184,0.976,0.30966350295577527,0.9516866781017724,0.9866666666666667,1788.5333333333333,,171.17639136314392,,1472,4,16,457b0468ba5f023a4a9f38816dbca0899481d04d,False
complete,pendigits,pendigits__dyn__block-hamiltonian__L32__lr0.01__bs32__seed9,results/runs/pendigits/pendigits__dyn__block-hamiltonian__L32__lr0.01__bs32__seed9_seed9,pendigits,dyn,block-hamiltonian,32,9,0.01,32,2000,True,plus,True,False,0.29497184949366567,0.9666666666666667,0.3493838999096579,0.9476843910806175,0.9693333333333334,1787.6666666666667,,169.79712438583374,,1472,4,16,457b0468ba5f023a4a9f38816dbca0899481d04d,False
complete,pendigits,pendigits__dyn__block-hamiltonian__L4__lr0.01__bs32__seed0,results/runs/pendigits/pendigits__dyn__block-hamiltonian__L4__lr0.01__bs32__seed0_seed0,pendigits,dyn,block-hamiltonian,4,0,0.01,32,2000,True,plus,True,False,0.6234709518035135,0.8986666666666666,0.6997778791101666,0.8567753001715266,0.9026666666666666,1641.2666666666664,,31.851343154907227,,184,4,16,457b0468ba5f023a4a9f38816dbca0899481d04d,False
complete,pendigits,pendigits__dyn__block-hamiltonian__L4__lr0.01__bs32__seed10,results/runs/pendigits/pendigits__dyn__block-hamiltonian__L4__lr0.01__bs32__seed10_seed10,pendigits,dyn,block-hamiltonian,4,10,0.01,32,2000,True,plus,True,False,0.6297087953754325,0.912,0.6732257771084762,0.8796455117209834,0.9306666666666666,1695.2,,31.109569311141968,,184,4,16,457b0468ba5f023a4a9f38816dbca0899481d04d,False
complete,pendigits,pendigits__dyn__block-hamiltonian__L4__lr0.01__bs32__seed11,results/runs/pendigits/pendigits__dyn__block-hamiltonian__L4__lr0.01__bs32__seed11_seed11,pendigits,dyn,block-hamiltonian,4,11,0.01,32,2000,True,plus,True,False,0.658441980557587,0.9186666666666666,0.7431821657391708,0.8687821612349914,0.9226666666666666,1687.6,,31.451074600219727,,184,4,16,457b0468ba5f023a4a9f38816dbca0899481d04d,False
complete,pendigits,pendigits__dyn__block-hamiltonian__L4__lr0.01__bs32__seed12,results/runs/pendigits/pendigits__dyn__block-hamiltonian__L4__lr0.01__bs32__seed12_seed12,pendigits,dyn,block-hamiltonian,4,12,0.01,32,2000,True,plus,True,False,0.8064947988233714,0.8493333333333334,0.8909985065931678,0.7964551172098342,0.9146666666666666,1675.2666666666667,,31.544283628463745,,184,4,16,457b0468ba5f023a4a9f38816dbca0899481d04d,False
complete,pendigits,pendigits__dyn__block-hamiltonian__L4__lr0.01__bs32__seed13,results/runs/pendigits/pendigits__dyn__block-hamiltonian__L4__lr0.01__bs32__seed13_seed13,pendigits,dyn,block-hamiltonian,4,13,0.01,32,2000,True,plus,True,False,0.6288746187144371,0.912,0.6932845368344551,0.8713550600343053,0.9146666666666666,1682.0666666666664,,32.02018070220947,,184,4,16,457b0468ba5f023a4a9f38816dbca0899481d04d,False
complete,pendigits,pendigits__dyn__block-hamiltonian__L4__lr0.01__bs32__seed14,results/runs/pendigits/pendigits__dyn__block-hamiltonian__L4__lr0.01__bs32__seed14_seed14,pendigits,dyn,block-hamiltonian,4,14,0.01,32,2000,True,plus,True,False,0.6588415516191559,0.88,0.7281041538289823,0.8473413379073756,0.9026666666666666,1639.3333333333333,,31.29715061187744,,184,4,16,457b0468ba5f023a4a9f38816dbca0899481d04d,False
complete,pendigits,pendigits__dyn__block-hamiltonian__L4__lr0.01__bs32__seed15,results/runs/pendigits/pendigits__dyn__block-hamiltonian__L4__lr0.01__bs32__seed15_seed15,pendigits,dyn,block-hamiltonian,4,15,0.01,32,2000,True,plus,True,False,0.6498383275167482,0.9053333333333333,0.7168913301112789,0.8627787307032591,0.9173333333333333,1696.1333333333332,,29.884960889816284,,184,4,16,457b0468ba5f023a4a9f38816dbca0899481d04d,False
complete,pendigits,pendigits__dyn__block-hamiltonian__L4__lr0.01__bs32__seed16,results/runs/pendigits/pendigits__dyn__block-hamiltonian__L4__lr0.01__bs32__seed16_seed16,pendigits,dyn,block-hamiltonian,4,16,0.01,32,2000,True,plus,True,False,0.6059456178107505,0.9066666666666666,0.7056340853382623,0.8539165237278444,0.916,1686.1333333333334,,31.42744255065918,,184,4,16,457b0468ba5f023a4a9f38816dbca0899481d04d,False
complete,pendigits,pendigits__dyn__block-hamiltonian__L4__lr0.01__bs32__seed17,results/runs/pendigits/pendigits__dyn__block-hamiltonian__L4__lr0.01__bs32__seed17_seed17,pendigits,dyn,block-hamiltonian,4,17,0.01,32,2000,True,plus,True,False,0.654630936957405,0.9053333333333333,0.7077078125829049,0.8702115494568324,0.908,1661.6666666666667,,30.87043309211731,,184,4,16,457b0468ba5f023a4a9f38816dbca0899481d04d,False
complete,pendigits,pendigits__dyn__block-hamiltonian__L4__lr0.01__bs32__seed18,results/runs/pendigits/pendigits__dyn__block-hamiltonian__L4__lr0.01__bs32__seed18_seed18,pendigits,dyn,block-hamiltonian,4,18,0.01,32,2000,True,plus,True,False,0.6737036949416964,0.896,0.7320128645205508,0.8610634648370498,0.9013333333333333,1670.8000000000002,,30.652721405029297,,184,4,16,457b0468ba5f023a4a9f38816dbca0899481d04d,False
complete,pendigits,pendigits__dyn__block-hamiltonian__L4__lr0.01__bs32__seed19,results/runs/pendigits/pendigits__dyn__block-hamiltonian__L4__lr0.01__bs32__seed19_seed19,pendigits,dyn,block-hamiltonian,4,19,0.01,32,2000,True,plus,True,False,0.6963055346341759,0.8946666666666667,0.7837273308974237,0.8310463121783876,0.9213333333333333,1666.8,,31.313839435577393,,184,4,16,457b0468ba5f023a4a9f38816dbca0899481d04d,False
complete,pendigits,pendigits__dyn__block-hamiltonian__L4__lr0.01__bs32__seed1,results/runs/pendigits/pendigits__dyn__block-hamiltonian__L4__lr0.01__bs32__seed1_seed1,pendigits,dyn,block-hamiltonian,4,1,0.01,32,2000,True,plus,True,False,0.6243061452174424,0.9053333333333333,0.718460007300256,0.868210405946255,0.912,1676.9333333333334,,32.45204567909241,,184,4,16,457b0468ba5f023a4a9f38816dbca0899481d04d,False
complete,pendigits,pendigits__dyn__block-hamiltonian__L4__lr0.01__bs32__seed2,results/runs/pendigits/pendigits__dyn__block-hamiltonian__L4__lr0.01__bs32__seed2_seed2,pendigits,dyn,block-hamiltonian,4,2,0.01,32,2000,True,plus,True,False,0.6722253392387154,0.888,0.7332010009753195,0.8524871355060034,0.8893333333333333,1639.8666666666668,,30.515321254730225,,184,4,16,457b0468ba5f023a4a9f38816dbca0899481d04d,False
complete,pendigits,pendigits__dyn__block-hamiltonian__L4__lr0.01__bs32__seed3,results/runs/pendigits/pendigits__dyn__block-hamiltonian__L4__lr0.01__bs32__seed3_seed3,pendigits,dyn,block-hamiltonian,4,3,0.01,32,2000,True,plus,True,False,0.6177764691058221,0.916,0.6809863370037637,0.8713550600343053,0.9186666666666666,1690.0000000000002,,31.325767755508423,,184,4,16,457b0468ba5f023a4a9f38816dbca0899481d04d,False
complete,pendigits,pendigits__dyn__block-hamiltonian__L4__lr0.01__bs32__seed4,results/runs/pendigits/pendigits__dyn__block-hamiltonian__L4__lr0.01__bs32__seed4_seed4,pendigits,dyn,block-hamiltonian,4,4,0.01,32,2000,True,plus,True,False,0.6008702438917907,0.92,0.6966746511442586,0.857347055460263,0.92,1698.2666666666664,,31.4872465133667,,184,4,16,457b0468ba5f023a4a9f38816dbca0899481d04d,False
complete,pendigits,pendigits__dyn__block-hamiltonian__L4__lr0.01__bs32__seed5,results/runs/pendigits/pendigits__dyn__block-hamiltonian__L4__lr0.01__bs32__seed5_seed5,pendigits,dyn,block-hamiltonian,4,5,0.01,32,2000,True,plus,True,False,0.5988262088956495,0.9106666666666666,0.6678341155774216,0.8710691823899371,0.9173333333333333,1656.9333333333334,,30.096763610839844,,184,4,16,457b0468ba5f023a4a9f38816dbca0899481d04d,False
complete,pendigits,pendigits__dyn__block-hamiltonian__L4__lr0.01__bs32__seed6,results/runs/pendigits/pendigits__dyn__block-hamiltonian__L4__lr0.01__bs32__seed6_seed6,pendigits,dyn,block-hamiltonian,4,6,0.01,32,2000,True,plus,True,False,0.6150855335082402,0.908,0.6737176587899566,0.8822184105202973,0.9146666666666666,1685.7333333333331,,31.707525968551636,,184,4,16,457b0468ba5f023a4a9f38816dbca0899481d04d,False
complete,pendigits,pendigits__dyn__block-hamiltonian__L4__lr0.01__bs32__seed7,results/runs/pendigits/pendigits__dyn__block-hamiltonian__L4__lr0.01__bs32__seed7_seed7,pendigits,dyn,block-hamiltonian,4,7,0.01,32,2000,True,plus,True,False,0.6709096955902661,0.9026666666666666,0.7458107008251987,0.8716409376786736,0.9146666666666666,1680.7999999999997,,31.492658376693726,,184,4,16,457b0468ba5f023a4a9f38816dbca0899481d04d,False
complete,pendigits,pendigits__dyn__block-hamiltonian__L4__lr0.01__bs32__seed8,results/runs/pendigits/pendigits__dyn__block-hamiltonian__L4__lr0.01__bs32__seed8_seed8,pendigits,dyn,block-hamiltonian,4,8,0.01,32,2000,True,plus,True,False,0.5964141586490743,0.92,0.6672001294357254,0.8819325328759291,0.9253333333333333,1685.0666666666666,,31.300812244415283,,184,4,16,457b0468ba5f023a4a9f38816dbca0899481d04d,False
complete,pendigits,pendigits__dyn__block-hamiltonian__L4__lr0.01__bs32__seed9,results/runs/pendigits/pendigits__dyn__block-hamiltonian__L4__lr0.01__bs32__seed9_seed9,pendigits,dyn,block-hamiltonian,4,9,0.01,32,2000,True,plus,True,False,0.6267987942631678,0.8933333333333333,0.6982393299932276,0.8599199542595769,0.9053333333333333,1671.5333333333333,,31.56295108795166,,184,4,16,457b0468ba5f023a4a9f38816dbca0899481d04d,False
complete,pendigits,pendigits__dyn__block-hamiltonian__L8__lr0.01__bs32__seed0,results/runs/pendigits/pendigits__dyn__block-hamiltonian__L8__lr0.01__bs32__seed0_seed0,pendigits,dyn,block-hamiltonian,8,0,0.01,32,2000,True,plus,True,False,0.44262457507568553,0.9386666666666666,0.5276359013443795,0.9065180102915952,0.94,1734.8000000000002,,50.39512276649475,,368,4,16,5d760ef42d71a06acce4efdc9ed931be057f16a6,False
complete,pendigits,pendigits__dyn__block-hamiltonian__L8__lr0.01__bs32__seed10,results/runs/pendigits/pendigits__dyn__block-hamiltonian__L8__lr0.01__bs32__seed10_seed10,pendigits,dyn,block-hamiltonian,8,10,0.01,32,2000,True,plus,True,False,0.4446591400742453,0.944,0.47444441328042947,0.9296740994854202,0.9546666666666667,1752.8666666666663,,50.14661407470703,,368,4,16,5d760ef42d71a06acce4efdc9ed931be057f16a6,False
complete,pendigits,pendigits__dyn__block-hamiltonian__L8__lr0.01__bs32__seed11,results/runs/pendigits/pendigits__dyn__block-hamiltonian__L8__lr0.01__bs32__seed11_seed11,pendigits,dyn,block-hamiltonian,8,11,0.01,32,2000,True,plus,True,False,0.38334647250540227,0.9586666666666667,0.45277352128228787,0.9259576901086335,0.9586666666666667,1744.3333333333335,,53.32004952430725,,368,4,16,5d760ef42d71a06acce4efdc9ed931be057f16a6,False
complete,pendigits,pendigits__dyn__block-hamiltonian__L8__lr0.01__bs32__seed12,results/runs/pendigits/pendigits__dyn__block-hamiltonian__L8__lr0.01__bs32__seed12_seed12,pendigits,dyn,block-hamiltonian,8,12,0.01,32,2000,True,plus,True,False,0.39079802700201965,0.9546666666666667,0.45838326962381754,0.922527158376215,0.9546666666666667,1760.2,,53.90001344680786,,368,4,16,5d760ef42d71a06acce4efdc9ed931be057f16a6,False
complete,pendigits,pendigits__dyn__block-hamiltonian__L8__lr0.01__bs32__seed13,results/runs/pendigits/pendigits__dyn__block-hamiltonian__L8__lr0.01__bs32__seed13_seed13,pendigits,dyn,block-hamiltonian,8,13,0.01,32,2000,True,plus,True,False,0.398551593922166,0.9466666666666667,0.46052900133226415,0.9216695254431103,0.9573333333333334,1773.0666666666664,,53.92793941497803,,368,4,16,5d760ef42d71a06acce4efdc9ed931be057f16a6,False
complete,pendigits,pendigits__dyn__block-hamiltonian__L8__lr0.01__bs32__seed14,results/runs/pendigits/pendigits__dyn__block-hamiltonian__L8__lr0.01__bs32__seed14_seed14,pendigits,dyn,block-hamiltonian,8,14,0.01,32,2000,True,plus,True,False,0.5188821165542614,0.92,0.5841462242541695,0.8847913093196113,0.94,1732.6,,53.31817650794983,,368,4,16,5d760ef42d71a06acce4efdc9ed931be057f16a6,False
complete,pendigits,pendigits__dyn__block-hamiltonian__L8__lr0.01__bs32__seed15,results/runs/pendigits/pendigits__dyn__block-hamiltonian__L8__lr0.01__bs32__seed15_seed15,pendigits,dyn,block-hamiltonian,8,15,0.01,32,2000,True,plus,True,False,0.4239246665298162,0.9386666666666666,0.49129530768371216,0.9039451114922813,0.9506666666666667,1744.133333333333,,53.77974057197571,,368,4,16,5d760ef42d71a06acce4efdc9ed931be057f16a6,False
complete,pendigits,pendigits__dyn__block-hamiltonian__L8__lr0.01__bs32__seed16,results/runs/pendigits/pendigits__dyn__block-hamiltonian__L8__lr0.01__bs32__seed16_seed16,pendigits,dyn,block-hamiltonian,8,16,0.01,32,2000,True,plus,True,False,0.4070626171525636,0.9533333333333334,0.48076067339914985,0.9251000571755289,0.9586666666666667,1763.4000000000005,,52.74298977851868,,368,4,16,5d760ef42d71a06acce4efdc9ed931be057f16a6,False
complete,pendigits,pendigits__dyn__block-hamiltonian__L8__lr0.01__bs32__seed17,results/runs/pendigits/pendigits__dyn__block-hamiltonian__L8__lr0.01__bs32__seed17_seed17,pendigits,dyn,block-hamiltonian,8,17,0.01,32,2000,True,plus,True,False,0.4055482625325603,0.9546666666666667,0.45479109014825825,0.9205260148656375,0.96,1779.2666666666667,,55.06054735183716,,368,4,16,5d760ef42d71a06acce4efdc9ed931be057f16a6,False
complete,pendigits,pendigits__dyn__block-hamiltonian__L8__lr0.01__bs32__seed18,results/runs/pendigits/pendigits__dyn__block-hamiltonian__L8__lr0.01__bs32__seed18_seed18,pendigits,dyn,block-hamiltonian,8,18,0.01,32,2000,True,plus,True,False,0.44563806106789655,0.9333333333333333,0.5224580064220284,0.9045168667810177,0.948,1743.8666666666668,,60.29045224189758,,368,4,16,5d760ef42d71a06acce4efdc9ed931be057f16a6,False
complete,pendigits,pendigits__dyn__block-hamiltonian__L8__lr0.01__bs32__seed19,results/runs/pendigits/pendigits__dyn__block-hamiltonian__L8__lr0.01__bs32__seed19_seed19,pendigits,dyn,block-hamiltonian,8,19,0.01,32,2000,True,plus,True,False,0.4372276483917824,0.94,0.5082223834477305,0.9176672384219554,0.952,1736.2666666666669,,53.91019153594971,,368,4,16,5d760ef42d71a06acce4efdc9ed931be057f16a6,False
complete,pendigits,pendigits__dyn__block-hamiltonian__L8__lr0.01__bs32__seed1,results/runs/pendigits/pendigits__dyn__block-hamiltonian__L8__lr0.01__bs32__seed1_seed1,pendigits,dyn,block-hamiltonian,8,1,0.01,32,2000,True,plus,True,False,0.38441389855837116,0.948,0.49843157966738244,0.9036592338479131,0.9586666666666667,1761.5333333333333,,50.26732301712036,,368,4,16,5d760ef42d71a06acce4efdc9ed931be057f16a6,False
complete,pendigits,pendigits__dyn__block-hamiltonian__L8__lr0.01__bs32__seed2,results/runs/pendigits/pendigits__dyn__block-hamiltonian__L8__lr0.01__bs32__seed2_seed2,pendigits,dyn,block-hamiltonian,8,2,0.01,32,2000,True,plus,True,False,0.41834232366247104,0.9546666666666667,0.515332995925167,0.8962264150943396,0.956,1754.866666666667,,54.58027505874634,,368,4,16,5d760ef42d71a06acce4efdc9ed931be057f16a6,False
complete,pendigits,pendigits__dyn__block-hamiltonian__L8__lr0.01__bs32__seed3,results/runs/pendigits/pendigits__dyn__block-hamiltonian__L8__lr0.01__bs32__seed3_seed3,pendigits,dyn,block-hamiltonian,8,3,0.01,32,2000,True,plus,True,False,0.38940714708722185,0.9533333333333334,0.466034539697152,0.907661520869068,0.9546666666666667,1758.6666666666663,,53.0637321472168,,368,4,16,5d760ef42d71a06acce4efdc9ed931be057f16a6,False
complete,pendigits,pendigits__dyn__block-hamiltonian__L8__lr0.01__bs32__seed4,results/runs/pendigits/pendigits__dyn__block-hamiltonian__L8__lr0.01__bs32__seed4_seed4,pendigits,dyn,block-hamiltonian,8,4,0.01,32,2000,True,plus,True,False,0.4154027830815004,0.9613333333333334,0.46345413784013967,0.9393939393939394,0.9613333333333334,1765.7999999999997,,53.705392837524414,,368,4,16,5d760ef42d71a06acce4efdc9ed931be057f16a6,False
complete,pendigits,pendigits__dyn__block-hamiltonian__L8__lr0.01__bs32__seed5,results/runs/pendigits/pendigits__dyn__block-hamiltonian__L8__lr0.01__bs32__seed5_seed5,pendigits,dyn,block-hamiltonian,8,5,0.01,32,2000,True,plus,True,False,0.4057543896830709,0.948,0.4769652142900609,0.9125214408233276,0.9573333333333334,1762.2000000000003,,52.87687802314758,,368,4,16,5d760ef42d71a06acce4efdc9ed931be057f16a6,False
complete,pendigits,pendigits__dyn__block-hamiltonian__L8__lr0.01__bs32__seed6,results/runs/pendigits/pendigits__dyn__block-hamiltonian__L8__lr0.01__bs32__seed6_seed6,pendigits,dyn,block-hamiltonian,8,6,0.01,32,2000,True,plus,True,False,0.41326828912404684,0.956,0.4845586760986458,0.9216695254431103,0.956,1749.1333333333337,,57.14813542366028,,368,4,16,5d760ef42d71a06acce4efdc9ed931be057f16a6,False
complete,pendigits,pendigits__dyn__block-hamiltonian__L8__lr0.01__bs32__seed7,results/runs/pendigits/pendigits__dyn__block-hamiltonian__L8__lr0.01__bs32__seed7_seed7,pendigits,dyn,block-hamiltonian,8,7,0.01,32,2000,True,plus,True,False,0.4143180383739885,0.9466666666666667,0.49808407531189614,0.9153802172670097,0.9506666666666667,1744.9999999999998,,64.99407315254211,,368,4,16,5d760ef42d71a06acce4efdc9ed931be057f16a6,False
complete,pendigits,pendigits__dyn__block-hamiltonian__L8__lr0.01__bs32__seed8,results/runs/pendigits/pendigits__dyn__block-hamiltonian__L8__lr0.01__bs32__seed8_seed8,pendigits,dyn,block-hamiltonian,8,8,0.01,32,2000,True,plus,True,False,0.4278663998913543,0.9493333333333334,0.47930771178317394,0.9159519725557461,0.9533333333333334,1734.6666666666667,,110.05914688110352,,368,4,16,5d760ef42d71a06acce4efdc9ed931be057f16a6,False
complete,pendigits,pendigits__dyn__block-hamiltonian__L8__lr0.01__bs32__seed9,results/runs/pendigits/pendigits__dyn__block-hamiltonian__L8__lr0.01__bs32__seed9_seed9,pendigits,dyn,block-hamiltonian,8,9,0.01,32,2000,True,plus,True,False,0.38740365428137663,0.956,0.47531028068699444,0.9079473985134362,0.956,1758.6666666666665,,133.01627039909363,,368,4,16,5d760ef42d71a06acce4efdc9ed931be057f16a6,False
complete,pendigits,pendigits__dyn__fixed-ry-rz__L16__lr0.01__bs32__seed0,results/runs/pendigits/pendigits__dyn__fixed-ry-rz__L16__lr0.01__bs32__seed0_seed0,pendigits,dyn,fixed-ry-rz,16,0,0.01,32,2000,True,plus,True,False,1.1581075846163427,0.684,1.2462480244354113,0.6429388221841053,0.684,1063.3333333333333,,1006.5544130802155,,3600,16,65536,457b0468ba5f023a4a9f38816dbca0899481d04d,False
complete,pendigits,pendigits__dyn__fixed-ry-rz__L16__lr0.01__bs32__seed10,results/runs/pendigits/pendigits__dyn__fixed-ry-rz__L16__lr0.01__bs32__seed10_seed10,pendigits,dyn,fixed-ry-rz,16,10,0.01,32,2000,True,plus,True,False,1.3070131935612572,0.6053333333333333,1.3711892909142012,0.5900514579759862,0.6053333333333333,984.4666666666667,,1010.097972869873,,3600,16,65536,457b0468ba5f023a4a9f38816dbca0899481d04d,False
complete,pendigits,pendigits__dyn__fixed-ry-rz__L16__lr0.01__bs32__seed11,results/runs/pendigits/pendigits__dyn__fixed-ry-rz__L16__lr0.01__bs32__seed11_seed11,pendigits,dyn,fixed-ry-rz,16,11,0.01,32,2000,True,plus,True,False,1.2309603624525083,0.6493333333333333,1.294040424843711,0.6217838765008576,0.6706666666666666,1034.7333333333331,,1022.6060075759888,,3600,16,65536,457b0468ba5f023a4a9f38816dbca0899481d04d,False
complete,pendigits,pendigits__dyn__fixed-ry-rz__L16__lr0.01__bs32__seed12,results/runs/pendigits/pendigits__dyn__fixed-ry-rz__L16__lr0.01__bs32__seed12_seed12,pendigits,dyn,fixed-ry-rz,16,12,0.01,32,2000,True,plus,True,False,1.1546127350923912,0.6933333333333334,1.2088046373070478,0.6535162950257289,0.6933333333333334,1061.1333333333332,,1033.4790375232697,,3600,16,65536,457b0468ba5f023a4a9f38816dbca0899481d04d,False
complete,pendigits,pendigits__dyn__fixed-ry-rz__L16__lr0.01__bs32__seed13,results/runs/pendigits/pendigits__dyn__fixed-ry-rz__L16__lr0.01__bs32__seed13_seed13,pendigits,dyn,fixed-ry-rz,16,13,0.01,32,2000,True,plus,True,False,1.2196913557395428,0.652,1.235634322927506,0.6292166952544311,0.652,1023.8000000000001,,1034.7111866474152,,3600,16,65536,457b0468ba5f023a4a9f38816dbca0899481d04d,False
complete,pendigits,pendigits__dyn__fixed-ry-rz__L16__lr0.01__bs32__seed14,results/runs/pendigits/pendigits__dyn__fixed-ry-rz__L16__lr0.01__bs32__seed14_seed14,pendigits,dyn,fixed-ry-rz,16,14,0.01,32,2000,True,plus,True,False,1.153676285799145,0.704,1.2043818069657288,0.658947970268725,0.704,1134.6,,1030.4236130714417,,3600,16,65536,457b0468ba5f023a4a9f38816dbca0899481d04d,False
complete,pendigits,pendigits__dyn__fixed-ry-rz__L16__lr0.01__bs32__seed15,results/runs/pendigits/pendigits__dyn__fixed-ry-rz__L16__lr0.01__bs32__seed15_seed15,pendigits,dyn,fixed-ry-rz,16,15,0.01,32,2000,True,plus,True,False,0.9790098584221985,0.744,1.0391091733336153,0.7015437392795884,0.744,1146.8666666666668,,1031.6960680484772,,3600,16,65536,457b0468ba5f023a4a9f38816dbca0899481d04d,False
complete,pendigits,pendigits__dyn__fixed-ry-rz__L16__lr0.01__bs32__seed16,results/runs/pendigits/pendigits__dyn__fixed-ry-rz__L16__lr0.01__bs32__seed16_seed16,pendigits,dyn,fixed-ry-rz,16,16,0.01,32,2000,True,plus,True,False,1.3485255113256536,0.6026666666666667,1.3942806770809038,0.6074899942824471,0.62,1043.6666666666667,,1029.031970500946,,3600,16,65536,457b0468ba5f023a4a9f38816dbca0899481d04d,False
complete,pendigits,pendigits__dyn__fixed-ry-rz__L16__lr0.01__bs32__seed17,results/runs/pendigits/pendigits__dyn__fixed-ry-rz__L16__lr0.01__bs32__seed17_seed17,pendigits,dyn,fixed-ry-rz,16,17,0.01,32,2000,True,plus,True,False,1.2605531671429553,0.6373333333333333,1.3348650257407562,0.6106346483704974,0.6426666666666667,1019.2,,1034.8934879302979,,3600,16,65536,457b0468ba5f023a4a9f38816dbca0899481d04d,False
complete,pendigits,pendigits__dyn__fixed-ry-rz__L16__lr0.01__bs32__seed18,results/runs/pendigits/pendigits__dyn__fixed-ry-rz__L16__lr0.01__bs32__seed18_seed18,pendigits,dyn,fixed-ry-rz,16,18,0.01,32,2000,True,plus,True,False,1.2638930197243126,0.616,1.294808500753039,0.615494568324757,0.64,1038.6666666666667,,1031.6589095592499,,3600,16,65536,457b0468ba5f023a4a9f38816dbca0899481d04d,False
complete,pendigits,pendigits__dyn__fixed-ry-rz__L16__lr0.01__bs32__seed19,results/runs/pendigits/pendigits__dyn__fixed-ry-rz__L16__lr0.01__bs32__seed19_seed19,pendigits,dyn,fixed-ry-rz,16,19,0.01,32,2000,True,plus,True,False,1.2774166555274267,0.616,1.3258770821089656,0.5909090909090909,0.6333333333333333,1014.4666666666667,,1016.7324388027191,,3600,16,65536,457b0468ba5f023a4a9f38816dbca0899481d04d,False
complete,pendigits,pendigits__dyn__fixed-ry-rz__L16__lr0.01__bs32__seed1,results/runs/pendigits/pendigits__dyn__fixed-ry-rz__L16__lr0.01__bs32__seed1_seed1,pendigits,dyn,fixed-ry-rz,16,1,0.01,32,2000,True,plus,True,False,1.1766156683405493,0.6746666666666666,1.2024217892974283,0.6618067467124071,0.696,1100.2666666666669,,999.2299094200134,,3600,16,65536,457b0468ba5f023a4a9f38816dbca0899481d04d,False
complete,pendigits,pendigits__dyn__fixed-ry-rz__L16__lr0.01__bs32__seed2,results/runs/pendigits/pendigits__dyn__fixed-ry-rz__L16__lr0.01__bs32__seed2_seed2,pendigits,dyn,fixed-ry-rz,16,2,0.01,32,2000,True,plus,True,False,1.158577805519749,0.656,1.2426984527532083,0.6252144082332761,0.676,1112.4666666666667,,1019.4781563282013,,3600,16,65536,457b0468ba5f023a4a9f38816dbca0899481d04d,False
complete,pendigits,pendigits__dyn__fixed-ry-rz__L16__lr0.01__bs32__seed3,results/runs/pendigits/pendigits__dyn__fixed-ry-rz__L16__lr0.01__bs32__seed3_seed3,pendigits,dyn,fixed-ry-rz,16,3,0.01,32,2000,True,plus,True,False,1.1056610097503086,0.6946666666666667,1.1842898872928551,0.6749571183533448,0.6946666666666667,1109.0,,1022.3786840438843,,3600,16,65536,457b0468ba5f023a4a9f38816dbca0899481d04d,False
complete,pendigits,pendigits__dyn__fixed-ry-rz__L16__lr0.01__bs32__seed4,results/runs/pendigits/pendigits__dyn__fixed-ry-rz__L16__lr0.01__bs32__seed4_seed4,pendigits,dyn,fixed-ry-rz,16,4,0.01,32,2000,True,plus,True,False,1.1555895359601827,0.7,1.190074540153945,0.6620926243567753,0.7,1058.9333333333334,,1016.8793544769287,,3600,16,65536,457b0468ba5f023a4a9f38816dbca0899481d04d,False
complete,pendigits,pendigits__dyn__fixed-ry-rz__L16__lr0.01__bs32__seed5,results/runs/pendigits/pendigits__dyn__fixed-ry-rz__L16__lr0.01__bs32__seed5_seed5,pendigits,dyn,fixed-ry-rz,16,5,0.01,32,2000,True,plus,True,False,1.272964802355961,0.6346666666666667,1.34784603926979,0.6123499142367067,0.644,1024.8000000000002,,1017.2709059715271,,3600,16,65536,457b0468ba5f023a4a9f38816dbca0899481d04d,False
complete,pendigits,pendigits__dyn__fixed-ry-rz__L16__lr0.01__bs32__seed6,results/runs/pendigits/pendigits__dyn__fixed-ry-rz__L16__lr0.01__bs32__seed6_seed6,pendigits,dyn,fixed-ry-rz,16,6,0.01,32,2000,True,plus,True,False,1.084581965112071,0.716,1.138874434509474,0.6843910806174958,0.7173333333333334,1145.6,,1014.4029705524445,,3600,16,65536,457b0468ba5f023a4a9f38816dbca0899481d04d,False
complete,pendigits,pendigits__dyn__fixed-ry-rz__L16__lr0.01__bs32__seed7,results/runs/pendigits/pendigits__dyn__fixed-ry-rz__L16__lr0.01__bs32__seed7_seed7,pendigits,dyn,fixed-ry-rz,16,7,0.01,32,2000,True,plus,True,False,1.1222741269785308,0.6626666666666666,1.161972801503663,0.6632361349342482,0.692,1144.9333333333332,,1019.082982301712,,3600,16,65536,457b0468ba5f023a4a9f38816dbca0899481d04d,False
complete,pendigits,pendigits__dyn__fixed-ry-rz__L16__lr0.01__bs32__seed8,results/runs/pendigits/pendigits__dyn__fixed-ry-rz__L16__lr0.01__bs32__seed8_seed8,pendigits,dyn,fixed-ry-rz,16,8,0.01,32,2000,True,plus,True,False,1.2026124200106805,0.6506666666666666,1.2892392416196332,0.6180674671240709,0.6506666666666666,1015.7333333333333,,1013.2943954467773,,3600,16,65536,457b0468ba5f023a4a9f38816dbca0899481d04d,False
complete,pendigits,pendigits__dyn__fixed-ry-rz__L16__lr0.01__bs32__seed9,results/runs/pendigits/pendigits__dyn__fixed-ry-rz__L16__lr0.01__bs32__seed9_seed9,pendigits,dyn,fixed-ry-rz,16,9,0.01,32,2000,True,plus,True,False,1.1382587207465047,0.672,1.2417886761459307,0.6580903373356204,0.6946666666666667,1084.8666666666666,,1015.1570296287537,,3600,16,65536,457b0468ba5f023a4a9f38816dbca0899481d04d,False
complete,pendigits,pendigits__dyn__fixed-ry-rz__L1__lr0.01__bs32__seed0,results/runs/pendigits/pendigits__dyn__fixed-ry-rz__L1__lr0.01__bs32__seed0_seed0,pendigits,dyn,fixed-ry-rz,1,0,0.01,32,2000,True,plus,True,False,1.625848087486831,0.464,1.7071999493864147,0.41852487135506006,0.464,805.8000000000001,,68.4919924736023,,225,16,65536,457b0468ba5f023a4a9f38816dbca0899481d04d,False
complete,pendigits,pendigits__dyn__fixed-ry-rz__L1__lr0.01__bs32__seed10,results/runs/pendigits/pendigits__dyn__fixed-ry-rz__L1__lr0.01__bs32__seed10_seed10,pendigits,dyn,fixed-ry-rz,1,10,0.01,32,2000,True,plus,True,False,1.7090923592298202,0.42533333333333334,1.7560715950681838,0.37535734705546026,0.44666666666666666,754.8666666666667,,71.87066531181335,,225,16,65536,457b0468ba5f023a4a9f38816dbca0899481d04d,False
complete,pendigits,pendigits__dyn__fixed-ry-rz__L1__lr0.01__bs32__seed11,results/runs/pendigits/pendigits__dyn__fixed-ry-rz__L1__lr0.01__bs32__seed11_seed11,pendigits,dyn,fixed-ry-rz,1,11,0.01,32,2000,True,plus,True,False,1.6709996254930932,0.45066666666666666,1.6743290975604261,0.4065180102915952,0.47733333333333333,848.0666666666666,,69.57204794883728,,225,16,65536,457b0468ba5f023a4a9f38816dbca0899481d04d,False
complete,pendigits,pendigits__dyn__fixed-ry-rz__L1__lr0.01__bs32__seed12,results/runs/pendigits/pendigits__dyn__fixed-ry-rz__L1__lr0.01__bs32__seed12_seed12,pendigits,dyn,fixed-ry-rz,1,12,0.01,32,2000,True,plus,True,False,1.7145149090396166,0.38266666666666665,1.7628674943565863,0.3401943967981704,0.4226666666666667,734.6666666666667,,67.41134023666382,,225,16,65536,457b0468ba5f023a4a9f38816dbca0899481d04d,False
complete,pendigits,pendigits__dyn__fixed-ry-rz__L1__lr0.01__bs32__seed13,results/runs/pendigits/pendigits__dyn__fixed-ry-rz__L1__lr0.01__bs32__seed13_seed13,pendigits,dyn,fixed-ry-rz,1,13,0.01,32,2000,True,plus,True,False,1.6646162164886276,0.4666666666666667,1.6751897132014364,0.41938250428816465,0.47733333333333333,829.6,,68.56372594833374,,225,16,65536,457b0468ba5f023a4a9f38816dbca0899481d04d,False
complete,pendigits,pendigits__dyn__fixed-ry-rz__L1__lr0.01__bs32__seed14,results/runs/pendigits/pendigits__dyn__fixed-ry-rz__L1__lr0.01__bs32__seed14_seed14,pendigits,dyn,fixed-ry-rz,1,14,0.01,32,2000,True,plus,True,False,1.7077791539374214,0.37733333333333335,1.7473212491094439,0.3481989708404803,0.432,753.3333333333333,,69.24864196777344,,225,16,65536,457b0468ba5f023a4a9f38816dbca0899481d04d,False
complete,pendigits,pendigits__dyn__fixed-ry-rz__L1__lr0.01__bs32__seed15,results/runs/pendigits/pendigits__dyn__fixed-ry-rz__L1__lr0.01__bs32__seed15_seed15,pendigits,dyn,fixed-ry-rz,1,15,0.01,32,2000,True,plus,True,False,1.6801882917773379,0.44533333333333336,1.6697801255613425,0.4199542595769011,0.448,800.4,,68.99599647521973,,225,16,65536,457b0468ba5f023a4a9f38816dbca0899481d04d,False
complete,pendigits,pendigits__dyn__fixed-ry-rz__L1__lr0.01__bs32__seed16,results/runs/pendigits/pendigits__dyn__fixed-ry-rz__L1__lr0.01__bs32__seed16_seed16,pendigits,dyn,fixed-ry-rz,1,16,0.01,32,2000,True,plus,True,False,1.691134518678333,0.444,1.7334757031490193,0.40794739851343625,0.444,756.4000000000001,,68.80189681053162,,225,16,65536,457b0468ba5f023a4a9f38816dbca0899481d04d,False
complete,pendigits,pendigits__dyn__fixed-ry-rz__L1__lr0.01__bs32__seed17,results/runs/pendigits/pendigits__dyn__fixed-ry-rz__L1__lr0.01__bs32__seed17_seed17,pendigits,dyn,fixed-ry-rz,1,17,0.01,32,2000,True,plus,True,False,1.6699989129144415,0.4146666666666667,1.6915530446203213,0.38078902229845624,0.44266666666666665,790.0000000000001,,69.30347394943237,,225,16,65536,457b0468ba5f023a4a9f38816dbca0899481d04d,False
complete,pendigits,pendigits__dyn__fixed-ry-rz__L1__lr0.01__bs32__seed18,results/runs/pendigits/pendigits__dyn__fixed-ry-rz__L1__lr0.01__bs32__seed18_seed18,pendigits,dyn,fixed-ry-rz,1,18,0.01,32,2000,True,plus,True,False,1.670761807770079,0.432,1.679016368566754,0.41109205260148657,0.456,824.6666666666667,,70.44798350334167,,225,16,65536,457b0468ba5f023a4a9f38816dbca0899481d04d,False
complete,pendigits,pendigits__dyn__fixed-ry-rz__L1__lr0.01__bs32__seed19,results/runs/pendigits/pendigits__dyn__fixed-ry-rz__L1__lr0.01__bs32__seed19_seed19,pendigits,dyn,fixed-ry-rz,1,19,0.01,32,2000,True,plus,True,False,1.6731513183058917,0.448,1.6705652395595558,0.429388221841052,0.4493333333333333,806.2666666666669,,68.83652234077454,,225,16,65536,457b0468ba5f023a4a9f38816dbca0899481d04d,False
complete,pendigits,pendigits__dyn__fixed-ry-rz__L1__lr0.01__bs32__seed1,results/runs/pendigits/pendigits__dyn__fixed-ry-rz__L1__lr0.01__bs32__seed1_seed1,pendigits,dyn,fixed-ry-rz,1,1,0.01,32,2000,True,plus,True,False,1.6877766965942893,0.408,1.7292838562710613,0.36906803887935963,0.4493333333333333,780.3333333333333,,71.58017206192017,,225,16,65536,457b0468ba5f023a4a9f38816dbca0899481d04d,False
complete,pendigits,pendigits__dyn__fixed-ry-rz__L1__lr0.01__bs32__seed2,results/runs/pendigits/pendigits__dyn__fixed-ry-rz__L1__lr0.01__bs32__seed2_seed2,pendigits,dyn,fixed-ry-rz,1,2,0.01,32,2000,True,plus,True,False,1.6251646904511865,0.5093333333333333,1.6642061009143523,0.48256146369353914,0.5093333333333333,888.2,,68.18938398361206,,225,16,65536,457b0468ba5f023a4a9f38816dbca0899481d04d,False
complete,pendigits,pendigits__dyn__fixed-ry-rz__L1__lr0.01__bs32__seed3,results/runs/pendigits/pendigits__dyn__fixed-ry-rz__L1__lr0.01__bs32__seed3_seed3,pendigits,dyn,fixed-ry-rz,1,3,0.01,32,2000,True,plus,True,False,1.6756741973703733,0.432,1.697910315261139,0.3865065751858205,0.44533333333333336,794.2666666666668,,69.10697412490845,,225,16,65536,457b0468ba5f023a4a9f38816dbca0899481d04d,False
complete,pendigits,pendigits__dyn__fixed-ry-rz__L1__lr0.01__bs32__seed4,results/runs/pendigits/pendigits__dyn__fixed-ry-rz__L1__lr0.01__bs32__seed4_seed4,pendigits,dyn,fixed-ry-rz,1,4,0.01,32,2000,True,plus,True,False,1.6751216814697725,0.456,1.720653649232751,0.4016580903373356,0.464,814.9333333333334,,68.97781944274902,,225,16,65536,457b0468ba5f023a4a9f38816dbca0899481d04d,False
complete,pendigits,pendigits__dyn__fixed-ry-rz__L1__lr0.01__bs32__seed5,results/runs/pendigits/pendigits__dyn__fixed-ry-rz__L1__lr0.01__bs32__seed5_seed5,pendigits,dyn,fixed-ry-rz,1,5,0.01,32,2000,True,plus,True,False,1.646372827752481,0.4226666666666667,1.685902354608075,0.4010863350485992,0.44266666666666665,793.6000000000001,,68.72263598442078,,225,16,65536,457b0468ba5f023a4a9f38816dbca0899481d04d,False
complete,pendigits,pendigits__dyn__fixed-ry-rz__L1__lr0.01__bs32__seed6,results/runs/pendigits/pendigits__dyn__fixed-ry-rz__L1__lr0.01__bs32__seed6_seed6,pendigits,dyn,fixed-ry-rz,1,6,0.01,32,2000,True,plus,True,False,1.7092295461652187,0.38533333333333336,1.7494479261293685,0.35277301315037163,0.4573333333333333,767.8666666666667,,69.43675374984741,,225,16,65536,457b0468ba5f023a4a9f38816dbca0899481d04d,False
complete,pendigits,pendigits__dyn__fixed-ry-rz__L1__lr0.01__bs32__seed7,results/runs/pendigits/pendigits__dyn__fixed-ry-rz__L1__lr0.01__bs32__seed7_seed7,pendigits,dyn,fixed-ry-rz,1,7,0.01,32,2000,True,plus,True,False,1.6899273349517616,0.43066666666666664,1.7393057264478131,0.38879359634076616,0.452,789.1333333333333,,71.08829498291016,,225,16,65536,457b0468ba5f023a4a9f38816dbca0899481d04d,False
complete,pendigits,pendigits__dyn__fixed-ry-rz__L1__lr0.01__bs32__seed8,results/runs/pendigits/pendigits__dyn__fixed-ry-rz__L1__lr0.01__bs32__seed8_seed8,pendigits,dyn,fixed-ry-rz,1,8,0.01,32,2000,True,plus,True,False,1.629575992126661,0.496,1.6838805446378855,0.46255002858776445,0.496,873.3333333333334,,69.74218559265137,,225,16,65536,457b0468ba5f023a4a9f38816dbca0899481d04d,False
complete,pendigits,pendigits__dyn__fixed-ry-rz__L1__lr0.01__bs32__seed9,results/runs/pendigits/pendigits__dyn__fixed-ry-rz__L1__lr0.01__bs32__seed9_seed9,pendigits,dyn,fixed-ry-rz,1,9,0.01,32,2000,True,plus,True,False,1.6384236973512007,0.44533333333333336,1.6828496199296028,0.444253859348199,0.49466666666666664,880.9333333333334,,69.82942748069763,,225,16,65536,457b0468ba5f023a4a9f38816dbca0899481d04d,False
complete,pendigits,pendigits__dyn__fixed-ry-rz__L2__lr0.01__bs32__seed0,results/runs/pendigits/pendigits__dyn__fixed-ry-rz__L2__lr0.01__bs32__seed0_seed0,pendigits,dyn,fixed-ry-rz,2,0,0.01,32,2000,True,plus,True,False,1.3545227223939083,0.5733333333333334,1.4327113415801358,0.5543167524299599,0.5786666666666667,1043.7999999999997,,232.77565622329712,,450,16,65536,5d760ef42d71a06acce4efdc9ed931be057f16a6,False
complete,pendigits,pendigits__dyn__fixed-ry-rz__L2__lr0.01__bs32__seed10,results/runs/pendigits/pendigits__dyn__fixed-ry-rz__L2__lr0.01__bs32__seed10_seed10,pendigits,dyn,fixed-ry-rz,2,10,0.01,32,2000,True,plus,True,False,1.4004787657333133,0.6146666666666667,1.370613527427606,0.6092052601486564,0.6146666666666667,1089.6666666666667,,219.2618339061737,,450,16,65536,5d760ef42d71a06acce4efdc9ed931be057f16a6,False
complete,pendigits,pendigits__dyn__fixed-ry-rz__L2__lr0.01__bs32__seed11,results/runs/pendigits/pendigits__dyn__fixed-ry-rz__L2__lr0.01__bs32__seed11_seed11,pendigits,dyn,fixed-ry-rz,2,11,0.01,32,2000,True,plus,True,False,1.3637658154938597,0.5893333333333334,1.4122234033011778,0.5571755288736421,0.5893333333333334,1042.0,,240.86742615699768,,450,16,65536,5d760ef42d71a06acce4efdc9ed931be057f16a6,False
complete,pendigits,pendigits__dyn__fixed-ry-rz__L2__lr0.01__bs32__seed12,results/runs/pendigits/pendigits__dyn__fixed-ry-rz__L2__lr0.01__bs32__seed12_seed12,pendigits,dyn,fixed-ry-rz,2,12,0.01,32,2000,True,plus,True,False,1.3847514030357766,0.5773333333333334,1.4161257769921876,0.5623213264722698,0.5773333333333334,1048.6,,219.1652102470398,,450,16,65536,5d760ef42d71a06acce4efdc9ed931be057f16a6,False
complete,pendigits,pendigits__dyn__fixed-ry-rz__L2__lr0.01__bs32__seed13,results/runs/pendigits/pendigits__dyn__fixed-ry-rz__L2__lr0.01__bs32__seed13_seed13,pendigits,dyn,fixed-ry-rz,2,13,0.01,32,2000,True,plus,True,False,1.353205636317509,0.592,1.4404518977147998,0.5574614065180102,0.6026666666666667,1080.1333333333332,,224.00276565551758,,450,16,65536,5d760ef42d71a06acce4efdc9ed931be057f16a6,False
complete,pendigits,pendigits__dyn__fixed-ry-rz__L2__lr0.01__bs32__seed14,results/runs/pendigits/pendigits__dyn__fixed-ry-rz__L2__lr0.01__bs32__seed14_seed14,pendigits,dyn,fixed-ry-rz,2,14,0.01,32,2000,True,plus,True,False,1.3263984736921322,0.6013333333333334,1.348104437463731,0.5849056603773585,0.6093333333333333,1080.4666666666667,,205.80177330970764,,450,16,65536,5d760ef42d71a06acce4efdc9ed931be057f16a6,False
complete,pendigits,pendigits__dyn__fixed-ry-rz__L2__lr0.01__bs32__seed15,results/runs/pendigits/pendigits__dyn__fixed-ry-rz__L2__lr0.01__bs32__seed15_seed15,pendigits,dyn,fixed-ry-rz,2,15,0.01,32,2000,True,plus,True,False,1.3458138340020132,0.6186666666666667,1.3800457767307357,0.6034877072612922,0.6253333333333333,1105.2666666666664,,127.79697442054749,,450,16,65536,457b0468ba5f023a4a9f38816dbca0899481d04d,False
complete,pendigits,pendigits__dyn__fixed-ry-rz__L2__lr0.01__bs32__seed16,results/runs/pendigits/pendigits__dyn__fixed-ry-rz__L2__lr0.01__bs32__seed16_seed16,pendigits,dyn,fixed-ry-rz,2,16,0.01,32,2000,True,plus,True,False,1.3470168671222782,0.5893333333333334,1.3601358041788953,0.6054888507718696,0.5893333333333334,1042.5333333333333,,128.83935284614563,,450,16,65536,457b0468ba5f023a4a9f38816dbca0899481d04d,False
complete,pendigits,pendigits__dyn__fixed-ry-rz__L2__lr0.01__bs32__seed17,results/runs/pendigits/pendigits__dyn__fixed-ry-rz__L2__lr0.01__bs32__seed17_seed17,pendigits,dyn,fixed-ry-rz,2,17,0.01,32,2000,True,plus,True,False,1.3801274783715334,0.5573333333333333,1.3807918406547675,0.5660377358490566,0.5853333333333334,1039.8000000000002,,127.35647773742676,,450,16,65536,457b0468ba5f023a4a9f38816dbca0899481d04d,False
complete,pendigits,pendigits__dyn__fixed-ry-rz__L2__lr0.01__bs32__seed18,results/runs/pendigits/pendigits__dyn__fixed-ry-rz__L2__lr0.01__bs32__seed18_seed18,pendigits,dyn,fixed-ry-rz,2,18,0.01,32,2000,True,plus,True,False,1.3825241943424416,0.5853333333333334,1.4447409808547957,0.5557461406518011,0.5933333333333334,1062.6,,126.88909363746643,,450,16,65536,457b0468ba5f023a4a9f38816dbca0899481d04d,False
complete,pendigits,pendigits__dyn__fixed-ry-rz__L2__lr0.01__bs32__seed19,results/runs/pendigits/pendigits__dyn__fixed-ry-rz__L2__lr0.01__bs32__seed19_seed19,pendigits,dyn,fixed-ry-rz,2,19,0.01,32,2000,True,plus,True,False,1.3541445635111677,0.5906666666666667,1.379850146306069,0.5943396226415094,0.5973333333333334,1065.6000000000001,,130.02076601982117,,450,16,65536,457b0468ba5f023a4a9f38816dbca0899481d04d,False
complete,pendigits,pendigits__dyn__fixed-ry-rz__L2__lr0.01__bs32__seed1,results/runs/pendigits/pendigits__dyn__fixed-ry-rz__L2__lr0.01__bs32__seed1_seed1,pendigits,dyn,fixed-ry-rz,2,1,0.01,32,2000,True,plus,True,False,1.3694259168487524,0.5666666666666667,1.452580460789045,0.5394511149228131,0.5866666666666667,1039.6,,218.21031045913696,,450,16,65536,5d760ef42d71a06acce4efdc9ed931be057f16a6,False
complete,pendigits,pendigits__dyn__fixed-ry-rz__L2__lr0.01__bs32__seed2,results/runs/pendigits/pendigits__dyn__fixed-ry-rz__L2__lr0.01__bs32__seed2_seed2,pendigits,dyn,fixed-ry-rz,2,2,0.01,32,2000,True,plus,True,False,1.3944383597658871,0.5826666666666667,1.4365584387461348,0.5914808461978274,0.584,1055.6,,129.60757756233215,,450,16,65536,457b0468ba5f023a4a9f38816dbca0899481d04d,False
complete,pendigits,pendigits__dyn__fixed-ry-rz__L2__lr0.01__bs32__seed3,results/runs/pendigits/pendigits__dyn__fixed-ry-rz__L2__lr0.01__bs32__seed3_seed3,pendigits,dyn,fixed-ry-rz,2,3,0.01,32,2000,True,plus,True,False,1.3514041878465677,0.576,1.3994333141897568,0.5817610062893082,0.596,1058.2,,127.47965502738953,,450,16,65536,457b0468ba5f023a4a9f38816dbca0899481d04d,False
complete,pendigits,pendigits__dyn__fixed-ry-rz__L2__lr0.01__bs32__seed4,results/runs/pendigits/pendigits__dyn__fixed-ry-rz__L2__lr0.01__bs32__seed4_seed4,pendigits,dyn,fixed-ry-rz,2,4,0.01,32,2000,True,plus,True,False,1.3771254127492791,0.6053333333333333,1.3758248722969526,0.6012006861063465,0.6106666666666667,1075.3333333333335,,129.27774572372437,,450,16,65536,457b0468ba5f023a4a9f38816dbca0899481d04d,False
complete,pendigits,pendigits__dyn__fixed-ry-rz__L2__lr0.01__bs32__seed5,results/runs/pendigits/pendigits__dyn__fixed-ry-rz__L2__lr0.01__bs32__seed5_seed5,pendigits,dyn,fixed-ry-rz,2,5,0.01,32,2000,True,plus,True,False,1.3290424299677048,0.6453333333333333,1.3564706863419926,0.6306460834762722,0.6453333333333333,1121.5333333333333,,127.58421087265015,,450,16,65536,457b0468ba5f023a4a9f38816dbca0899481d04d,False
complete,pendigits,pendigits__dyn__fixed-ry-rz__L2__lr0.01__bs32__seed6,results/runs/pendigits/pendigits__dyn__fixed-ry-rz__L2__lr0.01__bs32__seed6_seed6,pendigits,dyn,fixed-ry-rz,2,6,0.01,32,2000,True,plus,True,False,1.3752166834883992,0.5746666666666667,1.404227201720006,0.5717552887364208,0.5773333333333334,1039.2666666666667,,127.44891953468323,,450,16,65536,457b0468ba5f023a4a9f38816dbca0899481d04d,False
complete,pendigits,pendigits__dyn__fixed-ry-rz__L2__lr0.01__bs32__seed7,results/runs/pendigits/pendigits__dyn__fixed-ry-rz__L2__lr0.01__bs32__seed7_seed7,pendigits,dyn,fixed-ry-rz,2,7,0.01,32,2000,True,plus,True,False,1.3614090357357798,0.6066666666666667,1.388892095071163,0.5911949685534591,0.612,1091.533333333333,,126.99309802055359,,450,16,65536,457b0468ba5f023a4a9f38816dbca0899481d04d,False
complete,pendigits,pendigits__dyn__fixed-ry-rz__L2__lr0.01__bs32__seed8,results/runs/pendigits/pendigits__dyn__fixed-ry-rz__L2__lr0.01__bs32__seed8_seed8,pendigits,dyn,fixed-ry-rz,2,8,0.01,32,2000,True,plus,True,False,1.317797834565479,0.576,1.3927833483576366,0.5780445969125214,0.5893333333333334,1025.9999999999998,,129.2492914199829,,450,16,65536,457b0468ba5f023a4a9f38816dbca0899481d04d,False
complete,pendigits,pendigits__dyn__fixed-ry-rz__L2__lr0.01__bs32__seed9,results/runs/pendigits/pendigits__dyn__fixed-ry-rz__L2__lr0.01__bs32__seed9_seed9,pendigits,dyn,fixed-ry-rz,2,9,0.01,32,2000,True,plus,True,False,1.320522612830284,0.6186666666666667,1.3598283937045252,0.6180674671240709,0.64,1130.2666666666664,,128.8046338558197,,450,16,65536,457b0468ba5f023a4a9f38816dbca0899481d04d,False
complete,pendigits,pendigits__dyn__fixed-ry-rz__L32__lr0.01__bs32__seed0,results/runs/pendigits/pendigits__dyn__fixed-ry-rz__L32__lr0.01__bs32__seed0_seed0,pendigits,dyn,fixed-ry-rz,32,0,0.01,32,2000,True,plus,True,False,1.546217095731371,0.5746666666666667,1.5509888742624174,0.5740423098913665,0.5746666666666667,815.8666666666667,,2200.683557510376,,7200,16,65536,457b0468ba5f023a4a9f38816dbca0899481d04d,False
complete,pendigits,pendigits__dyn__fixed-ry-rz__L32__lr0.01__bs32__seed10,results/runs/pendigits/pendigits__dyn__fixed-ry-rz__L32__lr0.01__bs32__seed10_seed10,pendigits,dyn,fixed-ry-rz,32,10,0.01,32,2000,True,plus,True,False,1.6973761231994995,0.49866666666666665,1.7554178301681567,0.4602630074328187,0.5653333333333334,742.6666666666667,,2195.9018647670746,,7200,16,65536,457b0468ba5f023a4a9f38816dbca0899481d04d,False
complete,pendigits,pendigits__dyn__fixed-ry-rz__L32__lr0.01__bs32__seed11,results/runs/pendigits/pendigits__dyn__fixed-ry-rz__L32__lr0.01__bs32__seed11_seed11,pendigits,dyn,fixed-ry-rz,32,11,0.01,32,2000,True,plus,True,False,1.511867416347604,0.5586666666666666,1.5561964202997665,0.5368782161234992,0.5586666666666666,813.7333333333333,,2169.655843734741,,7200,16,65536,457b0468ba5f023a4a9f38816dbca0899481d04d,False
complete,pendigits,pendigits__dyn__fixed-ry-rz__L32__lr0.01__bs32__seed12,results/runs/pendigits/pendigits__dyn__fixed-ry-rz__L32__lr0.01__bs32__seed12_seed12,pendigits,dyn,fixed-ry-rz,32,12,0.01,32,2000,True,plus,True,False,1.518087823710854,0.5213333333333333,1.5414471080958205,0.5377358490566038,0.5773333333333334,753.6666666666667,,2173.1323652267456,,7200,16,65536,457b0468ba5f023a4a9f38816dbca0899481d04d,False
complete,pendigits,pendigits__dyn__fixed-ry-rz__L32__lr0.01__bs32__seed13,results/runs/pendigits/pendigits__dyn__fixed-ry-rz__L32__lr0.01__bs32__seed13_seed13,pendigits,dyn,fixed-ry-rz,32,13,0.01,32,2000,True,plus,True,False,1.2471359784474632,0.672,1.3164472034898784,0.6423670668953688,0.672,829.8,,2178.306348800659,,7200,16,65536,457b0468ba5f023a4a9f38816dbca0899481d04d,False
complete,pendigits,pendigits__dyn__fixed-ry-rz__L32__lr0.01__bs32__seed14,results/runs/pendigits/pendigits__dyn__fixed-ry-rz__L32__lr0.01__bs32__seed14_seed14,pendigits,dyn,fixed-ry-rz,32,14,0.01,32,2000,True,plus,True,False,1.3508612689702768,0.6253333333333333,1.3542337238531759,0.6272155517438537,0.6253333333333333,843.8,,2172.810451745987,,7200,16,65536,457b0468ba5f023a4a9f38816dbca0899481d04d,False
complete,pendigits,pendigits__dyn__fixed-ry-rz__L32__lr0.01__bs32__seed15,results/runs/pendigits/pendigits__dyn__fixed-ry-rz__L32__lr0.01__bs32__seed15_seed15,pendigits,dyn,fixed-ry-rz,32,15,0.01,32,2000,True,plus,True,False,1.5651812172107424,0.5533333333333333,1.582132744255356,0.5248713550600344,0.5533333333333333,728.6,,2175.2282643318176,,7200,16,65536,457b0468ba5f023a4a9f38816dbca0899481d04d,False
complete,pendigits,pendigits__dyn__fixed-ry-rz__L32__lr0.01__bs32__seed16,results/runs/pendigits/pendigits__dyn__fixed-ry-rz__L32__lr0.01__bs32__seed16_seed16,pendigits,dyn,fixed-ry-rz,32,16,0.01,32,2000,True,plus,True,False,1.5622742699483754,0.5426666666666666,1.5549638587040076,0.5571755288736421,0.592,805.8000000000001,,2176.9069504737854,,7200,16,65536,457b0468ba5f023a4a9f38816dbca0899481d04d,False
complete,pendigits,pendigits__dyn__fixed-ry-rz__L32__lr0.01__bs32__seed17,results/runs/pendigits/pendigits__dyn__fixed-ry-rz__L32__lr0.01__bs32__seed17_seed17,pendigits,dyn,fixed-ry-rz,32,17,0.01,32,2000,True,plus,True,False,1.7246253116646761,0.424,1.7337513534582063,0.4393939393939394,0.5066666666666667,767.5999999999999,,2192.335824728012,,7200,16,65536,457b0468ba5f023a4a9f38816dbca0899481d04d,False
complete,pendigits,pendigits__dyn__fixed-ry-rz__L32__lr0.01__bs32__seed18,results/runs/pendigits/pendigits__dyn__fixed-ry-rz__L32__lr0.01__bs32__seed18_seed18,pendigits,dyn,fixed-ry-rz,32,18,0.01,32,2000,True,plus,True,False,1.4789267654049634,0.564,1.4887992444083793,0.5563178959405375,0.5666666666666667,773.7333333333332,,2262.2683506011963,,7200,16,65536,457b0468ba5f023a4a9f38816dbca0899481d04d,False
complete,pendigits,pendigits__dyn__fixed-ry-rz__L32__lr0.01__bs32__seed19,results/runs/pendigits/pendigits__dyn__fixed-ry-rz__L32__lr0.01__bs32__seed19_seed19,pendigits,dyn,fixed-ry-rz,32,19,0.01,32,2000,True,plus,True,False,1.3397638115979007,0.6226666666666667,1.37912609890465,0.6017724413950829,0.6226666666666667,813.5333333333335,,2269.4495391845703,,7200,16,65536,457b0468ba5f023a4a9f38816dbca0899481d04d,False
complete,pendigits,pendigits__dyn__fixed-ry-rz__L32__lr0.01__bs32__seed1,results/runs/pendigits/pendigits__dyn__fixed-ry-rz__L32__lr0.01__bs32__seed1_seed1,pendigits,dyn,fixed-ry-rz,32,1,0.01,32,2000,True,plus,True,False,1.3865508508914623,0.6253333333333333,1.395442075163934,0.6220697541452258,0.6253333333333333,812.0666666666666,,2206.012373685837,,7200,16,65536,457b0468ba5f023a4a9f38816dbca0899481d04d,False
complete,pendigits,pendigits__dyn__fixed-ry-rz__L32__lr0.01__bs32__seed2,results/runs/pendigits/pendigits__dyn__fixed-ry-rz__L32__lr0.01__bs32__seed2_seed2,pendigits,dyn,fixed-ry-rz,32,2,0.01,32,2000,True,plus,True,False,1.620423358543176,0.5533333333333333,1.6163846548088776,0.5391652372784448,0.5533333333333333,764.9333333333335,,2247.5265316963196,,7200,16,65536,457b0468ba5f023a4a9f38816dbca0899481d04d,False
complete,pendigits,pendigits__dyn__fixed-ry-rz__L32__lr0.01__bs32__seed3,results/runs/pendigits/pendigits__dyn__fixed-ry-rz__L32__lr0.01__bs32__seed3_seed3,pendigits,dyn,fixed-ry-rz,32,3,0.01,32,2000,True,plus,True,False,1.5677777626198162,0.5586666666666666,1.5889412004627526,0.5640365923384791,0.5826666666666667,788.5999999999999,,2247.1037409305573,,7200,16,65536,457b0468ba5f023a4a9f38816dbca0899481d04d,False
complete,pendigits,pendigits__dyn__fixed-ry-rz__L32__lr0.01__bs32__seed4,results/runs/pendigits/pendigits__dyn__fixed-ry-rz__L32__lr0.01__bs32__seed4_seed4,pendigits,dyn,fixed-ry-rz,32,4,0.01,32,2000,True,plus,True,False,1.5419363793394072,0.6,1.5896936745957073,0.5806174957118353,0.6,823.4000000000001,,2270.8905639648438,,7200,16,65536,457b0468ba5f023a4a9f38816dbca0899481d04d,False
complete,pendigits,pendigits__dyn__fixed-ry-rz__L32__lr0.01__bs32__seed5,results/runs/pendigits/pendigits__dyn__fixed-ry-rz__L32__lr0.01__bs32__seed5_seed5,pendigits,dyn,fixed-ry-rz,32,5,0.01,32,2000,True,plus,True,False,1.473751474836487,0.596,1.544675926699166,0.5728987993138936,0.596,767.1333333333333,,2267.187323331833,,7200,16,65536,457b0468ba5f023a4a9f38816dbca0899481d04d,False
complete,pendigits,pendigits__dyn__fixed-ry-rz__L32__lr0.01__bs32__seed6,results/runs/pendigits/pendigits__dyn__fixed-ry-rz__L32__lr0.01__bs32__seed6_seed6,pendigits,dyn,fixed-ry-rz,32,6,0.01,32,2000,True,plus,True,False,1.5459157062382125,0.5213333333333333,1.5232835752568399,0.5560320182961692,0.5586666666666666,826.1999999999999,,2262.362811088562,,7200,16,65536,457b0468ba5f023a4a9f38816dbca0899481d04d,False
complete,pendigits,pendigits__dyn__fixed-ry-rz__L32__lr0.01__bs32__seed7,results/runs/pendigits/pendigits__dyn__fixed-ry-rz__L32__lr0.01__bs32__seed7_seed7,pendigits,dyn,fixed-ry-rz,32,7,0.01,32,2000,True,plus,True,False,1.3416736209573492,0.6306666666666667,1.3941924402828263,0.6232132647226987,0.64,877.2666666666667,,2213.1189527511597,,7200,16,65536,457b0468ba5f023a4a9f38816dbca0899481d04d,False
complete,pendigits,pendigits__dyn__fixed-ry-rz__L32__lr0.01__bs32__seed8,results/runs/pendigits/pendigits__dyn__fixed-ry-rz__L32__lr0.01__bs32__seed8_seed8,pendigits,dyn,fixed-ry-rz,32,8,0.01,32,2000,True,plus,True,False,1.545735810178648,0.576,1.5420085218496475,0.5586049170954831,0.576,776.7333333333333,,2194.9224655628204,,7200,16,65536,457b0468ba5f023a4a9f38816dbca0899481d04d,False
complete,pendigits,pendigits__dyn__fixed-ry-rz__L32__lr0.01__bs32__seed9,results/runs/pendigits/pendigits__dyn__fixed-ry-rz__L32__lr0.01__bs32__seed9_seed9,pendigits,dyn,fixed-ry-rz,32,9,0.01,32,2000,True,plus,True,False,1.6300762935052395,0.5106666666666667,1.6582069320475863,0.4937106918238994,0.5333333333333333,716.8666666666667,,2209.2064311504364,,7200,16,65536,457b0468ba5f023a4a9f38816dbca0899481d04d,False
complete,pendigits,pendigits__dyn__fixed-ry-rz__L4__lr0.01__bs32__seed0,results/runs/pendigits/pendigits__dyn__fixed-ry-rz__L4__lr0.01__bs32__seed0_seed0,pendigits,dyn,fixed-ry-rz,4,0,0.01,32,2000,True,plus,True,False,1.1983041087369577,0.6386666666666667,1.2440448627013017,0.6363636363636364,0.66,1152.5333333333335,,239.3986999988556,,900,16,65536,457b0468ba5f023a4a9f38816dbca0899481d04d,False
complete,pendigits,pendigits__dyn__fixed-ry-rz__L4__lr0.01__bs32__seed10,results/runs/pendigits/pendigits__dyn__fixed-ry-rz__L4__lr0.01__bs32__seed10_seed10,pendigits,dyn,fixed-ry-rz,4,10,0.01,32,2000,True,plus,True,False,1.1815757130462519,0.628,1.2360138796056552,0.6306460834762722,0.644,1159.333333333333,,241.3315680027008,,900,16,65536,457b0468ba5f023a4a9f38816dbca0899481d04d,False
complete,pendigits,pendigits__dyn__fixed-ry-rz__L4__lr0.01__bs32__seed11,results/runs/pendigits/pendigits__dyn__fixed-ry-rz__L4__lr0.01__bs32__seed11_seed11,pendigits,dyn,fixed-ry-rz,4,11,0.01,32,2000,True,plus,True,False,1.2176944877134805,0.6533333333333333,1.2747529417135202,0.5986277873070326,0.6533333333333333,1142.9333333333334,,242.15465807914734,,900,16,65536,457b0468ba5f023a4a9f38816dbca0899481d04d,False
complete,pendigits,pendigits__dyn__fixed-ry-rz__L4__lr0.01__bs32__seed12,results/runs/pendigits/pendigits__dyn__fixed-ry-rz__L4__lr0.01__bs32__seed12_seed12,pendigits,dyn,fixed-ry-rz,4,12,0.01,32,2000,True,plus,True,False,1.2329494233318699,0.6413333333333333,1.3090492867957655,0.6077758719268154,0.6413333333333333,1129.7333333333336,,236.12794065475464,,900,16,65536,457b0468ba5f023a4a9f38816dbca0899481d04d,False
complete,pendigits,pendigits__dyn__fixed-ry-rz__L4__lr0.01__bs32__seed13,results/runs/pendigits/pendigits__dyn__fixed-ry-rz__L4__lr0.01__bs32__seed13_seed13,pendigits,dyn,fixed-ry-rz,4,13,0.01,32,2000,True,plus,True,False,1.1980249403965748,0.6386666666666667,1.2597428099502472,0.6054888507718696,0.66,1155.7333333333336,,238.88834023475647,,900,16,65536,457b0468ba5f023a4a9f38816dbca0899481d04d,False
complete,pendigits,pendigits__dyn__fixed-ry-rz__L4__lr0.01__bs32__seed14,results/runs/pendigits/pendigits__dyn__fixed-ry-rz__L4__lr0.01__bs32__seed14_seed14,pendigits,dyn,fixed-ry-rz,4,14,0.01,32,2000,True,plus,True,False,1.2211685799446184,0.6173333333333333,1.2445879263377173,0.6232132647226987,0.648,1155.6666666666665,,238.32939052581787,,900,16,65536,457b0468ba5f023a4a9f38816dbca0899481d04d,False
complete,pendigits,pendigits__dyn__fixed-ry-rz__L4__lr0.01__bs32__seed15,results/runs/pendigits/pendigits__dyn__fixed-ry-rz__L4__lr0.01__bs32__seed15_seed15,pendigits,dyn,fixed-ry-rz,4,15,0.01,32,2000,True,plus,True,False,1.2055179738068582,0.6546666666666666,1.2787115537231135,0.6137793024585477,0.66,1137.3333333333333,,240.6773157119751,,900,16,65536,457b0468ba5f023a4a9f38816dbca0899481d04d,False
complete,pendigits,pendigits__dyn__fixed-ry-rz__L4__lr0.01__bs32__seed16,results/runs/pendigits/pendigits__dyn__fixed-ry-rz__L4__lr0.01__bs32__seed16_seed16,pendigits,dyn,fixed-ry-rz,4,16,0.01,32,2000,True,plus,True,False,1.214551016082751,0.6626666666666666,1.294047991160332,0.6049170954831332,0.668,1174.7333333333336,,240.58765029907227,,900,16,65536,457b0468ba5f023a4a9f38816dbca0899481d04d,False
complete,pendigits,pendigits__dyn__fixed-ry-rz__L4__lr0.01__bs32__seed17,results/runs/pendigits/pendigits__dyn__fixed-ry-rz__L4__lr0.01__bs32__seed17_seed17,pendigits,dyn,fixed-ry-rz,4,17,0.01,32,2000,True,plus,True,False,1.1898881550909453,0.6306666666666667,1.247832020152947,0.6335048599199543,0.656,1147.4666666666667,,237.5964515209198,,900,16,65536,457b0468ba5f023a4a9f38816dbca0899481d04d,False
complete,pendigits,pendigits__dyn__fixed-ry-rz__L4__lr0.01__bs32__seed18,results/runs/pendigits/pendigits__dyn__fixed-ry-rz__L4__lr0.01__bs32__seed18_seed18,pendigits,dyn,fixed-ry-rz,4,18,0.01,32,2000,True,plus,True,False,1.1759162400481957,0.684,1.214934936336309,0.6406518010291595,0.684,1198.3333333333333,,240.75231170654297,,900,16,65536,457b0468ba5f023a4a9f38816dbca0899481d04d,False
complete,pendigits,pendigits__dyn__fixed-ry-rz__L4__lr0.01__bs32__seed19,results/runs/pendigits/pendigits__dyn__fixed-ry-rz__L4__lr0.01__bs32__seed19_seed19,pendigits,dyn,fixed-ry-rz,4,19,0.01,32,2000,True,plus,True,False,1.143658804521401,0.6813333333333333,1.2247500973321073,0.6698113207547169,0.6946666666666667,1187.3333333333335,,239.65184235572815,,900,16,65536,457b0468ba5f023a4a9f38816dbca0899481d04d,False
complete,pendigits,pendigits__dyn__fixed-ry-rz__L4__lr0.01__bs32__seed1,results/runs/pendigits/pendigits__dyn__fixed-ry-rz__L4__lr0.01__bs32__seed1_seed1,pendigits,dyn,fixed-ry-rz,4,1,0.01,32,2000,True,plus,True,False,1.22589071848494,0.6333333333333333,1.2582887352410295,0.6240708976558034,0.6386666666666667,1130.9333333333334,,242.3091597557068,,900,16,65536,457b0468ba5f023a4a9f38816dbca0899481d04d,False
complete,pendigits,pendigits__dyn__fixed-ry-rz__L4__lr0.01__bs32__seed2,results/runs/pendigits/pendigits__dyn__fixed-ry-rz__L4__lr0.01__bs32__seed2_seed2,pendigits,dyn,fixed-ry-rz,4,2,0.01,32,2000,True,plus,True,False,1.2049099217959798,0.6426666666666667,1.2677218560646704,0.6357918810748999,0.6426666666666667,1158.6000000000001,,243.54668760299683,,900,16,65536,457b0468ba5f023a4a9f38816dbca0899481d04d,False
complete,pendigits,pendigits__dyn__fixed-ry-rz__L4__lr0.01__bs32__seed3,results/runs/pendigits/pendigits__dyn__fixed-ry-rz__L4__lr0.01__bs32__seed3_seed3,pendigits,dyn,fixed-ry-rz,4,3,0.01,32,2000,True,plus,True,False,1.2068270733416617,0.6346666666666667,1.2438719175833453,0.6275014293882218,0.648,1167.5333333333333,,237.17916059494019,,900,16,65536,457b0468ba5f023a4a9f38816dbca0899481d04d,False
complete,pendigits,pendigits__dyn__fixed-ry-rz__L4__lr0.01__bs32__seed4,results/runs/pendigits/pendigits__dyn__fixed-ry-rz__L4__lr0.01__bs32__seed4_seed4,pendigits,dyn,fixed-ry-rz,4,4,0.01,32,2000,True,plus,True,False,1.1982416951920156,0.6306666666666667,1.273091928606715,0.6080617495711835,0.6773333333333333,1185.2666666666667,,239.49772191047668,,900,16,65536,457b0468ba5f023a4a9f38816dbca0899481d04d,False
complete,pendigits,pendigits__dyn__fixed-ry-rz__L4__lr0.01__bs32__seed5,results/runs/pendigits/pendigits__dyn__fixed-ry-rz__L4__lr0.01__bs32__seed5_seed5,pendigits,dyn,fixed-ry-rz,4,5,0.01,32,2000,True,plus,True,False,1.2032266374347735,0.648,1.2621509286843755,0.6129216695254431,0.6573333333333333,1167.7333333333336,,236.1052873134613,,900,16,65536,457b0468ba5f023a4a9f38816dbca0899481d04d,False
complete,pendigits,pendigits__dyn__fixed-ry-rz__L4__lr0.01__bs32__seed6,results/runs/pendigits/pendigits__dyn__fixed-ry-rz__L4__lr0.01__bs32__seed6_seed6,pendigits,dyn,fixed-ry-rz,4,6,0.01,32,2000,True,plus,True,False,1.2171917601767874,0.6546666666666666,1.2358854884825237,0.6443682104059463,0.6653333333333333,1173.0,,243.55851006507874,,900,16,65536,457b0468ba5f023a4a9f38816dbca0899481d04d,False
complete,pendigits,pendigits__dyn__fixed-ry-rz__L4__lr0.01__bs32__seed7,results/runs/pendigits/pendigits__dyn__fixed-ry-rz__L4__lr0.01__bs32__seed7_seed7,pendigits,dyn,fixed-ry-rz,4,7,0.01,32,2000,True,plus,True,False,1.1555820272835937,0.6506666666666666,1.2513753163264671,0.6286449399656947,0.6546666666666666,1164.6,,240.3940589427948,,900,16,65536,457b0468ba5f023a4a9f38816dbca0899481d04d,False
complete,pendigits,pendigits__dyn__fixed-ry-rz__L4__lr0.01__bs32__seed8,results/runs/pendigits/pendigits__dyn__fixed-ry-rz__L4__lr0.01__bs32__seed8_seed8,pendigits,dyn,fixed-ry-rz,4,8,0.01,32,2000,True,plus,True,False,1.2080627986448345,0.6373333333333333,1.261842112998724,0.6406518010291595,0.6413333333333333,1168.1333333333334,,239.12549829483032,,900,16,65536,457b0468ba5f023a4a9f38816dbca0899481d04d,False
complete,pendigits,pendigits__dyn__fixed-ry-rz__L4__lr0.01__bs32__seed9,results/runs/pendigits/pendigits__dyn__fixed-ry-rz__L4__lr0.01__bs32__seed9_seed9,pendigits,dyn,fixed-ry-rz,4,9,0.01,32,2000,True,plus,True,False,1.20629210465786,0.62,1.285258612763205,0.6157804459691252,0.656,1166.8666666666666,,239.9946413040161,,900,16,65536,457b0468ba5f023a4a9f38816dbca0899481d04d,False
complete,pendigits,pendigits__dyn__fixed-ry-rz__L8__lr0.01__bs32__seed0,results/runs/pendigits/pendigits__dyn__fixed-ry-rz__L8__lr0.01__bs32__seed0_seed0,pendigits,dyn,fixed-ry-rz,8,0,0.01,32,2000,True,plus,True,False,1.1668741947144925,0.676,1.2283688141037234,0.6423670668953688,0.6826666666666666,1188.6000000000001,,494.7124683856964,,1800,16,65536,457b0468ba5f023a4a9f38816dbca0899481d04d,False
complete,pendigits,pendigits__dyn__fixed-ry-rz__L8__lr0.01__bs32__seed10,results/runs/pendigits/pendigits__dyn__fixed-ry-rz__L8__lr0.01__bs32__seed10_seed10,pendigits,dyn,fixed-ry-rz,8,10,0.01,32,2000,True,plus,True,False,1.1590087247175422,0.6586666666666666,1.200842380369362,0.641223556317896,0.668,1149.2,,487.3375053405762,,1800,16,65536,457b0468ba5f023a4a9f38816dbca0899481d04d,False
complete,pendigits,pendigits__dyn__fixed-ry-rz__L8__lr0.01__bs32__seed11,results/runs/pendigits/pendigits__dyn__fixed-ry-rz__L8__lr0.01__bs32__seed11_seed11,pendigits,dyn,fixed-ry-rz,8,11,0.01,32,2000,True,plus,True,False,1.1695550452849932,0.66,1.2145494381627586,0.6400800457404231,0.66,1139.1999999999998,,486.0088951587677,,1800,16,65536,457b0468ba5f023a4a9f38816dbca0899481d04d,False
complete,pendigits,pendigits__dyn__fixed-ry-rz__L8__lr0.01__bs32__seed12,results/runs/pendigits/pendigits__dyn__fixed-ry-rz__L8__lr0.01__bs32__seed12_seed12,pendigits,dyn,fixed-ry-rz,8,12,0.01,32,2000,True,plus,True,False,1.1275945279910249,0.688,1.1767565364305235,0.6497998856489422,0.688,1127.8666666666666,,488.1809811592102,,1800,16,65536,457b0468ba5f023a4a9f38816dbca0899481d04d,False
complete,pendigits,pendigits__dyn__fixed-ry-rz__L8__lr0.01__bs32__seed13,results/runs/pendigits/pendigits__dyn__fixed-ry-rz__L8__lr0.01__bs32__seed13_seed13,pendigits,dyn,fixed-ry-rz,8,13,0.01,32,2000,True,plus,True,False,1.171758608627911,0.6773333333333333,1.2061683885586179,0.6635220125786163,0.6773333333333333,1151.5333333333335,,485.83020067214966,,1800,16,65536,457b0468ba5f023a4a9f38816dbca0899481d04d,False
complete,pendigits,pendigits__dyn__fixed-ry-rz__L8__lr0.01__bs32__seed14,results/runs/pendigits/pendigits__dyn__fixed-ry-rz__L8__lr0.01__bs32__seed14_seed14,pendigits,dyn,fixed-ry-rz,8,14,0.01,32,2000,True,plus,True,False,1.1988687675498795,0.644,1.204485004257614,0.6423670668953688,0.6666666666666666,1128.2,,483.54106640815735,,1800,16,65536,457b0468ba5f023a4a9f38816dbca0899481d04d,False
complete,pendigits,pendigits__dyn__fixed-ry-rz__L8__lr0.01__bs32__seed15,results/runs/pendigits/pendigits__dyn__fixed-ry-rz__L8__lr0.01__bs32__seed15_seed15,pendigits,dyn,fixed-ry-rz,8,15,0.01,32,2000,True,plus,True,False,1.2264580406420447,0.632,1.284888793622407,0.6229273870783305,0.632,1117.2666666666664,,484.34588623046875,,1800,16,65536,457b0468ba5f023a4a9f38816dbca0899481d04d,False
complete,pendigits,pendigits__dyn__fixed-ry-rz__L8__lr0.01__bs32__seed16,results/runs/pendigits/pendigits__dyn__fixed-ry-rz__L8__lr0.01__bs32__seed16_seed16,pendigits,dyn,fixed-ry-rz,8,16,0.01,32,2000,True,plus,True,False,1.1504602378155988,0.6586666666666666,1.1740940242320659,0.6512292738707833,0.6746666666666666,1124.0,,486.19515895843506,,1800,16,65536,457b0468ba5f023a4a9f38816dbca0899481d04d,False
complete,pendigits,pendigits__dyn__fixed-ry-rz__L8__lr0.01__bs32__seed17,results/runs/pendigits/pendigits__dyn__fixed-ry-rz__L8__lr0.01__bs32__seed17_seed17,pendigits,dyn,fixed-ry-rz,8,17,0.01,32,2000,True,plus,True,False,1.1912760617713969,0.6373333333333333,1.2686981946509286,0.5969125214408233,0.6613333333333333,1160.2000000000003,,487.4996647834778,,1800,16,65536,457b0468ba5f023a4a9f38816dbca0899481d04d,False
complete,pendigits,pendigits__dyn__fixed-ry-rz__L8__lr0.01__bs32__seed18,results/runs/pendigits/pendigits__dyn__fixed-ry-rz__L8__lr0.01__bs32__seed18_seed18,pendigits,dyn,fixed-ry-rz,8,18,0.01,32,2000,True,plus,True,False,1.182456792561862,0.6653333333333333,1.2134625587169703,0.6683819325328759,0.6653333333333333,1172.9333333333334,,488.66667556762695,,1800,16,65536,457b0468ba5f023a4a9f38816dbca0899481d04d,False
complete,pendigits,pendigits__dyn__fixed-ry-rz__L8__lr0.01__bs32__seed19,results/runs/pendigits/pendigits__dyn__fixed-ry-rz__L8__lr0.01__bs32__seed19_seed19,pendigits,dyn,fixed-ry-rz,8,19,0.01,32,2000,True,plus,True,False,1.1346165198927993,0.6653333333333333,1.1997030818746477,0.6415094339622641,0.6853333333333333,1172.7999999999997,,489.0426993370056,,1800,16,65536,457b0468ba5f023a4a9f38816dbca0899481d04d,False
complete,pendigits,pendigits__dyn__fixed-ry-rz__L8__lr0.01__bs32__seed1,results/runs/pendigits/pendigits__dyn__fixed-ry-rz__L8__lr0.01__bs32__seed1_seed1,pendigits,dyn,fixed-ry-rz,8,1,0.01,32,2000,True,plus,True,False,1.2072648130693358,0.6506666666666666,1.2335402963321878,0.6266437964551173,0.6533333333333333,1136.2,,485.68975019454956,,1800,16,65536,457b0468ba5f023a4a9f38816dbca0899481d04d,False
complete,pendigits,pendigits__dyn__fixed-ry-rz__L8__lr0.01__bs32__seed2,results/runs/pendigits/pendigits__dyn__fixed-ry-rz__L8__lr0.01__bs32__seed2_seed2,pendigits,dyn,fixed-ry-rz,8,2,0.01,32,2000,True,plus,True,False,1.1337599944681245,0.6973333333333334,1.2266655566899076,0.6363636363636364,0.6973333333333334,1162.7999999999997,,496.48442697525024,,1800,16,65536,457b0468ba5f023a4a9f38816dbca0899481d04d,False
complete,pendigits,pendigits__dyn__fixed-ry-rz__L8__lr0.01__bs32__seed3,results/runs/pendigits/pendigits__dyn__fixed-ry-rz__L8__lr0.01__bs32__seed3_seed3,pendigits,dyn,fixed-ry-rz,8,3,0.01,32,2000,True,plus,True,False,1.1341689828740864,0.6626666666666666,1.1797229429152232,0.6546598056032018,0.6626666666666666,1122.0666666666666,,495.1702170372009,,1800,16,65536,457b0468ba5f023a4a9f38816dbca0899481d04d,False
complete,pendigits,pendigits__dyn__fixed-ry-rz__L8__lr0.01__bs32__seed4,results/runs/pendigits/pendigits__dyn__fixed-ry-rz__L8__lr0.01__bs32__seed4_seed4,pendigits,dyn,fixed-ry-rz,8,4,0.01,32,2000,True,plus,True,False,1.2619381474083762,0.632,1.326847590527258,0.5800457404230989,0.632,1106.5333333333335,,495.9424247741699,,1800,16,65536,457b0468ba5f023a4a9f38816dbca0899481d04d,False
complete,pendigits,pendigits__dyn__fixed-ry-rz__L8__lr0.01__bs32__seed5,results/runs/pendigits/pendigits__dyn__fixed-ry-rz__L8__lr0.01__bs32__seed5_seed5,pendigits,dyn,fixed-ry-rz,8,5,0.01,32,2000,True,plus,True,False,1.1345015986333442,0.668,1.1857209307732046,0.6683819325328759,0.668,1157.1333333333332,,493.5660910606384,,1800,16,65536,457b0468ba5f023a4a9f38816dbca0899481d04d,False
complete,pendigits,pendigits__dyn__fixed-ry-rz__L8__lr0.01__bs32__seed6,results/runs/pendigits/pendigits__dyn__fixed-ry-rz__L8__lr0.01__bs32__seed6_seed6,pendigits,dyn,fixed-ry-rz,8,6,0.01,32,2000,True,plus,True,False,1.2105661453971304,0.6546666666666666,1.2408253939045568,0.6452258433390509,0.6626666666666666,1135.6000000000001,,493.6463544368744,,1800,16,65536,457b0468ba5f023a4a9f38816dbca0899481d04d,False
complete,pendigits,pendigits__dyn__fixed-ry-rz__L8__lr0.01__bs32__seed7,results/runs/pendigits/pendigits__dyn__fixed-ry-rz__L8__lr0.01__bs32__seed7_seed7,pendigits,dyn,fixed-ry-rz,8,7,0.01,32,2000,True,plus,True,False,1.1550871830389378,0.664,1.2269727662604033,0.6497998856489422,0.6813333333333333,1166.5333333333335,,487.0294952392578,,1800,16,65536,457b0468ba5f023a4a9f38816dbca0899481d04d,False
complete,pendigits,pendigits__dyn__fixed-ry-rz__L8__lr0.01__bs32__seed8,results/runs/pendigits/pendigits__dyn__fixed-ry-rz__L8__lr0.01__bs32__seed8_seed8,pendigits,dyn,fixed-ry-rz,8,8,0.01,32,2000,True,plus,True,False,1.164714172872024,0.672,1.2173507147771228,0.6720983419096627,0.672,1144.5333333333333,,489.10464882850647,,1800,16,65536,457b0468ba5f023a4a9f38816dbca0899481d04d,False
complete,pendigits,pendigits__dyn__fixed-ry-rz__L8__lr0.01__bs32__seed9,results/runs/pendigits/pendigits__dyn__fixed-ry-rz__L8__lr0.01__bs32__seed9_seed9,pendigits,dyn,fixed-ry-rz,8,9,0.01,32,2000,True,plus,True,False,1.1463265724797655,0.6426666666666667,1.1945506040223501,0.6349342481417953,0.6933333333333334,1179.4666666666667,,494.2716233730316,,1800,16,65536,457b0468ba5f023a4a9f38816dbca0899481d04d,False
complete,pendigits,pendigits__dyn__fixed-ry__L16__lr0.01__bs32__seed0,results/runs/pendigits/pendigits__dyn__fixed-ry__L16__lr0.01__bs32__seed0_seed0,pendigits,dyn,fixed-ry,16,0,0.01,32,2000,True,plus,True,False,0.9140371160618186,0.7893333333333333,0.9835551705510903,0.7427101200686106,0.7893333333333333,1221.6666666666667,,835.15008020401,,3600,16,65536,457b0468ba5f023a4a9f38816dbca0899481d04d,False
complete,pendigits,pendigits__dyn__fixed-ry__L16__lr0.01__bs32__seed10,results/runs/pendigits/pendigits__dyn__fixed-ry__L16__lr0.01__bs32__seed10_seed10,pendigits,dyn,fixed-ry,16,10,0.01,32,2000,True,plus,True,False,0.8790091281454879,0.796,0.9177179792339477,0.7818753573470555,0.7973333333333333,1272.2,,839.3567118644714,,3600,16,65536,457b0468ba5f023a4a9f38816dbca0899481d04d,False
complete,pendigits,pendigits__dyn__fixed-ry__L16__lr0.01__bs32__seed11,results/runs/pendigits/pendigits__dyn__fixed-ry__L16__lr0.01__bs32__seed11_seed11,pendigits,dyn,fixed-ry,16,11,0.01,32,2000,True,plus,True,False,0.8803211559783537,0.7626666666666667,0.9371038272004151,0.7535734705546027,0.7733333333333333,1279.6,,842.0271255970001,,3600,16,65536,457b0468ba5f023a4a9f38816dbca0899481d04d,False
complete,pendigits,pendigits__dyn__fixed-ry__L16__lr0.01__bs32__seed12,results/runs/pendigits/pendigits__dyn__fixed-ry__L16__lr0.01__bs32__seed12_seed12,pendigits,dyn,fixed-ry,16,12,0.01,32,2000,True,plus,True,False,0.8833416757681959,0.7866666666666666,1.0104005153560311,0.7249857061177816,0.7866666666666666,1267.0666666666666,,842.5785257816315,,3600,16,65536,457b0468ba5f023a4a9f38816dbca0899481d04d,False
complete,pendigits,pendigits__dyn__fixed-ry__L16__lr0.01__bs32__seed13,results/runs/pendigits/pendigits__dyn__fixed-ry__L16__lr0.01__bs32__seed13_seed13,pendigits,dyn,fixed-ry,16,13,0.01,32,2000,True,plus,True,False,0.7988434147361974,0.8186666666666667,0.8386738768619465,0.807032590051458,0.8186666666666667,1303.466666666667,,858.9838404655457,,3600,16,65536,457b0468ba5f023a4a9f38816dbca0899481d04d,False
complete,pendigits,pendigits__dyn__fixed-ry__L16__lr0.01__bs32__seed14,results/runs/pendigits/pendigits__dyn__fixed-ry__L16__lr0.01__bs32__seed14_seed14,pendigits,dyn,fixed-ry,16,14,0.01,32,2000,True,plus,True,False,0.9291309137654491,0.7866666666666666,0.9443343973008881,0.7838765008576329,0.792,1268.5333333333335,,859.1220610141754,,3600,16,65536,457b0468ba5f023a4a9f38816dbca0899481d04d,False
complete,pendigits,pendigits__dyn__fixed-ry__L16__lr0.01__bs32__seed15,results/runs/pendigits/pendigits__dyn__fixed-ry__L16__lr0.01__bs32__seed15_seed15,pendigits,dyn,fixed-ry,16,15,0.01,32,2000,True,plus,True,False,0.9720634938786037,0.7586666666666667,1.0306726407497422,0.7264150943396226,0.7733333333333333,1249.0,,863.9143648147583,,3600,16,65536,457b0468ba5f023a4a9f38816dbca0899481d04d,False
complete,pendigits,pendigits__dyn__fixed-ry__L16__lr0.01__bs32__seed16,results/runs/pendigits/pendigits__dyn__fixed-ry__L16__lr0.01__bs32__seed16_seed16,pendigits,dyn,fixed-ry,16,16,0.01,32,2000,True,plus,True,False,0.9029391570811067,0.7666666666666667,0.9722968965445197,0.725557461406518,0.7826666666666666,1295.9999999999998,,862.131824016571,,3600,16,65536,457b0468ba5f023a4a9f38816dbca0899481d04d,False
complete,pendigits,pendigits__dyn__fixed-ry__L16__lr0.01__bs32__seed17,results/runs/pendigits/pendigits__dyn__fixed-ry__L16__lr0.01__bs32__seed17_seed17,pendigits,dyn,fixed-ry,16,17,0.01,32,2000,True,plus,True,False,0.8388416189815407,0.8173333333333334,0.9262080197073901,0.7544311034877073,0.8186666666666667,1274.6000000000001,,862.4987540245056,,3600,16,65536,457b0468ba5f023a4a9f38816dbca0899481d04d,False
complete,pendigits,pendigits__dyn__fixed-ry__L16__lr0.01__bs32__seed18,results/runs/pendigits/pendigits__dyn__fixed-ry__L16__lr0.01__bs32__seed18_seed18,pendigits,dyn,fixed-ry,16,18,0.01,32,2000,True,plus,True,False,0.9357684204586224,0.7546666666666667,0.9921848888530029,0.7301315037164093,0.78,1280.9999999999998,,859.391533613205,,3600,16,65536,457b0468ba5f023a4a9f38816dbca0899481d04d,False
complete,pendigits,pendigits__dyn__fixed-ry__L16__lr0.01__bs32__seed19,results/runs/pendigits/pendigits__dyn__fixed-ry__L16__lr0.01__bs32__seed19_seed19,pendigits,dyn,fixed-ry,16,19,0.01,32,2000,True,plus,True,False,0.8410049061290262,0.788,0.884146979500192,0.758147512864494,0.7986666666666666,1303.2666666666664,,862.2153558731079,,3600,16,65536,457b0468ba5f023a4a9f38816dbca0899481d04d,False
complete,pendigits,pendigits__dyn__fixed-ry__L16__lr0.01__bs32__seed1,results/runs/pendigits/pendigits__dyn__fixed-ry__L16__lr0.01__bs32__seed1_seed1,pendigits,dyn,fixed-ry,16,1,0.01,32,2000,True,plus,True,False,0.8915418403179839,0.788,0.9579952025453936,0.747284162378502,0.788,1243.8666666666666,,837.1547112464905,,3600,16,65536,457b0468ba5f023a4a9f38816dbca0899481d04d,False
complete,pendigits,pendigits__dyn__fixed-ry__L16__lr0.01__bs32__seed2,results/runs/pendigits/pendigits__dyn__fixed-ry__L16__lr0.01__bs32__seed2_seed2,pendigits,dyn,fixed-ry,16,2,0.01,32,2000,True,plus,True,False,0.8642743260366597,0.7706666666666667,0.9363345103622608,0.7492853058890795,0.7893333333333333,1304.6,,864.0529999732971,,3600,16,65536,457b0468ba5f023a4a9f38816dbca0899481d04d,False
complete,pendigits,pendigits__dyn__fixed-ry__L16__lr0.01__bs32__seed3,results/runs/pendigits/pendigits__dyn__fixed-ry__L16__lr0.01__bs32__seed3_seed3,pendigits,dyn,fixed-ry,16,3,0.01,32,2000,True,plus,True,False,0.852493927818355,0.796,0.9004625750503047,0.7761578044596913,0.796,1279.4,,859.7951648235321,,3600,16,65536,457b0468ba5f023a4a9f38816dbca0899481d04d,False
complete,pendigits,pendigits__dyn__fixed-ry__L16__lr0.01__bs32__seed4,results/runs/pendigits/pendigits__dyn__fixed-ry__L16__lr0.01__bs32__seed4_seed4,pendigits,dyn,fixed-ry,16,4,0.01,32,2000,True,plus,True,False,0.9224958635621906,0.764,1.0422210765027238,0.6961120640365923,0.768,1269.9333333333334,,861.213387966156,,3600,16,65536,457b0468ba5f023a4a9f38816dbca0899481d04d,False
complete,pendigits,pendigits__dyn__fixed-ry__L16__lr0.01__bs32__seed5,results/runs/pendigits/pendigits__dyn__fixed-ry__L16__lr0.01__bs32__seed5_seed5,pendigits,dyn,fixed-ry,16,5,0.01,32,2000,True,plus,True,False,0.9337312500373222,0.764,1.013063247175323,0.7372784448256147,0.78,1282.9333333333332,,862.8758718967438,,3600,16,65536,5d760ef42d71a06acce4efdc9ed931be057f16a6,False
complete,pendigits,pendigits__dyn__fixed-ry__L16__lr0.01__bs32__seed6,results/runs/pendigits/pendigits__dyn__fixed-ry__L16__lr0.01__bs32__seed6_seed6,pendigits,dyn,fixed-ry,16,6,0.01,32,2000,True,plus,True,False,0.9055483954575508,0.7586666666666667,0.9609533368158727,0.7532875929102344,0.772,1255.6666666666665,,866.1536755561829,,3600,16,65536,5d760ef42d71a06acce4efdc9ed931be057f16a6,False
complete,pendigits,pendigits__dyn__fixed-ry__L16__lr0.01__bs32__seed7,results/runs/pendigits/pendigits__dyn__fixed-ry__L16__lr0.01__bs32__seed7_seed7,pendigits,dyn,fixed-ry,16,7,0.01,32,2000,True,plus,True,False,0.8555675384560171,0.788,0.9575694004652469,0.7198399085191538,0.788,1265.7333333333333,,855.6286771297455,,3600,16,65536,457b0468ba5f023a4a9f38816dbca0899481d04d,False
complete,pendigits,pendigits__dyn__fixed-ry__L16__lr0.01__bs32__seed8,results/runs/pendigits/pendigits__dyn__fixed-ry__L16__lr0.01__bs32__seed8_seed8,pendigits,dyn,fixed-ry,16,8,0.01,32,2000,True,plus,True,False,0.8916063402303913,0.7893333333333333,0.9389338387506082,0.774442538593482,0.7893333333333333,1228.7333333333336,,853.4525675773621,,3600,16,65536,457b0468ba5f023a4a9f38816dbca0899481d04d,False
complete,pendigits,pendigits__dyn__fixed-ry__L16__lr0.01__bs32__seed9,results/runs/pendigits/pendigits__dyn__fixed-ry__L16__lr0.01__bs32__seed9_seed9,pendigits,dyn,fixed-ry,16,9,0.01,32,2000,True,plus,True,False,0.8659702852436056,0.7866666666666666,0.9457217448216924,0.7607204116638079,0.7866666666666666,1287.8666666666666,,851.9524292945862,,3600,16,65536,457b0468ba5f023a4a9f38816dbca0899481d04d,False
complete,pendigits,pendigits__dyn__fixed-ry__L1__lr0.01__bs32__seed0,results/runs/pendigits/pendigits__dyn__fixed-ry__L1__lr0.01__bs32__seed0_seed0,pendigits,dyn,fixed-ry,1,0,0.01,32,2000,True,plus,True,False,1.611437908020296,0.47333333333333333,1.6476349701370698,0.4716981132075472,0.49866666666666665,899.1333333333334,,59.48455834388733,,225,16,65536,457b0468ba5f023a4a9f38816dbca0899481d04d,False
complete,pendigits,pendigits__dyn__fixed-ry__L1__lr0.01__bs32__seed10,results/runs/pendigits/pendigits__dyn__fixed-ry__L1__lr0.01__bs32__seed10_seed10,pendigits,dyn,fixed-ry,1,10,0.01,32,2000,True,plus,True,False,1.6003072347699279,0.43466666666666665,1.6348357692921038,0.42424242424242425,0.4613333333333333,846.1333333333333,,58.6273717880249,,225,16,65536,457b0468ba5f023a4a9f38816dbca0899481d04d,False
complete,pendigits,pendigits__dyn__fixed-ry__L1__lr0.01__bs32__seed11,results/runs/pendigits/pendigits__dyn__fixed-ry__L1__lr0.01__bs32__seed11_seed11,pendigits,dyn,fixed-ry,1,11,0.01,32,2000,True,plus,True,False,1.6734661054777042,0.444,1.6864132896691102,0.40480274442538594,0.4613333333333333,792.2666666666665,,60.21699333190918,,225,16,65536,457b0468ba5f023a4a9f38816dbca0899481d04d,False
complete,pendigits,pendigits__dyn__fixed-ry__L1__lr0.01__bs32__seed12,results/runs/pendigits/pendigits__dyn__fixed-ry__L1__lr0.01__bs32__seed12_seed12,pendigits,dyn,fixed-ry,1,12,0.01,32,2000,True,plus,True,False,1.6566174780146579,0.4533333333333333,1.688701832020479,0.4531160663236135,0.48,849.8666666666668,,59.229796171188354,,225,16,65536,457b0468ba5f023a4a9f38816dbca0899481d04d,False
complete,pendigits,pendigits__dyn__fixed-ry__L1__lr0.01__bs32__seed13,results/runs/pendigits/pendigits__dyn__fixed-ry__L1__lr0.01__bs32__seed13_seed13,pendigits,dyn,fixed-ry,1,13,0.01,32,2000,True,plus,True,False,1.6462652847755501,0.484,1.6743472190795923,0.47712978845054316,0.504,856.7333333333333,,60.117456674575806,,225,16,65536,457b0468ba5f023a4a9f38816dbca0899481d04d,False
complete,pendigits,pendigits__dyn__fixed-ry__L1__lr0.01__bs32__seed14,results/runs/pendigits/pendigits__dyn__fixed-ry__L1__lr0.01__bs32__seed14_seed14,pendigits,dyn,fixed-ry,1,14,0.01,32,2000,True,plus,True,False,1.6561390163719418,0.45066666666666666,1.6893256243249453,0.43310463121783876,0.45066666666666666,778.1333333333333,,60.15527057647705,,225,16,65536,457b0468ba5f023a4a9f38816dbca0899481d04d,False
complete,pendigits,pendigits__dyn__fixed-ry__L1__lr0.01__bs32__seed15,results/runs/pendigits/pendigits__dyn__fixed-ry__L1__lr0.01__bs32__seed15_seed15,pendigits,dyn,fixed-ry,1,15,0.01,32,2000,True,plus,True,False,1.6322472206934069,0.49866666666666665,1.6656465337622322,0.4734133790737564,0.49866666666666665,833.0,,60.03547644615173,,225,16,65536,457b0468ba5f023a4a9f38816dbca0899481d04d,False
complete,pendigits,pendigits__dyn__fixed-ry__L1__lr0.01__bs32__seed16,results/runs/pendigits/pendigits__dyn__fixed-ry__L1__lr0.01__bs32__seed16_seed16,pendigits,dyn,fixed-ry,1,16,0.01,32,2000,True,plus,True,False,1.6073467626366185,0.5026666666666667,1.6169413248600049,0.48284734133790735,0.5066666666666667,901.4000000000001,,60.095869064331055,,225,16,65536,457b0468ba5f023a4a9f38816dbca0899481d04d,False
complete,pendigits,pendigits__dyn__fixed-ry__L1__lr0.01__bs32__seed17,results/runs/pendigits/pendigits__dyn__fixed-ry__L1__lr0.01__bs32__seed17_seed17,pendigits,dyn,fixed-ry,1,17,0.01,32,2000,True,plus,True,False,1.6392829946374698,0.44533333333333336,1.658598303417145,0.4065180102915952,0.4706666666666667,837.9999999999999,,59.972729206085205,,225,16,65536,457b0468ba5f023a4a9f38816dbca0899481d04d,False
complete,pendigits,pendigits__dyn__fixed-ry__L1__lr0.01__bs32__seed18,results/runs/pendigits/pendigits__dyn__fixed-ry__L1__lr0.01__bs32__seed18_seed18,pendigits,dyn,fixed-ry,1,18,0.01,32,2000,True,plus,True,False,1.6436240238090283,0.4706666666666667,1.6449163508562983,0.4305317324185249,0.48533333333333334,832.6666666666667,,61.492799520492554,,225,16,65536,457b0468ba5f023a4a9f38816dbca0899481d04d,False
complete,pendigits,pendigits__dyn__fixed-ry__L1__lr0.01__bs32__seed19,results/runs/pendigits/pendigits__dyn__fixed-ry__L1__lr0.01__bs32__seed19_seed19,pendigits,dyn,fixed-ry,1,19,0.01,32,2000,True,plus,True,False,1.6190682303890114,0.5106666666666667,1.637258764533737,0.482275586049171,0.5106666666666667,839.5999999999999,,61.2788770198822,,225,16,65536,457b0468ba5f023a4a9f38816dbca0899481d04d,False
complete,pendigits,pendigits__dyn__fixed-ry__L1__lr0.01__bs32__seed1,results/runs/pendigits/pendigits__dyn__fixed-ry__L1__lr0.01__bs32__seed1_seed1,pendigits,dyn,fixed-ry,1,1,0.01,32,2000,True,plus,True,False,1.67016665137723,0.39866666666666667,1.6910844381332348,0.384505431675243,0.4533333333333333,779.5333333333335,,59.737956285476685,,225,16,65536,457b0468ba5f023a4a9f38816dbca0899481d04d,False
complete,pendigits,pendigits__dyn__fixed-ry__L1__lr0.01__bs32__seed2,results/runs/pendigits/pendigits__dyn__fixed-ry__L1__lr0.01__bs32__seed2_seed2,pendigits,dyn,fixed-ry,1,2,0.01,32,2000,True,plus,True,False,1.6275085681608479,0.4666666666666667,1.6587264995628193,0.45969125214408235,0.4866666666666667,867.2,,59.228384017944336,,225,16,65536,457b0468ba5f023a4a9f38816dbca0899481d04d,False
complete,pendigits,pendigits__dyn__fixed-ry__L1__lr0.01__bs32__seed3,results/runs/pendigits/pendigits__dyn__fixed-ry__L1__lr0.01__bs32__seed3_seed3,pendigits,dyn,fixed-ry,1,3,0.01,32,2000,True,plus,True,False,1.6147025961465227,0.4533333333333333,1.6540401563022673,0.427958833619211,0.49466666666666664,895.4666666666666,,58.97138953208923,,225,16,65536,457b0468ba5f023a4a9f38816dbca0899481d04d,False
complete,pendigits,pendigits__dyn__fixed-ry__L1__lr0.01__bs32__seed4,results/runs/pendigits/pendigits__dyn__fixed-ry__L1__lr0.01__bs32__seed4_seed4,pendigits,dyn,fixed-ry,1,4,0.01,32,2000,True,plus,True,False,1.653058725520604,0.43466666666666665,1.6787643942133057,0.4025157232704403,0.45866666666666667,826.4666666666665,,59.628735303878784,,225,16,65536,457b0468ba5f023a4a9f38816dbca0899481d04d,False
complete,pendigits,pendigits__dyn__fixed-ry__L1__lr0.01__bs32__seed5,results/runs/pendigits/pendigits__dyn__fixed-ry__L1__lr0.01__bs32__seed5_seed5,pendigits,dyn,fixed-ry,1,5,0.01,32,2000,True,plus,True,False,1.6055998165431942,0.4706666666666667,1.6321749570904924,0.46083476272155516,0.512,901.0000000000001,,59.41465187072754,,225,16,65536,457b0468ba5f023a4a9f38816dbca0899481d04d,False
complete,pendigits,pendigits__dyn__fixed-ry__L1__lr0.01__bs32__seed6,results/runs/pendigits/pendigits__dyn__fixed-ry__L1__lr0.01__bs32__seed6_seed6,pendigits,dyn,fixed-ry,1,6,0.01,32,2000,True,plus,True,False,1.6280003540880092,0.48533333333333334,1.6198079725629173,0.46226415094339623,0.48533333333333334,859.9999999999999,,59.55105209350586,,225,16,65536,457b0468ba5f023a4a9f38816dbca0899481d04d,False
complete,pendigits,pendigits__dyn__fixed-ry__L1__lr0.01__bs32__seed7,results/runs/pendigits/pendigits__dyn__fixed-ry__L1__lr0.01__bs32__seed7_seed7,pendigits,dyn,fixed-ry,1,7,0.01,32,2000,True,plus,True,False,1.6399631540964628,0.43733333333333335,1.6737595420129787,0.42452830188679247,0.476,834.8000000000001,,59.73725986480713,,225,16,65536,457b0468ba5f023a4a9f38816dbca0899481d04d,False
complete,pendigits,pendigits__dyn__fixed-ry__L1__lr0.01__bs32__seed8,results/runs/pendigits/pendigits__dyn__fixed-ry__L1__lr0.01__bs32__seed8_seed8,pendigits,dyn,fixed-ry,1,8,0.01,32,2000,True,plus,True,False,1.6583756994835706,0.45066666666666666,1.6729095950299622,0.4265294453973699,0.45066666666666666,784.3333333333331,,60.19922351837158,,225,16,65536,457b0468ba5f023a4a9f38816dbca0899481d04d,False
complete,pendigits,pendigits__dyn__fixed-ry__L1__lr0.01__bs32__seed9,results/runs/pendigits/pendigits__dyn__fixed-ry__L1__lr0.01__bs32__seed9_seed9,pendigits,dyn,fixed-ry,1,9,0.01,32,2000,True,plus,True,False,1.6355524922339713,0.44,1.6637666868934298,0.4308176100628931,0.48933333333333334,864.8000000000001,,59.11166310310364,,225,16,65536,457b0468ba5f023a4a9f38816dbca0899481d04d,False
complete,pendigits,pendigits__dyn__fixed-ry__L2__lr0.01__bs32__seed0,results/runs/pendigits/pendigits__dyn__fixed-ry__L2__lr0.01__bs32__seed0_seed0,pendigits,dyn,fixed-ry,2,0,0.01,32,2000,True,plus,True,False,1.2451592377754588,0.596,1.3251575228149433,0.5746140651801029,0.608,1091.8,,106.23483800888062,,450,16,65536,457b0468ba5f023a4a9f38816dbca0899481d04d,False
complete,pendigits,pendigits__dyn__fixed-ry__L2__lr0.01__bs32__seed10,results/runs/pendigits/pendigits__dyn__fixed-ry__L2__lr0.01__bs32__seed10_seed10,pendigits,dyn,fixed-ry,2,10,0.01,32,2000,True,plus,True,False,1.293599663777627,0.5866666666666667,1.338763839407086,0.5726129216695255,0.6146666666666667,1100.6666666666667,,108.18092250823975,,450,16,65536,457b0468ba5f023a4a9f38816dbca0899481d04d,False
complete,pendigits,pendigits__dyn__fixed-ry__L2__lr0.01__bs32__seed11,results/runs/pendigits/pendigits__dyn__fixed-ry__L2__lr0.01__bs32__seed11_seed11,pendigits,dyn,fixed-ry,2,11,0.01,32,2000,True,plus,True,False,1.2773720233906478,0.5866666666666667,1.3499413414436168,0.584333905088622,0.616,1113.9333333333334,,107.46542358398438,,450,16,65536,457b0468ba5f023a4a9f38816dbca0899481d04d,False
complete,pendigits,pendigits__dyn__fixed-ry__L2__lr0.01__bs32__seed12,results/runs/pendigits/pendigits__dyn__fixed-ry__L2__lr0.01__bs32__seed12_seed12,pendigits,dyn,fixed-ry,2,12,0.01,32,2000,True,plus,True,False,1.2922241513358452,0.644,1.3541593240612269,0.614065180102916,0.644,1098.3333333333333,,104.44590497016907,,450,16,65536,457b0468ba5f023a4a9f38816dbca0899481d04d,False
complete,pendigits,pendigits__dyn__fixed-ry__L2__lr0.01__bs32__seed13,results/runs/pendigits/pendigits__dyn__fixed-ry__L2__lr0.01__bs32__seed13_seed13,pendigits,dyn,fixed-ry,2,13,0.01,32,2000,True,plus,True,False,1.2960321618403665,0.6013333333333334,1.3241552475427376,0.5671812464265295,0.608,1100.0,,108.5787193775177,,450,16,65536,457b0468ba5f023a4a9f38816dbca0899481d04d,False
complete,pendigits,pendigits__dyn__fixed-ry__L2__lr0.01__bs32__seed14,results/runs/pendigits/pendigits__dyn__fixed-ry__L2__lr0.01__bs32__seed14_seed14,pendigits,dyn,fixed-ry,2,14,0.01,32,2000,True,plus,True,False,1.2587966229668295,0.6186666666666667,1.2762555353647795,0.6372212692967409,0.636,1132.2,,106.63760042190552,,450,16,65536,457b0468ba5f023a4a9f38816dbca0899481d04d,False
complete,pendigits,pendigits__dyn__fixed-ry__L2__lr0.01__bs32__seed15,results/runs/pendigits/pendigits__dyn__fixed-ry__L2__lr0.01__bs32__seed15_seed15,pendigits,dyn,fixed-ry,2,15,0.01,32,2000,True,plus,True,False,1.30471688050275,0.624,1.370695664306569,0.6063464837049742,0.6373333333333333,1132.5333333333333,,104.92961502075195,,450,16,65536,457b0468ba5f023a4a9f38816dbca0899481d04d,False
complete,pendigits,pendigits__dyn__fixed-ry__L2__lr0.01__bs32__seed16,results/runs/pendigits/pendigits__dyn__fixed-ry__L2__lr0.01__bs32__seed16_seed16,pendigits,dyn,fixed-ry,2,16,0.01,32,2000,True,plus,True,False,1.261089491205009,0.6213333333333333,1.2780528266322049,0.6034877072612922,0.636,1122.4666666666667,,108.90429902076721,,450,16,65536,457b0468ba5f023a4a9f38816dbca0899481d04d,False
complete,pendigits,pendigits__dyn__fixed-ry__L2__lr0.01__bs32__seed17,results/runs/pendigits/pendigits__dyn__fixed-ry__L2__lr0.01__bs32__seed17_seed17,pendigits,dyn,fixed-ry,2,17,0.01,32,2000,True,plus,True,False,1.2494996327032173,0.624,1.3018295923012624,0.6003430531732419,0.64,1118.7333333333333,,104.78759384155273,,450,16,65536,457b0468ba5f023a4a9f38816dbca0899481d04d,False
complete,pendigits,pendigits__dyn__fixed-ry__L2__lr0.01__bs32__seed18,results/runs/pendigits/pendigits__dyn__fixed-ry__L2__lr0.01__bs32__seed18_seed18,pendigits,dyn,fixed-ry,2,18,0.01,32,2000,True,plus,True,False,1.282900235323593,0.592,1.337373656147719,0.5720411663807891,0.6133333333333333,1093.8666666666668,,107.91402244567871,,450,16,65536,457b0468ba5f023a4a9f38816dbca0899481d04d,False
complete,pendigits,pendigits__dyn__fixed-ry__L2__lr0.01__bs32__seed19,results/runs/pendigits/pendigits__dyn__fixed-ry__L2__lr0.01__bs32__seed19_seed19,pendigits,dyn,fixed-ry,2,19,0.01,32,2000,True,plus,True,False,1.3190216428704213,0.5853333333333334,1.3621277738410962,0.576043453401944,0.5986666666666667,1068.5333333333335,,105.04190850257874,,450,16,65536,457b0468ba5f023a4a9f38816dbca0899481d04d,False
complete,pendigits,pendigits__dyn__fixed-ry__L2__lr0.01__bs32__seed1,results/runs/pendigits/pendigits__dyn__fixed-ry__L2__lr0.01__bs32__seed1_seed1,pendigits,dyn,fixed-ry,2,1,0.01,32,2000,True,plus,True,False,1.2624796033692613,0.6466666666666666,1.3387143851509316,0.6060606060606061,0.66,1179.4666666666665,,107.27608227729797,,450,16,65536,457b0468ba5f023a4a9f38816dbca0899481d04d,False
complete,pendigits,pendigits__dyn__fixed-ry__L2__lr0.01__bs32__seed2,results/runs/pendigits/pendigits__dyn__fixed-ry__L2__lr0.01__bs32__seed2_seed2,pendigits,dyn,fixed-ry,2,2,0.01,32,2000,True,plus,True,False,1.3128430132373823,0.6013333333333334,1.3586586404368695,0.5769010863350486,0.612,1084.1333333333332,,110.27994012832642,,450,16,65536,457b0468ba5f023a4a9f38816dbca0899481d04d,False
complete,pendigits,pendigits__dyn__fixed-ry__L2__lr0.01__bs32__seed3,results/runs/pendigits/pendigits__dyn__fixed-ry__L2__lr0.01__bs32__seed3_seed3,pendigits,dyn,fixed-ry,2,3,0.01,32,2000,True,plus,True,False,1.2885299576257323,0.6026666666666667,1.3565629946902016,0.5917667238421955,0.604,1100.0,,109.00367832183838,,450,16,65536,457b0468ba5f023a4a9f38816dbca0899481d04d,False
complete,pendigits,pendigits__dyn__fixed-ry__L2__lr0.01__bs32__seed4,results/runs/pendigits/pendigits__dyn__fixed-ry__L2__lr0.01__bs32__seed4_seed4,pendigits,dyn,fixed-ry,2,4,0.01,32,2000,True,plus,True,False,1.270976622907825,0.6053333333333333,1.326661093087207,0.5754716981132075,0.6186666666666667,1103.8000000000002,,105.25132751464844,,450,16,65536,457b0468ba5f023a4a9f38816dbca0899481d04d,False
complete,pendigits,pendigits__dyn__fixed-ry__L2__lr0.01__bs32__seed5,results/runs/pendigits/pendigits__dyn__fixed-ry__L2__lr0.01__bs32__seed5_seed5,pendigits,dyn,fixed-ry,2,5,0.01,32,2000,True,plus,True,False,1.220398258769679,0.6186666666666667,1.2936946391577324,0.610062893081761,0.624,1115.2666666666669,,106.05139493942261,,450,16,65536,457b0468ba5f023a4a9f38816dbca0899481d04d,False
complete,pendigits,pendigits__dyn__fixed-ry__L2__lr0.01__bs32__seed6,results/runs/pendigits/pendigits__dyn__fixed-ry__L2__lr0.01__bs32__seed6_seed6,pendigits,dyn,fixed-ry,2,6,0.01,32,2000,True,plus,True,False,1.333139130924354,0.5853333333333334,1.3761664883771925,0.5720411663807891,0.616,1120.4666666666667,,105.76671004295349,,450,16,65536,457b0468ba5f023a4a9f38816dbca0899481d04d,False
complete,pendigits,pendigits__dyn__fixed-ry__L2__lr0.01__bs32__seed7,results/runs/pendigits/pendigits__dyn__fixed-ry__L2__lr0.01__bs32__seed7_seed7,pendigits,dyn,fixed-ry,2,7,0.01,32,2000,True,plus,True,False,1.2665033723400816,0.5866666666666667,1.3424359378368427,0.5654659805603202,0.596,1083.6666666666667,,106.80783748626709,,450,16,65536,457b0468ba5f023a4a9f38816dbca0899481d04d,False
complete,pendigits,pendigits__dyn__fixed-ry__L2__lr0.01__bs32__seed8,results/runs/pendigits/pendigits__dyn__fixed-ry__L2__lr0.01__bs32__seed8_seed8,pendigits,dyn,fixed-ry,2,8,0.01,32,2000,True,plus,True,False,1.3295227809885966,0.616,1.3658140748224827,0.5971983990851916,0.632,1132.2666666666667,,109.10777950286865,,450,16,65536,457b0468ba5f023a4a9f38816dbca0899481d04d,False
complete,pendigits,pendigits__dyn__fixed-ry__L2__lr0.01__bs32__seed9,results/runs/pendigits/pendigits__dyn__fixed-ry__L2__lr0.01__bs32__seed9_seed9,pendigits,dyn,fixed-ry,2,9,0.01,32,2000,True,plus,True,False,1.3093813614890812,0.6,1.3630546736878486,0.5877644368210406,0.6146666666666667,1112.2666666666667,,107.56828331947327,,450,16,65536,457b0468ba5f023a4a9f38816dbca0899481d04d,False
complete,pendigits,pendigits__dyn__fixed-ry__L32__lr0.01__bs32__seed0,results/runs/pendigits/pendigits__dyn__fixed-ry__L32__lr0.01__bs32__seed0_seed0,pendigits,dyn,fixed-ry,32,0,0.01,32,2000,True,plus,True,False,1.0648867920384546,0.7733333333333333,1.11553714993708,0.7375643224699828,0.7733333333333333,1074.2666666666669,,1938.747885942459,,7200,16,65536,457b0468ba5f023a4a9f38816dbca0899481d04d,False
complete,pendigits,pendigits__dyn__fixed-ry__L32__lr0.01__bs32__seed10,results/runs/pendigits/pendigits__dyn__fixed-ry__L32__lr0.01__bs32__seed10_seed10,pendigits,dyn,fixed-ry,32,10,0.01,32,2000,True,plus,True,False,1.1243318831999733,0.7413333333333333,1.2022805236643963,0.6912521440823327,0.7506666666666667,1063.6666666666665,,1831.670681476593,,7200,16,65536,457b0468ba5f023a4a9f38816dbca0899481d04d,False
complete,pendigits,pendigits__dyn__fixed-ry__L32__lr0.01__bs32__seed11,results/runs/pendigits/pendigits__dyn__fixed-ry__L32__lr0.01__bs32__seed11_seed11,pendigits,dyn,fixed-ry,32,11,0.01,32,2000,True,plus,True,False,1.0587213497308534,0.7306666666666667,1.126707812819013,0.7032590051457976,0.7466666666666667,1067.6,,1836.1352326869965,,7200,16,65536,457b0468ba5f023a4a9f38816dbca0899481d04d,False
complete,pendigits,pendigits__dyn__fixed-ry__L32__lr0.01__bs32__seed12,results/runs/pendigits/pendigits__dyn__fixed-ry__L32__lr0.01__bs32__seed12_seed12,pendigits,dyn,fixed-ry,32,12,0.01,32,2000,True,plus,True,False,1.0613510973226457,0.76,1.1053671082720222,0.7510005717552888,0.7626666666666667,1072.4,,1832.232952594757,,7200,16,65536,457b0468ba5f023a4a9f38816dbca0899481d04d,False
complete,pendigits,pendigits__dyn__fixed-ry__L32__lr0.01__bs32__seed13,results/runs/pendigits/pendigits__dyn__fixed-ry__L32__lr0.01__bs32__seed13_seed13,pendigits,dyn,fixed-ry,32,13,0.01,32,2000,True,plus,True,False,0.8335856146952942,0.82,0.8922120815901329,0.7895940537449971,0.82,1145.8,,1834.1949853897095,,7200,16,65536,457b0468ba5f023a4a9f38816dbca0899481d04d,False
complete,pendigits,pendigits__dyn__fixed-ry__L32__lr0.01__bs32__seed14,results/runs/pendigits/pendigits__dyn__fixed-ry__L32__lr0.01__bs32__seed14_seed14,pendigits,dyn,fixed-ry,32,14,0.01,32,2000,True,plus,True,False,1.062151240072078,0.7533333333333333,1.0780704188797445,0.7449971412235563,0.768,1051.3333333333333,,1819.0566222667694,,7200,16,65536,457b0468ba5f023a4a9f38816dbca0899481d04d,False
complete,pendigits,pendigits__dyn__fixed-ry__L32__lr0.01__bs32__seed15,results/runs/pendigits/pendigits__dyn__fixed-ry__L32__lr0.01__bs32__seed15_seed15,pendigits,dyn,fixed-ry,32,15,0.01,32,2000,True,plus,True,False,0.934026493580172,0.7826666666666666,1.0021981348516336,0.7335620354488279,0.7826666666666666,1076.3333333333335,,1839.349854707718,,7200,16,65536,457b0468ba5f023a4a9f38816dbca0899481d04d,False
complete,pendigits,pendigits__dyn__fixed-ry__L32__lr0.01__bs32__seed16,results/runs/pendigits/pendigits__dyn__fixed-ry__L32__lr0.01__bs32__seed16_seed16,pendigits,dyn,fixed-ry,32,16,0.01,32,2000,True,plus,True,False,1.0770078950552837,0.732,1.1522584976182126,0.6978273299028016,0.732,988.4,,1840.406588792801,,7200,16,65536,457b0468ba5f023a4a9f38816dbca0899481d04d,False
complete,pendigits,pendigits__dyn__fixed-ry__L32__lr0.01__bs32__seed17,results/runs/pendigits/pendigits__dyn__fixed-ry__L32__lr0.01__bs32__seed17_seed17,pendigits,dyn,fixed-ry,32,17,0.01,32,2000,True,plus,True,False,1.1036997469090253,0.7226666666666667,1.18084515822731,0.6889651229273871,0.744,1033.6,,1820.4613695144653,,7200,16,65536,457b0468ba5f023a4a9f38816dbca0899481d04d,False
complete,pendigits,pendigits__dyn__fixed-ry__L32__lr0.01__bs32__seed18,results/runs/pendigits/pendigits__dyn__fixed-ry__L32__lr0.01__bs32__seed18_seed18,pendigits,dyn,fixed-ry,32,18,0.01,32,2000,True,plus,True,False,1.104389599593812,0.756,1.1606068418228033,0.706403659233848,0.756,995.1333333333333,,1819.5042052268982,,7200,16,65536,457b0468ba5f023a4a9f38816dbca0899481d04d,False
complete,pendigits,pendigits__dyn__fixed-ry__L32__lr0.01__bs32__seed19,results/runs/pendigits/pendigits__dyn__fixed-ry__L32__lr0.01__bs32__seed19_seed19,pendigits,dyn,fixed-ry,32,19,0.01,32,2000,True,plus,True,False,1.1170789357207132,0.6893333333333334,1.1657023649793172,0.6823899371069182,0.6893333333333334,999.9333333333334,,1823.1576812267303,,7200,16,65536,457b0468ba5f023a4a9f38816dbca0899481d04d,False
complete,pendigits,pendigits__dyn__fixed-ry__L32__lr0.01__bs32__seed1,results/runs/pendigits/pendigits__dyn__fixed-ry__L32__lr0.01__bs32__seed1_seed1,pendigits,dyn,fixed-ry,32,1,0.01,32,2000,True,plus,True,False,1.080294066922187,0.748,1.170591086538907,0.7009719839908519,0.748,1090.6666666666665,,1819.6543698310852,,7200,16,65536,457b0468ba5f023a4a9f38816dbca0899481d04d,False
complete,pendigits,pendigits__dyn__fixed-ry__L32__lr0.01__bs32__seed2,results/runs/pendigits/pendigits__dyn__fixed-ry__L32__lr0.01__bs32__seed2_seed2,pendigits,dyn,fixed-ry,32,2,0.01,32,2000,True,plus,True,False,1.0340641951830534,0.7586666666666667,1.108281557963912,0.7315608919382505,0.7626666666666667,1082.3333333333333,,1834.7267088890076,,7200,16,65536,457b0468ba5f023a4a9f38816dbca0899481d04d,False
complete,pendigits,pendigits__dyn__fixed-ry__L32__lr0.01__bs32__seed3,results/runs/pendigits/pendigits__dyn__fixed-ry__L32__lr0.01__bs32__seed3_seed3,pendigits,dyn,fixed-ry,32,3,0.01,32,2000,True,plus,True,False,1.0905641537216384,0.7426666666666667,1.156208516612715,0.7184105202973128,0.7426666666666667,1026.7333333333331,,1843.218866109848,,7200,16,65536,457b0468ba5f023a4a9f38816dbca0899481d04d,False
complete,pendigits,pendigits__dyn__fixed-ry__L32__lr0.01__bs32__seed4,results/runs/pendigits/pendigits__dyn__fixed-ry__L32__lr0.01__bs32__seed4_seed4,pendigits,dyn,fixed-ry,32,4,0.01,32,2000,True,plus,True,False,1.0793571986992467,0.7253333333333334,1.1323770919496903,0.6938250428816467,0.7253333333333334,887.6000000000001,,1889.8621027469635,,7200,16,65536,457b0468ba5f023a4a9f38816dbca0899481d04d,False
complete,pendigits,pendigits__dyn__fixed-ry__L32__lr0.01__bs32__seed5,results/runs/pendigits/pendigits__dyn__fixed-ry__L32__lr0.01__bs32__seed5_seed5,pendigits,dyn,fixed-ry,32,5,0.01,32,2000,True,plus,True,False,1.057562446678312,0.7573333333333333,1.1022367111798699,0.7312750142938822,0.7653333333333333,1054.666666666667,,1886.8872220516205,,7200,16,65536,457b0468ba5f023a4a9f38816dbca0899481d04d,False
complete,pendigits,pendigits__dyn__fixed-ry__L32__lr0.01__bs32__seed6,results/runs/pendigits/pendigits__dyn__fixed-ry__L32__lr0.01__bs32__seed6_seed6,pendigits,dyn,fixed-ry,32,6,0.01,32,2000,True,plus,True,False,1.113086166780305,0.7493333333333333,1.1413788800181262,0.7375643224699828,0.7493333333333333,1028.2666666666664,,1909.8173308372498,,7200,16,65536,457b0468ba5f023a4a9f38816dbca0899481d04d,False
complete,pendigits,pendigits__dyn__fixed-ry__L32__lr0.01__bs32__seed7,results/runs/pendigits/pendigits__dyn__fixed-ry__L32__lr0.01__bs32__seed7_seed7,pendigits,dyn,fixed-ry,32,7,0.01,32,2000,True,plus,True,False,1.0187033713083564,0.76,1.0564564486952066,0.7598627787307033,0.7826666666666666,1044.6666666666667,,1906.4472205638885,,7200,16,65536,457b0468ba5f023a4a9f38816dbca0899481d04d,False
complete,pendigits,pendigits__dyn__fixed-ry__L32__lr0.01__bs32__seed8,results/runs/pendigits/pendigits__dyn__fixed-ry__L32__lr0.01__bs32__seed8_seed8,pendigits,dyn,fixed-ry,32,8,0.01,32,2000,True,plus,True,False,1.0460622132915542,0.7306666666666667,1.093375211891039,0.7155517438536306,0.7586666666666667,1099.8666666666668,,1904.5199882984161,,7200,16,65536,457b0468ba5f023a4a9f38816dbca0899481d04d,False
complete,pendigits,pendigits__dyn__fixed-ry__L32__lr0.01__bs32__seed9,results/runs/pendigits/pendigits__dyn__fixed-ry__L32__lr0.01__bs32__seed9_seed9,pendigits,dyn,fixed-ry,32,9,0.01,32,2000,True,plus,True,False,0.9576404282577693,0.7586666666666667,1.04107298006546,0.741852487135506,0.7586666666666667,1077.4,,1909.2676594257355,,7200,16,65536,457b0468ba5f023a4a9f38816dbca0899481d04d,False
complete,pendigits,pendigits__dyn__fixed-ry__L4__lr0.01__bs32__seed0,results/runs/pendigits/pendigits__dyn__fixed-ry__L4__lr0.01__bs32__seed0_seed0,pendigits,dyn,fixed-ry,4,0,0.01,32,2000,True,plus,True,False,1.1492808645701482,0.6826666666666666,1.1828572339575496,0.6680960548885078,0.6933333333333334,1231.5333333333335,,199.6111295223236,,900,16,65536,457b0468ba5f023a4a9f38816dbca0899481d04d,False
complete,pendigits,pendigits__dyn__fixed-ry__L4__lr0.01__bs32__seed10,results/runs/pendigits/pendigits__dyn__fixed-ry__L4__lr0.01__bs32__seed10_seed10,pendigits,dyn,fixed-ry,4,10,0.01,32,2000,True,plus,True,False,1.1272114196174141,0.6893333333333334,1.1992334439796033,0.6595197255574614,0.712,1230.2000000000003,,199.53147077560425,,900,16,65536,457b0468ba5f023a4a9f38816dbca0899481d04d,False
complete,pendigits,pendigits__dyn__fixed-ry__L4__lr0.01__bs32__seed11,results/runs/pendigits/pendigits__dyn__fixed-ry__L4__lr0.01__bs32__seed11_seed11,pendigits,dyn,fixed-ry,4,11,0.01,32,2000,True,plus,True,False,1.096331656783016,0.692,1.1431856428676102,0.6883933676386507,0.7186666666666667,1256.9999999999998,,197.98131847381592,,900,16,65536,457b0468ba5f023a4a9f38816dbca0899481d04d,False
complete,pendigits,pendigits__dyn__fixed-ry__L4__lr0.01__bs32__seed12,results/runs/pendigits/pendigits__dyn__fixed-ry__L4__lr0.01__bs32__seed12_seed12,pendigits,dyn,fixed-ry,4,12,0.01,32,2000,True,plus,True,False,1.0947905336137314,0.6866666666666666,1.1633078066597136,0.6683819325328759,0.7186666666666667,1252.4666666666667,,199.79997396469116,,900,16,65536,457b0468ba5f023a4a9f38816dbca0899481d04d,False
complete,pendigits,pendigits__dyn__fixed-ry__L4__lr0.01__bs32__seed13,results/runs/pendigits/pendigits__dyn__fixed-ry__L4__lr0.01__bs32__seed13_seed13,pendigits,dyn,fixed-ry,4,13,0.01,32,2000,True,plus,True,False,1.0759257195111844,0.716,1.1270264165660193,0.7101200686106347,0.7226666666666667,1296.6,,198.07530856132507,,900,16,65536,457b0468ba5f023a4a9f38816dbca0899481d04d,False
complete,pendigits,pendigits__dyn__fixed-ry__L4__lr0.01__bs32__seed14,results/runs/pendigits/pendigits__dyn__fixed-ry__L4__lr0.01__bs32__seed14_seed14,pendigits,dyn,fixed-ry,4,14,0.01,32,2000,True,plus,True,False,1.1181606216725313,0.668,1.1435756298970672,0.6715265866209262,0.7066666666666667,1234.4666666666665,,198.31149864196777,,900,16,65536,457b0468ba5f023a4a9f38816dbca0899481d04d,False
complete,pendigits,pendigits__dyn__fixed-ry__L4__lr0.01__bs32__seed15,results/runs/pendigits/pendigits__dyn__fixed-ry__L4__lr0.01__bs32__seed15_seed15,pendigits,dyn,fixed-ry,4,15,0.01,32,2000,True,plus,True,False,1.095416291783694,0.6773333333333333,1.135994037003964,0.6775300171526587,0.6973333333333334,1240.0,,198.71521663665771,,900,16,65536,457b0468ba5f023a4a9f38816dbca0899481d04d,False
complete,pendigits,pendigits__dyn__fixed-ry__L4__lr0.01__bs32__seed16,results/runs/pendigits/pendigits__dyn__fixed-ry__L4__lr0.01__bs32__seed16_seed16,pendigits,dyn,fixed-ry,4,16,0.01,32,2000,True,plus,True,False,1.092687605517245,0.6706666666666666,1.1330409634362648,0.6572327044025157,0.6986666666666667,1242.3333333333333,,198.56346940994263,,900,16,65536,457b0468ba5f023a4a9f38816dbca0899481d04d,False
complete,pendigits,pendigits__dyn__fixed-ry__L4__lr0.01__bs32__seed17,results/runs/pendigits/pendigits__dyn__fixed-ry__L4__lr0.01__bs32__seed17_seed17,pendigits,dyn,fixed-ry,4,17,0.01,32,2000,True,plus,True,False,1.0343345279136407,0.704,1.0846956558668834,0.7069754145225844,0.7253333333333334,1282.6000000000001,,199.64750123023987,,900,16,65536,457b0468ba5f023a4a9f38816dbca0899481d04d,False
complete,pendigits,pendigits__dyn__fixed-ry__L4__lr0.01__bs32__seed18,results/runs/pendigits/pendigits__dyn__fixed-ry__L4__lr0.01__bs32__seed18_seed18,pendigits,dyn,fixed-ry,4,18,0.01,32,2000,True,plus,True,False,1.073567783367258,0.7013333333333334,1.1471212842275338,0.676672384219554,0.7013333333333334,1240.0666666666668,,198.56777691841125,,900,16,65536,457b0468ba5f023a4a9f38816dbca0899481d04d,False
complete,pendigits,pendigits__dyn__fixed-ry__L4__lr0.01__bs32__seed19,results/runs/pendigits/pendigits__dyn__fixed-ry__L4__lr0.01__bs32__seed19_seed19,pendigits,dyn,fixed-ry,4,19,0.01,32,2000,True,plus,True,False,1.122312754728597,0.68,1.1863911703519954,0.6672384219554031,0.6853333333333333,1240.3333333333333,,197.53680443763733,,900,16,65536,457b0468ba5f023a4a9f38816dbca0899481d04d,False
complete,pendigits,pendigits__dyn__fixed-ry__L4__lr0.01__bs32__seed1,results/runs/pendigits/pendigits__dyn__fixed-ry__L4__lr0.01__bs32__seed1_seed1,pendigits,dyn,fixed-ry,4,1,0.01,32,2000,True,plus,True,False,1.0811598505740052,0.7266666666666667,1.1419808508926883,0.7029731275014294,0.7333333333333333,1271.4666666666667,,199.17805457115173,,900,16,65536,457b0468ba5f023a4a9f38816dbca0899481d04d,False
complete,pendigits,pendigits__dyn__fixed-ry__L4__lr0.01__bs32__seed2,results/runs/pendigits/pendigits__dyn__fixed-ry__L4__lr0.01__bs32__seed2_seed2,pendigits,dyn,fixed-ry,4,2,0.01,32,2000,True,plus,True,False,1.0739372110434489,0.712,1.1244334399062472,0.6966838193253287,0.712,1268.5999999999997,,199.3791801929474,,900,16,65536,457b0468ba5f023a4a9f38816dbca0899481d04d,False
complete,pendigits,pendigits__dyn__fixed-ry__L4__lr0.01__bs32__seed3,results/runs/pendigits/pendigits__dyn__fixed-ry__L4__lr0.01__bs32__seed3_seed3,pendigits,dyn,fixed-ry,4,3,0.01,32,2000,True,plus,True,False,1.0806351714377174,0.7053333333333334,1.13092825594948,0.6769582618639223,0.708,1244.9333333333334,,197.20792293548584,,900,16,65536,457b0468ba5f023a4a9f38816dbca0899481d04d,False
complete,pendigits,pendigits__dyn__fixed-ry__L4__lr0.01__bs32__seed4,results/runs/pendigits/pendigits__dyn__fixed-ry__L4__lr0.01__bs32__seed4_seed4,pendigits,dyn,fixed-ry,4,4,0.01,32,2000,True,plus,True,False,1.0391047064343897,0.7573333333333333,1.1073033751197001,0.7206975414522584,0.7573333333333333,1296.8666666666668,,201.2683026790619,,900,16,65536,457b0468ba5f023a4a9f38816dbca0899481d04d,False
complete,pendigits,pendigits__dyn__fixed-ry__L4__lr0.01__bs32__seed5,results/runs/pendigits/pendigits__dyn__fixed-ry__L4__lr0.01__bs32__seed5_seed5,pendigits,dyn,fixed-ry,4,5,0.01,32,2000,True,plus,True,False,1.0665089805814782,0.712,1.1281964883586828,0.7001143510577473,0.712,1224.6000000000001,,196.76733899116516,,900,16,65536,457b0468ba5f023a4a9f38816dbca0899481d04d,False
complete,pendigits,pendigits__dyn__fixed-ry__L4__lr0.01__bs32__seed6,results/runs/pendigits/pendigits__dyn__fixed-ry__L4__lr0.01__bs32__seed6_seed6,pendigits,dyn,fixed-ry,4,6,0.01,32,2000,True,plus,True,False,1.056724348447793,0.7013333333333334,1.1038633455362377,0.680674671240709,0.7173333333333334,1259.2,,199.85606741905212,,900,16,65536,457b0468ba5f023a4a9f38816dbca0899481d04d,False
complete,pendigits,pendigits__dyn__fixed-ry__L4__lr0.01__bs32__seed7,results/runs/pendigits/pendigits__dyn__fixed-ry__L4__lr0.01__bs32__seed7_seed7,pendigits,dyn,fixed-ry,4,7,0.01,32,2000,True,plus,True,False,1.0591989393559913,0.7146666666666667,1.1508309182607968,0.6769582618639223,0.7146666666666667,1293.4,,199.16461992263794,,900,16,65536,457b0468ba5f023a4a9f38816dbca0899481d04d,False
complete,pendigits,pendigits__dyn__fixed-ry__L4__lr0.01__bs32__seed8,results/runs/pendigits/pendigits__dyn__fixed-ry__L4__lr0.01__bs32__seed8_seed8,pendigits,dyn,fixed-ry,4,8,0.01,32,2000,True,plus,True,False,1.0448418399905985,0.7293333333333333,1.0708232830514783,0.7307032590051458,0.7506666666666667,1306.6,,198.9951367378235,,900,16,65536,457b0468ba5f023a4a9f38816dbca0899481d04d,False
complete,pendigits,pendigits__dyn__fixed-ry__L4__lr0.01__bs32__seed9,results/runs/pendigits/pendigits__dyn__fixed-ry__L4__lr0.01__bs32__seed9_seed9,pendigits,dyn,fixed-ry,4,9,0.01,32,2000,True,plus,True,False,1.1377442885438263,0.692,1.1815485656842504,0.6909662664379645,0.7346666666666667,1268.0,,199.7489778995514,,900,16,65536,457b0468ba5f023a4a9f38816dbca0899481d04d,False
complete,pendigits,pendigits__dyn__fixed-ry__L8__lr0.01__bs32__seed0,results/runs/pendigits/pendigits__dyn__fixed-ry__L8__lr0.01__bs32__seed0_seed0,pendigits,dyn,fixed-ry,8,0,0.01,32,2000,True,plus,True,False,0.8915236795935707,0.784,0.9369228806275693,0.7615780445969125,0.7853333333333333,1316.1333333333334,,407.35581278800964,,1800,16,65536,457b0468ba5f023a4a9f38816dbca0899481d04d,False
complete,pendigits,pendigits__dyn__fixed-ry__L8__lr0.01__bs32__seed10,results/runs/pendigits/pendigits__dyn__fixed-ry__L8__lr0.01__bs32__seed10_seed10,pendigits,dyn,fixed-ry,8,10,0.01,32,2000,True,plus,True,False,0.9502787223212842,0.764,0.9896022522609651,0.7387078330474557,0.764,1312.5333333333335,,407.5152289867401,,1800,16,65536,457b0468ba5f023a4a9f38816dbca0899481d04d,False
complete,pendigits,pendigits__dyn__fixed-ry__L8__lr0.01__bs32__seed11,results/runs/pendigits/pendigits__dyn__fixed-ry__L8__lr0.01__bs32__seed11_seed11,pendigits,dyn,fixed-ry,8,11,0.01,32,2000,True,plus,True,False,0.8743721852078711,0.776,0.9612770270026227,0.7264150943396226,0.776,1323.1333333333334,,404.00790333747864,,1800,16,65536,457b0468ba5f023a4a9f38816dbca0899481d04d,False
complete,pendigits,pendigits__dyn__fixed-ry__L8__lr0.01__bs32__seed12,results/runs/pendigits/pendigits__dyn__fixed-ry__L8__lr0.01__bs32__seed12_seed12,pendigits,dyn,fixed-ry,8,12,0.01,32,2000,True,plus,True,False,1.0450894278293148,0.7346666666666667,1.1171353381234994,0.6941109205260149,0.7453333333333333,1279.533333333333,,408.9368476867676,,1800,16,65536,457b0468ba5f023a4a9f38816dbca0899481d04d,False
complete,pendigits,pendigits__dyn__fixed-ry__L8__lr0.01__bs32__seed13,results/runs/pendigits/pendigits__dyn__fixed-ry__L8__lr0.01__bs32__seed13_seed13,pendigits,dyn,fixed-ry,8,13,0.01,32,2000,True,plus,True,False,0.9808844255303621,0.7666666666666667,1.0525229606219375,0.7046883933676387,0.7666666666666667,1289.4,,405.5335178375244,,1800,16,65536,457b0468ba5f023a4a9f38816dbca0899481d04d,False
complete,pendigits,pendigits__dyn__fixed-ry__L8__lr0.01__bs32__seed14,results/runs/pendigits/pendigits__dyn__fixed-ry__L8__lr0.01__bs32__seed14_seed14,pendigits,dyn,fixed-ry,8,14,0.01,32,2000,True,plus,True,False,0.8983141376252523,0.78,0.9519901735236392,0.7618639222412807,0.7826666666666666,1344.2666666666669,,409.5405032634735,,1800,16,65536,457b0468ba5f023a4a9f38816dbca0899481d04d,False
complete,pendigits,pendigits__dyn__fixed-ry__L8__lr0.01__bs32__seed15,results/runs/pendigits/pendigits__dyn__fixed-ry__L8__lr0.01__bs32__seed15_seed15,pendigits,dyn,fixed-ry,8,15,0.01,32,2000,True,plus,True,False,0.8940261673620883,0.7453333333333333,1.0293335003833517,0.703830760434534,0.7773333333333333,1324.0,,408.69082403182983,,1800,16,65536,457b0468ba5f023a4a9f38816dbca0899481d04d,False
complete,pendigits,pendigits__dyn__fixed-ry__L8__lr0.01__bs32__seed16,results/runs/pendigits/pendigits__dyn__fixed-ry__L8__lr0.01__bs32__seed16_seed16,pendigits,dyn,fixed-ry,8,16,0.01,32,2000,True,plus,True,False,1.0210303702968009,0.72,1.079773403235445,0.7189822755860492,0.7266666666666667,1273.4,,401.37522077560425,,1800,16,65536,457b0468ba5f023a4a9f38816dbca0899481d04d,False
complete,pendigits,pendigits__dyn__fixed-ry__L8__lr0.01__bs32__seed17,results/runs/pendigits/pendigits__dyn__fixed-ry__L8__lr0.01__bs32__seed17_seed17,pendigits,dyn,fixed-ry,8,17,0.01,32,2000,True,plus,True,False,0.9211857215587291,0.7773333333333333,1.0004339930665502,0.722698684962836,0.7773333333333333,1303.6666666666667,,406.5198493003845,,1800,16,65536,457b0468ba5f023a4a9f38816dbca0899481d04d,False
complete,pendigits,pendigits__dyn__fixed-ry__L8__lr0.01__bs32__seed18,results/runs/pendigits/pendigits__dyn__fixed-ry__L8__lr0.01__bs32__seed18_seed18,pendigits,dyn,fixed-ry,8,18,0.01,32,2000,True,plus,True,False,1.0198618628702698,0.7133333333333334,1.1016870567863604,0.6803887935963407,0.7253333333333334,1261.8000000000002,,409.5207591056824,,1800,16,65536,457b0468ba5f023a4a9f38816dbca0899481d04d,False
complete,pendigits,pendigits__dyn__fixed-ry__L8__lr0.01__bs32__seed19,results/runs/pendigits/pendigits__dyn__fixed-ry__L8__lr0.01__bs32__seed19_seed19,pendigits,dyn,fixed-ry,8,19,0.01,32,2000,True,plus,True,False,0.8581051589084823,0.7973333333333333,0.9408430133165798,0.7524299599771298,0.7973333333333333,1346.5333333333335,,404.1937346458435,,1800,16,65536,457b0468ba5f023a4a9f38816dbca0899481d04d,False
complete,pendigits,pendigits__dyn__fixed-ry__L8__lr0.01__bs32__seed1,results/runs/pendigits/pendigits__dyn__fixed-ry__L8__lr0.01__bs32__seed1_seed1,pendigits,dyn,fixed-ry,8,1,0.01,32,2000,True,plus,True,False,0.8842817447886605,0.776,0.964883885344811,0.7361349342481418,0.7826666666666666,1340.5999999999997,,402.31002593040466,,1800,16,65536,457b0468ba5f023a4a9f38816dbca0899481d04d,False
complete,pendigits,pendigits__dyn__fixed-ry__L8__lr0.01__bs32__seed2,results/runs/pendigits/pendigits__dyn__fixed-ry__L8__lr0.01__bs32__seed2_seed2,pendigits,dyn,fixed-ry,8,2,0.01,32,2000,True,plus,True,False,0.9734860169216023,0.7106666666666667,1.0478586524793811,0.6895368782161235,0.7373333333333333,1297.6,,406.4272916316986,,1800,16,65536,457b0468ba5f023a4a9f38816dbca0899481d04d,False
complete,pendigits,pendigits__dyn__fixed-ry__L8__lr0.01__bs32__seed3,results/runs/pendigits/pendigits__dyn__fixed-ry__L8__lr0.01__bs32__seed3_seed3,pendigits,dyn,fixed-ry,8,3,0.01,32,2000,True,plus,True,False,0.885664739853371,0.812,0.9740152391435404,0.7738707833047456,0.812,1343.9333333333332,,407.06053924560547,,1800,16,65536,457b0468ba5f023a4a9f38816dbca0899481d04d,False
complete,pendigits,pendigits__dyn__fixed-ry__L8__lr0.01__bs32__seed4,results/runs/pendigits/pendigits__dyn__fixed-ry__L8__lr0.01__bs32__seed4_seed4,pendigits,dyn,fixed-ry,8,4,0.01,32,2000,True,plus,True,False,0.9306233354398258,0.7533333333333333,0.9618147943477199,0.7429959977129789,0.7533333333333333,1331.8666666666663,,404.49579215049744,,1800,16,65536,457b0468ba5f023a4a9f38816dbca0899481d04d,False
complete,pendigits,pendigits__dyn__fixed-ry__L8__lr0.01__bs32__seed5,results/runs/pendigits/pendigits__dyn__fixed-ry__L8__lr0.01__bs32__seed5_seed5,pendigits,dyn,fixed-ry,8,5,0.01,32,2000,True,plus,True,False,0.9463459283454534,0.7666666666666667,1.0223269114543543,0.7284162378502002,0.768,1319.2,,407.36675000190735,,1800,16,65536,457b0468ba5f023a4a9f38816dbca0899481d04d,False
complete,pendigits,pendigits__dyn__fixed-ry__L8__lr0.01__bs32__seed6,results/runs/pendigits/pendigits__dyn__fixed-ry__L8__lr0.01__bs32__seed6_seed6,pendigits,dyn,fixed-ry,8,6,0.01,32,2000,True,plus,True,False,0.9640728470931281,0.772,1.0302367776260655,0.740423098913665,0.7773333333333333,1341.9333333333334,,405.1212947368622,,1800,16,65536,457b0468ba5f023a4a9f38816dbca0899481d04d,False
complete,pendigits,pendigits__dyn__fixed-ry__L8__lr0.01__bs32__seed7,results/runs/pendigits/pendigits__dyn__fixed-ry__L8__lr0.01__bs32__seed7_seed7,pendigits,dyn,fixed-ry,8,7,0.01,32,2000,True,plus,True,False,0.943969173198578,0.7413333333333333,1.0151967799114991,0.7295597484276729,0.7666666666666667,1324.2666666666667,,405.08206129074097,,1800,16,65536,457b0468ba5f023a4a9f38816dbca0899481d04d,False
complete,pendigits,pendigits__dyn__fixed-ry__L8__lr0.01__bs32__seed8,results/runs/pendigits/pendigits__dyn__fixed-ry__L8__lr0.01__bs32__seed8_seed8,pendigits,dyn,fixed-ry,8,8,0.01,32,2000,True,plus,True,False,0.9387204025305519,0.7573333333333333,0.9660772268487282,0.7387078330474557,0.7666666666666667,1295.3333333333333,,407.3615026473999,,1800,16,65536,457b0468ba5f023a4a9f38816dbca0899481d04d,False
complete,pendigits,pendigits__dyn__fixed-ry__L8__lr0.01__bs32__seed9,results/runs/pendigits/pendigits__dyn__fixed-ry__L8__lr0.01__bs32__seed9_seed9,pendigits,dyn,fixed-ry,8,9,0.01,32,2000,True,plus,True,False,0.911897253683239,0.7386666666666667,0.9519031406413363,0.7169811320754716,0.7466666666666667,1331.3333333333333,,408.7823905944824,,1800,16,65536,457b0468ba5f023a4a9f38816dbca0899481d04d,False
complete,pendigits,pendigits__dyn__non-overlap-patch-block-hamiltonian__L16__lr0.01__bs32__seed0,results/runs/pendigits/pendigits__dyn__non-overlap-patch-block-hamiltonian__L16__lr0.01__bs32__seed0_seed0,pendigits,dyn,non-overlap-patch-block-hamiltonian,16,0,0.01,32,2000,True,plus,True,False,0.397299804378196,0.9413333333333334,0.4640548171690009,0.9030874785591767,0.948,1760.7333333333333,,226.39093255996704,,1744,8,256,457b0468ba5f023a4a9f38816dbca0899481d04d,False
complete,pendigits,pendigits__dyn__non-overlap-patch-block-hamiltonian__L16__lr0.01__bs32__seed10,results/runs/pendigits/pendigits__dyn__non-overlap-patch-block-hamiltonian__L16__lr0.01__bs32__seed10_seed10,pendigits,dyn,non-overlap-patch-block-hamiltonian,16,10,0.01,32,2000,True,plus,True,False,0.45563462879047817,0.9386666666666666,0.5316280893247973,0.9148084619782733,0.9466666666666667,1735.6666666666672,,222.81182670593262,,1744,8,256,457b0468ba5f023a4a9f38816dbca0899481d04d,False
complete,pendigits,pendigits__dyn__non-overlap-patch-block-hamiltonian__L16__lr0.01__bs32__seed11,results/runs/pendigits/pendigits__dyn__non-overlap-patch-block-hamiltonian__L16__lr0.01__bs32__seed11_seed11,pendigits,dyn,non-overlap-patch-block-hamiltonian,16,11,0.01,32,2000,True,plus,True,False,0.43717480173132817,0.9333333333333333,0.49013788227496735,0.9073756432246999,0.948,1744.6000000000001,,222.5296242237091,,1744,8,256,457b0468ba5f023a4a9f38816dbca0899481d04d,False
complete,pendigits,pendigits__dyn__non-overlap-patch-block-hamiltonian__L16__lr0.01__bs32__seed12,results/runs/pendigits/pendigits__dyn__non-overlap-patch-block-hamiltonian__L16__lr0.01__bs32__seed12_seed12,pendigits,dyn,non-overlap-patch-block-hamiltonian,16,12,0.01,32,2000,True,plus,True,False,0.45648657063912595,0.9346666666666666,0.5384847948832787,0.9085191538021726,0.944,1754.8666666666668,,223.49392914772034,,1744,8,256,457b0468ba5f023a4a9f38816dbca0899481d04d,False
complete,pendigits,pendigits__dyn__non-overlap-patch-block-hamiltonian__L16__lr0.01__bs32__seed13,results/runs/pendigits/pendigits__dyn__non-overlap-patch-block-hamiltonian__L16__lr0.01__bs32__seed13_seed13,pendigits,dyn,non-overlap-patch-block-hamiltonian,16,13,0.01,32,2000,True,plus,True,False,0.42755832742710154,0.928,0.5136961308912129,0.8890794739851343,0.9306666666666666,1718.9333333333334,,226.26408910751343,,1744,8,256,457b0468ba5f023a4a9f38816dbca0899481d04d,False
complete,pendigits,pendigits__dyn__non-overlap-patch-block-hamiltonian__L16__lr0.01__bs32__seed14,results/runs/pendigits/pendigits__dyn__non-overlap-patch-block-hamiltonian__L16__lr0.01__bs32__seed14_seed14,pendigits,dyn,non-overlap-patch-block-hamiltonian,16,14,0.01,32,2000,True,plus,True,False,0.4086094250575192,0.94,0.47139504145231254,0.9228130360205832,0.948,1737.3333333333333,,227.07017946243286,,1744,8,256,457b0468ba5f023a4a9f38816dbca0899481d04d,False
complete,pendigits,pendigits__dyn__non-overlap-patch-block-hamiltonian__L16__lr0.01__bs32__seed15,results/runs/pendigits/pendigits__dyn__non-overlap-patch-block-hamiltonian__L16__lr0.01__bs32__seed15_seed15,pendigits,dyn,non-overlap-patch-block-hamiltonian,16,15,0.01,32,2000,True,plus,True,False,0.4079251141989941,0.9346666666666666,0.48436140896952357,0.8902229845626072,0.9453333333333334,1726.2000000000003,,227.19294428825378,,1744,8,256,457b0468ba5f023a4a9f38816dbca0899481d04d,False
complete,pendigits,pendigits__dyn__non-overlap-patch-block-hamiltonian__L16__lr0.01__bs32__seed16,results/runs/pendigits/pendigits__dyn__non-overlap-patch-block-hamiltonian__L16__lr0.01__bs32__seed16_seed16,pendigits,dyn,non-overlap-patch-block-hamiltonian,16,16,0.01,32,2000,True,plus,True,False,0.39277485268739315,0.9293333333333333,0.46499518856838506,0.8985134362492853,0.9426666666666667,1742.8000000000002,,226.37099385261536,,1744,8,256,457b0468ba5f023a4a9f38816dbca0899481d04d,False
complete,pendigits,pendigits__dyn__non-overlap-patch-block-hamiltonian__L16__lr0.01__bs32__seed17,results/runs/pendigits/pendigits__dyn__non-overlap-patch-block-hamiltonian__L16__lr0.01__bs32__seed17_seed17,pendigits,dyn,non-overlap-patch-block-hamiltonian,16,17,0.01,32,2000,True,plus,True,False,0.36306750525304143,0.9453333333333334,0.4614825148592311,0.9142367066895368,0.9506666666666667,1749.8000000000002,,227.3739731311798,,1744,8,256,457b0468ba5f023a4a9f38816dbca0899481d04d,False
complete,pendigits,pendigits__dyn__non-overlap-patch-block-hamiltonian__L16__lr0.01__bs32__seed18,results/runs/pendigits/pendigits__dyn__non-overlap-patch-block-hamiltonian__L16__lr0.01__bs32__seed18_seed18,pendigits,dyn,non-overlap-patch-block-hamiltonian,16,18,0.01,32,2000,True,plus,True,False,0.4224491059092733,0.9453333333333334,0.5032173928588485,0.9030874785591767,0.9493333333333334,1740.4666666666667,,226.83472275733948,,1744,8,256,457b0468ba5f023a4a9f38816dbca0899481d04d,False
complete,pendigits,pendigits__dyn__non-overlap-patch-block-hamiltonian__L16__lr0.01__bs32__seed19,results/runs/pendigits/pendigits__dyn__non-overlap-patch-block-hamiltonian__L16__lr0.01__bs32__seed19_seed19,pendigits,dyn,non-overlap-patch-block-hamiltonian,16,19,0.01,32,2000,True,plus,True,False,0.37835038128121795,0.9466666666666667,0.4608342302869142,0.9190966266437964,0.9466666666666667,1731.6666666666665,,225.34883975982666,,1744,8,256,457b0468ba5f023a4a9f38816dbca0899481d04d,False
complete,pendigits,pendigits__dyn__non-overlap-patch-block-hamiltonian__L16__lr0.01__bs32__seed1,results/runs/pendigits/pendigits__dyn__non-overlap-patch-block-hamiltonian__L16__lr0.01__bs32__seed1_seed1,pendigits,dyn,non-overlap-patch-block-hamiltonian,16,1,0.01,32,2000,True,plus,True,False,0.377857004604162,0.9346666666666666,0.4495481832141513,0.9036592338479131,0.9453333333333334,1738.4666666666667,,224.884423494339,,1744,8,256,457b0468ba5f023a4a9f38816dbca0899481d04d,False
complete,pendigits,pendigits__dyn__non-overlap-patch-block-hamiltonian__L16__lr0.01__bs32__seed2,results/runs/pendigits/pendigits__dyn__non-overlap-patch-block-hamiltonian__L16__lr0.01__bs32__seed2_seed2,pendigits,dyn,non-overlap-patch-block-hamiltonian,16,2,0.01,32,2000,True,plus,True,False,0.4076953223559423,0.9533333333333334,0.4764996873186441,0.9176672384219554,0.9546666666666667,1756.133333333333,,223.68053007125854,,1744,8,256,457b0468ba5f023a4a9f38816dbca0899481d04d,False
complete,pendigits,pendigits__dyn__non-overlap-patch-block-hamiltonian__L16__lr0.01__bs32__seed3,results/runs/pendigits/pendigits__dyn__non-overlap-patch-block-hamiltonian__L16__lr0.01__bs32__seed3_seed3,pendigits,dyn,non-overlap-patch-block-hamiltonian,16,3,0.01,32,2000,True,plus,True,False,0.3800066420905211,0.9386666666666666,0.44704636512383994,0.9113779302458548,0.9533333333333334,1736.5333333333335,,224.8424654006958,,1744,8,256,457b0468ba5f023a4a9f38816dbca0899481d04d,False
complete,pendigits,pendigits__dyn__non-overlap-patch-block-hamiltonian__L16__lr0.01__bs32__seed4,results/runs/pendigits/pendigits__dyn__non-overlap-patch-block-hamiltonian__L16__lr0.01__bs32__seed4_seed4,pendigits,dyn,non-overlap-patch-block-hamiltonian,16,4,0.01,32,2000,True,plus,True,False,0.3946966877166201,0.9386666666666666,0.480057488605268,0.9016580903373356,0.944,1754.4,,228.86894416809082,,1744,8,256,457b0468ba5f023a4a9f38816dbca0899481d04d,False
complete,pendigits,pendigits__dyn__non-overlap-patch-block-hamiltonian__L16__lr0.01__bs32__seed5,results/runs/pendigits/pendigits__dyn__non-overlap-patch-block-hamiltonian__L16__lr0.01__bs32__seed5_seed5,pendigits,dyn,non-overlap-patch-block-hamiltonian,16,5,0.01,32,2000,True,plus,True,False,0.3999117446762562,0.948,0.4839774034522866,0.9130931961120641,0.948,1727.7333333333338,,227.04963183403015,,1744,8,256,457b0468ba5f023a4a9f38816dbca0899481d04d,False
complete,pendigits,pendigits__dyn__non-overlap-patch-block-hamiltonian__L16__lr0.01__bs32__seed6,results/runs/pendigits/pendigits__dyn__non-overlap-patch-block-hamiltonian__L16__lr0.01__bs32__seed6_seed6,pendigits,dyn,non-overlap-patch-block-hamiltonian,16,6,0.01,32,2000,True,plus,True,False,0.411522200201887,0.9413333333333334,0.47448591977444327,0.9099485420240138,0.9413333333333334,1732.266666666667,,225.52692556381226,,1744,8,256,457b0468ba5f023a4a9f38816dbca0899481d04d,False
complete,pendigits,pendigits__dyn__non-overlap-patch-block-hamiltonian__L16__lr0.01__bs32__seed7,results/runs/pendigits/pendigits__dyn__non-overlap-patch-block-hamiltonian__L16__lr0.01__bs32__seed7_seed7,pendigits,dyn,non-overlap-patch-block-hamiltonian,16,7,0.01,32,2000,True,plus,True,False,0.4057916051350588,0.9466666666666667,0.4679492602486603,0.9153802172670097,0.948,1745.5333333333335,,225.64884042739868,,1744,8,256,457b0468ba5f023a4a9f38816dbca0899481d04d,False
complete,pendigits,pendigits__dyn__non-overlap-patch-block-hamiltonian__L16__lr0.01__bs32__seed8,results/runs/pendigits/pendigits__dyn__non-overlap-patch-block-hamiltonian__L16__lr0.01__bs32__seed8_seed8,pendigits,dyn,non-overlap-patch-block-hamiltonian,16,8,0.01,32,2000,True,plus,True,False,0.4030256407290244,0.9373333333333334,0.49779069525813363,0.8976558033161807,0.948,1736.4666666666667,,227.90959811210632,,1744,8,256,457b0468ba5f023a4a9f38816dbca0899481d04d,False
complete,pendigits,pendigits__dyn__non-overlap-patch-block-hamiltonian__L16__lr0.01__bs32__seed9,results/runs/pendigits/pendigits__dyn__non-overlap-patch-block-hamiltonian__L16__lr0.01__bs32__seed9_seed9,pendigits,dyn,non-overlap-patch-block-hamiltonian,16,9,0.01,32,2000,True,plus,True,False,0.395131029899611,0.944,0.4639614007408369,0.9113779302458548,0.9453333333333334,1741.5333333333333,,224.53868317604065,,1744,8,256,457b0468ba5f023a4a9f38816dbca0899481d04d,False
complete,pendigits,pendigits__dyn__non-overlap-patch-block-hamiltonian__L1__lr0.01__bs32__seed0,results/runs/pendigits/pendigits__dyn__non-overlap-patch-block-hamiltonian__L1__lr0.01__bs32__seed0_seed0,pendigits,dyn,non-overlap-patch-block-hamiltonian,1,0,0.01,32,2000,True,plus,True,False,1.560612998056163,0.5133333333333333,1.6102803146605569,0.4648370497427101,0.5293333333333333,926.7333333333333,,22.660462141036987,,109,8,256,457b0468ba5f023a4a9f38816dbca0899481d04d,False
complete,pendigits,pendigits__dyn__non-overlap-patch-block-hamiltonian__L1__lr0.01__bs32__seed10,results/runs/pendigits/pendigits__dyn__non-overlap-patch-block-hamiltonian__L1__lr0.01__bs32__seed10_seed10,pendigits,dyn,non-overlap-patch-block-hamiltonian,1,10,0.01,32,2000,True,plus,True,False,1.5818624706817763,0.49066666666666664,1.6383530476527801,0.4471126357918811,0.556,939.0666666666667,,21.33772349357605,,109,8,256,457b0468ba5f023a4a9f38816dbca0899481d04d,False
complete,pendigits,pendigits__dyn__non-overlap-patch-block-hamiltonian__L1__lr0.01__bs32__seed11,results/runs/pendigits/pendigits__dyn__non-overlap-patch-block-hamiltonian__L1__lr0.01__bs32__seed11_seed11,pendigits,dyn,non-overlap-patch-block-hamiltonian,1,11,0.01,32,2000,True,plus,True,False,1.5724271718252496,0.516,1.6254422372047101,0.4502572898799314,0.572,926.6,,23.75001859664917,,109,8,256,457b0468ba5f023a4a9f38816dbca0899481d04d,False
complete,pendigits,pendigits__dyn__non-overlap-patch-block-hamiltonian__L1__lr0.01__bs32__seed12,results/runs/pendigits/pendigits__dyn__non-overlap-patch-block-hamiltonian__L1__lr0.01__bs32__seed12_seed12,pendigits,dyn,non-overlap-patch-block-hamiltonian,1,12,0.01,32,2000,True,plus,True,False,1.5707842081541428,0.496,1.631180475320992,0.44882790165809033,0.5546666666666666,940.1333333333333,,23.666463136672974,,109,8,256,457b0468ba5f023a4a9f38816dbca0899481d04d,False
complete,pendigits,pendigits__dyn__non-overlap-patch-block-hamiltonian__L1__lr0.01__bs32__seed13,results/runs/pendigits/pendigits__dyn__non-overlap-patch-block-hamiltonian__L1__lr0.01__bs32__seed13_seed13,pendigits,dyn,non-overlap-patch-block-hamiltonian,1,13,0.01,32,2000,True,plus,True,False,1.5593794167189396,0.504,1.6125679027519175,0.4942824471126358,0.5466666666666666,924.2000000000002,,21.26087760925293,,109,8,256,457b0468ba5f023a4a9f38816dbca0899481d04d,False
complete,pendigits,pendigits__dyn__non-overlap-patch-block-hamiltonian__L1__lr0.01__bs32__seed14,results/runs/pendigits/pendigits__dyn__non-overlap-patch-block-hamiltonian__L1__lr0.01__bs32__seed14_seed14,pendigits,dyn,non-overlap-patch-block-hamiltonian,1,14,0.01,32,2000,True,plus,True,False,1.5804041114225114,0.512,1.640410113952357,0.48713550600343053,0.512,895.2000000000002,,21.02849054336548,,109,8,256,457b0468ba5f023a4a9f38816dbca0899481d04d,False
complete,pendigits,pendigits__dyn__non-overlap-patch-block-hamiltonian__L1__lr0.01__bs32__seed15,results/runs/pendigits/pendigits__dyn__non-overlap-patch-block-hamiltonian__L1__lr0.01__bs32__seed15_seed15,pendigits,dyn,non-overlap-patch-block-hamiltonian,1,15,0.01,32,2000,True,plus,True,False,1.569826957626503,0.484,1.6131237667032565,0.4556889651229274,0.524,920.0,,23.716670513153076,,109,8,256,457b0468ba5f023a4a9f38816dbca0899481d04d,False
complete,pendigits,pendigits__dyn__non-overlap-patch-block-hamiltonian__L1__lr0.01__bs32__seed16,results/runs/pendigits/pendigits__dyn__non-overlap-patch-block-hamiltonian__L1__lr0.01__bs32__seed16_seed16,pendigits,dyn,non-overlap-patch-block-hamiltonian,1,16,0.01,32,2000,True,plus,True,False,1.5524285323855713,0.47733333333333333,1.610112243917979,0.44368210405946257,0.54,921.8,,22.33494734764099,,109,8,256,457b0468ba5f023a4a9f38816dbca0899481d04d,False
complete,pendigits,pendigits__dyn__non-overlap-patch-block-hamiltonian__L1__lr0.01__bs32__seed17,results/runs/pendigits/pendigits__dyn__non-overlap-patch-block-hamiltonian__L1__lr0.01__bs32__seed17_seed17,pendigits,dyn,non-overlap-patch-block-hamiltonian,1,17,0.01,32,2000,True,plus,True,False,1.576187422489085,0.4706666666666667,1.625059522748999,0.42138364779874216,0.5506666666666666,928.7333333333335,,22.53380012512207,,109,8,256,457b0468ba5f023a4a9f38816dbca0899481d04d,False
complete,pendigits,pendigits__dyn__non-overlap-patch-block-hamiltonian__L1__lr0.01__bs32__seed18,results/runs/pendigits/pendigits__dyn__non-overlap-patch-block-hamiltonian__L1__lr0.01__bs32__seed18_seed18,pendigits,dyn,non-overlap-patch-block-hamiltonian,1,18,0.01,32,2000,True,plus,True,False,1.542800960923884,0.528,1.5607346377082705,0.5062893081761006,0.576,1008.6666666666666,,23.03672957420349,,109,8,256,457b0468ba5f023a4a9f38816dbca0899481d04d,False
complete,pendigits,pendigits__dyn__non-overlap-patch-block-hamiltonian__L1__lr0.01__bs32__seed19,results/runs/pendigits/pendigits__dyn__non-overlap-patch-block-hamiltonian__L1__lr0.01__bs32__seed19_seed19,pendigits,dyn,non-overlap-patch-block-hamiltonian,1,19,0.01,32,2000,True,plus,True,False,1.5482265571180842,0.4666666666666667,1.5659937675855935,0.5114351057747284,0.5173333333333333,905.3333333333335,,22.531930685043335,,109,8,256,457b0468ba5f023a4a9f38816dbca0899481d04d,False
complete,pendigits,pendigits__dyn__non-overlap-patch-block-hamiltonian__L1__lr0.01__bs32__seed1,results/runs/pendigits/pendigits__dyn__non-overlap-patch-block-hamiltonian__L1__lr0.01__bs32__seed1_seed1,pendigits,dyn,non-overlap-patch-block-hamiltonian,1,1,0.01,32,2000,True,plus,True,False,1.5714519747008155,0.48,1.6185080694934564,0.4473985134362493,0.5386666666666666,929.1333333333332,,22.913347244262695,,109,8,256,457b0468ba5f023a4a9f38816dbca0899481d04d,False
complete,pendigits,pendigits__dyn__non-overlap-patch-block-hamiltonian__L1__lr0.01__bs32__seed2,results/runs/pendigits/pendigits__dyn__non-overlap-patch-block-hamiltonian__L1__lr0.01__bs32__seed2_seed2,pendigits,dyn,non-overlap-patch-block-hamiltonian,1,2,0.01,32,2000,True,plus,True,False,1.5628033299867268,0.47333333333333333,1.6115081730171577,0.4219554030874786,0.5373333333333333,927.0666666666666,,21.356132745742798,,109,8,256,457b0468ba5f023a4a9f38816dbca0899481d04d,False
complete,pendigits,pendigits__dyn__non-overlap-patch-block-hamiltonian__L1__lr0.01__bs32__seed3,results/runs/pendigits/pendigits__dyn__non-overlap-patch-block-hamiltonian__L1__lr0.01__bs32__seed3_seed3,pendigits,dyn,non-overlap-patch-block-hamiltonian,1,3,0.01,32,2000,True,plus,True,False,1.5672720057401617,0.48933333333333334,1.6204824730604752,0.4316752429959977,0.5413333333333333,926.7999999999998,,21.347856998443604,,109,8,256,457b0468ba5f023a4a9f38816dbca0899481d04d,False
complete,pendigits,pendigits__dyn__non-overlap-patch-block-hamiltonian__L1__lr0.01__bs32__seed4,results/runs/pendigits/pendigits__dyn__non-overlap-patch-block-hamiltonian__L1__lr0.01__bs32__seed4_seed4,pendigits,dyn,non-overlap-patch-block-hamiltonian,1,4,0.01,32,2000,True,plus,True,False,1.5591567925283045,0.508,1.616456146775845,0.4676958261863922,0.5333333333333333,928.4,,22.84476613998413,,109,8,256,457b0468ba5f023a4a9f38816dbca0899481d04d,False
complete,pendigits,pendigits__dyn__non-overlap-patch-block-hamiltonian__L1__lr0.01__bs32__seed5,results/runs/pendigits/pendigits__dyn__non-overlap-patch-block-hamiltonian__L1__lr0.01__bs32__seed5_seed5,pendigits,dyn,non-overlap-patch-block-hamiltonian,1,5,0.01,32,2000,True,plus,True,False,1.5658477264307251,0.45466666666666666,1.6171091737872247,0.4176672384219554,0.5453333333333333,938.1333333333333,,21.23036503791809,,109,8,256,457b0468ba5f023a4a9f38816dbca0899481d04d,False
complete,pendigits,pendigits__dyn__non-overlap-patch-block-hamiltonian__L1__lr0.01__bs32__seed6,results/runs/pendigits/pendigits__dyn__non-overlap-patch-block-hamiltonian__L1__lr0.01__bs32__seed6_seed6,pendigits,dyn,non-overlap-patch-block-hamiltonian,1,6,0.01,32,2000,True,plus,True,False,1.5597005851074128,0.464,1.6122153845223306,0.4371069182389937,0.5586666666666666,951.1333333333334,,22.779115676879883,,109,8,256,457b0468ba5f023a4a9f38816dbca0899481d04d,False
complete,pendigits,pendigits__dyn__non-overlap-patch-block-hamiltonian__L1__lr0.01__bs32__seed7,results/runs/pendigits/pendigits__dyn__non-overlap-patch-block-hamiltonian__L1__lr0.01__bs32__seed7_seed7,pendigits,dyn,non-overlap-patch-block-hamiltonian,1,7,0.01,32,2000,True,plus,True,False,1.549236699150978,0.4706666666666667,1.6133233756323138,0.44939965694682676,0.5386666666666666,929.2666666666667,,21.240742683410645,,109,8,256,457b0468ba5f023a4a9f38816dbca0899481d04d,False
complete,pendigits,pendigits__dyn__non-overlap-patch-block-hamiltonian__L1__lr0.01__bs32__seed8,results/runs/pendigits/pendigits__dyn__non-overlap-patch-block-hamiltonian__L1__lr0.01__bs32__seed8_seed8,pendigits,dyn,non-overlap-patch-block-hamiltonian,1,8,0.01,32,2000,True,plus,True,False,1.5557724970083155,0.49066666666666664,1.608272730286367,0.44568324757004,0.516,925.1333333333333,,21.10906147956848,,109,8,256,457b0468ba5f023a4a9f38816dbca0899481d04d,False
complete,pendigits,pendigits__dyn__non-overlap-patch-block-hamiltonian__L1__lr0.01__bs32__seed9,results/runs/pendigits/pendigits__dyn__non-overlap-patch-block-hamiltonian__L1__lr0.01__bs32__seed9_seed9,pendigits,dyn,non-overlap-patch-block-hamiltonian,1,9,0.01,32,2000,True,plus,True,False,1.5713022373808783,0.45866666666666667,1.613268525090387,0.433390508862207,0.5413333333333333,940.9333333333332,,21.703107118606567,,109,8,256,457b0468ba5f023a4a9f38816dbca0899481d04d,False
complete,pendigits,pendigits__dyn__non-overlap-patch-block-hamiltonian__L2__lr0.01__bs32__seed0,results/runs/pendigits/pendigits__dyn__non-overlap-patch-block-hamiltonian__L2__lr0.01__bs32__seed0_seed0,pendigits,dyn,non-overlap-patch-block-hamiltonian,2,0,0.01,32,2000,True,plus,True,False,1.123561437318052,0.7613333333333333,1.2048513018589837,0.7287021154945683,0.764,1353.8,,36.77212643623352,,218,8,256,457b0468ba5f023a4a9f38816dbca0899481d04d,False
complete,pendigits,pendigits__dyn__non-overlap-patch-block-hamiltonian__L2__lr0.01__bs32__seed10,results/runs/pendigits/pendigits__dyn__non-overlap-patch-block-hamiltonian__L2__lr0.01__bs32__seed10_seed10,pendigits,dyn,non-overlap-patch-block-hamiltonian,2,10,0.01,32,2000,True,plus,True,False,1.1401429254175324,0.692,1.1652328593079797,0.6746712407089765,0.7146666666666667,1264.6,,33.9769766330719,,218,8,256,457b0468ba5f023a4a9f38816dbca0899481d04d,False
complete,pendigits,pendigits__dyn__non-overlap-patch-block-hamiltonian__L2__lr0.01__bs32__seed11,results/runs/pendigits/pendigits__dyn__non-overlap-patch-block-hamiltonian__L2__lr0.01__bs32__seed11_seed11,pendigits,dyn,non-overlap-patch-block-hamiltonian,2,11,0.01,32,2000,True,plus,True,False,1.1563489035756125,0.736,1.2191847421022683,0.7089765580331618,0.736,1305.5333333333333,,33.331583738327026,,218,8,256,457b0468ba5f023a4a9f38816dbca0899481d04d,False
complete,pendigits,pendigits__dyn__non-overlap-patch-block-hamiltonian__L2__lr0.01__bs32__seed12,results/runs/pendigits/pendigits__dyn__non-overlap-patch-block-hamiltonian__L2__lr0.01__bs32__seed12_seed12,pendigits,dyn,non-overlap-patch-block-hamiltonian,2,12,0.01,32,2000,True,plus,True,False,1.1179607008732055,0.736,1.2076128607965368,0.6758147512864494,0.7533333333333333,1347.2666666666664,,34.04263377189636,,218,8,256,457b0468ba5f023a4a9f38816dbca0899481d04d,False
complete,pendigits,pendigits__dyn__non-overlap-patch-block-hamiltonian__L2__lr0.01__bs32__seed13,results/runs/pendigits/pendigits__dyn__non-overlap-patch-block-hamiltonian__L2__lr0.01__bs32__seed13_seed13,pendigits,dyn,non-overlap-patch-block-hamiltonian,2,13,0.01,32,2000,True,plus,True,False,1.0777735381277922,0.7613333333333333,1.1362066314771366,0.740423098913665,0.776,1420.866666666667,,34.2579665184021,,218,8,256,457b0468ba5f023a4a9f38816dbca0899481d04d,False
complete,pendigits,pendigits__dyn__non-overlap-patch-block-hamiltonian__L2__lr0.01__bs32__seed14,results/runs/pendigits/pendigits__dyn__non-overlap-patch-block-hamiltonian__L2__lr0.01__bs32__seed14_seed14,pendigits,dyn,non-overlap-patch-block-hamiltonian,2,14,0.01,32,2000,True,plus,True,False,1.1614260708436155,0.7253333333333334,1.2211680347877243,0.6938250428816467,0.7266666666666667,1312.0,,33.32077097892761,,218,8,256,457b0468ba5f023a4a9f38816dbca0899481d04d,False
complete,pendigits,pendigits__dyn__non-overlap-patch-block-hamiltonian__L2__lr0.01__bs32__seed15,results/runs/pendigits/pendigits__dyn__non-overlap-patch-block-hamiltonian__L2__lr0.01__bs32__seed15_seed15,pendigits,dyn,non-overlap-patch-block-hamiltonian,2,15,0.01,32,2000,True,plus,True,False,1.0957074780951908,0.7613333333333333,1.1739378511783813,0.706403659233848,0.7613333333333333,1351.3333333333335,,35.1041362285614,,218,8,256,457b0468ba5f023a4a9f38816dbca0899481d04d,False
complete,pendigits,pendigits__dyn__non-overlap-patch-block-hamiltonian__L2__lr0.01__bs32__seed16,results/runs/pendigits/pendigits__dyn__non-overlap-patch-block-hamiltonian__L2__lr0.01__bs32__seed16_seed16,pendigits,dyn,non-overlap-patch-block-hamiltonian,2,16,0.01,32,2000,True,plus,True,False,1.1273854191886954,0.716,1.2038334906524577,0.6935391652372784,0.7346666666666667,1353.8,,35.656240940093994,,218,8,256,457b0468ba5f023a4a9f38816dbca0899481d04d,False
complete,pendigits,pendigits__dyn__non-overlap-patch-block-hamiltonian__L2__lr0.01__bs32__seed17,results/runs/pendigits/pendigits__dyn__non-overlap-patch-block-hamiltonian__L2__lr0.01__bs32__seed17_seed17,pendigits,dyn,non-overlap-patch-block-hamiltonian,2,17,0.01,32,2000,True,plus,True,False,1.1108049280646626,0.7466666666666667,1.1724043849786188,0.6869639794168096,0.7546666666666667,1348.7333333333331,,35.287094831466675,,218,8,256,457b0468ba5f023a4a9f38816dbca0899481d04d,False
complete,pendigits,pendigits__dyn__non-overlap-patch-block-hamiltonian__L2__lr0.01__bs32__seed18,results/runs/pendigits/pendigits__dyn__non-overlap-patch-block-hamiltonian__L2__lr0.01__bs32__seed18_seed18,pendigits,dyn,non-overlap-patch-block-hamiltonian,2,18,0.01,32,2000,True,plus,True,False,1.1348968064308902,0.7533333333333333,1.2398381294446579,0.6921097770154374,0.756,1371.5333333333335,,36.302252769470215,,218,8,256,457b0468ba5f023a4a9f38816dbca0899481d04d,False
complete,pendigits,pendigits__dyn__non-overlap-patch-block-hamiltonian__L2__lr0.01__bs32__seed19,results/runs/pendigits/pendigits__dyn__non-overlap-patch-block-hamiltonian__L2__lr0.01__bs32__seed19_seed19,pendigits,dyn,non-overlap-patch-block-hamiltonian,2,19,0.01,32,2000,True,plus,True,False,1.0737017414229093,0.764,1.140568928232291,0.7592910234419669,0.7813333333333333,1409.5333333333335,,33.84746766090393,,218,8,256,457b0468ba5f023a4a9f38816dbca0899481d04d,False
complete,pendigits,pendigits__dyn__non-overlap-patch-block-hamiltonian__L2__lr0.01__bs32__seed1,results/runs/pendigits/pendigits__dyn__non-overlap-patch-block-hamiltonian__L2__lr0.01__bs32__seed1_seed1,pendigits,dyn,non-overlap-patch-block-hamiltonian,2,1,0.01,32,2000,True,plus,True,False,1.083488853946439,0.7093333333333334,1.1614762902787052,0.6683819325328759,0.7253333333333334,1306.7333333333336,,37.39303994178772,,218,8,256,5d760ef42d71a06acce4efdc9ed931be057f16a6,True
complete,pendigits,pendigits__dyn__non-overlap-patch-block-hamiltonian__L2__lr0.01__bs32__seed2,results/runs/pendigits/pendigits__dyn__non-overlap-patch-block-hamiltonian__L2__lr0.01__bs32__seed2_seed2,pendigits,dyn,non-overlap-patch-block-hamiltonian,2,2,0.01,32,2000,True,plus,True,False,1.1177735196959566,0.708,1.1825461393074366,0.6775300171526587,0.744,1326.9333333333332,,36.19062685966492,,218,8,256,457b0468ba5f023a4a9f38816dbca0899481d04d,False
complete,pendigits,pendigits__dyn__non-overlap-patch-block-hamiltonian__L2__lr0.01__bs32__seed3,results/runs/pendigits/pendigits__dyn__non-overlap-patch-block-hamiltonian__L2__lr0.01__bs32__seed3_seed3,pendigits,dyn,non-overlap-patch-block-hamiltonian,2,3,0.01,32,2000,True,plus,True,False,1.0945436030661262,0.7546666666666667,1.140128998923666,0.7218410520297313,0.7586666666666667,1384.0666666666666,,35.322638273239136,,218,8,256,457b0468ba5f023a4a9f38816dbca0899481d04d,False
complete,pendigits,pendigits__dyn__non-overlap-patch-block-hamiltonian__L2__lr0.01__bs32__seed4,results/runs/pendigits/pendigits__dyn__non-overlap-patch-block-hamiltonian__L2__lr0.01__bs32__seed4_seed4,pendigits,dyn,non-overlap-patch-block-hamiltonian,2,4,0.01,32,2000,True,plus,True,False,1.117099703161254,0.728,1.151662493565532,0.7412807318467696,0.748,1355.8666666666666,,33.50153136253357,,218,8,256,457b0468ba5f023a4a9f38816dbca0899481d04d,False
complete,pendigits,pendigits__dyn__non-overlap-patch-block-hamiltonian__L2__lr0.01__bs32__seed5,results/runs/pendigits/pendigits__dyn__non-overlap-patch-block-hamiltonian__L2__lr0.01__bs32__seed5_seed5,pendigits,dyn,non-overlap-patch-block-hamiltonian,2,5,0.01,32,2000,True,plus,True,False,1.1589831391502141,0.6933333333333334,1.1949869024368365,0.6583762149799885,0.7333333333333333,1302.533333333333,,35.260244607925415,,218,8,256,457b0468ba5f023a4a9f38816dbca0899481d04d,False
complete,pendigits,pendigits__dyn__non-overlap-patch-block-hamiltonian__L2__lr0.01__bs32__seed6,results/runs/pendigits/pendigits__dyn__non-overlap-patch-block-hamiltonian__L2__lr0.01__bs32__seed6_seed6,pendigits,dyn,non-overlap-patch-block-hamiltonian,2,6,0.01,32,2000,True,plus,True,False,1.1364405098084402,0.7426666666666667,1.22810001094783,0.6895368782161235,0.7706666666666667,1377.4666666666665,,36.032394886016846,,218,8,256,457b0468ba5f023a4a9f38816dbca0899481d04d,False
complete,pendigits,pendigits__dyn__non-overlap-patch-block-hamiltonian__L2__lr0.01__bs32__seed7,results/runs/pendigits/pendigits__dyn__non-overlap-patch-block-hamiltonian__L2__lr0.01__bs32__seed7_seed7,pendigits,dyn,non-overlap-patch-block-hamiltonian,2,7,0.01,32,2000,True,plus,True,False,1.1155915137277825,0.6853333333333333,1.1895092066368311,0.6386506575185821,0.7533333333333333,1360.333333333333,,34.93854022026062,,218,8,256,457b0468ba5f023a4a9f38816dbca0899481d04d,False
complete,pendigits,pendigits__dyn__non-overlap-patch-block-hamiltonian__L2__lr0.01__bs32__seed8,results/runs/pendigits/pendigits__dyn__non-overlap-patch-block-hamiltonian__L2__lr0.01__bs32__seed8_seed8,pendigits,dyn,non-overlap-patch-block-hamiltonian,2,8,0.01,32,2000,True,plus,True,False,1.0818884547540342,0.7506666666666667,1.164640875475982,0.7046883933676387,0.7626666666666667,1340.3333333333337,,35.11660861968994,,218,8,256,457b0468ba5f023a4a9f38816dbca0899481d04d,False
complete,pendigits,pendigits__dyn__non-overlap-patch-block-hamiltonian__L2__lr0.01__bs32__seed9,results/runs/pendigits/pendigits__dyn__non-overlap-patch-block-hamiltonian__L2__lr0.01__bs32__seed9_seed9,pendigits,dyn,non-overlap-patch-block-hamiltonian,2,9,0.01,32,2000,True,plus,True,False,1.1357891078562012,0.696,1.2228123115227443,0.6346483704974271,0.7826666666666666,1387.0666666666666,,36.03919315338135,,218,8,256,457b0468ba5f023a4a9f38816dbca0899481d04d,False
complete,pendigits,pendigits__dyn__non-overlap-patch-block-hamiltonian__L32__lr0.01__bs32__seed0,results/runs/pendigits/pendigits__dyn__non-overlap-patch-block-hamiltonian__L32__lr0.01__bs32__seed0_seed0,pendigits,dyn,non-overlap-patch-block-hamiltonian,32,0,0.01,32,2000,True,plus,True,False,0.38570825587251073,0.9453333333333334,0.4805614164602667,0.9236706689536878,0.9546666666666667,1774.7999999999997,,523.1192607879639,,3488,8,256,457b0468ba5f023a4a9f38816dbca0899481d04d,False
complete,pendigits,pendigits__dyn__non-overlap-patch-block-hamiltonian__L32__lr0.01__bs32__seed10,results/runs/pendigits/pendigits__dyn__non-overlap-patch-block-hamiltonian__L32__lr0.01__bs32__seed10_seed10,pendigits,dyn,non-overlap-patch-block-hamiltonian,32,10,0.01,32,2000,True,plus,True,False,0.372603638723375,0.96,0.423205515515605,0.948256146369354,0.968,1780.6666666666667,,499.71086168289185,,3488,8,256,457b0468ba5f023a4a9f38816dbca0899481d04d,False
complete,pendigits,pendigits__dyn__non-overlap-patch-block-hamiltonian__L32__lr0.01__bs32__seed11,results/runs/pendigits/pendigits__dyn__non-overlap-patch-block-hamiltonian__L32__lr0.01__bs32__seed11_seed11,pendigits,dyn,non-overlap-patch-block-hamiltonian,32,11,0.01,32,2000,True,plus,True,False,0.3806229710875498,0.9613333333333334,0.45711536263829466,0.9279588336192109,0.9653333333333334,1782.8666666666666,,495.1287512779236,,3488,8,256,457b0468ba5f023a4a9f38816dbca0899481d04d,False
complete,pendigits,pendigits__dyn__non-overlap-patch-block-hamiltonian__L32__lr0.01__bs32__seed12,results/runs/pendigits/pendigits__dyn__non-overlap-patch-block-hamiltonian__L32__lr0.01__bs32__seed12_seed12,pendigits,dyn,non-overlap-patch-block-hamiltonian,32,12,0.01,32,2000,True,plus,True,False,0.4045696268300341,0.9586666666666667,0.46221238317742774,0.9159519725557461,0.9706666666666667,1784.8,,499.01069498062134,,3488,8,256,457b0468ba5f023a4a9f38816dbca0899481d04d,False
complete,pendigits,pendigits__dyn__non-overlap-patch-block-hamiltonian__L32__lr0.01__bs32__seed13,results/runs/pendigits/pendigits__dyn__non-overlap-patch-block-hamiltonian__L32__lr0.01__bs32__seed13_seed13,pendigits,dyn,non-overlap-patch-block-hamiltonian,32,13,0.01,32,2000,True,plus,True,False,0.37940278931563953,0.9666666666666667,0.4559874071193916,0.9242424242424242,0.9666666666666667,1770.8666666666668,,497.99985098838806,,3488,8,256,457b0468ba5f023a4a9f38816dbca0899481d04d,False
complete,pendigits,pendigits__dyn__non-overlap-patch-block-hamiltonian__L32__lr0.01__bs32__seed14,results/runs/pendigits/pendigits__dyn__non-overlap-patch-block-hamiltonian__L32__lr0.01__bs32__seed14_seed14,pendigits,dyn,non-overlap-patch-block-hamiltonian,32,14,0.01,32,2000,True,plus,True,False,0.3730392514785772,0.956,0.42082294623804134,0.9373927958833619,0.956,1741.9333333333334,,494.6988055706024,,3488,8,256,457b0468ba5f023a4a9f38816dbca0899481d04d,False
complete,pendigits,pendigits__dyn__non-overlap-patch-block-hamiltonian__L32__lr0.01__bs32__seed15,results/runs/pendigits/pendigits__dyn__non-overlap-patch-block-hamiltonian__L32__lr0.01__bs32__seed15_seed15,pendigits,dyn,non-overlap-patch-block-hamiltonian,32,15,0.01,32,2000,True,plus,True,False,0.3378819138548509,0.9533333333333334,0.4063451857868901,0.9276729559748428,0.9586666666666667,1749.6,,503.85792899131775,,3488,8,256,457b0468ba5f023a4a9f38816dbca0899481d04d,False
complete,pendigits,pendigits__dyn__non-overlap-patch-block-hamiltonian__L32__lr0.01__bs32__seed16,results/runs/pendigits/pendigits__dyn__non-overlap-patch-block-hamiltonian__L32__lr0.01__bs32__seed16_seed16,pendigits,dyn,non-overlap-patch-block-hamiltonian,32,16,0.01,32,2000,True,plus,True,False,0.37349971030927714,0.956,0.4485083666644959,0.9236706689536878,0.9746666666666667,1796.7333333333336,,499.7727653980255,,3488,8,256,457b0468ba5f023a4a9f38816dbca0899481d04d,False
complete,pendigits,pendigits__dyn__non-overlap-patch-block-hamiltonian__L32__lr0.01__bs32__seed17,results/runs/pendigits/pendigits__dyn__non-overlap-patch-block-hamiltonian__L32__lr0.01__bs32__seed17_seed17,pendigits,dyn,non-overlap-patch-block-hamiltonian,32,17,0.01,32,2000,True,plus,True,False,0.3531639827788669,0.9533333333333334,0.43142469037624553,0.9228130360205832,0.9666666666666667,1772.2666666666669,,498.1221971511841,,3488,8,256,457b0468ba5f023a4a9f38816dbca0899481d04d,False
complete,pendigits,pendigits__dyn__non-overlap-patch-block-hamiltonian__L32__lr0.01__bs32__seed18,results/runs/pendigits/pendigits__dyn__non-overlap-patch-block-hamiltonian__L32__lr0.01__bs32__seed18_seed18,pendigits,dyn,non-overlap-patch-block-hamiltonian,32,18,0.01,32,2000,True,plus,True,False,0.36982288521738216,0.9653333333333334,0.44590104623946925,0.9339622641509434,0.9733333333333334,1786.6,,501.23555850982666,,3488,8,256,457b0468ba5f023a4a9f38816dbca0899481d04d,False
complete,pendigits,pendigits__dyn__non-overlap-patch-block-hamiltonian__L32__lr0.01__bs32__seed19,results/runs/pendigits/pendigits__dyn__non-overlap-patch-block-hamiltonian__L32__lr0.01__bs32__seed19_seed19,pendigits,dyn,non-overlap-patch-block-hamiltonian,32,19,0.01,32,2000,True,plus,True,False,0.37307918604981316,0.956,0.43159120909331217,0.934819897084048,0.956,1764.7333333333333,,492.954952955246,,3488,8,256,457b0468ba5f023a4a9f38816dbca0899481d04d,False
complete,pendigits,pendigits__dyn__non-overlap-patch-block-hamiltonian__L32__lr0.01__bs32__seed1,results/runs/pendigits/pendigits__dyn__non-overlap-patch-block-hamiltonian__L32__lr0.01__bs32__seed1_seed1,pendigits,dyn,non-overlap-patch-block-hamiltonian,32,1,0.01,32,2000,True,plus,True,False,0.3994573234738126,0.9613333333333334,0.46846535645376924,0.9339622641509434,0.9613333333333334,1789.6000000000001,,496.2786912918091,,3488,8,256,457b0468ba5f023a4a9f38816dbca0899481d04d,False
complete,pendigits,pendigits__dyn__non-overlap-patch-block-hamiltonian__L32__lr0.01__bs32__seed2,results/runs/pendigits/pendigits__dyn__non-overlap-patch-block-hamiltonian__L32__lr0.01__bs32__seed2_seed2,pendigits,dyn,non-overlap-patch-block-hamiltonian,32,2,0.01,32,2000,True,plus,True,False,0.37673275567669356,0.9573333333333334,0.4593054039511874,0.9262435677530018,0.968,1781.6666666666667,,500.65275597572327,,3488,8,256,457b0468ba5f023a4a9f38816dbca0899481d04d,False
complete,pendigits,pendigits__dyn__non-overlap-patch-block-hamiltonian__L32__lr0.01__bs32__seed3,results/runs/pendigits/pendigits__dyn__non-overlap-patch-block-hamiltonian__L32__lr0.01__bs32__seed3_seed3,pendigits,dyn,non-overlap-patch-block-hamiltonian,32,3,0.01,32,2000,True,plus,True,False,0.3682039149797942,0.9586666666666667,0.43053007443345526,0.9273870783304745,0.964,1772.0000000000002,,504.17013812065125,,3488,8,256,457b0468ba5f023a4a9f38816dbca0899481d04d,False
complete,pendigits,pendigits__dyn__non-overlap-patch-block-hamiltonian__L32__lr0.01__bs32__seed4,results/runs/pendigits/pendigits__dyn__non-overlap-patch-block-hamiltonian__L32__lr0.01__bs32__seed4_seed4,pendigits,dyn,non-overlap-patch-block-hamiltonian,32,4,0.01,32,2000,True,plus,True,False,0.3871832706914117,0.9573333333333334,0.4658345746701241,0.9173813607775871,0.9613333333333334,1782.8666666666666,,499.8583929538727,,3488,8,256,457b0468ba5f023a4a9f38816dbca0899481d04d,False
complete,pendigits,pendigits__dyn__non-overlap-patch-block-hamiltonian__L32__lr0.01__bs32__seed5,results/runs/pendigits/pendigits__dyn__non-overlap-patch-block-hamiltonian__L32__lr0.01__bs32__seed5_seed5,pendigits,dyn,non-overlap-patch-block-hamiltonian,32,5,0.01,32,2000,True,plus,True,False,0.39913899867928915,0.9426666666666667,0.4630155884854417,0.9173813607775871,0.9493333333333334,1737.4000000000003,,499.8057174682617,,3488,8,256,457b0468ba5f023a4a9f38816dbca0899481d04d,False
complete,pendigits,pendigits__dyn__non-overlap-patch-block-hamiltonian__L32__lr0.01__bs32__seed6,results/runs/pendigits/pendigits__dyn__non-overlap-patch-block-hamiltonian__L32__lr0.01__bs32__seed6_seed6,pendigits,dyn,non-overlap-patch-block-hamiltonian,32,6,0.01,32,2000,True,plus,True,False,0.3841612015281829,0.9466666666666667,0.44423780460941875,0.9288164665523156,0.9586666666666667,1788.1999999999998,,499.32443737983704,,3488,8,256,457b0468ba5f023a4a9f38816dbca0899481d04d,False
complete,pendigits,pendigits__dyn__non-overlap-patch-block-hamiltonian__L32__lr0.01__bs32__seed7,results/runs/pendigits/pendigits__dyn__non-overlap-patch-block-hamiltonian__L32__lr0.01__bs32__seed7_seed7,pendigits,dyn,non-overlap-patch-block-hamiltonian,32,7,0.01,32,2000,True,plus,True,False,0.3888885582992977,0.948,0.4703075492851606,0.9150943396226415,0.9573333333333334,1759.0000000000002,,504.0158998966217,,3488,8,256,457b0468ba5f023a4a9f38816dbca0899481d04d,False
complete,pendigits,pendigits__dyn__non-overlap-patch-block-hamiltonian__L32__lr0.01__bs32__seed8,results/runs/pendigits/pendigits__dyn__non-overlap-patch-block-hamiltonian__L32__lr0.01__bs32__seed8_seed8,pendigits,dyn,non-overlap-patch-block-hamiltonian,32,8,0.01,32,2000,True,plus,True,False,0.3916631540095642,0.948,0.4417076212507801,0.9382504288164666,0.9626666666666667,1754.6000000000001,,507.9706048965454,,3488,8,256,457b0468ba5f023a4a9f38816dbca0899481d04d,False
complete,pendigits,pendigits__dyn__non-overlap-patch-block-hamiltonian__L32__lr0.01__bs32__seed9,results/runs/pendigits/pendigits__dyn__non-overlap-patch-block-hamiltonian__L32__lr0.01__bs32__seed9_seed9,pendigits,dyn,non-overlap-patch-block-hamiltonian,32,9,0.01,32,2000,True,plus,True,False,0.38770090709652427,0.9626666666666667,0.46304639193672603,0.9245283018867925,0.9666666666666667,1780.933333333333,,498.9434130191803,,3488,8,256,457b0468ba5f023a4a9f38816dbca0899481d04d,False
complete,pendigits,pendigits__dyn__non-overlap-patch-block-hamiltonian__L4__lr0.01__bs32__seed0,results/runs/pendigits/pendigits__dyn__non-overlap-patch-block-hamiltonian__L4__lr0.01__bs32__seed0_seed0,pendigits,dyn,non-overlap-patch-block-hamiltonian,4,0,0.01,32,2000,True,plus,True,False,0.7545544076309225,0.8666666666666667,0.8258914676780614,0.8210405946255003,0.868,1578.5333333333333,,68.55674290657043,,436,8,256,5d760ef42d71a06acce4efdc9ed931be057f16a6,False
complete,pendigits,pendigits__dyn__non-overlap-patch-block-hamiltonian__L4__lr0.01__bs32__seed10,results/runs/pendigits/pendigits__dyn__non-overlap-patch-block-hamiltonian__L4__lr0.01__bs32__seed10_seed10,pendigits,dyn,non-overlap-patch-block-hamiltonian,4,10,0.01,32,2000,True,plus,True,False,0.8157374233473106,0.8573333333333333,0.8245090876505757,0.8464837049742711,0.864,1581.1333333333334,,60.72327518463135,,436,8,256,457b0468ba5f023a4a9f38816dbca0899481d04d,False
complete,pendigits,pendigits__dyn__non-overlap-patch-block-hamiltonian__L4__lr0.01__bs32__seed11,results/runs/pendigits/pendigits__dyn__non-overlap-patch-block-hamiltonian__L4__lr0.01__bs32__seed11_seed11,pendigits,dyn,non-overlap-patch-block-hamiltonian,4,11,0.01,32,2000,True,plus,True,False,0.7838514304803996,0.864,0.8439718479562636,0.8236134934248142,0.864,1581.866666666667,,57.77077627182007,,436,8,256,457b0468ba5f023a4a9f38816dbca0899481d04d,False
complete,pendigits,pendigits__dyn__non-overlap-patch-block-hamiltonian__L4__lr0.01__bs32__seed12,results/runs/pendigits/pendigits__dyn__non-overlap-patch-block-hamiltonian__L4__lr0.01__bs32__seed12_seed12,pendigits,dyn,non-overlap-patch-block-hamiltonian,4,12,0.01,32,2000,True,plus,True,False,0.7970476078519514,0.844,0.9022740380953664,0.7835906232132647,0.8666666666666667,1568.8666666666668,,61.00021743774414,,436,8,256,457b0468ba5f023a4a9f38816dbca0899481d04d,False
complete,pendigits,pendigits__dyn__non-overlap-patch-block-hamiltonian__L4__lr0.01__bs32__seed13,results/runs/pendigits/pendigits__dyn__non-overlap-patch-block-hamiltonian__L4__lr0.01__bs32__seed13_seed13,pendigits,dyn,non-overlap-patch-block-hamiltonian,4,13,0.01,32,2000,True,plus,True,False,0.775796470304395,0.8586666666666667,0.813755063062205,0.8479130931961121,0.8586666666666667,1565.866666666667,,58.09482383728027,,436,8,256,457b0468ba5f023a4a9f38816dbca0899481d04d,False
complete,pendigits,pendigits__dyn__non-overlap-patch-block-hamiltonian__L4__lr0.01__bs32__seed14,results/runs/pendigits/pendigits__dyn__non-overlap-patch-block-hamiltonian__L4__lr0.01__bs32__seed14_seed14,pendigits,dyn,non-overlap-patch-block-hamiltonian,4,14,0.01,32,2000,True,plus,True,False,0.7593690593798725,0.8613333333333333,0.8168216605137952,0.81789594053745,0.8733333333333333,1563.6000000000001,,60.81252384185791,,436,8,256,457b0468ba5f023a4a9f38816dbca0899481d04d,False
complete,pendigits,pendigits__dyn__non-overlap-patch-block-hamiltonian__L4__lr0.01__bs32__seed15,results/runs/pendigits/pendigits__dyn__non-overlap-patch-block-hamiltonian__L4__lr0.01__bs32__seed15_seed15,pendigits,dyn,non-overlap-patch-block-hamiltonian,4,15,0.01,32,2000,True,plus,True,False,0.7458626518991767,0.864,0.8551406201837534,0.8153230417381361,0.8706666666666667,1603.1999999999998,,60.545172691345215,,436,8,256,457b0468ba5f023a4a9f38816dbca0899481d04d,False
complete,pendigits,pendigits__dyn__non-overlap-patch-block-hamiltonian__L4__lr0.01__bs32__seed16,results/runs/pendigits/pendigits__dyn__non-overlap-patch-block-hamiltonian__L4__lr0.01__bs32__seed16_seed16,pendigits,dyn,non-overlap-patch-block-hamiltonian,4,16,0.01,32,2000,True,plus,True,False,0.7668034101322996,0.8333333333333334,0.8608657888217374,0.8018867924528302,0.8573333333333333,1556.2666666666662,,61.1395697593689,,436,8,256,457b0468ba5f023a4a9f38816dbca0899481d04d,False
complete,pendigits,pendigits__dyn__non-overlap-patch-block-hamiltonian__L4__lr0.01__bs32__seed17,results/runs/pendigits/pendigits__dyn__non-overlap-patch-block-hamiltonian__L4__lr0.01__bs32__seed17_seed17,pendigits,dyn,non-overlap-patch-block-hamiltonian,4,17,0.01,32,2000,True,plus,True,False,0.7649794401793327,0.856,0.8661948526965246,0.7950257289879932,0.856,1554.0,,61.616058588027954,,436,8,256,457b0468ba5f023a4a9f38816dbca0899481d04d,False
complete,pendigits,pendigits__dyn__non-overlap-patch-block-hamiltonian__L4__lr0.01__bs32__seed18,results/runs/pendigits/pendigits__dyn__non-overlap-patch-block-hamiltonian__L4__lr0.01__bs32__seed18_seed18,pendigits,dyn,non-overlap-patch-block-hamiltonian,4,18,0.01,32,2000,True,plus,True,False,0.7646737154165506,0.8506666666666667,0.838487127750731,0.8147512864493996,0.8506666666666667,1566.7999999999997,,60.11301279067993,,436,8,256,457b0468ba5f023a4a9f38816dbca0899481d04d,False
complete,pendigits,pendigits__dyn__non-overlap-patch-block-hamiltonian__L4__lr0.01__bs32__seed19,results/runs/pendigits/pendigits__dyn__non-overlap-patch-block-hamiltonian__L4__lr0.01__bs32__seed19_seed19,pendigits,dyn,non-overlap-patch-block-hamiltonian,4,19,0.01,32,2000,True,plus,True,False,0.7761481592861478,0.8333333333333334,0.8658839049323951,0.7927387078330475,0.8453333333333334,1558.4666666666667,,61.598551511764526,,436,8,256,457b0468ba5f023a4a9f38816dbca0899481d04d,False
complete,pendigits,pendigits__dyn__non-overlap-patch-block-hamiltonian__L4__lr0.01__bs32__seed1,results/runs/pendigits/pendigits__dyn__non-overlap-patch-block-hamiltonian__L4__lr0.01__bs32__seed1_seed1,pendigits,dyn,non-overlap-patch-block-hamiltonian,4,1,0.01,32,2000,True,plus,True,False,0.7541314497809493,0.872,0.8397799333850264,0.842481417953116,0.88,1602.666666666667,,61.648287296295166,,436,8,256,457b0468ba5f023a4a9f38816dbca0899481d04d,False
complete,pendigits,pendigits__dyn__non-overlap-patch-block-hamiltonian__L4__lr0.01__bs32__seed2,results/runs/pendigits/pendigits__dyn__non-overlap-patch-block-hamiltonian__L4__lr0.01__bs32__seed2_seed2,pendigits,dyn,non-overlap-patch-block-hamiltonian,4,2,0.01,32,2000,True,plus,True,False,0.7613659272927199,0.8533333333333334,0.8736617778917103,0.7918810748999429,0.8653333333333333,1594.7333333333333,,58.65218472480774,,436,8,256,457b0468ba5f023a4a9f38816dbca0899481d04d,False
complete,pendigits,pendigits__dyn__non-overlap-patch-block-hamiltonian__L4__lr0.01__bs32__seed3,results/runs/pendigits/pendigits__dyn__non-overlap-patch-block-hamiltonian__L4__lr0.01__bs32__seed3_seed3,pendigits,dyn,non-overlap-patch-block-hamiltonian,4,3,0.01,32,2000,True,plus,True,False,0.7422473570316924,0.872,0.8473615070315202,0.8238993710691824,0.872,1577.2000000000003,,61.598700523376465,,436,8,256,457b0468ba5f023a4a9f38816dbca0899481d04d,False
complete,pendigits,pendigits__dyn__non-overlap-patch-block-hamiltonian__L4__lr0.01__bs32__seed4,results/runs/pendigits/pendigits__dyn__non-overlap-patch-block-hamiltonian__L4__lr0.01__bs32__seed4_seed4,pendigits,dyn,non-overlap-patch-block-hamiltonian,4,4,0.01,32,2000,True,plus,True,False,0.774402212395108,0.8546666666666667,0.835813155209195,0.8267581475128645,0.856,1572.7333333333336,,61.894989013671875,,436,8,256,457b0468ba5f023a4a9f38816dbca0899481d04d,False
complete,pendigits,pendigits__dyn__non-overlap-patch-block-hamiltonian__L4__lr0.01__bs32__seed5,results/runs/pendigits/pendigits__dyn__non-overlap-patch-block-hamiltonian__L4__lr0.01__bs32__seed5_seed5,pendigits,dyn,non-overlap-patch-block-hamiltonian,4,5,0.01,32,2000,True,plus,True,False,0.7733073786840282,0.8653333333333333,0.8724707208014335,0.8101772441395083,0.8733333333333333,1595.2666666666667,,59.688108682632446,,436,8,256,457b0468ba5f023a4a9f38816dbca0899481d04d,False
complete,pendigits,pendigits__dyn__non-overlap-patch-block-hamiltonian__L4__lr0.01__bs32__seed6,results/runs/pendigits/pendigits__dyn__non-overlap-patch-block-hamiltonian__L4__lr0.01__bs32__seed6_seed6,pendigits,dyn,non-overlap-patch-block-hamiltonian,4,6,0.01,32,2000,True,plus,True,False,0.7744717150342837,0.86,0.8061088621728616,0.8530588907947398,0.8746666666666667,1574.4666666666665,,61.48385214805603,,436,8,256,457b0468ba5f023a4a9f38816dbca0899481d04d,False
complete,pendigits,pendigits__dyn__non-overlap-patch-block-hamiltonian__L4__lr0.01__bs32__seed7,results/runs/pendigits/pendigits__dyn__non-overlap-patch-block-hamiltonian__L4__lr0.01__bs32__seed7_seed7,pendigits,dyn,non-overlap-patch-block-hamiltonian,4,7,0.01,32,2000,True,plus,True,False,0.7267161830692261,0.8626666666666667,0.8063354890885265,0.8344768439108061,0.8653333333333333,1546.3999999999999,,61.18765187263489,,436,8,256,457b0468ba5f023a4a9f38816dbca0899481d04d,False
complete,pendigits,pendigits__dyn__non-overlap-patch-block-hamiltonian__L4__lr0.01__bs32__seed8,results/runs/pendigits/pendigits__dyn__non-overlap-patch-block-hamiltonian__L4__lr0.01__bs32__seed8_seed8,pendigits,dyn,non-overlap-patch-block-hamiltonian,4,8,0.01,32,2000,True,plus,True,False,0.7278204572053617,0.856,0.8124572815071233,0.8359062321326473,0.8613333333333333,1575.7333333333333,,60.54012489318848,,436,8,256,457b0468ba5f023a4a9f38816dbca0899481d04d,False
complete,pendigits,pendigits__dyn__non-overlap-patch-block-hamiltonian__L4__lr0.01__bs32__seed9,results/runs/pendigits/pendigits__dyn__non-overlap-patch-block-hamiltonian__L4__lr0.01__bs32__seed9_seed9,pendigits,dyn,non-overlap-patch-block-hamiltonian,4,9,0.01,32,2000,True,plus,True,False,0.74267469361673,0.8826666666666667,0.7925739196007726,0.851915380217267,0.8933333333333333,1612.9333333333334,,61.3915228843689,,436,8,256,457b0468ba5f023a4a9f38816dbca0899481d04d,False
complete,pendigits,pendigits__dyn__non-overlap-patch-block-hamiltonian__L8__lr0.01__bs32__seed0,results/runs/pendigits/pendigits__dyn__non-overlap-patch-block-hamiltonian__L8__lr0.01__bs32__seed0_seed0,pendigits,dyn,non-overlap-patch-block-hamiltonian,8,0,0.01,32,2000,True,plus,True,False,0.5528903311564681,0.9213333333333333,0.6358663309201447,0.8782161234991424,0.9213333333333333,1691.1333333333334,,112.66801047325134,,872,8,256,5d760ef42d71a06acce4efdc9ed931be057f16a6,False
complete,pendigits,pendigits__dyn__non-overlap-patch-block-hamiltonian__L8__lr0.01__bs32__seed10,results/runs/pendigits/pendigits__dyn__non-overlap-patch-block-hamiltonian__L8__lr0.01__bs32__seed10_seed10,pendigits,dyn,non-overlap-patch-block-hamiltonian,8,10,0.01,32,2000,True,plus,True,False,0.5562776331606111,0.9053333333333333,0.5903005987937032,0.888507718696398,0.9106666666666666,1669.4666666666667,,116.39837551116943,,872,8,256,457b0468ba5f023a4a9f38816dbca0899481d04d,False
complete,pendigits,pendigits__dyn__non-overlap-patch-block-hamiltonian__L8__lr0.01__bs32__seed11,results/runs/pendigits/pendigits__dyn__non-overlap-patch-block-hamiltonian__L8__lr0.01__bs32__seed11_seed11,pendigits,dyn,non-overlap-patch-block-hamiltonian,8,11,0.01,32,2000,True,plus,True,False,0.5421310531040616,0.9146666666666666,0.6060245441716572,0.8796455117209834,0.9186666666666666,1675.2,,118.53806328773499,,872,8,256,457b0468ba5f023a4a9f38816dbca0899481d04d,False
complete,pendigits,pendigits__dyn__non-overlap-patch-block-hamiltonian__L8__lr0.01__bs32__seed12,results/runs/pendigits/pendigits__dyn__non-overlap-patch-block-hamiltonian__L8__lr0.01__bs32__seed12_seed12,pendigits,dyn,non-overlap-patch-block-hamiltonian,8,12,0.01,32,2000,True,plus,True,False,0.5850009888764708,0.9093333333333333,0.6858037078634891,0.8782161234991424,0.9186666666666666,1688.3333333333333,,116.10992741584778,,872,8,256,457b0468ba5f023a4a9f38816dbca0899481d04d,False
complete,pendigits,pendigits__dyn__non-overlap-patch-block-hamiltonian__L8__lr0.01__bs32__seed13,results/runs/pendigits/pendigits__dyn__non-overlap-patch-block-hamiltonian__L8__lr0.01__bs32__seed13_seed13,pendigits,dyn,non-overlap-patch-block-hamiltonian,8,13,0.01,32,2000,True,plus,True,False,0.5000226855694658,0.9213333333333333,0.5722728784087397,0.9010863350485993,0.9213333333333333,1654.0666666666666,,117.08421421051025,,872,8,256,457b0468ba5f023a4a9f38816dbca0899481d04d,False
complete,pendigits,pendigits__dyn__non-overlap-patch-block-hamiltonian__L8__lr0.01__bs32__seed14,results/runs/pendigits/pendigits__dyn__non-overlap-patch-block-hamiltonian__L8__lr0.01__bs32__seed14_seed14,pendigits,dyn,non-overlap-patch-block-hamiltonian,8,14,0.01,32,2000,True,plus,True,False,0.5190153699813276,0.9013333333333333,0.6040396089029298,0.8673527730131504,0.9146666666666666,1669.1333333333332,,115.62136578559875,,872,8,256,457b0468ba5f023a4a9f38816dbca0899481d04d,False
complete,pendigits,pendigits__dyn__non-overlap-patch-block-hamiltonian__L8__lr0.01__bs32__seed15,results/runs/pendigits/pendigits__dyn__non-overlap-patch-block-hamiltonian__L8__lr0.01__bs32__seed15_seed15,pendigits,dyn,non-overlap-patch-block-hamiltonian,8,15,0.01,32,2000,True,plus,True,False,0.5539086916575768,0.9106666666666666,0.6443532203912349,0.8693539165237278,0.924,1697.8000000000002,,116.61054944992065,,872,8,256,457b0468ba5f023a4a9f38816dbca0899481d04d,False
complete,pendigits,pendigits__dyn__non-overlap-patch-block-hamiltonian__L8__lr0.01__bs32__seed16,results/runs/pendigits/pendigits__dyn__non-overlap-patch-block-hamiltonian__L8__lr0.01__bs32__seed16_seed16,pendigits,dyn,non-overlap-patch-block-hamiltonian,8,16,0.01,32,2000,True,plus,True,False,0.5609268730506412,0.8906666666666667,0.6294752517755042,0.8584905660377359,0.9106666666666666,1662.4666666666667,,116.92716598510742,,872,8,256,457b0468ba5f023a4a9f38816dbca0899481d04d,False
complete,pendigits,pendigits__dyn__non-overlap-patch-block-hamiltonian__L8__lr0.01__bs32__seed17,results/runs/pendigits/pendigits__dyn__non-overlap-patch-block-hamiltonian__L8__lr0.01__bs32__seed17_seed17,pendigits,dyn,non-overlap-patch-block-hamiltonian,8,17,0.01,32,2000,True,plus,True,False,0.5130519064009025,0.924,0.5868802299802638,0.8987993138936535,0.924,1696.2000000000003,,117.30009365081787,,872,8,256,457b0468ba5f023a4a9f38816dbca0899481d04d,False
complete,pendigits,pendigits__dyn__non-overlap-patch-block-hamiltonian__L8__lr0.01__bs32__seed18,results/runs/pendigits/pendigits__dyn__non-overlap-patch-block-hamiltonian__L8__lr0.01__bs32__seed18_seed18,pendigits,dyn,non-overlap-patch-block-hamiltonian,8,18,0.01,32,2000,True,plus,True,False,0.501868912724289,0.904,0.5543526157999972,0.8853630646083476,0.916,1676.4,,117.45390915870667,,872,8,256,457b0468ba5f023a4a9f38816dbca0899481d04d,False
complete,pendigits,pendigits__dyn__non-overlap-patch-block-hamiltonian__L8__lr0.01__bs32__seed19,results/runs/pendigits/pendigits__dyn__non-overlap-patch-block-hamiltonian__L8__lr0.01__bs32__seed19_seed19,pendigits,dyn,non-overlap-patch-block-hamiltonian,8,19,0.01,32,2000,True,plus,True,False,0.582288856308356,0.9026666666666666,0.6379490391211972,0.8770726129216695,0.9253333333333333,1686.6,,114.64539837837219,,872,8,256,457b0468ba5f023a4a9f38816dbca0899481d04d,False
complete,pendigits,pendigits__dyn__non-overlap-patch-block-hamiltonian__L8__lr0.01__bs32__seed1,results/runs/pendigits/pendigits__dyn__non-overlap-patch-block-hamiltonian__L8__lr0.01__bs32__seed1_seed1,pendigits,dyn,non-overlap-patch-block-hamiltonian,8,1,0.01,32,2000,True,plus,True,False,0.5023164116273574,0.924,0.5780611095212461,0.8890794739851343,0.9306666666666666,1713.0666666666666,,286.9418144226074,,872,8,256,5d760ef42d71a06acce4efdc9ed931be057f16a6,False
complete,pendigits,pendigits__dyn__non-overlap-patch-block-hamiltonian__L8__lr0.01__bs32__seed2,results/runs/pendigits/pendigits__dyn__non-overlap-patch-block-hamiltonian__L8__lr0.01__bs32__seed2_seed2,pendigits,dyn,non-overlap-patch-block-hamiltonian,8,2,0.01,32,2000,True,plus,True,False,0.5759283987747188,0.9013333333333333,0.6512116029526512,0.8699256718124643,0.9226666666666666,1696.5333333333335,,115.7985098361969,,872,8,256,457b0468ba5f023a4a9f38816dbca0899481d04d,False
complete,pendigits,pendigits__dyn__non-overlap-patch-block-hamiltonian__L8__lr0.01__bs32__seed3,results/runs/pendigits/pendigits__dyn__non-overlap-patch-block-hamiltonian__L8__lr0.01__bs32__seed3_seed3,pendigits,dyn,non-overlap-patch-block-hamiltonian,8,3,0.01,32,2000,True,plus,True,False,0.5580961237313807,0.9226666666666666,0.6063942174300935,0.8753573470554603,0.9226666666666666,1690.9999999999998,,116.76535725593567,,872,8,256,457b0468ba5f023a4a9f38816dbca0899481d04d,False
complete,pendigits,pendigits__dyn__non-overlap-patch-block-hamiltonian__L8__lr0.01__bs32__seed4,results/runs/pendigits/pendigits__dyn__non-overlap-patch-block-hamiltonian__L8__lr0.01__bs32__seed4_seed4,pendigits,dyn,non-overlap-patch-block-hamiltonian,8,4,0.01,32,2000,True,plus,True,False,0.5676980117770487,0.9066666666666666,0.6217609965052943,0.8756432246998285,0.9066666666666666,1656.7333333333333,,115.84098029136658,,872,8,256,457b0468ba5f023a4a9f38816dbca0899481d04d,False
complete,pendigits,pendigits__dyn__non-overlap-patch-block-hamiltonian__L8__lr0.01__bs32__seed5,results/runs/pendigits/pendigits__dyn__non-overlap-patch-block-hamiltonian__L8__lr0.01__bs32__seed5_seed5,pendigits,dyn,non-overlap-patch-block-hamiltonian,8,5,0.01,32,2000,True,plus,True,False,0.5496085607291561,0.9026666666666666,0.6378237520502951,0.8702115494568324,0.9133333333333333,1680.1999999999998,,118.34484887123108,,872,8,256,457b0468ba5f023a4a9f38816dbca0899481d04d,False
complete,pendigits,pendigits__dyn__non-overlap-patch-block-hamiltonian__L8__lr0.01__bs32__seed6,results/runs/pendigits/pendigits__dyn__non-overlap-patch-block-hamiltonian__L8__lr0.01__bs32__seed6_seed6,pendigits,dyn,non-overlap-patch-block-hamiltonian,8,6,0.01,32,2000,True,plus,True,False,0.564616858548388,0.9146666666666666,0.6399490179784533,0.8779302458547742,0.9173333333333333,1700.9333333333334,,116.24526190757751,,872,8,256,457b0468ba5f023a4a9f38816dbca0899481d04d,False
complete,pendigits,pendigits__dyn__non-overlap-patch-block-hamiltonian__L8__lr0.01__bs32__seed7,results/runs/pendigits/pendigits__dyn__non-overlap-patch-block-hamiltonian__L8__lr0.01__bs32__seed7_seed7,pendigits,dyn,non-overlap-patch-block-hamiltonian,8,7,0.01,32,2000,True,plus,True,False,0.49844284831700786,0.916,0.5936559681349648,0.8853630646083476,0.924,1706.1999999999998,,116.11307668685913,,872,8,256,457b0468ba5f023a4a9f38816dbca0899481d04d,False
complete,pendigits,pendigits__dyn__non-overlap-patch-block-hamiltonian__L8__lr0.01__bs32__seed8,results/runs/pendigits/pendigits__dyn__non-overlap-patch-block-hamiltonian__L8__lr0.01__bs32__seed8_seed8,pendigits,dyn,non-overlap-patch-block-hamiltonian,8,8,0.01,32,2000,True,plus,True,False,0.5373897782909309,0.92,0.6016748639860899,0.8810748999428245,0.928,1692.3999999999999,,116.01092171669006,,872,8,256,457b0468ba5f023a4a9f38816dbca0899481d04d,False
complete,pendigits,pendigits__dyn__non-overlap-patch-block-hamiltonian__L8__lr0.01__bs32__seed9,results/runs/pendigits/pendigits__dyn__non-overlap-patch-block-hamiltonian__L8__lr0.01__bs32__seed9_seed9,pendigits,dyn,non-overlap-patch-block-hamiltonian,8,9,0.01,32,2000,True,plus,True,False,0.4930334659441878,0.932,0.55695616826625,0.89937106918239,0.9333333333333333,1692.7333333333331,,117.453542470932,,872,8,256,457b0468ba5f023a4a9f38816dbca0899481d04d,False
complete,pendigits,pendigits__dyn__patch-su4__L16__lr0.01__bs32__seed0,results/runs/pendigits/pendigits__dyn__patch-su4__L16__lr0.01__bs32__seed0_seed0,pendigits,dyn,patch-su4,16,0,0.01,32,2000,True,plus,True,False,2.1702421530534646,0.18133333333333335,2.14643107716428,0.2086906803887936,0.20933333333333334,321.2666666666667,,253.6189501285553,,1680,8,256,457b0468ba5f023a4a9f38816dbca0899481d04d,False
complete,pendigits,pendigits__dyn__patch-su4__L16__lr0.01__bs32__seed10,results/runs/pendigits/pendigits__dyn__patch-su4__L16__lr0.01__bs32__seed10_seed10,pendigits,dyn,patch-su4,16,10,0.01,32,2000,True,plus,True,False,2.1217722868683104,0.27466666666666667,2.120700603884318,0.26500857632933106,0.27466666666666667,340.79999999999995,,249.0181770324707,,1680,8,256,457b0468ba5f023a4a9f38816dbca0899481d04d,False
complete,pendigits,pendigits__dyn__patch-su4__L16__lr0.01__bs32__seed11,results/runs/pendigits/pendigits__dyn__patch-su4__L16__lr0.01__bs32__seed11_seed11,pendigits,dyn,patch-su4,16,11,0.01,32,2000,True,plus,True,False,2.2344973619202277,0.16933333333333334,2.200667623182229,0.19210977701543738,0.21333333333333335,287.1333333333333,,246.1251060962677,,1680,8,256,457b0468ba5f023a4a9f38816dbca0899481d04d,False
complete,pendigits,pendigits__dyn__patch-su4__L16__lr0.01__bs32__seed12,results/runs/pendigits/pendigits__dyn__patch-su4__L16__lr0.01__bs32__seed12_seed12,pendigits,dyn,patch-su4,16,12,0.01,32,2000,True,plus,True,False,2.1887961097124156,0.17333333333333334,2.183105818525838,0.19353916523727843,0.21466666666666667,323.13333333333327,,250.3537459373474,,1680,8,256,457b0468ba5f023a4a9f38816dbca0899481d04d,False
complete,pendigits,pendigits__dyn__patch-su4__L16__lr0.01__bs32__seed13,results/runs/pendigits/pendigits__dyn__patch-su4__L16__lr0.01__bs32__seed13_seed13,pendigits,dyn,patch-su4,16,13,0.01,32,2000,True,plus,True,False,2.2108893320415555,0.18666666666666668,2.1825895183563975,0.1975414522584334,0.188,308.06666666666666,,246.6611180305481,,1680,8,256,457b0468ba5f023a4a9f38816dbca0899481d04d,False
complete,pendigits,pendigits__dyn__patch-su4__L16__lr0.01__bs32__seed14,results/runs/pendigits/pendigits__dyn__patch-su4__L16__lr0.01__bs32__seed14_seed14,pendigits,dyn,patch-su4,16,14,0.01,32,2000,True,plus,True,False,2.208855793905036,0.18533333333333332,2.180405170190796,0.1918238993710692,0.2,327.7999999999999,,245.0583598613739,,1680,8,256,457b0468ba5f023a4a9f38816dbca0899481d04d,False
complete,pendigits,pendigits__dyn__patch-su4__L16__lr0.01__bs32__seed15,results/runs/pendigits/pendigits__dyn__patch-su4__L16__lr0.01__bs32__seed15_seed15,pendigits,dyn,patch-su4,16,15,0.01,32,2000,True,plus,True,False,2.1236877323231416,0.23733333333333334,2.106464104844818,0.27215551743853633,0.23866666666666667,354.9333333333333,,249.8561840057373,,1680,8,256,457b0468ba5f023a4a9f38816dbca0899481d04d,False
complete,pendigits,pendigits__dyn__patch-su4__L16__lr0.01__bs32__seed16,results/runs/pendigits/pendigits__dyn__patch-su4__L16__lr0.01__bs32__seed16_seed16,pendigits,dyn,patch-su4,16,16,0.01,32,2000,True,plus,True,False,2.161689290051953,0.21733333333333332,2.139029684430891,0.230989136649514,0.25466666666666665,347.2,,246.63452911376953,,1680,8,256,457b0468ba5f023a4a9f38816dbca0899481d04d,False
complete,pendigits,pendigits__dyn__patch-su4__L16__lr0.01__bs32__seed17,results/runs/pendigits/pendigits__dyn__patch-su4__L16__lr0.01__bs32__seed17_seed17,pendigits,dyn,patch-su4,16,17,0.01,32,2000,True,plus,True,False,2.1632712954278506,0.21333333333333335,2.1346508006195855,0.22898799313893653,0.21466666666666667,324.59999999999997,,248.93933606147766,,1680,8,256,457b0468ba5f023a4a9f38816dbca0899481d04d,False
complete,pendigits,pendigits__dyn__patch-su4__L16__lr0.01__bs32__seed18,results/runs/pendigits/pendigits__dyn__patch-su4__L16__lr0.01__bs32__seed18_seed18,pendigits,dyn,patch-su4,16,18,0.01,32,2000,True,plus,True,False,2.212641158735206,0.17333333333333334,2.2199475142244474,0.18982275586049172,0.196,290.93333333333334,,247.79436826705933,,1680,8,256,457b0468ba5f023a4a9f38816dbca0899481d04d,False
complete,pendigits,pendigits__dyn__patch-su4__L16__lr0.01__bs32__seed19,results/runs/pendigits/pendigits__dyn__patch-su4__L16__lr0.01__bs32__seed19_seed19,pendigits,dyn,patch-su4,16,19,0.01,32,2000,True,plus,True,False,2.2023764204260976,0.20266666666666666,2.1784952684063983,0.20840480274442538,0.212,330.1333333333333,,246.33193016052246,,1680,8,256,457b0468ba5f023a4a9f38816dbca0899481d04d,False
complete,pendigits,pendigits__dyn__patch-su4__L16__lr0.01__bs32__seed1,results/runs/pendigits/pendigits__dyn__patch-su4__L16__lr0.01__bs32__seed1_seed1,pendigits,dyn,patch-su4,16,1,0.01,32,2000,True,plus,True,False,2.1673934278787828,0.22666666666666666,2.150034300304459,0.23213264722698684,0.22666666666666666,335.0666666666667,,254.33730101585388,,1680,8,256,457b0468ba5f023a4a9f38816dbca0899481d04d,False
complete,pendigits,pendigits__dyn__patch-su4__L16__lr0.01__bs32__seed2,results/runs/pendigits/pendigits__dyn__patch-su4__L16__lr0.01__bs32__seed2_seed2,pendigits,dyn,patch-su4,16,2,0.01,32,2000,True,plus,True,False,2.207454206871063,0.16533333333333333,2.202476878658136,0.19868496283590623,0.20266666666666666,306.7333333333333,,246.62622785568237,,1680,8,256,457b0468ba5f023a4a9f38816dbca0899481d04d,False
complete,pendigits,pendigits__dyn__patch-su4__L16__lr0.01__bs32__seed3,results/runs/pendigits/pendigits__dyn__patch-su4__L16__lr0.01__bs32__seed3_seed3,pendigits,dyn,patch-su4,16,3,0.01,32,2000,True,plus,True,False,2.1471203000455343,0.24,2.160667615195237,0.2307032590051458,0.24,361.5333333333333,,247.2159616947174,,1680,8,256,457b0468ba5f023a4a9f38816dbca0899481d04d,False
complete,pendigits,pendigits__dyn__patch-su4__L16__lr0.01__bs32__seed4,results/runs/pendigits/pendigits__dyn__patch-su4__L16__lr0.01__bs32__seed4_seed4,pendigits,dyn,patch-su4,16,4,0.01,32,2000,True,plus,True,False,2.2031583675255786,0.184,2.174090314952758,0.18810748999428245,0.18666666666666668,286.79999999999995,,247.1634805202484,,1680,8,256,457b0468ba5f023a4a9f38816dbca0899481d04d,False
complete,pendigits,pendigits__dyn__patch-su4__L16__lr0.01__bs32__seed5,results/runs/pendigits/pendigits__dyn__patch-su4__L16__lr0.01__bs32__seed5_seed5,pendigits,dyn,patch-su4,16,5,0.01,32,2000,True,plus,True,False,2.1686196728873366,0.24666666666666667,2.1338021671007485,0.2532875929102344,0.24933333333333332,380.8666666666667,,246.47721600532532,,1680,8,256,457b0468ba5f023a4a9f38816dbca0899481d04d,False
complete,pendigits,pendigits__dyn__patch-su4__L16__lr0.01__bs32__seed6,results/runs/pendigits/pendigits__dyn__patch-su4__L16__lr0.01__bs32__seed6_seed6,pendigits,dyn,patch-su4,16,6,0.01,32,2000,True,plus,True,False,2.247491464615297,0.156,2.2104014306071247,0.18610634648370497,0.196,295.06666666666666,,246.22748970985413,,1680,8,256,457b0468ba5f023a4a9f38816dbca0899481d04d,False
complete,pendigits,pendigits__dyn__patch-su4__L16__lr0.01__bs32__seed7,results/runs/pendigits/pendigits__dyn__patch-su4__L16__lr0.01__bs32__seed7_seed7,pendigits,dyn,patch-su4,16,7,0.01,32,2000,True,plus,True,False,2.2104698074044937,0.20266666666666666,2.2136355867179716,0.20240137221269297,0.20266666666666666,295.0666666666667,,248.13189268112183,,1680,8,256,457b0468ba5f023a4a9f38816dbca0899481d04d,False
complete,pendigits,pendigits__dyn__patch-su4__L16__lr0.01__bs32__seed8,results/runs/pendigits/pendigits__dyn__patch-su4__L16__lr0.01__bs32__seed8_seed8,pendigits,dyn,patch-su4,16,8,0.01,32,2000,True,plus,True,False,2.1570087962150315,0.22666666666666666,2.1680390592449372,0.23413379073756432,0.22666666666666666,342.33333333333337,,249.0087070465088,,1680,8,256,457b0468ba5f023a4a9f38816dbca0899481d04d,False
complete,pendigits,pendigits__dyn__patch-su4__L16__lr0.01__bs32__seed9,results/runs/pendigits/pendigits__dyn__patch-su4__L16__lr0.01__bs32__seed9_seed9,pendigits,dyn,patch-su4,16,9,0.01,32,2000,True,plus,True,False,2.193885308867352,0.22666666666666666,2.1697670760180237,0.2249857061177816,0.22666666666666666,327.5333333333333,,248.67462348937988,,1680,8,256,457b0468ba5f023a4a9f38816dbca0899481d04d,False
complete,pendigits,pendigits__dyn__patch-su4__L1__lr0.01__bs32__seed0,results/runs/pendigits/pendigits__dyn__patch-su4__L1__lr0.01__bs32__seed0_seed0,pendigits,dyn,patch-su4,1,0,0.01,32,2000,True,plus,True,False,1.9316910043974274,0.3626666666666667,1.8869107238920457,0.36792452830188677,0.3893333333333333,695.8000000000001,,21.929365158081055,,105,8,256,c9975de69f8651d303bc6c90c5d2fe6e6ebd42c1,False
complete,pendigits,pendigits__dyn__patch-su4__L1__lr0.01__bs32__seed10,results/runs/pendigits/pendigits__dyn__patch-su4__L1__lr0.01__bs32__seed10_seed10,pendigits,dyn,patch-su4,1,10,0.01,32,2000,True,plus,True,False,1.8489479291966253,0.36933333333333335,1.918462057675877,0.3353344768439108,0.38266666666666665,678.4,,20.513488054275513,,105,8,256,457b0468ba5f023a4a9f38816dbca0899481d04d,False
complete,pendigits,pendigits__dyn__patch-su4__L1__lr0.01__bs32__seed11,results/runs/pendigits/pendigits__dyn__patch-su4__L1__lr0.01__bs32__seed11_seed11,pendigits,dyn,patch-su4,1,11,0.01,32,2000,True,plus,True,False,1.9098407906678592,0.356,1.9194555894472058,0.35934819897084047,0.376,683.5333333333334,,22.82950210571289,,105,8,256,457b0468ba5f023a4a9f38816dbca0899481d04d,False
complete,pendigits,pendigits__dyn__patch-su4__L1__lr0.01__bs32__seed12,results/runs/pendigits/pendigits__dyn__patch-su4__L1__lr0.01__bs32__seed12_seed12,pendigits,dyn,patch-su4,1,12,0.01,32,2000,True,plus,True,False,1.8763859501288223,0.35733333333333334,1.9112268493830202,0.3564894225271584,0.3586666666666667,621.7333333333332,,22.03639006614685,,105,8,256,457b0468ba5f023a4a9f38816dbca0899481d04d,False
complete,pendigits,pendigits__dyn__patch-su4__L1__lr0.01__bs32__seed13,results/runs/pendigits/pendigits__dyn__patch-su4__L1__lr0.01__bs32__seed13_seed13,pendigits,dyn,patch-su4,1,13,0.01,32,2000,True,plus,True,False,1.8628664076358334,0.364,1.9302970576952878,0.34419668381932533,0.37866666666666665,681.1999999999999,,20.501240015029907,,105,8,256,457b0468ba5f023a4a9f38816dbca0899481d04d,False
complete,pendigits,pendigits__dyn__patch-su4__L1__lr0.01__bs32__seed14,results/runs/pendigits/pendigits__dyn__patch-su4__L1__lr0.01__bs32__seed14_seed14,pendigits,dyn,patch-su4,1,14,0.01,32,2000,True,plus,True,False,1.865512675447357,0.36,1.9431795769999696,0.34162378502001145,0.38133333333333336,691.1999999999999,,20.18055009841919,,105,8,256,457b0468ba5f023a4a9f38816dbca0899481d04d,False
complete,pendigits,pendigits__dyn__patch-su4__L1__lr0.01__bs32__seed15,results/runs/pendigits/pendigits__dyn__patch-su4__L1__lr0.01__bs32__seed15_seed15,pendigits,dyn,patch-su4,1,15,0.01,32,2000,True,plus,True,False,1.8707361102000408,0.36,1.928105947435813,0.34505431675243,0.38,684.4666666666668,,20.103866577148438,,105,8,256,457b0468ba5f023a4a9f38816dbca0899481d04d,False
complete,pendigits,pendigits__dyn__patch-su4__L1__lr0.01__bs32__seed16,results/runs/pendigits/pendigits__dyn__patch-su4__L1__lr0.01__bs32__seed16_seed16,pendigits,dyn,patch-su4,1,16,0.01,32,2000,True,plus,True,False,1.8716498339290624,0.372,1.8998976626012811,0.362778730703259,0.384,691.5333333333334,,21.00565814971924,,105,8,256,457b0468ba5f023a4a9f38816dbca0899481d04d,False
complete,pendigits,pendigits__dyn__patch-su4__L1__lr0.01__bs32__seed17,results/runs/pendigits/pendigits__dyn__patch-su4__L1__lr0.01__bs32__seed17_seed17,pendigits,dyn,patch-su4,1,17,0.01,32,2000,True,plus,True,False,1.935778255478949,0.36533333333333334,1.9361029280759614,0.35334476843910806,0.37466666666666665,619.8666666666667,,21.53632164001465,,105,8,256,457b0468ba5f023a4a9f38816dbca0899481d04d,False
complete,pendigits,pendigits__dyn__patch-su4__L1__lr0.01__bs32__seed18,results/runs/pendigits/pendigits__dyn__patch-su4__L1__lr0.01__bs32__seed18_seed18,pendigits,dyn,patch-su4,1,18,0.01,32,2000,True,plus,True,False,1.8944711034693638,0.376,1.9250116684000955,0.36220697541452257,0.384,689.8666666666667,,21.86746096611023,,105,8,256,457b0468ba5f023a4a9f38816dbca0899481d04d,False
complete,pendigits,pendigits__dyn__patch-su4__L1__lr0.01__bs32__seed19,results/runs/pendigits/pendigits__dyn__patch-su4__L1__lr0.01__bs32__seed19_seed19,pendigits,dyn,patch-su4,1,19,0.01,32,2000,True,plus,True,False,1.8639054699091169,0.38,1.9318257184616001,0.35934819897084047,0.38,655.8,,20.103344440460205,,105,8,256,457b0468ba5f023a4a9f38816dbca0899481d04d,False
complete,pendigits,pendigits__dyn__patch-su4__L1__lr0.01__bs32__seed1,results/runs/pendigits/pendigits__dyn__patch-su4__L1__lr0.01__bs32__seed1_seed1,pendigits,dyn,patch-su4,1,1,0.01,32,2000,True,plus,True,False,1.8928631190208198,0.38266666666666665,1.9187915315171775,0.3433390508862207,0.38666666666666666,684.9333333333333,,20.04005742073059,,105,8,256,457b0468ba5f023a4a9f38816dbca0899481d04d,False
complete,pendigits,pendigits__dyn__patch-su4__L1__lr0.01__bs32__seed2,results/runs/pendigits/pendigits__dyn__patch-su4__L1__lr0.01__bs32__seed2_seed2,pendigits,dyn,patch-su4,1,2,0.01,32,2000,True,plus,True,False,1.8568264727204056,0.38,1.8986043093263518,0.361349342481418,0.38133333333333336,669.8666666666668,,20.909123420715332,,105,8,256,457b0468ba5f023a4a9f38816dbca0899481d04d,False
complete,pendigits,pendigits__dyn__patch-su4__L1__lr0.01__bs32__seed3,results/runs/pendigits/pendigits__dyn__patch-su4__L1__lr0.01__bs32__seed3_seed3,pendigits,dyn,patch-su4,1,3,0.01,32,2000,True,plus,True,False,1.8795848823582937,0.356,1.925310938781663,0.34505431675243,0.38266666666666665,689.4666666666667,,21.701613426208496,,105,8,256,457b0468ba5f023a4a9f38816dbca0899481d04d,False
complete,pendigits,pendigits__dyn__patch-su4__L1__lr0.01__bs32__seed4,results/runs/pendigits/pendigits__dyn__patch-su4__L1__lr0.01__bs32__seed4_seed4,pendigits,dyn,patch-su4,1,4,0.01,32,2000,True,plus,True,False,1.9483736863673793,0.3506666666666667,1.914468096001359,0.361349342481418,0.39066666666666666,663.5333333333334,,20.57251501083374,,105,8,256,457b0468ba5f023a4a9f38816dbca0899481d04d,False
complete,pendigits,pendigits__dyn__patch-su4__L1__lr0.01__bs32__seed5,results/runs/pendigits/pendigits__dyn__patch-su4__L1__lr0.01__bs32__seed5_seed5,pendigits,dyn,patch-su4,1,5,0.01,32,2000,True,plus,True,False,1.8945724029417148,0.364,1.9247026453040557,0.3379073756432247,0.38266666666666665,683.8666666666667,,21.235249996185303,,105,8,256,457b0468ba5f023a4a9f38816dbca0899481d04d,False
complete,pendigits,pendigits__dyn__patch-su4__L1__lr0.01__bs32__seed6,results/runs/pendigits/pendigits__dyn__patch-su4__L1__lr0.01__bs32__seed6_seed6,pendigits,dyn,patch-su4,1,6,0.01,32,2000,True,plus,True,False,1.9003897944730452,0.3546666666666667,1.9058872974479377,0.3479130931961121,0.38533333333333336,682.1333333333333,,20.35729956626892,,105,8,256,457b0468ba5f023a4a9f38816dbca0899481d04d,False
complete,pendigits,pendigits__dyn__patch-su4__L1__lr0.01__bs32__seed7,results/runs/pendigits/pendigits__dyn__patch-su4__L1__lr0.01__bs32__seed7_seed7,pendigits,dyn,patch-su4,1,7,0.01,32,2000,True,plus,True,False,1.8845983135320117,0.356,1.9387790455852165,0.31360777587192684,0.38,691.5999999999999,,20.161661386489868,,105,8,256,457b0468ba5f023a4a9f38816dbca0899481d04d,False
complete,pendigits,pendigits__dyn__patch-su4__L1__lr0.01__bs32__seed8,results/runs/pendigits/pendigits__dyn__patch-su4__L1__lr0.01__bs32__seed8_seed8,pendigits,dyn,patch-su4,1,8,0.01,32,2000,True,plus,True,False,1.8713439331158563,0.3586666666666667,1.9526653088314465,0.3379073756432247,0.38533333333333336,624.8,,20.382513761520386,,105,8,256,457b0468ba5f023a4a9f38816dbca0899481d04d,False
complete,pendigits,pendigits__dyn__patch-su4__L1__lr0.01__bs32__seed9,results/runs/pendigits/pendigits__dyn__patch-su4__L1__lr0.01__bs32__seed9_seed9,pendigits,dyn,patch-su4,1,9,0.01,32,2000,True,plus,True,False,1.8679977747671968,0.38,1.9420725594766666,0.3496283590623213,0.38,671.7333333333333,,21.67986249923706,,105,8,256,457b0468ba5f023a4a9f38816dbca0899481d04d,False
complete,pendigits,pendigits__dyn__patch-su4__L2__lr0.01__bs32__seed0,results/runs/pendigits/pendigits__dyn__patch-su4__L2__lr0.01__bs32__seed0_seed0,pendigits,dyn,patch-su4,2,0,0.01,32,2000,True,plus,True,False,1.5979415765764697,0.48133333333333334,1.6355065030532783,0.4468267581475129,0.48933333333333334,867.5333333333333,,32.75619983673096,,210,8,256,457b0468ba5f023a4a9f38816dbca0899481d04d,False
complete,pendigits,pendigits__dyn__patch-su4__L2__lr0.01__bs32__seed10,results/runs/pendigits/pendigits__dyn__patch-su4__L2__lr0.01__bs32__seed10_seed10,pendigits,dyn,patch-su4,2,10,0.01,32,2000,True,plus,True,False,1.5867054550434152,0.4826666666666667,1.5899383608440645,0.4839908519153802,0.48533333333333334,832.6000000000001,,31.605244874954224,,210,8,256,457b0468ba5f023a4a9f38816dbca0899481d04d,False
complete,pendigits,pendigits__dyn__patch-su4__L2__lr0.01__bs32__seed11,results/runs/pendigits/pendigits__dyn__patch-su4__L2__lr0.01__bs32__seed11_seed11,pendigits,dyn,patch-su4,2,11,0.01,32,2000,True,plus,True,False,1.5583005326856012,0.4666666666666667,1.6170267691992317,0.46397941680960547,0.488,869.7333333333332,,33.65072536468506,,210,8,256,457b0468ba5f023a4a9f38816dbca0899481d04d,False
complete,pendigits,pendigits__dyn__patch-su4__L2__lr0.01__bs32__seed12,results/runs/pendigits/pendigits__dyn__patch-su4__L2__lr0.01__bs32__seed12_seed12,pendigits,dyn,patch-su4,2,12,0.01,32,2000,True,plus,True,False,1.567210663912084,0.5053333333333333,1.5884068233298014,0.49799885648942255,0.512,895.5333333333333,,32.964030265808105,,210,8,256,457b0468ba5f023a4a9f38816dbca0899481d04d,False
complete,pendigits,pendigits__dyn__patch-su4__L2__lr0.01__bs32__seed13,results/runs/pendigits/pendigits__dyn__patch-su4__L2__lr0.01__bs32__seed13_seed13,pendigits,dyn,patch-su4,2,13,0.01,32,2000,True,plus,True,False,1.5670327445998724,0.48533333333333334,1.5502712676933228,0.5102915951972555,0.49733333333333335,895.4,,32.59841513633728,,210,8,256,457b0468ba5f023a4a9f38816dbca0899481d04d,False
complete,pendigits,pendigits__dyn__patch-su4__L2__lr0.01__bs32__seed14,results/runs/pendigits/pendigits__dyn__patch-su4__L2__lr0.01__bs32__seed14_seed14,pendigits,dyn,patch-su4,2,14,0.01,32,2000,True,plus,True,False,1.6199452723853183,0.4693333333333333,1.6862735066241648,0.44453973699256716,0.47333333333333333,847.7333333333335,,32.57199430465698,,210,8,256,457b0468ba5f023a4a9f38816dbca0899481d04d,False
complete,pendigits,pendigits__dyn__patch-su4__L2__lr0.01__bs32__seed15,results/runs/pendigits/pendigits__dyn__patch-su4__L2__lr0.01__bs32__seed15_seed15,pendigits,dyn,patch-su4,2,15,0.01,32,2000,True,plus,True,False,1.591999241360242,0.48933333333333334,1.6592042412829042,0.4534019439679817,0.48933333333333334,840.7333333333332,,33.35480737686157,,210,8,256,457b0468ba5f023a4a9f38816dbca0899481d04d,False
complete,pendigits,pendigits__dyn__patch-su4__L2__lr0.01__bs32__seed16,results/runs/pendigits/pendigits__dyn__patch-su4__L2__lr0.01__bs32__seed16_seed16,pendigits,dyn,patch-su4,2,16,0.01,32,2000,True,plus,True,False,1.6494623846174399,0.48533333333333334,1.6314037634321512,0.4731275014293882,0.48533333333333334,815.7333333333333,,33.25909066200256,,210,8,256,457b0468ba5f023a4a9f38816dbca0899481d04d,False
complete,pendigits,pendigits__dyn__patch-su4__L2__lr0.01__bs32__seed17,results/runs/pendigits/pendigits__dyn__patch-su4__L2__lr0.01__bs32__seed17_seed17,pendigits,dyn,patch-su4,2,17,0.01,32,2000,True,plus,True,False,1.6229643061197567,0.4826666666666667,1.6180839276208117,0.4937106918238994,0.508,872.2666666666668,,34.463425397872925,,210,8,256,457b0468ba5f023a4a9f38816dbca0899481d04d,False
complete,pendigits,pendigits__dyn__patch-su4__L2__lr0.01__bs32__seed18,results/runs/pendigits/pendigits__dyn__patch-su4__L2__lr0.01__bs32__seed18_seed18,pendigits,dyn,patch-su4,2,18,0.01,32,2000,True,plus,True,False,1.593977246607824,0.4706666666666667,1.6272363450066314,0.4588336192109777,0.49466666666666664,865.4,,32.40610480308533,,210,8,256,457b0468ba5f023a4a9f38816dbca0899481d04d,False
complete,pendigits,pendigits__dyn__patch-su4__L2__lr0.01__bs32__seed19,results/runs/pendigits/pendigits__dyn__patch-su4__L2__lr0.01__bs32__seed19_seed19,pendigits,dyn,patch-su4,2,19,0.01,32,2000,True,plus,True,False,1.5841816649903373,0.49733333333333335,1.6418363267851857,0.4676958261863922,0.512,890.4000000000002,,32.26725482940674,,210,8,256,457b0468ba5f023a4a9f38816dbca0899481d04d,False
complete,pendigits,pendigits__dyn__patch-su4__L2__lr0.01__bs32__seed1,results/runs/pendigits/pendigits__dyn__patch-su4__L2__lr0.01__bs32__seed1_seed1,pendigits,dyn,patch-su4,2,1,0.01,32,2000,True,plus,True,False,1.6695843390024405,0.456,1.6636498396948263,0.4716981132075472,0.4693333333333333,840.5333333333333,,33.732176303863525,,210,8,256,457b0468ba5f023a4a9f38816dbca0899481d04d,False
complete,pendigits,pendigits__dyn__patch-su4__L2__lr0.01__bs32__seed2,results/runs/pendigits/pendigits__dyn__patch-su4__L2__lr0.01__bs32__seed2_seed2,pendigits,dyn,patch-su4,2,2,0.01,32,2000,True,plus,True,False,1.6204575874713705,0.4746666666666667,1.6663083584532759,0.4588336192109777,0.47733333333333333,851.2666666666669,,34.41017270088196,,210,8,256,457b0468ba5f023a4a9f38816dbca0899481d04d,False
complete,pendigits,pendigits__dyn__patch-su4__L2__lr0.01__bs32__seed3,results/runs/pendigits/pendigits__dyn__patch-su4__L2__lr0.01__bs32__seed3_seed3,pendigits,dyn,patch-su4,2,3,0.01,32,2000,True,plus,True,False,1.6390185232033634,0.48533333333333334,1.6835352556758265,0.44911377930245855,0.49333333333333335,848.0666666666666,,31.709714889526367,,210,8,256,457b0468ba5f023a4a9f38816dbca0899481d04d,False
complete,pendigits,pendigits__dyn__patch-su4__L2__lr0.01__bs32__seed4,results/runs/pendigits/pendigits__dyn__patch-su4__L2__lr0.01__bs32__seed4_seed4,pendigits,dyn,patch-su4,2,4,0.01,32,2000,True,plus,True,False,1.630077087684814,0.468,1.6603637387847903,0.4631217838765009,0.492,845.2,,31.686697244644165,,210,8,256,457b0468ba5f023a4a9f38816dbca0899481d04d,False
complete,pendigits,pendigits__dyn__patch-su4__L2__lr0.01__bs32__seed5,results/runs/pendigits/pendigits__dyn__patch-su4__L2__lr0.01__bs32__seed5_seed5,pendigits,dyn,patch-su4,2,5,0.01,32,2000,True,plus,True,False,1.5738425176337436,0.516,1.6540476489338274,0.47084048027444253,0.5293333333333333,913.8666666666666,,33.22624754905701,,210,8,256,457b0468ba5f023a4a9f38816dbca0899481d04d,False
complete,pendigits,pendigits__dyn__patch-su4__L2__lr0.01__bs32__seed6,results/runs/pendigits/pendigits__dyn__patch-su4__L2__lr0.01__bs32__seed6_seed6,pendigits,dyn,patch-su4,2,6,0.01,32,2000,True,plus,True,False,1.630647575318818,0.48,1.6544285869075528,0.45368782161234994,0.4866666666666667,829.3333333333334,,33.2053017616272,,210,8,256,457b0468ba5f023a4a9f38816dbca0899481d04d,False
complete,pendigits,pendigits__dyn__patch-su4__L2__lr0.01__bs32__seed7,results/runs/pendigits/pendigits__dyn__patch-su4__L2__lr0.01__bs32__seed7_seed7,pendigits,dyn,patch-su4,2,7,0.01,32,2000,True,plus,True,False,1.6682956808321554,0.43733333333333335,1.7294830061052193,0.42252715837621496,0.45066666666666666,804.4666666666666,,32.47471380233765,,210,8,256,457b0468ba5f023a4a9f38816dbca0899481d04d,False
complete,pendigits,pendigits__dyn__patch-su4__L2__lr0.01__bs32__seed8,results/runs/pendigits/pendigits__dyn__patch-su4__L2__lr0.01__bs32__seed8_seed8,pendigits,dyn,patch-su4,2,8,0.01,32,2000,True,plus,True,False,1.609007113816194,0.4826666666666667,1.5940115295839077,0.4894225271583762,0.5066666666666667,859.2666666666668,,32.38690137863159,,210,8,256,457b0468ba5f023a4a9f38816dbca0899481d04d,False
complete,pendigits,pendigits__dyn__patch-su4__L2__lr0.01__bs32__seed9,results/runs/pendigits/pendigits__dyn__patch-su4__L2__lr0.01__bs32__seed9_seed9,pendigits,dyn,patch-su4,2,9,0.01,32,2000,True,plus,True,False,1.6923472830416355,0.448,1.7003564877795676,0.44339622641509435,0.464,834.1333333333334,,31.798579454421997,,210,8,256,457b0468ba5f023a4a9f38816dbca0899481d04d,False
complete,pendigits,pendigits__dyn__patch-su4__L32__lr0.01__bs32__seed0,results/runs/pendigits/pendigits__dyn__patch-su4__L32__lr0.01__bs32__seed0_seed0,pendigits,dyn,patch-su4,32,0,0.01,32,2000,True,plus,True,False,2.3189424677011607,0.10933333333333334,2.329830703792346,0.10777587192681533,0.12933333333333333,188.79999999999995,,464.6114959716797,,3360,8,256,457b0468ba5f023a4a9f38816dbca0899481d04d,False
complete,pendigits,pendigits__dyn__patch-su4__L32__lr0.01__bs32__seed10,results/runs/pendigits/pendigits__dyn__patch-su4__L32__lr0.01__bs32__seed10_seed10,pendigits,dyn,patch-su4,32,10,0.01,32,2000,True,plus,True,False,2.327452923555401,0.10933333333333334,2.3289622905042866,0.09605488850771869,0.11733333333333333,200.20000000000002,,467.14573860168457,,3360,8,256,457b0468ba5f023a4a9f38816dbca0899481d04d,False
complete,pendigits,pendigits__dyn__patch-su4__L32__lr0.01__bs32__seed11,results/runs/pendigits/pendigits__dyn__patch-su4__L32__lr0.01__bs32__seed11_seed11,pendigits,dyn,patch-su4,32,11,0.01,32,2000,True,plus,True,False,2.3270169690844402,0.09333333333333334,2.331973552059562,0.09691252144082332,0.112,187.46666666666667,,465.90749883651733,,3360,8,256,457b0468ba5f023a4a9f38816dbca0899481d04d,False
complete,pendigits,pendigits__dyn__patch-su4__L32__lr0.01__bs32__seed12,results/runs/pendigits/pendigits__dyn__patch-su4__L32__lr0.01__bs32__seed12_seed12,pendigits,dyn,patch-su4,32,12,0.01,32,2000,True,plus,True,False,2.328216274449847,0.09733333333333333,2.3331952119609247,0.09491137793024586,0.12533333333333332,192.86666666666667,,466.5584270954132,,3360,8,256,457b0468ba5f023a4a9f38816dbca0899481d04d,False
complete,pendigits,pendigits__dyn__patch-su4__L32__lr0.01__bs32__seed13,results/runs/pendigits/pendigits__dyn__patch-su4__L32__lr0.01__bs32__seed13_seed13,pendigits,dyn,patch-su4,32,13,0.01,32,2000,True,plus,True,False,2.3373540324895195,0.09733333333333333,2.33347746318666,0.10062893081761007,0.12133333333333333,186.53333333333333,,464.8225190639496,,3360,8,256,457b0468ba5f023a4a9f38816dbca0899481d04d,False
complete,pendigits,pendigits__dyn__patch-su4__L32__lr0.01__bs32__seed14,results/runs/pendigits/pendigits__dyn__patch-su4__L32__lr0.01__bs32__seed14_seed14,pendigits,dyn,patch-su4,32,14,0.01,32,2000,True,plus,True,False,2.3479560781094264,0.08266666666666667,2.323730014393723,0.10234419668381932,0.11733333333333333,178.86666666666667,,462.4008011817932,,3360,8,256,457b0468ba5f023a4a9f38816dbca0899481d04d,False
complete,pendigits,pendigits__dyn__patch-su4__L32__lr0.01__bs32__seed15,results/runs/pendigits/pendigits__dyn__patch-su4__L32__lr0.01__bs32__seed15_seed15,pendigits,dyn,patch-su4,32,15,0.01,32,2000,True,plus,True,False,2.3282510109849257,0.07466666666666667,2.3328396318261597,0.09491137793024586,0.12933333333333333,191.8,,467.5582699775696,,3360,8,256,457b0468ba5f023a4a9f38816dbca0899481d04d,False
complete,pendigits,pendigits__dyn__patch-su4__L32__lr0.01__bs32__seed16,results/runs/pendigits/pendigits__dyn__patch-su4__L32__lr0.01__bs32__seed16_seed16,pendigits,dyn,patch-su4,32,16,0.01,32,2000,True,plus,True,False,2.323884199889065,0.12666666666666668,2.3381306304083487,0.09977129788450544,0.12666666666666668,186.1333333333333,,466.8112151622772,,3360,8,256,457b0468ba5f023a4a9f38816dbca0899481d04d,False
complete,pendigits,pendigits__dyn__patch-su4__L32__lr0.01__bs32__seed17,results/runs/pendigits/pendigits__dyn__patch-su4__L32__lr0.01__bs32__seed17_seed17,pendigits,dyn,patch-su4,32,17,0.01,32,2000,True,plus,True,False,2.3323277754013563,0.1,2.3285385411545625,0.09462550028587764,0.11733333333333333,193.46666666666667,,462.1668484210968,,3360,8,256,457b0468ba5f023a4a9f38816dbca0899481d04d,False
complete,pendigits,pendigits__dyn__patch-su4__L32__lr0.01__bs32__seed18,results/runs/pendigits/pendigits__dyn__patch-su4__L32__lr0.01__bs32__seed18_seed18,pendigits,dyn,patch-su4,32,18,0.01,32,2000,True,plus,True,False,2.320124762578942,0.11333333333333333,2.321359520280001,0.10634648370497427,0.11466666666666667,182.8,,464.4604959487915,,3360,8,256,457b0468ba5f023a4a9f38816dbca0899481d04d,False
complete,pendigits,pendigits__dyn__patch-su4__L32__lr0.01__bs32__seed19,results/runs/pendigits/pendigits__dyn__patch-su4__L32__lr0.01__bs32__seed19_seed19,pendigits,dyn,patch-su4,32,19,0.01,32,2000,True,plus,True,False,2.3325484250810913,0.09866666666666667,2.3358775298550674,0.09605488850771869,0.12533333333333332,191.53333333333333,,467.65855884552,,3360,8,256,457b0468ba5f023a4a9f38816dbca0899481d04d,False
complete,pendigits,pendigits__dyn__patch-su4__L32__lr0.01__bs32__seed1,results/runs/pendigits/pendigits__dyn__patch-su4__L32__lr0.01__bs32__seed1_seed1,pendigits,dyn,patch-su4,32,1,0.01,32,2000,True,plus,True,False,2.33498149555022,0.11866666666666667,2.328286267353579,0.09834190966266437,0.124,198.2,,468.2753722667694,,3360,8,256,457b0468ba5f023a4a9f38816dbca0899481d04d,False
complete,pendigits,pendigits__dyn__patch-su4__L32__lr0.01__bs32__seed2,results/runs/pendigits/pendigits__dyn__patch-su4__L32__lr0.01__bs32__seed2_seed2,pendigits,dyn,patch-su4,32,2,0.01,32,2000,True,plus,True,False,2.324454419544524,0.10266666666666667,2.3304488301616533,0.099199542595769,0.112,188.0,,469.32278394699097,,3360,8,256,457b0468ba5f023a4a9f38816dbca0899481d04d,False
complete,pendigits,pendigits__dyn__patch-su4__L32__lr0.01__bs32__seed3,results/runs/pendigits/pendigits__dyn__patch-su4__L32__lr0.01__bs32__seed3_seed3,pendigits,dyn,patch-su4,32,3,0.01,32,2000,True,plus,True,False,2.318160990156527,0.096,2.3317001008329346,0.1043453401943968,0.12933333333333333,190.46666666666667,,465.83619952201843,,3360,8,256,457b0468ba5f023a4a9f38816dbca0899481d04d,False
complete,pendigits,pendigits__dyn__patch-su4__L32__lr0.01__bs32__seed4,results/runs/pendigits/pendigits__dyn__patch-su4__L32__lr0.01__bs32__seed4_seed4,pendigits,dyn,patch-su4,32,4,0.01,32,2000,True,plus,True,False,2.3160849932610286,0.116,2.3320251743311737,0.09491137793024586,0.12,191.26666666666665,,464.85799288749695,,3360,8,256,457b0468ba5f023a4a9f38816dbca0899481d04d,False
complete,pendigits,pendigits__dyn__patch-su4__L32__lr0.01__bs32__seed5,results/runs/pendigits/pendigits__dyn__patch-su4__L32__lr0.01__bs32__seed5_seed5,pendigits,dyn,patch-su4,32,5,0.01,32,2000,True,plus,True,False,2.3281220079504346,0.128,2.340414698925511,0.09462550028587764,0.128,190.33333333333331,,465.4330577850342,,3360,8,256,457b0468ba5f023a4a9f38816dbca0899481d04d,False
complete,pendigits,pendigits__dyn__patch-su4__L32__lr0.01__bs32__seed6,results/runs/pendigits/pendigits__dyn__patch-su4__L32__lr0.01__bs32__seed6_seed6,pendigits,dyn,patch-su4,32,6,0.01,32,2000,True,plus,True,False,2.3225924512869778,0.10133333333333333,2.335133534373997,0.10548885077186965,0.12933333333333333,186.40000000000003,,467.1112127304077,,3360,8,256,457b0468ba5f023a4a9f38816dbca0899481d04d,False
complete,pendigits,pendigits__dyn__patch-su4__L32__lr0.01__bs32__seed7,results/runs/pendigits/pendigits__dyn__patch-su4__L32__lr0.01__bs32__seed7_seed7,pendigits,dyn,patch-su4,32,7,0.01,32,2000,True,plus,True,False,2.316789138992292,0.108,2.333210639768419,0.10634648370497427,0.13066666666666665,188.26666666666665,,468.00308656692505,,3360,8,256,457b0468ba5f023a4a9f38816dbca0899481d04d,False
complete,pendigits,pendigits__dyn__patch-su4__L32__lr0.01__bs32__seed8,results/runs/pendigits/pendigits__dyn__patch-su4__L32__lr0.01__bs32__seed8_seed8,pendigits,dyn,patch-su4,32,8,0.01,32,2000,True,plus,True,False,2.336801680903582,0.096,2.3293716045653947,0.10062893081761007,0.13466666666666666,200.3333333333333,,464.86994099617004,,3360,8,256,457b0468ba5f023a4a9f38816dbca0899481d04d,False
complete,pendigits,pendigits__dyn__patch-su4__L32__lr0.01__bs32__seed9,results/runs/pendigits/pendigits__dyn__patch-su4__L32__lr0.01__bs32__seed9_seed9,pendigits,dyn,patch-su4,32,9,0.01,32,2000,True,plus,True,False,2.325019198501377,0.08666666666666667,2.325079470294638,0.09834190966266437,0.128,191.20000000000002,,463.51170086860657,,3360,8,256,457b0468ba5f023a4a9f38816dbca0899481d04d,False
complete,pendigits,pendigits__dyn__patch-su4__L4__lr0.01__bs32__seed0,results/runs/pendigits/pendigits__dyn__patch-su4__L4__lr0.01__bs32__seed0_seed0,pendigits,dyn,patch-su4,4,0,0.01,32,2000,True,plus,True,False,1.5397774616309594,0.5026666666666667,1.6149842795292548,0.47570040022870214,0.508,838.5333333333333,,56.48347520828247,,420,8,256,457b0468ba5f023a4a9f38816dbca0899481d04d,False
complete,pendigits,pendigits__dyn__patch-su4__L4__lr0.01__bs32__seed10,results/runs/pendigits/pendigits__dyn__patch-su4__L4__lr0.01__bs32__seed10_seed10,pendigits,dyn,patch-su4,4,10,0.01,32,2000,True,plus,True,False,1.6997018288608414,0.4746666666666667,1.727369886705438,0.4571183533447684,0.4746666666666667,812.8666666666667,,59.068037271499634,,420,8,256,457b0468ba5f023a4a9f38816dbca0899481d04d,False
complete,pendigits,pendigits__dyn__patch-su4__L4__lr0.01__bs32__seed11,results/runs/pendigits/pendigits__dyn__patch-su4__L4__lr0.01__bs32__seed11_seed11,pendigits,dyn,patch-su4,4,11,0.01,32,2000,True,plus,True,False,1.5247290365426356,0.5306666666666666,1.6092636066283779,0.489136649514008,0.5333333333333333,898.3333333333334,,57.058600187301636,,420,8,256,457b0468ba5f023a4a9f38816dbca0899481d04d,False
complete,pendigits,pendigits__dyn__patch-su4__L4__lr0.01__bs32__seed12,results/runs/pendigits/pendigits__dyn__patch-su4__L4__lr0.01__bs32__seed12_seed12,pendigits,dyn,patch-su4,4,12,0.01,32,2000,True,plus,True,False,1.5683502071387267,0.5106666666666667,1.5980079348961995,0.4762721555174385,0.536,871.4,,59.91797208786011,,420,8,256,457b0468ba5f023a4a9f38816dbca0899481d04d,False
complete,pendigits,pendigits__dyn__patch-su4__L4__lr0.01__bs32__seed13,results/runs/pendigits/pendigits__dyn__patch-su4__L4__lr0.01__bs32__seed13_seed13,pendigits,dyn,patch-su4,4,13,0.01,32,2000,True,plus,True,False,1.5403894306306483,0.5266666666666666,1.5570080839527536,0.5125786163522013,0.5266666666666666,882.9333333333333,,55.234832525253296,,420,8,256,457b0468ba5f023a4a9f38816dbca0899481d04d,False
complete,pendigits,pendigits__dyn__patch-su4__L4__lr0.01__bs32__seed14,results/runs/pendigits/pendigits__dyn__patch-su4__L4__lr0.01__bs32__seed14_seed14,pendigits,dyn,patch-su4,4,14,0.01,32,2000,True,plus,True,False,1.5296361374281808,0.5106666666666667,1.6001471924965478,0.4894225271583762,0.5253333333333333,891.8,,55.43402147293091,,420,8,256,457b0468ba5f023a4a9f38816dbca0899481d04d,False
complete,pendigits,pendigits__dyn__patch-su4__L4__lr0.01__bs32__seed15,results/runs/pendigits/pendigits__dyn__patch-su4__L4__lr0.01__bs32__seed15_seed15,pendigits,dyn,patch-su4,4,15,0.01,32,2000,True,plus,True,False,1.5545399249277252,0.5386666666666666,1.5859765660330942,0.5128644939965694,0.5386666666666666,819.0666666666667,,57.19705891609192,,420,8,256,457b0468ba5f023a4a9f38816dbca0899481d04d,False
complete,pendigits,pendigits__dyn__patch-su4__L4__lr0.01__bs32__seed16,results/runs/pendigits/pendigits__dyn__patch-su4__L4__lr0.01__bs32__seed16_seed16,pendigits,dyn,patch-su4,4,16,0.01,32,2000,True,plus,True,False,1.581562585297737,0.5013333333333333,1.5555502204164797,0.48313321898227557,0.5013333333333333,815.6,,57.902512311935425,,420,8,256,457b0468ba5f023a4a9f38816dbca0899481d04d,False
complete,pendigits,pendigits__dyn__patch-su4__L4__lr0.01__bs32__seed17,results/runs/pendigits/pendigits__dyn__patch-su4__L4__lr0.01__bs32__seed17_seed17,pendigits,dyn,patch-su4,4,17,0.01,32,2000,True,plus,True,False,1.502932706750615,0.5333333333333333,1.5406976902102993,0.5111492281303602,0.5426666666666666,910.1333333333331,,58.542003870010376,,420,8,256,457b0468ba5f023a4a9f38816dbca0899481d04d,False
complete,pendigits,pendigits__dyn__patch-su4__L4__lr0.01__bs32__seed18,results/runs/pendigits/pendigits__dyn__patch-su4__L4__lr0.01__bs32__seed18_seed18,pendigits,dyn,patch-su4,4,18,0.01,32,2000,True,plus,True,False,1.5983229563698806,0.48133333333333334,1.608610715123776,0.49599771297884504,0.5093333333333333,825.8000000000001,,58.87880253791809,,420,8,256,457b0468ba5f023a4a9f38816dbca0899481d04d,False
complete,pendigits,pendigits__dyn__patch-su4__L4__lr0.01__bs32__seed19,results/runs/pendigits/pendigits__dyn__patch-su4__L4__lr0.01__bs32__seed19_seed19,pendigits,dyn,patch-su4,4,19,0.01,32,2000,True,plus,True,False,1.5913202565079643,0.516,1.6127663108009958,0.49885648942252714,0.524,894.4,,55.69706201553345,,420,8,256,457b0468ba5f023a4a9f38816dbca0899481d04d,False
complete,pendigits,pendigits__dyn__patch-su4__L4__lr0.01__bs32__seed1,results/runs/pendigits/pendigits__dyn__patch-su4__L4__lr0.01__bs32__seed1_seed1,pendigits,dyn,patch-su4,4,1,0.01,32,2000,True,plus,True,False,1.5411337659736266,0.49466666666666664,1.5973797450500276,0.467409948542024,0.5026666666666667,872.7333333333335,,55.30536508560181,,420,8,256,457b0468ba5f023a4a9f38816dbca0899481d04d,False
complete,pendigits,pendigits__dyn__patch-su4__L4__lr0.01__bs32__seed2,results/runs/pendigits/pendigits__dyn__patch-su4__L4__lr0.01__bs32__seed2_seed2,pendigits,dyn,patch-su4,4,2,0.01,32,2000,True,plus,True,False,1.562071329535564,0.49733333333333335,1.6722442591707916,0.4399656946826758,0.5026666666666667,838.5333333333333,,57.856212854385376,,420,8,256,457b0468ba5f023a4a9f38816dbca0899481d04d,False
complete,pendigits,pendigits__dyn__patch-su4__L4__lr0.01__bs32__seed3,results/runs/pendigits/pendigits__dyn__patch-su4__L4__lr0.01__bs32__seed3_seed3,pendigits,dyn,patch-su4,4,3,0.01,32,2000,True,plus,True,False,1.5480424114931721,0.49866666666666665,1.5785118888882446,0.4985706117781589,0.5093333333333333,844.8666666666664,,55.78806281089783,,420,8,256,457b0468ba5f023a4a9f38816dbca0899481d04d,False
complete,pendigits,pendigits__dyn__patch-su4__L4__lr0.01__bs32__seed4,results/runs/pendigits/pendigits__dyn__patch-su4__L4__lr0.01__bs32__seed4_seed4,pendigits,dyn,patch-su4,4,4,0.01,32,2000,True,plus,True,False,1.4626129943137782,0.5266666666666666,1.5694456921752886,0.4882790165809034,0.5573333333333333,863.1333333333332,,59.43544292449951,,420,8,256,457b0468ba5f023a4a9f38816dbca0899481d04d,False
complete,pendigits,pendigits__dyn__patch-su4__L4__lr0.01__bs32__seed5,results/runs/pendigits/pendigits__dyn__patch-su4__L4__lr0.01__bs32__seed5_seed5,pendigits,dyn,patch-su4,4,5,0.01,32,2000,True,plus,True,False,1.5042494420354002,0.5053333333333333,1.5947958674028984,0.49514008004574045,0.54,900.1333333333332,,59.94689917564392,,420,8,256,457b0468ba5f023a4a9f38816dbca0899481d04d,False
complete,pendigits,pendigits__dyn__patch-su4__L4__lr0.01__bs32__seed6,results/runs/pendigits/pendigits__dyn__patch-su4__L4__lr0.01__bs32__seed6_seed6,pendigits,dyn,patch-su4,4,6,0.01,32,2000,True,plus,True,False,1.599763348445295,0.5053333333333333,1.6514111824591797,0.4716981132075472,0.5053333333333333,866.8666666666667,,58.131505250930786,,420,8,256,457b0468ba5f023a4a9f38816dbca0899481d04d,False
complete,pendigits,pendigits__dyn__patch-su4__L4__lr0.01__bs32__seed7,results/runs/pendigits/pendigits__dyn__patch-su4__L4__lr0.01__bs32__seed7_seed7,pendigits,dyn,patch-su4,4,7,0.01,32,2000,True,plus,True,False,1.6909064322380152,0.452,1.6558849980987826,0.47998856489422526,0.47733333333333333,814.5333333333334,,57.474422216415405,,420,8,256,457b0468ba5f023a4a9f38816dbca0899481d04d,False
complete,pendigits,pendigits__dyn__patch-su4__L4__lr0.01__bs32__seed8,results/runs/pendigits/pendigits__dyn__patch-su4__L4__lr0.01__bs32__seed8_seed8,pendigits,dyn,patch-su4,4,8,0.01,32,2000,True,plus,True,False,1.5787325089169948,0.488,1.560130668314283,0.5008576329331046,0.504,838.6666666666667,,58.86556077003479,,420,8,256,457b0468ba5f023a4a9f38816dbca0899481d04d,False
complete,pendigits,pendigits__dyn__patch-su4__L4__lr0.01__bs32__seed9,results/runs/pendigits/pendigits__dyn__patch-su4__L4__lr0.01__bs32__seed9_seed9,pendigits,dyn,patch-su4,4,9,0.01,32,2000,True,plus,True,False,1.5396026707931005,0.5026666666666667,1.6139412916374725,0.4765580331618067,0.5026666666666667,880.0,,57.88520097732544,,420,8,256,457b0468ba5f023a4a9f38816dbca0899481d04d,False
complete,pendigits,pendigits__dyn__patch-su4__L8__lr0.01__bs32__seed0,results/runs/pendigits/pendigits__dyn__patch-su4__L8__lr0.01__bs32__seed0_seed0,pendigits,dyn,patch-su4,8,0,0.01,32,2000,True,plus,True,False,1.7713063289795195,0.432,1.8182490909981996,0.417095483133219,0.4533333333333333,684.9333333333333,,107.72847294807434,,840,8,256,457b0468ba5f023a4a9f38816dbca0899481d04d,False
complete,pendigits,pendigits__dyn__patch-su4__L8__lr0.01__bs32__seed10,results/runs/pendigits/pendigits__dyn__patch-su4__L8__lr0.01__bs32__seed10_seed10,pendigits,dyn,patch-su4,8,10,0.01,32,2000,True,plus,True,False,1.716048013884288,0.4786666666666667,1.7208536734594533,0.46083476272155516,0.4786666666666667,722.8666666666666,,109.66586661338806,,840,8,256,457b0468ba5f023a4a9f38816dbca0899481d04d,False
complete,pendigits,pendigits__dyn__patch-su4__L8__lr0.01__bs32__seed11,results/runs/pendigits/pendigits__dyn__patch-su4__L8__lr0.01__bs32__seed11_seed11,pendigits,dyn,patch-su4,8,11,0.01,32,2000,True,plus,True,False,1.792733515546928,0.404,1.836835978228752,0.41852487135506006,0.43333333333333335,687.0,,107.89637184143066,,840,8,256,457b0468ba5f023a4a9f38816dbca0899481d04d,False
complete,pendigits,pendigits__dyn__patch-su4__L8__lr0.01__bs32__seed12,results/runs/pendigits/pendigits__dyn__patch-su4__L8__lr0.01__bs32__seed12_seed12,pendigits,dyn,patch-su4,8,12,0.01,32,2000,True,plus,True,False,1.7680601877019513,0.432,1.8279452079153282,0.42538593481989706,0.432,693.8,,108.19333171844482,,840,8,256,457b0468ba5f023a4a9f38816dbca0899481d04d,False
complete,pendigits,pendigits__dyn__patch-su4__L8__lr0.01__bs32__seed13,results/runs/pendigits/pendigits__dyn__patch-su4__L8__lr0.01__bs32__seed13_seed13,pendigits,dyn,patch-su4,8,13,0.01,32,2000,True,plus,True,False,1.7506431145554804,0.444,1.8367830197940167,0.42252715837621496,0.476,783.3333333333333,,106.8451783657074,,840,8,256,457b0468ba5f023a4a9f38816dbca0899481d04d,False
complete,pendigits,pendigits__dyn__patch-su4__L8__lr0.01__bs32__seed14,results/runs/pendigits/pendigits__dyn__patch-su4__L8__lr0.01__bs32__seed14_seed14,pendigits,dyn,patch-su4,8,14,0.01,32,2000,True,plus,True,False,1.821555227678422,0.424,1.8636912224273496,0.4102344196683819,0.424,690.2666666666668,,109.70373344421387,,840,8,256,457b0468ba5f023a4a9f38816dbca0899481d04d,False
complete,pendigits,pendigits__dyn__patch-su4__L8__lr0.01__bs32__seed15,results/runs/pendigits/pendigits__dyn__patch-su4__L8__lr0.01__bs32__seed15_seed15,pendigits,dyn,patch-su4,8,15,0.01,32,2000,True,plus,True,False,1.8375460706855904,0.376,1.9237740899137648,0.3716409376786735,0.408,645.9999999999998,,106.2661337852478,,840,8,256,457b0468ba5f023a4a9f38816dbca0899481d04d,False
complete,pendigits,pendigits__dyn__patch-su4__L8__lr0.01__bs32__seed16,results/runs/pendigits/pendigits__dyn__patch-su4__L8__lr0.01__bs32__seed16_seed16,pendigits,dyn,patch-su4,8,16,0.01,32,2000,True,plus,True,False,1.7342936637078528,0.452,1.7833442001802802,0.45197255574614065,0.48133333333333334,686.2,,109.59262251853943,,840,8,256,457b0468ba5f023a4a9f38816dbca0899481d04d,False
complete,pendigits,pendigits__dyn__patch-su4__L8__lr0.01__bs32__seed17,results/runs/pendigits/pendigits__dyn__patch-su4__L8__lr0.01__bs32__seed17_seed17,pendigits,dyn,patch-su4,8,17,0.01,32,2000,True,plus,True,False,1.8068482500633807,0.44,1.8688141946219625,0.4039451114922813,0.44,671.6666666666666,,106.21044898033142,,840,8,256,457b0468ba5f023a4a9f38816dbca0899481d04d,False
complete,pendigits,pendigits__dyn__patch-su4__L8__lr0.01__bs32__seed18,results/runs/pendigits/pendigits__dyn__patch-su4__L8__lr0.01__bs32__seed18_seed18,pendigits,dyn,patch-su4,8,18,0.01,32,2000,True,plus,True,False,1.7668063564885221,0.4146666666666667,1.8689026358564031,0.4028016009148085,0.42133333333333334,685.2,,107.23863101005554,,840,8,256,457b0468ba5f023a4a9f38816dbca0899481d04d,False
complete,pendigits,pendigits__dyn__patch-su4__L8__lr0.01__bs32__seed19,results/runs/pendigits/pendigits__dyn__patch-su4__L8__lr0.01__bs32__seed19_seed19,pendigits,dyn,patch-su4,8,19,0.01,32,2000,True,plus,True,False,1.8027659742732485,0.42133333333333334,1.8446775231440478,0.4099485420240137,0.432,699.0666666666667,,109.62887811660767,,840,8,256,457b0468ba5f023a4a9f38816dbca0899481d04d,False
complete,pendigits,pendigits__dyn__patch-su4__L8__lr0.01__bs32__seed1,results/runs/pendigits/pendigits__dyn__patch-su4__L8__lr0.01__bs32__seed1_seed1,pendigits,dyn,patch-su4,8,1,0.01,32,2000,True,plus,True,False,1.7435817902515534,0.436,1.8130946062751596,0.41966838193253286,0.4693333333333333,711.4000000000001,,107.57044529914856,,840,8,256,457b0468ba5f023a4a9f38816dbca0899481d04d,False
complete,pendigits,pendigits__dyn__patch-su4__L8__lr0.01__bs32__seed2,results/runs/pendigits/pendigits__dyn__patch-su4__L8__lr0.01__bs32__seed2_seed2,pendigits,dyn,patch-su4,8,2,0.01,32,2000,True,plus,True,False,1.838028160659889,0.396,1.905518650441685,0.3876500857632933,0.4266666666666667,660.2,,107.23798370361328,,840,8,256,457b0468ba5f023a4a9f38816dbca0899481d04d,False
complete,pendigits,pendigits__dyn__patch-su4__L8__lr0.01__bs32__seed3,results/runs/pendigits/pendigits__dyn__patch-su4__L8__lr0.01__bs32__seed3_seed3,pendigits,dyn,patch-su4,8,3,0.01,32,2000,True,plus,True,False,1.8147960757015613,0.392,1.851643256378059,0.4208118925100057,0.436,672.3333333333334,,108.31530928611755,,840,8,256,457b0468ba5f023a4a9f38816dbca0899481d04d,False
complete,pendigits,pendigits__dyn__patch-su4__L8__lr0.01__bs32__seed4,results/runs/pendigits/pendigits__dyn__patch-su4__L8__lr0.01__bs32__seed4_seed4,pendigits,dyn,patch-su4,8,4,0.01,32,2000,True,plus,True,False,1.8390884263805598,0.416,1.856019758999911,0.4142367066895369,0.428,681.9333333333334,,109.03951835632324,,840,8,256,457b0468ba5f023a4a9f38816dbca0899481d04d,False
complete,pendigits,pendigits__dyn__patch-su4__L8__lr0.01__bs32__seed5,results/runs/pendigits/pendigits__dyn__patch-su4__L8__lr0.01__bs32__seed5_seed5,pendigits,dyn,patch-su4,8,5,0.01,32,2000,True,plus,True,False,1.781646081362226,0.44133333333333336,1.816348640837048,0.4262435677530017,0.44133333333333336,693.7999999999998,,105.36472964286804,,840,8,256,457b0468ba5f023a4a9f38816dbca0899481d04d,False
complete,pendigits,pendigits__dyn__patch-su4__L8__lr0.01__bs32__seed6,results/runs/pendigits/pendigits__dyn__patch-su4__L8__lr0.01__bs32__seed6_seed6,pendigits,dyn,patch-su4,8,6,0.01,32,2000,True,plus,True,False,1.8732720841809394,0.4186666666666667,1.8828441749646592,0.39136649514008004,0.44533333333333336,663.2666666666668,,107.26098656654358,,840,8,256,457b0468ba5f023a4a9f38816dbca0899481d04d,False
complete,pendigits,pendigits__dyn__patch-su4__L8__lr0.01__bs32__seed7,results/runs/pendigits/pendigits__dyn__patch-su4__L8__lr0.01__bs32__seed7_seed7,pendigits,dyn,patch-su4,8,7,0.01,32,2000,True,plus,True,False,1.663827627111746,0.48933333333333334,1.779042927500519,0.4542595769010863,0.48933333333333334,753.0666666666667,,106.6429991722107,,840,8,256,457b0468ba5f023a4a9f38816dbca0899481d04d,False
complete,pendigits,pendigits__dyn__patch-su4__L8__lr0.01__bs32__seed8,results/runs/pendigits/pendigits__dyn__patch-su4__L8__lr0.01__bs32__seed8_seed8,pendigits,dyn,patch-su4,8,8,0.01,32,2000,True,plus,True,False,1.7406922338448851,0.424,1.8030569399983507,0.4233847913093196,0.44133333333333336,684.7333333333332,,106.81659460067749,,840,8,256,457b0468ba5f023a4a9f38816dbca0899481d04d,False
complete,pendigits,pendigits__dyn__patch-su4__L8__lr0.01__bs32__seed9,results/runs/pendigits/pendigits__dyn__patch-su4__L8__lr0.01__bs32__seed9_seed9,pendigits,dyn,patch-su4,8,9,0.01,32,2000,True,plus,True,False,1.8277780898166718,0.44533333333333336,1.8362663570482223,0.411663807890223,0.44533333333333336,724.3333333333333,,109.5429744720459,,840,8,256,457b0468ba5f023a4a9f38816dbca0899481d04d,False
complete,pendigits,pendigits__dyn__symmetric-hamiltonian__L16__lr0.01__bs32__seed0,results/runs/pendigits/pendigits__dyn__symmetric-hamiltonian__L16__lr0.01__bs32__seed0_seed0,pendigits,dyn,symmetric-hamiltonian,16,0,0.01,32,2000,True,plus,True,False,0.3654579476446929,0.9533333333333334,0.4407790788189123,0.9162378502001144,0.956,1747.8000000000002,,98.53933644294739,,736,4,16,457b0468ba5f023a4a9f38816dbca0899481d04d,False
complete,pendigits,pendigits__dyn__symmetric-hamiltonian__L16__lr0.01__bs32__seed10,results/runs/pendigits/pendigits__dyn__symmetric-hamiltonian__L16__lr0.01__bs32__seed10_seed10,pendigits,dyn,symmetric-hamiltonian,16,10,0.01,32,2000,True,plus,True,False,1.276993357559177,0.668,1.2973748136845202,0.6832475700400229,0.964,1742.1333333333337,,95.18343162536621,,736,4,16,457b0468ba5f023a4a9f38816dbca0899481d04d,False
complete,pendigits,pendigits__dyn__symmetric-hamiltonian__L16__lr0.01__bs32__seed11,results/runs/pendigits/pendigits__dyn__symmetric-hamiltonian__L16__lr0.01__bs32__seed11_seed11,pendigits,dyn,symmetric-hamiltonian,16,11,0.01,32,2000,True,plus,True,False,0.34871694772631745,0.9586666666666667,0.4202353632694546,0.9168096054888508,0.9613333333333334,1754.7333333333336,,98.352952003479,,736,4,16,457b0468ba5f023a4a9f38816dbca0899481d04d,False
complete,pendigits,pendigits__dyn__symmetric-hamiltonian__L16__lr0.01__bs32__seed12,results/runs/pendigits/pendigits__dyn__symmetric-hamiltonian__L16__lr0.01__bs32__seed12_seed12,pendigits,dyn,symmetric-hamiltonian,16,12,0.01,32,2000,True,plus,True,False,0.3413093069506085,0.96,0.41030565765484067,0.9199542595769011,0.96,1738.7999999999997,,94.89169144630432,,736,4,16,457b0468ba5f023a4a9f38816dbca0899481d04d,False
complete,pendigits,pendigits__dyn__symmetric-hamiltonian__L16__lr0.01__bs32__seed13,results/runs/pendigits/pendigits__dyn__symmetric-hamiltonian__L16__lr0.01__bs32__seed13_seed13,pendigits,dyn,symmetric-hamiltonian,16,13,0.01,32,2000,True,plus,True,False,0.6954586801463832,0.8733333333333333,0.7922271464259878,0.8361921097770154,0.952,1752.3333333333333,,96.43729591369629,,736,4,16,457b0468ba5f023a4a9f38816dbca0899481d04d,False
complete,pendigits,pendigits__dyn__symmetric-hamiltonian__L16__lr0.01__bs32__seed14,results/runs/pendigits/pendigits__dyn__symmetric-hamiltonian__L16__lr0.01__bs32__seed14_seed14,pendigits,dyn,symmetric-hamiltonian,16,14,0.01,32,2000,True,plus,True,False,0.3763570552547599,0.9386666666666666,0.4579582102173917,0.9136649514008005,0.9533333333333334,1742.2,,96.21928811073303,,736,4,16,457b0468ba5f023a4a9f38816dbca0899481d04d,False
complete,pendigits,pendigits__dyn__symmetric-hamiltonian__L16__lr0.01__bs32__seed15,results/runs/pendigits/pendigits__dyn__symmetric-hamiltonian__L16__lr0.01__bs32__seed15_seed15,pendigits,dyn,symmetric-hamiltonian,16,15,0.01,32,2000,True,plus,True,False,0.356200750442924,0.9573333333333334,0.42901570565045716,0.9202401372212693,0.9653333333333334,1762.6666666666667,,93.56431794166565,,736,4,16,457b0468ba5f023a4a9f38816dbca0899481d04d,False
complete,pendigits,pendigits__dyn__symmetric-hamiltonian__L16__lr0.01__bs32__seed16,results/runs/pendigits/pendigits__dyn__symmetric-hamiltonian__L16__lr0.01__bs32__seed16_seed16,pendigits,dyn,symmetric-hamiltonian,16,16,0.01,32,2000,True,plus,True,False,0.4637167420509465,0.924,0.5213948427613243,0.9085191538021726,0.9533333333333334,1730.3333333333335,,96.7106761932373,,736,4,16,457b0468ba5f023a4a9f38816dbca0899481d04d,False
complete,pendigits,pendigits__dyn__symmetric-hamiltonian__L16__lr0.01__bs32__seed17,results/runs/pendigits/pendigits__dyn__symmetric-hamiltonian__L16__lr0.01__bs32__seed17_seed17,pendigits,dyn,symmetric-hamiltonian,16,17,0.01,32,2000,True,plus,True,False,0.3597442202206964,0.948,0.425279222037949,0.9116638078902229,0.948,1657.3333333333335,,96.60995531082153,,736,4,16,457b0468ba5f023a4a9f38816dbca0899481d04d,False
complete,pendigits,pendigits__dyn__symmetric-hamiltonian__L16__lr0.01__bs32__seed18,results/runs/pendigits/pendigits__dyn__symmetric-hamiltonian__L16__lr0.01__bs32__seed18_seed18,pendigits,dyn,symmetric-hamiltonian,16,18,0.01,32,2000,True,plus,True,False,0.3600230655770525,0.9573333333333334,0.43954345795032523,0.9196683819325329,0.9573333333333334,1764.3999999999999,,97.85954332351685,,736,4,16,457b0468ba5f023a4a9f38816dbca0899481d04d,False
complete,pendigits,pendigits__dyn__symmetric-hamiltonian__L16__lr0.01__bs32__seed19,results/runs/pendigits/pendigits__dyn__symmetric-hamiltonian__L16__lr0.01__bs32__seed19_seed19,pendigits,dyn,symmetric-hamiltonian,16,19,0.01,32,2000,True,plus,True,False,0.40916130318474797,0.9306666666666666,0.46759554406788756,0.9188107489994283,0.9573333333333334,1758.066666666667,,94.35833358764648,,736,4,16,457b0468ba5f023a4a9f38816dbca0899481d04d,False
complete,pendigits,pendigits__dyn__symmetric-hamiltonian__L16__lr0.01__bs32__seed1,results/runs/pendigits/pendigits__dyn__symmetric-hamiltonian__L16__lr0.01__bs32__seed1_seed1,pendigits,dyn,symmetric-hamiltonian,16,1,0.01,32,2000,True,plus,True,False,0.38158579606903503,0.9506666666666667,0.4581118103092665,0.9202401372212693,0.9533333333333334,1728.8666666666666,,96.7885901927948,,736,4,16,457b0468ba5f023a4a9f38816dbca0899481d04d,False
complete,pendigits,pendigits__dyn__symmetric-hamiltonian__L16__lr0.01__bs32__seed2,results/runs/pendigits/pendigits__dyn__symmetric-hamiltonian__L16__lr0.01__bs32__seed2_seed2,pendigits,dyn,symmetric-hamiltonian,16,2,0.01,32,2000,True,plus,True,False,0.36211732370835603,0.9506666666666667,0.4284002301317986,0.9145225843339051,0.956,1740.2666666666667,,95.53112006187439,,736,4,16,457b0468ba5f023a4a9f38816dbca0899481d04d,False
complete,pendigits,pendigits__dyn__symmetric-hamiltonian__L16__lr0.01__bs32__seed3,results/runs/pendigits/pendigits__dyn__symmetric-hamiltonian__L16__lr0.01__bs32__seed3_seed3,pendigits,dyn,symmetric-hamiltonian,16,3,0.01,32,2000,True,plus,True,False,0.3213226502978723,0.9613333333333334,0.3631901632590407,0.9331046312178388,0.964,1760.6666666666665,,93.42549777030945,,736,4,16,457b0468ba5f023a4a9f38816dbca0899481d04d,False
complete,pendigits,pendigits__dyn__symmetric-hamiltonian__L16__lr0.01__bs32__seed4,results/runs/pendigits/pendigits__dyn__symmetric-hamiltonian__L16__lr0.01__bs32__seed4_seed4,pendigits,dyn,symmetric-hamiltonian,16,4,0.01,32,2000,True,plus,True,False,0.3417366907452276,0.9546666666666667,0.3832228996954722,0.9299599771297884,0.9546666666666667,1752.2666666666667,,97.3587908744812,,736,4,16,457b0468ba5f023a4a9f38816dbca0899481d04d,False
complete,pendigits,pendigits__dyn__symmetric-hamiltonian__L16__lr0.01__bs32__seed5,results/runs/pendigits/pendigits__dyn__symmetric-hamiltonian__L16__lr0.01__bs32__seed5_seed5,pendigits,dyn,symmetric-hamiltonian,16,5,0.01,32,2000,True,plus,True,False,0.34823204806274466,0.952,0.4420193526266349,0.9196683819325329,0.956,1758.6000000000001,,96.39163398742676,,736,4,16,457b0468ba5f023a4a9f38816dbca0899481d04d,False
complete,pendigits,pendigits__dyn__symmetric-hamiltonian__L16__lr0.01__bs32__seed6,results/runs/pendigits/pendigits__dyn__symmetric-hamiltonian__L16__lr0.01__bs32__seed6_seed6,pendigits,dyn,symmetric-hamiltonian,16,6,0.01,32,2000,True,plus,True,False,0.3113207155310041,0.9653333333333334,0.3828676967679539,0.9436821040594625,0.9653333333333334,1743.4,,95.60802102088928,,736,4,16,457b0468ba5f023a4a9f38816dbca0899481d04d,False
complete,pendigits,pendigits__dyn__symmetric-hamiltonian__L16__lr0.01__bs32__seed7,results/runs/pendigits/pendigits__dyn__symmetric-hamiltonian__L16__lr0.01__bs32__seed7_seed7,pendigits,dyn,symmetric-hamiltonian,16,7,0.01,32,2000,True,plus,True,False,0.3458713363437269,0.9586666666666667,0.4171181301869733,0.9179531160663236,0.9586666666666667,1722.7333333333333,,96.7073392868042,,736,4,16,457b0468ba5f023a4a9f38816dbca0899481d04d,False
complete,pendigits,pendigits__dyn__symmetric-hamiltonian__L16__lr0.01__bs32__seed8,results/runs/pendigits/pendigits__dyn__symmetric-hamiltonian__L16__lr0.01__bs32__seed8_seed8,pendigits,dyn,symmetric-hamiltonian,16,8,0.01,32,2000,True,plus,True,False,0.33420465183902415,0.9586666666666667,0.39220069391830403,0.9293882218410521,0.9706666666666667,1757.8666666666666,,94.48217225074768,,736,4,16,457b0468ba5f023a4a9f38816dbca0899481d04d,False
complete,pendigits,pendigits__dyn__symmetric-hamiltonian__L16__lr0.01__bs32__seed9,results/runs/pendigits/pendigits__dyn__symmetric-hamiltonian__L16__lr0.01__bs32__seed9_seed9,pendigits,dyn,symmetric-hamiltonian,16,9,0.01,32,2000,True,plus,True,False,0.3965412776101266,0.9533333333333334,0.473415114465719,0.9216695254431103,0.9573333333333334,1687.5999999999997,,96.81913423538208,,736,4,16,457b0468ba5f023a4a9f38816dbca0899481d04d,False
complete,pendigits,pendigits__dyn__symmetric-hamiltonian__L1__lr0.01__bs32__seed0,results/runs/pendigits/pendigits__dyn__symmetric-hamiltonian__L1__lr0.01__bs32__seed0_seed0,pendigits,dyn,symmetric-hamiltonian,1,0,0.01,32,2000,True,plus,True,False,1.5230938043340818,0.608,1.5102295670449895,0.5857632933104632,0.608,1053.2666666666669,,15.236170053482056,,46,4,16,457b0468ba5f023a4a9f38816dbca0899481d04d,False
complete,pendigits,pendigits__dyn__symmetric-hamiltonian__L1__lr0.01__bs32__seed10,results/runs/pendigits/pendigits__dyn__symmetric-hamiltonian__L1__lr0.01__bs32__seed10_seed10,pendigits,dyn,symmetric-hamiltonian,1,10,0.01,32,2000,True,plus,True,False,1.525639071140006,0.5453333333333333,1.518443978763022,0.5471698113207547,0.5626666666666666,941.5333333333334,,15.122699737548828,,46,4,16,457b0468ba5f023a4a9f38816dbca0899481d04d,False
complete,pendigits,pendigits__dyn__symmetric-hamiltonian__L1__lr0.01__bs32__seed11,results/runs/pendigits/pendigits__dyn__symmetric-hamiltonian__L1__lr0.01__bs32__seed11_seed11,pendigits,dyn,symmetric-hamiltonian,1,11,0.01,32,2000,True,plus,True,False,1.51408005445067,0.54,1.484045791786826,0.551743853630646,0.5586666666666666,954.4,,14.885449171066284,,46,4,16,457b0468ba5f023a4a9f38816dbca0899481d04d,False
complete,pendigits,pendigits__dyn__symmetric-hamiltonian__L1__lr0.01__bs32__seed12,results/runs/pendigits/pendigits__dyn__symmetric-hamiltonian__L1__lr0.01__bs32__seed12_seed12,pendigits,dyn,symmetric-hamiltonian,1,12,0.01,32,2000,True,plus,True,False,1.5507769343596745,0.54,1.5449695090896658,0.5328759291023442,0.6053333333333333,1067.6,,14.98696494102478,,46,4,16,457b0468ba5f023a4a9f38816dbca0899481d04d,False
complete,pendigits,pendigits__dyn__symmetric-hamiltonian__L1__lr0.01__bs32__seed13,results/runs/pendigits/pendigits__dyn__symmetric-hamiltonian__L1__lr0.01__bs32__seed13_seed13,pendigits,dyn,symmetric-hamiltonian,1,13,0.01,32,2000,True,plus,True,False,1.523805265494478,0.516,1.5090830626979872,0.5274442538593482,0.5826666666666667,994.1999999999999,,15.97234034538269,,46,4,16,457b0468ba5f023a4a9f38816dbca0899481d04d,False
complete,pendigits,pendigits__dyn__symmetric-hamiltonian__L1__lr0.01__bs32__seed14,results/runs/pendigits/pendigits__dyn__symmetric-hamiltonian__L1__lr0.01__bs32__seed14_seed14,pendigits,dyn,symmetric-hamiltonian,1,14,0.01,32,2000,True,plus,True,False,1.5277490172132036,0.5093333333333333,1.5074509810015464,0.5314465408805031,0.5866666666666667,945.1333333333333,,16.795368194580078,,46,4,16,457b0468ba5f023a4a9f38816dbca0899481d04d,False
complete,pendigits,pendigits__dyn__symmetric-hamiltonian__L1__lr0.01__bs32__seed15,results/runs/pendigits/pendigits__dyn__symmetric-hamiltonian__L1__lr0.01__bs32__seed15_seed15,pendigits,dyn,symmetric-hamiltonian,1,15,0.01,32,2000,True,plus,True,False,1.5245044648366022,0.5453333333333333,1.4908644929817556,0.5537449971412236,0.5906666666666667,975.9333333333332,,15.317137718200684,,46,4,16,457b0468ba5f023a4a9f38816dbca0899481d04d,False
complete,pendigits,pendigits__dyn__symmetric-hamiltonian__L1__lr0.01__bs32__seed16,results/runs/pendigits/pendigits__dyn__symmetric-hamiltonian__L1__lr0.01__bs32__seed16_seed16,pendigits,dyn,symmetric-hamiltonian,1,16,0.01,32,2000,True,plus,True,False,1.5472425500797642,0.5973333333333334,1.5280381821278852,0.5617495711835334,0.6026666666666667,1054.6,,15.262584209442139,,46,4,16,457b0468ba5f023a4a9f38816dbca0899481d04d,False
complete,pendigits,pendigits__dyn__symmetric-hamiltonian__L1__lr0.01__bs32__seed17,results/runs/pendigits/pendigits__dyn__symmetric-hamiltonian__L1__lr0.01__bs32__seed17_seed17,pendigits,dyn,symmetric-hamiltonian,1,17,0.01,32,2000,True,plus,True,False,1.5316269869619081,0.592,1.521094130670927,0.5789022298456261,0.592,1040.1333333333337,,15.203470945358276,,46,4,16,457b0468ba5f023a4a9f38816dbca0899481d04d,False
complete,pendigits,pendigits__dyn__symmetric-hamiltonian__L1__lr0.01__bs32__seed18,results/runs/pendigits/pendigits__dyn__symmetric-hamiltonian__L1__lr0.01__bs32__seed18_seed18,pendigits,dyn,symmetric-hamiltonian,1,18,0.01,32,2000,True,plus,True,False,1.5073580307964152,0.5506666666666666,1.488925035860906,0.5414522584333905,0.5973333333333334,1006.8666666666667,,15.126414775848389,,46,4,16,457b0468ba5f023a4a9f38816dbca0899481d04d,False
complete,pendigits,pendigits__dyn__symmetric-hamiltonian__L1__lr0.01__bs32__seed19,results/runs/pendigits/pendigits__dyn__symmetric-hamiltonian__L1__lr0.01__bs32__seed19_seed19,pendigits,dyn,symmetric-hamiltonian,1,19,0.01,32,2000,True,plus,True,False,1.5276124137082028,0.5773333333333334,1.5161347223127046,0.5463121783876501,0.5933333333333334,975.0,,16.583881378173828,,46,4,16,457b0468ba5f023a4a9f38816dbca0899481d04d,False
complete,pendigits,pendigits__dyn__symmetric-hamiltonian__L1__lr0.01__bs32__seed1,results/runs/pendigits/pendigits__dyn__symmetric-hamiltonian__L1__lr0.01__bs32__seed1_seed1,pendigits,dyn,symmetric-hamiltonian,1,1,0.01,32,2000,True,plus,True,False,1.5792543251864166,0.5533333333333333,1.6010826638286604,0.5037164093767867,0.5533333333333333,959.8,,15.281319379806519,,46,4,16,457b0468ba5f023a4a9f38816dbca0899481d04d,False
complete,pendigits,pendigits__dyn__symmetric-hamiltonian__L1__lr0.01__bs32__seed2,results/runs/pendigits/pendigits__dyn__symmetric-hamiltonian__L1__lr0.01__bs32__seed2_seed2,pendigits,dyn,symmetric-hamiltonian,1,2,0.01,32,2000,True,plus,True,False,1.5203824454975488,0.5733333333333334,1.5099683371559596,0.548885077186964,0.6,971.3999999999999,,16.336766481399536,,46,4,16,457b0468ba5f023a4a9f38816dbca0899481d04d,False
complete,pendigits,pendigits__dyn__symmetric-hamiltonian__L1__lr0.01__bs32__seed3,results/runs/pendigits/pendigits__dyn__symmetric-hamiltonian__L1__lr0.01__bs32__seed3_seed3,pendigits,dyn,symmetric-hamiltonian,1,3,0.01,32,2000,True,plus,True,False,1.5844482727322426,0.5,1.559623711152785,0.5031446540880503,0.5933333333333334,977.0,,15.34390377998352,,46,4,16,457b0468ba5f023a4a9f38816dbca0899481d04d,False
complete,pendigits,pendigits__dyn__symmetric-hamiltonian__L1__lr0.01__bs32__seed4,results/runs/pendigits/pendigits__dyn__symmetric-hamiltonian__L1__lr0.01__bs32__seed4_seed4,pendigits,dyn,symmetric-hamiltonian,1,4,0.01,32,2000,True,plus,True,False,1.5190429730570907,0.56,1.4910065527315501,0.5591766723842195,0.5906666666666667,990.2666666666668,,16.261199474334717,,46,4,16,457b0468ba5f023a4a9f38816dbca0899481d04d,False
complete,pendigits,pendigits__dyn__symmetric-hamiltonian__L1__lr0.01__bs32__seed5,results/runs/pendigits/pendigits__dyn__symmetric-hamiltonian__L1__lr0.01__bs32__seed5_seed5,pendigits,dyn,symmetric-hamiltonian,1,5,0.01,32,2000,True,plus,True,False,1.5304418023844921,0.588,1.5192911274506025,0.5714694110920526,0.6106666666666667,1050.2666666666667,,15.128734827041626,,46,4,16,457b0468ba5f023a4a9f38816dbca0899481d04d,False
complete,pendigits,pendigits__dyn__symmetric-hamiltonian__L1__lr0.01__bs32__seed6,results/runs/pendigits/pendigits__dyn__symmetric-hamiltonian__L1__lr0.01__bs32__seed6_seed6,pendigits,dyn,symmetric-hamiltonian,1,6,0.01,32,2000,True,plus,True,False,1.522530686322185,0.5546666666666666,1.4857401451110073,0.548885077186964,0.5733333333333334,982.1999999999999,,16.20995831489563,,46,4,16,457b0468ba5f023a4a9f38816dbca0899481d04d,False
complete,pendigits,pendigits__dyn__symmetric-hamiltonian__L1__lr0.01__bs32__seed7,results/runs/pendigits/pendigits__dyn__symmetric-hamiltonian__L1__lr0.01__bs32__seed7_seed7,pendigits,dyn,symmetric-hamiltonian,1,7,0.01,32,2000,True,plus,True,False,1.5734691970678785,0.5013333333333333,1.5667564708989987,0.4888507718696398,0.5906666666666667,1011.7333333333333,,15.88959813117981,,46,4,16,457b0468ba5f023a4a9f38816dbca0899481d04d,False
complete,pendigits,pendigits__dyn__symmetric-hamiltonian__L1__lr0.01__bs32__seed8,results/runs/pendigits/pendigits__dyn__symmetric-hamiltonian__L1__lr0.01__bs32__seed8_seed8,pendigits,dyn,symmetric-hamiltonian,1,8,0.01,32,2000,True,plus,True,False,1.5314281362979238,0.5306666666666666,1.5173340273920959,0.5394511149228131,0.5933333333333334,1022.1333333333333,,15.266507625579834,,46,4,16,457b0468ba5f023a4a9f38816dbca0899481d04d,False
complete,pendigits,pendigits__dyn__symmetric-hamiltonian__L1__lr0.01__bs32__seed9,results/runs/pendigits/pendigits__dyn__symmetric-hamiltonian__L1__lr0.01__bs32__seed9_seed9,pendigits,dyn,symmetric-hamiltonian,1,9,0.01,32,2000,True,plus,True,False,1.5215784642281427,0.5333333333333333,1.4935454926906175,0.5506003430531733,0.5733333333333334,973.9999999999999,,15.162548780441284,,46,4,16,457b0468ba5f023a4a9f38816dbca0899481d04d,False
complete,pendigits,pendigits__dyn__symmetric-hamiltonian__L2__lr0.01__bs32__seed0,results/runs/pendigits/pendigits__dyn__symmetric-hamiltonian__L2__lr0.01__bs32__seed0_seed0,pendigits,dyn,symmetric-hamiltonian,2,0,0.01,32,2000,True,plus,True,False,1.1004002291655408,0.76,1.1245552281612394,0.7169811320754716,0.7706666666666667,1402.8,,19.685882806777954,,92,4,16,457b0468ba5f023a4a9f38816dbca0899481d04d,False
complete,pendigits,pendigits__dyn__symmetric-hamiltonian__L2__lr0.01__bs32__seed10,results/runs/pendigits/pendigits__dyn__symmetric-hamiltonian__L2__lr0.01__bs32__seed10_seed10,pendigits,dyn,symmetric-hamiltonian,2,10,0.01,32,2000,True,plus,True,False,1.0399620216106567,0.8066666666666666,1.0319253537515283,0.7850200114351058,0.8146666666666667,1485.0666666666664,,20.95697855949402,,92,4,16,457b0468ba5f023a4a9f38816dbca0899481d04d,False
complete,pendigits,pendigits__dyn__symmetric-hamiltonian__L2__lr0.01__bs32__seed11,results/runs/pendigits/pendigits__dyn__symmetric-hamiltonian__L2__lr0.01__bs32__seed11_seed11,pendigits,dyn,symmetric-hamiltonian,2,11,0.01,32,2000,True,plus,True,False,1.039213548592995,0.7493333333333333,1.0414830847884549,0.7552887364208118,0.772,1386.4,,19.637070417404175,,92,4,16,457b0468ba5f023a4a9f38816dbca0899481d04d,False
complete,pendigits,pendigits__dyn__symmetric-hamiltonian__L2__lr0.01__bs32__seed12,results/runs/pendigits/pendigits__dyn__symmetric-hamiltonian__L2__lr0.01__bs32__seed12_seed12,pendigits,dyn,symmetric-hamiltonian,2,12,0.01,32,2000,True,plus,True,False,1.0897912245750807,0.7506666666666667,1.139724092171754,0.7452830188679245,0.7573333333333333,1350.8000000000002,,20.938760995864868,,92,4,16,457b0468ba5f023a4a9f38816dbca0899481d04d,False
complete,pendigits,pendigits__dyn__symmetric-hamiltonian__L2__lr0.01__bs32__seed13,results/runs/pendigits/pendigits__dyn__symmetric-hamiltonian__L2__lr0.01__bs32__seed13_seed13,pendigits,dyn,symmetric-hamiltonian,2,13,0.01,32,2000,True,plus,True,False,1.0174699995186556,0.784,1.0658616395771563,0.7441395082904517,0.784,1390.666666666667,,19.392195463180542,,92,4,16,457b0468ba5f023a4a9f38816dbca0899481d04d,False
complete,pendigits,pendigits__dyn__symmetric-hamiltonian__L2__lr0.01__bs32__seed14,results/runs/pendigits/pendigits__dyn__symmetric-hamiltonian__L2__lr0.01__bs32__seed14_seed14,pendigits,dyn,symmetric-hamiltonian,2,14,0.01,32,2000,True,plus,True,False,1.0557009924210115,0.8,1.1128686433260264,0.7478559176672385,0.8106666666666666,1409.8666666666666,,19.320042371749878,,92,4,16,457b0468ba5f023a4a9f38816dbca0899481d04d,False
complete,pendigits,pendigits__dyn__symmetric-hamiltonian__L2__lr0.01__bs32__seed15,results/runs/pendigits/pendigits__dyn__symmetric-hamiltonian__L2__lr0.01__bs32__seed15_seed15,pendigits,dyn,symmetric-hamiltonian,2,15,0.01,32,2000,True,plus,True,False,1.0562399647013292,0.7773333333333333,1.0555201151015214,0.773013150371641,0.7813333333333333,1415.3333333333337,,19.159292936325073,,92,4,16,457b0468ba5f023a4a9f38816dbca0899481d04d,False
complete,pendigits,pendigits__dyn__symmetric-hamiltonian__L2__lr0.01__bs32__seed16,results/runs/pendigits/pendigits__dyn__symmetric-hamiltonian__L2__lr0.01__bs32__seed16_seed16,pendigits,dyn,symmetric-hamiltonian,2,16,0.01,32,2000,True,plus,True,False,1.042757126637737,0.78,1.0845102140881642,0.7427101200686106,0.8066666666666666,1425.9333333333336,,19.340802669525146,,92,4,16,457b0468ba5f023a4a9f38816dbca0899481d04d,False
complete,pendigits,pendigits__dyn__symmetric-hamiltonian__L2__lr0.01__bs32__seed17,results/runs/pendigits/pendigits__dyn__symmetric-hamiltonian__L2__lr0.01__bs32__seed17_seed17,pendigits,dyn,symmetric-hamiltonian,2,17,0.01,32,2000,True,plus,True,False,1.1411625660649942,0.7493333333333333,1.14534537508099,0.7369925671812464,0.7813333333333333,1385.6666666666665,,19.54180908203125,,92,4,16,457b0468ba5f023a4a9f38816dbca0899481d04d,False
complete,pendigits,pendigits__dyn__symmetric-hamiltonian__L2__lr0.01__bs32__seed18,results/runs/pendigits/pendigits__dyn__symmetric-hamiltonian__L2__lr0.01__bs32__seed18_seed18,pendigits,dyn,symmetric-hamiltonian,2,18,0.01,32,2000,True,plus,True,False,1.0534185810823162,0.7946666666666666,1.052797438851758,0.7947398513436249,0.7946666666666666,1375.6666666666667,,20.713489294052124,,92,4,16,457b0468ba5f023a4a9f38816dbca0899481d04d,False
complete,pendigits,pendigits__dyn__symmetric-hamiltonian__L2__lr0.01__bs32__seed19,results/runs/pendigits/pendigits__dyn__symmetric-hamiltonian__L2__lr0.01__bs32__seed19_seed19,pendigits,dyn,symmetric-hamiltonian,2,19,0.01,32,2000,True,plus,True,False,1.120560297004789,0.7133333333333334,1.1539361700404327,0.7166952544311035,0.7706666666666667,1369.0666666666666,,19.505927085876465,,92,4,16,457b0468ba5f023a4a9f38816dbca0899481d04d,False
complete,pendigits,pendigits__dyn__symmetric-hamiltonian__L2__lr0.01__bs32__seed1,results/runs/pendigits/pendigits__dyn__symmetric-hamiltonian__L2__lr0.01__bs32__seed1_seed1,pendigits,dyn,symmetric-hamiltonian,2,1,0.01,32,2000,True,plus,True,False,1.0676148191900057,0.7333333333333333,1.0694282391447472,0.743281875357347,0.7853333333333333,1414.0666666666668,,19.756459712982178,,92,4,16,457b0468ba5f023a4a9f38816dbca0899481d04d,False
complete,pendigits,pendigits__dyn__symmetric-hamiltonian__L2__lr0.01__bs32__seed2,results/runs/pendigits/pendigits__dyn__symmetric-hamiltonian__L2__lr0.01__bs32__seed2_seed2,pendigits,dyn,symmetric-hamiltonian,2,2,0.01,32,2000,True,plus,True,False,1.0602302537267165,0.768,1.1420626281223574,0.743281875357347,0.804,1439.6666666666665,,20.583869457244873,,92,4,16,457b0468ba5f023a4a9f38816dbca0899481d04d,False
complete,pendigits,pendigits__dyn__symmetric-hamiltonian__L2__lr0.01__bs32__seed3,results/runs/pendigits/pendigits__dyn__symmetric-hamiltonian__L2__lr0.01__bs32__seed3_seed3,pendigits,dyn,symmetric-hamiltonian,2,3,0.01,32,2000,True,plus,True,False,1.0853989632260548,0.7573333333333333,1.1423554225687331,0.7307032590051458,0.776,1383.466666666667,,19.530956983566284,,92,4,16,457b0468ba5f023a4a9f38816dbca0899481d04d,False
complete,pendigits,pendigits__dyn__symmetric-hamiltonian__L2__lr0.01__bs32__seed4,results/runs/pendigits/pendigits__dyn__symmetric-hamiltonian__L2__lr0.01__bs32__seed4_seed4,pendigits,dyn,symmetric-hamiltonian,2,4,0.01,32,2000,True,plus,True,False,1.0563601103397489,0.7933333333333333,1.072833165832113,0.7578616352201258,0.7946666666666666,1361.8,,19.44794726371765,,92,4,16,457b0468ba5f023a4a9f38816dbca0899481d04d,False
complete,pendigits,pendigits__dyn__symmetric-hamiltonian__L2__lr0.01__bs32__seed5,results/runs/pendigits/pendigits__dyn__symmetric-hamiltonian__L2__lr0.01__bs32__seed5_seed5,pendigits,dyn,symmetric-hamiltonian,2,5,0.01,32,2000,True,plus,True,False,1.0595487037977622,0.8026666666666666,1.100340573615656,0.7535734705546027,0.8053333333333333,1422.9333333333334,,19.228407859802246,,92,4,16,457b0468ba5f023a4a9f38816dbca0899481d04d,False
complete,pendigits,pendigits__dyn__symmetric-hamiltonian__L2__lr0.01__bs32__seed6,results/runs/pendigits/pendigits__dyn__symmetric-hamiltonian__L2__lr0.01__bs32__seed6_seed6,pendigits,dyn,symmetric-hamiltonian,2,6,0.01,32,2000,True,plus,True,False,1.122616144125402,0.732,1.1750086711688774,0.6620926243567753,0.7826666666666666,1387.9333333333334,,19.42388105392456,,92,4,16,457b0468ba5f023a4a9f38816dbca0899481d04d,False
complete,pendigits,pendigits__dyn__symmetric-hamiltonian__L2__lr0.01__bs32__seed7,results/runs/pendigits/pendigits__dyn__symmetric-hamiltonian__L2__lr0.01__bs32__seed7_seed7,pendigits,dyn,symmetric-hamiltonian,2,7,0.01,32,2000,True,plus,True,False,1.0772345090682642,0.788,1.1308638957526627,0.7661520869068039,0.788,1420.8666666666668,,19.439477920532227,,92,4,16,457b0468ba5f023a4a9f38816dbca0899481d04d,False
complete,pendigits,pendigits__dyn__symmetric-hamiltonian__L2__lr0.01__bs32__seed8,results/runs/pendigits/pendigits__dyn__symmetric-hamiltonian__L2__lr0.01__bs32__seed8_seed8,pendigits,dyn,symmetric-hamiltonian,2,8,0.01,32,2000,True,plus,True,False,1.0983602482914416,0.7973333333333333,1.1178612435952955,0.7598627787307033,0.8013333333333333,1400.2,,19.797190189361572,,92,4,16,457b0468ba5f023a4a9f38816dbca0899481d04d,False
complete,pendigits,pendigits__dyn__symmetric-hamiltonian__L2__lr0.01__bs32__seed9,results/runs/pendigits/pendigits__dyn__symmetric-hamiltonian__L2__lr0.01__bs32__seed9_seed9,pendigits,dyn,symmetric-hamiltonian,2,9,0.01,32,2000,True,plus,True,False,1.1065409455722108,0.76,1.1100115373117967,0.7198399085191538,0.776,1355.4666666666667,,20.383296251296997,,92,4,16,457b0468ba5f023a4a9f38816dbca0899481d04d,False
complete,pendigits,pendigits__dyn__symmetric-hamiltonian__L32__lr0.01__bs32__seed0,results/runs/pendigits/pendigits__dyn__symmetric-hamiltonian__L32__lr0.01__bs32__seed0_seed0,pendigits,dyn,symmetric-hamiltonian,32,0,0.01,32,2000,True,plus,True,False,0.27851242044675195,0.9693333333333334,0.3532852227076498,0.9393939393939394,0.9733333333333334,1780.2666666666667,,172.95264530181885,,1472,4,16,457b0468ba5f023a4a9f38816dbca0899481d04d,False
complete,pendigits,pendigits__dyn__symmetric-hamiltonian__L32__lr0.01__bs32__seed10,results/runs/pendigits/pendigits__dyn__symmetric-hamiltonian__L32__lr0.01__bs32__seed10_seed10,pendigits,dyn,symmetric-hamiltonian,32,10,0.01,32,2000,True,plus,True,False,0.8853080697199269,0.8573333333333333,0.9217447735573944,0.8301886792452831,0.9693333333333334,1684.0,,175.83987498283386,,1472,4,16,457b0468ba5f023a4a9f38816dbca0899481d04d,False
complete,pendigits,pendigits__dyn__symmetric-hamiltonian__L32__lr0.01__bs32__seed11,results/runs/pendigits/pendigits__dyn__symmetric-hamiltonian__L32__lr0.01__bs32__seed11_seed11,pendigits,dyn,symmetric-hamiltonian,32,11,0.01,32,2000,True,plus,True,False,0.3101604624997724,0.96,0.3694120530156946,0.9356775300171527,0.9666666666666667,1780.6,,176.44037294387817,,1472,4,16,457b0468ba5f023a4a9f38816dbca0899481d04d,False
complete,pendigits,pendigits__dyn__symmetric-hamiltonian__L32__lr0.01__bs32__seed12,results/runs/pendigits/pendigits__dyn__symmetric-hamiltonian__L32__lr0.01__bs32__seed12_seed12,pendigits,dyn,symmetric-hamiltonian,32,12,0.01,32,2000,True,plus,True,False,0.32341553112590377,0.96,0.3928665796959402,0.9236706689536878,0.96,1781.333333333333,,174.72855734825134,,1472,4,16,457b0468ba5f023a4a9f38816dbca0899481d04d,False
complete,pendigits,pendigits__dyn__symmetric-hamiltonian__L32__lr0.01__bs32__seed13,results/runs/pendigits/pendigits__dyn__symmetric-hamiltonian__L32__lr0.01__bs32__seed13_seed13,pendigits,dyn,symmetric-hamiltonian,32,13,0.01,32,2000,True,plus,True,False,0.28312334805272416,0.9586666666666667,0.38837632177743747,0.9253859348198971,0.9653333333333334,1726.1999999999998,,175.38554525375366,,1472,4,16,457b0468ba5f023a4a9f38816dbca0899481d04d,False
complete,pendigits,pendigits__dyn__symmetric-hamiltonian__L32__lr0.01__bs32__seed14,results/runs/pendigits/pendigits__dyn__symmetric-hamiltonian__L32__lr0.01__bs32__seed14_seed14,pendigits,dyn,symmetric-hamiltonian,32,14,0.01,32,2000,True,plus,True,False,0.2793926350761097,0.968,0.34252010013577355,0.9519725557461407,0.9693333333333334,1750.2000000000003,,176.54580092430115,,1472,4,16,457b0468ba5f023a4a9f38816dbca0899481d04d,False
complete,pendigits,pendigits__dyn__symmetric-hamiltonian__L32__lr0.01__bs32__seed15,results/runs/pendigits/pendigits__dyn__symmetric-hamiltonian__L32__lr0.01__bs32__seed15_seed15,pendigits,dyn,symmetric-hamiltonian,32,15,0.01,32,2000,True,plus,True,False,0.32599325026733905,0.96,0.4087601364394899,0.9208118925100057,0.972,1767.2000000000003,,175.71811079978943,,1472,4,16,457b0468ba5f023a4a9f38816dbca0899481d04d,False
complete,pendigits,pendigits__dyn__symmetric-hamiltonian__L32__lr0.01__bs32__seed16,results/runs/pendigits/pendigits__dyn__symmetric-hamiltonian__L32__lr0.01__bs32__seed16_seed16,pendigits,dyn,symmetric-hamiltonian,32,16,0.01,32,2000,True,plus,True,False,0.3022922197593499,0.9653333333333334,0.3537476844232008,0.9339622641509434,0.9746666666666667,1748.5333333333333,,175.2156457901001,,1472,4,16,457b0468ba5f023a4a9f38816dbca0899481d04d,False
complete,pendigits,pendigits__dyn__symmetric-hamiltonian__L32__lr0.01__bs32__seed17,results/runs/pendigits/pendigits__dyn__symmetric-hamiltonian__L32__lr0.01__bs32__seed17_seed17,pendigits,dyn,symmetric-hamiltonian,32,17,0.01,32,2000,True,plus,True,False,0.29269869685147964,0.9626666666666667,0.366874116102476,0.922527158376215,0.9626666666666667,1708.5333333333326,,173.65135717391968,,1472,4,16,457b0468ba5f023a4a9f38816dbca0899481d04d,False
complete,pendigits,pendigits__dyn__symmetric-hamiltonian__L32__lr0.01__bs32__seed18,results/runs/pendigits/pendigits__dyn__symmetric-hamiltonian__L32__lr0.01__bs32__seed18_seed18,pendigits,dyn,symmetric-hamiltonian,32,18,0.01,32,2000,True,plus,True,False,1.050073821866063,0.824,1.0961529575194437,0.8050314465408805,0.9786666666666667,1778.8,,176.67489743232727,,1472,4,16,457b0468ba5f023a4a9f38816dbca0899481d04d,False
complete,pendigits,pendigits__dyn__symmetric-hamiltonian__L32__lr0.01__bs32__seed19,results/runs/pendigits/pendigits__dyn__symmetric-hamiltonian__L32__lr0.01__bs32__seed19_seed19,pendigits,dyn,symmetric-hamiltonian,32,19,0.01,32,2000,True,plus,True,False,0.6702192352590552,0.9026666666666666,0.7253681821397768,0.8925100057175529,0.972,1715.8000000000004,,179.0357060432434,,1472,4,16,457b0468ba5f023a4a9f38816dbca0899481d04d,False
complete,pendigits,pendigits__dyn__symmetric-hamiltonian__L32__lr0.01__bs32__seed1,results/runs/pendigits/pendigits__dyn__symmetric-hamiltonian__L32__lr0.01__bs32__seed1_seed1,pendigits,dyn,symmetric-hamiltonian,32,1,0.01,32,2000,True,plus,True,False,0.31247694508147666,0.9653333333333334,0.37208908607509794,0.9376786735277302,0.9666666666666667,1771.4,,171.9735324382782,,1472,4,16,457b0468ba5f023a4a9f38816dbca0899481d04d,False
complete,pendigits,pendigits__dyn__symmetric-hamiltonian__L32__lr0.01__bs32__seed2,results/runs/pendigits/pendigits__dyn__symmetric-hamiltonian__L32__lr0.01__bs32__seed2_seed2,pendigits,dyn,symmetric-hamiltonian,32,2,0.01,32,2000,True,plus,True,False,0.28758578255419576,0.964,0.36470245424986164,0.9279588336192109,0.968,1768.4000000000003,,177.35562682151794,,1472,4,16,457b0468ba5f023a4a9f38816dbca0899481d04d,False
complete,pendigits,pendigits__dyn__symmetric-hamiltonian__L32__lr0.01__bs32__seed3,results/runs/pendigits/pendigits__dyn__symmetric-hamiltonian__L32__lr0.01__bs32__seed3_seed3,pendigits,dyn,symmetric-hamiltonian,32,3,0.01,32,2000,True,plus,True,False,0.3804874442417634,0.9466666666666667,0.44520526819666156,0.9093767867352773,0.9626666666666667,1714.9333333333334,,174.34943389892578,,1472,4,16,457b0468ba5f023a4a9f38816dbca0899481d04d,False
complete,pendigits,pendigits__dyn__symmetric-hamiltonian__L32__lr0.01__bs32__seed4,results/runs/pendigits/pendigits__dyn__symmetric-hamiltonian__L32__lr0.01__bs32__seed4_seed4,pendigits,dyn,symmetric-hamiltonian,32,4,0.01,32,2000,True,plus,True,False,0.3113698103971705,0.96,0.3810507351452567,0.9336763865065751,0.96,1744.4,,174.84947109222412,,1472,4,16,457b0468ba5f023a4a9f38816dbca0899481d04d,False
complete,pendigits,pendigits__dyn__symmetric-hamiltonian__L32__lr0.01__bs32__seed5,results/runs/pendigits/pendigits__dyn__symmetric-hamiltonian__L32__lr0.01__bs32__seed5_seed5,pendigits,dyn,symmetric-hamiltonian,32,5,0.01,32,2000,True,plus,True,False,0.2952707073286949,0.9626666666666667,0.3754401925327096,0.938822184105203,0.968,1768.8666666666668,,171.73609328269958,,1472,4,16,457b0468ba5f023a4a9f38816dbca0899481d04d,False
complete,pendigits,pendigits__dyn__symmetric-hamiltonian__L32__lr0.01__bs32__seed6,results/runs/pendigits/pendigits__dyn__symmetric-hamiltonian__L32__lr0.01__bs32__seed6_seed6,pendigits,dyn,symmetric-hamiltonian,32,6,0.01,32,2000,True,plus,True,False,0.33242031938582256,0.9613333333333334,0.4006224824027563,0.9331046312178388,0.9693333333333334,1709.266666666667,,173.58834552764893,,1472,4,16,457b0468ba5f023a4a9f38816dbca0899481d04d,False
complete,pendigits,pendigits__dyn__symmetric-hamiltonian__L32__lr0.01__bs32__seed7,results/runs/pendigits/pendigits__dyn__symmetric-hamiltonian__L32__lr0.01__bs32__seed7_seed7,pendigits,dyn,symmetric-hamiltonian,32,7,0.01,32,2000,True,plus,True,False,0.3407356757423671,0.9506666666666667,0.39910878418904716,0.9336763865065751,0.956,1713.8,,174.3724811077118,,1472,4,16,457b0468ba5f023a4a9f38816dbca0899481d04d,False
complete,pendigits,pendigits__dyn__symmetric-hamiltonian__L32__lr0.01__bs32__seed8,results/runs/pendigits/pendigits__dyn__symmetric-hamiltonian__L32__lr0.01__bs32__seed8_seed8,pendigits,dyn,symmetric-hamiltonian,32,8,0.01,32,2000,True,plus,True,False,0.2898676092911007,0.9706666666666667,0.3529196499152211,0.938822184105203,0.972,1699.0666666666668,,172.46679377555847,,1472,4,16,457b0468ba5f023a4a9f38816dbca0899481d04d,False
complete,pendigits,pendigits__dyn__symmetric-hamiltonian__L32__lr0.01__bs32__seed9,results/runs/pendigits/pendigits__dyn__symmetric-hamiltonian__L32__lr0.01__bs32__seed9_seed9,pendigits,dyn,symmetric-hamiltonian,32,9,0.01,32,2000,True,plus,True,False,0.29468574262781916,0.9613333333333334,0.35385479688430166,0.9431103487707261,0.9613333333333334,1687.6666666666663,,175.47585606575012,,1472,4,16,457b0468ba5f023a4a9f38816dbca0899481d04d,False
complete,pendigits,pendigits__dyn__symmetric-hamiltonian__L4__lr0.01__bs32__seed0,results/runs/pendigits/pendigits__dyn__symmetric-hamiltonian__L4__lr0.01__bs32__seed0_seed0,pendigits,dyn,symmetric-hamiltonian,4,0,0.01,32,2000,True,plus,True,False,0.7277938850282908,0.88,0.8111527979342851,0.8370497427101201,0.8813333333333333,1584.5333333333335,,31.62382984161377,,184,4,16,457b0468ba5f023a4a9f38816dbca0899481d04d,False
complete,pendigits,pendigits__dyn__symmetric-hamiltonian__L4__lr0.01__bs32__seed10,results/runs/pendigits/pendigits__dyn__symmetric-hamiltonian__L4__lr0.01__bs32__seed10_seed10,pendigits,dyn,symmetric-hamiltonian,4,10,0.01,32,2000,True,plus,True,False,0.7691974229743972,0.8866666666666667,0.799753253056531,0.8656375071469411,0.8866666666666667,1604.1333333333332,,30.423162698745728,,184,4,16,457b0468ba5f023a4a9f38816dbca0899481d04d,False
complete,pendigits,pendigits__dyn__symmetric-hamiltonian__L4__lr0.01__bs32__seed11,results/runs/pendigits/pendigits__dyn__symmetric-hamiltonian__L4__lr0.01__bs32__seed11_seed11,pendigits,dyn,symmetric-hamiltonian,4,11,0.01,32,2000,True,plus,True,False,0.7015518905384841,0.8826666666666667,0.7489990178111152,0.8384791309319611,0.8933333333333333,1618.9333333333332,,31.507109880447388,,184,4,16,457b0468ba5f023a4a9f38816dbca0899481d04d,False
complete,pendigits,pendigits__dyn__symmetric-hamiltonian__L4__lr0.01__bs32__seed12,results/runs/pendigits/pendigits__dyn__symmetric-hamiltonian__L4__lr0.01__bs32__seed12_seed12,pendigits,dyn,symmetric-hamiltonian,4,12,0.01,32,2000,True,plus,True,False,0.7192546614889077,0.876,0.7409431858149785,0.8553459119496856,0.88,1614.7333333333336,,28.853156328201294,,184,4,16,457b0468ba5f023a4a9f38816dbca0899481d04d,False
complete,pendigits,pendigits__dyn__symmetric-hamiltonian__L4__lr0.01__bs32__seed13,results/runs/pendigits/pendigits__dyn__symmetric-hamiltonian__L4__lr0.01__bs32__seed13_seed13,pendigits,dyn,symmetric-hamiltonian,4,13,0.01,32,2000,True,plus,True,False,0.7343823901928778,0.8853333333333333,0.8473944044277301,0.8253287592910235,0.8853333333333333,1632.6,,30.095256567001343,,184,4,16,457b0468ba5f023a4a9f38816dbca0899481d04d,False
complete,pendigits,pendigits__dyn__symmetric-hamiltonian__L4__lr0.01__bs32__seed14,results/runs/pendigits/pendigits__dyn__symmetric-hamiltonian__L4__lr0.01__bs32__seed14_seed14,pendigits,dyn,symmetric-hamiltonian,4,14,0.01,32,2000,True,plus,True,False,0.7832051085717991,0.8506666666666667,0.8477114092533183,0.8156089193825042,0.888,1616.0,,31.54361867904663,,184,4,16,457b0468ba5f023a4a9f38816dbca0899481d04d,False
complete,pendigits,pendigits__dyn__symmetric-hamiltonian__L4__lr0.01__bs32__seed15,results/runs/pendigits/pendigits__dyn__symmetric-hamiltonian__L4__lr0.01__bs32__seed15_seed15,pendigits,dyn,symmetric-hamiltonian,4,15,0.01,32,2000,True,plus,True,False,0.7262527083461096,0.8773333333333333,0.7591446308087374,0.8490566037735849,0.892,1622.7333333333331,,31.255913496017456,,184,4,16,457b0468ba5f023a4a9f38816dbca0899481d04d,False
complete,pendigits,pendigits__dyn__symmetric-hamiltonian__L4__lr0.01__bs32__seed16,results/runs/pendigits/pendigits__dyn__symmetric-hamiltonian__L4__lr0.01__bs32__seed16_seed16,pendigits,dyn,symmetric-hamiltonian,4,16,0.01,32,2000,True,plus,True,False,0.7481760870214469,0.864,0.7777324585507482,0.8439108061749572,0.888,1585.4666666666667,,31.474534511566162,,184,4,16,457b0468ba5f023a4a9f38816dbca0899481d04d,False
complete,pendigits,pendigits__dyn__symmetric-hamiltonian__L4__lr0.01__bs32__seed17,results/runs/pendigits/pendigits__dyn__symmetric-hamiltonian__L4__lr0.01__bs32__seed17_seed17,pendigits,dyn,symmetric-hamiltonian,4,17,0.01,32,2000,True,plus,True,False,0.7053259738681813,0.876,0.7238328803458948,0.8562035448827902,0.876,1601.5333333333333,,32.03704643249512,,184,4,16,457b0468ba5f023a4a9f38816dbca0899481d04d,False
complete,pendigits,pendigits__dyn__symmetric-hamiltonian__L4__lr0.01__bs32__seed18,results/runs/pendigits/pendigits__dyn__symmetric-hamiltonian__L4__lr0.01__bs32__seed18_seed18,pendigits,dyn,symmetric-hamiltonian,4,18,0.01,32,2000,True,plus,True,False,0.7560648448724323,0.8533333333333334,0.8315108265070996,0.8224699828473413,0.8826666666666667,1601.5999999999997,,30.14594340324402,,184,4,16,457b0468ba5f023a4a9f38816dbca0899481d04d,False
complete,pendigits,pendigits__dyn__symmetric-hamiltonian__L4__lr0.01__bs32__seed19,results/runs/pendigits/pendigits__dyn__symmetric-hamiltonian__L4__lr0.01__bs32__seed19_seed19,pendigits,dyn,symmetric-hamiltonian,4,19,0.01,32,2000,True,plus,True,False,0.6996152914461458,0.8666666666666667,0.7903616612502352,0.8078902229845626,0.88,1609.5333333333333,,32.20825457572937,,184,4,16,457b0468ba5f023a4a9f38816dbca0899481d04d,False
complete,pendigits,pendigits__dyn__symmetric-hamiltonian__L4__lr0.01__bs32__seed1,results/runs/pendigits/pendigits__dyn__symmetric-hamiltonian__L4__lr0.01__bs32__seed1_seed1,pendigits,dyn,symmetric-hamiltonian,4,1,0.01,32,2000,True,plus,True,False,0.732331363923285,0.8546666666666667,0.8155288341041323,0.8250428816466552,0.8773333333333333,1588.0,,30.51522469520569,,184,4,16,457b0468ba5f023a4a9f38816dbca0899481d04d,False
complete,pendigits,pendigits__dyn__symmetric-hamiltonian__L4__lr0.01__bs32__seed2,results/runs/pendigits/pendigits__dyn__symmetric-hamiltonian__L4__lr0.01__bs32__seed2_seed2,pendigits,dyn,symmetric-hamiltonian,4,2,0.01,32,2000,True,plus,True,False,0.7613525791028832,0.8906666666666667,0.8116363247229923,0.8499142367066895,0.8906666666666667,1609.3333333333335,,31.044601440429688,,184,4,16,457b0468ba5f023a4a9f38816dbca0899481d04d,False
complete,pendigits,pendigits__dyn__symmetric-hamiltonian__L4__lr0.01__bs32__seed3,results/runs/pendigits/pendigits__dyn__symmetric-hamiltonian__L4__lr0.01__bs32__seed3_seed3,pendigits,dyn,symmetric-hamiltonian,4,3,0.01,32,2000,True,plus,True,False,0.683575567799721,0.8906666666666667,0.7354218554234764,0.8650657518582047,0.8986666666666666,1625.4,,28.78529381752014,,184,4,16,457b0468ba5f023a4a9f38816dbca0899481d04d,False
complete,pendigits,pendigits__dyn__symmetric-hamiltonian__L4__lr0.01__bs32__seed4,results/runs/pendigits/pendigits__dyn__symmetric-hamiltonian__L4__lr0.01__bs32__seed4_seed4,pendigits,dyn,symmetric-hamiltonian,4,4,0.01,32,2000,True,plus,True,False,0.7284237113195554,0.86,0.8120168459486086,0.8210405946255003,0.8866666666666667,1622.0666666666664,,31.26526117324829,,184,4,16,457b0468ba5f023a4a9f38816dbca0899481d04d,False
complete,pendigits,pendigits__dyn__symmetric-hamiltonian__L4__lr0.01__bs32__seed5,results/runs/pendigits/pendigits__dyn__symmetric-hamiltonian__L4__lr0.01__bs32__seed5_seed5,pendigits,dyn,symmetric-hamiltonian,4,5,0.01,32,2000,True,plus,True,False,0.6991238492959679,0.8933333333333333,0.7868343357669191,0.8238993710691824,0.8986666666666666,1560.5333333333335,,31.239529132843018,,184,4,16,457b0468ba5f023a4a9f38816dbca0899481d04d,False
complete,pendigits,pendigits__dyn__symmetric-hamiltonian__L4__lr0.01__bs32__seed6,results/runs/pendigits/pendigits__dyn__symmetric-hamiltonian__L4__lr0.01__bs32__seed6_seed6,pendigits,dyn,symmetric-hamiltonian,4,6,0.01,32,2000,True,plus,True,False,0.7100205042907619,0.892,0.7719534242364376,0.8676386506575186,0.8973333333333333,1636.2666666666667,,31.15240454673767,,184,4,16,457b0468ba5f023a4a9f38816dbca0899481d04d,False
complete,pendigits,pendigits__dyn__symmetric-hamiltonian__L4__lr0.01__bs32__seed7,results/runs/pendigits/pendigits__dyn__symmetric-hamiltonian__L4__lr0.01__bs32__seed7_seed7,pendigits,dyn,symmetric-hamiltonian,4,7,0.01,32,2000,True,plus,True,False,0.6989504112885654,0.8813333333333333,0.7746617020468829,0.8562035448827902,0.8933333333333333,1626.8000000000002,,29.748396158218384,,184,4,16,457b0468ba5f023a4a9f38816dbca0899481d04d,False
complete,pendigits,pendigits__dyn__symmetric-hamiltonian__L4__lr0.01__bs32__seed8,results/runs/pendigits/pendigits__dyn__symmetric-hamiltonian__L4__lr0.01__bs32__seed8_seed8,pendigits,dyn,symmetric-hamiltonian,4,8,0.01,32,2000,True,plus,True,False,0.733436027658984,0.8706666666666667,0.7839555284709476,0.8447684391080618,0.876,1576.2666666666664,,31.397485971450806,,184,4,16,457b0468ba5f023a4a9f38816dbca0899481d04d,False
complete,pendigits,pendigits__dyn__symmetric-hamiltonian__L4__lr0.01__bs32__seed9,results/runs/pendigits/pendigits__dyn__symmetric-hamiltonian__L4__lr0.01__bs32__seed9_seed9,pendigits,dyn,symmetric-hamiltonian,4,9,0.01,32,2000,True,plus,True,False,0.7341022561010645,0.8826666666666667,0.7667951078214027,0.8496283590623214,0.8826666666666667,1603.3333333333335,,29.845495462417603,,184,4,16,457b0468ba5f023a4a9f38816dbca0899481d04d,False
complete,pendigits,pendigits__dyn__symmetric-hamiltonian__L8__lr0.01__bs32__seed0,results/runs/pendigits/pendigits__dyn__symmetric-hamiltonian__L8__lr0.01__bs32__seed0_seed0,pendigits,dyn,symmetric-hamiltonian,8,0,0.01,32,2000,True,plus,True,False,0.4579623774329454,0.944,0.5434311502750869,0.902229845626072,0.944,1720.1333333333332,,53.29377770423889,,368,4,16,5d760ef42d71a06acce4efdc9ed931be057f16a6,False
complete,pendigits,pendigits__dyn__symmetric-hamiltonian__L8__lr0.01__bs32__seed10,results/runs/pendigits/pendigits__dyn__symmetric-hamiltonian__L8__lr0.01__bs32__seed10_seed10,pendigits,dyn,symmetric-hamiltonian,8,10,0.01,32,2000,True,plus,True,False,0.4844893661843926,0.9333333333333333,0.5352202061307739,0.9079473985134362,0.9333333333333333,1688.4,,55.91753911972046,,368,4,16,5d760ef42d71a06acce4efdc9ed931be057f16a6,False
complete,pendigits,pendigits__dyn__symmetric-hamiltonian__L8__lr0.01__bs32__seed11,results/runs/pendigits/pendigits__dyn__symmetric-hamiltonian__L8__lr0.01__bs32__seed11_seed11,pendigits,dyn,symmetric-hamiltonian,8,11,0.01,32,2000,True,plus,True,False,0.4302858513369597,0.944,0.48238005084504526,0.922527158376215,0.944,1717.7999999999997,,55.437068462371826,,368,4,16,5d760ef42d71a06acce4efdc9ed931be057f16a6,False
complete,pendigits,pendigits__dyn__symmetric-hamiltonian__L8__lr0.01__bs32__seed12,results/runs/pendigits/pendigits__dyn__symmetric-hamiltonian__L8__lr0.01__bs32__seed12_seed12,pendigits,dyn,symmetric-hamiltonian,8,12,0.01,32,2000,True,plus,True,False,0.45436756649672,0.9253333333333333,0.504472869359828,0.8962264150943396,0.9373333333333334,1723.666666666667,,55.230331897735596,,368,4,16,5d760ef42d71a06acce4efdc9ed931be057f16a6,False
complete,pendigits,pendigits__dyn__symmetric-hamiltonian__L8__lr0.01__bs32__seed13,results/runs/pendigits/pendigits__dyn__symmetric-hamiltonian__L8__lr0.01__bs32__seed13_seed13,pendigits,dyn,symmetric-hamiltonian,8,13,0.01,32,2000,True,plus,True,False,0.4802795942985198,0.924,0.5474020197547989,0.9105202973127502,0.924,1704.1333333333334,,54.60092782974243,,368,4,16,5d760ef42d71a06acce4efdc9ed931be057f16a6,False
complete,pendigits,pendigits__dyn__symmetric-hamiltonian__L8__lr0.01__bs32__seed14,results/runs/pendigits/pendigits__dyn__symmetric-hamiltonian__L8__lr0.01__bs32__seed14_seed14,pendigits,dyn,symmetric-hamiltonian,8,14,0.01,32,2000,True,plus,True,False,0.4640611802426304,0.932,0.5361650783064672,0.9162378502001144,0.948,1730.7333333333336,,54.33233833312988,,368,4,16,5d760ef42d71a06acce4efdc9ed931be057f16a6,False
complete,pendigits,pendigits__dyn__symmetric-hamiltonian__L8__lr0.01__bs32__seed15,results/runs/pendigits/pendigits__dyn__symmetric-hamiltonian__L8__lr0.01__bs32__seed15_seed15,pendigits,dyn,symmetric-hamiltonian,8,15,0.01,32,2000,True,plus,True,False,0.5212659153662021,0.932,0.5956236348436879,0.8739279588336192,0.936,1675.8000000000002,,53.367103576660156,,368,4,16,5d760ef42d71a06acce4efdc9ed931be057f16a6,False
complete,pendigits,pendigits__dyn__symmetric-hamiltonian__L8__lr0.01__bs32__seed16,results/runs/pendigits/pendigits__dyn__symmetric-hamiltonian__L8__lr0.01__bs32__seed16_seed16,pendigits,dyn,symmetric-hamiltonian,8,16,0.01,32,2000,True,plus,True,False,0.44971649300255007,0.9333333333333333,0.5251732058734002,0.885934819897084,0.9386666666666666,1712.1999999999996,,52.62115216255188,,368,4,16,5d760ef42d71a06acce4efdc9ed931be057f16a6,False
complete,pendigits,pendigits__dyn__symmetric-hamiltonian__L8__lr0.01__bs32__seed17,results/runs/pendigits/pendigits__dyn__symmetric-hamiltonian__L8__lr0.01__bs32__seed17_seed17,pendigits,dyn,symmetric-hamiltonian,8,17,0.01,32,2000,True,plus,True,False,0.4485873919721807,0.9373333333333334,0.5080787212196046,0.9050886220697542,0.9413333333333334,1710.4,,54.79286503791809,,368,4,16,5d760ef42d71a06acce4efdc9ed931be057f16a6,False
complete,pendigits,pendigits__dyn__symmetric-hamiltonian__L8__lr0.01__bs32__seed18,results/runs/pendigits/pendigits__dyn__symmetric-hamiltonian__L8__lr0.01__bs32__seed18_seed18,pendigits,dyn,symmetric-hamiltonian,8,18,0.01,32,2000,True,plus,True,False,0.6633115584902176,0.8426666666666667,0.7076451339871033,0.8284734133790738,0.9333333333333333,1666.2000000000003,,52.90928769111633,,368,4,16,5d760ef42d71a06acce4efdc9ed931be057f16a6,False
complete,pendigits,pendigits__dyn__symmetric-hamiltonian__L8__lr0.01__bs32__seed19,results/runs/pendigits/pendigits__dyn__symmetric-hamiltonian__L8__lr0.01__bs32__seed19_seed19,pendigits,dyn,symmetric-hamiltonian,8,19,0.01,32,2000,True,plus,True,False,0.47074843003678296,0.9226666666666666,0.5420300159236894,0.8836477987421384,0.9306666666666666,1684.533333333333,,53.73878073692322,,368,4,16,5d760ef42d71a06acce4efdc9ed931be057f16a6,False
complete,pendigits,pendigits__dyn__symmetric-hamiltonian__L8__lr0.01__bs32__seed1,results/runs/pendigits/pendigits__dyn__symmetric-hamiltonian__L8__lr0.01__bs32__seed1_seed1,pendigits,dyn,symmetric-hamiltonian,8,1,0.01,32,2000,True,plus,True,False,0.434130031502514,0.948,0.4955578661005342,0.8996569468267581,0.948,1742.6000000000001,,55.03082251548767,,368,4,16,5d760ef42d71a06acce4efdc9ed931be057f16a6,False
complete,pendigits,pendigits__dyn__symmetric-hamiltonian__L8__lr0.01__bs32__seed2,results/runs/pendigits/pendigits__dyn__symmetric-hamiltonian__L8__lr0.01__bs32__seed2_seed2,pendigits,dyn,symmetric-hamiltonian,8,2,0.01,32,2000,True,plus,True,False,0.4740731997795801,0.932,0.5329419915069276,0.906232132647227,0.932,1673.7333333333336,,50.940523862838745,,368,4,16,5d760ef42d71a06acce4efdc9ed931be057f16a6,False
complete,pendigits,pendigits__dyn__symmetric-hamiltonian__L8__lr0.01__bs32__seed3,results/runs/pendigits/pendigits__dyn__symmetric-hamiltonian__L8__lr0.01__bs32__seed3_seed3,pendigits,dyn,symmetric-hamiltonian,8,3,0.01,32,2000,True,plus,True,False,0.4712759558415684,0.944,0.5716074035150556,0.8873642081189251,0.9493333333333334,1723.5333333333333,,51.91186881065369,,368,4,16,5d760ef42d71a06acce4efdc9ed931be057f16a6,False
complete,pendigits,pendigits__dyn__symmetric-hamiltonian__L8__lr0.01__bs32__seed4,results/runs/pendigits/pendigits__dyn__symmetric-hamiltonian__L8__lr0.01__bs32__seed4_seed4,pendigits,dyn,symmetric-hamiltonian,8,4,0.01,32,2000,True,plus,True,False,0.5747107496955699,0.9013333333333333,0.6225886235350101,0.8825042881646655,0.94,1681.2,,53.54318118095398,,368,4,16,5d760ef42d71a06acce4efdc9ed931be057f16a6,False
complete,pendigits,pendigits__dyn__symmetric-hamiltonian__L8__lr0.01__bs32__seed5,results/runs/pendigits/pendigits__dyn__symmetric-hamiltonian__L8__lr0.01__bs32__seed5_seed5,pendigits,dyn,symmetric-hamiltonian,8,5,0.01,32,2000,True,plus,True,False,0.4825394468964717,0.9266666666666666,0.545227510788474,0.8893653516295026,0.9466666666666667,1707.4666666666665,,54.8145968914032,,368,4,16,5d760ef42d71a06acce4efdc9ed931be057f16a6,False
complete,pendigits,pendigits__dyn__symmetric-hamiltonian__L8__lr0.01__bs32__seed6,results/runs/pendigits/pendigits__dyn__symmetric-hamiltonian__L8__lr0.01__bs32__seed6_seed6,pendigits,dyn,symmetric-hamiltonian,8,6,0.01,32,2000,True,plus,True,False,0.47405825997844736,0.9573333333333334,0.5146898176800818,0.8999428244711264,0.9573333333333334,1743.8666666666672,,54.907829999923706,,368,4,16,5d760ef42d71a06acce4efdc9ed931be057f16a6,False
complete,pendigits,pendigits__dyn__symmetric-hamiltonian__L8__lr0.01__bs32__seed7,results/runs/pendigits/pendigits__dyn__symmetric-hamiltonian__L8__lr0.01__bs32__seed7_seed7,pendigits,dyn,symmetric-hamiltonian,8,7,0.01,32,2000,True,plus,True,False,0.4505397760508046,0.9373333333333334,0.5300060317704834,0.902229845626072,0.9373333333333334,1717.1333333333334,,52.58717942237854,,368,4,16,5d760ef42d71a06acce4efdc9ed931be057f16a6,False
complete,pendigits,pendigits__dyn__symmetric-hamiltonian__L8__lr0.01__bs32__seed8,results/runs/pendigits/pendigits__dyn__symmetric-hamiltonian__L8__lr0.01__bs32__seed8_seed8,pendigits,dyn,symmetric-hamiltonian,8,8,0.01,32,2000,True,plus,True,False,0.436647737728703,0.9386666666666666,0.4993719193003842,0.89136649514008,0.9386666666666666,1686.9999999999998,,54.586732387542725,,368,4,16,5d760ef42d71a06acce4efdc9ed931be057f16a6,False
complete,pendigits,pendigits__dyn__symmetric-hamiltonian__L8__lr0.01__bs32__seed9,results/runs/pendigits/pendigits__dyn__symmetric-hamiltonian__L8__lr0.01__bs32__seed9_seed9,pendigits,dyn,symmetric-hamiltonian,8,9,0.01,32,2000,True,plus,True,False,0.5064701772672133,0.9333333333333333,0.5656364070255822,0.888507718696398,0.9426666666666667,1727.4,,53.872108936309814,,368,4,16,5d760ef42d71a06acce4efdc9ed931be057f16a6,False
complete,pendigits,pendigits__dyn__trainable-frequency-ry__L16__lr0.01__bs32__seed0,results/runs/pendigits/pendigits__dyn__trainable-frequency-ry__L16__lr0.01__bs32__seed0_seed0,pendigits,dyn,trainable-frequency-ry,16,0,0.01,32,2000,True,plus,True,False,0.7992756435905243,0.7933333333333333,0.8858878532252515,0.7521440823327615,0.8173333333333334,1379.9333333333332,,1164.2680034637451,,3856,16,65536,457b0468ba5f023a4a9f38816dbca0899481d04d,False
complete,pendigits,pendigits__dyn__trainable-frequency-ry__L16__lr0.01__bs32__seed10,results/runs/pendigits/pendigits__dyn__trainable-frequency-ry__L16__lr0.01__bs32__seed10_seed10,pendigits,dyn,trainable-frequency-ry,16,10,0.01,32,2000,True,plus,True,False,0.753468000525676,0.8053333333333333,0.7890301389661717,0.8073184676958262,0.828,1379.3333333333335,,1173.878535270691,,3856,16,65536,457b0468ba5f023a4a9f38816dbca0899481d04d,False
complete,pendigits,pendigits__dyn__trainable-frequency-ry__L16__lr0.01__bs32__seed11,results/runs/pendigits/pendigits__dyn__trainable-frequency-ry__L16__lr0.01__bs32__seed11_seed11,pendigits,dyn,trainable-frequency-ry,16,11,0.01,32,2000,True,plus,True,False,0.7568856842339715,0.8213333333333334,0.8277124256536865,0.7764436821040595,0.8373333333333334,1361.9333333333332,,1171.263462305069,,3856,16,65536,457b0468ba5f023a4a9f38816dbca0899481d04d,False
complete,pendigits,pendigits__dyn__trainable-frequency-ry__L16__lr0.01__bs32__seed12,results/runs/pendigits/pendigits__dyn__trainable-frequency-ry__L16__lr0.01__bs32__seed12_seed12,pendigits,dyn,trainable-frequency-ry,16,12,0.01,32,2000,True,plus,True,False,0.6760065006314208,0.832,0.7328822698842599,0.8061749571183533,0.8533333333333334,1369.4,,1177.797848701477,,3856,16,65536,457b0468ba5f023a4a9f38816dbca0899481d04d,False
complete,pendigits,pendigits__dyn__trainable-frequency-ry__L16__lr0.01__bs32__seed13,results/runs/pendigits/pendigits__dyn__trainable-frequency-ry__L16__lr0.01__bs32__seed13_seed13,pendigits,dyn,trainable-frequency-ry,16,13,0.01,32,2000,True,plus,True,False,0.6613010534584631,0.8586666666666667,0.7173824482796829,0.8227558604917096,0.8626666666666667,1436.0000000000002,,1175.17312002182,,3856,16,65536,457b0468ba5f023a4a9f38816dbca0899481d04d,False
complete,pendigits,pendigits__dyn__trainable-frequency-ry__L16__lr0.01__bs32__seed14,results/runs/pendigits/pendigits__dyn__trainable-frequency-ry__L16__lr0.01__bs32__seed14_seed14,pendigits,dyn,trainable-frequency-ry,16,14,0.01,32,2000,True,plus,True,False,0.7462561349367922,0.8013333333333333,0.8421096018504451,0.7458547741566609,0.8213333333333334,1338.6,,1158.0037586688995,,3856,16,65536,457b0468ba5f023a4a9f38816dbca0899481d04d,False
complete,pendigits,pendigits__dyn__trainable-frequency-ry__L16__lr0.01__bs32__seed15,results/runs/pendigits/pendigits__dyn__trainable-frequency-ry__L16__lr0.01__bs32__seed15_seed15,pendigits,dyn,trainable-frequency-ry,16,15,0.01,32,2000,True,plus,True,False,0.7735384428115798,0.8146666666666667,0.858727350231528,0.7830188679245284,0.8346666666666667,1372.1333333333337,,1142.231199979782,,3856,16,65536,457b0468ba5f023a4a9f38816dbca0899481d04d,False
complete,pendigits,pendigits__dyn__trainable-frequency-ry__L16__lr0.01__bs32__seed16,results/runs/pendigits/pendigits__dyn__trainable-frequency-ry__L16__lr0.01__bs32__seed16_seed16,pendigits,dyn,trainable-frequency-ry,16,16,0.01,32,2000,True,plus,True,False,0.6722232868079301,0.8733333333333333,0.7465389123358055,0.8270440251572327,0.8733333333333333,1365.4666666666667,,1141.7804868221283,,3856,16,65536,457b0468ba5f023a4a9f38816dbca0899481d04d,False
complete,pendigits,pendigits__dyn__trainable-frequency-ry__L16__lr0.01__bs32__seed17,results/runs/pendigits/pendigits__dyn__trainable-frequency-ry__L16__lr0.01__bs32__seed17_seed17,pendigits,dyn,trainable-frequency-ry,16,17,0.01,32,2000,True,plus,True,False,0.7139539036696975,0.828,0.8071112510991222,0.7858776443682104,0.8306666666666667,1393.2000000000003,,1142.282419204712,,3856,16,65536,457b0468ba5f023a4a9f38816dbca0899481d04d,False
complete,pendigits,pendigits__dyn__trainable-frequency-ry__L16__lr0.01__bs32__seed18,results/runs/pendigits/pendigits__dyn__trainable-frequency-ry__L16__lr0.01__bs32__seed18_seed18,pendigits,dyn,trainable-frequency-ry,16,18,0.01,32,2000,True,plus,True,False,0.7342777940290481,0.8306666666666667,0.8021025853598037,0.8036020583190394,0.8306666666666667,1353.133333333333,,1142.9213345050812,,3856,16,65536,457b0468ba5f023a4a9f38816dbca0899481d04d,False
complete,pendigits,pendigits__dyn__trainable-frequency-ry__L16__lr0.01__bs32__seed19,results/runs/pendigits/pendigits__dyn__trainable-frequency-ry__L16__lr0.01__bs32__seed19_seed19,pendigits,dyn,trainable-frequency-ry,16,19,0.01,32,2000,True,plus,True,False,0.6751369912238746,0.8493333333333334,0.758975051245616,0.8013150371640938,0.8493333333333334,1422.5333333333333,,1141.2597568035126,,3856,16,65536,457b0468ba5f023a4a9f38816dbca0899481d04d,False
complete,pendigits,pendigits__dyn__trainable-frequency-ry__L16__lr0.01__bs32__seed1,results/runs/pendigits/pendigits__dyn__trainable-frequency-ry__L16__lr0.01__bs32__seed1_seed1,pendigits,dyn,trainable-frequency-ry,16,1,0.01,32,2000,True,plus,True,False,0.7584613595196096,0.8093333333333333,0.8433172479154065,0.7658662092624356,0.8133333333333334,1361.4,,1175.2621126174927,,3856,16,65536,457b0468ba5f023a4a9f38816dbca0899481d04d,False
complete,pendigits,pendigits__dyn__trainable-frequency-ry__L16__lr0.01__bs32__seed2,results/runs/pendigits/pendigits__dyn__trainable-frequency-ry__L16__lr0.01__bs32__seed2_seed2,pendigits,dyn,trainable-frequency-ry,16,2,0.01,32,2000,True,plus,True,False,0.6384826219156606,0.872,0.6966254761317331,0.8404802744425386,0.872,1407.2666666666664,,1136.3612308502197,,3856,16,65536,457b0468ba5f023a4a9f38816dbca0899481d04d,False
complete,pendigits,pendigits__dyn__trainable-frequency-ry__L16__lr0.01__bs32__seed3,results/runs/pendigits/pendigits__dyn__trainable-frequency-ry__L16__lr0.01__bs32__seed3_seed3,pendigits,dyn,trainable-frequency-ry,16,3,0.01,32,2000,True,plus,True,False,0.7287904157403751,0.8146666666666667,0.8105246650092817,0.7753001715265866,0.8186666666666667,1399.5333333333333,,1138.4440534114838,,3856,16,65536,457b0468ba5f023a4a9f38816dbca0899481d04d,False
complete,pendigits,pendigits__dyn__trainable-frequency-ry__L16__lr0.01__bs32__seed4,results/runs/pendigits/pendigits__dyn__trainable-frequency-ry__L16__lr0.01__bs32__seed4_seed4,pendigits,dyn,trainable-frequency-ry,16,4,0.01,32,2000,True,plus,True,False,0.790090961050137,0.8013333333333333,0.8654131442587815,0.7747284162378502,0.8026666666666666,1327.6000000000001,,1140.4474890232086,,3856,16,65536,457b0468ba5f023a4a9f38816dbca0899481d04d,False
complete,pendigits,pendigits__dyn__trainable-frequency-ry__L16__lr0.01__bs32__seed5,results/runs/pendigits/pendigits__dyn__trainable-frequency-ry__L16__lr0.01__bs32__seed5_seed5,pendigits,dyn,trainable-frequency-ry,16,5,0.01,32,2000,True,plus,True,False,0.7095175898608527,0.8466666666666667,0.812217022127051,0.7687249857061178,0.8466666666666667,1341.2666666666667,,1142.6779341697693,,3856,16,65536,457b0468ba5f023a4a9f38816dbca0899481d04d,False
complete,pendigits,pendigits__dyn__trainable-frequency-ry__L16__lr0.01__bs32__seed6,results/runs/pendigits/pendigits__dyn__trainable-frequency-ry__L16__lr0.01__bs32__seed6_seed6,pendigits,dyn,trainable-frequency-ry,16,6,0.01,32,2000,True,plus,True,False,0.7569082913045886,0.8346666666666667,0.7974605671328803,0.8221841052029731,0.8373333333333334,1306.8,,1142.8388109207153,,3856,16,65536,457b0468ba5f023a4a9f38816dbca0899481d04d,False
complete,pendigits,pendigits__dyn__trainable-frequency-ry__L16__lr0.01__bs32__seed7,results/runs/pendigits/pendigits__dyn__trainable-frequency-ry__L16__lr0.01__bs32__seed7_seed7,pendigits,dyn,trainable-frequency-ry,16,7,0.01,32,2000,True,plus,True,False,0.7003684516260174,0.84,0.7728692559783734,0.8138936535162951,0.8466666666666667,1421.3333333333337,,1142.793640613556,,3856,16,65536,457b0468ba5f023a4a9f38816dbca0899481d04d,False
complete,pendigits,pendigits__dyn__trainable-frequency-ry__L16__lr0.01__bs32__seed8,results/runs/pendigits/pendigits__dyn__trainable-frequency-ry__L16__lr0.01__bs32__seed8_seed8,pendigits,dyn,trainable-frequency-ry,16,8,0.01,32,2000,True,plus,True,False,0.7242708101019598,0.8093333333333333,0.7810332290782817,0.7804459691252144,0.836,1410.0666666666668,,1145.1196370124817,,3856,16,65536,457b0468ba5f023a4a9f38816dbca0899481d04d,False
complete,pendigits,pendigits__dyn__trainable-frequency-ry__L16__lr0.01__bs32__seed9,results/runs/pendigits/pendigits__dyn__trainable-frequency-ry__L16__lr0.01__bs32__seed9_seed9,pendigits,dyn,trainable-frequency-ry,16,9,0.01,32,2000,True,plus,True,False,0.6310337190353048,0.8613333333333333,0.7048713504717821,0.8310463121783876,0.8613333333333333,1457.1333333333332,,1142.7846536636353,,3856,16,65536,457b0468ba5f023a4a9f38816dbca0899481d04d,False
complete,pendigits,pendigits__dyn__trainable-frequency-ry__L1__lr0.01__bs32__seed0,results/runs/pendigits/pendigits__dyn__trainable-frequency-ry__L1__lr0.01__bs32__seed0_seed0,pendigits,dyn,trainable-frequency-ry,1,0,0.01,32,2000,True,plus,True,False,1.590471868452436,0.46266666666666667,1.611734111574127,0.4499714122355632,0.516,863.3333333333335,,77.70732426643372,,241,16,65536,457b0468ba5f023a4a9f38816dbca0899481d04d,False
complete,pendigits,pendigits__dyn__trainable-frequency-ry__L1__lr0.01__bs32__seed10,results/runs/pendigits/pendigits__dyn__trainable-frequency-ry__L1__lr0.01__bs32__seed10_seed10,pendigits,dyn,trainable-frequency-ry,1,10,0.01,32,2000,True,plus,True,False,1.6158225566153948,0.412,1.6402125085610022,0.41538021726700974,0.46266666666666667,824.4666666666667,,75.89289951324463,,241,16,65536,457b0468ba5f023a4a9f38816dbca0899481d04d,False
complete,pendigits,pendigits__dyn__trainable-frequency-ry__L1__lr0.01__bs32__seed11,results/runs/pendigits/pendigits__dyn__trainable-frequency-ry__L1__lr0.01__bs32__seed11_seed11,pendigits,dyn,trainable-frequency-ry,1,11,0.01,32,2000,True,plus,True,False,1.5761761217990389,0.4746666666666667,1.6212104490208252,0.4648370497427101,0.508,892.2666666666669,,76.82794904708862,,241,16,65536,457b0468ba5f023a4a9f38816dbca0899481d04d,False
complete,pendigits,pendigits__dyn__trainable-frequency-ry__L1__lr0.01__bs32__seed12,results/runs/pendigits/pendigits__dyn__trainable-frequency-ry__L1__lr0.01__bs32__seed12_seed12,pendigits,dyn,trainable-frequency-ry,1,12,0.01,32,2000,True,plus,True,False,1.5870358303919587,0.4533333333333333,1.643415739991004,0.4499714122355632,0.476,855.9999999999999,,75.79274868965149,,241,16,65536,457b0468ba5f023a4a9f38816dbca0899481d04d,False
complete,pendigits,pendigits__dyn__trainable-frequency-ry__L1__lr0.01__bs32__seed13,results/runs/pendigits/pendigits__dyn__trainable-frequency-ry__L1__lr0.01__bs32__seed13_seed13,pendigits,dyn,trainable-frequency-ry,1,13,0.01,32,2000,True,plus,True,False,1.5913567931112071,0.45866666666666667,1.6164770781227105,0.45483133218982275,0.492,866.4666666666667,,76.27605104446411,,241,16,65536,457b0468ba5f023a4a9f38816dbca0899481d04d,False
complete,pendigits,pendigits__dyn__trainable-frequency-ry__L1__lr0.01__bs32__seed14,results/runs/pendigits/pendigits__dyn__trainable-frequency-ry__L1__lr0.01__bs32__seed14_seed14,pendigits,dyn,trainable-frequency-ry,1,14,0.01,32,2000,True,plus,True,False,1.5773465898080778,0.444,1.5999041612190488,0.44053744997141225,0.512,820.3333333333333,,78.1587483882904,,241,16,65536,457b0468ba5f023a4a9f38816dbca0899481d04d,False
complete,pendigits,pendigits__dyn__trainable-frequency-ry__L1__lr0.01__bs32__seed15,results/runs/pendigits/pendigits__dyn__trainable-frequency-ry__L1__lr0.01__bs32__seed15_seed15,pendigits,dyn,trainable-frequency-ry,1,15,0.01,32,2000,True,plus,True,False,1.6075058618146125,0.47333333333333333,1.6309044262959396,0.4336763865065752,0.5026666666666667,812.8666666666666,,78.23834371566772,,241,16,65536,457b0468ba5f023a4a9f38816dbca0899481d04d,False
complete,pendigits,pendigits__dyn__trainable-frequency-ry__L1__lr0.01__bs32__seed16,results/runs/pendigits/pendigits__dyn__trainable-frequency-ry__L1__lr0.01__bs32__seed16_seed16,pendigits,dyn,trainable-frequency-ry,1,16,0.01,32,2000,True,plus,True,False,1.5718020338975118,0.45066666666666666,1.6153565141727246,0.449685534591195,0.4826666666666667,855.2,,75.07066893577576,,241,16,65536,457b0468ba5f023a4a9f38816dbca0899481d04d,False
complete,pendigits,pendigits__dyn__trainable-frequency-ry__L1__lr0.01__bs32__seed17,results/runs/pendigits/pendigits__dyn__trainable-frequency-ry__L1__lr0.01__bs32__seed17_seed17,pendigits,dyn,trainable-frequency-ry,1,17,0.01,32,2000,True,plus,True,False,1.5753568295866762,0.44666666666666666,1.5924761866623662,0.4479702687249857,0.48133333333333334,843.1333333333333,,76.46738910675049,,241,16,65536,457b0468ba5f023a4a9f38816dbca0899481d04d,False
complete,pendigits,pendigits__dyn__trainable-frequency-ry__L1__lr0.01__bs32__seed18,results/runs/pendigits/pendigits__dyn__trainable-frequency-ry__L1__lr0.01__bs32__seed18_seed18,pendigits,dyn,trainable-frequency-ry,1,18,0.01,32,2000,True,plus,True,False,1.5878334070443523,0.4573333333333333,1.6375029372493661,0.4368210405946255,0.476,858.8,,76.89123582839966,,241,16,65536,457b0468ba5f023a4a9f38816dbca0899481d04d,False
complete,pendigits,pendigits__dyn__trainable-frequency-ry__L1__lr0.01__bs32__seed19,results/runs/pendigits/pendigits__dyn__trainable-frequency-ry__L1__lr0.01__bs32__seed19_seed19,pendigits,dyn,trainable-frequency-ry,1,19,0.01,32,2000,True,plus,True,False,1.5852789107519722,0.4826666666666667,1.6201781973128055,0.5002858776443682,0.48533333333333334,884.1999999999999,,78.29454326629639,,241,16,65536,457b0468ba5f023a4a9f38816dbca0899481d04d,False
complete,pendigits,pendigits__dyn__trainable-frequency-ry__L1__lr0.01__bs32__seed1,results/runs/pendigits/pendigits__dyn__trainable-frequency-ry__L1__lr0.01__bs32__seed1_seed1,pendigits,dyn,trainable-frequency-ry,1,1,0.01,32,2000,True,plus,True,False,1.6019617676676907,0.45466666666666666,1.6270493763358118,0.4391080617495712,0.4706666666666667,809.0000000000001,,77.6513614654541,,241,16,65536,457b0468ba5f023a4a9f38816dbca0899481d04d,False
complete,pendigits,pendigits__dyn__trainable-frequency-ry__L1__lr0.01__bs32__seed2,results/runs/pendigits/pendigits__dyn__trainable-frequency-ry__L1__lr0.01__bs32__seed2_seed2,pendigits,dyn,trainable-frequency-ry,1,2,0.01,32,2000,True,plus,True,False,1.5846113234739805,0.44266666666666665,1.6259533109080475,0.4305317324185249,0.46,799.8666666666668,,78.39009499549866,,241,16,65536,457b0468ba5f023a4a9f38816dbca0899481d04d,False
complete,pendigits,pendigits__dyn__trainable-frequency-ry__L1__lr0.01__bs32__seed3,results/runs/pendigits/pendigits__dyn__trainable-frequency-ry__L1__lr0.01__bs32__seed3_seed3,pendigits,dyn,trainable-frequency-ry,1,3,0.01,32,2000,True,plus,True,False,1.6139383518998407,0.42133333333333334,1.6765247790011102,0.400800457404231,0.5013333333333333,885.3333333333333,,76.39031791687012,,241,16,65536,457b0468ba5f023a4a9f38816dbca0899481d04d,False
complete,pendigits,pendigits__dyn__trainable-frequency-ry__L1__lr0.01__bs32__seed4,results/runs/pendigits/pendigits__dyn__trainable-frequency-ry__L1__lr0.01__bs32__seed4_seed4,pendigits,dyn,trainable-frequency-ry,1,4,0.01,32,2000,True,plus,True,False,1.5723583089326767,0.45066666666666666,1.5773021797513265,0.4559748427672956,0.48,840.4666666666667,,76.64207863807678,,241,16,65536,457b0468ba5f023a4a9f38816dbca0899481d04d,False
complete,pendigits,pendigits__dyn__trainable-frequency-ry__L1__lr0.01__bs32__seed5,results/runs/pendigits/pendigits__dyn__trainable-frequency-ry__L1__lr0.01__bs32__seed5_seed5,pendigits,dyn,trainable-frequency-ry,1,5,0.01,32,2000,True,plus,True,False,1.6120957630414463,0.46266666666666667,1.6562741463274087,0.4468267581475129,0.4706666666666667,858.5333333333331,,78.21717309951782,,241,16,65536,457b0468ba5f023a4a9f38816dbca0899481d04d,False
complete,pendigits,pendigits__dyn__trainable-frequency-ry__L1__lr0.01__bs32__seed6,results/runs/pendigits/pendigits__dyn__trainable-frequency-ry__L1__lr0.01__bs32__seed6_seed6,pendigits,dyn,trainable-frequency-ry,1,6,0.01,32,2000,True,plus,True,False,1.587160898760662,0.43466666666666665,1.5820224239870126,0.4473985134362493,0.4706666666666667,841.8,,78.11885643005371,,241,16,65536,457b0468ba5f023a4a9f38816dbca0899481d04d,False
complete,pendigits,pendigits__dyn__trainable-frequency-ry__L1__lr0.01__bs32__seed7,results/runs/pendigits/pendigits__dyn__trainable-frequency-ry__L1__lr0.01__bs32__seed7_seed7,pendigits,dyn,trainable-frequency-ry,1,7,0.01,32,2000,True,plus,True,False,1.5859508533386648,0.4573333333333333,1.5879187349028854,0.4648370497427101,0.476,861.6,,75.4901807308197,,241,16,65536,457b0468ba5f023a4a9f38816dbca0899481d04d,False
complete,pendigits,pendigits__dyn__trainable-frequency-ry__L1__lr0.01__bs32__seed8,results/runs/pendigits/pendigits__dyn__trainable-frequency-ry__L1__lr0.01__bs32__seed8_seed8,pendigits,dyn,trainable-frequency-ry,1,8,0.01,32,2000,True,plus,True,False,1.6136890132749395,0.4146666666666667,1.6455605356675784,0.3673527730131504,0.464,775.8,,75.96005058288574,,241,16,65536,457b0468ba5f023a4a9f38816dbca0899481d04d,False
complete,pendigits,pendigits__dyn__trainable-frequency-ry__L1__lr0.01__bs32__seed9,results/runs/pendigits/pendigits__dyn__trainable-frequency-ry__L1__lr0.01__bs32__seed9_seed9,pendigits,dyn,trainable-frequency-ry,1,9,0.01,32,2000,True,plus,True,False,1.5939937885319027,0.444,1.6176768063064937,0.4691252144082333,0.4746666666666667,761.2666666666667,,76.6707444190979,,241,16,65536,457b0468ba5f023a4a9f38816dbca0899481d04d,False
complete,pendigits,pendigits__dyn__trainable-frequency-ry__L2__lr0.01__bs32__seed0,results/runs/pendigits/pendigits__dyn__trainable-frequency-ry__L2__lr0.01__bs32__seed0_seed0,pendigits,dyn,trainable-frequency-ry,2,0,0.01,32,2000,True,plus,True,False,1.253674688790985,0.632,1.3463388208687435,0.584333905088622,0.6626666666666666,1129.0666666666666,,148.40178108215332,,482,16,65536,457b0468ba5f023a4a9f38816dbca0899481d04d,False
complete,pendigits,pendigits__dyn__trainable-frequency-ry__L2__lr0.01__bs32__seed10,results/runs/pendigits/pendigits__dyn__trainable-frequency-ry__L2__lr0.01__bs32__seed10_seed10,pendigits,dyn,trainable-frequency-ry,2,10,0.01,32,2000,True,plus,True,False,1.3133938925760573,0.5826666666666667,1.344675310071642,0.5720411663807891,0.6306666666666667,1128.0666666666666,,140.25318145751953,,482,16,65536,457b0468ba5f023a4a9f38816dbca0899481d04d,False
complete,pendigits,pendigits__dyn__trainable-frequency-ry__L2__lr0.01__bs32__seed11,results/runs/pendigits/pendigits__dyn__trainable-frequency-ry__L2__lr0.01__bs32__seed11_seed11,pendigits,dyn,trainable-frequency-ry,2,11,0.01,32,2000,True,plus,True,False,1.2638601937694003,0.6026666666666667,1.3362587589147572,0.5746140651801029,0.6213333333333333,1126.9333333333334,,138.40356826782227,,482,16,65536,457b0468ba5f023a4a9f38816dbca0899481d04d,False
complete,pendigits,pendigits__dyn__trainable-frequency-ry__L2__lr0.01__bs32__seed12,results/runs/pendigits/pendigits__dyn__trainable-frequency-ry__L2__lr0.01__bs32__seed12_seed12,pendigits,dyn,trainable-frequency-ry,2,12,0.01,32,2000,True,plus,True,False,1.2066082774268825,0.6266666666666667,1.2978503296512602,0.5871926815323042,0.6386666666666667,1147.3333333333335,,141.3047878742218,,482,16,65536,457b0468ba5f023a4a9f38816dbca0899481d04d,False
complete,pendigits,pendigits__dyn__trainable-frequency-ry__L2__lr0.01__bs32__seed13,results/runs/pendigits/pendigits__dyn__trainable-frequency-ry__L2__lr0.01__bs32__seed13_seed13,pendigits,dyn,trainable-frequency-ry,2,13,0.01,32,2000,True,plus,True,False,1.163130427496256,0.64,1.2476590281569828,0.60062893081761,0.6626666666666666,1143.3333333333333,,141.29450678825378,,482,16,65536,457b0468ba5f023a4a9f38816dbca0899481d04d,False
complete,pendigits,pendigits__dyn__trainable-frequency-ry__L2__lr0.01__bs32__seed14,results/runs/pendigits/pendigits__dyn__trainable-frequency-ry__L2__lr0.01__bs32__seed14_seed14,pendigits,dyn,trainable-frequency-ry,2,14,0.01,32,2000,True,plus,True,False,1.221161847883256,0.6146666666666667,1.31390880641948,0.597770154373928,0.6293333333333333,1142.6666666666665,,139.98255348205566,,482,16,65536,457b0468ba5f023a4a9f38816dbca0899481d04d,False
complete,pendigits,pendigits__dyn__trainable-frequency-ry__L2__lr0.01__bs32__seed15,results/runs/pendigits/pendigits__dyn__trainable-frequency-ry__L2__lr0.01__bs32__seed15_seed15,pendigits,dyn,trainable-frequency-ry,2,15,0.01,32,2000,True,plus,True,False,1.2450934285013675,0.62,1.322956854306438,0.6106346483704974,0.644,1148.3333333333333,,141.27937841415405,,482,16,65536,457b0468ba5f023a4a9f38816dbca0899481d04d,False
complete,pendigits,pendigits__dyn__trainable-frequency-ry__L2__lr0.01__bs32__seed16,results/runs/pendigits/pendigits__dyn__trainable-frequency-ry__L2__lr0.01__bs32__seed16_seed16,pendigits,dyn,trainable-frequency-ry,2,16,0.01,32,2000,True,plus,True,False,1.22830161801385,0.5946666666666667,1.2977986023481523,0.5746140651801029,0.636,1133.1333333333332,,138.1898775100708,,482,16,65536,457b0468ba5f023a4a9f38816dbca0899481d04d,False
complete,pendigits,pendigits__dyn__trainable-frequency-ry__L2__lr0.01__bs32__seed17,results/runs/pendigits/pendigits__dyn__trainable-frequency-ry__L2__lr0.01__bs32__seed17_seed17,pendigits,dyn,trainable-frequency-ry,2,17,0.01,32,2000,True,plus,True,False,1.2175938801202266,0.612,1.3108992854923325,0.5769010863350486,0.652,1164.3333333333333,,140.4388303756714,,482,16,65536,457b0468ba5f023a4a9f38816dbca0899481d04d,False
complete,pendigits,pendigits__dyn__trainable-frequency-ry__L2__lr0.01__bs32__seed18,results/runs/pendigits/pendigits__dyn__trainable-frequency-ry__L2__lr0.01__bs32__seed18_seed18,pendigits,dyn,trainable-frequency-ry,2,18,0.01,32,2000,True,plus,True,False,1.2269056193875665,0.636,1.319127445103915,0.6060606060606061,0.6453333333333333,1143.6666666666665,,139.12538599967957,,482,16,65536,457b0468ba5f023a4a9f38816dbca0899481d04d,False
complete,pendigits,pendigits__dyn__trainable-frequency-ry__L2__lr0.01__bs32__seed19,results/runs/pendigits/pendigits__dyn__trainable-frequency-ry__L2__lr0.01__bs32__seed19_seed19,pendigits,dyn,trainable-frequency-ry,2,19,0.01,32,2000,True,plus,True,False,1.2088088396458743,0.604,1.2789917165790987,0.5883361921097771,0.6386666666666667,1119.0,,140.2219033241272,,482,16,65536,457b0468ba5f023a4a9f38816dbca0899481d04d,False
complete,pendigits,pendigits__dyn__trainable-frequency-ry__L2__lr0.01__bs32__seed1,results/runs/pendigits/pendigits__dyn__trainable-frequency-ry__L2__lr0.01__bs32__seed1_seed1,pendigits,dyn,trainable-frequency-ry,2,1,0.01,32,2000,True,plus,True,False,1.2668456440094866,0.5773333333333334,1.3260085289548895,0.5671812464265295,0.6093333333333333,1077.4,,139.9782485961914,,482,16,65536,457b0468ba5f023a4a9f38816dbca0899481d04d,False
complete,pendigits,pendigits__dyn__trainable-frequency-ry__L2__lr0.01__bs32__seed2,results/runs/pendigits/pendigits__dyn__trainable-frequency-ry__L2__lr0.01__bs32__seed2_seed2,pendigits,dyn,trainable-frequency-ry,2,2,0.01,32,2000,True,plus,True,False,1.2375776326998487,0.6053333333333333,1.2850106619255186,0.5889079473985135,0.6213333333333333,1101.6666666666667,,139.13657116889954,,482,16,65536,457b0468ba5f023a4a9f38816dbca0899481d04d,False
complete,pendigits,pendigits__dyn__trainable-frequency-ry__L2__lr0.01__bs32__seed3,results/runs/pendigits/pendigits__dyn__trainable-frequency-ry__L2__lr0.01__bs32__seed3_seed3,pendigits,dyn,trainable-frequency-ry,2,3,0.01,32,2000,True,plus,True,False,1.2768625986819635,0.6306666666666667,1.3269516964091181,0.5926243567753001,0.6306666666666667,1117.6,,141.86810302734375,,482,16,65536,457b0468ba5f023a4a9f38816dbca0899481d04d,False
complete,pendigits,pendigits__dyn__trainable-frequency-ry__L2__lr0.01__bs32__seed4,results/runs/pendigits/pendigits__dyn__trainable-frequency-ry__L2__lr0.01__bs32__seed4_seed4,pendigits,dyn,trainable-frequency-ry,2,4,0.01,32,2000,True,plus,True,False,1.2663716533940823,0.6186666666666667,1.3088760993233628,0.6106346483704974,0.6266666666666667,1110.4666666666665,,138.8139033317566,,482,16,65536,457b0468ba5f023a4a9f38816dbca0899481d04d,False
complete,pendigits,pendigits__dyn__trainable-frequency-ry__L2__lr0.01__bs32__seed5,results/runs/pendigits/pendigits__dyn__trainable-frequency-ry__L2__lr0.01__bs32__seed5_seed5,pendigits,dyn,trainable-frequency-ry,2,5,0.01,32,2000,True,plus,True,False,1.322502907348772,0.5693333333333334,1.3980527749702847,0.5291595197255574,0.6306666666666667,1127.0666666666668,,137.9264690876007,,482,16,65536,457b0468ba5f023a4a9f38816dbca0899481d04d,False
complete,pendigits,pendigits__dyn__trainable-frequency-ry__L2__lr0.01__bs32__seed6,results/runs/pendigits/pendigits__dyn__trainable-frequency-ry__L2__lr0.01__bs32__seed6_seed6,pendigits,dyn,trainable-frequency-ry,2,6,0.01,32,2000,True,plus,True,False,1.2302751879375993,0.6266666666666667,1.2968545546045283,0.6255002858776444,0.6466666666666666,1133.0,,138.35007095336914,,482,16,65536,457b0468ba5f023a4a9f38816dbca0899481d04d,False
complete,pendigits,pendigits__dyn__trainable-frequency-ry__L2__lr0.01__bs32__seed7,results/runs/pendigits/pendigits__dyn__trainable-frequency-ry__L2__lr0.01__bs32__seed7_seed7,pendigits,dyn,trainable-frequency-ry,2,7,0.01,32,2000,True,plus,True,False,1.2159994712112407,0.628,1.3145935306441827,0.6172098341909663,0.6426666666666667,1126.8,,140.378488779068,,482,16,65536,457b0468ba5f023a4a9f38816dbca0899481d04d,False
complete,pendigits,pendigits__dyn__trainable-frequency-ry__L2__lr0.01__bs32__seed8,results/runs/pendigits/pendigits__dyn__trainable-frequency-ry__L2__lr0.01__bs32__seed8_seed8,pendigits,dyn,trainable-frequency-ry,2,8,0.01,32,2000,True,plus,True,False,1.221950683462956,0.608,1.284652719859618,0.6074899942824471,0.6413333333333333,1150.8,,138.47892594337463,,482,16,65536,457b0468ba5f023a4a9f38816dbca0899481d04d,False
complete,pendigits,pendigits__dyn__trainable-frequency-ry__L2__lr0.01__bs32__seed9,results/runs/pendigits/pendigits__dyn__trainable-frequency-ry__L2__lr0.01__bs32__seed9_seed9,pendigits,dyn,trainable-frequency-ry,2,9,0.01,32,2000,True,plus,True,False,1.2501656564061001,0.6173333333333333,1.314432096300556,0.5803316180674671,0.6333333333333333,1124.2666666666667,,139.05539774894714,,482,16,65536,457b0468ba5f023a4a9f38816dbca0899481d04d,False
complete,pendigits,pendigits__dyn__trainable-frequency-ry__L32__lr0.01__bs32__seed0,results/runs/pendigits/pendigits__dyn__trainable-frequency-ry__L32__lr0.01__bs32__seed0_seed0,pendigits,dyn,trainable-frequency-ry,32,0,0.01,32,2000,True,plus,True,False,0.9401333381409407,0.7493333333333333,0.9973546789821245,0.7372784448256147,0.768,1053.7333333333331,,2470.1735446453094,,7712,16,65536,457b0468ba5f023a4a9f38816dbca0899481d04d,False
complete,pendigits,pendigits__dyn__trainable-frequency-ry__L32__lr0.01__bs32__seed10,results/runs/pendigits/pendigits__dyn__trainable-frequency-ry__L32__lr0.01__bs32__seed10_seed10,pendigits,dyn,trainable-frequency-ry,32,10,0.01,32,2000,True,plus,True,False,0.7528933527284897,0.836,0.7923597596341714,0.8213264722698685,0.8506666666666667,1223.2666666666664,,2463.2566471099854,,7712,16,65536,457b0468ba5f023a4a9f38816dbca0899481d04d,False
complete,pendigits,pendigits__dyn__trainable-frequency-ry__L32__lr0.01__bs32__seed11,results/runs/pendigits/pendigits__dyn__trainable-frequency-ry__L32__lr0.01__bs32__seed11_seed11,pendigits,dyn,trainable-frequency-ry,32,11,0.01,32,2000,True,plus,True,False,0.712024241988163,0.86,0.7879344086322779,0.819325328759291,0.86,1227.8666666666666,,2470.829591035843,,7712,16,65536,457b0468ba5f023a4a9f38816dbca0899481d04d,False
complete,pendigits,pendigits__dyn__trainable-frequency-ry__L32__lr0.01__bs32__seed12,results/runs/pendigits/pendigits__dyn__trainable-frequency-ry__L32__lr0.01__bs32__seed12_seed12,pendigits,dyn,trainable-frequency-ry,32,12,0.01,32,2000,True,plus,True,False,0.7776853280962748,0.8466666666666667,0.8258892561813265,0.8313321898227558,0.8466666666666667,1096.9333333333334,,2445.0871481895447,,7712,16,65536,457b0468ba5f023a4a9f38816dbca0899481d04d,False
complete,pendigits,pendigits__dyn__trainable-frequency-ry__L32__lr0.01__bs32__seed13,results/runs/pendigits/pendigits__dyn__trainable-frequency-ry__L32__lr0.01__bs32__seed13_seed13,pendigits,dyn,trainable-frequency-ry,32,13,0.01,32,2000,True,plus,True,False,0.7337494063365629,0.84,0.8136464972214158,0.8081761006289309,0.84,1093.9333333333332,,2464.4865720272064,,7712,16,65536,457b0468ba5f023a4a9f38816dbca0899481d04d,False
complete,pendigits,pendigits__dyn__trainable-frequency-ry__L32__lr0.01__bs32__seed14,results/runs/pendigits/pendigits__dyn__trainable-frequency-ry__L32__lr0.01__bs32__seed14_seed14,pendigits,dyn,trainable-frequency-ry,32,14,0.01,32,2000,True,plus,True,False,0.6594669792647925,0.848,0.7023064094056062,0.8290451686678102,0.848,1170.9333333333334,,2466.6100261211395,,7712,16,65536,457b0468ba5f023a4a9f38816dbca0899481d04d,False
complete,pendigits,pendigits__dyn__trainable-frequency-ry__L32__lr0.01__bs32__seed15,results/runs/pendigits/pendigits__dyn__trainable-frequency-ry__L32__lr0.01__bs32__seed15_seed15,pendigits,dyn,trainable-frequency-ry,32,15,0.01,32,2000,True,plus,True,False,0.79888098544365,0.8186666666666667,0.8410601921651893,0.7861635220125787,0.824,1101.4666666666667,,2461.5398619174957,,7712,16,65536,457b0468ba5f023a4a9f38816dbca0899481d04d,False
complete,pendigits,pendigits__dyn__trainable-frequency-ry__L32__lr0.01__bs32__seed16,results/runs/pendigits/pendigits__dyn__trainable-frequency-ry__L32__lr0.01__bs32__seed16_seed16,pendigits,dyn,trainable-frequency-ry,32,16,0.01,32,2000,True,plus,True,False,0.6822005279700174,0.8333333333333334,0.7300090803274834,0.819325328759291,0.8373333333333334,1184.6666666666665,,2462.5799474716187,,7712,16,65536,457b0468ba5f023a4a9f38816dbca0899481d04d,False
complete,pendigits,pendigits__dyn__trainable-frequency-ry__L32__lr0.01__bs32__seed17,results/runs/pendigits/pendigits__dyn__trainable-frequency-ry__L32__lr0.01__bs32__seed17_seed17,pendigits,dyn,trainable-frequency-ry,32,17,0.01,32,2000,True,plus,True,False,0.6734994771365583,0.8573333333333333,0.7785382139562312,0.8181818181818182,0.8573333333333333,1190.0000000000002,,2459.8643596172333,,7712,16,65536,457b0468ba5f023a4a9f38816dbca0899481d04d,False
complete,pendigits,pendigits__dyn__trainable-frequency-ry__L32__lr0.01__bs32__seed18,results/runs/pendigits/pendigits__dyn__trainable-frequency-ry__L32__lr0.01__bs32__seed18_seed18,pendigits,dyn,trainable-frequency-ry,32,18,0.01,32,2000,True,plus,True,False,0.8345778903213388,0.8266666666666667,0.8899298957048879,0.7898799313893653,0.8386666666666667,1108.6666666666667,,2469.981598138809,,7712,16,65536,457b0468ba5f023a4a9f38816dbca0899481d04d,False
complete,pendigits,pendigits__dyn__trainable-frequency-ry__L32__lr0.01__bs32__seed19,results/runs/pendigits/pendigits__dyn__trainable-frequency-ry__L32__lr0.01__bs32__seed19_seed19,pendigits,dyn,trainable-frequency-ry,32,19,0.01,32,2000,True,plus,True,False,0.7258224117666856,0.8373333333333334,0.7825081318250581,0.8141795311606632,0.8386666666666667,1165.6,,2471.701338529587,,7712,16,65536,457b0468ba5f023a4a9f38816dbca0899481d04d,False
complete,pendigits,pendigits__dyn__trainable-frequency-ry__L32__lr0.01__bs32__seed1,results/runs/pendigits/pendigits__dyn__trainable-frequency-ry__L32__lr0.01__bs32__seed1_seed1,pendigits,dyn,trainable-frequency-ry,32,1,0.01,32,2000,True,plus,True,False,0.6899454714740224,0.8613333333333333,0.7602159611572773,0.8270440251572327,0.8613333333333333,1168.0666666666666,,2461.292911529541,,7712,16,65536,457b0468ba5f023a4a9f38816dbca0899481d04d,False
complete,pendigits,pendigits__dyn__trainable-frequency-ry__L32__lr0.01__bs32__seed2,results/runs/pendigits/pendigits__dyn__trainable-frequency-ry__L32__lr0.01__bs32__seed2_seed2,pendigits,dyn,trainable-frequency-ry,32,2,0.01,32,2000,True,plus,True,False,0.7956428908142759,0.82,0.8482589243085871,0.8067467124070897,0.848,1169.4666666666667,,2464.5268518924713,,7712,16,65536,457b0468ba5f023a4a9f38816dbca0899481d04d,False
complete,pendigits,pendigits__dyn__trainable-frequency-ry__L32__lr0.01__bs32__seed3,results/runs/pendigits/pendigits__dyn__trainable-frequency-ry__L32__lr0.01__bs32__seed3_seed3,pendigits,dyn,trainable-frequency-ry,32,3,0.01,32,2000,True,plus,True,False,0.669151226468625,0.8613333333333333,0.7192266419827247,0.8307604345340195,0.8613333333333333,1233.1333333333332,,2468.9213824272156,,7712,16,65536,457b0468ba5f023a4a9f38816dbca0899481d04d,False
complete,pendigits,pendigits__dyn__trainable-frequency-ry__L32__lr0.01__bs32__seed4,results/runs/pendigits/pendigits__dyn__trainable-frequency-ry__L32__lr0.01__bs32__seed4_seed4,pendigits,dyn,trainable-frequency-ry,32,4,0.01,32,2000,True,plus,True,False,0.7854822623192169,0.832,0.8634802661652767,0.7978845054316752,0.832,1181.0666666666666,,2475.4412314891815,,7712,16,65536,457b0468ba5f023a4a9f38816dbca0899481d04d,False
complete,pendigits,pendigits__dyn__trainable-frequency-ry__L32__lr0.01__bs32__seed5,results/runs/pendigits/pendigits__dyn__trainable-frequency-ry__L32__lr0.01__bs32__seed5_seed5,pendigits,dyn,trainable-frequency-ry,32,5,0.01,32,2000,True,plus,True,False,0.6592110998261196,0.876,0.7611109565860512,0.8284734133790738,0.88,1215.6666666666663,,2456.7394807338715,,7712,16,65536,457b0468ba5f023a4a9f38816dbca0899481d04d,False
complete,pendigits,pendigits__dyn__trainable-frequency-ry__L32__lr0.01__bs32__seed6,results/runs/pendigits/pendigits__dyn__trainable-frequency-ry__L32__lr0.01__bs32__seed6_seed6,pendigits,dyn,trainable-frequency-ry,32,6,0.01,32,2000,True,plus,True,False,0.6946062415777231,0.8546666666666667,0.751888489290023,0.8479130931961121,0.8546666666666667,1224.6666666666667,,2471.816040277481,,7712,16,65536,457b0468ba5f023a4a9f38816dbca0899481d04d,False
complete,pendigits,pendigits__dyn__trainable-frequency-ry__L32__lr0.01__bs32__seed7,results/runs/pendigits/pendigits__dyn__trainable-frequency-ry__L32__lr0.01__bs32__seed7_seed7,pendigits,dyn,trainable-frequency-ry,32,7,0.01,32,2000,True,plus,True,False,0.81653355543371,0.84,0.8427712626314856,0.8124642652944539,0.84,1177.6666666666667,,2518.790667772293,,7712,16,65536,457b0468ba5f023a4a9f38816dbca0899481d04d,False
complete,pendigits,pendigits__dyn__trainable-frequency-ry__L32__lr0.01__bs32__seed8,results/runs/pendigits/pendigits__dyn__trainable-frequency-ry__L32__lr0.01__bs32__seed8_seed8,pendigits,dyn,trainable-frequency-ry,32,8,0.01,32,2000,True,plus,True,False,0.6328527162809497,0.856,0.6730532175326083,0.8376214979988564,0.86,1251.0666666666666,,2514.0667219161987,,7712,16,65536,457b0468ba5f023a4a9f38816dbca0899481d04d,False
complete,pendigits,pendigits__dyn__trainable-frequency-ry__L32__lr0.01__bs32__seed9,results/runs/pendigits/pendigits__dyn__trainable-frequency-ry__L32__lr0.01__bs32__seed9_seed9,pendigits,dyn,trainable-frequency-ry,32,9,0.01,32,2000,True,plus,True,False,0.8127134470736157,0.8333333333333334,0.8641970532342688,0.8116066323613493,0.8346666666666667,1167.0666666666668,,2505.613042831421,,7712,16,65536,457b0468ba5f023a4a9f38816dbca0899481d04d,False
complete,pendigits,pendigits__dyn__trainable-frequency-ry__L4__lr0.01__bs32__seed0,results/runs/pendigits/pendigits__dyn__trainable-frequency-ry__L4__lr0.01__bs32__seed0_seed0,pendigits,dyn,trainable-frequency-ry,4,0,0.01,32,2000,True,plus,True,False,1.0250880865816838,0.7253333333333334,1.1157915152372642,0.6849628359062321,0.7253333333333334,1256.8666666666668,,287.55227541923523,,964,16,65536,457b0468ba5f023a4a9f38816dbca0899481d04d,False
complete,pendigits,pendigits__dyn__trainable-frequency-ry__L4__lr0.01__bs32__seed10,results/runs/pendigits/pendigits__dyn__trainable-frequency-ry__L4__lr0.01__bs32__seed10_seed10,pendigits,dyn,trainable-frequency-ry,4,10,0.01,32,2000,True,plus,True,False,1.049181132853765,0.7106666666666667,1.1152591233987876,0.6803887935963407,0.7466666666666667,1313.4,,276.43084383010864,,964,16,65536,457b0468ba5f023a4a9f38816dbca0899481d04d,False
complete,pendigits,pendigits__dyn__trainable-frequency-ry__L4__lr0.01__bs32__seed11,results/runs/pendigits/pendigits__dyn__trainable-frequency-ry__L4__lr0.01__bs32__seed11_seed11,pendigits,dyn,trainable-frequency-ry,4,11,0.01,32,2000,True,plus,True,False,1.022021553268766,0.6933333333333334,1.112801748568866,0.6592338479130933,0.7186666666666667,1284.8000000000002,,275.9229369163513,,964,16,65536,457b0468ba5f023a4a9f38816dbca0899481d04d,False
complete,pendigits,pendigits__dyn__trainable-frequency-ry__L4__lr0.01__bs32__seed12,results/runs/pendigits/pendigits__dyn__trainable-frequency-ry__L4__lr0.01__bs32__seed12_seed12,pendigits,dyn,trainable-frequency-ry,4,12,0.01,32,2000,True,plus,True,False,1.0465021574536517,0.7026666666666667,1.1470832465090672,0.6729559748427673,0.7226666666666667,1281.6,,274.354070186615,,964,16,65536,457b0468ba5f023a4a9f38816dbca0899481d04d,False
complete,pendigits,pendigits__dyn__trainable-frequency-ry__L4__lr0.01__bs32__seed13,results/runs/pendigits/pendigits__dyn__trainable-frequency-ry__L4__lr0.01__bs32__seed13_seed13,pendigits,dyn,trainable-frequency-ry,4,13,0.01,32,2000,True,plus,True,False,0.955443313730712,0.7373333333333333,1.0408245585573006,0.6978273299028016,0.7413333333333333,1301.333333333333,,275.69442796707153,,964,16,65536,457b0468ba5f023a4a9f38816dbca0899481d04d,False
complete,pendigits,pendigits__dyn__trainable-frequency-ry__L4__lr0.01__bs32__seed14,results/runs/pendigits/pendigits__dyn__trainable-frequency-ry__L4__lr0.01__bs32__seed14_seed14,pendigits,dyn,trainable-frequency-ry,4,14,0.01,32,2000,True,plus,True,False,1.034929296527442,0.6786666666666666,1.0994490180136725,0.6872498570611778,0.708,1277.2,,278.5200049877167,,964,16,65536,457b0468ba5f023a4a9f38816dbca0899481d04d,False
complete,pendigits,pendigits__dyn__trainable-frequency-ry__L4__lr0.01__bs32__seed15,results/runs/pendigits/pendigits__dyn__trainable-frequency-ry__L4__lr0.01__bs32__seed15_seed15,pendigits,dyn,trainable-frequency-ry,4,15,0.01,32,2000,True,plus,True,False,1.0416625763902925,0.72,1.1343458488132272,0.6706689536878216,0.72,1260.4666666666665,,274.2815737724304,,964,16,65536,457b0468ba5f023a4a9f38816dbca0899481d04d,False
complete,pendigits,pendigits__dyn__trainable-frequency-ry__L4__lr0.01__bs32__seed16,results/runs/pendigits/pendigits__dyn__trainable-frequency-ry__L4__lr0.01__bs32__seed16_seed16,pendigits,dyn,trainable-frequency-ry,4,16,0.01,32,2000,True,plus,True,False,1.023121126087869,0.7,1.1091316588026023,0.6649514008004574,0.7266666666666667,1295.3333333333335,,281.4366030693054,,964,16,65536,457b0468ba5f023a4a9f38816dbca0899481d04d,False
complete,pendigits,pendigits__dyn__trainable-frequency-ry__L4__lr0.01__bs32__seed17,results/runs/pendigits/pendigits__dyn__trainable-frequency-ry__L4__lr0.01__bs32__seed17_seed17,pendigits,dyn,trainable-frequency-ry,4,17,0.01,32,2000,True,plus,True,False,1.0245404236530853,0.7413333333333333,1.0883338885806497,0.7044025157232704,0.7453333333333333,1335.8,,276.5417950153351,,964,16,65536,457b0468ba5f023a4a9f38816dbca0899481d04d,False
complete,pendigits,pendigits__dyn__trainable-frequency-ry__L4__lr0.01__bs32__seed18,results/runs/pendigits/pendigits__dyn__trainable-frequency-ry__L4__lr0.01__bs32__seed18_seed18,pendigits,dyn,trainable-frequency-ry,4,18,0.01,32,2000,True,plus,True,False,0.9314684595756779,0.7373333333333333,1.0228988874558398,0.7126929674099486,0.7506666666666667,1337.7333333333333,,277.8256285190582,,964,16,65536,457b0468ba5f023a4a9f38816dbca0899481d04d,False
complete,pendigits,pendigits__dyn__trainable-frequency-ry__L4__lr0.01__bs32__seed19,results/runs/pendigits/pendigits__dyn__trainable-frequency-ry__L4__lr0.01__bs32__seed19_seed19,pendigits,dyn,trainable-frequency-ry,4,19,0.01,32,2000,True,plus,True,False,0.954416562348344,0.756,1.0234195501692915,0.7186963979416809,0.764,1317.1333333333334,,279.0455415248871,,964,16,65536,457b0468ba5f023a4a9f38816dbca0899481d04d,False
complete,pendigits,pendigits__dyn__trainable-frequency-ry__L4__lr0.01__bs32__seed1,results/runs/pendigits/pendigits__dyn__trainable-frequency-ry__L4__lr0.01__bs32__seed1_seed1,pendigits,dyn,trainable-frequency-ry,4,1,0.01,32,2000,True,plus,True,False,1.042143031759481,0.7213333333333334,1.0990485744600875,0.6975414522584333,0.7306666666666667,1305.3333333333333,,360.4485893249512,,964,16,65536,5d760ef42d71a06acce4efdc9ed931be057f16a6,False
complete,pendigits,pendigits__dyn__trainable-frequency-ry__L4__lr0.01__bs32__seed2,results/runs/pendigits/pendigits__dyn__trainable-frequency-ry__L4__lr0.01__bs32__seed2_seed2,pendigits,dyn,trainable-frequency-ry,4,2,0.01,32,2000,True,plus,True,False,0.9615730985202158,0.7053333333333334,1.0250352432254952,0.6769582618639223,0.7306666666666667,1312.3333333333335,,277.3280029296875,,964,16,65536,457b0468ba5f023a4a9f38816dbca0899481d04d,False
complete,pendigits,pendigits__dyn__trainable-frequency-ry__L4__lr0.01__bs32__seed3,results/runs/pendigits/pendigits__dyn__trainable-frequency-ry__L4__lr0.01__bs32__seed3_seed3,pendigits,dyn,trainable-frequency-ry,4,3,0.01,32,2000,True,plus,True,False,0.9934190375455505,0.7226666666666667,1.0843615975646401,0.7032590051457976,0.732,1317.3999999999999,,276.07054114341736,,964,16,65536,457b0468ba5f023a4a9f38816dbca0899481d04d,False
complete,pendigits,pendigits__dyn__trainable-frequency-ry__L4__lr0.01__bs32__seed4,results/runs/pendigits/pendigits__dyn__trainable-frequency-ry__L4__lr0.01__bs32__seed4_seed4,pendigits,dyn,trainable-frequency-ry,4,4,0.01,32,2000,True,plus,True,False,0.9803110447194633,0.74,1.056210710829071,0.70926243567753,0.748,1331.2666666666667,,277.33608841896057,,964,16,65536,457b0468ba5f023a4a9f38816dbca0899481d04d,False
complete,pendigits,pendigits__dyn__trainable-frequency-ry__L4__lr0.01__bs32__seed5,results/runs/pendigits/pendigits__dyn__trainable-frequency-ry__L4__lr0.01__bs32__seed5_seed5,pendigits,dyn,trainable-frequency-ry,4,5,0.01,32,2000,True,plus,True,False,0.9488167973404371,0.7533333333333333,1.009458245891301,0.7278444825614637,0.7706666666666667,1341.2666666666667,,278.29419016838074,,964,16,65536,457b0468ba5f023a4a9f38816dbca0899481d04d,False
complete,pendigits,pendigits__dyn__trainable-frequency-ry__L4__lr0.01__bs32__seed6,results/runs/pendigits/pendigits__dyn__trainable-frequency-ry__L4__lr0.01__bs32__seed6_seed6,pendigits,dyn,trainable-frequency-ry,4,6,0.01,32,2000,True,plus,True,False,0.9726618651132832,0.7373333333333333,1.0581094297086573,0.7178387650085764,0.7506666666666667,1362.0666666666666,,278.90168499946594,,964,16,65536,457b0468ba5f023a4a9f38816dbca0899481d04d,False
complete,pendigits,pendigits__dyn__trainable-frequency-ry__L4__lr0.01__bs32__seed7,results/runs/pendigits/pendigits__dyn__trainable-frequency-ry__L4__lr0.01__bs32__seed7_seed7,pendigits,dyn,trainable-frequency-ry,4,7,0.01,32,2000,True,plus,True,False,0.9521290729127183,0.7466666666666667,1.068717007606116,0.7109777015437393,0.748,1307.8,,277.0459179878235,,964,16,65536,457b0468ba5f023a4a9f38816dbca0899481d04d,False
complete,pendigits,pendigits__dyn__trainable-frequency-ry__L4__lr0.01__bs32__seed8,results/runs/pendigits/pendigits__dyn__trainable-frequency-ry__L4__lr0.01__bs32__seed8_seed8,pendigits,dyn,trainable-frequency-ry,4,8,0.01,32,2000,True,plus,True,False,1.0221253206860763,0.724,1.0943900315558475,0.6958261863922242,0.7413333333333333,1340.0666666666664,,276.8580355644226,,964,16,65536,457b0468ba5f023a4a9f38816dbca0899481d04d,False
complete,pendigits,pendigits__dyn__trainable-frequency-ry__L4__lr0.01__bs32__seed9,results/runs/pendigits/pendigits__dyn__trainable-frequency-ry__L4__lr0.01__bs32__seed9_seed9,pendigits,dyn,trainable-frequency-ry,4,9,0.01,32,2000,True,plus,True,False,0.9854098294308733,0.7173333333333334,1.0337580266155781,0.7221269296740995,0.7253333333333334,1296.0,,280.3220145702362,,964,16,65536,457b0468ba5f023a4a9f38816dbca0899481d04d,False
complete,pendigits,pendigits__dyn__trainable-frequency-ry__L8__lr0.01__bs32__seed0,results/runs/pendigits/pendigits__dyn__trainable-frequency-ry__L8__lr0.01__bs32__seed0_seed0,pendigits,dyn,trainable-frequency-ry,8,0,0.01,32,2000,True,plus,True,False,0.7501423532290967,0.8226666666666667,0.8590695944304666,0.7750142938822184,0.8346666666666667,1449.1333333333328,,554.7955830097198,,1928,16,65536,457b0468ba5f023a4a9f38816dbca0899481d04d,False
complete,pendigits,pendigits__dyn__trainable-frequency-ry__L8__lr0.01__bs32__seed10,results/runs/pendigits/pendigits__dyn__trainable-frequency-ry__L8__lr0.01__bs32__seed10_seed10,pendigits,dyn,trainable-frequency-ry,8,10,0.01,32,2000,True,plus,True,False,0.898635153231326,0.768,0.9610880839528508,0.7427101200686106,0.7906666666666666,1392.0666666666666,,537.0788793563843,,1928,16,65536,457b0468ba5f023a4a9f38816dbca0899481d04d,False
complete,pendigits,pendigits__dyn__trainable-frequency-ry__L8__lr0.01__bs32__seed11,results/runs/pendigits/pendigits__dyn__trainable-frequency-ry__L8__lr0.01__bs32__seed11_seed11,pendigits,dyn,trainable-frequency-ry,8,11,0.01,32,2000,True,plus,True,False,0.8376317298908792,0.8066666666666666,0.8936789127304002,0.7621497998856489,0.8066666666666666,1365.0666666666666,,544.6035165786743,,1928,16,65536,457b0468ba5f023a4a9f38816dbca0899481d04d,False
complete,pendigits,pendigits__dyn__trainable-frequency-ry__L8__lr0.01__bs32__seed12,results/runs/pendigits/pendigits__dyn__trainable-frequency-ry__L8__lr0.01__bs32__seed12_seed12,pendigits,dyn,trainable-frequency-ry,8,12,0.01,32,2000,True,plus,True,False,0.7314500693811279,0.8533333333333334,0.8016246007699879,0.8167524299599771,0.8533333333333334,1488.4666666666665,,544.7471058368683,,1928,16,65536,457b0468ba5f023a4a9f38816dbca0899481d04d,False
complete,pendigits,pendigits__dyn__trainable-frequency-ry__L8__lr0.01__bs32__seed13,results/runs/pendigits/pendigits__dyn__trainable-frequency-ry__L8__lr0.01__bs32__seed13_seed13,pendigits,dyn,trainable-frequency-ry,8,13,0.01,32,2000,True,plus,True,False,0.7729455843026217,0.8093333333333333,0.85493910276326,0.7650085763293311,0.82,1409.1333333333332,,543.2614006996155,,1928,16,65536,457b0468ba5f023a4a9f38816dbca0899481d04d,False
complete,pendigits,pendigits__dyn__trainable-frequency-ry__L8__lr0.01__bs32__seed14,results/runs/pendigits/pendigits__dyn__trainable-frequency-ry__L8__lr0.01__bs32__seed14_seed14,pendigits,dyn,trainable-frequency-ry,8,14,0.01,32,2000,True,plus,True,False,0.7359142955825481,0.8253333333333334,0.7992444843332028,0.7967409948542024,0.8386666666666667,1467.6000000000001,,545.8278968334198,,1928,16,65536,457b0468ba5f023a4a9f38816dbca0899481d04d,False
complete,pendigits,pendigits__dyn__trainable-frequency-ry__L8__lr0.01__bs32__seed15,results/runs/pendigits/pendigits__dyn__trainable-frequency-ry__L8__lr0.01__bs32__seed15_seed15,pendigits,dyn,trainable-frequency-ry,8,15,0.01,32,2000,True,plus,True,False,0.7830760193779728,0.7826666666666666,0.9001187574228166,0.7349914236706689,0.7973333333333333,1415.6666666666665,,550.2804894447327,,1928,16,65536,457b0468ba5f023a4a9f38816dbca0899481d04d,False
complete,pendigits,pendigits__dyn__trainable-frequency-ry__L8__lr0.01__bs32__seed16,results/runs/pendigits/pendigits__dyn__trainable-frequency-ry__L8__lr0.01__bs32__seed16_seed16,pendigits,dyn,trainable-frequency-ry,8,16,0.01,32,2000,True,plus,True,False,0.7983334401376627,0.8333333333333334,0.8655490469757409,0.7873070325900514,0.8333333333333334,1395.2666666666669,,539.3631184101105,,1928,16,65536,457b0468ba5f023a4a9f38816dbca0899481d04d,False
complete,pendigits,pendigits__dyn__trainable-frequency-ry__L8__lr0.01__bs32__seed17,results/runs/pendigits/pendigits__dyn__trainable-frequency-ry__L8__lr0.01__bs32__seed17_seed17,pendigits,dyn,trainable-frequency-ry,8,17,0.01,32,2000,True,plus,True,False,0.7845670172585849,0.8013333333333333,0.8723762180345915,0.7750142938822184,0.816,1417.7333333333333,,548.1920049190521,,1928,16,65536,457b0468ba5f023a4a9f38816dbca0899481d04d,False
complete,pendigits,pendigits__dyn__trainable-frequency-ry__L8__lr0.01__bs32__seed18,results/runs/pendigits/pendigits__dyn__trainable-frequency-ry__L8__lr0.01__bs32__seed18_seed18,pendigits,dyn,trainable-frequency-ry,8,18,0.01,32,2000,True,plus,True,False,0.756953662789792,0.8373333333333334,0.8254907338858172,0.7850200114351058,0.8373333333333334,1388.3999999999999,,545.5173020362854,,1928,16,65536,457b0468ba5f023a4a9f38816dbca0899481d04d,False
complete,pendigits,pendigits__dyn__trainable-frequency-ry__L8__lr0.01__bs32__seed19,results/runs/pendigits/pendigits__dyn__trainable-frequency-ry__L8__lr0.01__bs32__seed19_seed19,pendigits,dyn,trainable-frequency-ry,8,19,0.01,32,2000,True,plus,True,False,0.8094841424592766,0.8133333333333334,0.8929385032312633,0.7778730703259005,0.8253333333333334,1438.6666666666665,,538.7157728672028,,1928,16,65536,457b0468ba5f023a4a9f38816dbca0899481d04d,False
complete,pendigits,pendigits__dyn__trainable-frequency-ry__L8__lr0.01__bs32__seed1,results/runs/pendigits/pendigits__dyn__trainable-frequency-ry__L8__lr0.01__bs32__seed1_seed1,pendigits,dyn,trainable-frequency-ry,8,1,0.01,32,2000,True,plus,True,False,0.7682333497508078,0.8106666666666666,0.8457144797792654,0.7610062893081762,0.8186666666666667,1411.4000000000003,,563.702707529068,,1928,16,65536,457b0468ba5f023a4a9f38816dbca0899481d04d,False
complete,pendigits,pendigits__dyn__trainable-frequency-ry__L8__lr0.01__bs32__seed2,results/runs/pendigits/pendigits__dyn__trainable-frequency-ry__L8__lr0.01__bs32__seed2_seed2,pendigits,dyn,trainable-frequency-ry,8,2,0.01,32,2000,True,plus,True,False,0.7898161297049745,0.8213333333333334,0.8876624243204089,0.7670097198399085,0.8213333333333334,1419.8666666666666,,544.9416847229004,,1928,16,65536,457b0468ba5f023a4a9f38816dbca0899481d04d,False
complete,pendigits,pendigits__dyn__trainable-frequency-ry__L8__lr0.01__bs32__seed3,results/runs/pendigits/pendigits__dyn__trainable-frequency-ry__L8__lr0.01__bs32__seed3_seed3,pendigits,dyn,trainable-frequency-ry,8,3,0.01,32,2000,True,plus,True,False,0.6755384195125133,0.84,0.7778806275709323,0.8013150371640938,0.844,1468.3333333333333,,551.1675570011139,,1928,16,65536,457b0468ba5f023a4a9f38816dbca0899481d04d,False
complete,pendigits,pendigits__dyn__trainable-frequency-ry__L8__lr0.01__bs32__seed4,results/runs/pendigits/pendigits__dyn__trainable-frequency-ry__L8__lr0.01__bs32__seed4_seed4,pendigits,dyn,trainable-frequency-ry,8,4,0.01,32,2000,True,plus,True,False,0.7613188333820611,0.82,0.8511261649683636,0.7801600914808462,0.832,1454.1999999999998,,542.6324534416199,,1928,16,65536,457b0468ba5f023a4a9f38816dbca0899481d04d,False
complete,pendigits,pendigits__dyn__trainable-frequency-ry__L8__lr0.01__bs32__seed5,results/runs/pendigits/pendigits__dyn__trainable-frequency-ry__L8__lr0.01__bs32__seed5_seed5,pendigits,dyn,trainable-frequency-ry,8,5,0.01,32,2000,True,plus,True,False,0.804100717656883,0.792,0.89686937891119,0.7489994282447112,0.792,1409.8,,544.5138998031616,,1928,16,65536,457b0468ba5f023a4a9f38816dbca0899481d04d,False
complete,pendigits,pendigits__dyn__trainable-frequency-ry__L8__lr0.01__bs32__seed6,results/runs/pendigits/pendigits__dyn__trainable-frequency-ry__L8__lr0.01__bs32__seed6_seed6,pendigits,dyn,trainable-frequency-ry,8,6,0.01,32,2000,True,plus,True,False,0.7959362559603931,0.8173333333333334,0.8588844742224586,0.777301315037164,0.8173333333333334,1422.4666666666662,,542.2855167388916,,1928,16,65536,457b0468ba5f023a4a9f38816dbca0899481d04d,False
complete,pendigits,pendigits__dyn__trainable-frequency-ry__L8__lr0.01__bs32__seed7,results/runs/pendigits/pendigits__dyn__trainable-frequency-ry__L8__lr0.01__bs32__seed7_seed7,pendigits,dyn,trainable-frequency-ry,8,7,0.01,32,2000,True,plus,True,False,0.766865697115408,0.832,0.8451931853049017,0.792166952544311,0.8386666666666667,1450.666666666667,,544.5055203437805,,1928,16,65536,457b0468ba5f023a4a9f38816dbca0899481d04d,False
complete,pendigits,pendigits__dyn__trainable-frequency-ry__L8__lr0.01__bs32__seed8,results/runs/pendigits/pendigits__dyn__trainable-frequency-ry__L8__lr0.01__bs32__seed8_seed8,pendigits,dyn,trainable-frequency-ry,8,8,0.01,32,2000,True,plus,True,False,0.7657376534070619,0.816,0.8025527893390392,0.796169239565466,0.8226666666666667,1435.9333333333332,,549.5564794540405,,1928,16,65536,457b0468ba5f023a4a9f38816dbca0899481d04d,False
complete,pendigits,pendigits__dyn__trainable-frequency-ry__L8__lr0.01__bs32__seed9,results/runs/pendigits/pendigits__dyn__trainable-frequency-ry__L8__lr0.01__bs32__seed9_seed9,pendigits,dyn,trainable-frequency-ry,8,9,0.01,32,2000,True,plus,True,False,0.7914908857938503,0.8106666666666666,0.8601703632009681,0.7870211549456833,0.8106666666666666,1387.6000000000001,,548.3088991641998,,1928,16,65536,457b0468ba5f023a4a9f38816dbca0899481d04d,False
complete,pendigits,pendigits__dyn__trainable-patch-su4__L16__lr0.01__bs32__seed0,results/runs/pendigits/pendigits__dyn__trainable-patch-su4__L16__lr0.01__bs32__seed0_seed0,pendigits,dyn,trainable-patch-su4,16,0,0.01,32,2000,True,plus,True,False,2.3018861088518756,0.13466666666666666,2.3141541943634323,0.12492853058890795,0.148,248.8,,268.528258562088,,5520,8,256,fe55492d59dea43f07862ecc1a80bebd9838d7fe,True
complete,pendigits,pendigits__dyn__trainable-patch-su4__L16__lr0.01__bs32__seed10,results/runs/pendigits/pendigits__dyn__trainable-patch-su4__L16__lr0.01__bs32__seed10_seed10,pendigits,dyn,trainable-patch-su4,16,10,0.01,32,2000,True,plus,True,False,2.256007474908071,0.14933333333333335,2.277909752196438,0.1452258433390509,0.16,251.39999999999998,,270.00815749168396,,5520,8,256,fe55492d59dea43f07862ecc1a80bebd9838d7fe,True
complete,pendigits,pendigits__dyn__trainable-patch-su4__L16__lr0.01__bs32__seed11,results/runs/pendigits/pendigits__dyn__trainable-patch-su4__L16__lr0.01__bs32__seed11_seed11,pendigits,dyn,trainable-patch-su4,16,11,0.01,32,2000,True,plus,True,False,2.327485684345423,0.1,2.33636914452871,0.0989136649514008,0.128,202.33333333333334,,272.45448327064514,,5520,8,256,fe55492d59dea43f07862ecc1a80bebd9838d7fe,True
complete,pendigits,pendigits__dyn__trainable-patch-su4__L16__lr0.01__bs32__seed12,results/runs/pendigits/pendigits__dyn__trainable-patch-su4__L16__lr0.01__bs32__seed12_seed12,pendigits,dyn,trainable-patch-su4,16,12,0.01,32,2000,True,plus,True,False,2.3306561912989454,0.10533333333333333,2.3049247108882533,0.11663807890222985,0.144,239.4,,272.6983742713928,,5520,8,256,fe55492d59dea43f07862ecc1a80bebd9838d7fe,True
complete,pendigits,pendigits__dyn__trainable-patch-su4__L16__lr0.01__bs32__seed13,results/runs/pendigits/pendigits__dyn__trainable-patch-su4__L16__lr0.01__bs32__seed13_seed13,pendigits,dyn,trainable-patch-su4,16,13,0.01,32,2000,True,plus,True,False,2.300839004534429,0.12666666666666668,2.30341452406567,0.12864493996569468,0.17066666666666666,262.8666666666667,,271.70073986053467,,5520,8,256,fe55492d59dea43f07862ecc1a80bebd9838d7fe,True
complete,pendigits,pendigits__dyn__trainable-patch-su4__L16__lr0.01__bs32__seed14,results/runs/pendigits/pendigits__dyn__trainable-patch-su4__L16__lr0.01__bs32__seed14_seed14,pendigits,dyn,trainable-patch-su4,16,14,0.01,32,2000,True,plus,True,False,2.309337201364052,0.128,2.3060083823621347,0.1269296740994854,0.15466666666666667,238.2,,269.25687742233276,,5520,8,256,fe55492d59dea43f07862ecc1a80bebd9838d7fe,True
complete,pendigits,pendigits__dyn__trainable-patch-su4__L16__lr0.01__bs32__seed15,results/runs/pendigits/pendigits__dyn__trainable-patch-su4__L16__lr0.01__bs32__seed15_seed15,pendigits,dyn,trainable-patch-su4,16,15,0.01,32,2000,True,plus,True,False,2.2993047634951655,0.11733333333333333,2.302891893358196,0.12835906232132646,0.15866666666666668,256.5333333333333,,270.81951212882996,,5520,8,256,fe55492d59dea43f07862ecc1a80bebd9838d7fe,True
complete,pendigits,pendigits__dyn__trainable-patch-su4__L16__lr0.01__bs32__seed16,results/runs/pendigits/pendigits__dyn__trainable-patch-su4__L16__lr0.01__bs32__seed16_seed16,pendigits,dyn,trainable-patch-su4,16,16,0.01,32,2000,True,plus,True,False,2.298905550618364,0.12533333333333332,2.2870721043373874,0.1343624928530589,0.15466666666666667,250.06666666666672,,271.1756429672241,,5520,8,256,fe55492d59dea43f07862ecc1a80bebd9838d7fe,True
complete,pendigits,pendigits__dyn__trainable-patch-su4__L16__lr0.01__bs32__seed17,results/runs/pendigits/pendigits__dyn__trainable-patch-su4__L16__lr0.01__bs32__seed17_seed17,pendigits,dyn,trainable-patch-su4,16,17,0.01,32,2000,True,plus,True,False,2.321859728483459,0.11066666666666666,2.319859294541528,0.10834762721555175,0.14,243.33333333333331,,270.7720105648041,,5520,8,256,fe55492d59dea43f07862ecc1a80bebd9838d7fe,True
complete,pendigits,pendigits__dyn__trainable-patch-su4__L16__lr0.01__bs32__seed18,results/runs/pendigits/pendigits__dyn__trainable-patch-su4__L16__lr0.01__bs32__seed18_seed18,pendigits,dyn,trainable-patch-su4,16,18,0.01,32,2000,True,plus,True,False,2.3076004528390515,0.13066666666666665,2.284753723936667,0.14093767867352772,0.15466666666666667,249.2,,271.3081796169281,,5520,8,256,fe55492d59dea43f07862ecc1a80bebd9838d7fe,True
complete,pendigits,pendigits__dyn__trainable-patch-su4__L16__lr0.01__bs32__seed19,results/runs/pendigits/pendigits__dyn__trainable-patch-su4__L16__lr0.01__bs32__seed19_seed19,pendigits,dyn,trainable-patch-su4,16,19,0.01,32,2000,True,plus,True,False,2.325689856602941,0.11866666666666667,2.302160069037604,0.12750142938822184,0.14266666666666666,226.20000000000002,,272.27827882766724,,5520,8,256,fe55492d59dea43f07862ecc1a80bebd9838d7fe,True
complete,pendigits,pendigits__dyn__trainable-patch-su4__L16__lr0.01__bs32__seed1,results/runs/pendigits/pendigits__dyn__trainable-patch-su4__L16__lr0.01__bs32__seed1_seed1,pendigits,dyn,trainable-patch-su4,16,1,0.01,32,2000,True,plus,True,False,2.294291496885143,0.12933333333333333,2.2871656563620593,0.13522012578616352,0.16266666666666665,265.66666666666663,,270.81482887268066,,5520,8,256,fe55492d59dea43f07862ecc1a80bebd9838d7fe,True
complete,pendigits,pendigits__dyn__trainable-patch-su4__L16__lr0.01__bs32__seed2,results/runs/pendigits/pendigits__dyn__trainable-patch-su4__L16__lr0.01__bs32__seed2_seed2,pendigits,dyn,trainable-patch-su4,16,2,0.01,32,2000,True,plus,True,False,2.2665505236209524,0.14266666666666666,2.2654930723184656,0.15323041738136078,0.16666666666666666,260.73333333333335,,272.47608828544617,,5520,8,256,fe55492d59dea43f07862ecc1a80bebd9838d7fe,True
complete,pendigits,pendigits__dyn__trainable-patch-su4__L16__lr0.01__bs32__seed3,results/runs/pendigits/pendigits__dyn__trainable-patch-su4__L16__lr0.01__bs32__seed3_seed3,pendigits,dyn,trainable-patch-su4,16,3,0.01,32,2000,True,plus,True,False,2.315321521864001,0.12666666666666668,2.3064940590260363,0.11892510005717553,0.14933333333333335,250.8666666666667,,271.0011134147644,,5520,8,256,fe55492d59dea43f07862ecc1a80bebd9838d7fe,True
complete,pendigits,pendigits__dyn__trainable-patch-su4__L16__lr0.01__bs32__seed4,results/runs/pendigits/pendigits__dyn__trainable-patch-su4__L16__lr0.01__bs32__seed4_seed4,pendigits,dyn,trainable-patch-su4,16,4,0.01,32,2000,True,plus,True,False,2.332761044929222,0.09733333333333333,2.3295981795793863,0.09662664379645512,0.13333333333333333,207.0666666666667,,273.0057837963104,,5520,8,256,fe55492d59dea43f07862ecc1a80bebd9838d7fe,True
complete,pendigits,pendigits__dyn__trainable-patch-su4__L16__lr0.01__bs32__seed5,results/runs/pendigits/pendigits__dyn__trainable-patch-su4__L16__lr0.01__bs32__seed5_seed5,pendigits,dyn,trainable-patch-su4,16,5,0.01,32,2000,True,plus,True,False,2.2788003352169612,0.116,2.2778409344478994,0.13350485991995426,0.18266666666666667,266.93333333333334,,271.1768491268158,,5520,8,256,fe55492d59dea43f07862ecc1a80bebd9838d7fe,True
complete,pendigits,pendigits__dyn__trainable-patch-su4__L16__lr0.01__bs32__seed6,results/runs/pendigits/pendigits__dyn__trainable-patch-su4__L16__lr0.01__bs32__seed6_seed6,pendigits,dyn,trainable-patch-su4,16,6,0.01,32,2000,True,plus,True,False,2.2930368515670576,0.14533333333333334,2.2962095959307645,0.12578616352201258,0.18,260.6666666666667,,273.7867376804352,,5520,8,256,fe55492d59dea43f07862ecc1a80bebd9838d7fe,True
complete,pendigits,pendigits__dyn__trainable-patch-su4__L16__lr0.01__bs32__seed7,results/runs/pendigits/pendigits__dyn__trainable-patch-su4__L16__lr0.01__bs32__seed7_seed7,pendigits,dyn,trainable-patch-su4,16,7,0.01,32,2000,True,plus,True,False,2.2753987860636564,0.16133333333333333,2.295487041540568,0.1569468267581475,0.168,281.13333333333327,,270.70658564567566,,5520,8,256,fe55492d59dea43f07862ecc1a80bebd9838d7fe,True
complete,pendigits,pendigits__dyn__trainable-patch-su4__L16__lr0.01__bs32__seed8,results/runs/pendigits/pendigits__dyn__trainable-patch-su4__L16__lr0.01__bs32__seed8_seed8,pendigits,dyn,trainable-patch-su4,16,8,0.01,32,2000,True,plus,True,False,2.3383593594109744,0.096,2.3268290919784733,0.10806174957118353,0.148,235.60000000000002,,271.4248671531677,,5520,8,256,fe55492d59dea43f07862ecc1a80bebd9838d7fe,True
complete,pendigits,pendigits__dyn__trainable-patch-su4__L16__lr0.01__bs32__seed9,results/runs/pendigits/pendigits__dyn__trainable-patch-su4__L16__lr0.01__bs32__seed9_seed9,pendigits,dyn,trainable-patch-su4,16,9,0.01,32,2000,True,plus,True,False,2.3136545038324767,0.12,2.286206105573025,0.13379073756432247,0.14666666666666667,237.4,,269.908652305603,,5520,8,256,fe55492d59dea43f07862ecc1a80bebd9838d7fe,True
complete,pendigits,pendigits__dyn__trainable-patch-su4__L1__lr0.01__bs32__seed0,results/runs/pendigits/pendigits__dyn__trainable-patch-su4__L1__lr0.01__bs32__seed0_seed0,pendigits,dyn,trainable-patch-su4,1,0,0.01,32,2000,True,plus,True,False,0.9765580344802055,0.744,1.0709066328480392,0.6772441395082904,0.7453333333333333,1319.6,,24.362176418304443,,345,8,256,fe55492d59dea43f07862ecc1a80bebd9838d7fe,False
complete,pendigits,pendigits__dyn__trainable-patch-su4__L1__lr0.01__bs32__seed10,results/runs/pendigits/pendigits__dyn__trainable-patch-su4__L1__lr0.01__bs32__seed10_seed10,pendigits,dyn,trainable-patch-su4,1,10,0.01,32,2000,True,plus,True,False,0.9849665766029373,0.7213333333333334,1.0715959390345715,0.6818181818181818,0.7506666666666667,1340.8666666666668,,22.826149463653564,,345,8,256,fe55492d59dea43f07862ecc1a80bebd9838d7fe,False
complete,pendigits,pendigits__dyn__trainable-patch-su4__L1__lr0.01__bs32__seed11,results/runs/pendigits/pendigits__dyn__trainable-patch-su4__L1__lr0.01__bs32__seed11_seed11,pendigits,dyn,trainable-patch-su4,1,11,0.01,32,2000,True,plus,True,False,0.9833593711953453,0.744,1.0399027929857918,0.7052601486563751,0.744,1315.6,,24.73978543281555,,345,8,256,fe55492d59dea43f07862ecc1a80bebd9838d7fe,False
complete,pendigits,pendigits__dyn__trainable-patch-su4__L1__lr0.01__bs32__seed12,results/runs/pendigits/pendigits__dyn__trainable-patch-su4__L1__lr0.01__bs32__seed12_seed12,pendigits,dyn,trainable-patch-su4,1,12,0.01,32,2000,True,plus,True,False,0.9910692320268909,0.7146666666666667,1.0890885013424552,0.6772441395082904,0.7413333333333333,1285.3333333333333,,22.47237229347229,,345,8,256,fe55492d59dea43f07862ecc1a80bebd9838d7fe,False
complete,pendigits,pendigits__dyn__trainable-patch-su4__L1__lr0.01__bs32__seed13,results/runs/pendigits/pendigits__dyn__trainable-patch-su4__L1__lr0.01__bs32__seed13_seed13,pendigits,dyn,trainable-patch-su4,1,13,0.01,32,2000,True,plus,True,False,0.9875083040268045,0.7346666666666667,1.0713190729415851,0.6803887935963407,0.752,1308.6000000000001,,24.92469358444214,,345,8,256,fe55492d59dea43f07862ecc1a80bebd9838d7fe,False
complete,pendigits,pendigits__dyn__trainable-patch-su4__L1__lr0.01__bs32__seed14,results/runs/pendigits/pendigits__dyn__trainable-patch-su4__L1__lr0.01__bs32__seed14_seed14,pendigits,dyn,trainable-patch-su4,1,14,0.01,32,2000,True,plus,True,False,0.9824011684457901,0.728,1.0691541126707385,0.6795311606632362,0.736,1318.6000000000004,,24.5872745513916,,345,8,256,fe55492d59dea43f07862ecc1a80bebd9838d7fe,False
complete,pendigits,pendigits__dyn__trainable-patch-su4__L1__lr0.01__bs32__seed15,results/runs/pendigits/pendigits__dyn__trainable-patch-su4__L1__lr0.01__bs32__seed15_seed15,pendigits,dyn,trainable-patch-su4,1,15,0.01,32,2000,True,plus,True,False,1.053687621956582,0.688,1.1461931219457286,0.642652944539737,0.7146666666666667,1284.2666666666667,,26.21846628189087,,345,8,256,fe55492d59dea43f07862ecc1a80bebd9838d7fe,False
complete,pendigits,pendigits__dyn__trainable-patch-su4__L1__lr0.01__bs32__seed16,results/runs/pendigits/pendigits__dyn__trainable-patch-su4__L1__lr0.01__bs32__seed16_seed16,pendigits,dyn,trainable-patch-su4,1,16,0.01,32,2000,True,plus,True,False,1.0267907148791515,0.712,1.07432419443339,0.6786735277301315,0.732,1313.7333333333333,,22.797598600387573,,345,8,256,fe55492d59dea43f07862ecc1a80bebd9838d7fe,False
complete,pendigits,pendigits__dyn__trainable-patch-su4__L1__lr0.01__bs32__seed17,results/runs/pendigits/pendigits__dyn__trainable-patch-su4__L1__lr0.01__bs32__seed17_seed17,pendigits,dyn,trainable-patch-su4,1,17,0.01,32,2000,True,plus,True,False,1.025225035108415,0.7093333333333334,1.1064292292796865,0.6835334476843911,0.7226666666666667,1299.0666666666666,,26.027037143707275,,345,8,256,fe55492d59dea43f07862ecc1a80bebd9838d7fe,False
complete,pendigits,pendigits__dyn__trainable-patch-su4__L1__lr0.01__bs32__seed18,results/runs/pendigits/pendigits__dyn__trainable-patch-su4__L1__lr0.01__bs32__seed18_seed18,pendigits,dyn,trainable-patch-su4,1,18,0.01,32,2000,True,plus,True,False,1.0244880350323107,0.7013333333333334,1.118786830153588,0.657518582046884,0.7173333333333334,1279.3333333333335,,22.864999771118164,,345,8,256,fe55492d59dea43f07862ecc1a80bebd9838d7fe,False
complete,pendigits,pendigits__dyn__trainable-patch-su4__L1__lr0.01__bs32__seed19,results/runs/pendigits/pendigits__dyn__trainable-patch-su4__L1__lr0.01__bs32__seed19_seed19,pendigits,dyn,trainable-patch-su4,1,19,0.01,32,2000,True,plus,True,False,1.0341333149169964,0.688,1.0904304880463382,0.6457975986277873,0.7026666666666667,1241.3333333333333,,25.672596216201782,,345,8,256,fe55492d59dea43f07862ecc1a80bebd9838d7fe,False
complete,pendigits,pendigits__dyn__trainable-patch-su4__L1__lr0.01__bs32__seed1,results/runs/pendigits/pendigits__dyn__trainable-patch-su4__L1__lr0.01__bs32__seed1_seed1,pendigits,dyn,trainable-patch-su4,1,1,0.01,32,2000,True,plus,True,False,1.064324332871463,0.6866666666666666,1.1346572986085455,0.673813607775872,0.6986666666666667,1205.6666666666667,,22.658243417739868,,345,8,256,fe55492d59dea43f07862ecc1a80bebd9838d7fe,False
complete,pendigits,pendigits__dyn__trainable-patch-su4__L1__lr0.01__bs32__seed2,results/runs/pendigits/pendigits__dyn__trainable-patch-su4__L1__lr0.01__bs32__seed2_seed2,pendigits,dyn,trainable-patch-su4,1,2,0.01,32,2000,True,plus,True,False,1.0459383270484721,0.7093333333333334,1.135114260312554,0.6666666666666666,0.7173333333333334,1299.9999999999998,,23.94961190223694,,345,8,256,fe55492d59dea43f07862ecc1a80bebd9838d7fe,False
complete,pendigits,pendigits__dyn__trainable-patch-su4__L1__lr0.01__bs32__seed3,results/runs/pendigits/pendigits__dyn__trainable-patch-su4__L1__lr0.01__bs32__seed3_seed3,pendigits,dyn,trainable-patch-su4,1,3,0.01,32,2000,True,plus,True,False,1.0340994738227454,0.7186666666666667,1.119751042395937,0.6735277301315037,0.72,1281.6666666666667,,24.746583223342896,,345,8,256,fe55492d59dea43f07862ecc1a80bebd9838d7fe,False
complete,pendigits,pendigits__dyn__trainable-patch-su4__L1__lr0.01__bs32__seed4,results/runs/pendigits/pendigits__dyn__trainable-patch-su4__L1__lr0.01__bs32__seed4_seed4,pendigits,dyn,trainable-patch-su4,1,4,0.01,32,2000,True,plus,True,False,1.045894684406477,0.6933333333333334,1.102122680552683,0.6660949113779302,0.7186666666666667,1286.6666666666667,,22.98909044265747,,345,8,256,fe55492d59dea43f07862ecc1a80bebd9838d7fe,False
complete,pendigits,pendigits__dyn__trainable-patch-su4__L1__lr0.01__bs32__seed5,results/runs/pendigits/pendigits__dyn__trainable-patch-su4__L1__lr0.01__bs32__seed5_seed5,pendigits,dyn,trainable-patch-su4,1,5,0.01,32,2000,True,plus,True,False,1.025345880074653,0.704,1.0871065300971798,0.6720983419096627,0.712,1270.2,,24.630183935165405,,345,8,256,fe55492d59dea43f07862ecc1a80bebd9838d7fe,False
complete,pendigits,pendigits__dyn__trainable-patch-su4__L1__lr0.01__bs32__seed6,results/runs/pendigits/pendigits__dyn__trainable-patch-su4__L1__lr0.01__bs32__seed6_seed6,pendigits,dyn,trainable-patch-su4,1,6,0.01,32,2000,True,plus,True,False,1.047862532054198,0.7013333333333334,1.1129874244034133,0.6692395654659805,0.7053333333333334,1237.0,,24.804266452789307,,345,8,256,fe55492d59dea43f07862ecc1a80bebd9838d7fe,False
complete,pendigits,pendigits__dyn__trainable-patch-su4__L1__lr0.01__bs32__seed7,results/runs/pendigits/pendigits__dyn__trainable-patch-su4__L1__lr0.01__bs32__seed7_seed7,pendigits,dyn,trainable-patch-su4,1,7,0.01,32,2000,True,plus,True,False,0.9847851289401953,0.728,1.0883306548811222,0.675242995997713,0.7453333333333333,1323.6666666666667,,25.907501935958862,,345,8,256,fe55492d59dea43f07862ecc1a80bebd9838d7fe,False
complete,pendigits,pendigits__dyn__trainable-patch-su4__L1__lr0.01__bs32__seed8,results/runs/pendigits/pendigits__dyn__trainable-patch-su4__L1__lr0.01__bs32__seed8_seed8,pendigits,dyn,trainable-patch-su4,1,8,0.01,32,2000,True,plus,True,False,1.043232631037593,0.6933333333333334,1.1672600406757498,0.6080617495711835,0.704,1253.3333333333335,,25.052877187728882,,345,8,256,fe55492d59dea43f07862ecc1a80bebd9838d7fe,False
complete,pendigits,pendigits__dyn__trainable-patch-su4__L1__lr0.01__bs32__seed9,results/runs/pendigits/pendigits__dyn__trainable-patch-su4__L1__lr0.01__bs32__seed9_seed9,pendigits,dyn,trainable-patch-su4,1,9,0.01,32,2000,True,plus,True,False,0.970730607605016,0.7106666666666667,1.0525911790810631,0.6729559748427673,0.7373333333333333,1292.0,,25.10932755470276,,345,8,256,fe55492d59dea43f07862ecc1a80bebd9838d7fe,False
complete,pendigits,pendigits__dyn__trainable-patch-su4__L2__lr0.01__bs32__seed0,results/runs/pendigits/pendigits__dyn__trainable-patch-su4__L2__lr0.01__bs32__seed0_seed0,pendigits,dyn,trainable-patch-su4,2,0,0.01,32,2000,True,plus,True,False,0.8463383834955996,0.796,0.9614286465353319,0.7275586049170955,0.796,1373.0,,34.40255570411682,,690,8,256,fe55492d59dea43f07862ecc1a80bebd9838d7fe,True
complete,pendigits,pendigits__dyn__trainable-patch-su4__L2__lr0.01__bs32__seed10,results/runs/pendigits/pendigits__dyn__trainable-patch-su4__L2__lr0.01__bs32__seed10_seed10,pendigits,dyn,trainable-patch-su4,2,10,0.01,32,2000,True,plus,True,False,0.8997283727317884,0.7826666666666666,0.964107152874296,0.7392795883361921,0.7826666666666666,1363.9333333333334,,35.9973087310791,,690,8,256,fe55492d59dea43f07862ecc1a80bebd9838d7fe,True
complete,pendigits,pendigits__dyn__trainable-patch-su4__L2__lr0.01__bs32__seed11,results/runs/pendigits/pendigits__dyn__trainable-patch-su4__L2__lr0.01__bs32__seed11_seed11,pendigits,dyn,trainable-patch-su4,2,11,0.01,32,2000,True,plus,True,False,0.8571796141965367,0.8013333333333333,0.9239719567603618,0.7638650657518582,0.8066666666666666,1393.066666666667,,35.96354031562805,,690,8,256,fe55492d59dea43f07862ecc1a80bebd9838d7fe,True
complete,pendigits,pendigits__dyn__trainable-patch-su4__L2__lr0.01__bs32__seed12,results/runs/pendigits/pendigits__dyn__trainable-patch-su4__L2__lr0.01__bs32__seed12_seed12,pendigits,dyn,trainable-patch-su4,2,12,0.01,32,2000,True,plus,True,False,0.7978312180698051,0.8173333333333334,0.927322663575463,0.7701543739279588,0.8173333333333334,1423.6000000000004,,35.890448331832886,,690,8,256,fe55492d59dea43f07862ecc1a80bebd9838d7fe,True
complete,pendigits,pendigits__dyn__trainable-patch-su4__L2__lr0.01__bs32__seed13,results/runs/pendigits/pendigits__dyn__trainable-patch-su4__L2__lr0.01__bs32__seed13_seed13,pendigits,dyn,trainable-patch-su4,2,13,0.01,32,2000,True,plus,True,False,0.931757211086899,0.7493333333333333,1.029229672301475,0.7126929674099486,0.78,1374.2666666666667,,36.38192844390869,,690,8,256,fe55492d59dea43f07862ecc1a80bebd9838d7fe,True
complete,pendigits,pendigits__dyn__trainable-patch-su4__L2__lr0.01__bs32__seed14,results/runs/pendigits/pendigits__dyn__trainable-patch-su4__L2__lr0.01__bs32__seed14_seed14,pendigits,dyn,trainable-patch-su4,2,14,0.01,32,2000,True,plus,True,False,0.8934052142522152,0.7933333333333333,0.9797547972971928,0.7429959977129789,0.7933333333333333,1399.3999999999999,,35.73128795623779,,690,8,256,fe55492d59dea43f07862ecc1a80bebd9838d7fe,True
complete,pendigits,pendigits__dyn__trainable-patch-su4__L2__lr0.01__bs32__seed15,results/runs/pendigits/pendigits__dyn__trainable-patch-su4__L2__lr0.01__bs32__seed15_seed15,pendigits,dyn,trainable-patch-su4,2,15,0.01,32,2000,True,plus,True,False,0.8599612001343357,0.7906666666666666,0.997700918667614,0.7378502001143511,0.7946666666666666,1377.5333333333333,,36.58802676200867,,690,8,256,fe55492d59dea43f07862ecc1a80bebd9838d7fe,True
complete,pendigits,pendigits__dyn__trainable-patch-su4__L2__lr0.01__bs32__seed16,results/runs/pendigits/pendigits__dyn__trainable-patch-su4__L2__lr0.01__bs32__seed16_seed16,pendigits,dyn,trainable-patch-su4,2,16,0.01,32,2000,True,plus,True,False,0.7965504431287153,0.8333333333333334,0.875984747868031,0.785305889079474,0.8333333333333334,1365.7333333333331,,35.639145374298096,,690,8,256,fe55492d59dea43f07862ecc1a80bebd9838d7fe,True
complete,pendigits,pendigits__dyn__trainable-patch-su4__L2__lr0.01__bs32__seed17,results/runs/pendigits/pendigits__dyn__trainable-patch-su4__L2__lr0.01__bs32__seed17_seed17,pendigits,dyn,trainable-patch-su4,2,17,0.01,32,2000,True,plus,True,False,0.8373633802346235,0.7933333333333333,0.969483051250801,0.713264722698685,0.7933333333333333,1379.0,,36.632426500320435,,690,8,256,fe55492d59dea43f07862ecc1a80bebd9838d7fe,True
complete,pendigits,pendigits__dyn__trainable-patch-su4__L2__lr0.01__bs32__seed18,results/runs/pendigits/pendigits__dyn__trainable-patch-su4__L2__lr0.01__bs32__seed18_seed18,pendigits,dyn,trainable-patch-su4,2,18,0.01,32,2000,True,plus,True,False,0.8379560186026622,0.8013333333333333,0.9312547867363897,0.7507146941109205,0.804,1357.6666666666665,,36.673486948013306,,690,8,256,fe55492d59dea43f07862ecc1a80bebd9838d7fe,False
complete,pendigits,pendigits__dyn__trainable-patch-su4__L2__lr0.01__bs32__seed19,results/runs/pendigits/pendigits__dyn__trainable-patch-su4__L2__lr0.01__bs32__seed19_seed19,pendigits,dyn,trainable-patch-su4,2,19,0.01,32,2000,True,plus,True,False,0.8795568385708774,0.7693333333333333,0.9213471436094561,0.7532875929102344,0.7786666666666666,1400.0666666666666,,34.77180242538452,,690,8,256,fe55492d59dea43f07862ecc1a80bebd9838d7fe,False
complete,pendigits,pendigits__dyn__trainable-patch-su4__L2__lr0.01__bs32__seed1,results/runs/pendigits/pendigits__dyn__trainable-patch-su4__L2__lr0.01__bs32__seed1_seed1,pendigits,dyn,trainable-patch-su4,2,1,0.01,32,2000,True,plus,True,False,0.8125576653833264,0.7933333333333333,0.8740239460314376,0.7715837621497998,0.8173333333333334,1411.9333333333334,,37.631399393081665,,690,8,256,fe55492d59dea43f07862ecc1a80bebd9838d7fe,True
complete,pendigits,pendigits__dyn__trainable-patch-su4__L2__lr0.01__bs32__seed2,results/runs/pendigits/pendigits__dyn__trainable-patch-su4__L2__lr0.01__bs32__seed2_seed2,pendigits,dyn,trainable-patch-su4,2,2,0.01,32,2000,True,plus,True,False,0.8806457394333502,0.784,1.0089262350255999,0.7407089765580331,0.784,1372.8,,36.71039009094238,,690,8,256,fe55492d59dea43f07862ecc1a80bebd9838d7fe,False
complete,pendigits,pendigits__dyn__trainable-patch-su4__L2__lr0.01__bs32__seed3,results/runs/pendigits/pendigits__dyn__trainable-patch-su4__L2__lr0.01__bs32__seed3_seed3,pendigits,dyn,trainable-patch-su4,2,3,0.01,32,2000,True,plus,True,False,0.8723568265423213,0.7773333333333333,0.9680700626365117,0.7469982847341338,0.808,1413.0,,36.23625731468201,,690,8,256,fe55492d59dea43f07862ecc1a80bebd9838d7fe,False
complete,pendigits,pendigits__dyn__trainable-patch-su4__L2__lr0.01__bs32__seed4,results/runs/pendigits/pendigits__dyn__trainable-patch-su4__L2__lr0.01__bs32__seed4_seed4,pendigits,dyn,trainable-patch-su4,2,4,0.01,32,2000,True,plus,True,False,0.8780619374509913,0.812,0.9910995884648389,0.7369925671812464,0.812,1405.4,,36.439788579940796,,690,8,256,fe55492d59dea43f07862ecc1a80bebd9838d7fe,False
complete,pendigits,pendigits__dyn__trainable-patch-su4__L2__lr0.01__bs32__seed5,results/runs/pendigits/pendigits__dyn__trainable-patch-su4__L2__lr0.01__bs32__seed5_seed5,pendigits,dyn,trainable-patch-su4,2,5,0.01,32,2000,True,plus,True,False,0.9284099843127394,0.7533333333333333,1.0428309788409988,0.7218410520297313,0.7533333333333333,1313.3333333333335,,38.07951807975769,,690,8,256,fe55492d59dea43f07862ecc1a80bebd9838d7fe,False
complete,pendigits,pendigits__dyn__trainable-patch-su4__L2__lr0.01__bs32__seed6,results/runs/pendigits/pendigits__dyn__trainable-patch-su4__L2__lr0.01__bs32__seed6_seed6,pendigits,dyn,trainable-patch-su4,2,6,0.01,32,2000,True,plus,True,False,0.8572194381309146,0.7986666666666666,0.9550315387405779,0.7298456260720412,0.7986666666666666,1348.9333333333334,,37.37739634513855,,690,8,256,fe55492d59dea43f07862ecc1a80bebd9838d7fe,False
complete,pendigits,pendigits__dyn__trainable-patch-su4__L2__lr0.01__bs32__seed7,results/runs/pendigits/pendigits__dyn__trainable-patch-su4__L2__lr0.01__bs32__seed7_seed7,pendigits,dyn,trainable-patch-su4,2,7,0.01,32,2000,True,plus,True,False,0.8193983726142501,0.8093333333333333,0.8924251512267942,0.7721555174385363,0.8266666666666667,1453.8666666666666,,36.31129240989685,,690,8,256,fe55492d59dea43f07862ecc1a80bebd9838d7fe,False
complete,pendigits,pendigits__dyn__trainable-patch-su4__L2__lr0.01__bs32__seed8,results/runs/pendigits/pendigits__dyn__trainable-patch-su4__L2__lr0.01__bs32__seed8_seed8,pendigits,dyn,trainable-patch-su4,2,8,0.01,32,2000,True,plus,True,False,0.8406895286029218,0.7946666666666666,0.9132572791616375,0.7624356775300172,0.8066666666666666,1395.6,,36.13506746292114,,690,8,256,fe55492d59dea43f07862ecc1a80bebd9838d7fe,False
complete,pendigits,pendigits__dyn__trainable-patch-su4__L2__lr0.01__bs32__seed9,results/runs/pendigits/pendigits__dyn__trainable-patch-su4__L2__lr0.01__bs32__seed9_seed9,pendigits,dyn,trainable-patch-su4,2,9,0.01,32,2000,True,plus,True,False,0.8644130083382349,0.8,0.9724846126502976,0.7612921669525443,0.8066666666666666,1417.2666666666667,,37.55407238006592,,690,8,256,fe55492d59dea43f07862ecc1a80bebd9838d7fe,False
complete,pendigits,pendigits__dyn__trainable-patch-su4__L32__lr0.01__bs32__seed0,results/runs/pendigits/pendigits__dyn__trainable-patch-su4__L32__lr0.01__bs32__seed0_seed0,pendigits,dyn,trainable-patch-su4,32,0,0.01,32,2000,True,plus,True,False,2.322695091976129,0.09866666666666667,2.337612300260997,0.09748427672955975,0.124,196.26666666666668,,528.4595720767975,,11040,8,256,fe55492d59dea43f07862ecc1a80bebd9838d7fe,True
complete,pendigits,pendigits__dyn__trainable-patch-su4__L32__lr0.01__bs32__seed10,results/runs/pendigits/pendigits__dyn__trainable-patch-su4__L32__lr0.01__bs32__seed10_seed10,pendigits,dyn,trainable-patch-su4,32,10,0.01,32,2000,True,plus,True,False,2.335206490966516,0.116,2.3288034620225324,0.0931961120640366,0.12266666666666666,192.39999999999998,,533.3878259658813,,11040,8,256,fe55492d59dea43f07862ecc1a80bebd9838d7fe,True
complete,pendigits,pendigits__dyn__trainable-patch-su4__L32__lr0.01__bs32__seed11,results/runs/pendigits/pendigits__dyn__trainable-patch-su4__L32__lr0.01__bs32__seed11_seed11,pendigits,dyn,trainable-patch-su4,32,11,0.01,32,2000,True,plus,True,False,2.3317754174573513,0.10533333333333333,2.3349154137884653,0.09233847913093196,0.11866666666666667,192.06666666666666,,531.6865518093109,,11040,8,256,fe55492d59dea43f07862ecc1a80bebd9838d7fe,True
complete,pendigits,pendigits__dyn__trainable-patch-su4__L32__lr0.01__bs32__seed12,results/runs/pendigits/pendigits__dyn__trainable-patch-su4__L32__lr0.01__bs32__seed12_seed12,pendigits,dyn,trainable-patch-su4,32,12,0.01,32,2000,True,plus,True,False,2.3367577400831805,0.10133333333333333,2.335075191146623,0.09805603201829617,0.12666666666666668,185.86666666666665,,531.2338054180145,,11040,8,256,fe55492d59dea43f07862ecc1a80bebd9838d7fe,True
complete,pendigits,pendigits__dyn__trainable-patch-su4__L32__lr0.01__bs32__seed13,results/runs/pendigits/pendigits__dyn__trainable-patch-su4__L32__lr0.01__bs32__seed13_seed13,pendigits,dyn,trainable-patch-su4,32,13,0.01,32,2000,True,plus,True,False,2.3316021680666323,0.10133333333333333,2.332811192024403,0.10062893081761007,0.12666666666666668,187.93333333333334,,526.8418369293213,,11040,8,256,fe55492d59dea43f07862ecc1a80bebd9838d7fe,True
complete,pendigits,pendigits__dyn__trainable-patch-su4__L32__lr0.01__bs32__seed14,results/runs/pendigits/pendigits__dyn__trainable-patch-su4__L32__lr0.01__bs32__seed14_seed14,pendigits,dyn,trainable-patch-su4,32,14,0.01,32,2000,True,plus,True,False,2.30946703126012,0.11466666666666667,2.3315035660641787,0.1043453401943968,0.12666666666666668,194.2,,532.4877545833588,,11040,8,256,fe55492d59dea43f07862ecc1a80bebd9838d7fe,True
complete,pendigits,pendigits__dyn__trainable-patch-su4__L32__lr0.01__bs32__seed15,results/runs/pendigits/pendigits__dyn__trainable-patch-su4__L32__lr0.01__bs32__seed15_seed15,pendigits,dyn,trainable-patch-su4,32,15,0.01,32,2000,True,plus,True,False,2.32798745221578,0.092,2.3271617630102663,0.10806174957118353,0.11866666666666667,194.86666666666667,,535.2732911109924,,11040,8,256,fe55492d59dea43f07862ecc1a80bebd9838d7fe,True
complete,pendigits,pendigits__dyn__trainable-patch-su4__L32__lr0.01__bs32__seed16,results/runs/pendigits/pendigits__dyn__trainable-patch-su4__L32__lr0.01__bs32__seed16_seed16,pendigits,dyn,trainable-patch-su4,32,16,0.01,32,2000,True,plus,True,False,2.3138833213296506,0.10666666666666667,2.3296919165513197,0.1017724413950829,0.124,188.66666666666669,,532.7059209346771,,11040,8,256,fe55492d59dea43f07862ecc1a80bebd9838d7fe,True
complete,pendigits,pendigits__dyn__trainable-patch-su4__L32__lr0.01__bs32__seed17,results/runs/pendigits/pendigits__dyn__trainable-patch-su4__L32__lr0.01__bs32__seed17_seed17,pendigits,dyn,trainable-patch-su4,32,17,0.01,32,2000,True,plus,True,False,2.3285636624977553,0.10266666666666667,2.3284096601613036,0.10291595197255575,0.11066666666666666,181.00000000000003,,535.7921466827393,,11040,8,256,fe55492d59dea43f07862ecc1a80bebd9838d7fe,True
complete,pendigits,pendigits__dyn__trainable-patch-su4__L32__lr0.01__bs32__seed18,results/runs/pendigits/pendigits__dyn__trainable-patch-su4__L32__lr0.01__bs32__seed18_seed18,pendigits,dyn,trainable-patch-su4,32,18,0.01,32,2000,True,plus,True,False,2.327581954292104,0.108,2.33222840486727,0.10034305317324185,0.11866666666666667,195.2,,539.7371561527252,,11040,8,256,fe55492d59dea43f07862ecc1a80bebd9838d7fe,True
complete,pendigits,pendigits__dyn__trainable-patch-su4__L32__lr0.01__bs32__seed19,results/runs/pendigits/pendigits__dyn__trainable-patch-su4__L32__lr0.01__bs32__seed19_seed19,pendigits,dyn,trainable-patch-su4,32,19,0.01,32,2000,True,plus,True,False,2.336393749216539,0.096,2.3356575267957185,0.10005717552887364,0.116,191.20000000000005,,551.9352605342865,,11040,8,256,fe55492d59dea43f07862ecc1a80bebd9838d7fe,True
complete,pendigits,pendigits__dyn__trainable-patch-su4__L32__lr0.01__bs32__seed1,results/runs/pendigits/pendigits__dyn__trainable-patch-su4__L32__lr0.01__bs32__seed1_seed1,pendigits,dyn,trainable-patch-su4,32,1,0.01,32,2000,True,plus,True,False,2.3343233923138325,0.1,2.328933375236541,0.09834190966266437,0.12266666666666666,185.53333333333333,,530.443265914917,,11040,8,256,fe55492d59dea43f07862ecc1a80bebd9838d7fe,True
complete,pendigits,pendigits__dyn__trainable-patch-su4__L32__lr0.01__bs32__seed2,results/runs/pendigits/pendigits__dyn__trainable-patch-su4__L32__lr0.01__bs32__seed2_seed2,pendigits,dyn,trainable-patch-su4,32,2,0.01,32,2000,True,plus,True,False,2.320707110953245,0.112,2.3360531594845315,0.09605488850771869,0.12533333333333332,188.8,,548.3838577270508,,11040,8,256,fe55492d59dea43f07862ecc1a80bebd9838d7fe,True
complete,pendigits,pendigits__dyn__trainable-patch-su4__L32__lr0.01__bs32__seed3,results/runs/pendigits/pendigits__dyn__trainable-patch-su4__L32__lr0.01__bs32__seed3_seed3,pendigits,dyn,trainable-patch-su4,32,3,0.01,32,2000,True,plus,True,False,2.3444992263082596,0.10133333333333333,2.3256892136546425,0.10348770726129217,0.11866666666666667,192.2666666666667,,546.9154391288757,,11040,8,256,fe55492d59dea43f07862ecc1a80bebd9838d7fe,True
complete,pendigits,pendigits__dyn__trainable-patch-su4__L32__lr0.01__bs32__seed4,results/runs/pendigits/pendigits__dyn__trainable-patch-su4__L32__lr0.01__bs32__seed4_seed4,pendigits,dyn,trainable-patch-su4,32,4,0.01,32,2000,True,plus,True,False,2.3313400347565847,0.10266666666666667,2.335184760137381,0.09233847913093196,0.11333333333333333,185.33333333333334,,549.224330663681,,11040,8,256,fe55492d59dea43f07862ecc1a80bebd9838d7fe,True
complete,pendigits,pendigits__dyn__trainable-patch-su4__L32__lr0.01__bs32__seed5,results/runs/pendigits/pendigits__dyn__trainable-patch-su4__L32__lr0.01__bs32__seed5_seed5,pendigits,dyn,trainable-patch-su4,32,5,0.01,32,2000,True,plus,True,False,2.321709132424333,0.09733333333333333,2.3294427663927504,0.09805603201829617,0.11733333333333333,183.99999999999994,,554.8901650905609,,11040,8,256,fe55492d59dea43f07862ecc1a80bebd9838d7fe,True
complete,pendigits,pendigits__dyn__trainable-patch-su4__L32__lr0.01__bs32__seed6,results/runs/pendigits/pendigits__dyn__trainable-patch-su4__L32__lr0.01__bs32__seed6_seed6,pendigits,dyn,trainable-patch-su4,32,6,0.01,32,2000,True,plus,True,False,2.3398744985397304,0.09333333333333334,2.329467588703544,0.099199542595769,0.12666666666666668,193.73333333333332,,549.8541269302368,,11040,8,256,fe55492d59dea43f07862ecc1a80bebd9838d7fe,True
complete,pendigits,pendigits__dyn__trainable-patch-su4__L32__lr0.01__bs32__seed7,results/runs/pendigits/pendigits__dyn__trainable-patch-su4__L32__lr0.01__bs32__seed7_seed7,pendigits,dyn,trainable-patch-su4,32,7,0.01,32,2000,True,plus,True,False,2.331339260945483,0.088,2.3358254835903103,0.0906232132647227,0.12266666666666666,184.66666666666666,,546.7813181877136,,11040,8,256,fe55492d59dea43f07862ecc1a80bebd9838d7fe,True
complete,pendigits,pendigits__dyn__trainable-patch-su4__L32__lr0.01__bs32__seed8,results/runs/pendigits/pendigits__dyn__trainable-patch-su4__L32__lr0.01__bs32__seed8_seed8,pendigits,dyn,trainable-patch-su4,32,8,0.01,32,2000,True,plus,True,False,2.3298410938444425,0.10266666666666667,2.3357483689528893,0.09148084619782733,0.128,189.66666666666669,,534.7190561294556,,11040,8,256,fe55492d59dea43f07862ecc1a80bebd9838d7fe,True
complete,pendigits,pendigits__dyn__trainable-patch-su4__L32__lr0.01__bs32__seed9,results/runs/pendigits/pendigits__dyn__trainable-patch-su4__L32__lr0.01__bs32__seed9_seed9,pendigits,dyn,trainable-patch-su4,32,9,0.01,32,2000,True,plus,True,False,2.326721175434196,0.09866666666666667,2.330779629624822,0.0989136649514008,0.12,196.99999999999997,,536.7649490833282,,11040,8,256,fe55492d59dea43f07862ecc1a80bebd9838d7fe,True
complete,pendigits,pendigits__dyn__trainable-patch-su4__L4__lr0.01__bs32__seed0,results/runs/pendigits/pendigits__dyn__trainable-patch-su4__L4__lr0.01__bs32__seed0_seed0,pendigits,dyn,trainable-patch-su4,4,0,0.01,32,2000,True,plus,True,False,0.8498665543308798,0.792,0.9448609852888293,0.756718124642653,0.8053333333333333,1328.7333333333333,,63.88881874084473,,1380,8,256,fe55492d59dea43f07862ecc1a80bebd9838d7fe,True
complete,pendigits,pendigits__dyn__trainable-patch-su4__L4__lr0.01__bs32__seed10,results/runs/pendigits/pendigits__dyn__trainable-patch-su4__L4__lr0.01__bs32__seed10_seed10,pendigits,dyn,trainable-patch-su4,4,10,0.01,32,2000,True,plus,True,False,0.947844628446683,0.7586666666666667,1.0362138315415037,0.7281303602058319,0.7586666666666667,1229.8666666666666,,59.143319845199585,,1380,8,256,fe55492d59dea43f07862ecc1a80bebd9838d7fe,True
complete,pendigits,pendigits__dyn__trainable-patch-su4__L4__lr0.01__bs32__seed11,results/runs/pendigits/pendigits__dyn__trainable-patch-su4__L4__lr0.01__bs32__seed11_seed11,pendigits,dyn,trainable-patch-su4,4,11,0.01,32,2000,True,plus,True,False,0.998528284763869,0.728,1.098101794513191,0.6898227558604917,0.728,1226.3333333333333,,60.219778537750244,,1380,8,256,fe55492d59dea43f07862ecc1a80bebd9838d7fe,True
complete,pendigits,pendigits__dyn__trainable-patch-su4__L4__lr0.01__bs32__seed12,results/runs/pendigits/pendigits__dyn__trainable-patch-su4__L4__lr0.01__bs32__seed12_seed12,pendigits,dyn,trainable-patch-su4,4,12,0.01,32,2000,True,plus,True,False,0.9715607447409884,0.7626666666666667,1.051792597709789,0.7104059462550029,0.7626666666666667,1286.1333333333334,,60.615593910217285,,1380,8,256,fe55492d59dea43f07862ecc1a80bebd9838d7fe,True
complete,pendigits,pendigits__dyn__trainable-patch-su4__L4__lr0.01__bs32__seed13,results/runs/pendigits/pendigits__dyn__trainable-patch-su4__L4__lr0.01__bs32__seed13_seed13,pendigits,dyn,trainable-patch-su4,4,13,0.01,32,2000,True,plus,True,False,0.9334817239653342,0.7413333333333333,0.9852452857873187,0.7467124070897656,0.7586666666666667,1231.8666666666668,,62.72990584373474,,1380,8,256,fe55492d59dea43f07862ecc1a80bebd9838d7fe,True
complete,pendigits,pendigits__dyn__trainable-patch-su4__L4__lr0.01__bs32__seed14,results/runs/pendigits/pendigits__dyn__trainable-patch-su4__L4__lr0.01__bs32__seed14_seed14,pendigits,dyn,trainable-patch-su4,4,14,0.01,32,2000,True,plus,True,False,1.0095187380180706,0.7333333333333333,1.0881106709750108,0.6975414522584333,0.7333333333333333,1233.4666666666667,,64.16214919090271,,1380,8,256,fe55492d59dea43f07862ecc1a80bebd9838d7fe,True
complete,pendigits,pendigits__dyn__trainable-patch-su4__L4__lr0.01__bs32__seed15,results/runs/pendigits/pendigits__dyn__trainable-patch-su4__L4__lr0.01__bs32__seed15_seed15,pendigits,dyn,trainable-patch-su4,4,15,0.01,32,2000,True,plus,True,False,1.0305758798854265,0.7026666666666667,1.120583415156077,0.6655231560891939,0.7186666666666667,1230.8,,60.135411977767944,,1380,8,256,fe55492d59dea43f07862ecc1a80bebd9838d7fe,True
complete,pendigits,pendigits__dyn__trainable-patch-su4__L4__lr0.01__bs32__seed16,results/runs/pendigits/pendigits__dyn__trainable-patch-su4__L4__lr0.01__bs32__seed16_seed16,pendigits,dyn,trainable-patch-su4,4,16,0.01,32,2000,True,plus,True,False,0.8699198110307892,0.7653333333333333,0.9315834553968897,0.7684391080617495,0.8026666666666666,1268.6000000000001,,62.52012872695923,,1380,8,256,fe55492d59dea43f07862ecc1a80bebd9838d7fe,True
complete,pendigits,pendigits__dyn__trainable-patch-su4__L4__lr0.01__bs32__seed17,results/runs/pendigits/pendigits__dyn__trainable-patch-su4__L4__lr0.01__bs32__seed17_seed17,pendigits,dyn,trainable-patch-su4,4,17,0.01,32,2000,True,plus,True,False,0.9162826091308316,0.7573333333333333,1.0031982721622572,0.7204116638078902,0.7573333333333333,1260.1333333333332,,60.72273325920105,,1380,8,256,fe55492d59dea43f07862ecc1a80bebd9838d7fe,True
complete,pendigits,pendigits__dyn__trainable-patch-su4__L4__lr0.01__bs32__seed18,results/runs/pendigits/pendigits__dyn__trainable-patch-su4__L4__lr0.01__bs32__seed18_seed18,pendigits,dyn,trainable-patch-su4,4,18,0.01,32,2000,True,plus,True,False,0.8998243441487228,0.7706666666666667,1.0546293328470662,0.7275586049170955,0.7746666666666666,1264.7333333333331,,60.099650382995605,,1380,8,256,fe55492d59dea43f07862ecc1a80bebd9838d7fe,True
complete,pendigits,pendigits__dyn__trainable-patch-su4__L4__lr0.01__bs32__seed19,results/runs/pendigits/pendigits__dyn__trainable-patch-su4__L4__lr0.01__bs32__seed19_seed19,pendigits,dyn,trainable-patch-su4,4,19,0.01,32,2000,True,plus,True,False,0.9831833711864115,0.7253333333333334,1.095721206505565,0.6772441395082904,0.7386666666666667,1218.0666666666666,,62.93353509902954,,1380,8,256,fe55492d59dea43f07862ecc1a80bebd9838d7fe,True
complete,pendigits,pendigits__dyn__trainable-patch-su4__L4__lr0.01__bs32__seed1,results/runs/pendigits/pendigits__dyn__trainable-patch-su4__L4__lr0.01__bs32__seed1_seed1,pendigits,dyn,trainable-patch-su4,4,1,0.01,32,2000,True,plus,True,False,0.8642289853001662,0.7746666666666666,0.9598629426432954,0.7189822755860492,0.78,1289.9333333333336,,63.04063558578491,,1380,8,256,fe55492d59dea43f07862ecc1a80bebd9838d7fe,True
complete,pendigits,pendigits__dyn__trainable-patch-su4__L4__lr0.01__bs32__seed2,results/runs/pendigits/pendigits__dyn__trainable-patch-su4__L4__lr0.01__bs32__seed2_seed2,pendigits,dyn,trainable-patch-su4,4,2,0.01,32,2000,True,plus,True,False,0.9656785986436984,0.74,1.0659239916194014,0.7044025157232704,0.74,1221.3333333333333,,60.90570664405823,,1380,8,256,fe55492d59dea43f07862ecc1a80bebd9838d7fe,True
complete,pendigits,pendigits__dyn__trainable-patch-su4__L4__lr0.01__bs32__seed3,results/runs/pendigits/pendigits__dyn__trainable-patch-su4__L4__lr0.01__bs32__seed3_seed3,pendigits,dyn,trainable-patch-su4,4,3,0.01,32,2000,True,plus,True,False,1.1040126923299256,0.66,1.1296604560225405,0.6455117209834191,0.6986666666666667,1188.0,,63.879558801651,,1380,8,256,fe55492d59dea43f07862ecc1a80bebd9838d7fe,True
complete,pendigits,pendigits__dyn__trainable-patch-su4__L4__lr0.01__bs32__seed4,results/runs/pendigits/pendigits__dyn__trainable-patch-su4__L4__lr0.01__bs32__seed4_seed4,pendigits,dyn,trainable-patch-su4,4,4,0.01,32,2000,True,plus,True,False,0.8210775250786478,0.8013333333333333,0.9111921917782093,0.7770154373927959,0.8013333333333333,1308.5333333333333,,63.79144477844238,,1380,8,256,fe55492d59dea43f07862ecc1a80bebd9838d7fe,True
complete,pendigits,pendigits__dyn__trainable-patch-su4__L4__lr0.01__bs32__seed5,results/runs/pendigits/pendigits__dyn__trainable-patch-su4__L4__lr0.01__bs32__seed5_seed5,pendigits,dyn,trainable-patch-su4,4,5,0.01,32,2000,True,plus,True,False,0.9080354881022457,0.7773333333333333,1.016791943185604,0.7495711835334476,0.7773333333333333,1279.3333333333335,,59.6716365814209,,1380,8,256,fe55492d59dea43f07862ecc1a80bebd9838d7fe,True
complete,pendigits,pendigits__dyn__trainable-patch-su4__L4__lr0.01__bs32__seed6,results/runs/pendigits/pendigits__dyn__trainable-patch-su4__L4__lr0.01__bs32__seed6_seed6,pendigits,dyn,trainable-patch-su4,4,6,0.01,32,2000,True,plus,True,False,1.011399501264123,0.74,1.0962248425630197,0.6989708404802745,0.744,1226.6000000000001,,59.59243369102478,,1380,8,256,fe55492d59dea43f07862ecc1a80bebd9838d7fe,True
complete,pendigits,pendigits__dyn__trainable-patch-su4__L4__lr0.01__bs32__seed7,results/runs/pendigits/pendigits__dyn__trainable-patch-su4__L4__lr0.01__bs32__seed7_seed7,pendigits,dyn,trainable-patch-su4,4,7,0.01,32,2000,True,plus,True,False,0.9069164706953626,0.7826666666666666,1.0531710579669349,0.7178387650085764,0.7826666666666666,1269.1333333333337,,62.97164249420166,,1380,8,256,fe55492d59dea43f07862ecc1a80bebd9838d7fe,True
complete,pendigits,pendigits__dyn__trainable-patch-su4__L4__lr0.01__bs32__seed8,results/runs/pendigits/pendigits__dyn__trainable-patch-su4__L4__lr0.01__bs32__seed8_seed8,pendigits,dyn,trainable-patch-su4,4,8,0.01,32,2000,True,plus,True,False,1.0329253824556242,0.7106666666666667,1.1433789244642074,0.6646655231560892,0.7106666666666667,1162.9333333333334,,61.076777935028076,,1380,8,256,fe55492d59dea43f07862ecc1a80bebd9838d7fe,True
complete,pendigits,pendigits__dyn__trainable-patch-su4__L4__lr0.01__bs32__seed9,results/runs/pendigits/pendigits__dyn__trainable-patch-su4__L4__lr0.01__bs32__seed9_seed9,pendigits,dyn,trainable-patch-su4,4,9,0.01,32,2000,True,plus,True,False,1.0052401835946831,0.744,1.1032764258648717,0.7138364779874213,0.744,1204.0666666666666,,61.13859486579895,,1380,8,256,fe55492d59dea43f07862ecc1a80bebd9838d7fe,True
complete,pendigits,pendigits__dyn__trainable-patch-su4__L8__lr0.01__bs32__seed0,results/runs/pendigits/pendigits__dyn__trainable-patch-su4__L8__lr0.01__bs32__seed0_seed0,pendigits,dyn,trainable-patch-su4,8,0,0.01,32,2000,True,plus,True,False,1.731397966432889,0.42933333333333334,1.7639720473491711,0.434819897084048,0.48133333333333334,811.1999999999999,,121.20167350769043,,2760,8,256,fe55492d59dea43f07862ecc1a80bebd9838d7fe,True
complete,pendigits,pendigits__dyn__trainable-patch-su4__L8__lr0.01__bs32__seed10,results/runs/pendigits/pendigits__dyn__trainable-patch-su4__L8__lr0.01__bs32__seed10_seed10,pendigits,dyn,trainable-patch-su4,8,10,0.01,32,2000,True,plus,True,False,1.464405245894962,0.5426666666666666,1.6164275926173166,0.5,0.5426666666666666,813.6000000000001,,119.34030890464783,,2760,8,256,fe55492d59dea43f07862ecc1a80bebd9838d7fe,True
complete,pendigits,pendigits__dyn__trainable-patch-su4__L8__lr0.01__bs32__seed11,results/runs/pendigits/pendigits__dyn__trainable-patch-su4__L8__lr0.01__bs32__seed11_seed11,pendigits,dyn,trainable-patch-su4,8,11,0.01,32,2000,True,plus,True,False,1.6713623864858766,0.46266666666666667,1.703031610411352,0.4696969696969697,0.4746666666666667,808.0666666666666,,122.65836977958679,,2760,8,256,fe55492d59dea43f07862ecc1a80bebd9838d7fe,True
complete,pendigits,pendigits__dyn__trainable-patch-su4__L8__lr0.01__bs32__seed12,results/runs/pendigits/pendigits__dyn__trainable-patch-su4__L8__lr0.01__bs32__seed12_seed12,pendigits,dyn,trainable-patch-su4,8,12,0.01,32,2000,True,plus,True,False,1.678944614721223,0.4666666666666667,1.7666265236904521,0.43453401943967984,0.5226666666666666,811.9333333333334,,120.33808159828186,,2760,8,256,fe55492d59dea43f07862ecc1a80bebd9838d7fe,True
complete,pendigits,pendigits__dyn__trainable-patch-su4__L8__lr0.01__bs32__seed13,results/runs/pendigits/pendigits__dyn__trainable-patch-su4__L8__lr0.01__bs32__seed13_seed13,pendigits,dyn,trainable-patch-su4,8,13,0.01,32,2000,True,plus,True,False,1.6193581703186453,0.49066666666666664,1.664201309188676,0.4762721555174385,0.5053333333333333,856.1333333333334,,119.71275043487549,,2760,8,256,fe55492d59dea43f07862ecc1a80bebd9838d7fe,True
complete,pendigits,pendigits__dyn__trainable-patch-su4__L8__lr0.01__bs32__seed14,results/runs/pendigits/pendigits__dyn__trainable-patch-su4__L8__lr0.01__bs32__seed14_seed14,pendigits,dyn,trainable-patch-su4,8,14,0.01,32,2000,True,plus,True,False,1.6111737459314657,0.5066666666666667,1.7081461687924828,0.45483133218982275,0.548,853.3333333333334,,119.36186909675598,,2760,8,256,fe55492d59dea43f07862ecc1a80bebd9838d7fe,True
complete,pendigits,pendigits__dyn__trainable-patch-su4__L8__lr0.01__bs32__seed15,results/runs/pendigits/pendigits__dyn__trainable-patch-su4__L8__lr0.01__bs32__seed15_seed15,pendigits,dyn,trainable-patch-su4,8,15,0.01,32,2000,True,plus,True,False,1.7034072653723373,0.452,1.7503093442408568,0.44053744997141225,0.49733333333333335,785.2000000000002,,119.0214376449585,,2760,8,256,fe55492d59dea43f07862ecc1a80bebd9838d7fe,True
complete,pendigits,pendigits__dyn__trainable-patch-su4__L8__lr0.01__bs32__seed16,results/runs/pendigits/pendigits__dyn__trainable-patch-su4__L8__lr0.01__bs32__seed16_seed16,pendigits,dyn,trainable-patch-su4,8,16,0.01,32,2000,True,plus,True,False,1.5695040864864365,0.48933333333333334,1.612185014981543,0.4762721555174385,0.5426666666666666,830.3333333333335,,118.77055382728577,,2760,8,256,fe55492d59dea43f07862ecc1a80bebd9838d7fe,True
complete,pendigits,pendigits__dyn__trainable-patch-su4__L8__lr0.01__bs32__seed17,results/runs/pendigits/pendigits__dyn__trainable-patch-su4__L8__lr0.01__bs32__seed17_seed17,pendigits,dyn,trainable-patch-su4,8,17,0.01,32,2000,True,plus,True,False,1.5562180748772423,0.48533333333333334,1.5647397373985565,0.4808461978273299,0.48533333333333334,794.8666666666667,,119.89054775238037,,2760,8,256,fe55492d59dea43f07862ecc1a80bebd9838d7fe,True
complete,pendigits,pendigits__dyn__trainable-patch-su4__L8__lr0.01__bs32__seed18,results/runs/pendigits/pendigits__dyn__trainable-patch-su4__L8__lr0.01__bs32__seed18_seed18,pendigits,dyn,trainable-patch-su4,8,18,0.01,32,2000,True,plus,True,False,1.5783950851894508,0.484,1.6488957432963682,0.46083476272155516,0.5266666666666666,840.4666666666666,,121.09180641174316,,2760,8,256,fe55492d59dea43f07862ecc1a80bebd9838d7fe,True
complete,pendigits,pendigits__dyn__trainable-patch-su4__L8__lr0.01__bs32__seed19,results/runs/pendigits/pendigits__dyn__trainable-patch-su4__L8__lr0.01__bs32__seed19_seed19,pendigits,dyn,trainable-patch-su4,8,19,0.01,32,2000,True,plus,True,False,1.6806894059441413,0.4573333333333333,1.6878931171115705,0.4562607204116638,0.49866666666666665,794.4666666666667,,120.9679102897644,,2760,8,256,fe55492d59dea43f07862ecc1a80bebd9838d7fe,True
complete,pendigits,pendigits__dyn__trainable-patch-su4__L8__lr0.01__bs32__seed1,results/runs/pendigits/pendigits__dyn__trainable-patch-su4__L8__lr0.01__bs32__seed1_seed1,pendigits,dyn,trainable-patch-su4,8,1,0.01,32,2000,True,plus,True,False,1.7314779705388483,0.45066666666666666,1.7941416211882675,0.4322469982847341,0.472,766.2000000000003,,119.29223608970642,,2760,8,256,fe55492d59dea43f07862ecc1a80bebd9838d7fe,True
complete,pendigits,pendigits__dyn__trainable-patch-su4__L8__lr0.01__bs32__seed2,results/runs/pendigits/pendigits__dyn__trainable-patch-su4__L8__lr0.01__bs32__seed2_seed2,pendigits,dyn,trainable-patch-su4,8,2,0.01,32,2000,True,plus,True,False,1.571842706932802,0.5186666666666667,1.6474765839515357,0.4908519153802173,0.5186666666666667,799.4666666666667,,118.11698746681213,,2760,8,256,fe55492d59dea43f07862ecc1a80bebd9838d7fe,True
complete,pendigits,pendigits__dyn__trainable-patch-su4__L8__lr0.01__bs32__seed3,results/runs/pendigits/pendigits__dyn__trainable-patch-su4__L8__lr0.01__bs32__seed3_seed3,pendigits,dyn,trainable-patch-su4,8,3,0.01,32,2000,True,plus,True,False,1.6147699635023034,0.49333333333333335,1.6455251686364554,0.4725557461406518,0.5266666666666666,867.5333333333333,,118.59991645812988,,2760,8,256,fe55492d59dea43f07862ecc1a80bebd9838d7fe,True
complete,pendigits,pendigits__dyn__trainable-patch-su4__L8__lr0.01__bs32__seed4,results/runs/pendigits/pendigits__dyn__trainable-patch-su4__L8__lr0.01__bs32__seed4_seed4,pendigits,dyn,trainable-patch-su4,8,4,0.01,32,2000,True,plus,True,False,1.4976793958620243,0.54,1.588351514260015,0.5025728987993139,0.5426666666666666,836.7999999999998,,119.56103849411011,,2760,8,256,fe55492d59dea43f07862ecc1a80bebd9838d7fe,True
complete,pendigits,pendigits__dyn__trainable-patch-su4__L8__lr0.01__bs32__seed5,results/runs/pendigits/pendigits__dyn__trainable-patch-su4__L8__lr0.01__bs32__seed5_seed5,pendigits,dyn,trainable-patch-su4,8,5,0.01,32,2000,True,plus,True,False,1.4862623148269323,0.5266666666666666,1.5779014953107404,0.5137221269296741,0.5306666666666666,807.8666666666667,,120.20453453063965,,2760,8,256,fe55492d59dea43f07862ecc1a80bebd9838d7fe,True
complete,pendigits,pendigits__dyn__trainable-patch-su4__L8__lr0.01__bs32__seed6,results/runs/pendigits/pendigits__dyn__trainable-patch-su4__L8__lr0.01__bs32__seed6_seed6,pendigits,dyn,trainable-patch-su4,8,6,0.01,32,2000,True,plus,True,False,1.6008036781091113,0.476,1.6721915880022185,0.45654659805603204,0.5066666666666667,784.6000000000003,,119.8277440071106,,2760,8,256,fe55492d59dea43f07862ecc1a80bebd9838d7fe,True
complete,pendigits,pendigits__dyn__trainable-patch-su4__L8__lr0.01__bs32__seed7,results/runs/pendigits/pendigits__dyn__trainable-patch-su4__L8__lr0.01__bs32__seed7_seed7,pendigits,dyn,trainable-patch-su4,8,7,0.01,32,2000,True,plus,True,False,1.532577441083781,0.49466666666666664,1.6218549939172826,0.46540880503144655,0.5626666666666666,838.9333333333334,,117.32667446136475,,2760,8,256,fe55492d59dea43f07862ecc1a80bebd9838d7fe,True
complete,pendigits,pendigits__dyn__trainable-patch-su4__L8__lr0.01__bs32__seed8,results/runs/pendigits/pendigits__dyn__trainable-patch-su4__L8__lr0.01__bs32__seed8_seed8,pendigits,dyn,trainable-patch-su4,8,8,0.01,32,2000,True,plus,True,False,1.7544281364212166,0.464,1.7619161078748726,0.4499714122355632,0.472,752.8666666666667,,117.6537857055664,,2760,8,256,fe55492d59dea43f07862ecc1a80bebd9838d7fe,True
complete,pendigits,pendigits__dyn__trainable-patch-su4__L8__lr0.01__bs32__seed9,results/runs/pendigits/pendigits__dyn__trainable-patch-su4__L8__lr0.01__bs32__seed9_seed9,pendigits,dyn,trainable-patch-su4,8,9,0.01,32,2000,True,plus,True,False,1.4814431218099926,0.5106666666666667,1.5599360537917664,0.49914236706689535,0.5106666666666667,816.3333333333333,,119.84109401702881,,2760,8,256,fe55492d59dea43f07862ecc1a80bebd9838d7fe,True
complete,pendigits,pendigits__sta4__block-hamiltonian__L16__lr0.01__bs32__seed0,results/runs/pendigits/pendigits__sta4__block-hamiltonian__L16__lr0.01__bs32__seed0_seed0,pendigits,sta4,block-hamiltonian,16,0,0.01,32,2000,True,plus,True,False,0.574254543161865,0.9186666666666666,0.625629151408735,0.8805031446540881,0.9186666666666666,1633.0,,96.5996778011322,,736,4,16,457b0468ba5f023a4a9f38816dbca0899481d04d,False
complete,pendigits,pendigits__sta4__block-hamiltonian__L16__lr0.01__bs32__seed10,results/runs/pendigits/pendigits__sta4__block-hamiltonian__L16__lr0.01__bs32__seed10_seed10,pendigits,sta4,block-hamiltonian,16,10,0.01,32,2000,True,plus,True,False,0.5534685491476796,0.9133333333333333,0.610890955409942,0.8896512292738707,0.916,1659.7333333333336,,95.35598540306091,,736,4,16,457b0468ba5f023a4a9f38816dbca0899481d04d,False
complete,pendigits,pendigits__sta4__block-hamiltonian__L16__lr0.01__bs32__seed11,results/runs/pendigits/pendigits__sta4__block-hamiltonian__L16__lr0.01__bs32__seed11_seed11,pendigits,sta4,block-hamiltonian,16,11,0.01,32,2000,True,plus,True,False,0.5873122026285025,0.9133333333333333,0.6543505107492896,0.8836477987421384,0.9133333333333333,1566.6,,93.74668145179749,,736,4,16,457b0468ba5f023a4a9f38816dbca0899481d04d,False
complete,pendigits,pendigits__sta4__block-hamiltonian__L16__lr0.01__bs32__seed12,results/runs/pendigits/pendigits__sta4__block-hamiltonian__L16__lr0.01__bs32__seed12_seed12,pendigits,sta4,block-hamiltonian,16,12,0.01,32,2000,True,plus,True,False,0.5252215964714279,0.9173333333333333,0.6081421868182512,0.885934819897084,0.9346666666666666,1666.8666666666668,,98.15807342529297,,736,4,16,457b0468ba5f023a4a9f38816dbca0899481d04d,False
complete,pendigits,pendigits__sta4__block-hamiltonian__L16__lr0.01__bs32__seed13,results/runs/pendigits/pendigits__sta4__block-hamiltonian__L16__lr0.01__bs32__seed13_seed13,pendigits,sta4,block-hamiltonian,16,13,0.01,32,2000,True,plus,True,False,0.5816706665565463,0.9213333333333333,0.6548928400761515,0.8836477987421384,0.9213333333333333,1667.4,,95.61072063446045,,736,4,16,457b0468ba5f023a4a9f38816dbca0899481d04d,False
complete,pendigits,pendigits__sta4__block-hamiltonian__L16__lr0.01__bs32__seed14,results/runs/pendigits/pendigits__sta4__block-hamiltonian__L16__lr0.01__bs32__seed14_seed14,pendigits,sta4,block-hamiltonian,16,14,0.01,32,2000,True,plus,True,False,0.8638563513645443,0.848,0.9163123043972659,0.8041738136077758,0.92,1545.3333333333335,,96.65419125556946,,736,4,16,457b0468ba5f023a4a9f38816dbca0899481d04d,False
complete,pendigits,pendigits__sta4__block-hamiltonian__L16__lr0.01__bs32__seed15,results/runs/pendigits/pendigits__sta4__block-hamiltonian__L16__lr0.01__bs32__seed15_seed15,pendigits,sta4,block-hamiltonian,16,15,0.01,32,2000,True,plus,True,False,0.5819001265805094,0.9106666666666666,0.6456339600127714,0.8619210977701544,0.9253333333333333,1630.6,,97.89511561393738,,736,4,16,457b0468ba5f023a4a9f38816dbca0899481d04d,False
complete,pendigits,pendigits__sta4__block-hamiltonian__L16__lr0.01__bs32__seed16,results/runs/pendigits/pendigits__sta4__block-hamiltonian__L16__lr0.01__bs32__seed16_seed16,pendigits,sta4,block-hamiltonian,16,16,0.01,32,2000,True,plus,True,False,0.6206047468546335,0.9213333333333333,0.709501495099519,0.8610634648370498,0.9213333333333333,1628.0,,97.58175444602966,,736,4,16,457b0468ba5f023a4a9f38816dbca0899481d04d,False
complete,pendigits,pendigits__sta4__block-hamiltonian__L16__lr0.01__bs32__seed17,results/runs/pendigits/pendigits__sta4__block-hamiltonian__L16__lr0.01__bs32__seed17_seed17,pendigits,sta4,block-hamiltonian,16,17,0.01,32,2000,True,plus,True,False,0.6855501107351472,0.8893333333333333,0.78433372802155,0.834190966266438,0.8893333333333333,1594.6666666666667,,95.09077858924866,,736,4,16,457b0468ba5f023a4a9f38816dbca0899481d04d,False
complete,pendigits,pendigits__sta4__block-hamiltonian__L16__lr0.01__bs32__seed18,results/runs/pendigits/pendigits__sta4__block-hamiltonian__L16__lr0.01__bs32__seed18_seed18,pendigits,sta4,block-hamiltonian,16,18,0.01,32,2000,True,plus,True,False,0.6314387496470781,0.908,0.693894249723755,0.8613493424814179,0.9093333333333333,1664.3333333333333,,95.9343490600586,,736,4,16,457b0468ba5f023a4a9f38816dbca0899481d04d,False
complete,pendigits,pendigits__sta4__block-hamiltonian__L16__lr0.01__bs32__seed19,results/runs/pendigits/pendigits__sta4__block-hamiltonian__L16__lr0.01__bs32__seed19_seed19,pendigits,sta4,block-hamiltonian,16,19,0.01,32,2000,True,plus,True,False,0.7971166289752556,0.8706666666666667,0.8691085061341361,0.8384791309319611,0.9226666666666666,1601.6666666666667,,96.28133273124695,,736,4,16,457b0468ba5f023a4a9f38816dbca0899481d04d,False
complete,pendigits,pendigits__sta4__block-hamiltonian__L16__lr0.01__bs32__seed1,results/runs/pendigits/pendigits__sta4__block-hamiltonian__L16__lr0.01__bs32__seed1_seed1,pendigits,sta4,block-hamiltonian,16,1,0.01,32,2000,True,plus,True,False,0.5670046041039292,0.9053333333333333,0.6422563537530297,0.855917667238422,0.9186666666666666,1671.8666666666666,,96.44386196136475,,736,4,16,457b0468ba5f023a4a9f38816dbca0899481d04d,False
complete,pendigits,pendigits__sta4__block-hamiltonian__L16__lr0.01__bs32__seed2,results/runs/pendigits/pendigits__sta4__block-hamiltonian__L16__lr0.01__bs32__seed2_seed2,pendigits,sta4,block-hamiltonian,16,2,0.01,32,2000,True,plus,True,False,0.5608398804665613,0.9306666666666666,0.6623360928549603,0.8753573470554603,0.9306666666666666,1655.7333333333333,,94.98582148551941,,736,4,16,457b0468ba5f023a4a9f38816dbca0899481d04d,False
complete,pendigits,pendigits__sta4__block-hamiltonian__L16__lr0.01__bs32__seed3,results/runs/pendigits/pendigits__sta4__block-hamiltonian__L16__lr0.01__bs32__seed3_seed3,pendigits,sta4,block-hamiltonian,16,3,0.01,32,2000,True,plus,True,False,0.5974638472758059,0.9,0.6674052845970156,0.8753573470554603,0.912,1664.6666666666663,,97.9429292678833,,736,4,16,457b0468ba5f023a4a9f38816dbca0899481d04d,False
complete,pendigits,pendigits__sta4__block-hamiltonian__L16__lr0.01__bs32__seed4,results/runs/pendigits/pendigits__sta4__block-hamiltonian__L16__lr0.01__bs32__seed4_seed4,pendigits,sta4,block-hamiltonian,16,4,0.01,32,2000,True,plus,True,False,0.6683471449102948,0.9013333333333333,0.7421459639049395,0.8662092624356775,0.92,1576.3333333333335,,96.19674158096313,,736,4,16,457b0468ba5f023a4a9f38816dbca0899481d04d,False
complete,pendigits,pendigits__sta4__block-hamiltonian__L16__lr0.01__bs32__seed5,results/runs/pendigits/pendigits__sta4__block-hamiltonian__L16__lr0.01__bs32__seed5_seed5,pendigits,sta4,block-hamiltonian,16,5,0.01,32,2000,True,plus,True,False,0.5624627908523652,0.9213333333333333,0.6668321222073104,0.875071469411092,0.9213333333333333,1613.5999999999997,,94.49625515937805,,736,4,16,457b0468ba5f023a4a9f38816dbca0899481d04d,False
complete,pendigits,pendigits__sta4__block-hamiltonian__L16__lr0.01__bs32__seed6,results/runs/pendigits/pendigits__sta4__block-hamiltonian__L16__lr0.01__bs32__seed6_seed6,pendigits,sta4,block-hamiltonian,16,6,0.01,32,2000,True,plus,True,False,0.5854015285062398,0.9106666666666666,0.6423176478286275,0.885934819897084,0.9213333333333333,1602.9999999999998,,95.83979058265686,,736,4,16,457b0468ba5f023a4a9f38816dbca0899481d04d,False
complete,pendigits,pendigits__sta4__block-hamiltonian__L16__lr0.01__bs32__seed7,results/runs/pendigits/pendigits__sta4__block-hamiltonian__L16__lr0.01__bs32__seed7_seed7,pendigits,sta4,block-hamiltonian,16,7,0.01,32,2000,True,plus,True,False,0.6135082767895197,0.9146666666666666,0.6738453758247509,0.87221269296741,0.9226666666666666,1638.6666666666665,,98.09424805641174,,736,4,16,457b0468ba5f023a4a9f38816dbca0899481d04d,False
complete,pendigits,pendigits__sta4__block-hamiltonian__L16__lr0.01__bs32__seed8,results/runs/pendigits/pendigits__sta4__block-hamiltonian__L16__lr0.01__bs32__seed8_seed8,pendigits,sta4,block-hamiltonian,16,8,0.01,32,2000,True,plus,True,False,0.7628000762811346,0.8746666666666667,0.8248860965392106,0.8522012578616353,0.9146666666666666,1612.3999999999996,,97.62069416046143,,736,4,16,457b0468ba5f023a4a9f38816dbca0899481d04d,False
complete,pendigits,pendigits__sta4__block-hamiltonian__L16__lr0.01__bs32__seed9,results/runs/pendigits/pendigits__sta4__block-hamiltonian__L16__lr0.01__bs32__seed9_seed9,pendigits,sta4,block-hamiltonian,16,9,0.01,32,2000,True,plus,True,False,0.5464125353475585,0.92,0.6059441275600206,0.888507718696398,0.924,1688.8000000000002,,98.6103925704956,,736,4,16,457b0468ba5f023a4a9f38816dbca0899481d04d,False
complete,pendigits,pendigits__sta4__block-hamiltonian__L1__lr0.01__bs32__seed0,results/runs/pendigits/pendigits__sta4__block-hamiltonian__L1__lr0.01__bs32__seed0_seed0,pendigits,sta4,block-hamiltonian,1,0,0.01,32,2000,True,plus,True,False,1.470964857003794,0.5506666666666666,1.5139041541033982,0.5463121783876501,0.5906666666666667,1016.4666666666668,,14.769577741622925,,46,4,16,457b0468ba5f023a4a9f38816dbca0899481d04d,False
complete,pendigits,pendigits__sta4__block-hamiltonian__L1__lr0.01__bs32__seed10,results/runs/pendigits/pendigits__sta4__block-hamiltonian__L1__lr0.01__bs32__seed10_seed10,pendigits,sta4,block-hamiltonian,1,10,0.01,32,2000,True,plus,True,False,1.5312135056870415,0.5693333333333334,1.5338292868420935,0.5631789594053745,0.576,975.8,,16.47060465812683,,46,4,16,457b0468ba5f023a4a9f38816dbca0899481d04d,False
complete,pendigits,pendigits__sta4__block-hamiltonian__L1__lr0.01__bs32__seed11,results/runs/pendigits/pendigits__sta4__block-hamiltonian__L1__lr0.01__bs32__seed11_seed11,pendigits,sta4,block-hamiltonian,1,11,0.01,32,2000,True,plus,True,False,1.4414065160848195,0.5893333333333334,1.4747568088435667,0.5866209262435678,0.6013333333333334,986.1333333333333,,15.084385633468628,,46,4,16,457b0468ba5f023a4a9f38816dbca0899481d04d,False
complete,pendigits,pendigits__sta4__block-hamiltonian__L1__lr0.01__bs32__seed12,results/runs/pendigits/pendigits__sta4__block-hamiltonian__L1__lr0.01__bs32__seed12_seed12,pendigits,sta4,block-hamiltonian,1,12,0.01,32,2000,True,plus,True,False,1.4555402768809735,0.6186666666666667,1.4966596331151192,0.6017724413950829,0.6226666666666667,1022.5333333333333,,16.599889039993286,,46,4,16,457b0468ba5f023a4a9f38816dbca0899481d04d,False
complete,pendigits,pendigits__sta4__block-hamiltonian__L1__lr0.01__bs32__seed13,results/runs/pendigits/pendigits__sta4__block-hamiltonian__L1__lr0.01__bs32__seed13_seed13,pendigits,sta4,block-hamiltonian,1,13,0.01,32,2000,True,plus,True,False,1.4704341647876142,0.552,1.5124374504301672,0.5334476843910806,0.5706666666666667,1023.6000000000001,,14.908928155899048,,46,4,16,457b0468ba5f023a4a9f38816dbca0899481d04d,False
complete,pendigits,pendigits__sta4__block-hamiltonian__L1__lr0.01__bs32__seed14,results/runs/pendigits/pendigits__sta4__block-hamiltonian__L1__lr0.01__bs32__seed14_seed14,pendigits,sta4,block-hamiltonian,1,14,0.01,32,2000,True,plus,True,False,1.4622742482406368,0.5626666666666666,1.5112267796586232,0.5637507146941109,0.5826666666666667,1018.1333333333334,,15.263168811798096,,46,4,16,457b0468ba5f023a4a9f38816dbca0899481d04d,False
complete,pendigits,pendigits__sta4__block-hamiltonian__L1__lr0.01__bs32__seed15,results/runs/pendigits/pendigits__sta4__block-hamiltonian__L1__lr0.01__bs32__seed15_seed15,pendigits,sta4,block-hamiltonian,1,15,0.01,32,2000,True,plus,True,False,1.481254295547779,0.5586666666666666,1.5212343568472284,0.5477415666094911,0.576,1015.8666666666667,,15.189369678497314,,46,4,16,457b0468ba5f023a4a9f38816dbca0899481d04d,False
complete,pendigits,pendigits__sta4__block-hamiltonian__L1__lr0.01__bs32__seed16,results/runs/pendigits/pendigits__sta4__block-hamiltonian__L1__lr0.01__bs32__seed16_seed16,pendigits,sta4,block-hamiltonian,1,16,0.01,32,2000,True,plus,True,False,1.6965091997565171,0.3973333333333333,1.773750338048291,0.32818753573470555,0.5693333333333334,1003.8000000000003,,15.282876253128052,,46,4,16,457b0468ba5f023a4a9f38816dbca0899481d04d,False
complete,pendigits,pendigits__sta4__block-hamiltonian__L1__lr0.01__bs32__seed17,results/runs/pendigits/pendigits__sta4__block-hamiltonian__L1__lr0.01__bs32__seed17_seed17,pendigits,sta4,block-hamiltonian,1,17,0.01,32,2000,True,plus,True,False,1.4735952564374735,0.5493333333333333,1.5070988883147995,0.5397369925671812,0.5706666666666667,1005.1333333333333,,16.37262988090515,,46,4,16,457b0468ba5f023a4a9f38816dbca0899481d04d,False
complete,pendigits,pendigits__sta4__block-hamiltonian__L1__lr0.01__bs32__seed18,results/runs/pendigits/pendigits__sta4__block-hamiltonian__L1__lr0.01__bs32__seed18_seed18,pendigits,sta4,block-hamiltonian,1,18,0.01,32,2000,True,plus,True,False,1.4698086665855323,0.5533333333333333,1.5098266862673562,0.5365923384791309,0.5813333333333334,1011.5999999999999,,15.325073719024658,,46,4,16,457b0468ba5f023a4a9f38816dbca0899481d04d,False
complete,pendigits,pendigits__sta4__block-hamiltonian__L1__lr0.01__bs32__seed19,results/runs/pendigits/pendigits__sta4__block-hamiltonian__L1__lr0.01__bs32__seed19_seed19,pendigits,sta4,block-hamiltonian,1,19,0.01,32,2000,True,plus,True,False,1.4898530360732116,0.5226666666666666,1.5268329002257621,0.5303030303030303,0.5746666666666667,993.4,,15.83999752998352,,46,4,16,457b0468ba5f023a4a9f38816dbca0899481d04d,False
complete,pendigits,pendigits__sta4__block-hamiltonian__L1__lr0.01__bs32__seed1,results/runs/pendigits/pendigits__sta4__block-hamiltonian__L1__lr0.01__bs32__seed1_seed1,pendigits,sta4,block-hamiltonian,1,1,0.01,32,2000,True,plus,True,False,1.48058064883864,0.5586666666666666,1.50459447014019,0.5463121783876501,0.5933333333333334,1015.7999999999998,,15.21750259399414,,46,4,16,457b0468ba5f023a4a9f38816dbca0899481d04d,False
complete,pendigits,pendigits__sta4__block-hamiltonian__L1__lr0.01__bs32__seed2,results/runs/pendigits/pendigits__sta4__block-hamiltonian__L1__lr0.01__bs32__seed2_seed2,pendigits,sta4,block-hamiltonian,1,2,0.01,32,2000,True,plus,True,False,1.466719212228293,0.54,1.508706812151308,0.5403087478559176,0.572,1010.7999999999998,,15.374456644058228,,46,4,16,457b0468ba5f023a4a9f38816dbca0899481d04d,False
complete,pendigits,pendigits__sta4__block-hamiltonian__L1__lr0.01__bs32__seed3,results/runs/pendigits/pendigits__sta4__block-hamiltonian__L1__lr0.01__bs32__seed3_seed3,pendigits,sta4,block-hamiltonian,1,3,0.01,32,2000,True,plus,True,False,1.4584445040530594,0.592,1.4846340117414825,0.582904516866781,0.6093333333333333,1026.7333333333336,,15.260563135147095,,46,4,16,457b0468ba5f023a4a9f38816dbca0899481d04d,False
complete,pendigits,pendigits__sta4__block-hamiltonian__L1__lr0.01__bs32__seed4,results/runs/pendigits/pendigits__sta4__block-hamiltonian__L1__lr0.01__bs32__seed4_seed4,pendigits,sta4,block-hamiltonian,1,4,0.01,32,2000,True,plus,True,False,1.485450199209248,0.5466666666666666,1.5238870449083093,0.5540308747855918,0.5813333333333334,1021.0666666666668,,15.148075580596924,,46,4,16,457b0468ba5f023a4a9f38816dbca0899481d04d,False
complete,pendigits,pendigits__sta4__block-hamiltonian__L1__lr0.01__bs32__seed5,results/runs/pendigits/pendigits__sta4__block-hamiltonian__L1__lr0.01__bs32__seed5_seed5,pendigits,sta4,block-hamiltonian,1,5,0.01,32,2000,True,plus,True,False,1.4511779098240338,0.5773333333333334,1.486879018087462,0.5806174957118353,0.62,1004.6,,15.356125593185425,,46,4,16,457b0468ba5f023a4a9f38816dbca0899481d04d,False
complete,pendigits,pendigits__sta4__block-hamiltonian__L1__lr0.01__bs32__seed6,results/runs/pendigits/pendigits__sta4__block-hamiltonian__L1__lr0.01__bs32__seed6_seed6,pendigits,sta4,block-hamiltonian,1,6,0.01,32,2000,True,plus,True,False,1.510046728985403,0.5506666666666666,1.55285645722231,0.5283018867924528,0.6013333333333334,1012.5999999999999,,15.299826860427856,,46,4,16,457b0468ba5f023a4a9f38816dbca0899481d04d,False
complete,pendigits,pendigits__sta4__block-hamiltonian__L1__lr0.01__bs32__seed7,results/runs/pendigits/pendigits__sta4__block-hamiltonian__L1__lr0.01__bs32__seed7_seed7,pendigits,sta4,block-hamiltonian,1,7,0.01,32,2000,True,plus,True,False,1.4828105059483043,0.5293333333333333,1.5108279550399017,0.5251572327044025,0.5706666666666667,1007.3333333333333,,15.111838579177856,,46,4,16,457b0468ba5f023a4a9f38816dbca0899481d04d,False
complete,pendigits,pendigits__sta4__block-hamiltonian__L1__lr0.01__bs32__seed8,results/runs/pendigits/pendigits__sta4__block-hamiltonian__L1__lr0.01__bs32__seed8_seed8,pendigits,sta4,block-hamiltonian,1,8,0.01,32,2000,True,plus,True,False,1.4762704658456347,0.6093333333333333,1.4980042661189865,0.5886220697541452,0.6093333333333333,974.5999999999999,,15.324689626693726,,46,4,16,457b0468ba5f023a4a9f38816dbca0899481d04d,False
complete,pendigits,pendigits__sta4__block-hamiltonian__L1__lr0.01__bs32__seed9,results/runs/pendigits/pendigits__sta4__block-hamiltonian__L1__lr0.01__bs32__seed9_seed9,pendigits,sta4,block-hamiltonian,1,9,0.01,32,2000,True,plus,True,False,1.4739662459165717,0.552,1.533507467096359,0.5371640937678673,0.5733333333333334,1032.4666666666667,,15.240242719650269,,46,4,16,457b0468ba5f023a4a9f38816dbca0899481d04d,False
complete,pendigits,pendigits__sta4__block-hamiltonian__L2__lr0.01__bs32__seed0,results/runs/pendigits/pendigits__sta4__block-hamiltonian__L2__lr0.01__bs32__seed0_seed0,pendigits,sta4,block-hamiltonian,2,0,0.01,32,2000,True,plus,True,False,1.079389767175585,0.7773333333333333,1.1406672162218476,0.741852487135506,0.784,1436.7333333333331,,19.04398226737976,,92,4,16,457b0468ba5f023a4a9f38816dbca0899481d04d,False
complete,pendigits,pendigits__sta4__block-hamiltonian__L2__lr0.01__bs32__seed10,results/runs/pendigits/pendigits__sta4__block-hamiltonian__L2__lr0.01__bs32__seed10_seed10,pendigits,sta4,block-hamiltonian,2,10,0.01,32,2000,True,plus,True,False,1.0766696527586903,0.7786666666666666,1.1280275410871432,0.7378502001143511,0.7786666666666666,1363.6666666666665,,19.554901838302612,,92,4,16,457b0468ba5f023a4a9f38816dbca0899481d04d,False
complete,pendigits,pendigits__sta4__block-hamiltonian__L2__lr0.01__bs32__seed11,results/runs/pendigits/pendigits__sta4__block-hamiltonian__L2__lr0.01__bs32__seed11_seed11,pendigits,sta4,block-hamiltonian,2,11,0.01,32,2000,True,plus,True,False,1.026786727113748,0.8026666666666666,1.074186259034836,0.7658662092624356,0.804,1407.7333333333333,,19.39892339706421,,92,4,16,457b0468ba5f023a4a9f38816dbca0899481d04d,False
complete,pendigits,pendigits__sta4__block-hamiltonian__L2__lr0.01__bs32__seed12,results/runs/pendigits/pendigits__sta4__block-hamiltonian__L2__lr0.01__bs32__seed12_seed12,pendigits,sta4,block-hamiltonian,2,12,0.01,32,2000,True,plus,True,False,1.0569384166262656,0.7626666666666667,1.1229515241884052,0.756718124642653,0.7813333333333333,1401.9333333333332,,20.580739498138428,,92,4,16,457b0468ba5f023a4a9f38816dbca0899481d04d,False
complete,pendigits,pendigits__sta4__block-hamiltonian__L2__lr0.01__bs32__seed13,results/runs/pendigits/pendigits__sta4__block-hamiltonian__L2__lr0.01__bs32__seed13_seed13,pendigits,sta4,block-hamiltonian,2,13,0.01,32,2000,True,plus,True,False,1.036981945120207,0.792,1.1082542353526075,0.7384219554030875,0.7973333333333333,1404.9333333333334,,19.614338874816895,,92,4,16,457b0468ba5f023a4a9f38816dbca0899481d04d,False
complete,pendigits,pendigits__sta4__block-hamiltonian__L2__lr0.01__bs32__seed14,results/runs/pendigits/pendigits__sta4__block-hamiltonian__L2__lr0.01__bs32__seed14_seed14,pendigits,sta4,block-hamiltonian,2,14,0.01,32,2000,True,plus,True,False,1.0568298656598156,0.7973333333333333,1.0755432563350096,0.7804459691252144,0.7986666666666666,1440.0666666666668,,20.93600630760193,,92,4,16,457b0468ba5f023a4a9f38816dbca0899481d04d,False
complete,pendigits,pendigits__sta4__block-hamiltonian__L2__lr0.01__bs32__seed15,results/runs/pendigits/pendigits__sta4__block-hamiltonian__L2__lr0.01__bs32__seed15_seed15,pendigits,sta4,block-hamiltonian,2,15,0.01,32,2000,True,plus,True,False,1.4421527000378482,0.43866666666666665,1.499477894399016,0.3793596340766152,0.8173333333333334,1476.1333333333332,,19.765000343322754,,92,4,16,457b0468ba5f023a4a9f38816dbca0899481d04d,False
complete,pendigits,pendigits__sta4__block-hamiltonian__L2__lr0.01__bs32__seed16,results/runs/pendigits/pendigits__sta4__block-hamiltonian__L2__lr0.01__bs32__seed16_seed16,pendigits,sta4,block-hamiltonian,2,16,0.01,32,2000,True,plus,True,False,1.0582745392719237,0.764,1.1046465707061957,0.730989136649514,0.7866666666666666,1357.2000000000003,,19.718188047409058,,92,4,16,457b0468ba5f023a4a9f38816dbca0899481d04d,False
complete,pendigits,pendigits__sta4__block-hamiltonian__L2__lr0.01__bs32__seed17,results/runs/pendigits/pendigits__sta4__block-hamiltonian__L2__lr0.01__bs32__seed17_seed17,pendigits,sta4,block-hamiltonian,2,17,0.01,32,2000,True,plus,True,False,1.021320166399393,0.792,1.1148911855341221,0.7475700400228702,0.8213333333333334,1443.4666666666667,,19.451975107192993,,92,4,16,457b0468ba5f023a4a9f38816dbca0899481d04d,False
complete,pendigits,pendigits__sta4__block-hamiltonian__L2__lr0.01__bs32__seed18,results/runs/pendigits/pendigits__sta4__block-hamiltonian__L2__lr0.01__bs32__seed18_seed18,pendigits,sta4,block-hamiltonian,2,18,0.01,32,2000,True,plus,True,False,1.0105956514231362,0.8093333333333333,1.0678852698003436,0.774442538593482,0.816,1440.0666666666666,,20.85004758834839,,92,4,16,457b0468ba5f023a4a9f38816dbca0899481d04d,False
complete,pendigits,pendigits__sta4__block-hamiltonian__L2__lr0.01__bs32__seed19,results/runs/pendigits/pendigits__sta4__block-hamiltonian__L2__lr0.01__bs32__seed19_seed19,pendigits,sta4,block-hamiltonian,2,19,0.01,32,2000,True,plus,True,False,1.0912246002911405,0.7746666666666666,1.153876256070481,0.7144082332761578,0.808,1439.0666666666664,,19.62755060195923,,92,4,16,457b0468ba5f023a4a9f38816dbca0899481d04d,False
complete,pendigits,pendigits__sta4__block-hamiltonian__L2__lr0.01__bs32__seed1,results/runs/pendigits/pendigits__sta4__block-hamiltonian__L2__lr0.01__bs32__seed1_seed1,pendigits,sta4,block-hamiltonian,2,1,0.01,32,2000,True,plus,True,False,1.1107796573543869,0.7586666666666667,1.1617915968970371,0.722698684962836,0.76,1364.3333333333333,,20.576093912124634,,92,4,16,457b0468ba5f023a4a9f38816dbca0899481d04d,False
complete,pendigits,pendigits__sta4__block-hamiltonian__L2__lr0.01__bs32__seed2,results/runs/pendigits/pendigits__sta4__block-hamiltonian__L2__lr0.01__bs32__seed2_seed2,pendigits,sta4,block-hamiltonian,2,2,0.01,32,2000,True,plus,True,False,1.0926649456768092,0.792,1.1507162271539075,0.7524299599771298,0.796,1415.8666666666666,,20.4637291431427,,92,4,16,457b0468ba5f023a4a9f38816dbca0899481d04d,False
complete,pendigits,pendigits__sta4__block-hamiltonian__L2__lr0.01__bs32__seed3,results/runs/pendigits/pendigits__sta4__block-hamiltonian__L2__lr0.01__bs32__seed3_seed3,pendigits,sta4,block-hamiltonian,2,3,0.01,32,2000,True,plus,True,False,1.1576089361703557,0.7146666666666667,1.2443212615346928,0.6472269868496283,0.812,1426.8666666666668,,19.56194257736206,,92,4,16,457b0468ba5f023a4a9f38816dbca0899481d04d,False
complete,pendigits,pendigits__sta4__block-hamiltonian__L2__lr0.01__bs32__seed4,results/runs/pendigits/pendigits__sta4__block-hamiltonian__L2__lr0.01__bs32__seed4_seed4,pendigits,sta4,block-hamiltonian,2,4,0.01,32,2000,True,plus,True,False,1.0576563112154078,0.792,1.0869055412643536,0.7672955974842768,0.792,1401.8000000000002,,19.799015522003174,,92,4,16,457b0468ba5f023a4a9f38816dbca0899481d04d,False
complete,pendigits,pendigits__sta4__block-hamiltonian__L2__lr0.01__bs32__seed5,results/runs/pendigits/pendigits__sta4__block-hamiltonian__L2__lr0.01__bs32__seed5_seed5,pendigits,sta4,block-hamiltonian,2,5,0.01,32,2000,True,plus,True,False,1.0822890223169432,0.7986666666666666,1.1356224690255692,0.7721555174385363,0.8186666666666667,1397.8666666666666,,20.832852602005005,,92,4,16,457b0468ba5f023a4a9f38816dbca0899481d04d,False
complete,pendigits,pendigits__sta4__block-hamiltonian__L2__lr0.01__bs32__seed6,results/runs/pendigits/pendigits__sta4__block-hamiltonian__L2__lr0.01__bs32__seed6_seed6,pendigits,sta4,block-hamiltonian,2,6,0.01,32,2000,True,plus,True,False,1.082877667760023,0.7586666666666667,1.158403421100341,0.7184105202973128,0.7653333333333333,1389.5333333333335,,20.083956241607666,,92,4,16,457b0468ba5f023a4a9f38816dbca0899481d04d,False
complete,pendigits,pendigits__sta4__block-hamiltonian__L2__lr0.01__bs32__seed7,results/runs/pendigits/pendigits__sta4__block-hamiltonian__L2__lr0.01__bs32__seed7_seed7,pendigits,sta4,block-hamiltonian,2,7,0.01,32,2000,True,plus,True,False,1.0338822463516977,0.7893333333333333,1.088408797075848,0.7512864493996569,0.8346666666666667,1492.9333333333334,,19.648688077926636,,92,4,16,457b0468ba5f023a4a9f38816dbca0899481d04d,False
complete,pendigits,pendigits__sta4__block-hamiltonian__L2__lr0.01__bs32__seed8,results/runs/pendigits/pendigits__sta4__block-hamiltonian__L2__lr0.01__bs32__seed8_seed8,pendigits,sta4,block-hamiltonian,2,8,0.01,32,2000,True,plus,True,False,1.0714380072388152,0.8013333333333333,1.1647519586865545,0.7458547741566609,0.8253333333333334,1425.9333333333332,,19.164636611938477,,92,4,16,457b0468ba5f023a4a9f38816dbca0899481d04d,False
complete,pendigits,pendigits__sta4__block-hamiltonian__L2__lr0.01__bs32__seed9,results/runs/pendigits/pendigits__sta4__block-hamiltonian__L2__lr0.01__bs32__seed9_seed9,pendigits,sta4,block-hamiltonian,2,9,0.01,32,2000,True,plus,True,False,1.0949914002966104,0.7813333333333333,1.1697836691726808,0.7347055460263008,0.7813333333333333,1386.333333333333,,19.989262580871582,,92,4,16,457b0468ba5f023a4a9f38816dbca0899481d04d,False
complete,pendigits,pendigits__sta4__block-hamiltonian__L32__lr0.01__bs32__seed0,results/runs/pendigits/pendigits__sta4__block-hamiltonian__L32__lr0.01__bs32__seed0_seed0,pendigits,sta4,block-hamiltonian,32,0,0.01,32,2000,True,plus,True,False,1.1546539051959213,0.7573333333333333,1.2507409898582282,0.7004002287021155,0.912,1574.0,,175.92411756515503,,1472,4,16,457b0468ba5f023a4a9f38816dbca0899481d04d,False
complete,pendigits,pendigits__sta4__block-hamiltonian__L32__lr0.01__bs32__seed10,results/runs/pendigits/pendigits__sta4__block-hamiltonian__L32__lr0.01__bs32__seed10_seed10,pendigits,sta4,block-hamiltonian,32,10,0.01,32,2000,True,plus,True,False,0.5453920933080973,0.932,0.6120668327562939,0.8945111492281304,0.932,1661.9333333333336,,175.49471998214722,,1472,4,16,457b0468ba5f023a4a9f38816dbca0899481d04d,False
complete,pendigits,pendigits__sta4__block-hamiltonian__L32__lr0.01__bs32__seed11,results/runs/pendigits/pendigits__sta4__block-hamiltonian__L32__lr0.01__bs32__seed11_seed11,pendigits,sta4,block-hamiltonian,32,11,0.01,32,2000,True,plus,True,False,1.089107956474505,0.7453333333333333,1.1282236198482003,0.7121212121212122,0.9146666666666666,1582.4666666666662,,172.9455862045288,,1472,4,16,457b0468ba5f023a4a9f38816dbca0899481d04d,False
complete,pendigits,pendigits__sta4__block-hamiltonian__L32__lr0.01__bs32__seed12,results/runs/pendigits/pendigits__sta4__block-hamiltonian__L32__lr0.01__bs32__seed12_seed12,pendigits,sta4,block-hamiltonian,32,12,0.01,32,2000,True,plus,True,False,0.550333823123442,0.9213333333333333,0.6284085212591223,0.8765008576329331,0.9293333333333333,1599.5333333333333,,177.9777865409851,,1472,4,16,457b0468ba5f023a4a9f38816dbca0899481d04d,False
complete,pendigits,pendigits__sta4__block-hamiltonian__L32__lr0.01__bs32__seed13,results/runs/pendigits/pendigits__sta4__block-hamiltonian__L32__lr0.01__bs32__seed13_seed13,pendigits,sta4,block-hamiltonian,32,13,0.01,32,2000,True,plus,True,False,0.7157863709180821,0.8773333333333333,0.7518802585058179,0.8687821612349914,0.9386666666666666,1681.7999999999997,,177.86793756484985,,1472,4,16,457b0468ba5f023a4a9f38816dbca0899481d04d,False
complete,pendigits,pendigits__sta4__block-hamiltonian__L32__lr0.01__bs32__seed14,results/runs/pendigits/pendigits__sta4__block-hamiltonian__L32__lr0.01__bs32__seed14_seed14,pendigits,sta4,block-hamiltonian,32,14,0.01,32,2000,True,plus,True,False,1.7151753197865567,0.47333333333333333,1.7271569091429446,0.4705546026300743,0.9253333333333333,1647.2,,171.32084774971008,,1472,4,16,457b0468ba5f023a4a9f38816dbca0899481d04d,False
complete,pendigits,pendigits__sta4__block-hamiltonian__L32__lr0.01__bs32__seed15,results/runs/pendigits/pendigits__sta4__block-hamiltonian__L32__lr0.01__bs32__seed15_seed15,pendigits,sta4,block-hamiltonian,32,15,0.01,32,2000,True,plus,True,False,1.8859992054329995,0.4226666666666667,1.9208707579210595,0.4025157232704403,0.908,1606.6666666666667,,177.491060256958,,1472,4,16,457b0468ba5f023a4a9f38816dbca0899481d04d,False
complete,pendigits,pendigits__sta4__block-hamiltonian__L32__lr0.01__bs32__seed16,results/runs/pendigits/pendigits__sta4__block-hamiltonian__L32__lr0.01__bs32__seed16_seed16,pendigits,sta4,block-hamiltonian,32,16,0.01,32,2000,True,plus,True,False,1.454481600805691,0.5613333333333334,1.5142812711506597,0.544882790165809,0.92,1578.0666666666668,,174.72819805145264,,1472,4,16,457b0468ba5f023a4a9f38816dbca0899481d04d,False
complete,pendigits,pendigits__sta4__block-hamiltonian__L32__lr0.01__bs32__seed17,results/runs/pendigits/pendigits__sta4__block-hamiltonian__L32__lr0.01__bs32__seed17_seed17,pendigits,sta4,block-hamiltonian,32,17,0.01,32,2000,True,plus,True,False,0.5944772966521593,0.8893333333333333,0.6508747085748182,0.8647798742138365,0.9213333333333333,1526.1333333333332,,178.4832103252411,,1472,4,16,457b0468ba5f023a4a9f38816dbca0899481d04d,False
complete,pendigits,pendigits__sta4__block-hamiltonian__L32__lr0.01__bs32__seed18,results/runs/pendigits/pendigits__sta4__block-hamiltonian__L32__lr0.01__bs32__seed18_seed18,pendigits,sta4,block-hamiltonian,32,18,0.01,32,2000,True,plus,True,False,0.5608918757795857,0.928,0.631428815490183,0.8793596340766152,0.928,1578.0,,176.64461302757263,,1472,4,16,457b0468ba5f023a4a9f38816dbca0899481d04d,False
complete,pendigits,pendigits__sta4__block-hamiltonian__L32__lr0.01__bs32__seed19,results/runs/pendigits/pendigits__sta4__block-hamiltonian__L32__lr0.01__bs32__seed19_seed19,pendigits,sta4,block-hamiltonian,32,19,0.01,32,2000,True,plus,True,False,0.6865038003793292,0.9,0.7482779907723124,0.8604917095483133,0.9093333333333333,1625.4000000000003,,174.35212349891663,,1472,4,16,457b0468ba5f023a4a9f38816dbca0899481d04d,False
complete,pendigits,pendigits__sta4__block-hamiltonian__L32__lr0.01__bs32__seed1,results/runs/pendigits/pendigits__sta4__block-hamiltonian__L32__lr0.01__bs32__seed1_seed1,pendigits,sta4,block-hamiltonian,32,1,0.01,32,2000,True,plus,True,False,0.8388987218142809,0.844,0.9224536066862478,0.8018867924528302,0.9306666666666666,1555.2666666666669,,175.43448162078857,,1472,4,16,457b0468ba5f023a4a9f38816dbca0899481d04d,False
complete,pendigits,pendigits__sta4__block-hamiltonian__L32__lr0.01__bs32__seed2,results/runs/pendigits/pendigits__sta4__block-hamiltonian__L32__lr0.01__bs32__seed2_seed2,pendigits,sta4,block-hamiltonian,32,2,0.01,32,2000,True,plus,True,False,0.6652590781202585,0.9106666666666666,0.7272588729440153,0.8610634648370498,0.9333333333333333,1544.0666666666666,,174.88292121887207,,1472,4,16,457b0468ba5f023a4a9f38816dbca0899481d04d,False
complete,pendigits,pendigits__sta4__block-hamiltonian__L32__lr0.01__bs32__seed3,results/runs/pendigits/pendigits__sta4__block-hamiltonian__L32__lr0.01__bs32__seed3_seed3,pendigits,sta4,block-hamiltonian,32,3,0.01,32,2000,True,plus,True,False,0.6178976343846326,0.9053333333333333,0.6618657418855747,0.8719268153230417,0.9253333333333333,1505.6000000000004,,174.27012968063354,,1472,4,16,457b0468ba5f023a4a9f38816dbca0899481d04d,False
complete,pendigits,pendigits__sta4__block-hamiltonian__L32__lr0.01__bs32__seed4,results/runs/pendigits/pendigits__sta4__block-hamiltonian__L32__lr0.01__bs32__seed4_seed4,pendigits,sta4,block-hamiltonian,32,4,0.01,32,2000,True,plus,True,False,1.318187864361613,0.6786666666666666,1.3857452584513312,0.6572327044025157,0.916,1529.666666666667,,176.36337423324585,,1472,4,16,457b0468ba5f023a4a9f38816dbca0899481d04d,False
complete,pendigits,pendigits__sta4__block-hamiltonian__L32__lr0.01__bs32__seed5,results/runs/pendigits/pendigits__sta4__block-hamiltonian__L32__lr0.01__bs32__seed5_seed5,pendigits,sta4,block-hamiltonian,32,5,0.01,32,2000,True,plus,True,False,0.5025906895722586,0.9213333333333333,0.5732210062668034,0.8922241280731846,0.9306666666666666,1604.1333333333334,,175.95356464385986,,1472,4,16,457b0468ba5f023a4a9f38816dbca0899481d04d,False
complete,pendigits,pendigits__sta4__block-hamiltonian__L32__lr0.01__bs32__seed6,results/runs/pendigits/pendigits__sta4__block-hamiltonian__L32__lr0.01__bs32__seed6_seed6,pendigits,sta4,block-hamiltonian,32,6,0.01,32,2000,True,plus,True,False,0.5756772932416588,0.9173333333333333,0.6032103820016428,0.9105202973127502,0.92,1616.7999999999997,,173.48848867416382,,1472,4,16,457b0468ba5f023a4a9f38816dbca0899481d04d,False
complete,pendigits,pendigits__sta4__block-hamiltonian__L32__lr0.01__bs32__seed7,results/runs/pendigits/pendigits__sta4__block-hamiltonian__L32__lr0.01__bs32__seed7_seed7,pendigits,sta4,block-hamiltonian,32,7,0.01,32,2000,True,plus,True,False,0.630559200942282,0.908,0.7108968536745506,0.8639222412807318,0.9146666666666666,1610.533333333333,,173.07623147964478,,1472,4,16,457b0468ba5f023a4a9f38816dbca0899481d04d,False
complete,pendigits,pendigits__sta4__block-hamiltonian__L32__lr0.01__bs32__seed8,results/runs/pendigits/pendigits__sta4__block-hamiltonian__L32__lr0.01__bs32__seed8_seed8,pendigits,sta4,block-hamiltonian,32,8,0.01,32,2000,True,plus,True,False,0.512924779784409,0.9226666666666666,0.5891281751752604,0.8890794739851343,0.9226666666666666,1508.2666666666667,,171.6104826927185,,1472,4,16,457b0468ba5f023a4a9f38816dbca0899481d04d,False
complete,pendigits,pendigits__sta4__block-hamiltonian__L32__lr0.01__bs32__seed9,results/runs/pendigits/pendigits__sta4__block-hamiltonian__L32__lr0.01__bs32__seed9_seed9,pendigits,sta4,block-hamiltonian,32,9,0.01,32,2000,True,plus,True,False,1.647795378245922,0.492,1.7550491035112825,0.45368782161234994,0.9173333333333333,1557.9333333333336,,178.161452293396,,1472,4,16,457b0468ba5f023a4a9f38816dbca0899481d04d,False
complete,pendigits,pendigits__sta4__block-hamiltonian__L4__lr0.01__bs32__seed0,results/runs/pendigits/pendigits__sta4__block-hamiltonian__L4__lr0.01__bs32__seed0_seed0,pendigits,sta4,block-hamiltonian,4,0,0.01,32,2000,True,plus,True,False,0.8327902814189695,0.86,0.8829317041335122,0.8301886792452831,0.8613333333333333,1562.2666666666669,,31.84326958656311,,184,4,16,457b0468ba5f023a4a9f38816dbca0899481d04d,False
complete,pendigits,pendigits__sta4__block-hamiltonian__L4__lr0.01__bs32__seed10,results/runs/pendigits/pendigits__sta4__block-hamiltonian__L4__lr0.01__bs32__seed10_seed10,pendigits,sta4,block-hamiltonian,4,10,0.01,32,2000,True,plus,True,False,0.8096328179449687,0.8546666666666667,0.8879004789989537,0.8156089193825042,0.8746666666666667,1567.9333333333334,,30.329427480697632,,184,4,16,457b0468ba5f023a4a9f38816dbca0899481d04d,False
complete,pendigits,pendigits__sta4__block-hamiltonian__L4__lr0.01__bs32__seed11,results/runs/pendigits/pendigits__sta4__block-hamiltonian__L4__lr0.01__bs32__seed11_seed11,pendigits,sta4,block-hamiltonian,4,11,0.01,32,2000,True,plus,True,False,0.839935005618772,0.864,0.8962667392948052,0.8190394511149228,0.876,1555.8000000000002,,30.00110697746277,,184,4,16,457b0468ba5f023a4a9f38816dbca0899481d04d,False
complete,pendigits,pendigits__sta4__block-hamiltonian__L4__lr0.01__bs32__seed12,results/runs/pendigits/pendigits__sta4__block-hamiltonian__L4__lr0.01__bs32__seed12_seed12,pendigits,sta4,block-hamiltonian,4,12,0.01,32,2000,True,plus,True,False,0.8086215164415101,0.876,0.8828212760023391,0.8227558604917096,0.876,1591.8,,29.69918465614319,,184,4,16,457b0468ba5f023a4a9f38816dbca0899481d04d,False
complete,pendigits,pendigits__sta4__block-hamiltonian__L4__lr0.01__bs32__seed13,results/runs/pendigits/pendigits__sta4__block-hamiltonian__L4__lr0.01__bs32__seed13_seed13,pendigits,sta4,block-hamiltonian,4,13,0.01,32,2000,True,plus,True,False,0.8692890254702593,0.8613333333333333,0.9524851639492238,0.805603201829617,0.8653333333333333,1505.7333333333331,,32.0140962600708,,184,4,16,457b0468ba5f023a4a9f38816dbca0899481d04d,False
complete,pendigits,pendigits__sta4__block-hamiltonian__L4__lr0.01__bs32__seed14,results/runs/pendigits/pendigits__sta4__block-hamiltonian__L4__lr0.01__bs32__seed14_seed14,pendigits,sta4,block-hamiltonian,4,14,0.01,32,2000,True,plus,True,False,0.8454344328946259,0.8453333333333334,0.8831221409275417,0.8190394511149228,0.872,1567.8666666666668,,30.515273332595825,,184,4,16,457b0468ba5f023a4a9f38816dbca0899481d04d,False
complete,pendigits,pendigits__sta4__block-hamiltonian__L4__lr0.01__bs32__seed15,results/runs/pendigits/pendigits__sta4__block-hamiltonian__L4__lr0.01__bs32__seed15_seed15,pendigits,sta4,block-hamiltonian,4,15,0.01,32,2000,True,plus,True,False,0.8300218716427935,0.8653333333333333,0.9138936442463346,0.7998856489422527,0.8653333333333333,1588.8666666666668,,30.654158353805542,,184,4,16,457b0468ba5f023a4a9f38816dbca0899481d04d,False
complete,pendigits,pendigits__sta4__block-hamiltonian__L4__lr0.01__bs32__seed16,results/runs/pendigits/pendigits__sta4__block-hamiltonian__L4__lr0.01__bs32__seed16_seed16,pendigits,sta4,block-hamiltonian,4,16,0.01,32,2000,True,plus,True,False,0.8936058670473721,0.8373333333333334,0.9322949712366918,0.8110348770726129,0.852,1505.1333333333332,,31.52715277671814,,184,4,16,457b0468ba5f023a4a9f38816dbca0899481d04d,False
complete,pendigits,pendigits__sta4__block-hamiltonian__L4__lr0.01__bs32__seed17,results/runs/pendigits/pendigits__sta4__block-hamiltonian__L4__lr0.01__bs32__seed17_seed17,pendigits,sta4,block-hamiltonian,4,17,0.01,32,2000,True,plus,True,False,0.8475270593087192,0.82,0.9393390317005378,0.7830188679245284,0.86,1573.9333333333334,,30.98845148086548,,184,4,16,457b0468ba5f023a4a9f38816dbca0899481d04d,False
complete,pendigits,pendigits__sta4__block-hamiltonian__L4__lr0.01__bs32__seed18,results/runs/pendigits/pendigits__sta4__block-hamiltonian__L4__lr0.01__bs32__seed18_seed18,pendigits,sta4,block-hamiltonian,4,18,0.01,32,2000,True,plus,True,False,0.8731014528087955,0.836,0.9251705749234901,0.801600914808462,0.8506666666666667,1543.2,,30.837684154510498,,184,4,16,457b0468ba5f023a4a9f38816dbca0899481d04d,False
complete,pendigits,pendigits__sta4__block-hamiltonian__L4__lr0.01__bs32__seed19,results/runs/pendigits/pendigits__sta4__block-hamiltonian__L4__lr0.01__bs32__seed19_seed19,pendigits,sta4,block-hamiltonian,4,19,0.01,32,2000,True,plus,True,False,0.8171264796067061,0.8706666666666667,0.8921445247929679,0.826186392224128,0.8773333333333333,1594.8666666666668,,32.130353927612305,,184,4,16,457b0468ba5f023a4a9f38816dbca0899481d04d,False
complete,pendigits,pendigits__sta4__block-hamiltonian__L4__lr0.01__bs32__seed1,results/runs/pendigits/pendigits__sta4__block-hamiltonian__L4__lr0.01__bs32__seed1_seed1,pendigits,sta4,block-hamiltonian,4,1,0.01,32,2000,True,plus,True,False,0.8897689200518968,0.8373333333333334,0.9547172816378563,0.7915951972555746,0.8466666666666667,1488.1333333333332,,30.271057844161987,,184,4,16,457b0468ba5f023a4a9f38816dbca0899481d04d,False
complete,pendigits,pendigits__sta4__block-hamiltonian__L4__lr0.01__bs32__seed2,results/runs/pendigits/pendigits__sta4__block-hamiltonian__L4__lr0.01__bs32__seed2_seed2,pendigits,sta4,block-hamiltonian,4,2,0.01,32,2000,True,plus,True,False,0.8760820681406893,0.8506666666666667,0.9788095797179421,0.7924528301886793,0.8653333333333333,1575.6666666666665,,29.320617198944092,,184,4,16,457b0468ba5f023a4a9f38816dbca0899481d04d,False
complete,pendigits,pendigits__sta4__block-hamiltonian__L4__lr0.01__bs32__seed3,results/runs/pendigits/pendigits__sta4__block-hamiltonian__L4__lr0.01__bs32__seed3_seed3,pendigits,sta4,block-hamiltonian,4,3,0.01,32,2000,True,plus,True,False,0.8269796475422155,0.868,0.8621793599410945,0.8227558604917096,0.8733333333333333,1578.9999999999998,,31.08224582672119,,184,4,16,457b0468ba5f023a4a9f38816dbca0899481d04d,False
complete,pendigits,pendigits__sta4__block-hamiltonian__L4__lr0.01__bs32__seed4,results/runs/pendigits/pendigits__sta4__block-hamiltonian__L4__lr0.01__bs32__seed4_seed4,pendigits,sta4,block-hamiltonian,4,4,0.01,32,2000,True,plus,True,False,0.8009001704988176,0.8813333333333333,0.8754343017592904,0.819325328759291,0.8813333333333333,1595.3333333333333,,30.547685861587524,,184,4,16,457b0468ba5f023a4a9f38816dbca0899481d04d,False
complete,pendigits,pendigits__sta4__block-hamiltonian__L4__lr0.01__bs32__seed5,results/runs/pendigits/pendigits__sta4__block-hamiltonian__L4__lr0.01__bs32__seed5_seed5,pendigits,sta4,block-hamiltonian,4,5,0.01,32,2000,True,plus,True,False,0.831708591558478,0.8533333333333334,0.8924647249718218,0.8076043453401944,0.868,1574.3333333333335,,31.440791606903076,,184,4,16,457b0468ba5f023a4a9f38816dbca0899481d04d,False
complete,pendigits,pendigits__sta4__block-hamiltonian__L4__lr0.01__bs32__seed6,results/runs/pendigits/pendigits__sta4__block-hamiltonian__L4__lr0.01__bs32__seed6_seed6,pendigits,sta4,block-hamiltonian,4,6,0.01,32,2000,True,plus,True,False,0.8299072898537175,0.8666666666666667,0.892668753396764,0.8327615780445969,0.8666666666666667,1535.6666666666667,,30.284482955932617,,184,4,16,457b0468ba5f023a4a9f38816dbca0899481d04d,False
complete,pendigits,pendigits__sta4__block-hamiltonian__L4__lr0.01__bs32__seed7,results/runs/pendigits/pendigits__sta4__block-hamiltonian__L4__lr0.01__bs32__seed7_seed7,pendigits,sta4,block-hamiltonian,4,7,0.01,32,2000,True,plus,True,False,0.8445104844091701,0.8573333333333333,0.9162671602048406,0.8161806746712407,0.8653333333333333,1553.6,,30.05893087387085,,184,4,16,457b0468ba5f023a4a9f38816dbca0899481d04d,False
complete,pendigits,pendigits__sta4__block-hamiltonian__L4__lr0.01__bs32__seed8,results/runs/pendigits/pendigits__sta4__block-hamiltonian__L4__lr0.01__bs32__seed8_seed8,pendigits,sta4,block-hamiltonian,4,8,0.01,32,2000,True,plus,True,False,0.9179446084578685,0.856,0.9888323450079674,0.8073184676958262,0.8786666666666667,1586.3333333333333,,30.770694732666016,,184,4,16,457b0468ba5f023a4a9f38816dbca0899481d04d,False
complete,pendigits,pendigits__sta4__block-hamiltonian__L4__lr0.01__bs32__seed9,results/runs/pendigits/pendigits__sta4__block-hamiltonian__L4__lr0.01__bs32__seed9_seed9,pendigits,sta4,block-hamiltonian,4,9,0.01,32,2000,True,plus,True,False,0.8837944427596528,0.8293333333333334,0.9326962935571704,0.80989136649514,0.86,1565.8666666666666,,29.926701068878174,,184,4,16,457b0468ba5f023a4a9f38816dbca0899481d04d,False
complete,pendigits,pendigits__sta4__block-hamiltonian__L8__lr0.01__bs32__seed0,results/runs/pendigits/pendigits__sta4__block-hamiltonian__L8__lr0.01__bs32__seed0_seed0,pendigits,sta4,block-hamiltonian,8,0,0.01,32,2000,True,plus,True,False,0.684507026581349,0.9,0.7440708431291314,0.8576329331046312,0.9133333333333333,1663.8,,53.44986414909363,,368,4,16,c9975de69f8651d303bc6c90c5d2fe6e6ebd42c1,False
complete,pendigits,pendigits__sta4__block-hamiltonian__L8__lr0.01__bs32__seed10,results/runs/pendigits/pendigits__sta4__block-hamiltonian__L8__lr0.01__bs32__seed10_seed10,pendigits,sta4,block-hamiltonian,8,10,0.01,32,2000,True,plus,True,False,0.6980552327243776,0.8853333333333333,0.7459199814075362,0.8439108061749572,0.9053333333333333,1653.1333333333334,,50.872037410736084,,368,4,16,c9975de69f8651d303bc6c90c5d2fe6e6ebd42c1,False
complete,pendigits,pendigits__sta4__block-hamiltonian__L8__lr0.01__bs32__seed11,results/runs/pendigits/pendigits__sta4__block-hamiltonian__L8__lr0.01__bs32__seed11_seed11,pendigits,sta4,block-hamiltonian,8,11,0.01,32,2000,True,plus,True,False,0.6435881874402047,0.9013333333333333,0.7059690689749073,0.8624928530588908,0.9093333333333333,1618.666666666667,,49.837459325790405,,368,4,16,c9975de69f8651d303bc6c90c5d2fe6e6ebd42c1,False
complete,pendigits,pendigits__sta4__block-hamiltonian__L8__lr0.01__bs32__seed12,results/runs/pendigits/pendigits__sta4__block-hamiltonian__L8__lr0.01__bs32__seed12_seed12,pendigits,sta4,block-hamiltonian,8,12,0.01,32,2000,True,plus,True,False,0.6604589838836741,0.9053333333333333,0.7774237130313042,0.8404802744425386,0.9066666666666666,1642.6666666666663,,53.29690456390381,,368,4,16,c9975de69f8651d303bc6c90c5d2fe6e6ebd42c1,False
complete,pendigits,pendigits__sta4__block-hamiltonian__L8__lr0.01__bs32__seed13,results/runs/pendigits/pendigits__sta4__block-hamiltonian__L8__lr0.01__bs32__seed13_seed13,pendigits,sta4,block-hamiltonian,8,13,0.01,32,2000,True,plus,True,False,0.6328276153133778,0.9173333333333333,0.7104444133519755,0.8647798742138365,0.9173333333333333,1636.7333333333333,,51.21876263618469,,368,4,16,c9975de69f8651d303bc6c90c5d2fe6e6ebd42c1,False
complete,pendigits,pendigits__sta4__block-hamiltonian__L8__lr0.01__bs32__seed14,results/runs/pendigits/pendigits__sta4__block-hamiltonian__L8__lr0.01__bs32__seed14_seed14,pendigits,sta4,block-hamiltonian,8,14,0.01,32,2000,True,plus,True,False,0.6377138094841047,0.9013333333333333,0.6931696354828103,0.8662092624356775,0.9053333333333333,1653.1333333333332,,52.39636278152466,,368,4,16,c9975de69f8651d303bc6c90c5d2fe6e6ebd42c1,False
complete,pendigits,pendigits__sta4__block-hamiltonian__L8__lr0.01__bs32__seed15,results/runs/pendigits/pendigits__sta4__block-hamiltonian__L8__lr0.01__bs32__seed15_seed15,pendigits,sta4,block-hamiltonian,8,15,0.01,32,2000,True,plus,True,False,0.6564344315973076,0.9173333333333333,0.7424960892780778,0.8633504859919954,0.9173333333333333,1641.3999999999996,,50.41790223121643,,368,4,16,c9975de69f8651d303bc6c90c5d2fe6e6ebd42c1,False
complete,pendigits,pendigits__sta4__block-hamiltonian__L8__lr0.01__bs32__seed16,results/runs/pendigits/pendigits__sta4__block-hamiltonian__L8__lr0.01__bs32__seed16_seed16,pendigits,sta4,block-hamiltonian,8,16,0.01,32,2000,True,plus,True,False,0.6414562594184523,0.904,0.7368918639120032,0.8553459119496856,0.92,1677.0666666666666,,53.27255821228027,,368,4,16,457b0468ba5f023a4a9f38816dbca0899481d04d,False
complete,pendigits,pendigits__sta4__block-hamiltonian__L8__lr0.01__bs32__seed17,results/runs/pendigits/pendigits__sta4__block-hamiltonian__L8__lr0.01__bs32__seed17_seed17,pendigits,sta4,block-hamiltonian,8,17,0.01,32,2000,True,plus,True,False,0.6404627386738803,0.8893333333333333,0.7113263380032544,0.8567753001715266,0.896,1584.8666666666668,,52.01248621940613,,368,4,16,457b0468ba5f023a4a9f38816dbca0899481d04d,False
complete,pendigits,pendigits__sta4__block-hamiltonian__L8__lr0.01__bs32__seed18,results/runs/pendigits/pendigits__sta4__block-hamiltonian__L8__lr0.01__bs32__seed18_seed18,pendigits,sta4,block-hamiltonian,8,18,0.01,32,2000,True,plus,True,False,0.8008685805453427,0.86,0.8576005737455611,0.8053173241852487,0.9173333333333333,1576.0000000000002,,49.066463470458984,,368,4,16,457b0468ba5f023a4a9f38816dbca0899481d04d,False
complete,pendigits,pendigits__sta4__block-hamiltonian__L8__lr0.01__bs32__seed19,results/runs/pendigits/pendigits__sta4__block-hamiltonian__L8__lr0.01__bs32__seed19_seed19,pendigits,sta4,block-hamiltonian,8,19,0.01,32,2000,True,plus,True,False,0.6878739741585453,0.8773333333333333,0.7791229239672397,0.8327615780445969,0.8933333333333333,1555.1333333333332,,51.26509475708008,,368,4,16,457b0468ba5f023a4a9f38816dbca0899481d04d,False
complete,pendigits,pendigits__sta4__block-hamiltonian__L8__lr0.01__bs32__seed1,results/runs/pendigits/pendigits__sta4__block-hamiltonian__L8__lr0.01__bs32__seed1_seed1,pendigits,sta4,block-hamiltonian,8,1,0.01,32,2000,True,plus,True,False,0.6860133080811371,0.8813333333333333,0.7510544507642308,0.8441966838193253,0.912,1656.1333333333332,,50.84553503990173,,368,4,16,c9975de69f8651d303bc6c90c5d2fe6e6ebd42c1,False
complete,pendigits,pendigits__sta4__block-hamiltonian__L8__lr0.01__bs32__seed2,results/runs/pendigits/pendigits__sta4__block-hamiltonian__L8__lr0.01__bs32__seed2_seed2,pendigits,sta4,block-hamiltonian,8,2,0.01,32,2000,True,plus,True,False,0.6717399134276292,0.896,0.7189431106153292,0.8576329331046312,0.896,1642.0000000000002,,53.702266693115234,,368,4,16,457b0468ba5f023a4a9f38816dbca0899481d04d,False
complete,pendigits,pendigits__sta4__block-hamiltonian__L8__lr0.01__bs32__seed3,results/runs/pendigits/pendigits__sta4__block-hamiltonian__L8__lr0.01__bs32__seed3_seed3,pendigits,sta4,block-hamiltonian,8,3,0.01,32,2000,True,plus,True,False,0.6461276983695651,0.892,0.7014077542047131,0.8687821612349914,0.9053333333333333,1639.0666666666664,,51.69620323181152,,368,4,16,457b0468ba5f023a4a9f38816dbca0899481d04d,False
complete,pendigits,pendigits__sta4__block-hamiltonian__L8__lr0.01__bs32__seed4,results/runs/pendigits/pendigits__sta4__block-hamiltonian__L8__lr0.01__bs32__seed4_seed4,pendigits,sta4,block-hamiltonian,8,4,0.01,32,2000,True,plus,True,False,0.6696670366208618,0.8946666666666667,0.788932667501006,0.8324757004002287,0.9066666666666666,1658.0666666666666,,52.28915452957153,,368,4,16,457b0468ba5f023a4a9f38816dbca0899481d04d,False
complete,pendigits,pendigits__sta4__block-hamiltonian__L8__lr0.01__bs32__seed5,results/runs/pendigits/pendigits__sta4__block-hamiltonian__L8__lr0.01__bs32__seed5_seed5,pendigits,sta4,block-hamiltonian,8,5,0.01,32,2000,True,plus,True,False,0.7188442409969451,0.8706666666666667,0.7691517437754586,0.8379073756432247,0.8986666666666666,1621.1999999999996,,51.755221128463745,,368,4,16,457b0468ba5f023a4a9f38816dbca0899481d04d,False
complete,pendigits,pendigits__sta4__block-hamiltonian__L8__lr0.01__bs32__seed6,results/runs/pendigits/pendigits__sta4__block-hamiltonian__L8__lr0.01__bs32__seed6_seed6,pendigits,sta4,block-hamiltonian,8,6,0.01,32,2000,True,plus,True,False,0.6495732369046275,0.8893333333333333,0.7330908136420318,0.8542024013722127,0.904,1657.0000000000002,,51.203492879867554,,368,4,16,457b0468ba5f023a4a9f38816dbca0899481d04d,False
complete,pendigits,pendigits__sta4__block-hamiltonian__L8__lr0.01__bs32__seed7,results/runs/pendigits/pendigits__sta4__block-hamiltonian__L8__lr0.01__bs32__seed7_seed7,pendigits,sta4,block-hamiltonian,8,7,0.01,32,2000,True,plus,True,False,0.6693041259509321,0.8866666666666667,0.7310068615460635,0.8533447684391081,0.8893333333333333,1561.7333333333333,,50.887717723846436,,368,4,16,457b0468ba5f023a4a9f38816dbca0899481d04d,False
complete,pendigits,pendigits__sta4__block-hamiltonian__L8__lr0.01__bs32__seed8,results/runs/pendigits/pendigits__sta4__block-hamiltonian__L8__lr0.01__bs32__seed8_seed8,pendigits,sta4,block-hamiltonian,8,8,0.01,32,2000,True,plus,True,False,0.6990611399870111,0.8906666666666667,0.7819494088909964,0.842481417953116,0.9093333333333333,1650.266666666667,,52.39955496788025,,368,4,16,457b0468ba5f023a4a9f38816dbca0899481d04d,False
complete,pendigits,pendigits__sta4__block-hamiltonian__L8__lr0.01__bs32__seed9,results/runs/pendigits/pendigits__sta4__block-hamiltonian__L8__lr0.01__bs32__seed9_seed9,pendigits,sta4,block-hamiltonian,8,9,0.01,32,2000,True,plus,True,False,0.6540229343656445,0.8853333333333333,0.7202280317720002,0.8430531732418525,0.896,1639.466666666667,,52.54769468307495,,368,4,16,457b0468ba5f023a4a9f38816dbca0899481d04d,False
complete,pendigits,pendigits__sta4__fixed-ry-rz__L16__lr0.01__bs32__seed0,results/runs/pendigits/pendigits__sta4__fixed-ry-rz__L16__lr0.01__bs32__seed0_seed0,pendigits,sta4,fixed-ry-rz,16,0,0.01,32,2000,True,plus,True,False,1.55148127564103,0.49733333333333335,1.5765017459375974,0.49656946826758147,0.49733333333333335,761.5999999999999,,1022.8702108860016,,3600,16,65536,457b0468ba5f023a4a9f38816dbca0899481d04d,False
complete,pendigits,pendigits__sta4__fixed-ry-rz__L16__lr0.01__bs32__seed10,results/runs/pendigits/pendigits__sta4__fixed-ry-rz__L16__lr0.01__bs32__seed10_seed10,pendigits,sta4,fixed-ry-rz,16,10,0.01,32,2000,True,plus,True,False,1.515591484010215,0.532,1.577685099377357,0.5062893081761006,0.5706666666666667,874.2666666666667,,1023.7272551059723,,3600,16,65536,457b0468ba5f023a4a9f38816dbca0899481d04d,False
complete,pendigits,pendigits__sta4__fixed-ry-rz__L16__lr0.01__bs32__seed11,results/runs/pendigits/pendigits__sta4__fixed-ry-rz__L16__lr0.01__bs32__seed11_seed11,pendigits,sta4,fixed-ry-rz,16,11,0.01,32,2000,True,plus,True,False,1.463423764077025,0.5173333333333333,1.4876528235090178,0.5111492281303602,0.536,866.7333333333335,,1018.8252475261688,,3600,16,65536,457b0468ba5f023a4a9f38816dbca0899481d04d,False
complete,pendigits,pendigits__sta4__fixed-ry-rz__L16__lr0.01__bs32__seed12,results/runs/pendigits/pendigits__sta4__fixed-ry-rz__L16__lr0.01__bs32__seed12_seed12,pendigits,sta4,fixed-ry-rz,16,12,0.01,32,2000,True,plus,True,False,1.4827359668747586,0.5426666666666666,1.4920489835599287,0.5514579759862779,0.5426666666666666,829.4666666666667,,1017.7553288936615,,3600,16,65536,457b0468ba5f023a4a9f38816dbca0899481d04d,False
complete,pendigits,pendigits__sta4__fixed-ry-rz__L16__lr0.01__bs32__seed13,results/runs/pendigits/pendigits__sta4__fixed-ry-rz__L16__lr0.01__bs32__seed13_seed13,pendigits,sta4,fixed-ry-rz,16,13,0.01,32,2000,True,plus,True,False,1.384720737340224,0.5933333333333334,1.4298815726238472,0.5663236134934249,0.5933333333333334,903.1333333333333,,1020.286084651947,,3600,16,65536,457b0468ba5f023a4a9f38816dbca0899481d04d,False
complete,pendigits,pendigits__sta4__fixed-ry-rz__L16__lr0.01__bs32__seed14,results/runs/pendigits/pendigits__sta4__fixed-ry-rz__L16__lr0.01__bs32__seed14_seed14,pendigits,sta4,fixed-ry-rz,16,14,0.01,32,2000,True,plus,True,False,1.380613102173211,0.5813333333333334,1.4074662197953403,0.5703259005145798,0.5813333333333334,836.0,,1020.8916692733765,,3600,16,65536,457b0468ba5f023a4a9f38816dbca0899481d04d,False
complete,pendigits,pendigits__sta4__fixed-ry-rz__L16__lr0.01__bs32__seed15,results/runs/pendigits/pendigits__sta4__fixed-ry-rz__L16__lr0.01__bs32__seed15_seed15,pendigits,sta4,fixed-ry-rz,16,15,0.01,32,2000,True,plus,True,False,1.4819301926060138,0.5613333333333334,1.5150041441688713,0.5400228702115495,0.5613333333333334,864.2,,1024.5631110668182,,3600,16,65536,457b0468ba5f023a4a9f38816dbca0899481d04d,False
complete,pendigits,pendigits__sta4__fixed-ry-rz__L16__lr0.01__bs32__seed16,results/runs/pendigits/pendigits__sta4__fixed-ry-rz__L16__lr0.01__bs32__seed16_seed16,pendigits,sta4,fixed-ry-rz,16,16,0.01,32,2000,True,plus,True,False,1.502285803014349,0.5306666666666666,1.5204227914720623,0.5220125786163522,0.5306666666666666,834.3333333333334,,1020.6627006530762,,3600,16,65536,457b0468ba5f023a4a9f38816dbca0899481d04d,False
complete,pendigits,pendigits__sta4__fixed-ry-rz__L16__lr0.01__bs32__seed17,results/runs/pendigits/pendigits__sta4__fixed-ry-rz__L16__lr0.01__bs32__seed17_seed17,pendigits,sta4,fixed-ry-rz,16,17,0.01,32,2000,True,plus,True,False,1.3946008723066528,0.552,1.4320216644742927,0.5603201829616924,0.5706666666666667,850.0000000000001,,1021.990688085556,,3600,16,65536,457b0468ba5f023a4a9f38816dbca0899481d04d,False
complete,pendigits,pendigits__sta4__fixed-ry-rz__L16__lr0.01__bs32__seed18,results/runs/pendigits/pendigits__sta4__fixed-ry-rz__L16__lr0.01__bs32__seed18_seed18,pendigits,sta4,fixed-ry-rz,16,18,0.01,32,2000,True,plus,True,False,1.46203461093836,0.5226666666666666,1.4512778709235372,0.5457404230989137,0.5653333333333334,870.8,,1023.2003974914551,,3600,16,65536,457b0468ba5f023a4a9f38816dbca0899481d04d,False
complete,pendigits,pendigits__sta4__fixed-ry-rz__L16__lr0.01__bs32__seed19,results/runs/pendigits/pendigits__sta4__fixed-ry-rz__L16__lr0.01__bs32__seed19_seed19,pendigits,sta4,fixed-ry-rz,16,19,0.01,32,2000,True,plus,True,False,1.531069505752426,0.5346666666666666,1.5410887916408418,0.51915380217267,0.5466666666666666,828.0,,1011.294835805893,,3600,16,65536,457b0468ba5f023a4a9f38816dbca0899481d04d,False
complete,pendigits,pendigits__sta4__fixed-ry-rz__L16__lr0.01__bs32__seed1,results/runs/pendigits/pendigits__sta4__fixed-ry-rz__L16__lr0.01__bs32__seed1_seed1,pendigits,sta4,fixed-ry-rz,16,1,0.01,32,2000,True,plus,True,False,1.4948728487386722,0.5453333333333333,1.542220511047701,0.5323041738136077,0.5453333333333333,891.8666666666667,,1019.9364604949951,,3600,16,65536,457b0468ba5f023a4a9f38816dbca0899481d04d,False
complete,pendigits,pendigits__sta4__fixed-ry-rz__L16__lr0.01__bs32__seed2,results/runs/pendigits/pendigits__sta4__fixed-ry-rz__L16__lr0.01__bs32__seed2_seed2,pendigits,sta4,fixed-ry-rz,16,2,0.01,32,2000,True,plus,True,False,1.709319075675443,0.456,1.7057331334917125,0.44339622641509435,0.4573333333333333,785.0,,1007.8196005821228,,3600,16,65536,457b0468ba5f023a4a9f38816dbca0899481d04d,False
complete,pendigits,pendigits__sta4__fixed-ry-rz__L16__lr0.01__bs32__seed3,results/runs/pendigits/pendigits__sta4__fixed-ry-rz__L16__lr0.01__bs32__seed3_seed3,pendigits,sta4,fixed-ry-rz,16,3,0.01,32,2000,True,plus,True,False,1.503248763258574,0.56,1.5342452727010751,0.544882790165809,0.56,811.9333333333334,,1002.0569415092468,,3600,16,65536,457b0468ba5f023a4a9f38816dbca0899481d04d,False
complete,pendigits,pendigits__sta4__fixed-ry-rz__L16__lr0.01__bs32__seed4,results/runs/pendigits/pendigits__sta4__fixed-ry-rz__L16__lr0.01__bs32__seed4_seed4,pendigits,sta4,fixed-ry-rz,16,4,0.01,32,2000,True,plus,True,False,1.6288171775603517,0.49866666666666665,1.6554127935393481,0.4614065180102916,0.5106666666666667,846.6666666666667,,1007.1446878910065,,3600,16,65536,457b0468ba5f023a4a9f38816dbca0899481d04d,False
complete,pendigits,pendigits__sta4__fixed-ry-rz__L16__lr0.01__bs32__seed5,results/runs/pendigits/pendigits__sta4__fixed-ry-rz__L16__lr0.01__bs32__seed5_seed5,pendigits,sta4,fixed-ry-rz,16,5,0.01,32,2000,True,plus,True,False,1.4071504550958496,0.5546666666666666,1.459304610934836,0.5608919382504288,0.5546666666666666,839.5333333333333,,1006.9645371437073,,3600,16,65536,457b0468ba5f023a4a9f38816dbca0899481d04d,False
complete,pendigits,pendigits__sta4__fixed-ry-rz__L16__lr0.01__bs32__seed6,results/runs/pendigits/pendigits__sta4__fixed-ry-rz__L16__lr0.01__bs32__seed6_seed6,pendigits,sta4,fixed-ry-rz,16,6,0.01,32,2000,True,plus,True,False,1.566836513518433,0.516,1.6457926698885026,0.4734133790737564,0.5226666666666666,810.1333333333332,,1006.282369852066,,3600,16,65536,457b0468ba5f023a4a9f38816dbca0899481d04d,False
complete,pendigits,pendigits__sta4__fixed-ry-rz__L16__lr0.01__bs32__seed7,results/runs/pendigits/pendigits__sta4__fixed-ry-rz__L16__lr0.01__bs32__seed7_seed7,pendigits,sta4,fixed-ry-rz,16,7,0.01,32,2000,True,plus,True,False,1.4383095558707377,0.5666666666666667,1.490995515873884,0.5383076043453402,0.568,929.2,,1004.3565473556519,,3600,16,65536,457b0468ba5f023a4a9f38816dbca0899481d04d,False
complete,pendigits,pendigits__sta4__fixed-ry-rz__L16__lr0.01__bs32__seed8,results/runs/pendigits/pendigits__sta4__fixed-ry-rz__L16__lr0.01__bs32__seed8_seed8,pendigits,sta4,fixed-ry-rz,16,8,0.01,32,2000,True,plus,True,False,1.5207344008641557,0.532,1.5369045098182357,0.5328759291023442,0.532,808.2666666666665,,1002.1270310878754,,3600,16,65536,457b0468ba5f023a4a9f38816dbca0899481d04d,False
complete,pendigits,pendigits__sta4__fixed-ry-rz__L16__lr0.01__bs32__seed9,results/runs/pendigits/pendigits__sta4__fixed-ry-rz__L16__lr0.01__bs32__seed9_seed9,pendigits,sta4,fixed-ry-rz,16,9,0.01,32,2000,True,plus,True,False,1.4234449560882216,0.58,1.5619810410354125,0.5174385363064609,0.58,868.3333333333334,,1002.2317898273468,,3600,16,65536,457b0468ba5f023a4a9f38816dbca0899481d04d,False
complete,pendigits,pendigits__sta4__fixed-ry-rz__L1__lr0.01__bs32__seed0,results/runs/pendigits/pendigits__sta4__fixed-ry-rz__L1__lr0.01__bs32__seed0_seed0,pendigits,sta4,fixed-ry-rz,1,0,0.01,32,2000,True,plus,True,False,1.8607879034728925,0.33866666666666667,1.9190993268815508,0.3156089193825043,0.3626666666666667,645.7333333333335,,68.8007161617279,,225,16,65536,457b0468ba5f023a4a9f38816dbca0899481d04d,False
complete,pendigits,pendigits__sta4__fixed-ry-rz__L1__lr0.01__bs32__seed10,results/runs/pendigits/pendigits__sta4__fixed-ry-rz__L1__lr0.01__bs32__seed10_seed10,pendigits,sta4,fixed-ry-rz,1,10,0.01,32,2000,True,plus,True,False,1.890276085216191,0.3373333333333333,1.9147890348884125,0.3110348770726129,0.36,631.4,,69.55407857894897,,225,16,65536,457b0468ba5f023a4a9f38816dbca0899481d04d,False
complete,pendigits,pendigits__sta4__fixed-ry-rz__L1__lr0.01__bs32__seed11,results/runs/pendigits/pendigits__sta4__fixed-ry-rz__L1__lr0.01__bs32__seed11_seed11,pendigits,sta4,fixed-ry-rz,1,11,0.01,32,2000,True,plus,True,False,1.9029458418243639,0.31333333333333335,1.933996319984348,0.3081761006289308,0.3546666666666667,614.4666666666667,,69.63115358352661,,225,16,65536,457b0468ba5f023a4a9f38816dbca0899481d04d,False
complete,pendigits,pendigits__sta4__fixed-ry-rz__L1__lr0.01__bs32__seed12,results/runs/pendigits/pendigits__sta4__fixed-ry-rz__L1__lr0.01__bs32__seed12_seed12,pendigits,sta4,fixed-ry-rz,1,12,0.01,32,2000,True,plus,True,False,1.89047851104022,0.3253333333333333,1.9429152231036741,0.3127501429388222,0.38266666666666665,642.8666666666664,,68.8896222114563,,225,16,65536,457b0468ba5f023a4a9f38816dbca0899481d04d,False
complete,pendigits,pendigits__sta4__fixed-ry-rz__L1__lr0.01__bs32__seed13,results/runs/pendigits/pendigits__sta4__fixed-ry-rz__L1__lr0.01__bs32__seed13_seed13,pendigits,sta4,fixed-ry-rz,1,13,0.01,32,2000,True,plus,True,False,1.8941336609452404,0.32666666666666666,1.9163190125101217,0.3213264722698685,0.352,608.9333333333334,,69.4088659286499,,225,16,65536,457b0468ba5f023a4a9f38816dbca0899481d04d,False
complete,pendigits,pendigits__sta4__fixed-ry-rz__L1__lr0.01__bs32__seed14,results/runs/pendigits/pendigits__sta4__fixed-ry-rz__L1__lr0.01__bs32__seed14_seed14,pendigits,sta4,fixed-ry-rz,1,14,0.01,32,2000,True,plus,True,False,1.9056595202278575,0.3293333333333333,1.9210057456623726,0.32332761578044594,0.36666666666666664,628.5333333333333,,70.06078290939331,,225,16,65536,457b0468ba5f023a4a9f38816dbca0899481d04d,False
complete,pendigits,pendigits__sta4__fixed-ry-rz__L1__lr0.01__bs32__seed15,results/runs/pendigits/pendigits__sta4__fixed-ry-rz__L1__lr0.01__bs32__seed15_seed15,pendigits,sta4,fixed-ry-rz,1,15,0.01,32,2000,True,plus,True,False,1.8858246995736145,0.34,1.90906750451955,0.32361349342481416,0.3586666666666667,640.2666666666667,,68.54338431358337,,225,16,65536,457b0468ba5f023a4a9f38816dbca0899481d04d,False
complete,pendigits,pendigits__sta4__fixed-ry-rz__L1__lr0.01__bs32__seed16,results/runs/pendigits/pendigits__sta4__fixed-ry-rz__L1__lr0.01__bs32__seed16_seed16,pendigits,sta4,fixed-ry-rz,1,16,0.01,32,2000,True,plus,True,False,1.9027186551975062,0.332,1.9352652345914667,0.3213264722698685,0.37333333333333335,638.4,,68.99835014343262,,225,16,65536,457b0468ba5f023a4a9f38816dbca0899481d04d,False
complete,pendigits,pendigits__sta4__fixed-ry-rz__L1__lr0.01__bs32__seed17,results/runs/pendigits/pendigits__sta4__fixed-ry-rz__L1__lr0.01__bs32__seed17_seed17,pendigits,sta4,fixed-ry-rz,1,17,0.01,32,2000,True,plus,True,False,1.8779319949051576,0.31733333333333336,1.9236145998214906,0.30017152658662094,0.348,589.7333333333335,,68.96098828315735,,225,16,65536,457b0468ba5f023a4a9f38816dbca0899481d04d,False
complete,pendigits,pendigits__sta4__fixed-ry-rz__L1__lr0.01__bs32__seed18,results/runs/pendigits/pendigits__sta4__fixed-ry-rz__L1__lr0.01__bs32__seed18_seed18,pendigits,sta4,fixed-ry-rz,1,18,0.01,32,2000,True,plus,True,False,1.886266227331488,0.356,1.9116375598831414,0.308461978273299,0.35733333333333334,625.2666666666665,,69.55061101913452,,225,16,65536,457b0468ba5f023a4a9f38816dbca0899481d04d,False
complete,pendigits,pendigits__sta4__fixed-ry-rz__L1__lr0.01__bs32__seed19,results/runs/pendigits/pendigits__sta4__fixed-ry-rz__L1__lr0.01__bs32__seed19_seed19,pendigits,sta4,fixed-ry-rz,1,19,0.01,32,2000,True,plus,True,False,1.8765122562402763,0.3373333333333333,1.939495914058928,0.31189251000571755,0.3373333333333333,601.3333333333333,,69.59517931938171,,225,16,65536,457b0468ba5f023a4a9f38816dbca0899481d04d,False
complete,pendigits,pendigits__sta4__fixed-ry-rz__L1__lr0.01__bs32__seed1,results/runs/pendigits/pendigits__sta4__fixed-ry-rz__L1__lr0.01__bs32__seed1_seed1,pendigits,sta4,fixed-ry-rz,1,1,0.01,32,2000,True,plus,True,False,1.9120910211595832,0.31333333333333335,1.966280347316087,0.26615208690680386,0.336,586.9333333333334,,69.5744400024414,,225,16,65536,457b0468ba5f023a4a9f38816dbca0899481d04d,False
complete,pendigits,pendigits__sta4__fixed-ry-rz__L1__lr0.01__bs32__seed2,results/runs/pendigits/pendigits__sta4__fixed-ry-rz__L1__lr0.01__bs32__seed2_seed2,pendigits,sta4,fixed-ry-rz,1,2,0.01,32,2000,True,plus,True,False,1.8563923901290393,0.37333333333333335,1.9426207633528356,0.33390508862206975,0.38666666666666666,694.6666666666667,,68.10318231582642,,225,16,65536,457b0468ba5f023a4a9f38816dbca0899481d04d,False
complete,pendigits,pendigits__sta4__fixed-ry-rz__L1__lr0.01__bs32__seed3,results/runs/pendigits/pendigits__sta4__fixed-ry-rz__L1__lr0.01__bs32__seed3_seed3,pendigits,sta4,fixed-ry-rz,1,3,0.01,32,2000,True,plus,True,False,1.89675986509529,0.32,1.9209691030521712,0.3027444253859348,0.35333333333333333,632.7333333333333,,68.93325972557068,,225,16,65536,457b0468ba5f023a4a9f38816dbca0899481d04d,False
complete,pendigits,pendigits__sta4__fixed-ry-rz__L1__lr0.01__bs32__seed4,results/runs/pendigits/pendigits__sta4__fixed-ry-rz__L1__lr0.01__bs32__seed4_seed4,pendigits,sta4,fixed-ry-rz,1,4,0.01,32,2000,True,plus,True,False,1.9140305061885607,0.332,1.9202345336827817,0.3393367638650657,0.35733333333333334,612.5333333333333,,70.30765986442566,,225,16,65536,457b0468ba5f023a4a9f38816dbca0899481d04d,False
complete,pendigits,pendigits__sta4__fixed-ry-rz__L1__lr0.01__bs32__seed5,results/runs/pendigits/pendigits__sta4__fixed-ry-rz__L1__lr0.01__bs32__seed5_seed5,pendigits,sta4,fixed-ry-rz,1,5,0.01,32,2000,True,plus,True,False,1.8857536941431687,0.3253333333333333,1.9593780119762825,0.30017152658662094,0.36666666666666664,640.2666666666668,,69.18010544776917,,225,16,65536,457b0468ba5f023a4a9f38816dbca0899481d04d,False
complete,pendigits,pendigits__sta4__fixed-ry-rz__L1__lr0.01__bs32__seed6,results/runs/pendigits/pendigits__sta4__fixed-ry-rz__L1__lr0.01__bs32__seed6_seed6,pendigits,sta4,fixed-ry-rz,1,6,0.01,32,2000,True,plus,True,False,1.8738880427060398,0.3426666666666667,1.923103153736195,0.3130360205831904,0.368,629.3333333333333,,70.37466335296631,,225,16,65536,457b0468ba5f023a4a9f38816dbca0899481d04d,False
complete,pendigits,pendigits__sta4__fixed-ry-rz__L1__lr0.01__bs32__seed7,results/runs/pendigits/pendigits__sta4__fixed-ry-rz__L1__lr0.01__bs32__seed7_seed7,pendigits,sta4,fixed-ry-rz,1,7,0.01,32,2000,True,plus,True,False,1.9042544548663776,0.348,1.9262995110748993,0.3238993710691824,0.36533333333333334,644.2666666666665,,72.08273339271545,,225,16,65536,457b0468ba5f023a4a9f38816dbca0899481d04d,False
complete,pendigits,pendigits__sta4__fixed-ry-rz__L1__lr0.01__bs32__seed8,results/runs/pendigits/pendigits__sta4__fixed-ry-rz__L1__lr0.01__bs32__seed8_seed8,pendigits,sta4,fixed-ry-rz,1,8,0.01,32,2000,True,plus,True,False,1.8709343037036315,0.312,1.9379635377442563,0.2787307032590051,0.344,608.4000000000001,,69.01188588142395,,225,16,65536,457b0468ba5f023a4a9f38816dbca0899481d04d,False
complete,pendigits,pendigits__sta4__fixed-ry-rz__L1__lr0.01__bs32__seed9,results/runs/pendigits/pendigits__sta4__fixed-ry-rz__L1__lr0.01__bs32__seed9_seed9,pendigits,sta4,fixed-ry-rz,1,9,0.01,32,2000,True,plus,True,False,1.8594340657059365,0.34,1.9073685076626563,0.30331618067467125,0.38533333333333336,666.0666666666668,,69.73720240592957,,225,16,65536,457b0468ba5f023a4a9f38816dbca0899481d04d,False
complete,pendigits,pendigits__sta4__fixed-ry-rz__L2__lr0.01__bs32__seed0,results/runs/pendigits/pendigits__sta4__fixed-ry-rz__L2__lr0.01__bs32__seed0_seed0,pendigits,sta4,fixed-ry-rz,2,0,0.01,32,2000,True,plus,True,False,1.6430688296131624,0.4493333333333333,1.7117649893660805,0.3896512292738708,0.468,806.0666666666668,,124.24200010299683,,450,16,65536,5d760ef42d71a06acce4efdc9ed931be057f16a6,False
complete,pendigits,pendigits__sta4__fixed-ry-rz__L2__lr0.01__bs32__seed10,results/runs/pendigits/pendigits__sta4__fixed-ry-rz__L2__lr0.01__bs32__seed10_seed10,pendigits,sta4,fixed-ry-rz,2,10,0.01,32,2000,True,plus,True,False,1.632192176206156,0.452,1.7140555471187688,0.3936535162950257,0.48133333333333334,821.4000000000001,,123.12803840637207,,450,16,65536,5d760ef42d71a06acce4efdc9ed931be057f16a6,False
complete,pendigits,pendigits__sta4__fixed-ry-rz__L2__lr0.01__bs32__seed11,results/runs/pendigits/pendigits__sta4__fixed-ry-rz__L2__lr0.01__bs32__seed11_seed11,pendigits,sta4,fixed-ry-rz,2,11,0.01,32,2000,True,plus,True,False,1.6424983340757868,0.4693333333333333,1.7241335350587343,0.429388221841052,0.49066666666666664,855.3333333333334,,123.90382099151611,,450,16,65536,5d760ef42d71a06acce4efdc9ed931be057f16a6,False
complete,pendigits,pendigits__sta4__fixed-ry-rz__L2__lr0.01__bs32__seed12,results/runs/pendigits/pendigits__sta4__fixed-ry-rz__L2__lr0.01__bs32__seed12_seed12,pendigits,sta4,fixed-ry-rz,2,12,0.01,32,2000,True,plus,True,False,1.7241343583721005,0.43066666666666664,1.769719333329832,0.41080617495711835,0.448,797.8666666666669,,120.99646806716919,,450,16,65536,5d760ef42d71a06acce4efdc9ed931be057f16a6,False
complete,pendigits,pendigits__sta4__fixed-ry-rz__L2__lr0.01__bs32__seed13,results/runs/pendigits/pendigits__sta4__fixed-ry-rz__L2__lr0.01__bs32__seed13_seed13,pendigits,sta4,fixed-ry-rz,2,13,0.01,32,2000,True,plus,True,False,1.670942232258938,0.4706666666666667,1.707812002832261,0.44939965694682676,0.4746666666666667,829.9333333333334,,123.30440068244934,,450,16,65536,5d760ef42d71a06acce4efdc9ed931be057f16a6,False
complete,pendigits,pendigits__sta4__fixed-ry-rz__L2__lr0.01__bs32__seed14,results/runs/pendigits/pendigits__sta4__fixed-ry-rz__L2__lr0.01__bs32__seed14_seed14,pendigits,sta4,fixed-ry-rz,2,14,0.01,32,2000,True,plus,True,False,1.6233292854298604,0.4493333333333333,1.6451514932079387,0.429388221841052,0.4693333333333333,819.7333333333331,,120.518874168396,,450,16,65536,5d760ef42d71a06acce4efdc9ed931be057f16a6,False
complete,pendigits,pendigits__sta4__fixed-ry-rz__L2__lr0.01__bs32__seed15,results/runs/pendigits/pendigits__sta4__fixed-ry-rz__L2__lr0.01__bs32__seed15_seed15,pendigits,sta4,fixed-ry-rz,2,15,0.01,32,2000,True,plus,True,False,1.6771070025444184,0.4746666666666667,1.7107590560300863,0.45454545454545453,0.4746666666666667,825.2666666666668,,122.46399450302124,,450,16,65536,5d760ef42d71a06acce4efdc9ed931be057f16a6,False
complete,pendigits,pendigits__sta4__fixed-ry-rz__L2__lr0.01__bs32__seed16,results/runs/pendigits/pendigits__sta4__fixed-ry-rz__L2__lr0.01__bs32__seed16_seed16,pendigits,sta4,fixed-ry-rz,2,16,0.01,32,2000,True,plus,True,False,1.633329536359288,0.476,1.699431932870346,0.46226415094339623,0.5026666666666667,835.7333333333335,,126.84643936157227,,450,16,65536,5d760ef42d71a06acce4efdc9ed931be057f16a6,False
complete,pendigits,pendigits__sta4__fixed-ry-rz__L2__lr0.01__bs32__seed17,results/runs/pendigits/pendigits__sta4__fixed-ry-rz__L2__lr0.01__bs32__seed17_seed17,pendigits,sta4,fixed-ry-rz,2,17,0.01,32,2000,True,plus,True,False,1.6568049591818905,0.4693333333333333,1.6956786925486473,0.4534019439679817,0.4693333333333333,813.0,,121.91625356674194,,450,16,65536,5d760ef42d71a06acce4efdc9ed931be057f16a6,False
complete,pendigits,pendigits__sta4__fixed-ry-rz__L2__lr0.01__bs32__seed18,results/runs/pendigits/pendigits__sta4__fixed-ry-rz__L2__lr0.01__bs32__seed18_seed18,pendigits,sta4,fixed-ry-rz,2,18,0.01,32,2000,True,plus,True,False,1.6201748822525996,0.47733333333333333,1.6841855698194015,0.42424242424242425,0.48533333333333334,794.8666666666667,,130.48977851867676,,450,16,65536,5d760ef42d71a06acce4efdc9ed931be057f16a6,False
complete,pendigits,pendigits__sta4__fixed-ry-rz__L2__lr0.01__bs32__seed19,results/runs/pendigits/pendigits__sta4__fixed-ry-rz__L2__lr0.01__bs32__seed19_seed19,pendigits,sta4,fixed-ry-rz,2,19,0.01,32,2000,True,plus,True,False,1.657770151787108,0.48,1.6907642497681568,0.429388221841052,0.48,816.5333333333332,,124.58115410804749,,450,16,65536,5d760ef42d71a06acce4efdc9ed931be057f16a6,False
complete,pendigits,pendigits__sta4__fixed-ry-rz__L2__lr0.01__bs32__seed1,results/runs/pendigits/pendigits__sta4__fixed-ry-rz__L2__lr0.01__bs32__seed1_seed1,pendigits,sta4,fixed-ry-rz,2,1,0.01,32,2000,True,plus,True,False,1.6376368691824434,0.4693333333333333,1.699581864433712,0.43539165237278443,0.48533333333333334,848.9333333333333,,121.14398956298828,,450,16,65536,5d760ef42d71a06acce4efdc9ed931be057f16a6,False
complete,pendigits,pendigits__sta4__fixed-ry-rz__L2__lr0.01__bs32__seed2,results/runs/pendigits/pendigits__sta4__fixed-ry-rz__L2__lr0.01__bs32__seed2_seed2,pendigits,sta4,fixed-ry-rz,2,2,0.01,32,2000,True,plus,True,False,1.6500839061015602,0.4493333333333333,1.692885691875215,0.4305317324185249,0.4746666666666667,826.8,,123.85219764709473,,450,16,65536,5d760ef42d71a06acce4efdc9ed931be057f16a6,False
complete,pendigits,pendigits__sta4__fixed-ry-rz__L2__lr0.01__bs32__seed3,results/runs/pendigits/pendigits__sta4__fixed-ry-rz__L2__lr0.01__bs32__seed3_seed3,pendigits,sta4,fixed-ry-rz,2,3,0.01,32,2000,True,plus,True,False,1.7040169341581872,0.4533333333333333,1.7405485341315863,0.40480274442538594,0.4533333333333333,794.1999999999999,,120.7444908618927,,450,16,65536,5d760ef42d71a06acce4efdc9ed931be057f16a6,False
complete,pendigits,pendigits__sta4__fixed-ry-rz__L2__lr0.01__bs32__seed4,results/runs/pendigits/pendigits__sta4__fixed-ry-rz__L2__lr0.01__bs32__seed4_seed4,pendigits,sta4,fixed-ry-rz,2,4,0.01,32,2000,True,plus,True,False,1.6411988648920646,0.456,1.697164012848718,0.4339622641509434,0.48133333333333334,833.8666666666667,,160.71799516677856,,450,16,65536,5d760ef42d71a06acce4efdc9ed931be057f16a6,False
complete,pendigits,pendigits__sta4__fixed-ry-rz__L2__lr0.01__bs32__seed5,results/runs/pendigits/pendigits__sta4__fixed-ry-rz__L2__lr0.01__bs32__seed5_seed5,pendigits,sta4,fixed-ry-rz,2,5,0.01,32,2000,True,plus,True,False,1.7128123624957816,0.456,1.7768892866730883,0.4119496855345912,0.4826666666666667,842.2,,173.50592637062073,,450,16,65536,5d760ef42d71a06acce4efdc9ed931be057f16a6,False
complete,pendigits,pendigits__sta4__fixed-ry-rz__L2__lr0.01__bs32__seed6,results/runs/pendigits/pendigits__sta4__fixed-ry-rz__L2__lr0.01__bs32__seed6_seed6,pendigits,sta4,fixed-ry-rz,2,6,0.01,32,2000,True,plus,True,False,1.7074502317652664,0.396,1.7395234400122837,0.400800457404231,0.436,763.6,,168.68377113342285,,450,16,65536,5d760ef42d71a06acce4efdc9ed931be057f16a6,False
complete,pendigits,pendigits__sta4__fixed-ry-rz__L2__lr0.01__bs32__seed7,results/runs/pendigits/pendigits__sta4__fixed-ry-rz__L2__lr0.01__bs32__seed7_seed7,pendigits,sta4,fixed-ry-rz,2,7,0.01,32,2000,True,plus,True,False,1.65451817561586,0.45066666666666666,1.6851972197446297,0.42224128073184675,0.47733333333333333,838.0,,153.50974321365356,,450,16,65536,5d760ef42d71a06acce4efdc9ed931be057f16a6,False
complete,pendigits,pendigits__sta4__fixed-ry-rz__L2__lr0.01__bs32__seed8,results/runs/pendigits/pendigits__sta4__fixed-ry-rz__L2__lr0.01__bs32__seed8_seed8,pendigits,sta4,fixed-ry-rz,2,8,0.01,32,2000,True,plus,True,False,1.618877151014206,0.45866666666666667,1.6621755670095983,0.4371069182389937,0.4653333333333333,807.2000000000003,,156.64334845542908,,450,16,65536,5d760ef42d71a06acce4efdc9ed931be057f16a6,False
complete,pendigits,pendigits__sta4__fixed-ry-rz__L2__lr0.01__bs32__seed9,results/runs/pendigits/pendigits__sta4__fixed-ry-rz__L2__lr0.01__bs32__seed9_seed9,pendigits,sta4,fixed-ry-rz,2,9,0.01,32,2000,True,plus,True,False,1.6281363202025128,0.47733333333333333,1.7052265688709276,0.4068038879359634,0.49066666666666664,824.7333333333333,,209.96547436714172,,450,16,65536,5d760ef42d71a06acce4efdc9ed931be057f16a6,False
complete,pendigits,pendigits__sta4__fixed-ry-rz__L32__lr0.01__bs32__seed0,results/runs/pendigits/pendigits__sta4__fixed-ry-rz__L32__lr0.01__bs32__seed0_seed0,pendigits,sta4,fixed-ry-rz,32,0,0.01,32,2000,True,plus,True,False,1.867417009296071,0.372,1.8824478884979585,0.34705546026300743,0.37733333333333335,596.4666666666667,,2203.9117102622986,,7200,16,65536,457b0468ba5f023a4a9f38816dbca0899481d04d,False
complete,pendigits,pendigits__sta4__fixed-ry-rz__L32__lr0.01__bs32__seed10,results/runs/pendigits/pendigits__sta4__fixed-ry-rz__L32__lr0.01__bs32__seed10_seed10,pendigits,sta4,fixed-ry-rz,32,10,0.01,32,2000,True,plus,True,False,1.9529746351672324,0.33466666666666667,1.989795107601539,0.31761006289308175,0.37333333333333335,613.8666666666667,,2193.010213136673,,7200,16,65536,457b0468ba5f023a4a9f38816dbca0899481d04d,False
complete,pendigits,pendigits__sta4__fixed-ry-rz__L32__lr0.01__bs32__seed11,results/runs/pendigits/pendigits__sta4__fixed-ry-rz__L32__lr0.01__bs32__seed11_seed11,pendigits,sta4,fixed-ry-rz,32,11,0.01,32,2000,True,plus,True,False,2.039057679475052,0.29333333333333333,2.0582628134342533,0.2858776443682104,0.308,511.6,,2193.547777891159,,7200,16,65536,457b0468ba5f023a4a9f38816dbca0899481d04d,False
complete,pendigits,pendigits__sta4__fixed-ry-rz__L32__lr0.01__bs32__seed12,results/runs/pendigits/pendigits__sta4__fixed-ry-rz__L32__lr0.01__bs32__seed12_seed12,pendigits,sta4,fixed-ry-rz,32,12,0.01,32,2000,True,plus,True,False,1.874208288132575,0.392,1.8801224556521587,0.38564894225271584,0.392,594.3333333333333,,2210.1748814582825,,7200,16,65536,457b0468ba5f023a4a9f38816dbca0899481d04d,False
complete,pendigits,pendigits__sta4__fixed-ry-rz__L32__lr0.01__bs32__seed13,results/runs/pendigits/pendigits__sta4__fixed-ry-rz__L32__lr0.01__bs32__seed13_seed13,pendigits,sta4,fixed-ry-rz,32,13,0.01,32,2000,True,plus,True,False,2.0637406506392453,0.30133333333333334,2.075859612805252,0.30445969125214406,0.30133333333333334,518.6666666666667,,2210.6837089061737,,7200,16,65536,457b0468ba5f023a4a9f38816dbca0899481d04d,False
complete,pendigits,pendigits__sta4__fixed-ry-rz__L32__lr0.01__bs32__seed14,results/runs/pendigits/pendigits__sta4__fixed-ry-rz__L32__lr0.01__bs32__seed14_seed14,pendigits,sta4,fixed-ry-rz,32,14,0.01,32,2000,True,plus,True,False,2.007214949323334,0.30133333333333334,1.9866658926528045,0.3113207547169811,0.328,529.9333333333334,,2217.0884380340576,,7200,16,65536,457b0468ba5f023a4a9f38816dbca0899481d04d,False
complete,pendigits,pendigits__sta4__fixed-ry-rz__L32__lr0.01__bs32__seed15,results/runs/pendigits/pendigits__sta4__fixed-ry-rz__L32__lr0.01__bs32__seed15_seed15,pendigits,sta4,fixed-ry-rz,32,15,0.01,32,2000,True,plus,True,False,1.8872264791118216,0.35333333333333333,1.9089725613723625,0.3330474556889651,0.36933333333333335,567.4000000000001,,2212.8736760616302,,7200,16,65536,457b0468ba5f023a4a9f38816dbca0899481d04d,False
complete,pendigits,pendigits__sta4__fixed-ry-rz__L32__lr0.01__bs32__seed16,results/runs/pendigits/pendigits__sta4__fixed-ry-rz__L32__lr0.01__bs32__seed16_seed16,pendigits,sta4,fixed-ry-rz,32,16,0.01,32,2000,True,plus,True,False,1.99662501641256,0.284,1.995472384215791,0.30160091480846196,0.30666666666666664,509.06666666666666,,2204.965244293213,,7200,16,65536,457b0468ba5f023a4a9f38816dbca0899481d04d,False
complete,pendigits,pendigits__sta4__fixed-ry-rz__L32__lr0.01__bs32__seed17,results/runs/pendigits/pendigits__sta4__fixed-ry-rz__L32__lr0.01__bs32__seed17_seed17,pendigits,sta4,fixed-ry-rz,32,17,0.01,32,2000,True,plus,True,False,2.1800181989986105,0.22266666666666668,2.1756718021397785,0.22841623785020013,0.2653333333333333,441.66666666666663,,2221.1340095996857,,7200,16,65536,457b0468ba5f023a4a9f38816dbca0899481d04d,False
complete,pendigits,pendigits__sta4__fixed-ry-rz__L32__lr0.01__bs32__seed18,results/runs/pendigits/pendigits__sta4__fixed-ry-rz__L32__lr0.01__bs32__seed18_seed18,pendigits,sta4,fixed-ry-rz,32,18,0.01,32,2000,True,plus,True,False,1.9485922673505078,0.30666666666666664,1.9869065706370446,0.2967409948542024,0.36533333333333334,576.2666666666667,,2214.900109052658,,7200,16,65536,457b0468ba5f023a4a9f38816dbca0899481d04d,False
complete,pendigits,pendigits__sta4__fixed-ry-rz__L32__lr0.01__bs32__seed19,results/runs/pendigits/pendigits__sta4__fixed-ry-rz__L32__lr0.01__bs32__seed19_seed19,pendigits,sta4,fixed-ry-rz,32,19,0.01,32,2000,True,plus,True,False,1.8895667109390293,0.3506666666666667,1.8837430666512895,0.34591194968553457,0.368,608.2,,2265.0936501026154,,7200,16,65536,457b0468ba5f023a4a9f38816dbca0899481d04d,False
complete,pendigits,pendigits__sta4__fixed-ry-rz__L32__lr0.01__bs32__seed1,results/runs/pendigits/pendigits__sta4__fixed-ry-rz__L32__lr0.01__bs32__seed1_seed1,pendigits,sta4,fixed-ry-rz,32,1,0.01,32,2000,True,plus,True,False,1.890811217545224,0.336,1.9132877367316952,0.3244711263579188,0.348,572.2,,2196.4623124599457,,7200,16,65536,457b0468ba5f023a4a9f38816dbca0899481d04d,False
complete,pendigits,pendigits__sta4__fixed-ry-rz__L32__lr0.01__bs32__seed2,results/runs/pendigits/pendigits__sta4__fixed-ry-rz__L32__lr0.01__bs32__seed2_seed2,pendigits,sta4,fixed-ry-rz,32,2,0.01,32,2000,True,plus,True,False,1.9901149335503614,0.344,1.987545643088489,0.31217838765008576,0.344,544.0,,2269.794237613678,,7200,16,65536,457b0468ba5f023a4a9f38816dbca0899481d04d,False
complete,pendigits,pendigits__sta4__fixed-ry-rz__L32__lr0.01__bs32__seed3,results/runs/pendigits/pendigits__sta4__fixed-ry-rz__L32__lr0.01__bs32__seed3_seed3,pendigits,sta4,fixed-ry-rz,32,3,0.01,32,2000,True,plus,True,False,1.8510722904212,0.388,1.8546727957026885,0.3644939965694683,0.388,624.8666666666667,,2274.883152246475,,7200,16,65536,457b0468ba5f023a4a9f38816dbca0899481d04d,False
complete,pendigits,pendigits__sta4__fixed-ry-rz__L32__lr0.01__bs32__seed4,results/runs/pendigits/pendigits__sta4__fixed-ry-rz__L32__lr0.01__bs32__seed4_seed4,pendigits,sta4,fixed-ry-rz,32,4,0.01,32,2000,True,plus,True,False,1.8565179316866485,0.36666666666666664,1.861849994933386,0.36506575185820467,0.37466666666666665,609.5333333333333,,2268.9069833755493,,7200,16,65536,457b0468ba5f023a4a9f38816dbca0899481d04d,False
complete,pendigits,pendigits__sta4__fixed-ry-rz__L32__lr0.01__bs32__seed5,results/runs/pendigits/pendigits__sta4__fixed-ry-rz__L32__lr0.01__bs32__seed5_seed5,pendigits,sta4,fixed-ry-rz,32,5,0.01,32,2000,True,plus,True,False,1.8498830795423171,0.4066666666666667,1.8587057414505461,0.37993138936535165,0.4066666666666667,626.7333333333332,,2243.5748603343964,,7200,16,65536,457b0468ba5f023a4a9f38816dbca0899481d04d,False
complete,pendigits,pendigits__sta4__fixed-ry-rz__L32__lr0.01__bs32__seed6,results/runs/pendigits/pendigits__sta4__fixed-ry-rz__L32__lr0.01__bs32__seed6_seed6,pendigits,sta4,fixed-ry-rz,32,6,0.01,32,2000,True,plus,True,False,1.8066952004183088,0.416,1.8261118128375349,0.4099485420240137,0.444,620.1333333333332,,2245.6436491012573,,7200,16,65536,457b0468ba5f023a4a9f38816dbca0899481d04d,False
complete,pendigits,pendigits__sta4__fixed-ry-rz__L32__lr0.01__bs32__seed7,results/runs/pendigits/pendigits__sta4__fixed-ry-rz__L32__lr0.01__bs32__seed7_seed7,pendigits,sta4,fixed-ry-rz,32,7,0.01,32,2000,True,plus,True,False,2.0239212373283566,0.2866666666666667,2.0224705995324634,0.26615208690680386,0.3,504.3333333333334,,2259.9380643367767,,7200,16,65536,457b0468ba5f023a4a9f38816dbca0899481d04d,False
complete,pendigits,pendigits__sta4__fixed-ry-rz__L32__lr0.01__bs32__seed8,results/runs/pendigits/pendigits__sta4__fixed-ry-rz__L32__lr0.01__bs32__seed8_seed8,pendigits,sta4,fixed-ry-rz,32,8,0.01,32,2000,True,plus,True,False,1.8933113116808769,0.368,1.914601726675475,0.3330474556889651,0.368,571.2,,2214.275300502777,,7200,16,65536,457b0468ba5f023a4a9f38816dbca0899481d04d,False
complete,pendigits,pendigits__sta4__fixed-ry-rz__L32__lr0.01__bs32__seed9,results/runs/pendigits/pendigits__sta4__fixed-ry-rz__L32__lr0.01__bs32__seed9_seed9,pendigits,sta4,fixed-ry-rz,32,9,0.01,32,2000,True,plus,True,False,1.879303006986254,0.37733333333333335,1.900161159867713,0.3453401943967982,0.408,607.8666666666667,,2209.4297258853912,,7200,16,65536,457b0468ba5f023a4a9f38816dbca0899481d04d,False
complete,pendigits,pendigits__sta4__fixed-ry-rz__L4__lr0.01__bs32__seed0,results/runs/pendigits/pendigits__sta4__fixed-ry-rz__L4__lr0.01__bs32__seed0_seed0,pendigits,sta4,fixed-ry-rz,4,0,0.01,32,2000,True,plus,True,False,1.5916168733543579,0.512,1.5955468393821244,0.49799885648942255,0.512,900.4,,244.78484392166138,,900,16,65536,457b0468ba5f023a4a9f38816dbca0899481d04d,False
complete,pendigits,pendigits__sta4__fixed-ry-rz__L4__lr0.01__bs32__seed10,results/runs/pendigits/pendigits__sta4__fixed-ry-rz__L4__lr0.01__bs32__seed10_seed10,pendigits,sta4,fixed-ry-rz,4,10,0.01,32,2000,True,plus,True,False,1.4435364807033044,0.5466666666666666,1.5004142475906428,0.5202973127501429,0.5573333333333333,892.1999999999998,,239.76687836647034,,900,16,65536,457b0468ba5f023a4a9f38816dbca0899481d04d,False
complete,pendigits,pendigits__sta4__fixed-ry-rz__L4__lr0.01__bs32__seed11,results/runs/pendigits/pendigits__sta4__fixed-ry-rz__L4__lr0.01__bs32__seed11_seed11,pendigits,sta4,fixed-ry-rz,4,11,0.01,32,2000,True,plus,True,False,1.4967956484396128,0.54,1.5469096271979899,0.5214408233276158,0.5426666666666666,909.0666666666667,,240.6686189174652,,900,16,65536,457b0468ba5f023a4a9f38816dbca0899481d04d,False
complete,pendigits,pendigits__sta4__fixed-ry-rz__L4__lr0.01__bs32__seed12,results/runs/pendigits/pendigits__sta4__fixed-ry-rz__L4__lr0.01__bs32__seed12_seed12,pendigits,sta4,fixed-ry-rz,4,12,0.01,32,2000,True,plus,True,False,1.5098647583037603,0.52,1.5600534117044034,0.5077186963979416,0.5226666666666666,905.9333333333333,,237.47323393821716,,900,16,65536,457b0468ba5f023a4a9f38816dbca0899481d04d,False
complete,pendigits,pendigits__sta4__fixed-ry-rz__L4__lr0.01__bs32__seed13,results/runs/pendigits/pendigits__sta4__fixed-ry-rz__L4__lr0.01__bs32__seed13_seed13,pendigits,sta4,fixed-ry-rz,4,13,0.01,32,2000,True,plus,True,False,1.5407061958774237,0.5106666666666667,1.589229939196447,0.48570611778158945,0.5533333333333333,930.8,,238.43093132972717,,900,16,65536,457b0468ba5f023a4a9f38816dbca0899481d04d,False
complete,pendigits,pendigits__sta4__fixed-ry-rz__L4__lr0.01__bs32__seed14,results/runs/pendigits/pendigits__sta4__fixed-ry-rz__L4__lr0.01__bs32__seed14_seed14,pendigits,sta4,fixed-ry-rz,4,14,0.01,32,2000,True,plus,True,False,1.4976682883949046,0.5266666666666666,1.5367053989894504,0.5082904516866781,0.5666666666666667,951.4666666666666,,239.16185426712036,,900,16,65536,457b0468ba5f023a4a9f38816dbca0899481d04d,False
complete,pendigits,pendigits__sta4__fixed-ry-rz__L4__lr0.01__bs32__seed15,results/runs/pendigits/pendigits__sta4__fixed-ry-rz__L4__lr0.01__bs32__seed15_seed15,pendigits,sta4,fixed-ry-rz,4,15,0.01,32,2000,True,plus,True,False,1.5205556066244768,0.548,1.5682160642801326,0.5074328187535735,0.548,899.8000000000001,,239.60207676887512,,900,16,65536,457b0468ba5f023a4a9f38816dbca0899481d04d,False
complete,pendigits,pendigits__sta4__fixed-ry-rz__L4__lr0.01__bs32__seed16,results/runs/pendigits/pendigits__sta4__fixed-ry-rz__L4__lr0.01__bs32__seed16_seed16,pendigits,sta4,fixed-ry-rz,4,16,0.01,32,2000,True,plus,True,False,1.6212458527366274,0.4666666666666667,1.6346060406783278,0.4588336192109777,0.484,859.4,,237.98847150802612,,900,16,65536,457b0468ba5f023a4a9f38816dbca0899481d04d,False
complete,pendigits,pendigits__sta4__fixed-ry-rz__L4__lr0.01__bs32__seed17,results/runs/pendigits/pendigits__sta4__fixed-ry-rz__L4__lr0.01__bs32__seed17_seed17,pendigits,sta4,fixed-ry-rz,4,17,0.01,32,2000,True,plus,True,False,1.4718347837877992,0.5426666666666666,1.5440572350741626,0.5151515151515151,0.5706666666666667,921.6666666666667,,240.13988375663757,,900,16,65536,457b0468ba5f023a4a9f38816dbca0899481d04d,False
complete,pendigits,pendigits__sta4__fixed-ry-rz__L4__lr0.01__bs32__seed18,results/runs/pendigits/pendigits__sta4__fixed-ry-rz__L4__lr0.01__bs32__seed18_seed18,pendigits,sta4,fixed-ry-rz,4,18,0.01,32,2000,True,plus,True,False,1.5264887756859356,0.536,1.5986401076833436,0.4754145225843339,0.536,875.7333333333332,,236.14370107650757,,900,16,65536,457b0468ba5f023a4a9f38816dbca0899481d04d,False
complete,pendigits,pendigits__sta4__fixed-ry-rz__L4__lr0.01__bs32__seed19,results/runs/pendigits/pendigits__sta4__fixed-ry-rz__L4__lr0.01__bs32__seed19_seed19,pendigits,sta4,fixed-ry-rz,4,19,0.01,32,2000,True,plus,True,False,1.598450412523843,0.4653333333333333,1.622702507296732,0.47570040022870214,0.5093333333333333,871.8666666666668,,239.9732267856598,,900,16,65536,457b0468ba5f023a4a9f38816dbca0899481d04d,False
complete,pendigits,pendigits__sta4__fixed-ry-rz__L4__lr0.01__bs32__seed1,results/runs/pendigits/pendigits__sta4__fixed-ry-rz__L4__lr0.01__bs32__seed1_seed1,pendigits,sta4,fixed-ry-rz,4,1,0.01,32,2000,True,plus,True,False,1.434955134872918,0.5573333333333333,1.4605198896154965,0.5637507146941109,0.584,943.3999999999999,,246.06123542785645,,900,16,65536,457b0468ba5f023a4a9f38816dbca0899481d04d,False
complete,pendigits,pendigits__sta4__fixed-ry-rz__L4__lr0.01__bs32__seed2,results/runs/pendigits/pendigits__sta4__fixed-ry-rz__L4__lr0.01__bs32__seed2_seed2,pendigits,sta4,fixed-ry-rz,4,2,0.01,32,2000,True,plus,True,False,1.504714359743764,0.5106666666666667,1.5772152735201028,0.46283590623213267,0.532,906.8,,239.51183557510376,,900,16,65536,457b0468ba5f023a4a9f38816dbca0899481d04d,False
complete,pendigits,pendigits__sta4__fixed-ry-rz__L4__lr0.01__bs32__seed3,results/runs/pendigits/pendigits__sta4__fixed-ry-rz__L4__lr0.01__bs32__seed3_seed3,pendigits,sta4,fixed-ry-rz,4,3,0.01,32,2000,True,plus,True,False,1.4682307390056821,0.54,1.5107859013150629,0.5185820468839337,0.54,905.6,,240.37824511528015,,900,16,65536,457b0468ba5f023a4a9f38816dbca0899481d04d,False
complete,pendigits,pendigits__sta4__fixed-ry-rz__L4__lr0.01__bs32__seed4,results/runs/pendigits/pendigits__sta4__fixed-ry-rz__L4__lr0.01__bs32__seed4_seed4,pendigits,sta4,fixed-ry-rz,4,4,0.01,32,2000,True,plus,True,False,1.5046881702083117,0.5266666666666666,1.5817399036930373,0.4762721555174385,0.5333333333333333,921.0,,240.99470329284668,,900,16,65536,457b0468ba5f023a4a9f38816dbca0899481d04d,False
complete,pendigits,pendigits__sta4__fixed-ry-rz__L4__lr0.01__bs32__seed5,results/runs/pendigits/pendigits__sta4__fixed-ry-rz__L4__lr0.01__bs32__seed5_seed5,pendigits,sta4,fixed-ry-rz,4,5,0.01,32,2000,True,plus,True,False,1.5131122425175763,0.5346666666666666,1.5696831987088353,0.517724413950829,0.5413333333333333,901.0666666666667,,239.92474746704102,,900,16,65536,457b0468ba5f023a4a9f38816dbca0899481d04d,False
complete,pendigits,pendigits__sta4__fixed-ry-rz__L4__lr0.01__bs32__seed6,results/runs/pendigits/pendigits__sta4__fixed-ry-rz__L4__lr0.01__bs32__seed6_seed6,pendigits,sta4,fixed-ry-rz,4,6,0.01,32,2000,True,plus,True,False,1.582235348427647,0.488,1.6398990270667637,0.4393939393939394,0.5013333333333333,880.7333333333333,,240.3991072177887,,900,16,65536,457b0468ba5f023a4a9f38816dbca0899481d04d,False
complete,pendigits,pendigits__sta4__fixed-ry-rz__L4__lr0.01__bs32__seed7,results/runs/pendigits/pendigits__sta4__fixed-ry-rz__L4__lr0.01__bs32__seed7_seed7,pendigits,sta4,fixed-ry-rz,4,7,0.01,32,2000,True,plus,True,False,1.547736613488832,0.476,1.60072572086644,0.44053744997141225,0.49066666666666664,858.4666666666668,,242.1636917591095,,900,16,65536,457b0468ba5f023a4a9f38816dbca0899481d04d,False
complete,pendigits,pendigits__sta4__fixed-ry-rz__L4__lr0.01__bs32__seed8,results/runs/pendigits/pendigits__sta4__fixed-ry-rz__L4__lr0.01__bs32__seed8_seed8,pendigits,sta4,fixed-ry-rz,4,8,0.01,32,2000,True,plus,True,False,1.5470343788751166,0.508,1.6475240109445677,0.44939965694682676,0.5173333333333333,917.4000000000001,,242.59960412979126,,900,16,65536,457b0468ba5f023a4a9f38816dbca0899481d04d,False
complete,pendigits,pendigits__sta4__fixed-ry-rz__L4__lr0.01__bs32__seed9,results/runs/pendigits/pendigits__sta4__fixed-ry-rz__L4__lr0.01__bs32__seed9_seed9,pendigits,sta4,fixed-ry-rz,4,9,0.01,32,2000,True,plus,True,False,1.5765911877681,0.5253333333333333,1.611398910641489,0.4702687249857061,0.5253333333333333,911.9333333333333,,238.323588848114,,900,16,65536,457b0468ba5f023a4a9f38816dbca0899481d04d,False
complete,pendigits,pendigits__sta4__fixed-ry-rz__L8__lr0.01__bs32__seed0,results/runs/pendigits/pendigits__sta4__fixed-ry-rz__L8__lr0.01__bs32__seed0_seed0,pendigits,sta4,fixed-ry-rz,8,0,0.01,32,2000,True,plus,True,False,1.6593251830293412,0.42533333333333334,1.6475395362270955,0.4614065180102916,0.4533333333333333,794.0666666666668,,482.8333303928375,,1800,16,65536,457b0468ba5f023a4a9f38816dbca0899481d04d,False
complete,pendigits,pendigits__sta4__fixed-ry-rz__L8__lr0.01__bs32__seed10,results/runs/pendigits/pendigits__sta4__fixed-ry-rz__L8__lr0.01__bs32__seed10_seed10,pendigits,sta4,fixed-ry-rz,8,10,0.01,32,2000,True,plus,True,False,1.3368492375635326,0.6133333333333333,1.3897111260002009,0.5831903945111492,0.6133333333333333,932.6666666666667,,481.83935809135437,,1800,16,65536,457b0468ba5f023a4a9f38816dbca0899481d04d,False
complete,pendigits,pendigits__sta4__fixed-ry-rz__L8__lr0.01__bs32__seed11,results/runs/pendigits/pendigits__sta4__fixed-ry-rz__L8__lr0.01__bs32__seed11_seed11,pendigits,sta4,fixed-ry-rz,8,11,0.01,32,2000,True,plus,True,False,1.5678552186515444,0.492,1.6397882882171186,0.46397941680960547,0.492,834.7333333333332,,482.75788950920105,,1800,16,65536,457b0468ba5f023a4a9f38816dbca0899481d04d,False
complete,pendigits,pendigits__sta4__fixed-ry-rz__L8__lr0.01__bs32__seed12,results/runs/pendigits/pendigits__sta4__fixed-ry-rz__L8__lr0.01__bs32__seed12_seed12,pendigits,sta4,fixed-ry-rz,8,12,0.01,32,2000,True,plus,True,False,1.5667083366408021,0.49466666666666664,1.5827277244064346,0.48284734133790735,0.49466666666666664,846.0666666666666,,483.3931636810303,,1800,16,65536,457b0468ba5f023a4a9f38816dbca0899481d04d,False
complete,pendigits,pendigits__sta4__fixed-ry-rz__L8__lr0.01__bs32__seed13,results/runs/pendigits/pendigits__sta4__fixed-ry-rz__L8__lr0.01__bs32__seed13_seed13,pendigits,sta4,fixed-ry-rz,8,13,0.01,32,2000,True,plus,True,False,1.4277125486533089,0.5626666666666666,1.4715836788260692,0.5337335620354489,0.5746666666666667,925.4000000000001,,483.10743975639343,,1800,16,65536,457b0468ba5f023a4a9f38816dbca0899481d04d,False
complete,pendigits,pendigits__sta4__fixed-ry-rz__L8__lr0.01__bs32__seed14,results/runs/pendigits/pendigits__sta4__fixed-ry-rz__L8__lr0.01__bs32__seed14_seed14,pendigits,sta4,fixed-ry-rz,8,14,0.01,32,2000,True,plus,True,False,1.4782089428772913,0.49733333333333335,1.584521358633215,0.4611206403659234,0.5413333333333333,906.7999999999998,,486.08390831947327,,1800,16,65536,457b0468ba5f023a4a9f38816dbca0899481d04d,False
complete,pendigits,pendigits__sta4__fixed-ry-rz__L8__lr0.01__bs32__seed15,results/runs/pendigits/pendigits__sta4__fixed-ry-rz__L8__lr0.01__bs32__seed15_seed15,pendigits,sta4,fixed-ry-rz,8,15,0.01,32,2000,True,plus,True,False,1.5393699868983086,0.5226666666666666,1.5967381252299513,0.49313893653516294,0.5226666666666666,865.0,,483.079692363739,,1800,16,65536,457b0468ba5f023a4a9f38816dbca0899481d04d,False
complete,pendigits,pendigits__sta4__fixed-ry-rz__L8__lr0.01__bs32__seed16,results/runs/pendigits/pendigits__sta4__fixed-ry-rz__L8__lr0.01__bs32__seed16_seed16,pendigits,sta4,fixed-ry-rz,8,16,0.01,32,2000,True,plus,True,False,1.294762220479108,0.6013333333333334,1.3301433182640128,0.5823327615780446,0.6013333333333334,957.6666666666667,,483.02327013015747,,1800,16,65536,457b0468ba5f023a4a9f38816dbca0899481d04d,False
complete,pendigits,pendigits__sta4__fixed-ry-rz__L8__lr0.01__bs32__seed17,results/runs/pendigits/pendigits__sta4__fixed-ry-rz__L8__lr0.01__bs32__seed17_seed17,pendigits,sta4,fixed-ry-rz,8,17,0.01,32,2000,True,plus,True,False,1.4505683668727078,0.5773333333333334,1.5089211309733217,0.5337335620354489,0.5773333333333334,905.6666666666666,,481.61774230003357,,1800,16,65536,457b0468ba5f023a4a9f38816dbca0899481d04d,False
complete,pendigits,pendigits__sta4__fixed-ry-rz__L8__lr0.01__bs32__seed18,results/runs/pendigits/pendigits__sta4__fixed-ry-rz__L8__lr0.01__bs32__seed18_seed18,pendigits,sta4,fixed-ry-rz,8,18,0.01,32,2000,True,plus,True,False,1.5484755129622747,0.4786666666666667,1.6812035463158184,0.4399656946826758,0.492,856.7333333333335,,486.12413454055786,,1800,16,65536,457b0468ba5f023a4a9f38816dbca0899481d04d,False
complete,pendigits,pendigits__sta4__fixed-ry-rz__L8__lr0.01__bs32__seed19,results/runs/pendigits/pendigits__sta4__fixed-ry-rz__L8__lr0.01__bs32__seed19_seed19,pendigits,sta4,fixed-ry-rz,8,19,0.01,32,2000,True,plus,True,False,1.5509166024674574,0.54,1.5979723690751098,0.4885648942252716,0.54,847.2666666666668,,481.86208152770996,,1800,16,65536,5d760ef42d71a06acce4efdc9ed931be057f16a6,True
complete,pendigits,pendigits__sta4__fixed-ry-rz__L8__lr0.01__bs32__seed1,results/runs/pendigits/pendigits__sta4__fixed-ry-rz__L8__lr0.01__bs32__seed1_seed1,pendigits,sta4,fixed-ry-rz,8,1,0.01,32,2000,True,plus,True,False,1.3403532505804496,0.5946666666666667,1.3411032920078148,0.5980560320182962,0.6146666666666667,972.8666666666666,,481.87484073638916,,1800,16,65536,457b0468ba5f023a4a9f38816dbca0899481d04d,False
complete,pendigits,pendigits__sta4__fixed-ry-rz__L8__lr0.01__bs32__seed2,results/runs/pendigits/pendigits__sta4__fixed-ry-rz__L8__lr0.01__bs32__seed2_seed2,pendigits,sta4,fixed-ry-rz,8,2,0.01,32,2000,True,plus,True,False,1.4344488473826187,0.5413333333333333,1.491512560467217,0.517724413950829,0.5613333333333334,899.6666666666667,,482.90807461738586,,1800,16,65536,5d760ef42d71a06acce4efdc9ed931be057f16a6,False
complete,pendigits,pendigits__sta4__fixed-ry-rz__L8__lr0.01__bs32__seed3,results/runs/pendigits/pendigits__sta4__fixed-ry-rz__L8__lr0.01__bs32__seed3_seed3,pendigits,sta4,fixed-ry-rz,8,3,0.01,32,2000,True,plus,True,False,1.470435163552304,0.5253333333333333,1.511946535797247,0.5222984562607204,0.5493333333333333,845.8666666666668,,485.76818442344666,,1800,16,65536,5d760ef42d71a06acce4efdc9ed931be057f16a6,False
complete,pendigits,pendigits__sta4__fixed-ry-rz__L8__lr0.01__bs32__seed4,results/runs/pendigits/pendigits__sta4__fixed-ry-rz__L8__lr0.01__bs32__seed4_seed4,pendigits,sta4,fixed-ry-rz,8,4,0.01,32,2000,True,plus,True,False,1.5015835785459142,0.5066666666666667,1.5769364078927408,0.4665523156089194,0.512,859.3333333333334,,484.02039861679077,,1800,16,65536,5d760ef42d71a06acce4efdc9ed931be057f16a6,False
complete,pendigits,pendigits__sta4__fixed-ry-rz__L8__lr0.01__bs32__seed5,results/runs/pendigits/pendigits__sta4__fixed-ry-rz__L8__lr0.01__bs32__seed5_seed5,pendigits,sta4,fixed-ry-rz,8,5,0.01,32,2000,True,plus,True,False,1.5445983538512515,0.49066666666666664,1.6153551771225194,0.4665523156089194,0.5013333333333333,848.4000000000001,,479.9735631942749,,1800,16,65536,5d760ef42d71a06acce4efdc9ed931be057f16a6,False
complete,pendigits,pendigits__sta4__fixed-ry-rz__L8__lr0.01__bs32__seed6,results/runs/pendigits/pendigits__sta4__fixed-ry-rz__L8__lr0.01__bs32__seed6_seed6,pendigits,sta4,fixed-ry-rz,8,6,0.01,32,2000,True,plus,True,False,1.3227117008045974,0.6093333333333333,1.3530405486404073,0.5989136649514007,0.6266666666666667,979.9333333333333,,484.50341606140137,,1800,16,65536,5d760ef42d71a06acce4efdc9ed931be057f16a6,False
complete,pendigits,pendigits__sta4__fixed-ry-rz__L8__lr0.01__bs32__seed7,results/runs/pendigits/pendigits__sta4__fixed-ry-rz__L8__lr0.01__bs32__seed7_seed7,pendigits,sta4,fixed-ry-rz,8,7,0.01,32,2000,True,plus,True,False,1.4463782085132837,0.532,1.4466634729135344,0.5374499714122356,0.5586666666666666,904.1333333333332,,529.1216342449188,,1800,16,65536,5d760ef42d71a06acce4efdc9ed931be057f16a6,False
complete,pendigits,pendigits__sta4__fixed-ry-rz__L8__lr0.01__bs32__seed8,results/runs/pendigits/pendigits__sta4__fixed-ry-rz__L8__lr0.01__bs32__seed8_seed8,pendigits,sta4,fixed-ry-rz,8,8,0.01,32,2000,True,plus,True,False,1.5544811631297584,0.5133333333333333,1.6294378808167935,0.48427672955974843,0.5146666666666667,846.9333333333333,,488.92821049690247,,1800,16,65536,457b0468ba5f023a4a9f38816dbca0899481d04d,False
complete,pendigits,pendigits__sta4__fixed-ry-rz__L8__lr0.01__bs32__seed9,results/runs/pendigits/pendigits__sta4__fixed-ry-rz__L8__lr0.01__bs32__seed9_seed9,pendigits,sta4,fixed-ry-rz,8,9,0.01,32,2000,True,plus,True,False,1.556363850767569,0.4693333333333333,1.6115408548381738,0.4582618639222413,0.484,806.9333333333333,,489.359708070755,,1800,16,65536,457b0468ba5f023a4a9f38816dbca0899481d04d,False
complete,pendigits,pendigits__sta4__fixed-ry__L16__lr0.01__bs32__seed0,results/runs/pendigits/pendigits__sta4__fixed-ry__L16__lr0.01__bs32__seed0_seed0,pendigits,sta4,fixed-ry,16,0,0.01,32,2000,True,plus,True,False,1.28857695619475,0.6226666666666667,1.3226232236492426,0.6194968553459119,0.6226666666666667,892.5333333333333,,863.8754570484161,,3600,16,65536,457b0468ba5f023a4a9f38816dbca0899481d04d,False
complete,pendigits,pendigits__sta4__fixed-ry__L16__lr0.01__bs32__seed10,results/runs/pendigits/pendigits__sta4__fixed-ry__L16__lr0.01__bs32__seed10_seed10,pendigits,sta4,fixed-ry,16,10,0.01,32,2000,True,plus,True,False,1.106447269223869,0.708,1.180599670638301,0.6572327044025157,0.708,925.8,,867.5778102874756,,3600,16,65536,457b0468ba5f023a4a9f38816dbca0899481d04d,False
complete,pendigits,pendigits__sta4__fixed-ry__L16__lr0.01__bs32__seed11,results/runs/pendigits/pendigits__sta4__fixed-ry__L16__lr0.01__bs32__seed11_seed11,pendigits,sta4,fixed-ry,16,11,0.01,32,2000,True,plus,True,False,1.2731019177198326,0.612,1.3143227348194826,0.5769010863350486,0.612,965.3999999999999,,861.927984714508,,3600,16,65536,457b0468ba5f023a4a9f38816dbca0899481d04d,False
complete,pendigits,pendigits__sta4__fixed-ry__L16__lr0.01__bs32__seed12,results/runs/pendigits/pendigits__sta4__fixed-ry__L16__lr0.01__bs32__seed12_seed12,pendigits,sta4,fixed-ry,16,12,0.01,32,2000,True,plus,True,False,1.2301592919446769,0.6386666666666667,1.277752903885772,0.6266437964551173,0.6386666666666667,961.0,,857.5467517375946,,3600,16,65536,457b0468ba5f023a4a9f38816dbca0899481d04d,False
complete,pendigits,pendigits__sta4__fixed-ry__L16__lr0.01__bs32__seed13,results/runs/pendigits/pendigits__sta4__fixed-ry__L16__lr0.01__bs32__seed13_seed13,pendigits,sta4,fixed-ry,16,13,0.01,32,2000,True,plus,True,False,1.2805068387148264,0.6586666666666666,1.282994314287029,0.6443682104059463,0.6586666666666666,963.4666666666669,,841.1474709510803,,3600,16,65536,457b0468ba5f023a4a9f38816dbca0899481d04d,False
complete,pendigits,pendigits__sta4__fixed-ry__L16__lr0.01__bs32__seed14,results/runs/pendigits/pendigits__sta4__fixed-ry__L16__lr0.01__bs32__seed14_seed14,pendigits,sta4,fixed-ry,16,14,0.01,32,2000,True,plus,True,False,1.2700128838410174,0.6106666666666667,1.2785243182021804,0.6012006861063465,0.6253333333333333,961.9333333333333,,847.6080961227417,,3600,16,65536,457b0468ba5f023a4a9f38816dbca0899481d04d,False
complete,pendigits,pendigits__sta4__fixed-ry__L16__lr0.01__bs32__seed15,results/runs/pendigits/pendigits__sta4__fixed-ry__L16__lr0.01__bs32__seed15_seed15,pendigits,sta4,fixed-ry,16,15,0.01,32,2000,True,plus,True,False,1.3402032056030002,0.6253333333333333,1.3539085621069766,0.5854774156660949,0.632,960.8666666666667,,843.3742501735687,,3600,16,65536,457b0468ba5f023a4a9f38816dbca0899481d04d,False
complete,pendigits,pendigits__sta4__fixed-ry__L16__lr0.01__bs32__seed16,results/runs/pendigits/pendigits__sta4__fixed-ry__L16__lr0.01__bs32__seed16_seed16,pendigits,sta4,fixed-ry,16,16,0.01,32,2000,True,plus,True,False,1.241268984959486,0.636,1.3100453003278887,0.6083476272155517,0.636,957.2,,846.0284557342529,,3600,16,65536,457b0468ba5f023a4a9f38816dbca0899481d04d,False
complete,pendigits,pendigits__sta4__fixed-ry__L16__lr0.01__bs32__seed17,results/runs/pendigits/pendigits__sta4__fixed-ry__L16__lr0.01__bs32__seed17_seed17,pendigits,sta4,fixed-ry,16,17,0.01,32,2000,True,plus,True,False,1.4626348502965312,0.56,1.5092591637236001,0.5414522584333905,0.5653333333333334,870.3333333333333,,839.8943431377411,,3600,16,65536,457b0468ba5f023a4a9f38816dbca0899481d04d,False
complete,pendigits,pendigits__sta4__fixed-ry__L16__lr0.01__bs32__seed18,results/runs/pendigits/pendigits__sta4__fixed-ry__L16__lr0.01__bs32__seed18_seed18,pendigits,sta4,fixed-ry,16,18,0.01,32,2000,True,plus,True,False,1.400497420821123,0.5973333333333334,1.429508421143651,0.5671812464265295,0.5973333333333334,857.0000000000002,,841.6423177719116,,3600,16,65536,457b0468ba5f023a4a9f38816dbca0899481d04d,False
complete,pendigits,pendigits__sta4__fixed-ry__L16__lr0.01__bs32__seed19,results/runs/pendigits/pendigits__sta4__fixed-ry__L16__lr0.01__bs32__seed19_seed19,pendigits,sta4,fixed-ry,16,19,0.01,32,2000,True,plus,True,False,1.2867046793420407,0.596,1.2932682716875898,0.6083476272155517,0.624,984.3333333333335,,838.738795042038,,3600,16,65536,457b0468ba5f023a4a9f38816dbca0899481d04d,False
complete,pendigits,pendigits__sta4__fixed-ry__L16__lr0.01__bs32__seed1,results/runs/pendigits/pendigits__sta4__fixed-ry__L16__lr0.01__bs32__seed1_seed1,pendigits,sta4,fixed-ry,16,1,0.01,32,2000,True,plus,True,False,1.385088721871622,0.5626666666666666,1.4150351164953356,0.5566037735849056,0.568,906.6000000000003,,864.6454124450684,,3600,16,65536,457b0468ba5f023a4a9f38816dbca0899481d04d,False
complete,pendigits,pendigits__sta4__fixed-ry__L16__lr0.01__bs32__seed2,results/runs/pendigits/pendigits__sta4__fixed-ry__L16__lr0.01__bs32__seed2_seed2,pendigits,sta4,fixed-ry,16,2,0.01,32,2000,True,plus,True,False,1.2125679636198599,0.664,1.2573252804856296,0.6312178387650086,0.664,958.066666666667,,836.7451701164246,,3600,16,65536,457b0468ba5f023a4a9f38816dbca0899481d04d,False
complete,pendigits,pendigits__sta4__fixed-ry__L16__lr0.01__bs32__seed3,results/runs/pendigits/pendigits__sta4__fixed-ry__L16__lr0.01__bs32__seed3_seed3,pendigits,sta4,fixed-ry,16,3,0.01,32,2000,True,plus,True,False,1.2184481488545587,0.6666666666666666,1.2431621500372072,0.642652944539737,0.6733333333333333,1070.6,,840.5903625488281,,3600,16,65536,457b0468ba5f023a4a9f38816dbca0899481d04d,False
complete,pendigits,pendigits__sta4__fixed-ry__L16__lr0.01__bs32__seed4,results/runs/pendigits/pendigits__sta4__fixed-ry__L16__lr0.01__bs32__seed4_seed4,pendigits,sta4,fixed-ry,16,4,0.01,32,2000,True,plus,True,False,1.0505901756755804,0.6946666666666667,1.0999892684608752,0.6732418524871355,0.6946666666666667,1084.6666666666665,,844.0311152935028,,3600,16,65536,457b0468ba5f023a4a9f38816dbca0899481d04d,False
complete,pendigits,pendigits__sta4__fixed-ry__L16__lr0.01__bs32__seed5,results/runs/pendigits/pendigits__sta4__fixed-ry__L16__lr0.01__bs32__seed5_seed5,pendigits,sta4,fixed-ry,16,5,0.01,32,2000,True,plus,True,False,1.2843296493147793,0.6213333333333333,1.317785306717474,0.6063464837049742,0.6213333333333333,918.3333333333334,,837.892954826355,,3600,16,65536,457b0468ba5f023a4a9f38816dbca0899481d04d,False
complete,pendigits,pendigits__sta4__fixed-ry__L16__lr0.01__bs32__seed6,results/runs/pendigits/pendigits__sta4__fixed-ry__L16__lr0.01__bs32__seed6_seed6,pendigits,sta4,fixed-ry,16,6,0.01,32,2000,True,plus,True,False,1.2219045767181578,0.6373333333333333,1.2603947951547272,0.6346483704974271,0.6413333333333333,1008.2666666666667,,837.650506734848,,3600,16,65536,457b0468ba5f023a4a9f38816dbca0899481d04d,False
complete,pendigits,pendigits__sta4__fixed-ry__L16__lr0.01__bs32__seed7,results/runs/pendigits/pendigits__sta4__fixed-ry__L16__lr0.01__bs32__seed7_seed7,pendigits,sta4,fixed-ry,16,7,0.01,32,2000,True,plus,True,False,1.2053693933207748,0.6506666666666666,1.2270249093140717,0.6266437964551173,0.6533333333333333,1005.4666666666667,,838.6391291618347,,3600,16,65536,457b0468ba5f023a4a9f38816dbca0899481d04d,False
complete,pendigits,pendigits__sta4__fixed-ry__L16__lr0.01__bs32__seed8,results/runs/pendigits/pendigits__sta4__fixed-ry__L16__lr0.01__bs32__seed8_seed8,pendigits,sta4,fixed-ry,16,8,0.01,32,2000,True,plus,True,False,1.4966639399077837,0.5333333333333333,1.5697803397369208,0.5022870211549457,0.5333333333333333,878.6000000000001,,840.0618336200714,,3600,16,65536,457b0468ba5f023a4a9f38816dbca0899481d04d,False
complete,pendigits,pendigits__sta4__fixed-ry__L16__lr0.01__bs32__seed9,results/runs/pendigits/pendigits__sta4__fixed-ry__L16__lr0.01__bs32__seed9_seed9,pendigits,sta4,fixed-ry,16,9,0.01,32,2000,True,plus,True,False,1.2762036125432248,0.636,1.3467959984254334,0.6003430531732419,0.636,982.2,,838.1563491821289,,3600,16,65536,457b0468ba5f023a4a9f38816dbca0899481d04d,False
complete,pendigits,pendigits__sta4__fixed-ry__L1__lr0.01__bs32__seed0,results/runs/pendigits/pendigits__sta4__fixed-ry__L1__lr0.01__bs32__seed0_seed0,pendigits,sta4,fixed-ry,1,0,0.01,32,2000,True,plus,True,False,1.8187643896693517,0.328,1.8712600660240835,0.31503716409376786,0.37866666666666665,657.1333333333333,,58.20406365394592,,225,16,65536,457b0468ba5f023a4a9f38816dbca0899481d04d,False
complete,pendigits,pendigits__sta4__fixed-ry__L1__lr0.01__bs32__seed10,results/runs/pendigits/pendigits__sta4__fixed-ry__L1__lr0.01__bs32__seed10_seed10,pendigits,sta4,fixed-ry,1,10,0.01,32,2000,True,plus,True,False,1.8565528126750501,0.344,1.9053956480175966,0.2893081761006289,0.36533333333333334,634.0,,58.764517307281494,,225,16,65536,457b0468ba5f023a4a9f38816dbca0899481d04d,False
complete,pendigits,pendigits__sta4__fixed-ry__L1__lr0.01__bs32__seed11,results/runs/pendigits/pendigits__sta4__fixed-ry__L1__lr0.01__bs32__seed11_seed11,pendigits,sta4,fixed-ry,1,11,0.01,32,2000,True,plus,True,False,1.8234565812471726,0.33066666666666666,1.8879767359982027,0.3184676958261864,0.3506666666666667,624.0666666666666,,58.79110670089722,,225,16,65536,457b0468ba5f023a4a9f38816dbca0899481d04d,False
complete,pendigits,pendigits__sta4__fixed-ry__L1__lr0.01__bs32__seed12,results/runs/pendigits/pendigits__sta4__fixed-ry__L1__lr0.01__bs32__seed12_seed12,pendigits,sta4,fixed-ry,1,12,0.01,32,2000,True,plus,True,False,1.8276739575199208,0.32,1.9032576809192479,0.2950257289879931,0.36533333333333334,621.6666666666667,,57.714393854141235,,225,16,65536,457b0468ba5f023a4a9f38816dbca0899481d04d,False
complete,pendigits,pendigits__sta4__fixed-ry__L1__lr0.01__bs32__seed13,results/runs/pendigits/pendigits__sta4__fixed-ry__L1__lr0.01__bs32__seed13_seed13,pendigits,sta4,fixed-ry,1,13,0.01,32,2000,True,plus,True,False,1.830708707570698,0.30266666666666664,1.8892554075044372,0.2804459691252144,0.35333333333333333,614.3999999999999,,59.97482657432556,,225,16,65536,457b0468ba5f023a4a9f38816dbca0899481d04d,False
complete,pendigits,pendigits__sta4__fixed-ry__L1__lr0.01__bs32__seed14,results/runs/pendigits/pendigits__sta4__fixed-ry__L1__lr0.01__bs32__seed14_seed14,pendigits,sta4,fixed-ry,1,14,0.01,32,2000,True,plus,True,False,1.847619057861469,0.312,1.9079426393889654,0.2835906232132647,0.37066666666666664,626.5999999999999,,60.02796411514282,,225,16,65536,457b0468ba5f023a4a9f38816dbca0899481d04d,False
complete,pendigits,pendigits__sta4__fixed-ry__L1__lr0.01__bs32__seed15,results/runs/pendigits/pendigits__sta4__fixed-ry__L1__lr0.01__bs32__seed15_seed15,pendigits,sta4,fixed-ry,1,15,0.01,32,2000,True,plus,True,False,1.9164613891179203,0.32,1.9636292177490382,0.3153230417381361,0.3586666666666667,593.2,,60.915252685546875,,225,16,65536,457b0468ba5f023a4a9f38816dbca0899481d04d,False
complete,pendigits,pendigits__sta4__fixed-ry__L1__lr0.01__bs32__seed16,results/runs/pendigits/pendigits__sta4__fixed-ry__L1__lr0.01__bs32__seed16_seed16,pendigits,sta4,fixed-ry,1,16,0.01,32,2000,True,plus,True,False,1.8325031986777909,0.3546666666666667,1.888455588548686,0.3316180674671241,0.36666666666666664,629.2666666666667,,59.85269594192505,,225,16,65536,457b0468ba5f023a4a9f38816dbca0899481d04d,False
complete,pendigits,pendigits__sta4__fixed-ry__L1__lr0.01__bs32__seed17,results/runs/pendigits/pendigits__sta4__fixed-ry__L1__lr0.01__bs32__seed17_seed17,pendigits,sta4,fixed-ry,1,17,0.01,32,2000,True,plus,True,False,1.8525338290732094,0.33866666666666667,1.890246561550231,0.33104631217838765,0.36933333333333335,640.2666666666667,,58.397446155548096,,225,16,65536,457b0468ba5f023a4a9f38816dbca0899481d04d,False
complete,pendigits,pendigits__sta4__fixed-ry__L1__lr0.01__bs32__seed18,results/runs/pendigits/pendigits__sta4__fixed-ry__L1__lr0.01__bs32__seed18_seed18,pendigits,sta4,fixed-ry,1,18,0.01,32,2000,True,plus,True,False,1.8267001117819108,0.31466666666666665,1.8910110663438657,0.28730703259005147,0.352,596.6666666666666,,60.30749320983887,,225,16,65536,457b0468ba5f023a4a9f38816dbca0899481d04d,False
complete,pendigits,pendigits__sta4__fixed-ry__L1__lr0.01__bs32__seed19,results/runs/pendigits/pendigits__sta4__fixed-ry__L1__lr0.01__bs32__seed19_seed19,pendigits,sta4,fixed-ry,1,19,0.01,32,2000,True,plus,True,False,1.846829818645819,0.332,1.9040798037095168,0.2938822184105203,0.34,609.5333333333333,,59.677807331085205,,225,16,65536,457b0468ba5f023a4a9f38816dbca0899481d04d,False
complete,pendigits,pendigits__sta4__fixed-ry__L1__lr0.01__bs32__seed1,results/runs/pendigits/pendigits__sta4__fixed-ry__L1__lr0.01__bs32__seed1_seed1,pendigits,sta4,fixed-ry,1,1,0.01,32,2000,True,plus,True,False,1.8307498204616204,0.32,1.8865928894706365,0.29245283018867924,0.3546666666666667,607.0,,59.47023129463196,,225,16,65536,457b0468ba5f023a4a9f38816dbca0899481d04d,False
complete,pendigits,pendigits__sta4__fixed-ry__L1__lr0.01__bs32__seed2,results/runs/pendigits/pendigits__sta4__fixed-ry__L1__lr0.01__bs32__seed2_seed2,pendigits,sta4,fixed-ry,1,2,0.01,32,2000,True,plus,True,False,1.8731405830799592,0.33466666666666667,1.9083410486960648,0.32532875929102345,0.38666666666666666,658.0666666666666,,60.00846219062805,,225,16,65536,457b0468ba5f023a4a9f38816dbca0899481d04d,False
complete,pendigits,pendigits__sta4__fixed-ry__L1__lr0.01__bs32__seed3,results/runs/pendigits/pendigits__sta4__fixed-ry__L1__lr0.01__bs32__seed3_seed3,pendigits,sta4,fixed-ry,1,3,0.01,32,2000,True,plus,True,False,1.8563353970896996,0.32666666666666666,1.9044342913089058,0.3141795311606632,0.3466666666666667,617.0666666666666,,58.363927602767944,,225,16,65536,457b0468ba5f023a4a9f38816dbca0899481d04d,False
complete,pendigits,pendigits__sta4__fixed-ry__L1__lr0.01__bs32__seed4,results/runs/pendigits/pendigits__sta4__fixed-ry__L1__lr0.01__bs32__seed4_seed4,pendigits,sta4,fixed-ry,1,4,0.01,32,2000,True,plus,True,False,1.860864596186378,0.33066666666666666,1.9121291079380445,0.33076043453401943,0.36,637.1999999999999,,59.21323299407959,,225,16,65536,457b0468ba5f023a4a9f38816dbca0899481d04d,False
complete,pendigits,pendigits__sta4__fixed-ry__L1__lr0.01__bs32__seed5,results/runs/pendigits/pendigits__sta4__fixed-ry__L1__lr0.01__bs32__seed5_seed5,pendigits,sta4,fixed-ry,1,5,0.01,32,2000,True,plus,True,False,1.8469515179099718,0.36133333333333334,1.8775319660682488,0.33847913093196114,0.39466666666666667,675.7333333333333,,59.96357464790344,,225,16,65536,457b0468ba5f023a4a9f38816dbca0899481d04d,False
complete,pendigits,pendigits__sta4__fixed-ry__L1__lr0.01__bs32__seed6,results/runs/pendigits/pendigits__sta4__fixed-ry__L1__lr0.01__bs32__seed6_seed6,pendigits,sta4,fixed-ry,1,6,0.01,32,2000,True,plus,True,False,1.8508736402166464,0.37333333333333335,1.9044684182114855,0.33990851915380216,0.37733333333333335,672.6666666666669,,57.04137682914734,,225,16,65536,457b0468ba5f023a4a9f38816dbca0899481d04d,False
complete,pendigits,pendigits__sta4__fixed-ry__L1__lr0.01__bs32__seed7,results/runs/pendigits/pendigits__sta4__fixed-ry__L1__lr0.01__bs32__seed7_seed7,pendigits,sta4,fixed-ry,1,7,0.01,32,2000,True,plus,True,False,1.826719194989225,0.32666666666666666,1.8826373312086364,0.292166952544311,0.36666666666666664,635.6,,57.81662559509277,,225,16,65536,457b0468ba5f023a4a9f38816dbca0899481d04d,False
complete,pendigits,pendigits__sta4__fixed-ry__L1__lr0.01__bs32__seed8,results/runs/pendigits/pendigits__sta4__fixed-ry__L1__lr0.01__bs32__seed8_seed8,pendigits,sta4,fixed-ry,1,8,0.01,32,2000,True,plus,True,False,1.8014482618102348,0.37066666666666664,1.885656753804069,0.3130360205831904,0.37466666666666665,652.1333333333333,,59.78431582450867,,225,16,65536,457b0468ba5f023a4a9f38816dbca0899481d04d,False
complete,pendigits,pendigits__sta4__fixed-ry__L1__lr0.01__bs32__seed9,results/runs/pendigits/pendigits__sta4__fixed-ry__L1__lr0.01__bs32__seed9_seed9,pendigits,sta4,fixed-ry,1,9,0.01,32,2000,True,plus,True,False,1.8482581658555943,0.2866666666666667,1.8941776092637626,0.30045740423098916,0.356,620.2000000000002,,58.406949520111084,,225,16,65536,457b0468ba5f023a4a9f38816dbca0899481d04d,False
complete,pendigits,pendigits__sta4__fixed-ry__L2__lr0.01__bs32__seed0,results/runs/pendigits/pendigits__sta4__fixed-ry__L2__lr0.01__bs32__seed0_seed0,pendigits,sta4,fixed-ry,2,0,0.01,32,2000,True,plus,True,False,1.538946740970279,0.48933333333333334,1.5717603898174288,0.4754145225843339,0.5013333333333333,875.2,,108.70472955703735,,450,16,65536,457b0468ba5f023a4a9f38816dbca0899481d04d,False
complete,pendigits,pendigits__sta4__fixed-ry__L2__lr0.01__bs32__seed10,results/runs/pendigits/pendigits__sta4__fixed-ry__L2__lr0.01__bs32__seed10_seed10,pendigits,sta4,fixed-ry,2,10,0.01,32,2000,True,plus,True,False,1.5165602614762748,0.504,1.600102938597193,0.4562607204116638,0.5146666666666667,885.8666666666668,,107.45707774162292,,450,16,65536,457b0468ba5f023a4a9f38816dbca0899481d04d,False
complete,pendigits,pendigits__sta4__fixed-ry__L2__lr0.01__bs32__seed11,results/runs/pendigits/pendigits__sta4__fixed-ry__L2__lr0.01__bs32__seed11_seed11,pendigits,sta4,fixed-ry,2,11,0.01,32,2000,True,plus,True,False,1.5773910841320045,0.504,1.6463241781686513,0.46083476272155516,0.504,890.0,,105.95757007598877,,450,16,65536,457b0468ba5f023a4a9f38816dbca0899481d04d,False
complete,pendigits,pendigits__sta4__fixed-ry__L2__lr0.01__bs32__seed12,results/runs/pendigits/pendigits__sta4__fixed-ry__L2__lr0.01__bs32__seed12_seed12,pendigits,sta4,fixed-ry,2,12,0.01,32,2000,True,plus,True,False,1.5598456103307625,0.48933333333333334,1.6499052275977588,0.44453973699256716,0.5053333333333333,867.1999999999999,,106.7202570438385,,450,16,65536,457b0468ba5f023a4a9f38816dbca0899481d04d,False
complete,pendigits,pendigits__sta4__fixed-ry__L2__lr0.01__bs32__seed13,results/runs/pendigits/pendigits__sta4__fixed-ry__L2__lr0.01__bs32__seed13_seed13,pendigits,sta4,fixed-ry,2,13,0.01,32,2000,True,plus,True,False,1.554663081257911,0.49866666666666665,1.6417676225035933,0.4305317324185249,0.5226666666666666,900.5999999999999,,104.90607714653015,,450,16,65536,457b0468ba5f023a4a9f38816dbca0899481d04d,False
complete,pendigits,pendigits__sta4__fixed-ry__L2__lr0.01__bs32__seed14,results/runs/pendigits/pendigits__sta4__fixed-ry__L2__lr0.01__bs32__seed14_seed14,pendigits,sta4,fixed-ry,2,14,0.01,32,2000,True,plus,True,False,1.5916081173680128,0.464,1.6681356072324767,0.42395654659805604,0.5226666666666666,911.1333333333332,,108.13449788093567,,450,16,65536,457b0468ba5f023a4a9f38816dbca0899481d04d,False
complete,pendigits,pendigits__sta4__fixed-ry__L2__lr0.01__bs32__seed15,results/runs/pendigits/pendigits__sta4__fixed-ry__L2__lr0.01__bs32__seed15_seed15,pendigits,sta4,fixed-ry,2,15,0.01,32,2000,True,plus,True,False,1.5274147537684373,0.508,1.5882449826642997,0.45769010863350484,0.5186666666666667,908.8,,105.28090143203735,,450,16,65536,457b0468ba5f023a4a9f38816dbca0899481d04d,False
complete,pendigits,pendigits__sta4__fixed-ry__L2__lr0.01__bs32__seed16,results/runs/pendigits/pendigits__sta4__fixed-ry__L2__lr0.01__bs32__seed16_seed16,pendigits,sta4,fixed-ry,2,16,0.01,32,2000,True,plus,True,False,1.5386580968430361,0.49733333333333335,1.59383887813316,0.4642652944539737,0.524,903.2000000000002,,108.01444506645203,,450,16,65536,457b0468ba5f023a4a9f38816dbca0899481d04d,False
complete,pendigits,pendigits__sta4__fixed-ry__L2__lr0.01__bs32__seed17,results/runs/pendigits/pendigits__sta4__fixed-ry__L2__lr0.01__bs32__seed17_seed17,pendigits,sta4,fixed-ry,2,17,0.01,32,2000,True,plus,True,False,1.5321011762254078,0.512,1.5823188779966915,0.47998856489422526,0.5133333333333333,898.0666666666667,,105.84202241897583,,450,16,65536,457b0468ba5f023a4a9f38816dbca0899481d04d,False
complete,pendigits,pendigits__sta4__fixed-ry__L2__lr0.01__bs32__seed18,results/runs/pendigits/pendigits__sta4__fixed-ry__L2__lr0.01__bs32__seed18_seed18,pendigits,sta4,fixed-ry,2,18,0.01,32,2000,True,plus,True,False,1.5981893154794142,0.4693333333333333,1.669103250753724,0.40823327615780447,0.4866666666666667,836.4666666666666,,108.77880096435547,,450,16,65536,457b0468ba5f023a4a9f38816dbca0899481d04d,False
complete,pendigits,pendigits__sta4__fixed-ry__L2__lr0.01__bs32__seed19,results/runs/pendigits/pendigits__sta4__fixed-ry__L2__lr0.01__bs32__seed19_seed19,pendigits,sta4,fixed-ry,2,19,0.01,32,2000,True,plus,True,False,1.6430472551139526,0.44533333333333336,1.693061510818804,0.4339622641509434,0.484,845.3999999999997,,106.68537902832031,,450,16,65536,457b0468ba5f023a4a9f38816dbca0899481d04d,False
complete,pendigits,pendigits__sta4__fixed-ry__L2__lr0.01__bs32__seed1,results/runs/pendigits/pendigits__sta4__fixed-ry__L2__lr0.01__bs32__seed1_seed1,pendigits,sta4,fixed-ry,2,1,0.01,32,2000,True,plus,True,False,1.55528972829377,0.4653333333333333,1.62310942392215,0.41223556317895943,0.488,863.2666666666665,,108.10341835021973,,450,16,65536,457b0468ba5f023a4a9f38816dbca0899481d04d,False
complete,pendigits,pendigits__sta4__fixed-ry__L2__lr0.01__bs32__seed2,results/runs/pendigits/pendigits__sta4__fixed-ry__L2__lr0.01__bs32__seed2_seed2,pendigits,sta4,fixed-ry,2,2,0.01,32,2000,True,plus,True,False,1.5966071134620485,0.464,1.6767702337260795,0.4093767867352773,0.49466666666666664,868.5999999999998,,110.11174631118774,,450,16,65536,457b0468ba5f023a4a9f38816dbca0899481d04d,False
complete,pendigits,pendigits__sta4__fixed-ry__L2__lr0.01__bs32__seed3,results/runs/pendigits/pendigits__sta4__fixed-ry__L2__lr0.01__bs32__seed3_seed3,pendigits,sta4,fixed-ry,2,3,0.01,32,2000,True,plus,True,False,1.5276143872697376,0.5186666666666667,1.5909814847334447,0.4897084048027444,0.528,892.1333333333333,,107.89942812919617,,450,16,65536,457b0468ba5f023a4a9f38816dbca0899481d04d,False
complete,pendigits,pendigits__sta4__fixed-ry__L2__lr0.01__bs32__seed4,results/runs/pendigits/pendigits__sta4__fixed-ry__L2__lr0.01__bs32__seed4_seed4,pendigits,sta4,fixed-ry,2,4,0.01,32,2000,True,plus,True,False,1.5418941078762516,0.476,1.5875138233587869,0.4591194968553459,0.476,866.2666666666667,,110.03044176101685,,450,16,65536,457b0468ba5f023a4a9f38816dbca0899481d04d,False
complete,pendigits,pendigits__sta4__fixed-ry__L2__lr0.01__bs32__seed5,results/runs/pendigits/pendigits__sta4__fixed-ry__L2__lr0.01__bs32__seed5_seed5,pendigits,sta4,fixed-ry,2,5,0.01,32,2000,True,plus,True,False,1.5875373702804583,0.48,1.6614690057960286,0.43539165237278443,0.5213333333333333,881.5333333333333,,105.62773132324219,,450,16,65536,457b0468ba5f023a4a9f38816dbca0899481d04d,False
complete,pendigits,pendigits__sta4__fixed-ry__L2__lr0.01__bs32__seed6,results/runs/pendigits/pendigits__sta4__fixed-ry__L2__lr0.01__bs32__seed6_seed6,pendigits,sta4,fixed-ry,2,6,0.01,32,2000,True,plus,True,False,1.5159383531178054,0.484,1.617542537396499,0.44339622641509435,0.5426666666666666,925.5333333333334,,106.34540176391602,,450,16,65536,457b0468ba5f023a4a9f38816dbca0899481d04d,False
complete,pendigits,pendigits__sta4__fixed-ry__L2__lr0.01__bs32__seed7,results/runs/pendigits/pendigits__sta4__fixed-ry__L2__lr0.01__bs32__seed7_seed7,pendigits,sta4,fixed-ry,2,7,0.01,32,2000,True,plus,True,False,1.543614580453804,0.48,1.6169733491109002,0.4205260148656375,0.5093333333333333,875.1333333333334,,104.72261595726013,,450,16,65536,457b0468ba5f023a4a9f38816dbca0899481d04d,False
complete,pendigits,pendigits__sta4__fixed-ry__L2__lr0.01__bs32__seed8,results/runs/pendigits/pendigits__sta4__fixed-ry__L2__lr0.01__bs32__seed8_seed8,pendigits,sta4,fixed-ry,2,8,0.01,32,2000,True,plus,True,False,1.5785347172376205,0.4746666666666667,1.6661449329833655,0.4145225843339051,0.484,868.8666666666667,,108.1636004447937,,450,16,65536,457b0468ba5f023a4a9f38816dbca0899481d04d,False
complete,pendigits,pendigits__sta4__fixed-ry__L2__lr0.01__bs32__seed9,results/runs/pendigits/pendigits__sta4__fixed-ry__L2__lr0.01__bs32__seed9_seed9,pendigits,sta4,fixed-ry,2,9,0.01,32,2000,True,plus,True,False,1.5244524850851857,0.49466666666666664,1.609479283201811,0.45454545454545453,0.5026666666666667,888.4,,106.98359775543213,,450,16,65536,457b0468ba5f023a4a9f38816dbca0899481d04d,False
complete,pendigits,pendigits__sta4__fixed-ry__L32__lr0.01__bs32__seed0,results/runs/pendigits/pendigits__sta4__fixed-ry__L32__lr0.01__bs32__seed0_seed0,pendigits,sta4,fixed-ry,32,0,0.01,32,2000,True,plus,True,False,1.8007255252075929,0.3933333333333333,1.8183788920730253,0.38593481989708406,0.4093333333333333,652.8666666666666,,1856.4055247306824,,7200,16,65536,457b0468ba5f023a4a9f38816dbca0899481d04d,False
complete,pendigits,pendigits__sta4__fixed-ry__L32__lr0.01__bs32__seed10,results/runs/pendigits/pendigits__sta4__fixed-ry__L32__lr0.01__bs32__seed10_seed10,pendigits,sta4,fixed-ry,32,10,0.01,32,2000,True,plus,True,False,1.874108094786406,0.3373333333333333,1.9087223636894144,0.34562607204116635,0.39866666666666667,653.0666666666667,,1861.782473564148,,7200,16,65536,457b0468ba5f023a4a9f38816dbca0899481d04d,False
complete,pendigits,pendigits__sta4__fixed-ry__L32__lr0.01__bs32__seed11,results/runs/pendigits/pendigits__sta4__fixed-ry__L32__lr0.01__bs32__seed11_seed11,pendigits,sta4,fixed-ry,32,11,0.01,32,2000,True,plus,True,False,1.6806639318712575,0.476,1.7194256585293046,0.449685534591195,0.476,661.1999999999998,,1861.7683782577515,,7200,16,65536,457b0468ba5f023a4a9f38816dbca0899481d04d,False
complete,pendigits,pendigits__sta4__fixed-ry__L32__lr0.01__bs32__seed12,results/runs/pendigits/pendigits__sta4__fixed-ry__L32__lr0.01__bs32__seed12_seed12,pendigits,sta4,fixed-ry,32,12,0.01,32,2000,True,plus,True,False,1.9048026113459324,0.352,1.9349883234742322,0.34162378502001145,0.424,664.1333333333332,,1856.1661789417267,,7200,16,65536,457b0468ba5f023a4a9f38816dbca0899481d04d,False
complete,pendigits,pendigits__sta4__fixed-ry__L32__lr0.01__bs32__seed13,results/runs/pendigits/pendigits__sta4__fixed-ry__L32__lr0.01__bs32__seed13_seed13,pendigits,sta4,fixed-ry,32,13,0.01,32,2000,True,plus,True,False,1.892696465133395,0.384,1.8906482823184856,0.37735849056603776,0.38666666666666666,601.8666666666666,,1858.236661195755,,7200,16,65536,457b0468ba5f023a4a9f38816dbca0899481d04d,False
complete,pendigits,pendigits__sta4__fixed-ry__L32__lr0.01__bs32__seed14,results/runs/pendigits/pendigits__sta4__fixed-ry__L32__lr0.01__bs32__seed14_seed14,pendigits,sta4,fixed-ry,32,14,0.01,32,2000,True,plus,True,False,1.7390309596441211,0.42933333333333334,1.7585729091013338,0.43567753001715265,0.436,695.9999999999999,,1860.6445136070251,,7200,16,65536,457b0468ba5f023a4a9f38816dbca0899481d04d,False
complete,pendigits,pendigits__sta4__fixed-ry__L32__lr0.01__bs32__seed15,results/runs/pendigits/pendigits__sta4__fixed-ry__L32__lr0.01__bs32__seed15_seed15,pendigits,sta4,fixed-ry,32,15,0.01,32,2000,True,plus,True,False,1.8334575980380887,0.41333333333333333,1.8667620416887039,0.37535734705546026,0.4146666666666667,676.0,,1842.9696278572083,,7200,16,65536,457b0468ba5f023a4a9f38816dbca0899481d04d,False
complete,pendigits,pendigits__sta4__fixed-ry__L32__lr0.01__bs32__seed16,results/runs/pendigits/pendigits__sta4__fixed-ry__L32__lr0.01__bs32__seed16_seed16,pendigits,sta4,fixed-ry,32,16,0.01,32,2000,True,plus,True,False,1.7314059149450862,0.43466666666666665,1.7805619701349993,0.4065180102915952,0.43466666666666665,633.7333333333335,,1848.4772789478302,,7200,16,65536,457b0468ba5f023a4a9f38816dbca0899481d04d,False
complete,pendigits,pendigits__sta4__fixed-ry__L32__lr0.01__bs32__seed17,results/runs/pendigits/pendigits__sta4__fixed-ry__L32__lr0.01__bs32__seed17_seed17,pendigits,sta4,fixed-ry,32,17,0.01,32,2000,True,plus,True,False,1.8088950880928645,0.3973333333333333,1.8463754253260625,0.3730703259005146,0.39866666666666667,634.1333333333332,,1838.4152615070343,,7200,16,65536,457b0468ba5f023a4a9f38816dbca0899481d04d,False
complete,pendigits,pendigits__sta4__fixed-ry__L32__lr0.01__bs32__seed18,results/runs/pendigits/pendigits__sta4__fixed-ry__L32__lr0.01__bs32__seed18_seed18,pendigits,sta4,fixed-ry,32,18,0.01,32,2000,True,plus,True,False,1.72784553782516,0.45866666666666667,1.7633189194103953,0.41938250428816465,0.45866666666666667,655.8666666666668,,1882.4811611175537,,7200,16,65536,457b0468ba5f023a4a9f38816dbca0899481d04d,False
complete,pendigits,pendigits__sta4__fixed-ry__L32__lr0.01__bs32__seed19,results/runs/pendigits/pendigits__sta4__fixed-ry__L32__lr0.01__bs32__seed19_seed19,pendigits,sta4,fixed-ry,32,19,0.01,32,2000,True,plus,True,False,1.7388791787494198,0.45066666666666666,1.733524122362831,0.4428244711263579,0.45066666666666666,676.0666666666665,,1910.7237465381622,,7200,16,65536,457b0468ba5f023a4a9f38816dbca0899481d04d,False
complete,pendigits,pendigits__sta4__fixed-ry__L32__lr0.01__bs32__seed1,results/runs/pendigits/pendigits__sta4__fixed-ry__L32__lr0.01__bs32__seed1_seed1,pendigits,sta4,fixed-ry,32,1,0.01,32,2000,True,plus,True,False,1.870372831199236,0.3466666666666667,1.892644933948857,0.3539165237278445,0.3466666666666667,555.1333333333333,,1850.9225487709045,,7200,16,65536,457b0468ba5f023a4a9f38816dbca0899481d04d,False
complete,pendigits,pendigits__sta4__fixed-ry__L32__lr0.01__bs32__seed2,results/runs/pendigits/pendigits__sta4__fixed-ry__L32__lr0.01__bs32__seed2_seed2,pendigits,sta4,fixed-ry,32,2,0.01,32,2000,True,plus,True,False,1.77448594980048,0.42933333333333334,1.771638632344749,0.4205260148656375,0.42933333333333334,643.4666666666667,,1916.230883359909,,7200,16,65536,457b0468ba5f023a4a9f38816dbca0899481d04d,False
complete,pendigits,pendigits__sta4__fixed-ry__L32__lr0.01__bs32__seed3,results/runs/pendigits/pendigits__sta4__fixed-ry__L32__lr0.01__bs32__seed3_seed3,pendigits,sta4,fixed-ry,32,3,0.01,32,2000,True,plus,True,False,1.7001878152922167,0.4613333333333333,1.7339613258058795,0.4368210405946255,0.4613333333333333,697.0666666666667,,1918.4328017234802,,7200,16,65536,457b0468ba5f023a4a9f38816dbca0899481d04d,False
complete,pendigits,pendigits__sta4__fixed-ry__L32__lr0.01__bs32__seed4,results/runs/pendigits/pendigits__sta4__fixed-ry__L32__lr0.01__bs32__seed4_seed4,pendigits,sta4,fixed-ry,32,4,0.01,32,2000,True,plus,True,False,1.9574760583942155,0.344,1.9630299223824226,0.35763293310463123,0.392,579.6,,1916.9010481834412,,7200,16,65536,457b0468ba5f023a4a9f38816dbca0899481d04d,False
complete,pendigits,pendigits__sta4__fixed-ry__L32__lr0.01__bs32__seed5,results/runs/pendigits/pendigits__sta4__fixed-ry__L32__lr0.01__bs32__seed5_seed5,pendigits,sta4,fixed-ry,32,5,0.01,32,2000,True,plus,True,False,1.8543386249895408,0.37466666666666665,1.8763203400390405,0.3361921097770154,0.4106666666666667,615.4,,1915.9680798053741,,7200,16,65536,457b0468ba5f023a4a9f38816dbca0899481d04d,False
complete,pendigits,pendigits__sta4__fixed-ry__L32__lr0.01__bs32__seed6,results/runs/pendigits/pendigits__sta4__fixed-ry__L32__lr0.01__bs32__seed6_seed6,pendigits,sta4,fixed-ry,32,6,0.01,32,2000,True,plus,True,False,1.791455508216407,0.43333333333333335,1.7827079244559971,0.4419668381932533,0.44133333333333336,642.6666666666667,,1912.5852365493774,,7200,16,65536,457b0468ba5f023a4a9f38816dbca0899481d04d,False
complete,pendigits,pendigits__sta4__fixed-ry__L32__lr0.01__bs32__seed7,results/runs/pendigits/pendigits__sta4__fixed-ry__L32__lr0.01__bs32__seed7_seed7,pendigits,sta4,fixed-ry,32,7,0.01,32,2000,True,plus,True,False,1.8043800375998331,0.448,1.820778208158173,0.4125214408233276,0.448,594.4666666666668,,1882.9743511676788,,7200,16,65536,457b0468ba5f023a4a9f38816dbca0899481d04d,False
complete,pendigits,pendigits__sta4__fixed-ry__L32__lr0.01__bs32__seed8,results/runs/pendigits/pendigits__sta4__fixed-ry__L32__lr0.01__bs32__seed8_seed8,pendigits,sta4,fixed-ry,32,8,0.01,32,2000,True,plus,True,False,1.615069113241562,0.5146666666666667,1.6325969660339725,0.49942824471126357,0.5306666666666666,737.1333333333334,,1848.8315272331238,,7200,16,65536,457b0468ba5f023a4a9f38816dbca0899481d04d,False
complete,pendigits,pendigits__sta4__fixed-ry__L32__lr0.01__bs32__seed9,results/runs/pendigits/pendigits__sta4__fixed-ry__L32__lr0.01__bs32__seed9_seed9,pendigits,sta4,fixed-ry,32,9,0.01,32,2000,True,plus,True,False,1.7501941324025014,0.4493333333333333,1.7840236991626952,0.43138936535162953,0.4493333333333333,600.2666666666667,,1836.777159690857,,7200,16,65536,457b0468ba5f023a4a9f38816dbca0899481d04d,False
complete,pendigits,pendigits__sta4__fixed-ry__L4__lr0.01__bs32__seed0,results/runs/pendigits/pendigits__sta4__fixed-ry__L4__lr0.01__bs32__seed0_seed0,pendigits,sta4,fixed-ry,4,0,0.01,32,2000,True,plus,True,False,1.382237384044076,0.5933333333333334,1.4402017865846226,0.5620354488279017,0.5933333333333334,953.6666666666666,,198.53148078918457,,900,16,65536,457b0468ba5f023a4a9f38816dbca0899481d04d,False
complete,pendigits,pendigits__sta4__fixed-ry__L4__lr0.01__bs32__seed10,results/runs/pendigits/pendigits__sta4__fixed-ry__L4__lr0.01__bs32__seed10_seed10,pendigits,sta4,fixed-ry,4,10,0.01,32,2000,True,plus,True,False,1.4335877381375821,0.564,1.479154643762194,0.5165809033733562,0.576,999.5333333333334,,196.12948989868164,,900,16,65536,457b0468ba5f023a4a9f38816dbca0899481d04d,False
complete,pendigits,pendigits__sta4__fixed-ry__L4__lr0.01__bs32__seed11,results/runs/pendigits/pendigits__sta4__fixed-ry__L4__lr0.01__bs32__seed11_seed11,pendigits,sta4,fixed-ry,4,11,0.01,32,2000,True,plus,True,False,1.4835709331907159,0.5146666666666667,1.506736113175198,0.4751286449399657,0.516,916.8000000000001,,198.63535833358765,,900,16,65536,457b0468ba5f023a4a9f38816dbca0899481d04d,False
complete,pendigits,pendigits__sta4__fixed-ry__L4__lr0.01__bs32__seed12,results/runs/pendigits/pendigits__sta4__fixed-ry__L4__lr0.01__bs32__seed12_seed12,pendigits,sta4,fixed-ry,4,12,0.01,32,2000,True,plus,True,False,1.4373698771884107,0.5773333333333334,1.4847842938976565,0.547455688965123,0.5946666666666667,979.1999999999998,,198.86933159828186,,900,16,65536,457b0468ba5f023a4a9f38816dbca0899481d04d,False
complete,pendigits,pendigits__sta4__fixed-ry__L4__lr0.01__bs32__seed13,results/runs/pendigits/pendigits__sta4__fixed-ry__L4__lr0.01__bs32__seed13_seed13,pendigits,sta4,fixed-ry,4,13,0.01,32,2000,True,plus,True,False,1.3645955596227695,0.5746666666666667,1.4268801373486804,0.5240137221269296,0.5973333333333334,1012.6666666666666,,196.38241910934448,,900,16,65536,457b0468ba5f023a4a9f38816dbca0899481d04d,False
complete,pendigits,pendigits__sta4__fixed-ry__L4__lr0.01__bs32__seed14,results/runs/pendigits/pendigits__sta4__fixed-ry__L4__lr0.01__bs32__seed14_seed14,pendigits,sta4,fixed-ry,4,14,0.01,32,2000,True,plus,True,False,1.3881699269247905,0.58,1.4346170819217003,0.568038879359634,0.6013333333333334,1012.1333333333334,,198.3494210243225,,900,16,65536,457b0468ba5f023a4a9f38816dbca0899481d04d,False
complete,pendigits,pendigits__sta4__fixed-ry__L4__lr0.01__bs32__seed15,results/runs/pendigits/pendigits__sta4__fixed-ry__L4__lr0.01__bs32__seed15_seed15,pendigits,sta4,fixed-ry,4,15,0.01,32,2000,True,plus,True,False,1.4174226620338983,0.5626666666666666,1.4653470369670647,0.5508862206975415,0.5866666666666667,1003.9333333333334,,197.37676906585693,,900,16,65536,457b0468ba5f023a4a9f38816dbca0899481d04d,False
complete,pendigits,pendigits__sta4__fixed-ry__L4__lr0.01__bs32__seed16,results/runs/pendigits/pendigits__sta4__fixed-ry__L4__lr0.01__bs32__seed16_seed16,pendigits,sta4,fixed-ry,4,16,0.01,32,2000,True,plus,True,False,1.3421457320176402,0.584,1.4205321132565958,0.5563178959405375,0.5853333333333334,1016.0,,198.362473487854,,900,16,65536,457b0468ba5f023a4a9f38816dbca0899481d04d,False
complete,pendigits,pendigits__sta4__fixed-ry__L4__lr0.01__bs32__seed17,results/runs/pendigits/pendigits__sta4__fixed-ry__L4__lr0.01__bs32__seed17_seed17,pendigits,sta4,fixed-ry,4,17,0.01,32,2000,True,plus,True,False,1.3672349834342339,0.5893333333333334,1.3991104952894269,0.5851915380217267,0.592,1022.0666666666666,,198.73097491264343,,900,16,65536,457b0468ba5f023a4a9f38816dbca0899481d04d,False
complete,pendigits,pendigits__sta4__fixed-ry__L4__lr0.01__bs32__seed18,results/runs/pendigits/pendigits__sta4__fixed-ry__L4__lr0.01__bs32__seed18_seed18,pendigits,sta4,fixed-ry,4,18,0.01,32,2000,True,plus,True,False,1.300052266083031,0.6186666666666667,1.3666442589574268,0.5740423098913665,0.6186666666666667,1040.1999999999998,,197.79635334014893,,900,16,65536,457b0468ba5f023a4a9f38816dbca0899481d04d,False
complete,pendigits,pendigits__sta4__fixed-ry__L4__lr0.01__bs32__seed19,results/runs/pendigits/pendigits__sta4__fixed-ry__L4__lr0.01__bs32__seed19_seed19,pendigits,sta4,fixed-ry,4,19,0.01,32,2000,True,plus,True,False,1.4227352941956697,0.5186666666666667,1.4786815011959562,0.4882790165809034,0.52,892.8666666666667,,201.5186710357666,,900,16,65536,457b0468ba5f023a4a9f38816dbca0899481d04d,False
complete,pendigits,pendigits__sta4__fixed-ry__L4__lr0.01__bs32__seed1,results/runs/pendigits/pendigits__sta4__fixed-ry__L4__lr0.01__bs32__seed1_seed1,pendigits,sta4,fixed-ry,4,1,0.01,32,2000,True,plus,True,False,1.4178705924639565,0.5773333333333334,1.4616576027539294,0.5531732418524872,0.5813333333333334,999.3333333333334,,199.21253776550293,,900,16,65536,457b0468ba5f023a4a9f38816dbca0899481d04d,False
complete,pendigits,pendigits__sta4__fixed-ry__L4__lr0.01__bs32__seed2,results/runs/pendigits/pendigits__sta4__fixed-ry__L4__lr0.01__bs32__seed2_seed2,pendigits,sta4,fixed-ry,4,2,0.01,32,2000,True,plus,True,False,1.4263580149139012,0.5586666666666666,1.4925477496303328,0.5405946255002859,0.5613333333333334,981.8666666666666,,199.85478258132935,,900,16,65536,457b0468ba5f023a4a9f38816dbca0899481d04d,False
complete,pendigits,pendigits__sta4__fixed-ry__L4__lr0.01__bs32__seed3,results/runs/pendigits/pendigits__sta4__fixed-ry__L4__lr0.01__bs32__seed3_seed3,pendigits,sta4,fixed-ry,4,3,0.01,32,2000,True,plus,True,False,1.3234520609700098,0.6226666666666667,1.3778470882060547,0.6080617495711835,0.6226666666666667,1060.2,,196.8522388935089,,900,16,65536,457b0468ba5f023a4a9f38816dbca0899481d04d,False
complete,pendigits,pendigits__sta4__fixed-ry__L4__lr0.01__bs32__seed4,results/runs/pendigits/pendigits__sta4__fixed-ry__L4__lr0.01__bs32__seed4_seed4,pendigits,sta4,fixed-ry,4,4,0.01,32,2000,True,plus,True,False,1.4011896177538905,0.5426666666666666,1.4741662284699524,0.5234419668381932,0.5493333333333333,960.7333333333332,,197.84040570259094,,900,16,65536,457b0468ba5f023a4a9f38816dbca0899481d04d,False
complete,pendigits,pendigits__sta4__fixed-ry__L4__lr0.01__bs32__seed5,results/runs/pendigits/pendigits__sta4__fixed-ry__L4__lr0.01__bs32__seed5_seed5,pendigits,sta4,fixed-ry,4,5,0.01,32,2000,True,plus,True,False,1.3811780782471885,0.5733333333333334,1.4156987208532703,0.5574614065180102,0.6053333333333333,1007.6666666666666,,196.31883716583252,,900,16,65536,457b0468ba5f023a4a9f38816dbca0899481d04d,False
complete,pendigits,pendigits__sta4__fixed-ry__L4__lr0.01__bs32__seed6,results/runs/pendigits/pendigits__sta4__fixed-ry__L4__lr0.01__bs32__seed6_seed6,pendigits,sta4,fixed-ry,4,6,0.01,32,2000,True,plus,True,False,1.338594018076755,0.5746666666666667,1.3794181252277846,0.5691823899371069,0.6093333333333333,998.3333333333334,,200.3945870399475,,900,16,65536,457b0468ba5f023a4a9f38816dbca0899481d04d,False
complete,pendigits,pendigits__sta4__fixed-ry__L4__lr0.01__bs32__seed7,results/runs/pendigits/pendigits__sta4__fixed-ry__L4__lr0.01__bs32__seed7_seed7,pendigits,sta4,fixed-ry,4,7,0.01,32,2000,True,plus,True,False,1.451497770275178,0.536,1.491459443920527,0.5111492281303602,0.548,956.6,,197.91465592384338,,900,16,65536,457b0468ba5f023a4a9f38816dbca0899481d04d,False
complete,pendigits,pendigits__sta4__fixed-ry__L4__lr0.01__bs32__seed8,results/runs/pendigits/pendigits__sta4__fixed-ry__L4__lr0.01__bs32__seed8_seed8,pendigits,sta4,fixed-ry,4,8,0.01,32,2000,True,plus,True,False,1.378248804437923,0.572,1.4504147689753795,0.5571755288736421,0.5853333333333334,1019.7333333333332,,197.39678502082825,,900,16,65536,457b0468ba5f023a4a9f38816dbca0899481d04d,False
complete,pendigits,pendigits__sta4__fixed-ry__L4__lr0.01__bs32__seed9,results/runs/pendigits/pendigits__sta4__fixed-ry__L4__lr0.01__bs32__seed9_seed9,pendigits,sta4,fixed-ry,4,9,0.01,32,2000,True,plus,True,False,1.43591057063626,0.5586666666666666,1.5001909395338415,0.5197255574614065,0.5906666666666667,1003.0000000000002,,198.631281375885,,900,16,65536,457b0468ba5f023a4a9f38816dbca0899481d04d,False
complete,pendigits,pendigits__sta4__fixed-ry__L8__lr0.01__bs32__seed0,results/runs/pendigits/pendigits__sta4__fixed-ry__L8__lr0.01__bs32__seed0_seed0,pendigits,sta4,fixed-ry,8,0,0.01,32,2000,True,plus,True,False,1.2872251887248378,0.592,1.3216062555310664,0.5877644368210406,0.616,1000.6666666666666,,407.6376745700836,,1800,16,65536,5d760ef42d71a06acce4efdc9ed931be057f16a6,False
complete,pendigits,pendigits__sta4__fixed-ry__L8__lr0.01__bs32__seed10,results/runs/pendigits/pendigits__sta4__fixed-ry__L8__lr0.01__bs32__seed10_seed10,pendigits,sta4,fixed-ry,8,10,0.01,32,2000,True,plus,True,False,1.2073812197787817,0.6706666666666666,1.2761106947449732,0.6209262435677531,0.6706666666666666,1014.4000000000003,,405.7985324859619,,1800,16,65536,5d760ef42d71a06acce4efdc9ed931be057f16a6,False
complete,pendigits,pendigits__sta4__fixed-ry__L8__lr0.01__bs32__seed11,results/runs/pendigits/pendigits__sta4__fixed-ry__L8__lr0.01__bs32__seed11_seed11,pendigits,sta4,fixed-ry,8,11,0.01,32,2000,True,plus,True,False,1.3451116924217603,0.604,1.3824806059149986,0.5600343053173242,0.604,948.6,,407.83214044570923,,1800,16,65536,5d760ef42d71a06acce4efdc9ed931be057f16a6,False
complete,pendigits,pendigits__sta4__fixed-ry__L8__lr0.01__bs32__seed12,results/runs/pendigits/pendigits__sta4__fixed-ry__L8__lr0.01__bs32__seed12_seed12,pendigits,sta4,fixed-ry,8,12,0.01,32,2000,True,plus,True,False,1.228719185835619,0.6613333333333333,1.2812312869665878,0.6295025728987993,0.6613333333333333,1056.6666666666667,,406.8998236656189,,1800,16,65536,5d760ef42d71a06acce4efdc9ed931be057f16a6,False
complete,pendigits,pendigits__sta4__fixed-ry__L8__lr0.01__bs32__seed13,results/runs/pendigits/pendigits__sta4__fixed-ry__L8__lr0.01__bs32__seed13_seed13,pendigits,sta4,fixed-ry,8,13,0.01,32,2000,True,plus,True,False,1.154465682536542,0.6733333333333333,1.1889014738645092,0.648084619782733,0.676,1126.1999999999998,,511.9822497367859,,1800,16,65536,5d760ef42d71a06acce4efdc9ed931be057f16a6,False
complete,pendigits,pendigits__sta4__fixed-ry__L8__lr0.01__bs32__seed14,results/runs/pendigits/pendigits__sta4__fixed-ry__L8__lr0.01__bs32__seed14_seed14,pendigits,sta4,fixed-ry,8,14,0.01,32,2000,True,plus,True,False,1.1434660418577822,0.624,1.182181916820615,0.6180674671240709,0.676,1112.3333333333333,,547.2400660514832,,1800,16,65536,5d760ef42d71a06acce4efdc9ed931be057f16a6,False
complete,pendigits,pendigits__sta4__fixed-ry__L8__lr0.01__bs32__seed15,results/runs/pendigits/pendigits__sta4__fixed-ry__L8__lr0.01__bs32__seed15_seed15,pendigits,sta4,fixed-ry,8,15,0.01,32,2000,True,plus,True,False,1.2305264583782223,0.6413333333333333,1.252860250508947,0.6160663236134934,0.6413333333333333,1025.6666666666665,,500.78290343284607,,1800,16,65536,5d760ef42d71a06acce4efdc9ed931be057f16a6,False
complete,pendigits,pendigits__sta4__fixed-ry__L8__lr0.01__bs32__seed16,results/runs/pendigits/pendigits__sta4__fixed-ry__L8__lr0.01__bs32__seed16_seed16,pendigits,sta4,fixed-ry,8,16,0.01,32,2000,True,plus,True,False,1.2234313199380242,0.616,1.3310097005319357,0.5574614065180102,0.616,985.3333333333335,,554.3779053688049,,1800,16,65536,5d760ef42d71a06acce4efdc9ed931be057f16a6,False
complete,pendigits,pendigits__sta4__fixed-ry__L8__lr0.01__bs32__seed17,results/runs/pendigits/pendigits__sta4__fixed-ry__L8__lr0.01__bs32__seed17_seed17,pendigits,sta4,fixed-ry,8,17,0.01,32,2000,True,plus,True,False,1.116912805428332,0.6906666666666667,1.1746748411104984,0.6598056032018296,0.7133333333333334,1126.5333333333333,,699.6527833938599,,1800,16,65536,5d760ef42d71a06acce4efdc9ed931be057f16a6,False
complete,pendigits,pendigits__sta4__fixed-ry__L8__lr0.01__bs32__seed18,results/runs/pendigits/pendigits__sta4__fixed-ry__L8__lr0.01__bs32__seed18_seed18,pendigits,sta4,fixed-ry,8,18,0.01,32,2000,True,plus,True,False,1.2994630431196768,0.604,1.3819850682347874,0.5483133218982276,0.604,988.2,,404.5058546066284,,1800,16,65536,457b0468ba5f023a4a9f38816dbca0899481d04d,False
complete,pendigits,pendigits__sta4__fixed-ry__L8__lr0.01__bs32__seed19,results/runs/pendigits/pendigits__sta4__fixed-ry__L8__lr0.01__bs32__seed19_seed19,pendigits,sta4,fixed-ry,8,19,0.01,32,2000,True,plus,True,False,1.314545347704107,0.588,1.3534739861209402,0.5674671240708976,0.6053333333333333,995.5333333333333,,409.77337646484375,,1800,16,65536,457b0468ba5f023a4a9f38816dbca0899481d04d,False
complete,pendigits,pendigits__sta4__fixed-ry__L8__lr0.01__bs32__seed1,results/runs/pendigits/pendigits__sta4__fixed-ry__L8__lr0.01__bs32__seed1_seed1,pendigits,sta4,fixed-ry,8,1,0.01,32,2000,True,plus,True,False,1.3564313428847183,0.564,1.440568627483299,0.5182961692395655,0.6013333333333334,1011.8,,409.5311629772186,,1800,16,65536,5d760ef42d71a06acce4efdc9ed931be057f16a6,False
complete,pendigits,pendigits__sta4__fixed-ry__L8__lr0.01__bs32__seed2,results/runs/pendigits/pendigits__sta4__fixed-ry__L8__lr0.01__bs32__seed2_seed2,pendigits,sta4,fixed-ry,8,2,0.01,32,2000,True,plus,True,False,1.2611226500378767,0.6253333333333333,1.286628934818276,0.6352201257861635,0.6533333333333333,1063.9333333333334,,405.9149560928345,,1800,16,65536,457b0468ba5f023a4a9f38816dbca0899481d04d,False
complete,pendigits,pendigits__sta4__fixed-ry__L8__lr0.01__bs32__seed3,results/runs/pendigits/pendigits__sta4__fixed-ry__L8__lr0.01__bs32__seed3_seed3,pendigits,sta4,fixed-ry,8,3,0.01,32,2000,True,plus,True,False,1.1703888672995386,0.7013333333333334,1.2317139085500923,0.6809605488850772,0.7013333333333334,1062.6,,407.0181305408478,,1800,16,65536,457b0468ba5f023a4a9f38816dbca0899481d04d,False
complete,pendigits,pendigits__sta4__fixed-ry__L8__lr0.01__bs32__seed4,results/runs/pendigits/pendigits__sta4__fixed-ry__L8__lr0.01__bs32__seed4_seed4,pendigits,sta4,fixed-ry,8,4,0.01,32,2000,True,plus,True,False,1.2474599372008457,0.636,1.3258073143644973,0.5883361921097771,0.636,1071.6000000000001,,404.47183418273926,,1800,16,65536,457b0468ba5f023a4a9f38816dbca0899481d04d,False
complete,pendigits,pendigits__sta4__fixed-ry__L8__lr0.01__bs32__seed5,results/runs/pendigits/pendigits__sta4__fixed-ry__L8__lr0.01__bs32__seed5_seed5,pendigits,sta4,fixed-ry,8,5,0.01,32,2000,True,plus,True,False,1.1204901102968887,0.6693333333333333,1.1751630949674823,0.6518010291595198,0.6693333333333333,1045.9333333333334,,406.9724705219269,,1800,16,65536,457b0468ba5f023a4a9f38816dbca0899481d04d,False
complete,pendigits,pendigits__sta4__fixed-ry__L8__lr0.01__bs32__seed6,results/runs/pendigits/pendigits__sta4__fixed-ry__L8__lr0.01__bs32__seed6_seed6,pendigits,sta4,fixed-ry,8,6,0.01,32,2000,True,plus,True,False,1.236860360145037,0.6413333333333333,1.282544930403724,0.62778730703259,0.6546666666666666,1033.4666666666667,,407.1719288825989,,1800,16,65536,457b0468ba5f023a4a9f38816dbca0899481d04d,False
complete,pendigits,pendigits__sta4__fixed-ry__L8__lr0.01__bs32__seed7,results/runs/pendigits/pendigits__sta4__fixed-ry__L8__lr0.01__bs32__seed7_seed7,pendigits,sta4,fixed-ry,8,7,0.01,32,2000,True,plus,True,False,1.1958500175438211,0.6346666666666667,1.2628218242573237,0.6017724413950829,0.644,1055.9333333333334,,405.0395121574402,,1800,16,65536,457b0468ba5f023a4a9f38816dbca0899481d04d,False
complete,pendigits,pendigits__sta4__fixed-ry__L8__lr0.01__bs32__seed8,results/runs/pendigits/pendigits__sta4__fixed-ry__L8__lr0.01__bs32__seed8_seed8,pendigits,sta4,fixed-ry,8,8,0.01,32,2000,True,plus,True,False,1.147462200398713,0.668,1.1896065138455767,0.6529445397369925,0.684,1085.9333333333334,,405.07559967041016,,1800,16,65536,457b0468ba5f023a4a9f38816dbca0899481d04d,False
complete,pendigits,pendigits__sta4__fixed-ry__L8__lr0.01__bs32__seed9,results/runs/pendigits/pendigits__sta4__fixed-ry__L8__lr0.01__bs32__seed9_seed9,pendigits,sta4,fixed-ry,8,9,0.01,32,2000,True,plus,True,False,1.1765828996541672,0.6746666666666666,1.223291091883945,0.6500857632933105,0.6826666666666666,1117.0666666666666,,404.7468955516815,,1800,16,65536,457b0468ba5f023a4a9f38816dbca0899481d04d,False
complete,pendigits,pendigits__sta4__non-overlap-patch-block-hamiltonian__L16__lr0.01__bs32__seed0,results/runs/pendigits/pendigits__sta4__non-overlap-patch-block-hamiltonian__L16__lr0.01__bs32__seed0_seed0,pendigits,sta4,non-overlap-patch-block-hamiltonian,16,0,0.01,32,2000,True,plus,True,False,0.6343164323098708,0.888,0.6928225419430675,0.8544882790165809,0.916,1673.7333333333333,,227.26390671730042,,1744,8,256,457b0468ba5f023a4a9f38816dbca0899481d04d,False
complete,pendigits,pendigits__sta4__non-overlap-patch-block-hamiltonian__L16__lr0.01__bs32__seed10,results/runs/pendigits/pendigits__sta4__non-overlap-patch-block-hamiltonian__L16__lr0.01__bs32__seed10_seed10,pendigits,sta4,non-overlap-patch-block-hamiltonian,16,10,0.01,32,2000,True,plus,True,False,0.6532141773902096,0.86,0.7174133789516575,0.8330474556889651,0.9026666666666666,1640.6000000000001,,229.37354016304016,,1744,8,256,457b0468ba5f023a4a9f38816dbca0899481d04d,False
complete,pendigits,pendigits__sta4__non-overlap-patch-block-hamiltonian__L16__lr0.01__bs32__seed11,results/runs/pendigits/pendigits__sta4__non-overlap-patch-block-hamiltonian__L16__lr0.01__bs32__seed11_seed11,pendigits,sta4,non-overlap-patch-block-hamiltonian,16,11,0.01,32,2000,True,plus,True,False,0.6052668937862077,0.9013333333333333,0.6561082690077067,0.8753573470554603,0.9053333333333333,1653.933333333333,,224.4358115196228,,1744,8,256,457b0468ba5f023a4a9f38816dbca0899481d04d,False
complete,pendigits,pendigits__sta4__non-overlap-patch-block-hamiltonian__L16__lr0.01__bs32__seed12,results/runs/pendigits/pendigits__sta4__non-overlap-patch-block-hamiltonian__L16__lr0.01__bs32__seed12_seed12,pendigits,sta4,non-overlap-patch-block-hamiltonian,16,12,0.01,32,2000,True,plus,True,False,0.6051034249765775,0.8906666666666667,0.7102889060560471,0.8456260720411664,0.9066666666666666,1670.2000000000003,,222.18710470199585,,1744,8,256,5d760ef42d71a06acce4efdc9ed931be057f16a6,False
complete,pendigits,pendigits__sta4__non-overlap-patch-block-hamiltonian__L16__lr0.01__bs32__seed13,results/runs/pendigits/pendigits__sta4__non-overlap-patch-block-hamiltonian__L16__lr0.01__bs32__seed13_seed13,pendigits,sta4,non-overlap-patch-block-hamiltonian,16,13,0.01,32,2000,True,plus,True,False,0.5841139137254256,0.896,0.6244750153893129,0.8679245283018868,0.8986666666666666,1635.5333333333333,,224.38809061050415,,1744,8,256,5d760ef42d71a06acce4efdc9ed931be057f16a6,False
complete,pendigits,pendigits__sta4__non-overlap-patch-block-hamiltonian__L16__lr0.01__bs32__seed14,results/runs/pendigits/pendigits__sta4__non-overlap-patch-block-hamiltonian__L16__lr0.01__bs32__seed14_seed14,pendigits,sta4,non-overlap-patch-block-hamiltonian,16,14,0.01,32,2000,True,plus,True,False,0.5901283821683262,0.9,0.6572149712205506,0.8619210977701544,0.9,1655.0000000000002,,225.42656326293945,,1744,8,256,5d760ef42d71a06acce4efdc9ed931be057f16a6,False
complete,pendigits,pendigits__sta4__non-overlap-patch-block-hamiltonian__L16__lr0.01__bs32__seed15,results/runs/pendigits/pendigits__sta4__non-overlap-patch-block-hamiltonian__L16__lr0.01__bs32__seed15_seed15,pendigits,sta4,non-overlap-patch-block-hamiltonian,16,15,0.01,32,2000,True,plus,True,False,0.6439403858073988,0.888,0.720473765361094,0.8387650085763293,0.9066666666666666,1652.2666666666664,,225.1409559249878,,1744,8,256,5d760ef42d71a06acce4efdc9ed931be057f16a6,False
complete,pendigits,pendigits__sta4__non-overlap-patch-block-hamiltonian__L16__lr0.01__bs32__seed16,results/runs/pendigits/pendigits__sta4__non-overlap-patch-block-hamiltonian__L16__lr0.01__bs32__seed16_seed16,pendigits,sta4,non-overlap-patch-block-hamiltonian,16,16,0.01,32,2000,True,plus,True,False,0.6813695628092261,0.8626666666666667,0.74791973434423,0.8267581475128645,0.9146666666666666,1636.9333333333334,,224.92285680770874,,1744,8,256,5d760ef42d71a06acce4efdc9ed931be057f16a6,False
complete,pendigits,pendigits__sta4__non-overlap-patch-block-hamiltonian__L16__lr0.01__bs32__seed17,results/runs/pendigits/pendigits__sta4__non-overlap-patch-block-hamiltonian__L16__lr0.01__bs32__seed17_seed17,pendigits,sta4,non-overlap-patch-block-hamiltonian,16,17,0.01,32,2000,True,plus,True,False,0.6075022343493544,0.9066666666666666,0.684456781390851,0.8522012578616353,0.9066666666666666,1635.8000000000002,,225.53457880020142,,1744,8,256,5d760ef42d71a06acce4efdc9ed931be057f16a6,False
complete,pendigits,pendigits__sta4__non-overlap-patch-block-hamiltonian__L16__lr0.01__bs32__seed18,results/runs/pendigits/pendigits__sta4__non-overlap-patch-block-hamiltonian__L16__lr0.01__bs32__seed18_seed18,pendigits,sta4,non-overlap-patch-block-hamiltonian,16,18,0.01,32,2000,True,plus,True,False,0.5898974498762782,0.9053333333333333,0.6696618757399351,0.8476272155517438,0.9053333333333333,1660.7333333333331,,222.37488961219788,,1744,8,256,5d760ef42d71a06acce4efdc9ed931be057f16a6,False
complete,pendigits,pendigits__sta4__non-overlap-patch-block-hamiltonian__L16__lr0.01__bs32__seed19,results/runs/pendigits/pendigits__sta4__non-overlap-patch-block-hamiltonian__L16__lr0.01__bs32__seed19_seed19,pendigits,sta4,non-overlap-patch-block-hamiltonian,16,19,0.01,32,2000,True,plus,True,False,0.5944114378784189,0.8946666666666667,0.6563898403815023,0.8576329331046312,0.9053333333333333,1647.5333333333333,,224.38938689231873,,1744,8,256,5d760ef42d71a06acce4efdc9ed931be057f16a6,False
complete,pendigits,pendigits__sta4__non-overlap-patch-block-hamiltonian__L16__lr0.01__bs32__seed1,results/runs/pendigits/pendigits__sta4__non-overlap-patch-block-hamiltonian__L16__lr0.01__bs32__seed1_seed1,pendigits,sta4,non-overlap-patch-block-hamiltonian,16,1,0.01,32,2000,True,plus,True,False,0.594846068732215,0.9026666666666666,0.6837674327777452,0.8507718696397941,0.9026666666666666,1649.066666666667,,223.74019575119019,,1744,8,256,457b0468ba5f023a4a9f38816dbca0899481d04d,False
complete,pendigits,pendigits__sta4__non-overlap-patch-block-hamiltonian__L16__lr0.01__bs32__seed2,results/runs/pendigits/pendigits__sta4__non-overlap-patch-block-hamiltonian__L16__lr0.01__bs32__seed2_seed2,pendigits,sta4,non-overlap-patch-block-hamiltonian,16,2,0.01,32,2000,True,plus,True,False,0.5917855194862278,0.9053333333333333,0.6551306045955094,0.8624928530588908,0.9186666666666666,1684.0666666666666,,225.70754551887512,,1744,8,256,5d760ef42d71a06acce4efdc9ed931be057f16a6,False
complete,pendigits,pendigits__sta4__non-overlap-patch-block-hamiltonian__L16__lr0.01__bs32__seed3,results/runs/pendigits/pendigits__sta4__non-overlap-patch-block-hamiltonian__L16__lr0.01__bs32__seed3_seed3,pendigits,sta4,non-overlap-patch-block-hamiltonian,16,3,0.01,32,2000,True,plus,True,False,0.6324401639394641,0.8853333333333333,0.6801867584714527,0.8619210977701544,0.8853333333333333,1647.2666666666664,,224.38468742370605,,1744,8,256,5d760ef42d71a06acce4efdc9ed931be057f16a6,False
complete,pendigits,pendigits__sta4__non-overlap-patch-block-hamiltonian__L16__lr0.01__bs32__seed4,results/runs/pendigits/pendigits__sta4__non-overlap-patch-block-hamiltonian__L16__lr0.01__bs32__seed4_seed4,pendigits,sta4,non-overlap-patch-block-hamiltonian,16,4,0.01,32,2000,True,plus,True,False,0.6833602607323876,0.8733333333333333,0.7818384976722326,0.8156089193825042,0.8893333333333333,1642.4000000000003,,237.16762566566467,,1744,8,256,5d760ef42d71a06acce4efdc9ed931be057f16a6,False
complete,pendigits,pendigits__sta4__non-overlap-patch-block-hamiltonian__L16__lr0.01__bs32__seed5,results/runs/pendigits/pendigits__sta4__non-overlap-patch-block-hamiltonian__L16__lr0.01__bs32__seed5_seed5,pendigits,sta4,non-overlap-patch-block-hamiltonian,16,5,0.01,32,2000,True,plus,True,False,0.5822286040905122,0.8933333333333333,0.6689588884746248,0.8447684391080618,0.8986666666666666,1657.0,,229.67013907432556,,1744,8,256,5d760ef42d71a06acce4efdc9ed931be057f16a6,False
complete,pendigits,pendigits__sta4__non-overlap-patch-block-hamiltonian__L16__lr0.01__bs32__seed6,results/runs/pendigits/pendigits__sta4__non-overlap-patch-block-hamiltonian__L16__lr0.01__bs32__seed6_seed6,pendigits,sta4,non-overlap-patch-block-hamiltonian,16,6,0.01,32,2000,True,plus,True,False,0.588619103167783,0.9066666666666666,0.6559379209728587,0.8650657518582047,0.9066666666666666,1673.0666666666664,,241.82183265686035,,1744,8,256,5d760ef42d71a06acce4efdc9ed931be057f16a6,False
complete,pendigits,pendigits__sta4__non-overlap-patch-block-hamiltonian__L16__lr0.01__bs32__seed7,results/runs/pendigits/pendigits__sta4__non-overlap-patch-block-hamiltonian__L16__lr0.01__bs32__seed7_seed7,pendigits,sta4,non-overlap-patch-block-hamiltonian,16,7,0.01,32,2000,True,plus,True,False,0.6241008033680411,0.9093333333333333,0.6869208007853288,0.8710691823899371,0.9133333333333333,1674.0666666666668,,303.6432635784149,,1744,8,256,5d760ef42d71a06acce4efdc9ed931be057f16a6,False
complete,pendigits,pendigits__sta4__non-overlap-patch-block-hamiltonian__L16__lr0.01__bs32__seed8,results/runs/pendigits/pendigits__sta4__non-overlap-patch-block-hamiltonian__L16__lr0.01__bs32__seed8_seed8,pendigits,sta4,non-overlap-patch-block-hamiltonian,16,8,0.01,32,2000,True,plus,True,False,0.5583288735922726,0.9146666666666666,0.6371098695726207,0.8642081189251001,0.9146666666666666,1662.2000000000003,,307.65884232521057,,1744,8,256,5d760ef42d71a06acce4efdc9ed931be057f16a6,False
complete,pendigits,pendigits__sta4__non-overlap-patch-block-hamiltonian__L16__lr0.01__bs32__seed9,results/runs/pendigits/pendigits__sta4__non-overlap-patch-block-hamiltonian__L16__lr0.01__bs32__seed9_seed9,pendigits,sta4,non-overlap-patch-block-hamiltonian,16,9,0.01,32,2000,True,plus,True,False,0.59985179620541,0.904,0.6750317745330086,0.8644939965694682,0.9066666666666666,1647.4666666666662,,228.79455089569092,,1744,8,256,457b0468ba5f023a4a9f38816dbca0899481d04d,False
complete,pendigits,pendigits__sta4__non-overlap-patch-block-hamiltonian__L1__lr0.01__bs32__seed0,results/runs/pendigits/pendigits__sta4__non-overlap-patch-block-hamiltonian__L1__lr0.01__bs32__seed0_seed0,pendigits,sta4,non-overlap-patch-block-hamiltonian,1,0,0.01,32,2000,True,plus,True,False,1.7306465162501345,0.4013333333333333,1.7669369757995221,0.39937106918238996,0.416,742.8666666666667,,23.87635612487793,,109,8,256,457b0468ba5f023a4a9f38816dbca0899481d04d,False
complete,pendigits,pendigits__sta4__non-overlap-patch-block-hamiltonian__L1__lr0.01__bs32__seed10,results/runs/pendigits/pendigits__sta4__non-overlap-patch-block-hamiltonian__L1__lr0.01__bs32__seed10_seed10,pendigits,sta4,non-overlap-patch-block-hamiltonian,1,10,0.01,32,2000,True,plus,True,False,1.7811348457601799,0.3893333333333333,1.7709298746085758,0.3867924528301887,0.45066666666666666,781.6666666666667,,21.18602156639099,,109,8,256,457b0468ba5f023a4a9f38816dbca0899481d04d,False
complete,pendigits,pendigits__sta4__non-overlap-patch-block-hamiltonian__L1__lr0.01__bs32__seed11,results/runs/pendigits/pendigits__sta4__non-overlap-patch-block-hamiltonian__L1__lr0.01__bs32__seed11_seed11,pendigits,sta4,non-overlap-patch-block-hamiltonian,1,11,0.01,32,2000,True,plus,True,False,1.78257186207417,0.36533333333333334,1.7783499796122102,0.373642081189251,0.43466666666666665,771.3333333333331,,21.260180234909058,,109,8,256,457b0468ba5f023a4a9f38816dbca0899481d04d,False
complete,pendigits,pendigits__sta4__non-overlap-patch-block-hamiltonian__L1__lr0.01__bs32__seed12,results/runs/pendigits/pendigits__sta4__non-overlap-patch-block-hamiltonian__L1__lr0.01__bs32__seed12_seed12,pendigits,sta4,non-overlap-patch-block-hamiltonian,1,12,0.01,32,2000,True,plus,True,False,1.7718482414444243,0.4013333333333333,1.769597897127345,0.40623213264722696,0.424,761.4666666666669,,22.384432554244995,,109,8,256,457b0468ba5f023a4a9f38816dbca0899481d04d,False
complete,pendigits,pendigits__sta4__non-overlap-patch-block-hamiltonian__L1__lr0.01__bs32__seed13,results/runs/pendigits/pendigits__sta4__non-overlap-patch-block-hamiltonian__L1__lr0.01__bs32__seed13_seed13,pendigits,sta4,non-overlap-patch-block-hamiltonian,1,13,0.01,32,2000,True,plus,True,False,1.7192131777056092,0.47733333333333333,1.7550401177847494,0.42424242424242425,0.47733333333333333,830.6,,21.42815589904785,,109,8,256,457b0468ba5f023a4a9f38816dbca0899481d04d,False
complete,pendigits,pendigits__sta4__non-overlap-patch-block-hamiltonian__L1__lr0.01__bs32__seed14,results/runs/pendigits/pendigits__sta4__non-overlap-patch-block-hamiltonian__L1__lr0.01__bs32__seed14_seed14,pendigits,sta4,non-overlap-patch-block-hamiltonian,1,14,0.01,32,2000,True,plus,True,False,1.7579386790107416,0.3973333333333333,1.772679066769219,0.38850771869639794,0.43866666666666665,769.5333333333334,,22.227879524230957,,109,8,256,457b0468ba5f023a4a9f38816dbca0899481d04d,False
complete,pendigits,pendigits__sta4__non-overlap-patch-block-hamiltonian__L1__lr0.01__bs32__seed15,results/runs/pendigits/pendigits__sta4__non-overlap-patch-block-hamiltonian__L1__lr0.01__bs32__seed15_seed15,pendigits,sta4,non-overlap-patch-block-hamiltonian,1,15,0.01,32,2000,True,plus,True,False,1.7601091138037466,0.408,1.7620416290606835,0.389937106918239,0.44533333333333336,784.0,,21.3737154006958,,109,8,256,457b0468ba5f023a4a9f38816dbca0899481d04d,False
complete,pendigits,pendigits__sta4__non-overlap-patch-block-hamiltonian__L1__lr0.01__bs32__seed16,results/runs/pendigits/pendigits__sta4__non-overlap-patch-block-hamiltonian__L1__lr0.01__bs32__seed16_seed16,pendigits,sta4,non-overlap-patch-block-hamiltonian,1,16,0.01,32,2000,True,plus,True,False,1.7755672465496215,0.364,1.7858703590567613,0.35048599199542596,0.42933333333333334,758.3333333333333,,21.267175674438477,,109,8,256,457b0468ba5f023a4a9f38816dbca0899481d04d,False
complete,pendigits,pendigits__sta4__non-overlap-patch-block-hamiltonian__L1__lr0.01__bs32__seed17,results/runs/pendigits/pendigits__sta4__non-overlap-patch-block-hamiltonian__L1__lr0.01__bs32__seed17_seed17,pendigits,sta4,non-overlap-patch-block-hamiltonian,1,17,0.01,32,2000,True,plus,True,False,1.7520773751575816,0.4186666666666667,1.7485646551812126,0.41223556317895943,0.43466666666666665,767.4000000000001,,23.537350177764893,,109,8,256,457b0468ba5f023a4a9f38816dbca0899481d04d,False
complete,pendigits,pendigits__sta4__non-overlap-patch-block-hamiltonian__L1__lr0.01__bs32__seed18,results/runs/pendigits/pendigits__sta4__non-overlap-patch-block-hamiltonian__L1__lr0.01__bs32__seed18_seed18,pendigits,sta4,non-overlap-patch-block-hamiltonian,1,18,0.01,32,2000,True,plus,True,False,1.7355085494078424,0.4093333333333333,1.7627993110062439,0.3985134362492853,0.43333333333333335,767.9333333333332,,22.20573878288269,,109,8,256,457b0468ba5f023a4a9f38816dbca0899481d04d,False
complete,pendigits,pendigits__sta4__non-overlap-patch-block-hamiltonian__L1__lr0.01__bs32__seed19,results/runs/pendigits/pendigits__sta4__non-overlap-patch-block-hamiltonian__L1__lr0.01__bs32__seed19_seed19,pendigits,sta4,non-overlap-patch-block-hamiltonian,1,19,0.01,32,2000,True,plus,True,False,1.7360578680341097,0.4093333333333333,1.7676240779942642,0.41938250428816465,0.4093333333333333,734.7333333333335,,21.032750368118286,,109,8,256,457b0468ba5f023a4a9f38816dbca0899481d04d,False
complete,pendigits,pendigits__sta4__non-overlap-patch-block-hamiltonian__L1__lr0.01__bs32__seed1,results/runs/pendigits/pendigits__sta4__non-overlap-patch-block-hamiltonian__L1__lr0.01__bs32__seed1_seed1,pendigits,sta4,non-overlap-patch-block-hamiltonian,1,1,0.01,32,2000,True,plus,True,False,1.746053877608951,0.39866666666666667,1.789304522849241,0.3553459119496855,0.424,763.3333333333335,,23.190913200378418,,109,8,256,457b0468ba5f023a4a9f38816dbca0899481d04d,False
complete,pendigits,pendigits__sta4__non-overlap-patch-block-hamiltonian__L1__lr0.01__bs32__seed2,results/runs/pendigits/pendigits__sta4__non-overlap-patch-block-hamiltonian__L1__lr0.01__bs32__seed2_seed2,pendigits,sta4,non-overlap-patch-block-hamiltonian,1,2,0.01,32,2000,True,plus,True,False,1.7697375897460137,0.396,1.7923810648923917,0.3564894225271584,0.43466666666666665,757.6666666666665,,21.648131608963013,,109,8,256,457b0468ba5f023a4a9f38816dbca0899481d04d,False
complete,pendigits,pendigits__sta4__non-overlap-patch-block-hamiltonian__L1__lr0.01__bs32__seed3,results/runs/pendigits/pendigits__sta4__non-overlap-patch-block-hamiltonian__L1__lr0.01__bs32__seed3_seed3,pendigits,sta4,non-overlap-patch-block-hamiltonian,1,3,0.01,32,2000,True,plus,True,False,1.7725614763710422,0.42,1.7839434809295018,0.3922241280731847,0.43066666666666664,762.8666666666666,,22.359960556030273,,109,8,256,457b0468ba5f023a4a9f38816dbca0899481d04d,False
complete,pendigits,pendigits__sta4__non-overlap-patch-block-hamiltonian__L1__lr0.01__bs32__seed4,results/runs/pendigits/pendigits__sta4__non-overlap-patch-block-hamiltonian__L1__lr0.01__bs32__seed4_seed4,pendigits,sta4,non-overlap-patch-block-hamiltonian,1,4,0.01,32,2000,True,plus,True,False,1.758821250730772,0.4226666666666667,1.7610411712944463,0.4088050314465409,0.45066666666666666,775.5333333333334,,21.351141214370728,,109,8,256,457b0468ba5f023a4a9f38816dbca0899481d04d,False
complete,pendigits,pendigits__sta4__non-overlap-patch-block-hamiltonian__L1__lr0.01__bs32__seed5,results/runs/pendigits/pendigits__sta4__non-overlap-patch-block-hamiltonian__L1__lr0.01__bs32__seed5_seed5,pendigits,sta4,non-overlap-patch-block-hamiltonian,1,5,0.01,32,2000,True,plus,True,False,1.7596162171022667,0.4013333333333333,1.785799471216685,0.3653516295025729,0.4573333333333333,760.1999999999999,,21.030471801757812,,109,8,256,457b0468ba5f023a4a9f38816dbca0899481d04d,False
complete,pendigits,pendigits__sta4__non-overlap-patch-block-hamiltonian__L1__lr0.01__bs32__seed6,results/runs/pendigits/pendigits__sta4__non-overlap-patch-block-hamiltonian__L1__lr0.01__bs32__seed6_seed6,pendigits,sta4,non-overlap-patch-block-hamiltonian,1,6,0.01,32,2000,True,plus,True,False,1.7383860886707347,0.43066666666666664,1.75114163878811,0.4068038879359634,0.464,795.0666666666667,,21.461982250213623,,109,8,256,457b0468ba5f023a4a9f38816dbca0899481d04d,False
complete,pendigits,pendigits__sta4__non-overlap-patch-block-hamiltonian__L1__lr0.01__bs32__seed7,results/runs/pendigits/pendigits__sta4__non-overlap-patch-block-hamiltonian__L1__lr0.01__bs32__seed7_seed7,pendigits,sta4,non-overlap-patch-block-hamiltonian,1,7,0.01,32,2000,True,plus,True,False,1.7648177851076796,0.42933333333333334,1.7676516217056626,0.43767867352773016,0.43866666666666665,775.4666666666666,,22.920652389526367,,109,8,256,457b0468ba5f023a4a9f38816dbca0899481d04d,False
complete,pendigits,pendigits__sta4__non-overlap-patch-block-hamiltonian__L1__lr0.01__bs32__seed8,results/runs/pendigits/pendigits__sta4__non-overlap-patch-block-hamiltonian__L1__lr0.01__bs32__seed8_seed8,pendigits,sta4,non-overlap-patch-block-hamiltonian,1,8,0.01,32,2000,True,plus,True,False,1.7543355434630032,0.3933333333333333,1.767298150254738,0.3925100057175529,0.444,780.2,,21.3304386138916,,109,8,256,457b0468ba5f023a4a9f38816dbca0899481d04d,False
complete,pendigits,pendigits__sta4__non-overlap-patch-block-hamiltonian__L1__lr0.01__bs32__seed9,results/runs/pendigits/pendigits__sta4__non-overlap-patch-block-hamiltonian__L1__lr0.01__bs32__seed9_seed9,pendigits,sta4,non-overlap-patch-block-hamiltonian,1,9,0.01,32,2000,True,plus,True,False,1.7925555037536636,0.37733333333333335,1.8071573808790915,0.38879359634076616,0.476,829.4000000000001,,22.48984932899475,,109,8,256,457b0468ba5f023a4a9f38816dbca0899481d04d,False
complete,pendigits,pendigits__sta4__non-overlap-patch-block-hamiltonian__L2__lr0.01__bs32__seed0,results/runs/pendigits/pendigits__sta4__non-overlap-patch-block-hamiltonian__L2__lr0.01__bs32__seed0_seed0,pendigits,sta4,non-overlap-patch-block-hamiltonian,2,0,0.01,32,2000,True,plus,True,False,1.2796095942685843,0.64,1.3065938677051092,0.6400800457404231,0.656,1186.5333333333333,,34.68403935432434,,218,8,256,457b0468ba5f023a4a9f38816dbca0899481d04d,False
complete,pendigits,pendigits__sta4__non-overlap-patch-block-hamiltonian__L2__lr0.01__bs32__seed10,results/runs/pendigits/pendigits__sta4__non-overlap-patch-block-hamiltonian__L2__lr0.01__bs32__seed10_seed10,pendigits,sta4,non-overlap-patch-block-hamiltonian,2,10,0.01,32,2000,True,plus,True,False,1.2860960453092487,0.628,1.3282711472753208,0.6097770154373928,0.68,1218.9333333333334,,34.74448919296265,,218,8,256,457b0468ba5f023a4a9f38816dbca0899481d04d,False
complete,pendigits,pendigits__sta4__non-overlap-patch-block-hamiltonian__L2__lr0.01__bs32__seed11,results/runs/pendigits/pendigits__sta4__non-overlap-patch-block-hamiltonian__L2__lr0.01__bs32__seed11_seed11,pendigits,sta4,non-overlap-patch-block-hamiltonian,2,11,0.01,32,2000,True,plus,True,False,1.2987935742247634,0.6293333333333333,1.3321307154555766,0.6034877072612922,0.672,1190.3999999999999,,34.95375943183899,,218,8,256,457b0468ba5f023a4a9f38816dbca0899481d04d,False
complete,pendigits,pendigits__sta4__non-overlap-patch-block-hamiltonian__L2__lr0.01__bs32__seed12,results/runs/pendigits/pendigits__sta4__non-overlap-patch-block-hamiltonian__L2__lr0.01__bs32__seed12_seed12,pendigits,sta4,non-overlap-patch-block-hamiltonian,2,12,0.01,32,2000,True,plus,True,False,1.2518927816883054,0.664,1.3228212597556186,0.6252144082332761,0.664,1176.0000000000002,,35.17031121253967,,218,8,256,457b0468ba5f023a4a9f38816dbca0899481d04d,False
complete,pendigits,pendigits__sta4__non-overlap-patch-block-hamiltonian__L2__lr0.01__bs32__seed13,results/runs/pendigits/pendigits__sta4__non-overlap-patch-block-hamiltonian__L2__lr0.01__bs32__seed13_seed13,pendigits,sta4,non-overlap-patch-block-hamiltonian,2,13,0.01,32,2000,True,plus,True,False,1.2388108887606222,0.6066666666666667,1.2712708667775965,0.6032018296169239,0.62,1144.1333333333332,,35.03120446205139,,218,8,256,457b0468ba5f023a4a9f38816dbca0899481d04d,False
complete,pendigits,pendigits__sta4__non-overlap-patch-block-hamiltonian__L2__lr0.01__bs32__seed14,results/runs/pendigits/pendigits__sta4__non-overlap-patch-block-hamiltonian__L2__lr0.01__bs32__seed14_seed14,pendigits,sta4,non-overlap-patch-block-hamiltonian,2,14,0.01,32,2000,True,plus,True,False,1.2730017078525488,0.596,1.3212188245073784,0.5777587192681533,0.62,1126.2666666666667,,35.23326301574707,,218,8,256,457b0468ba5f023a4a9f38816dbca0899481d04d,False
complete,pendigits,pendigits__sta4__non-overlap-patch-block-hamiltonian__L2__lr0.01__bs32__seed15,results/runs/pendigits/pendigits__sta4__non-overlap-patch-block-hamiltonian__L2__lr0.01__bs32__seed15_seed15,pendigits,sta4,non-overlap-patch-block-hamiltonian,2,15,0.01,32,2000,True,plus,True,False,1.2847699148827645,0.644,1.328349981754902,0.6309319611206403,0.6653333333333333,1200.9333333333334,,34.33946251869202,,218,8,256,457b0468ba5f023a4a9f38816dbca0899481d04d,False
complete,pendigits,pendigits__sta4__non-overlap-patch-block-hamiltonian__L2__lr0.01__bs32__seed16,results/runs/pendigits/pendigits__sta4__non-overlap-patch-block-hamiltonian__L2__lr0.01__bs32__seed16_seed16,pendigits,sta4,non-overlap-patch-block-hamiltonian,2,16,0.01,32,2000,True,plus,True,False,1.3058095941304217,0.5946666666666667,1.3572686311329134,0.5834762721555175,0.636,1151.3333333333335,,35.23581790924072,,218,8,256,457b0468ba5f023a4a9f38816dbca0899481d04d,False
complete,pendigits,pendigits__sta4__non-overlap-patch-block-hamiltonian__L2__lr0.01__bs32__seed17,results/runs/pendigits/pendigits__sta4__non-overlap-patch-block-hamiltonian__L2__lr0.01__bs32__seed17_seed17,pendigits,sta4,non-overlap-patch-block-hamiltonian,2,17,0.01,32,2000,True,plus,True,False,1.2253948716133634,0.6626666666666666,1.295553002515472,0.6460834762721556,0.7106666666666667,1241.4666666666667,,34.888755559921265,,218,8,256,457b0468ba5f023a4a9f38816dbca0899481d04d,False
complete,pendigits,pendigits__sta4__non-overlap-patch-block-hamiltonian__L2__lr0.01__bs32__seed18,results/runs/pendigits/pendigits__sta4__non-overlap-patch-block-hamiltonian__L2__lr0.01__bs32__seed18_seed18,pendigits,sta4,non-overlap-patch-block-hamiltonian,2,18,0.01,32,2000,True,plus,True,False,1.275303300351784,0.696,1.335813157376701,0.6543739279588336,0.712,1248.1333333333334,,35.55864977836609,,218,8,256,457b0468ba5f023a4a9f38816dbca0899481d04d,False
complete,pendigits,pendigits__sta4__non-overlap-patch-block-hamiltonian__L2__lr0.01__bs32__seed19,results/runs/pendigits/pendigits__sta4__non-overlap-patch-block-hamiltonian__L2__lr0.01__bs32__seed19_seed19,pendigits,sta4,non-overlap-patch-block-hamiltonian,2,19,0.01,32,2000,True,plus,True,False,1.2265605980122536,0.6866666666666666,1.2774591957851205,0.6683819325328759,0.6866666666666666,1218.466666666667,,35.84474992752075,,218,8,256,457b0468ba5f023a4a9f38816dbca0899481d04d,False
complete,pendigits,pendigits__sta4__non-overlap-patch-block-hamiltonian__L2__lr0.01__bs32__seed1,results/runs/pendigits/pendigits__sta4__non-overlap-patch-block-hamiltonian__L2__lr0.01__bs32__seed1_seed1,pendigits,sta4,non-overlap-patch-block-hamiltonian,2,1,0.01,32,2000,True,plus,True,False,1.2616207257032925,0.6373333333333333,1.3288251254743026,0.5986277873070326,0.6373333333333333,1160.4,,34.25604581832886,,218,8,256,457b0468ba5f023a4a9f38816dbca0899481d04d,False
complete,pendigits,pendigits__sta4__non-overlap-patch-block-hamiltonian__L2__lr0.01__bs32__seed2,results/runs/pendigits/pendigits__sta4__non-overlap-patch-block-hamiltonian__L2__lr0.01__bs32__seed2_seed2,pendigits,sta4,non-overlap-patch-block-hamiltonian,2,2,0.01,32,2000,True,plus,True,False,1.264419483633869,0.6266666666666667,1.3216391462061536,0.6143510577472842,0.6333333333333333,1143.2666666666667,,32.43492650985718,,218,8,256,457b0468ba5f023a4a9f38816dbca0899481d04d,False
complete,pendigits,pendigits__sta4__non-overlap-patch-block-hamiltonian__L2__lr0.01__bs32__seed3,results/runs/pendigits/pendigits__sta4__non-overlap-patch-block-hamiltonian__L2__lr0.01__bs32__seed3_seed3,pendigits,sta4,non-overlap-patch-block-hamiltonian,2,3,0.01,32,2000,True,plus,True,False,1.2265607851981164,0.6826666666666666,1.267964311052251,0.6598056032018296,0.684,1188.2,,35.27202105522156,,218,8,256,457b0468ba5f023a4a9f38816dbca0899481d04d,False
complete,pendigits,pendigits__sta4__non-overlap-patch-block-hamiltonian__L2__lr0.01__bs32__seed4,results/runs/pendigits/pendigits__sta4__non-overlap-patch-block-hamiltonian__L2__lr0.01__bs32__seed4_seed4,pendigits,sta4,non-overlap-patch-block-hamiltonian,2,4,0.01,32,2000,True,plus,True,False,1.1711028502137126,0.7373333333333333,1.2237564278505693,0.7055460263007433,0.744,1253.2,,33.59835886955261,,218,8,256,457b0468ba5f023a4a9f38816dbca0899481d04d,False
complete,pendigits,pendigits__sta4__non-overlap-patch-block-hamiltonian__L2__lr0.01__bs32__seed5,results/runs/pendigits/pendigits__sta4__non-overlap-patch-block-hamiltonian__L2__lr0.01__bs32__seed5_seed5,pendigits,sta4,non-overlap-patch-block-hamiltonian,2,5,0.01,32,2000,True,plus,True,False,1.3066678700857959,0.6106666666666667,1.365856713370237,0.5963407661520869,0.636,1147.1999999999998,,34.37594175338745,,218,8,256,457b0468ba5f023a4a9f38816dbca0899481d04d,False
complete,pendigits,pendigits__sta4__non-overlap-patch-block-hamiltonian__L2__lr0.01__bs32__seed6,results/runs/pendigits/pendigits__sta4__non-overlap-patch-block-hamiltonian__L2__lr0.01__bs32__seed6_seed6,pendigits,sta4,non-overlap-patch-block-hamiltonian,2,6,0.01,32,2000,True,plus,True,False,1.3135907003140523,0.6173333333333333,1.3380283639529564,0.6106346483704974,0.6306666666666667,1124.8666666666666,,34.80457615852356,,218,8,256,457b0468ba5f023a4a9f38816dbca0899481d04d,False
complete,pendigits,pendigits__sta4__non-overlap-patch-block-hamiltonian__L2__lr0.01__bs32__seed7,results/runs/pendigits/pendigits__sta4__non-overlap-patch-block-hamiltonian__L2__lr0.01__bs32__seed7_seed7,pendigits,sta4,non-overlap-patch-block-hamiltonian,2,7,0.01,32,2000,True,plus,True,False,1.2004159141436757,0.6933333333333334,1.2638491395838631,0.6549456832475701,0.708,1232.3333333333333,,33.753238677978516,,218,8,256,457b0468ba5f023a4a9f38816dbca0899481d04d,False
complete,pendigits,pendigits__sta4__non-overlap-patch-block-hamiltonian__L2__lr0.01__bs32__seed8,results/runs/pendigits/pendigits__sta4__non-overlap-patch-block-hamiltonian__L2__lr0.01__bs32__seed8_seed8,pendigits,sta4,non-overlap-patch-block-hamiltonian,2,8,0.01,32,2000,True,plus,True,False,1.2357571699594403,0.6066666666666667,1.2844550005517743,0.5851915380217267,0.636,1139.8666666666668,,35.1186158657074,,218,8,256,457b0468ba5f023a4a9f38816dbca0899481d04d,False
complete,pendigits,pendigits__sta4__non-overlap-patch-block-hamiltonian__L2__lr0.01__bs32__seed9,results/runs/pendigits/pendigits__sta4__non-overlap-patch-block-hamiltonian__L2__lr0.01__bs32__seed9_seed9,pendigits,sta4,non-overlap-patch-block-hamiltonian,2,9,0.01,32,2000,True,plus,True,False,1.3112566438307354,0.6306666666666667,1.3633830164998488,0.610062893081761,0.6573333333333333,1193.4666666666667,,36.046534061431885,,218,8,256,457b0468ba5f023a4a9f38816dbca0899481d04d,False
complete,pendigits,pendigits__sta4__non-overlap-patch-block-hamiltonian__L32__lr0.01__bs32__seed0,results/runs/pendigits/pendigits__sta4__non-overlap-patch-block-hamiltonian__L32__lr0.01__bs32__seed0_seed0,pendigits,sta4,non-overlap-patch-block-hamiltonian,32,0,0.01,32,2000,True,plus,True,False,0.5946960536140793,0.9066666666666666,0.6593454171963893,0.8630646083476272,0.908,1657.2000000000003,,498.7613649368286,,3488,8,256,457b0468ba5f023a4a9f38816dbca0899481d04d,False
complete,pendigits,pendigits__sta4__non-overlap-patch-block-hamiltonian__L32__lr0.01__bs32__seed10,results/runs/pendigits/pendigits__sta4__non-overlap-patch-block-hamiltonian__L32__lr0.01__bs32__seed10_seed10,pendigits,sta4,non-overlap-patch-block-hamiltonian,32,10,0.01,32,2000,True,plus,True,False,0.6142735724284393,0.9026666666666666,0.6818884743458884,0.8633504859919954,0.908,1661.3999999999999,,497.00310468673706,,3488,8,256,457b0468ba5f023a4a9f38816dbca0899481d04d,False
complete,pendigits,pendigits__sta4__non-overlap-patch-block-hamiltonian__L32__lr0.01__bs32__seed11,results/runs/pendigits/pendigits__sta4__non-overlap-patch-block-hamiltonian__L32__lr0.01__bs32__seed11_seed11,pendigits,sta4,non-overlap-patch-block-hamiltonian,32,11,0.01,32,2000,True,plus,True,False,0.6100835012983405,0.9026666666666666,0.6699020669690807,0.8644939965694682,0.9053333333333333,1655.2666666666664,,497.72322821617126,,3488,8,256,457b0468ba5f023a4a9f38816dbca0899481d04d,False
complete,pendigits,pendigits__sta4__non-overlap-patch-block-hamiltonian__L32__lr0.01__bs32__seed12,results/runs/pendigits/pendigits__sta4__non-overlap-patch-block-hamiltonian__L32__lr0.01__bs32__seed12_seed12,pendigits,sta4,non-overlap-patch-block-hamiltonian,32,12,0.01,32,2000,True,plus,True,False,0.6374229681258254,0.9013333333333333,0.7135913154332313,0.8593481989708405,0.908,1663.3999999999999,,500.94393944740295,,3488,8,256,457b0468ba5f023a4a9f38816dbca0899481d04d,False
complete,pendigits,pendigits__sta4__non-overlap-patch-block-hamiltonian__L32__lr0.01__bs32__seed13,results/runs/pendigits/pendigits__sta4__non-overlap-patch-block-hamiltonian__L32__lr0.01__bs32__seed13_seed13,pendigits,sta4,non-overlap-patch-block-hamiltonian,32,13,0.01,32,2000,True,plus,True,False,0.576405481927236,0.8893333333333333,0.6340296419910467,0.8744997141223556,0.912,1663.4,,498.5607399940491,,3488,8,256,457b0468ba5f023a4a9f38816dbca0899481d04d,False
complete,pendigits,pendigits__sta4__non-overlap-patch-block-hamiltonian__L32__lr0.01__bs32__seed14,results/runs/pendigits/pendigits__sta4__non-overlap-patch-block-hamiltonian__L32__lr0.01__bs32__seed14_seed14,pendigits,sta4,non-overlap-patch-block-hamiltonian,32,14,0.01,32,2000,True,plus,True,False,0.7016274530225716,0.8853333333333333,0.7856523685005825,0.8507718696397941,0.9093333333333333,1678.7333333333333,,501.0644021034241,,3488,8,256,457b0468ba5f023a4a9f38816dbca0899481d04d,False
complete,pendigits,pendigits__sta4__non-overlap-patch-block-hamiltonian__L32__lr0.01__bs32__seed15,results/runs/pendigits/pendigits__sta4__non-overlap-patch-block-hamiltonian__L32__lr0.01__bs32__seed15_seed15,pendigits,sta4,non-overlap-patch-block-hamiltonian,32,15,0.01,32,2000,True,plus,True,False,0.6137196996179112,0.9106666666666666,0.6721996648517067,0.8633504859919954,0.9106666666666666,1669.8666666666666,,498.5104789733887,,3488,8,256,457b0468ba5f023a4a9f38816dbca0899481d04d,False
complete,pendigits,pendigits__sta4__non-overlap-patch-block-hamiltonian__L32__lr0.01__bs32__seed16,results/runs/pendigits/pendigits__sta4__non-overlap-patch-block-hamiltonian__L32__lr0.01__bs32__seed16_seed16,pendigits,sta4,non-overlap-patch-block-hamiltonian,32,16,0.01,32,2000,True,plus,True,False,0.6294127395696728,0.888,0.686011798159099,0.8704974271012007,0.9106666666666666,1671.1333333333332,,502.2692141532898,,3488,8,256,457b0468ba5f023a4a9f38816dbca0899481d04d,False
complete,pendigits,pendigits__sta4__non-overlap-patch-block-hamiltonian__L32__lr0.01__bs32__seed17,results/runs/pendigits/pendigits__sta4__non-overlap-patch-block-hamiltonian__L32__lr0.01__bs32__seed17_seed17,pendigits,sta4,non-overlap-patch-block-hamiltonian,32,17,0.01,32,2000,True,plus,True,False,0.6298396621883524,0.9,0.6922368869353032,0.868210405946255,0.908,1671.6666666666665,,498.7919840812683,,3488,8,256,457b0468ba5f023a4a9f38816dbca0899481d04d,False
complete,pendigits,pendigits__sta4__non-overlap-patch-block-hamiltonian__L32__lr0.01__bs32__seed18,results/runs/pendigits/pendigits__sta4__non-overlap-patch-block-hamiltonian__L32__lr0.01__bs32__seed18_seed18,pendigits,sta4,non-overlap-patch-block-hamiltonian,32,18,0.01,32,2000,True,plus,True,False,0.6917348963973241,0.8826666666666667,0.7420434432470214,0.8542024013722127,0.9013333333333333,1642.3333333333337,,497.38473987579346,,3488,8,256,457b0468ba5f023a4a9f38816dbca0899481d04d,False
complete,pendigits,pendigits__sta4__non-overlap-patch-block-hamiltonian__L32__lr0.01__bs32__seed19,results/runs/pendigits/pendigits__sta4__non-overlap-patch-block-hamiltonian__L32__lr0.01__bs32__seed19_seed19,pendigits,sta4,non-overlap-patch-block-hamiltonian,32,19,0.01,32,2000,True,plus,True,False,0.6045974626960391,0.908,0.6546772395332281,0.8790737564322469,0.9106666666666666,1673.6000000000001,,499.33887815475464,,3488,8,256,457b0468ba5f023a4a9f38816dbca0899481d04d,False
complete,pendigits,pendigits__sta4__non-overlap-patch-block-hamiltonian__L32__lr0.01__bs32__seed1,results/runs/pendigits/pendigits__sta4__non-overlap-patch-block-hamiltonian__L32__lr0.01__bs32__seed1_seed1,pendigits,sta4,non-overlap-patch-block-hamiltonian,32,1,0.01,32,2000,True,plus,True,False,0.7283526542622467,0.88,0.7718880860290074,0.8404802744425386,0.9106666666666666,1662.8666666666663,,499.4371671676636,,3488,8,256,457b0468ba5f023a4a9f38816dbca0899481d04d,False
complete,pendigits,pendigits__sta4__non-overlap-patch-block-hamiltonian__L32__lr0.01__bs32__seed2,results/runs/pendigits/pendigits__sta4__non-overlap-patch-block-hamiltonian__L32__lr0.01__bs32__seed2_seed2,pendigits,sta4,non-overlap-patch-block-hamiltonian,32,2,0.01,32,2000,True,plus,True,False,0.5892544208413147,0.9013333333333333,0.6585544977904919,0.8644939965694682,0.9053333333333333,1651.6666666666672,,501.57116961479187,,3488,8,256,457b0468ba5f023a4a9f38816dbca0899481d04d,False
complete,pendigits,pendigits__sta4__non-overlap-patch-block-hamiltonian__L32__lr0.01__bs32__seed3,results/runs/pendigits/pendigits__sta4__non-overlap-patch-block-hamiltonian__L32__lr0.01__bs32__seed3_seed3,pendigits,sta4,non-overlap-patch-block-hamiltonian,32,3,0.01,32,2000,True,plus,True,False,0.7020183619043642,0.8893333333333333,0.7525062943046695,0.8613493424814179,0.9,1644.2000000000003,,505.5009653568268,,3488,8,256,457b0468ba5f023a4a9f38816dbca0899481d04d,False
complete,pendigits,pendigits__sta4__non-overlap-patch-block-hamiltonian__L32__lr0.01__bs32__seed4,results/runs/pendigits/pendigits__sta4__non-overlap-patch-block-hamiltonian__L32__lr0.01__bs32__seed4_seed4,pendigits,sta4,non-overlap-patch-block-hamiltonian,32,4,0.01,32,2000,True,plus,True,False,0.615389086227381,0.9226666666666666,0.7010167832672237,0.8662092624356775,0.9226666666666666,1686.5333333333335,,498.96820759773254,,3488,8,256,457b0468ba5f023a4a9f38816dbca0899481d04d,False
complete,pendigits,pendigits__sta4__non-overlap-patch-block-hamiltonian__L32__lr0.01__bs32__seed5,results/runs/pendigits/pendigits__sta4__non-overlap-patch-block-hamiltonian__L32__lr0.01__bs32__seed5_seed5,pendigits,sta4,non-overlap-patch-block-hamiltonian,32,5,0.01,32,2000,True,plus,True,False,0.6082868624235507,0.884,0.6828014807268631,0.8476272155517438,0.908,1671.3333333333335,,499.7221508026123,,3488,8,256,457b0468ba5f023a4a9f38816dbca0899481d04d,False
complete,pendigits,pendigits__sta4__non-overlap-patch-block-hamiltonian__L32__lr0.01__bs32__seed6,results/runs/pendigits/pendigits__sta4__non-overlap-patch-block-hamiltonian__L32__lr0.01__bs32__seed6_seed6,pendigits,sta4,non-overlap-patch-block-hamiltonian,32,6,0.01,32,2000,True,plus,True,False,0.6765262727802152,0.88,0.7633798709038164,0.8470554602630075,0.8906666666666667,1660.9333333333334,,502.24725365638733,,3488,8,256,457b0468ba5f023a4a9f38816dbca0899481d04d,False
complete,pendigits,pendigits__sta4__non-overlap-patch-block-hamiltonian__L32__lr0.01__bs32__seed7,results/runs/pendigits/pendigits__sta4__non-overlap-patch-block-hamiltonian__L32__lr0.01__bs32__seed7_seed7,pendigits,sta4,non-overlap-patch-block-hamiltonian,32,7,0.01,32,2000,True,plus,True,False,0.6220661943018134,0.8986666666666666,0.6888837912906833,0.8744997141223556,0.9133333333333333,1675.466666666667,,500.44770765304565,,3488,8,256,457b0468ba5f023a4a9f38816dbca0899481d04d,False
complete,pendigits,pendigits__sta4__non-overlap-patch-block-hamiltonian__L32__lr0.01__bs32__seed8,results/runs/pendigits/pendigits__sta4__non-overlap-patch-block-hamiltonian__L32__lr0.01__bs32__seed8_seed8,pendigits,sta4,non-overlap-patch-block-hamiltonian,32,8,0.01,32,2000,True,plus,True,False,0.6825741291705796,0.8826666666666667,0.769369979096059,0.8307604345340195,0.9013333333333333,1647.6,,498.74914717674255,,3488,8,256,457b0468ba5f023a4a9f38816dbca0899481d04d,False
complete,pendigits,pendigits__sta4__non-overlap-patch-block-hamiltonian__L32__lr0.01__bs32__seed9,results/runs/pendigits/pendigits__sta4__non-overlap-patch-block-hamiltonian__L32__lr0.01__bs32__seed9_seed9,pendigits,sta4,non-overlap-patch-block-hamiltonian,32,9,0.01,32,2000,True,plus,True,False,0.6407745261133878,0.912,0.6770922304652562,0.8850771869639794,0.912,1670.4666666666665,,501.24786138534546,,3488,8,256,457b0468ba5f023a4a9f38816dbca0899481d04d,False
complete,pendigits,pendigits__sta4__non-overlap-patch-block-hamiltonian__L4__lr0.01__bs32__seed0,results/runs/pendigits/pendigits__sta4__non-overlap-patch-block-hamiltonian__L4__lr0.01__bs32__seed0_seed0,pendigits,sta4,non-overlap-patch-block-hamiltonian,4,0,0.01,32,2000,True,plus,True,False,0.8849968927727216,0.828,0.9604926749461166,0.7741566609491137,0.828,1527.1333333333334,,62.16772818565369,,436,8,256,457b0468ba5f023a4a9f38816dbca0899481d04d,False
complete,pendigits,pendigits__sta4__non-overlap-patch-block-hamiltonian__L4__lr0.01__bs32__seed10,results/runs/pendigits/pendigits__sta4__non-overlap-patch-block-hamiltonian__L4__lr0.01__bs32__seed10_seed10,pendigits,sta4,non-overlap-patch-block-hamiltonian,4,10,0.01,32,2000,True,plus,True,False,0.8823596518756548,0.828,0.9426144481895463,0.7801600914808462,0.8453333333333334,1552.0666666666668,,61.643675804138184,,436,8,256,457b0468ba5f023a4a9f38816dbca0899481d04d,False
complete,pendigits,pendigits__sta4__non-overlap-patch-block-hamiltonian__L4__lr0.01__bs32__seed11,results/runs/pendigits/pendigits__sta4__non-overlap-patch-block-hamiltonian__L4__lr0.01__bs32__seed11_seed11,pendigits,sta4,non-overlap-patch-block-hamiltonian,4,11,0.01,32,2000,True,plus,True,False,0.8717710952082643,0.8546666666666667,0.9545823980353767,0.8036020583190394,0.8773333333333333,1553.4000000000003,,60.62941241264343,,436,8,256,457b0468ba5f023a4a9f38816dbca0899481d04d,False
complete,pendigits,pendigits__sta4__non-overlap-patch-block-hamiltonian__L4__lr0.01__bs32__seed12,results/runs/pendigits/pendigits__sta4__non-overlap-patch-block-hamiltonian__L4__lr0.01__bs32__seed12_seed12,pendigits,sta4,non-overlap-patch-block-hamiltonian,4,12,0.01,32,2000,True,plus,True,False,0.8856936898426593,0.8346666666666667,0.9934005370308494,0.7712978845054317,0.836,1485.7333333333331,,60.7108838558197,,436,8,256,457b0468ba5f023a4a9f38816dbca0899481d04d,False
complete,pendigits,pendigits__sta4__non-overlap-patch-block-hamiltonian__L4__lr0.01__bs32__seed13,results/runs/pendigits/pendigits__sta4__non-overlap-patch-block-hamiltonian__L4__lr0.01__bs32__seed13_seed13,pendigits,sta4,non-overlap-patch-block-hamiltonian,4,13,0.01,32,2000,True,plus,True,False,0.875964722422309,0.8146666666666667,0.9386990695139404,0.7684391080617495,0.8373333333333334,1526.4666666666667,,60.299134254455566,,436,8,256,457b0468ba5f023a4a9f38816dbca0899481d04d,False
complete,pendigits,pendigits__sta4__non-overlap-patch-block-hamiltonian__L4__lr0.01__bs32__seed14,results/runs/pendigits/pendigits__sta4__non-overlap-patch-block-hamiltonian__L4__lr0.01__bs32__seed14_seed14,pendigits,sta4,non-overlap-patch-block-hamiltonian,4,14,0.01,32,2000,True,plus,True,False,0.8945228296588652,0.8013333333333333,0.9580031242525526,0.7667238421955404,0.8186666666666667,1476.5333333333333,,59.012017250061035,,436,8,256,457b0468ba5f023a4a9f38816dbca0899481d04d,False
complete,pendigits,pendigits__sta4__non-overlap-patch-block-hamiltonian__L4__lr0.01__bs32__seed15,results/runs/pendigits/pendigits__sta4__non-overlap-patch-block-hamiltonian__L4__lr0.01__bs32__seed15_seed15,pendigits,sta4,non-overlap-patch-block-hamiltonian,4,15,0.01,32,2000,True,plus,True,False,0.8748611067026341,0.8066666666666666,0.9412851354156982,0.7724413950829045,0.8066666666666666,1465.4666666666665,,60.897247552871704,,436,8,256,457b0468ba5f023a4a9f38816dbca0899481d04d,False
complete,pendigits,pendigits__sta4__non-overlap-patch-block-hamiltonian__L4__lr0.01__bs32__seed16,results/runs/pendigits/pendigits__sta4__non-overlap-patch-block-hamiltonian__L4__lr0.01__bs32__seed16_seed16,pendigits,sta4,non-overlap-patch-block-hamiltonian,4,16,0.01,32,2000,True,plus,True,False,0.8966823592185321,0.7893333333333333,0.9769814778610224,0.743281875357347,0.824,1498.9333333333332,,61.744282484054565,,436,8,256,457b0468ba5f023a4a9f38816dbca0899481d04d,False
complete,pendigits,pendigits__sta4__non-overlap-patch-block-hamiltonian__L4__lr0.01__bs32__seed17,results/runs/pendigits/pendigits__sta4__non-overlap-patch-block-hamiltonian__L4__lr0.01__bs32__seed17_seed17,pendigits,sta4,non-overlap-patch-block-hamiltonian,4,17,0.01,32,2000,True,plus,True,False,0.9053212204574191,0.8053333333333333,0.959052310276233,0.7678673527730131,0.812,1478.8666666666666,,61.47750782966614,,436,8,256,457b0468ba5f023a4a9f38816dbca0899481d04d,False
complete,pendigits,pendigits__sta4__non-overlap-patch-block-hamiltonian__L4__lr0.01__bs32__seed18,results/runs/pendigits/pendigits__sta4__non-overlap-patch-block-hamiltonian__L4__lr0.01__bs32__seed18_seed18,pendigits,sta4,non-overlap-patch-block-hamiltonian,4,18,0.01,32,2000,True,plus,True,False,0.9187069489365305,0.8186666666666667,0.9832626173766822,0.7590051457975986,0.8333333333333334,1497.5333333333333,,61.083988428115845,,436,8,256,457b0468ba5f023a4a9f38816dbca0899481d04d,False
complete,pendigits,pendigits__sta4__non-overlap-patch-block-hamiltonian__L4__lr0.01__bs32__seed19,results/runs/pendigits/pendigits__sta4__non-overlap-patch-block-hamiltonian__L4__lr0.01__bs32__seed19_seed19,pendigits,sta4,non-overlap-patch-block-hamiltonian,4,19,0.01,32,2000,True,plus,True,False,0.8907122376053563,0.7986666666666666,0.9432534123596886,0.7707261292166953,0.8173333333333334,1494.0000000000002,,60.95642447471619,,436,8,256,5d760ef42d71a06acce4efdc9ed931be057f16a6,False
complete,pendigits,pendigits__sta4__non-overlap-patch-block-hamiltonian__L4__lr0.01__bs32__seed1,results/runs/pendigits/pendigits__sta4__non-overlap-patch-block-hamiltonian__L4__lr0.01__bs32__seed1_seed1,pendigits,sta4,non-overlap-patch-block-hamiltonian,4,1,0.01,32,2000,True,plus,True,False,0.9191762406312893,0.7746666666666666,0.9878992327658104,0.7449971412235563,0.8026666666666666,1457.3999999999996,,60.02186036109924,,436,8,256,457b0468ba5f023a4a9f38816dbca0899481d04d,False
complete,pendigits,pendigits__sta4__non-overlap-patch-block-hamiltonian__L4__lr0.01__bs32__seed2,results/runs/pendigits/pendigits__sta4__non-overlap-patch-block-hamiltonian__L4__lr0.01__bs32__seed2_seed2,pendigits,sta4,non-overlap-patch-block-hamiltonian,4,2,0.01,32,2000,True,plus,True,False,0.9012232985277724,0.792,0.9686362481908991,0.7701543739279588,0.8,1463.9333333333332,,61.51250648498535,,436,8,256,5d760ef42d71a06acce4efdc9ed931be057f16a6,True
complete,pendigits,pendigits__sta4__non-overlap-patch-block-hamiltonian__L4__lr0.01__bs32__seed3,results/runs/pendigits/pendigits__sta4__non-overlap-patch-block-hamiltonian__L4__lr0.01__bs32__seed3_seed3,pendigits,sta4,non-overlap-patch-block-hamiltonian,4,3,0.01,32,2000,True,plus,True,False,0.8994477438630737,0.812,0.9446690699386876,0.7855917667238422,0.8213333333333334,1493.9999999999998,,61.74964118003845,,436,8,256,5d760ef42d71a06acce4efdc9ed931be057f16a6,False
complete,pendigits,pendigits__sta4__non-overlap-patch-block-hamiltonian__L4__lr0.01__bs32__seed4,results/runs/pendigits/pendigits__sta4__non-overlap-patch-block-hamiltonian__L4__lr0.01__bs32__seed4_seed4,pendigits,sta4,non-overlap-patch-block-hamiltonian,4,4,0.01,32,2000,True,plus,True,False,0.8910126114290072,0.7866666666666666,0.9603913783818923,0.7487135506003431,0.7973333333333333,1444.9999999999998,,58.092026233673096,,436,8,256,5d760ef42d71a06acce4efdc9ed931be057f16a6,False
complete,pendigits,pendigits__sta4__non-overlap-patch-block-hamiltonian__L4__lr0.01__bs32__seed5,results/runs/pendigits/pendigits__sta4__non-overlap-patch-block-hamiltonian__L4__lr0.01__bs32__seed5_seed5,pendigits,sta4,non-overlap-patch-block-hamiltonian,4,5,0.01,32,2000,True,plus,True,False,0.8751684836215945,0.7946666666666666,0.9301596420860508,0.7707261292166953,0.804,1459.8,,60.731337547302246,,436,8,256,5d760ef42d71a06acce4efdc9ed931be057f16a6,False
complete,pendigits,pendigits__sta4__non-overlap-patch-block-hamiltonian__L4__lr0.01__bs32__seed6,results/runs/pendigits/pendigits__sta4__non-overlap-patch-block-hamiltonian__L4__lr0.01__bs32__seed6_seed6,pendigits,sta4,non-overlap-patch-block-hamiltonian,4,6,0.01,32,2000,True,plus,True,False,0.9100746100608483,0.812,0.9501768862783798,0.7632933104631218,0.816,1478.0666666666668,,60.875916481018066,,436,8,256,5d760ef42d71a06acce4efdc9ed931be057f16a6,False
complete,pendigits,pendigits__sta4__non-overlap-patch-block-hamiltonian__L4__lr0.01__bs32__seed7,results/runs/pendigits/pendigits__sta4__non-overlap-patch-block-hamiltonian__L4__lr0.01__bs32__seed7_seed7,pendigits,sta4,non-overlap-patch-block-hamiltonian,4,7,0.01,32,2000,True,plus,True,False,0.9085987147596232,0.808,0.9533863089900829,0.7570040022870211,0.812,1470.2666666666667,,61.228660345077515,,436,8,256,5d760ef42d71a06acce4efdc9ed931be057f16a6,False
complete,pendigits,pendigits__sta4__non-overlap-patch-block-hamiltonian__L4__lr0.01__bs32__seed8,results/runs/pendigits/pendigits__sta4__non-overlap-patch-block-hamiltonian__L4__lr0.01__bs32__seed8_seed8,pendigits,sta4,non-overlap-patch-block-hamiltonian,4,8,0.01,32,2000,True,plus,True,False,0.87618201393502,0.8106666666666666,0.9299850338568575,0.7873070325900514,0.8226666666666667,1476.7333333333333,,62.37888216972351,,436,8,256,5d760ef42d71a06acce4efdc9ed931be057f16a6,False
complete,pendigits,pendigits__sta4__non-overlap-patch-block-hamiltonian__L4__lr0.01__bs32__seed9,results/runs/pendigits/pendigits__sta4__non-overlap-patch-block-hamiltonian__L4__lr0.01__bs32__seed9_seed9,pendigits,sta4,non-overlap-patch-block-hamiltonian,4,9,0.01,32,2000,True,plus,True,False,0.8753286681815471,0.84,0.9723238310637191,0.7704402515723271,0.8546666666666667,1540.5333333333333,,61.17286729812622,,436,8,256,5d760ef42d71a06acce4efdc9ed931be057f16a6,False
complete,pendigits,pendigits__sta4__non-overlap-patch-block-hamiltonian__L8__lr0.01__bs32__seed0,results/runs/pendigits/pendigits__sta4__non-overlap-patch-block-hamiltonian__L8__lr0.01__bs32__seed0_seed0,pendigits,sta4,non-overlap-patch-block-hamiltonian,8,0,0.01,32,2000,True,plus,True,False,0.6750624531961035,0.8933333333333333,0.762264474435895,0.8376214979988564,0.9013333333333333,1639.533333333333,,116.94329881668091,,872,8,256,457b0468ba5f023a4a9f38816dbca0899481d04d,False
complete,pendigits,pendigits__sta4__non-overlap-patch-block-hamiltonian__L8__lr0.01__bs32__seed10,results/runs/pendigits/pendigits__sta4__non-overlap-patch-block-hamiltonian__L8__lr0.01__bs32__seed10_seed10,pendigits,sta4,non-overlap-patch-block-hamiltonian,8,10,0.01,32,2000,True,plus,True,False,0.6764695469162719,0.868,0.7330180404486273,0.8359062321326473,0.8746666666666667,1604.7333333333333,,117.8937554359436,,872,8,256,457b0468ba5f023a4a9f38816dbca0899481d04d,False
complete,pendigits,pendigits__sta4__non-overlap-patch-block-hamiltonian__L8__lr0.01__bs32__seed11,results/runs/pendigits/pendigits__sta4__non-overlap-patch-block-hamiltonian__L8__lr0.01__bs32__seed11_seed11,pendigits,sta4,non-overlap-patch-block-hamiltonian,8,11,0.01,32,2000,True,plus,True,False,0.6729918951512411,0.8773333333333333,0.7330388503368844,0.8404802744425386,0.8773333333333333,1615.2666666666664,,115.7328474521637,,872,8,256,457b0468ba5f023a4a9f38816dbca0899481d04d,False
complete,pendigits,pendigits__sta4__non-overlap-patch-block-hamiltonian__L8__lr0.01__bs32__seed12,results/runs/pendigits/pendigits__sta4__non-overlap-patch-block-hamiltonian__L8__lr0.01__bs32__seed12_seed12,pendigits,sta4,non-overlap-patch-block-hamiltonian,8,12,0.01,32,2000,True,plus,True,False,0.6819686908593601,0.8773333333333333,0.7607297922875735,0.8273299028016009,0.8773333333333333,1597.8666666666663,,116.10246157646179,,872,8,256,457b0468ba5f023a4a9f38816dbca0899481d04d,False
complete,pendigits,pendigits__sta4__non-overlap-patch-block-hamiltonian__L8__lr0.01__bs32__seed13,results/runs/pendigits/pendigits__sta4__non-overlap-patch-block-hamiltonian__L8__lr0.01__bs32__seed13_seed13,pendigits,sta4,non-overlap-patch-block-hamiltonian,8,13,0.01,32,2000,True,plus,True,False,0.7108585155754019,0.8786666666666667,0.7582775881806106,0.841052029731275,0.8786666666666667,1615.6,,114.79147529602051,,872,8,256,457b0468ba5f023a4a9f38816dbca0899481d04d,False
complete,pendigits,pendigits__sta4__non-overlap-patch-block-hamiltonian__L8__lr0.01__bs32__seed14,results/runs/pendigits/pendigits__sta4__non-overlap-patch-block-hamiltonian__L8__lr0.01__bs32__seed14_seed14,pendigits,sta4,non-overlap-patch-block-hamiltonian,8,14,0.01,32,2000,True,plus,True,False,0.6467707772953437,0.9026666666666666,0.7161708732057879,0.8516295025728988,0.9026666666666666,1633.666666666666,,114.05859017372131,,872,8,256,457b0468ba5f023a4a9f38816dbca0899481d04d,False
complete,pendigits,pendigits__sta4__non-overlap-patch-block-hamiltonian__L8__lr0.01__bs32__seed15,results/runs/pendigits/pendigits__sta4__non-overlap-patch-block-hamiltonian__L8__lr0.01__bs32__seed15_seed15,pendigits,sta4,non-overlap-patch-block-hamiltonian,8,15,0.01,32,2000,True,plus,True,False,0.6993330427354915,0.8733333333333333,0.7711907822322904,0.826186392224128,0.8853333333333333,1612.266666666667,,117.36671876907349,,872,8,256,457b0468ba5f023a4a9f38816dbca0899481d04d,False
complete,pendigits,pendigits__sta4__non-overlap-patch-block-hamiltonian__L8__lr0.01__bs32__seed16,results/runs/pendigits/pendigits__sta4__non-overlap-patch-block-hamiltonian__L8__lr0.01__bs32__seed16_seed16,pendigits,sta4,non-overlap-patch-block-hamiltonian,8,16,0.01,32,2000,True,plus,True,False,0.6681255088381484,0.8853333333333333,0.7396171485912718,0.835620354488279,0.8853333333333333,1626.7333333333336,,117.98583936691284,,872,8,256,457b0468ba5f023a4a9f38816dbca0899481d04d,False
complete,pendigits,pendigits__sta4__non-overlap-patch-block-hamiltonian__L8__lr0.01__bs32__seed17,results/runs/pendigits/pendigits__sta4__non-overlap-patch-block-hamiltonian__L8__lr0.01__bs32__seed17_seed17,pendigits,sta4,non-overlap-patch-block-hamiltonian,8,17,0.01,32,2000,True,plus,True,False,0.7482981179916192,0.8213333333333334,0.8083708700621283,0.8138936535162951,0.8413333333333334,1555.2000000000003,,117.54033041000366,,872,8,256,457b0468ba5f023a4a9f38816dbca0899481d04d,False
complete,pendigits,pendigits__sta4__non-overlap-patch-block-hamiltonian__L8__lr0.01__bs32__seed18,results/runs/pendigits/pendigits__sta4__non-overlap-patch-block-hamiltonian__L8__lr0.01__bs32__seed18_seed18,pendigits,sta4,non-overlap-patch-block-hamiltonian,8,18,0.01,32,2000,True,plus,True,False,0.6816270457486798,0.8626666666666667,0.7542332390163589,0.8290451686678102,0.8786666666666667,1609.9999999999998,,117.13841795921326,,872,8,256,457b0468ba5f023a4a9f38816dbca0899481d04d,False
complete,pendigits,pendigits__sta4__non-overlap-patch-block-hamiltonian__L8__lr0.01__bs32__seed19,results/runs/pendigits/pendigits__sta4__non-overlap-patch-block-hamiltonian__L8__lr0.01__bs32__seed19_seed19,pendigits,sta4,non-overlap-patch-block-hamiltonian,8,19,0.01,32,2000,True,plus,True,False,0.7021016640893288,0.864,0.7660259287695745,0.8164665523156089,0.8826666666666667,1575.5333333333333,,118.87805604934692,,872,8,256,457b0468ba5f023a4a9f38816dbca0899481d04d,False
complete,pendigits,pendigits__sta4__non-overlap-patch-block-hamiltonian__L8__lr0.01__bs32__seed1,results/runs/pendigits/pendigits__sta4__non-overlap-patch-block-hamiltonian__L8__lr0.01__bs32__seed1_seed1,pendigits,sta4,non-overlap-patch-block-hamiltonian,8,1,0.01,32,2000,True,plus,True,False,0.7298014097840517,0.84,0.809396567686066,0.805603201829617,0.8613333333333333,1549.4666666666667,,117.54118084907532,,872,8,256,457b0468ba5f023a4a9f38816dbca0899481d04d,False
complete,pendigits,pendigits__sta4__non-overlap-patch-block-hamiltonian__L8__lr0.01__bs32__seed2,results/runs/pendigits/pendigits__sta4__non-overlap-patch-block-hamiltonian__L8__lr0.01__bs32__seed2_seed2,pendigits,sta4,non-overlap-patch-block-hamiltonian,8,2,0.01,32,2000,True,plus,True,False,0.6836561646079328,0.876,0.7266822375012122,0.851915380217267,0.876,1614.4,,116.46654677391052,,872,8,256,457b0468ba5f023a4a9f38816dbca0899481d04d,False
complete,pendigits,pendigits__sta4__non-overlap-patch-block-hamiltonian__L8__lr0.01__bs32__seed3,results/runs/pendigits/pendigits__sta4__non-overlap-patch-block-hamiltonian__L8__lr0.01__bs32__seed3_seed3,pendigits,sta4,non-overlap-patch-block-hamiltonian,8,3,0.01,32,2000,True,plus,True,False,0.6915160726868036,0.8346666666666667,0.7600352929857784,0.8107489994282447,0.8413333333333334,1553.6666666666665,,118.55003023147583,,872,8,256,457b0468ba5f023a4a9f38816dbca0899481d04d,False
complete,pendigits,pendigits__sta4__non-overlap-patch-block-hamiltonian__L8__lr0.01__bs32__seed4,results/runs/pendigits/pendigits__sta4__non-overlap-patch-block-hamiltonian__L8__lr0.01__bs32__seed4_seed4,pendigits,sta4,non-overlap-patch-block-hamiltonian,8,4,0.01,32,2000,True,plus,True,False,0.6949970812149878,0.872,0.7864603424775737,0.8047455688965123,0.884,1626.0,,116.02001190185547,,872,8,256,457b0468ba5f023a4a9f38816dbca0899481d04d,False
complete,pendigits,pendigits__sta4__non-overlap-patch-block-hamiltonian__L8__lr0.01__bs32__seed5,results/runs/pendigits/pendigits__sta4__non-overlap-patch-block-hamiltonian__L8__lr0.01__bs32__seed5_seed5,pendigits,sta4,non-overlap-patch-block-hamiltonian,8,5,0.01,32,2000,True,plus,True,False,0.6601500789100985,0.8893333333333333,0.7319744675264191,0.8327615780445969,0.8893333333333333,1616.3333333333335,,118.31348896026611,,872,8,256,457b0468ba5f023a4a9f38816dbca0899481d04d,False
complete,pendigits,pendigits__sta4__non-overlap-patch-block-hamiltonian__L8__lr0.01__bs32__seed6,results/runs/pendigits/pendigits__sta4__non-overlap-patch-block-hamiltonian__L8__lr0.01__bs32__seed6_seed6,pendigits,sta4,non-overlap-patch-block-hamiltonian,8,6,0.01,32,2000,True,plus,True,False,0.6882993714266846,0.884,0.7262216290362962,0.8387650085763293,0.884,1604.4,,118.93460536003113,,872,8,256,457b0468ba5f023a4a9f38816dbca0899481d04d,False
complete,pendigits,pendigits__sta4__non-overlap-patch-block-hamiltonian__L8__lr0.01__bs32__seed7,results/runs/pendigits/pendigits__sta4__non-overlap-patch-block-hamiltonian__L8__lr0.01__bs32__seed7_seed7,pendigits,sta4,non-overlap-patch-block-hamiltonian,8,7,0.01,32,2000,True,plus,True,False,0.6926575573166502,0.876,0.7562604849906317,0.8353344768439108,0.8853333333333333,1607.8000000000002,,119.3918707370758,,872,8,256,457b0468ba5f023a4a9f38816dbca0899481d04d,False
complete,pendigits,pendigits__sta4__non-overlap-patch-block-hamiltonian__L8__lr0.01__bs32__seed8,results/runs/pendigits/pendigits__sta4__non-overlap-patch-block-hamiltonian__L8__lr0.01__bs32__seed8_seed8,pendigits,sta4,non-overlap-patch-block-hamiltonian,8,8,0.01,32,2000,True,plus,True,False,0.681480617834269,0.8906666666666667,0.7734462955308974,0.8259005145797599,0.8906666666666667,1628.5333333333335,,114.38951754570007,,872,8,256,457b0468ba5f023a4a9f38816dbca0899481d04d,False
complete,pendigits,pendigits__sta4__non-overlap-patch-block-hamiltonian__L8__lr0.01__bs32__seed9,results/runs/pendigits/pendigits__sta4__non-overlap-patch-block-hamiltonian__L8__lr0.01__bs32__seed9_seed9,pendigits,sta4,non-overlap-patch-block-hamiltonian,8,9,0.01,32,2000,True,plus,True,False,0.7398826736165219,0.8626666666666667,0.802745791000939,0.8150371640937679,0.884,1623.2000000000005,,116.26613998413086,,872,8,256,457b0468ba5f023a4a9f38816dbca0899481d04d,False
complete,pendigits,pendigits__sta4__patch-su4__L16__lr0.01__bs32__seed0,results/runs/pendigits/pendigits__sta4__patch-su4__L16__lr0.01__bs32__seed0_seed0,pendigits,sta4,patch-su4,16,0,0.01,32,2000,True,plus,True,False,2.1453759595491606,0.248,2.191887789445854,0.21326472269868496,0.2613333333333333,416.33333333333337,,246.47323632240295,,1680,8,256,457b0468ba5f023a4a9f38816dbca0899481d04d,False
complete,pendigits,pendigits__sta4__patch-su4__L16__lr0.01__bs32__seed10,results/runs/pendigits/pendigits__sta4__patch-su4__L16__lr0.01__bs32__seed10_seed10,pendigits,sta4,patch-su4,16,10,0.01,32,2000,True,plus,True,False,2.113069960947004,0.28,2.1480261904982347,0.26815323041738137,0.296,468.6666666666667,,243.36282205581665,,1680,8,256,457b0468ba5f023a4a9f38816dbca0899481d04d,False
complete,pendigits,pendigits__sta4__patch-su4__L16__lr0.01__bs32__seed11,results/runs/pendigits/pendigits__sta4__patch-su4__L16__lr0.01__bs32__seed11_seed11,pendigits,sta4,patch-su4,16,11,0.01,32,2000,True,plus,True,False,2.1101996325529515,0.26666666666666666,2.165240267928262,0.25128644939965694,0.2786666666666667,439.1333333333334,,244.71153473854065,,1680,8,256,457b0468ba5f023a4a9f38816dbca0899481d04d,False
complete,pendigits,pendigits__sta4__patch-su4__L16__lr0.01__bs32__seed12,results/runs/pendigits/pendigits__sta4__patch-su4__L16__lr0.01__bs32__seed12_seed12,pendigits,sta4,patch-su4,16,12,0.01,32,2000,True,plus,True,False,2.1566682415454936,0.27066666666666667,2.178391089223034,0.2389937106918239,0.2733333333333333,447.6666666666667,,243.9244565963745,,1680,8,256,457b0468ba5f023a4a9f38816dbca0899481d04d,False
complete,pendigits,pendigits__sta4__patch-su4__L16__lr0.01__bs32__seed13,results/runs/pendigits/pendigits__sta4__patch-su4__L16__lr0.01__bs32__seed13_seed13,pendigits,sta4,patch-su4,16,13,0.01,32,2000,True,plus,True,False,2.1486651124035614,0.25333333333333335,2.160689976800287,0.23927958833619212,0.284,444.20000000000005,,245.65927004814148,,1680,8,256,457b0468ba5f023a4a9f38816dbca0899481d04d,False
complete,pendigits,pendigits__sta4__patch-su4__L16__lr0.01__bs32__seed14,results/runs/pendigits/pendigits__sta4__patch-su4__L16__lr0.01__bs32__seed14_seed14,pendigits,sta4,patch-su4,16,14,0.01,32,2000,True,plus,True,False,2.1855764951992533,0.20533333333333334,2.2167662522798457,0.1866781017724414,0.22266666666666668,347.8666666666666,,244.73970484733582,,1680,8,256,457b0468ba5f023a4a9f38816dbca0899481d04d,False
complete,pendigits,pendigits__sta4__patch-su4__L16__lr0.01__bs32__seed15,results/runs/pendigits/pendigits__sta4__patch-su4__L16__lr0.01__bs32__seed15_seed15,pendigits,sta4,patch-su4,16,15,0.01,32,2000,True,plus,True,False,2.1450992217486458,0.228,2.183949097655075,0.23642081189251002,0.28,444.46666666666664,,247.4255404472351,,1680,8,256,457b0468ba5f023a4a9f38816dbca0899481d04d,False
complete,pendigits,pendigits__sta4__patch-su4__L16__lr0.01__bs32__seed16,results/runs/pendigits/pendigits__sta4__patch-su4__L16__lr0.01__bs32__seed16_seed16,pendigits,sta4,patch-su4,16,16,0.01,32,2000,True,plus,True,False,2.1869190410399195,0.21066666666666667,2.179332670836471,0.20440251572327045,0.21866666666666668,364.2666666666667,,243.84185242652893,,1680,8,256,457b0468ba5f023a4a9f38816dbca0899481d04d,False
complete,pendigits,pendigits__sta4__patch-su4__L16__lr0.01__bs32__seed17,results/runs/pendigits/pendigits__sta4__patch-su4__L16__lr0.01__bs32__seed17_seed17,pendigits,sta4,patch-su4,16,17,0.01,32,2000,True,plus,True,False,2.1460667179482855,0.26,2.1999812137505526,0.2249857061177816,0.284,455.9333333333334,,247.27833580970764,,1680,8,256,457b0468ba5f023a4a9f38816dbca0899481d04d,False
complete,pendigits,pendigits__sta4__patch-su4__L16__lr0.01__bs32__seed18,results/runs/pendigits/pendigits__sta4__patch-su4__L16__lr0.01__bs32__seed18_seed18,pendigits,sta4,patch-su4,16,18,0.01,32,2000,True,plus,True,False,2.174738273008489,0.23333333333333334,2.186401696083507,0.23470554602630075,0.2693333333333333,432.5333333333333,,246.24464440345764,,1680,8,256,457b0468ba5f023a4a9f38816dbca0899481d04d,False
complete,pendigits,pendigits__sta4__patch-su4__L16__lr0.01__bs32__seed19,results/runs/pendigits/pendigits__sta4__patch-su4__L16__lr0.01__bs32__seed19_seed19,pendigits,sta4,patch-su4,16,19,0.01,32,2000,True,plus,True,False,2.1882953639420153,0.21866666666666668,2.1956231468978764,0.2358490566037736,0.2866666666666667,451.6,,245.01161575317383,,1680,8,256,457b0468ba5f023a4a9f38816dbca0899481d04d,False
complete,pendigits,pendigits__sta4__patch-su4__L16__lr0.01__bs32__seed1,results/runs/pendigits/pendigits__sta4__patch-su4__L16__lr0.01__bs32__seed1_seed1,pendigits,sta4,patch-su4,16,1,0.01,32,2000,True,plus,True,False,2.2198911223942597,0.18533333333333332,2.2088956471693932,0.17724413950829046,0.22,357.2,,246.6199288368225,,1680,8,256,457b0468ba5f023a4a9f38816dbca0899481d04d,False
complete,pendigits,pendigits__sta4__patch-su4__L16__lr0.01__bs32__seed2,results/runs/pendigits/pendigits__sta4__patch-su4__L16__lr0.01__bs32__seed2_seed2,pendigits,sta4,patch-su4,16,2,0.01,32,2000,True,plus,True,False,2.1455182415385563,0.22933333333333333,2.1799441713541725,0.2224128073184677,0.284,468.2666666666667,,245.69950342178345,,1680,8,256,457b0468ba5f023a4a9f38816dbca0899481d04d,False
complete,pendigits,pendigits__sta4__patch-su4__L16__lr0.01__bs32__seed3,results/runs/pendigits/pendigits__sta4__patch-su4__L16__lr0.01__bs32__seed3_seed3,pendigits,sta4,patch-su4,16,3,0.01,32,2000,True,plus,True,False,2.1263864867971787,0.24266666666666667,2.187224874916605,0.22984562607204118,0.27066666666666667,429.20000000000005,,244.82137870788574,,1680,8,256,457b0468ba5f023a4a9f38816dbca0899481d04d,False
complete,pendigits,pendigits__sta4__patch-su4__L16__lr0.01__bs32__seed4,results/runs/pendigits/pendigits__sta4__patch-su4__L16__lr0.01__bs32__seed4_seed4,pendigits,sta4,patch-su4,16,4,0.01,32,2000,True,plus,True,False,2.1223227467647052,0.23866666666666667,2.1787736785956695,0.2224128073184677,0.2733333333333333,468.66666666666674,,248.07103538513184,,1680,8,256,457b0468ba5f023a4a9f38816dbca0899481d04d,False
complete,pendigits,pendigits__sta4__patch-su4__L16__lr0.01__bs32__seed5,results/runs/pendigits/pendigits__sta4__patch-su4__L16__lr0.01__bs32__seed5_seed5,pendigits,sta4,patch-su4,16,5,0.01,32,2000,True,plus,True,False,2.1792723694287175,0.21333333333333335,2.215397278332244,0.2118353344768439,0.27066666666666667,434.9333333333333,,246.10380005836487,,1680,8,256,457b0468ba5f023a4a9f38816dbca0899481d04d,False
complete,pendigits,pendigits__sta4__patch-su4__L16__lr0.01__bs32__seed6,results/runs/pendigits/pendigits__sta4__patch-su4__L16__lr0.01__bs32__seed6_seed6,pendigits,sta4,patch-su4,16,6,0.01,32,2000,True,plus,True,False,2.1258606109881857,0.25066666666666665,2.1595866740839864,0.2335620354488279,0.276,446.8666666666666,,248.8293058872223,,1680,8,256,457b0468ba5f023a4a9f38816dbca0899481d04d,False
complete,pendigits,pendigits__sta4__patch-su4__L16__lr0.01__bs32__seed7,results/runs/pendigits/pendigits__sta4__patch-su4__L16__lr0.01__bs32__seed7_seed7,pendigits,sta4,patch-su4,16,7,0.01,32,2000,True,plus,True,False,2.213128429909576,0.21333333333333335,2.208194911841386,0.21355060034305318,0.256,425.4,,242.80308437347412,,1680,8,256,457b0468ba5f023a4a9f38816dbca0899481d04d,False
complete,pendigits,pendigits__sta4__patch-su4__L16__lr0.01__bs32__seed8,results/runs/pendigits/pendigits__sta4__patch-su4__L16__lr0.01__bs32__seed8_seed8,pendigits,sta4,patch-su4,16,8,0.01,32,2000,True,plus,True,False,2.114735952987761,0.288,2.1490959880627343,0.24585477415666096,0.29333333333333333,476.4666666666667,,245.89238786697388,,1680,8,256,457b0468ba5f023a4a9f38816dbca0899481d04d,False
complete,pendigits,pendigits__sta4__patch-su4__L16__lr0.01__bs32__seed9,results/runs/pendigits/pendigits__sta4__patch-su4__L16__lr0.01__bs32__seed9_seed9,pendigits,sta4,patch-su4,16,9,0.01,32,2000,True,plus,True,False,2.159011009307666,0.252,2.1631614440569247,0.2447112635791881,0.2733333333333333,420.2666666666667,,245.420161485672,,1680,8,256,457b0468ba5f023a4a9f38816dbca0899481d04d,False
complete,pendigits,pendigits__sta4__patch-su4__L1__lr0.01__bs32__seed0,results/runs/pendigits/pendigits__sta4__patch-su4__L1__lr0.01__bs32__seed0_seed0,pendigits,sta4,patch-su4,1,0,0.01,32,2000,True,plus,True,False,2.1026289718023654,0.2653333333333333,2.089637968700553,0.2773013150371641,0.28933333333333333,504.40000000000003,,22.259175062179565,,105,8,256,457b0468ba5f023a4a9f38816dbca0899481d04d,False
complete,pendigits,pendigits__sta4__patch-su4__L1__lr0.01__bs32__seed10,results/runs/pendigits/pendigits__sta4__patch-su4__L1__lr0.01__bs32__seed10_seed10,pendigits,sta4,patch-su4,1,10,0.01,32,2000,True,plus,True,False,2.090723023954549,0.26666666666666666,2.0693830291249347,0.27387078330474557,0.2906666666666667,505.8666666666666,,20.0432345867157,,105,8,256,457b0468ba5f023a4a9f38816dbca0899481d04d,False
complete,pendigits,pendigits__sta4__patch-su4__L1__lr0.01__bs32__seed11,results/runs/pendigits/pendigits__sta4__patch-su4__L1__lr0.01__bs32__seed11_seed11,pendigits,sta4,patch-su4,1,11,0.01,32,2000,True,plus,True,False,2.09868610221612,0.264,2.074630089911392,0.28530588907947396,0.2866666666666667,512.1999999999999,,20.902463674545288,,105,8,256,457b0468ba5f023a4a9f38816dbca0899481d04d,False
complete,pendigits,pendigits__sta4__patch-su4__L1__lr0.01__bs32__seed12,results/runs/pendigits/pendigits__sta4__patch-su4__L1__lr0.01__bs32__seed12_seed12,pendigits,sta4,patch-su4,1,12,0.01,32,2000,True,plus,True,False,2.090757133414031,0.2866666666666667,2.0591709803432376,0.2815894797026873,0.30266666666666664,519.0666666666666,,21.54412031173706,,105,8,256,457b0468ba5f023a4a9f38816dbca0899481d04d,False
complete,pendigits,pendigits__sta4__patch-su4__L1__lr0.01__bs32__seed13,results/runs/pendigits/pendigits__sta4__patch-su4__L1__lr0.01__bs32__seed13_seed13,pendigits,sta4,patch-su4,1,13,0.01,32,2000,True,plus,True,False,2.106486777930228,0.25866666666666666,2.0802205640899705,0.28959405374499714,0.2853333333333333,504.66666666666663,,20.400911808013916,,105,8,256,457b0468ba5f023a4a9f38816dbca0899481d04d,False
complete,pendigits,pendigits__sta4__patch-su4__L1__lr0.01__bs32__seed14,results/runs/pendigits/pendigits__sta4__patch-su4__L1__lr0.01__bs32__seed14_seed14,pendigits,sta4,patch-su4,1,14,0.01,32,2000,True,plus,True,False,2.091838512508496,0.2813333333333333,2.0678125384986856,0.28702115494568325,0.30133333333333334,509.53333333333325,,20.38059377670288,,105,8,256,457b0468ba5f023a4a9f38816dbca0899481d04d,False
complete,pendigits,pendigits__sta4__patch-su4__L1__lr0.01__bs32__seed15,results/runs/pendigits/pendigits__sta4__patch-su4__L1__lr0.01__bs32__seed15_seed15,pendigits,sta4,patch-su4,1,15,0.01,32,2000,True,plus,True,False,2.0405410601955465,0.2786666666666667,2.0649996881417385,0.29273870783304745,0.308,535.3333333333333,,20.441241025924683,,105,8,256,457b0468ba5f023a4a9f38816dbca0899481d04d,False
complete,pendigits,pendigits__sta4__patch-su4__L1__lr0.01__bs32__seed16,results/runs/pendigits/pendigits__sta4__patch-su4__L1__lr0.01__bs32__seed16_seed16,pendigits,sta4,patch-su4,1,16,0.01,32,2000,True,plus,True,False,2.0632441919740954,0.2813333333333333,2.0727218909097713,0.29531160663236133,0.3,525.4666666666666,,20.183888912200928,,105,8,256,457b0468ba5f023a4a9f38816dbca0899481d04d,False
complete,pendigits,pendigits__sta4__patch-su4__L1__lr0.01__bs32__seed17,results/runs/pendigits/pendigits__sta4__patch-su4__L1__lr0.01__bs32__seed17_seed17,pendigits,sta4,patch-su4,1,17,0.01,32,2000,True,plus,True,False,2.117191599256917,0.25066666666666665,2.0825294063308557,0.2641509433962264,0.292,506.40000000000003,,21.581066370010376,,105,8,256,457b0468ba5f023a4a9f38816dbca0899481d04d,False
complete,pendigits,pendigits__sta4__patch-su4__L1__lr0.01__bs32__seed18,results/runs/pendigits/pendigits__sta4__patch-su4__L1__lr0.01__bs32__seed18_seed18,pendigits,sta4,patch-su4,1,18,0.01,32,2000,True,plus,True,False,2.11017700388573,0.2786666666666667,2.075427711124909,0.2755860491709548,0.2906666666666667,505.9333333333334,,21.753849744796753,,105,8,256,457b0468ba5f023a4a9f38816dbca0899481d04d,False
complete,pendigits,pendigits__sta4__patch-su4__L1__lr0.01__bs32__seed19,results/runs/pendigits/pendigits__sta4__patch-su4__L1__lr0.01__bs32__seed19_seed19,pendigits,sta4,patch-su4,1,19,0.01,32,2000,True,plus,True,False,2.0574970418674505,0.25733333333333336,2.078706474650648,0.279874213836478,0.296,503.2666666666666,,20.07809591293335,,105,8,256,457b0468ba5f023a4a9f38816dbca0899481d04d,False
complete,pendigits,pendigits__sta4__patch-su4__L1__lr0.01__bs32__seed1,results/runs/pendigits/pendigits__sta4__patch-su4__L1__lr0.01__bs32__seed1_seed1,pendigits,sta4,patch-su4,1,1,0.01,32,2000,True,plus,True,False,2.0967483348981837,0.2826666666666667,2.1000924816667363,0.2692967409948542,0.30666666666666664,530.0666666666668,,20.6918044090271,,105,8,256,457b0468ba5f023a4a9f38816dbca0899481d04d,False
complete,pendigits,pendigits__sta4__patch-su4__L1__lr0.01__bs32__seed2,results/runs/pendigits/pendigits__sta4__patch-su4__L1__lr0.01__bs32__seed2_seed2,pendigits,sta4,patch-su4,1,2,0.01,32,2000,True,plus,True,False,2.1045671509805923,0.26666666666666666,2.090202346891169,0.27072612921669525,0.2853333333333333,507.4666666666666,,20.81743860244751,,105,8,256,457b0468ba5f023a4a9f38816dbca0899481d04d,False
complete,pendigits,pendigits__sta4__patch-su4__L1__lr0.01__bs32__seed3,results/runs/pendigits/pendigits__sta4__patch-su4__L1__lr0.01__bs32__seed3_seed3,pendigits,sta4,patch-su4,1,3,0.01,32,2000,True,plus,True,False,2.0899130219639748,0.268,2.086375136996082,0.2770154373927959,0.2986666666666667,520.1333333333333,,20.416629552841187,,105,8,256,457b0468ba5f023a4a9f38816dbca0899481d04d,False
complete,pendigits,pendigits__sta4__patch-su4__L1__lr0.01__bs32__seed4,results/runs/pendigits/pendigits__sta4__patch-su4__L1__lr0.01__bs32__seed4_seed4,pendigits,sta4,patch-su4,1,4,0.01,32,2000,True,plus,True,False,2.079454931207768,0.29333333333333333,2.08532439116008,0.27615780445969124,0.304,537.8,,20.637505531311035,,105,8,256,457b0468ba5f023a4a9f38816dbca0899481d04d,False
complete,pendigits,pendigits__sta4__patch-su4__L1__lr0.01__bs32__seed5,results/runs/pendigits/pendigits__sta4__patch-su4__L1__lr0.01__bs32__seed5_seed5,pendigits,sta4,patch-su4,1,5,0.01,32,2000,True,plus,True,False,2.060271545288768,0.2813333333333333,2.0701762479635675,0.2804459691252144,0.2853333333333333,501.1333333333333,,19.86225652694702,,105,8,256,457b0468ba5f023a4a9f38816dbca0899481d04d,False
complete,pendigits,pendigits__sta4__patch-su4__L1__lr0.01__bs32__seed6,results/runs/pendigits/pendigits__sta4__patch-su4__L1__lr0.01__bs32__seed6_seed6,pendigits,sta4,patch-su4,1,6,0.01,32,2000,True,plus,True,False,2.1277821378901893,0.27466666666666667,2.0908958108456135,0.2835906232132647,0.2786666666666667,501.33333333333326,,21.95302104949951,,105,8,256,457b0468ba5f023a4a9f38816dbca0899481d04d,False
complete,pendigits,pendigits__sta4__patch-su4__L1__lr0.01__bs32__seed7,results/runs/pendigits/pendigits__sta4__patch-su4__L1__lr0.01__bs32__seed7_seed7,pendigits,sta4,patch-su4,1,7,0.01,32,2000,True,plus,True,False,2.109627740161581,0.2653333333333333,2.079738789430991,0.28387650085763294,0.28933333333333333,504.53333333333325,,19.89842128753662,,105,8,256,457b0468ba5f023a4a9f38816dbca0899481d04d,False
complete,pendigits,pendigits__sta4__patch-su4__L1__lr0.01__bs32__seed8,results/runs/pendigits/pendigits__sta4__patch-su4__L1__lr0.01__bs32__seed8_seed8,pendigits,sta4,patch-su4,1,8,0.01,32,2000,True,plus,True,False,2.078097086975899,0.288,2.0704633383864013,0.27958833619210977,0.288,502.9999999999999,,20.21011781692505,,105,8,256,457b0468ba5f023a4a9f38816dbca0899481d04d,False
complete,pendigits,pendigits__sta4__patch-su4__L1__lr0.01__bs32__seed9,results/runs/pendigits/pendigits__sta4__patch-su4__L1__lr0.01__bs32__seed9_seed9,pendigits,sta4,patch-su4,1,9,0.01,32,2000,True,plus,True,False,2.110788458877045,0.27066666666666667,2.095564225948111,0.28216123499142365,0.29333333333333333,513.4666666666667,,20.56766438484192,,105,8,256,457b0468ba5f023a4a9f38816dbca0899481d04d,False
complete,pendigits,pendigits__sta4__patch-su4__L2__lr0.01__bs32__seed0,results/runs/pendigits/pendigits__sta4__patch-su4__L2__lr0.01__bs32__seed0_seed0,pendigits,sta4,patch-su4,2,0,0.01,32,2000,True,plus,True,False,1.8034591549740016,0.36,1.8645223567687286,0.3401943967981704,0.3893333333333333,648.2,,31.564916610717773,,210,8,256,457b0468ba5f023a4a9f38816dbca0899481d04d,False
complete,pendigits,pendigits__sta4__patch-su4__L2__lr0.01__bs32__seed10,results/runs/pendigits/pendigits__sta4__patch-su4__L2__lr0.01__bs32__seed10_seed10,pendigits,sta4,patch-su4,2,10,0.01,32,2000,True,plus,True,False,1.779680920938415,0.364,1.8488571107634229,0.3490566037735849,0.384,645.5333333333333,,31.95966649055481,,210,8,256,457b0468ba5f023a4a9f38816dbca0899481d04d,False
complete,pendigits,pendigits__sta4__patch-su4__L2__lr0.01__bs32__seed11,results/runs/pendigits/pendigits__sta4__patch-su4__L2__lr0.01__bs32__seed11_seed11,pendigits,sta4,patch-su4,2,11,0.01,32,2000,True,plus,True,False,1.8666265600196381,0.34,1.872434526547064,0.33104631217838765,0.344,607.3333333333333,,31.832431316375732,,210,8,256,457b0468ba5f023a4a9f38816dbca0899481d04d,False
complete,pendigits,pendigits__sta4__patch-su4__L2__lr0.01__bs32__seed12,results/runs/pendigits/pendigits__sta4__patch-su4__L2__lr0.01__bs32__seed12_seed12,pendigits,sta4,patch-su4,2,12,0.01,32,2000,True,plus,True,False,1.80948945629563,0.3586666666666667,1.8507863283225028,0.341052029731275,0.38,647.6,,31.483768224716187,,210,8,256,457b0468ba5f023a4a9f38816dbca0899481d04d,False
complete,pendigits,pendigits__sta4__patch-su4__L2__lr0.01__bs32__seed13,results/runs/pendigits/pendigits__sta4__patch-su4__L2__lr0.01__bs32__seed13_seed13,pendigits,sta4,patch-su4,2,13,0.01,32,2000,True,plus,True,False,1.8225041764939542,0.37333333333333335,1.8408374912759753,0.3516295025728988,0.39466666666666667,689.4666666666667,,32.8448748588562,,210,8,256,457b0468ba5f023a4a9f38816dbca0899481d04d,False
complete,pendigits,pendigits__sta4__patch-su4__L2__lr0.01__bs32__seed14,results/runs/pendigits/pendigits__sta4__patch-su4__L2__lr0.01__bs32__seed14_seed14,pendigits,sta4,patch-su4,2,14,0.01,32,2000,True,plus,True,False,1.8925152478179006,0.3333333333333333,1.9488712305013183,0.3038879359634077,0.3586666666666667,625.0666666666667,,32.10670351982117,,210,8,256,457b0468ba5f023a4a9f38816dbca0899481d04d,False
complete,pendigits,pendigits__sta4__patch-su4__L2__lr0.01__bs32__seed15,results/runs/pendigits/pendigits__sta4__patch-su4__L2__lr0.01__bs32__seed15_seed15,pendigits,sta4,patch-su4,2,15,0.01,32,2000,True,plus,True,False,1.8332352301326413,0.3546666666666667,1.8924700558613847,0.34190966266437967,0.36133333333333334,627.0666666666667,,32.38254451751709,,210,8,256,457b0468ba5f023a4a9f38816dbca0899481d04d,False
complete,pendigits,pendigits__sta4__patch-su4__L2__lr0.01__bs32__seed16,results/runs/pendigits/pendigits__sta4__patch-su4__L2__lr0.01__bs32__seed16_seed16,pendigits,sta4,patch-su4,2,16,0.01,32,2000,True,plus,True,False,1.8267018897372858,0.36933333333333335,1.89393541657779,0.3344768439108062,0.36933333333333335,607.6000000000001,,33.03605031967163,,210,8,256,457b0468ba5f023a4a9f38816dbca0899481d04d,False
complete,pendigits,pendigits__sta4__patch-su4__L2__lr0.01__bs32__seed17,results/runs/pendigits/pendigits__sta4__patch-su4__L2__lr0.01__bs32__seed17_seed17,pendigits,sta4,patch-su4,2,17,0.01,32,2000,True,plus,True,False,1.9125217292512964,0.3,1.9649799394605318,0.2918810748999428,0.3373333333333333,564.0666666666666,,32.732343435287476,,210,8,256,457b0468ba5f023a4a9f38816dbca0899481d04d,False
complete,pendigits,pendigits__sta4__patch-su4__L2__lr0.01__bs32__seed18,results/runs/pendigits/pendigits__sta4__patch-su4__L2__lr0.01__bs32__seed18_seed18,pendigits,sta4,patch-su4,2,18,0.01,32,2000,True,plus,True,False,1.923988471618132,0.3333333333333333,1.9344378927928518,0.2970268724985706,0.356,619.7333333333333,,33.302369356155396,,210,8,256,457b0468ba5f023a4a9f38816dbca0899481d04d,False
complete,pendigits,pendigits__sta4__patch-su4__L2__lr0.01__bs32__seed19,results/runs/pendigits/pendigits__sta4__patch-su4__L2__lr0.01__bs32__seed19_seed19,pendigits,sta4,patch-su4,2,19,0.01,32,2000,True,plus,True,False,1.8600930969727414,0.336,1.8934820446836382,0.3381932532875929,0.348,604.8000000000001,,32.418670654296875,,210,8,256,457b0468ba5f023a4a9f38816dbca0899481d04d,False
complete,pendigits,pendigits__sta4__patch-su4__L2__lr0.01__bs32__seed1,results/runs/pendigits/pendigits__sta4__patch-su4__L2__lr0.01__bs32__seed1_seed1,pendigits,sta4,patch-su4,2,1,0.01,32,2000,True,plus,True,False,1.8100174551999444,0.36933333333333335,1.8676751851637656,0.3536306460834763,0.38266666666666665,655.5333333333333,,31.32134461402893,,210,8,256,457b0468ba5f023a4a9f38816dbca0899481d04d,False
complete,pendigits,pendigits__sta4__patch-su4__L2__lr0.01__bs32__seed2,results/runs/pendigits/pendigits__sta4__patch-su4__L2__lr0.01__bs32__seed2_seed2,pendigits,sta4,patch-su4,2,2,0.01,32,2000,True,plus,True,False,1.8440228652845176,0.36,1.8918697646433058,0.33390508862206975,0.3973333333333333,672.3333333333333,,33.19888520240784,,210,8,256,457b0468ba5f023a4a9f38816dbca0899481d04d,False
complete,pendigits,pendigits__sta4__patch-su4__L2__lr0.01__bs32__seed3,results/runs/pendigits/pendigits__sta4__patch-su4__L2__lr0.01__bs32__seed3_seed3,pendigits,sta4,patch-su4,2,3,0.01,32,2000,True,plus,True,False,1.8365887212677654,0.36933333333333335,1.879030859262267,0.36363636363636365,0.38266666666666665,672.1333333333333,,31.67634606361389,,210,8,256,457b0468ba5f023a4a9f38816dbca0899481d04d,False
complete,pendigits,pendigits__sta4__patch-su4__L2__lr0.01__bs32__seed4,results/runs/pendigits/pendigits__sta4__patch-su4__L2__lr0.01__bs32__seed4_seed4,pendigits,sta4,patch-su4,2,4,0.01,32,2000,True,plus,True,False,1.884084072886153,0.3333333333333333,1.9019098318568668,0.3190394511149228,0.336,592.8666666666668,,32.502472162246704,,210,8,256,457b0468ba5f023a4a9f38816dbca0899481d04d,False
complete,pendigits,pendigits__sta4__patch-su4__L2__lr0.01__bs32__seed5,results/runs/pendigits/pendigits__sta4__patch-su4__L2__lr0.01__bs32__seed5_seed5,pendigits,sta4,patch-su4,2,5,0.01,32,2000,True,plus,True,False,1.8290155673728492,0.37466666666666665,1.8985889622932948,0.3404802744425386,0.37733333333333335,671.9333333333332,,33.61986804008484,,210,8,256,457b0468ba5f023a4a9f38816dbca0899481d04d,False
complete,pendigits,pendigits__sta4__patch-su4__L2__lr0.01__bs32__seed6,results/runs/pendigits/pendigits__sta4__patch-su4__L2__lr0.01__bs32__seed6_seed6,pendigits,sta4,patch-su4,2,6,0.01,32,2000,True,plus,True,False,1.8945479571143897,0.312,1.9313723674038652,0.3218982275586049,0.3466666666666667,603.8,,31.471932649612427,,210,8,256,457b0468ba5f023a4a9f38816dbca0899481d04d,False
complete,pendigits,pendigits__sta4__patch-su4__L2__lr0.01__bs32__seed7,results/runs/pendigits/pendigits__sta4__patch-su4__L2__lr0.01__bs32__seed7_seed7,pendigits,sta4,patch-su4,2,7,0.01,32,2000,True,plus,True,False,1.8012189968297783,0.384,1.8645179288398355,0.351915380217267,0.384,645.0666666666668,,34.342204332351685,,210,8,256,457b0468ba5f023a4a9f38816dbca0899481d04d,False
complete,pendigits,pendigits__sta4__patch-su4__L2__lr0.01__bs32__seed8,results/runs/pendigits/pendigits__sta4__patch-su4__L2__lr0.01__bs32__seed8_seed8,pendigits,sta4,patch-su4,2,8,0.01,32,2000,True,plus,True,False,1.8720504546921295,0.35733333333333334,1.936341639376814,0.33676386506575184,0.368,652.4000000000001,,31.88532280921936,,210,8,256,457b0468ba5f023a4a9f38816dbca0899481d04d,False
complete,pendigits,pendigits__sta4__patch-su4__L2__lr0.01__bs32__seed9,results/runs/pendigits/pendigits__sta4__patch-su4__L2__lr0.01__bs32__seed9_seed9,pendigits,sta4,patch-su4,2,9,0.01,32,2000,True,plus,True,False,1.8621773193696365,0.34933333333333333,1.8987344622639926,0.3381932532875929,0.35733333333333334,602.1999999999999,,31.91907048225403,,210,8,256,457b0468ba5f023a4a9f38816dbca0899481d04d,False
complete,pendigits,pendigits__sta4__patch-su4__L32__lr0.01__bs32__seed0,results/runs/pendigits/pendigits__sta4__patch-su4__L32__lr0.01__bs32__seed0_seed0,pendigits,sta4,patch-su4,32,0,0.01,32,2000,True,plus,True,False,2.1869285667358027,0.20266666666666666,2.2166148605475713,0.18782161234991424,0.23066666666666666,354.5333333333333,,462.7642767429352,,3360,8,256,457b0468ba5f023a4a9f38816dbca0899481d04d,False
complete,pendigits,pendigits__sta4__patch-su4__L32__lr0.01__bs32__seed10,results/runs/pendigits/pendigits__sta4__patch-su4__L32__lr0.01__bs32__seed10_seed10,pendigits,sta4,patch-su4,32,10,0.01,32,2000,True,plus,True,False,2.1952439267545474,0.196,2.212604872592532,0.17095483133218983,0.20533333333333334,307.0666666666666,,462.66048669815063,,3360,8,256,457b0468ba5f023a4a9f38816dbca0899481d04d,False
complete,pendigits,pendigits__sta4__patch-su4__L32__lr0.01__bs32__seed11,results/runs/pendigits/pendigits__sta4__patch-su4__L32__lr0.01__bs32__seed11_seed11,pendigits,sta4,patch-su4,32,11,0.01,32,2000,True,plus,True,False,2.2337083290493167,0.16666666666666666,2.240568653281775,0.15008576329331047,0.17866666666666667,300.73333333333335,,462.3474655151367,,3360,8,256,457b0468ba5f023a4a9f38816dbca0899481d04d,False
complete,pendigits,pendigits__sta4__patch-su4__L32__lr0.01__bs32__seed12,results/runs/pendigits/pendigits__sta4__patch-su4__L32__lr0.01__bs32__seed12_seed12,pendigits,sta4,patch-su4,32,12,0.01,32,2000,True,plus,True,False,2.2349314264966944,0.17733333333333334,2.2383815577861914,0.1649514008004574,0.17733333333333334,298.9333333333334,,465.9415695667267,,3360,8,256,457b0468ba5f023a4a9f38816dbca0899481d04d,False
complete,pendigits,pendigits__sta4__patch-su4__L32__lr0.01__bs32__seed13,results/runs/pendigits/pendigits__sta4__patch-su4__L32__lr0.01__bs32__seed13_seed13,pendigits,sta4,patch-su4,32,13,0.01,32,2000,True,plus,True,False,2.2384973168318654,0.168,2.229790180299181,0.16180674671240708,0.19733333333333333,309.0,,459.36122250556946,,3360,8,256,457b0468ba5f023a4a9f38816dbca0899481d04d,False
complete,pendigits,pendigits__sta4__patch-su4__L32__lr0.01__bs32__seed14,results/runs/pendigits/pendigits__sta4__patch-su4__L32__lr0.01__bs32__seed14_seed14,pendigits,sta4,patch-su4,32,14,0.01,32,2000,True,plus,True,False,2.252269898078071,0.14133333333333334,2.2478280861701685,0.1566609491137793,0.18666666666666668,293.4666666666667,,460.7102167606354,,3360,8,256,457b0468ba5f023a4a9f38816dbca0899481d04d,False
complete,pendigits,pendigits__sta4__patch-su4__L32__lr0.01__bs32__seed15,results/runs/pendigits/pendigits__sta4__patch-su4__L32__lr0.01__bs32__seed15_seed15,pendigits,sta4,patch-su4,32,15,0.01,32,2000,True,plus,True,False,2.233120743865508,0.14933333333333335,2.273033857429282,0.1457975986277873,0.204,313.73333333333323,,460.76335287094116,,3360,8,256,457b0468ba5f023a4a9f38816dbca0899481d04d,False
complete,pendigits,pendigits__sta4__patch-su4__L32__lr0.01__bs32__seed16,results/runs/pendigits/pendigits__sta4__patch-su4__L32__lr0.01__bs32__seed16_seed16,pendigits,sta4,patch-su4,32,16,0.01,32,2000,True,plus,True,False,2.2182271018120563,0.18,2.2371344905645714,0.15780445969125215,0.18266666666666667,310.73333333333335,,459.0887689590454,,3360,8,256,457b0468ba5f023a4a9f38816dbca0899481d04d,False
complete,pendigits,pendigits__sta4__patch-su4__L32__lr0.01__bs32__seed17,results/runs/pendigits/pendigits__sta4__patch-su4__L32__lr0.01__bs32__seed17_seed17,pendigits,sta4,patch-su4,32,17,0.01,32,2000,True,plus,True,False,2.2219759495159677,0.16933333333333334,2.2512431297177966,0.14951400800457404,0.19066666666666668,301.00000000000006,,454.7141969203949,,3360,8,256,457b0468ba5f023a4a9f38816dbca0899481d04d,False
complete,pendigits,pendigits__sta4__patch-su4__L32__lr0.01__bs32__seed18,results/runs/pendigits/pendigits__sta4__patch-su4__L32__lr0.01__bs32__seed18_seed18,pendigits,sta4,patch-su4,32,18,0.01,32,2000,True,plus,True,False,2.2439670897400052,0.16133333333333333,2.248598255952994,0.148084619782733,0.18,291.6,,454.78883957862854,,3360,8,256,457b0468ba5f023a4a9f38816dbca0899481d04d,False
complete,pendigits,pendigits__sta4__patch-su4__L32__lr0.01__bs32__seed19,results/runs/pendigits/pendigits__sta4__patch-su4__L32__lr0.01__bs32__seed19_seed19,pendigits,sta4,patch-su4,32,19,0.01,32,2000,True,plus,True,False,2.2297092448204903,0.16533333333333333,2.244289806837493,0.15180102915951973,0.18133333333333335,297.99999999999994,,456.58690667152405,,3360,8,256,457b0468ba5f023a4a9f38816dbca0899481d04d,False
complete,pendigits,pendigits__sta4__patch-su4__L32__lr0.01__bs32__seed1,results/runs/pendigits/pendigits__sta4__patch-su4__L32__lr0.01__bs32__seed1_seed1,pendigits,sta4,patch-su4,32,1,0.01,32,2000,True,plus,True,False,2.239242067562629,0.16533333333333333,2.2513298288691677,0.15294453973699257,0.17866666666666667,297.6666666666667,,463.7094655036926,,3360,8,256,457b0468ba5f023a4a9f38816dbca0899481d04d,False
complete,pendigits,pendigits__sta4__patch-su4__L32__lr0.01__bs32__seed2,results/runs/pendigits/pendigits__sta4__patch-su4__L32__lr0.01__bs32__seed2_seed2,pendigits,sta4,patch-su4,32,2,0.01,32,2000,True,plus,True,False,2.247527821497233,0.15333333333333332,2.250360228079726,0.1595197255574614,0.18266666666666667,304.8,,455.8025939464569,,3360,8,256,457b0468ba5f023a4a9f38816dbca0899481d04d,False
complete,pendigits,pendigits__sta4__patch-su4__L32__lr0.01__bs32__seed3,results/runs/pendigits/pendigits__sta4__patch-su4__L32__lr0.01__bs32__seed3_seed3,pendigits,sta4,patch-su4,32,3,0.01,32,2000,True,plus,True,False,2.2133632599551047,0.176,2.229615347887494,0.17495711835334476,0.20133333333333334,307.1333333333334,,459.1947362422943,,3360,8,256,457b0468ba5f023a4a9f38816dbca0899481d04d,False
complete,pendigits,pendigits__sta4__patch-su4__L32__lr0.01__bs32__seed4,results/runs/pendigits/pendigits__sta4__patch-su4__L32__lr0.01__bs32__seed4_seed4,pendigits,sta4,patch-su4,32,4,0.01,32,2000,True,plus,True,False,2.226515418653944,0.16266666666666665,2.2442569870603357,0.15608919382504288,0.188,301.3333333333333,,454.65018224716187,,3360,8,256,457b0468ba5f023a4a9f38816dbca0899481d04d,False
complete,pendigits,pendigits__sta4__patch-su4__L32__lr0.01__bs32__seed5,results/runs/pendigits/pendigits__sta4__patch-su4__L32__lr0.01__bs32__seed5_seed5,pendigits,sta4,patch-su4,32,5,0.01,32,2000,True,plus,True,False,2.226481867428383,0.18133333333333335,2.242372452877636,0.16409376786735277,0.18933333333333333,309.5333333333333,,455.03645277023315,,3360,8,256,457b0468ba5f023a4a9f38816dbca0899481d04d,False
complete,pendigits,pendigits__sta4__patch-su4__L32__lr0.01__bs32__seed6,results/runs/pendigits/pendigits__sta4__patch-su4__L32__lr0.01__bs32__seed6_seed6,pendigits,sta4,patch-su4,32,6,0.01,32,2000,True,plus,True,False,2.2223953620173296,0.18933333333333333,2.2123095062704197,0.20526014865637507,0.248,330.86666666666673,,458.59396600723267,,3360,8,256,457b0468ba5f023a4a9f38816dbca0899481d04d,False
complete,pendigits,pendigits__sta4__patch-su4__L32__lr0.01__bs32__seed7,results/runs/pendigits/pendigits__sta4__patch-su4__L32__lr0.01__bs32__seed7_seed7,pendigits,sta4,patch-su4,32,7,0.01,32,2000,True,plus,True,False,2.239331492799752,0.16533333333333333,2.2428133919308446,0.15180102915951973,0.188,301.2666666666667,,455.9766917228699,,3360,8,256,457b0468ba5f023a4a9f38816dbca0899481d04d,False
complete,pendigits,pendigits__sta4__patch-su4__L32__lr0.01__bs32__seed8,results/runs/pendigits/pendigits__sta4__patch-su4__L32__lr0.01__bs32__seed8_seed8,pendigits,sta4,patch-su4,32,8,0.01,32,2000,True,plus,True,False,2.1927881433363305,0.21733333333333332,2.2074131819142258,0.21526586620926244,0.21733333333333332,323.2666666666666,,455.32439494132996,,3360,8,256,5d760ef42d71a06acce4efdc9ed931be057f16a6,True
complete,pendigits,pendigits__sta4__patch-su4__L32__lr0.01__bs32__seed9,results/runs/pendigits/pendigits__sta4__patch-su4__L32__lr0.01__bs32__seed9_seed9,pendigits,sta4,patch-su4,32,9,0.01,32,2000,True,plus,True,False,2.2393940089237647,0.152,2.2496735840544044,0.15580331618067467,0.17066666666666666,286.93333333333334,,457.45773673057556,,3360,8,256,5d760ef42d71a06acce4efdc9ed931be057f16a6,False
complete,pendigits,pendigits__sta4__patch-su4__L4__lr0.01__bs32__seed0,results/runs/pendigits/pendigits__sta4__patch-su4__L4__lr0.01__bs32__seed0_seed0,pendigits,sta4,patch-su4,4,0,0.01,32,2000,True,plus,True,False,1.7752653592870038,0.38,1.8599383892265169,0.3490566037735849,0.3933333333333333,626.6666666666667,,161.96092176437378,,420,8,256,5d760ef42d71a06acce4efdc9ed931be057f16a6,False
complete,pendigits,pendigits__sta4__patch-su4__L4__lr0.01__bs32__seed10,results/runs/pendigits/pendigits__sta4__patch-su4__L4__lr0.01__bs32__seed10_seed10,pendigits,sta4,patch-su4,4,10,0.01,32,2000,True,plus,True,False,1.7916559219216805,0.392,1.878778707762034,0.34305317324185247,0.404,646.1333333333333,,91.98117589950562,,420,8,256,5d760ef42d71a06acce4efdc9ed931be057f16a6,False
complete,pendigits,pendigits__sta4__patch-su4__L4__lr0.01__bs32__seed11,results/runs/pendigits/pendigits__sta4__patch-su4__L4__lr0.01__bs32__seed11_seed11,pendigits,sta4,patch-su4,4,11,0.01,32,2000,True,plus,True,False,1.7506433865550737,0.39066666666666666,1.803808647303822,0.3553459119496855,0.39066666666666666,645.7999999999998,,87.33471393585205,,420,8,256,5d760ef42d71a06acce4efdc9ed931be057f16a6,False
complete,pendigits,pendigits__sta4__patch-su4__L4__lr0.01__bs32__seed12,results/runs/pendigits/pendigits__sta4__patch-su4__L4__lr0.01__bs32__seed12_seed12,pendigits,sta4,patch-su4,4,12,0.01,32,2000,True,plus,True,False,1.8269441742785069,0.3426666666666667,1.8539147129789657,0.3493424814179531,0.37866666666666665,614.4,,159.5330822467804,,420,8,256,5d760ef42d71a06acce4efdc9ed931be057f16a6,False
complete,pendigits,pendigits__sta4__patch-su4__L4__lr0.01__bs32__seed13,results/runs/pendigits/pendigits__sta4__patch-su4__L4__lr0.01__bs32__seed13_seed13,pendigits,sta4,patch-su4,4,13,0.01,32,2000,True,plus,True,False,1.7925395654982716,0.38,1.8385594470314013,0.351915380217267,0.3893333333333333,657.6666666666667,,86.96926045417786,,420,8,256,5d760ef42d71a06acce4efdc9ed931be057f16a6,False
complete,pendigits,pendigits__sta4__patch-su4__L4__lr0.01__bs32__seed14,results/runs/pendigits/pendigits__sta4__patch-su4__L4__lr0.01__bs32__seed14_seed14,pendigits,sta4,patch-su4,4,14,0.01,32,2000,True,plus,True,False,1.8225786752908577,0.3586666666666667,1.8617694669797784,0.34505431675243,0.38533333333333336,632.3999999999999,,207.26411604881287,,420,8,256,5d760ef42d71a06acce4efdc9ed931be057f16a6,False
complete,pendigits,pendigits__sta4__patch-su4__L4__lr0.01__bs32__seed15,results/runs/pendigits/pendigits__sta4__patch-su4__L4__lr0.01__bs32__seed15_seed15,pendigits,sta4,patch-su4,4,15,0.01,32,2000,True,plus,True,False,1.7917037235987014,0.3373333333333333,1.8542028455268922,0.34877072612921667,0.36666666666666664,617.6666666666666,,147.11061477661133,,420,8,256,5d760ef42d71a06acce4efdc9ed931be057f16a6,False
complete,pendigits,pendigits__sta4__patch-su4__L4__lr0.01__bs32__seed16,results/runs/pendigits/pendigits__sta4__patch-su4__L4__lr0.01__bs32__seed16_seed16,pendigits,sta4,patch-su4,4,16,0.01,32,2000,True,plus,True,False,1.799565021335197,0.36133333333333334,1.8801274904148655,0.33390508862206975,0.3893333333333333,627.4666666666667,,173.9001166820526,,420,8,256,5d760ef42d71a06acce4efdc9ed931be057f16a6,False
complete,pendigits,pendigits__sta4__patch-su4__L4__lr0.01__bs32__seed17,results/runs/pendigits/pendigits__sta4__patch-su4__L4__lr0.01__bs32__seed17_seed17,pendigits,sta4,patch-su4,4,17,0.01,32,2000,True,plus,True,False,1.9049095099518467,0.3293333333333333,1.9314611569389404,0.3130360205831904,0.356,590.8666666666667,,154.89599108695984,,420,8,256,5d760ef42d71a06acce4efdc9ed931be057f16a6,False
complete,pendigits,pendigits__sta4__patch-su4__L4__lr0.01__bs32__seed18,results/runs/pendigits/pendigits__sta4__patch-su4__L4__lr0.01__bs32__seed18_seed18,pendigits,sta4,patch-su4,4,18,0.01,32,2000,True,plus,True,False,1.844529411868225,0.352,1.8650102687150085,0.34734133790737565,0.39866666666666667,652.1333333333333,,144.3735225200653,,420,8,256,5d760ef42d71a06acce4efdc9ed931be057f16a6,False
complete,pendigits,pendigits__sta4__patch-su4__L4__lr0.01__bs32__seed19,results/runs/pendigits/pendigits__sta4__patch-su4__L4__lr0.01__bs32__seed19_seed19,pendigits,sta4,patch-su4,4,19,0.01,32,2000,True,plus,True,False,1.8251795434115565,0.356,1.8503214759260962,0.3524871355060034,0.4,664.3333333333334,,126.19001579284668,,420,8,256,5d760ef42d71a06acce4efdc9ed931be057f16a6,False
complete,pendigits,pendigits__sta4__patch-su4__L4__lr0.01__bs32__seed1,results/runs/pendigits/pendigits__sta4__patch-su4__L4__lr0.01__bs32__seed1_seed1,pendigits,sta4,patch-su4,4,1,0.01,32,2000,True,plus,True,False,1.882417854498732,0.33866666666666667,1.9077148680353357,0.33676386506575184,0.38133333333333336,620.5333333333334,,67.14483046531677,,420,8,256,5d760ef42d71a06acce4efdc9ed931be057f16a6,False
complete,pendigits,pendigits__sta4__patch-su4__L4__lr0.01__bs32__seed2,results/runs/pendigits/pendigits__sta4__patch-su4__L4__lr0.01__bs32__seed2_seed2,pendigits,sta4,patch-su4,4,2,0.01,32,2000,True,plus,True,False,1.7507142763537307,0.376,1.8378626046825626,0.35934819897084047,0.39066666666666666,657.8666666666667,,130.76011514663696,,420,8,256,5d760ef42d71a06acce4efdc9ed931be057f16a6,False
complete,pendigits,pendigits__sta4__patch-su4__L4__lr0.01__bs32__seed3,results/runs/pendigits/pendigits__sta4__patch-su4__L4__lr0.01__bs32__seed3_seed3,pendigits,sta4,patch-su4,4,3,0.01,32,2000,True,plus,True,False,1.7790443238487998,0.36533333333333334,1.8166344499312628,0.3421955403087479,0.39466666666666667,635.3333333333333,,118.83907914161682,,420,8,256,c9975de69f8651d303bc6c90c5d2fe6e6ebd42c1,False
complete,pendigits,pendigits__sta4__patch-su4__L4__lr0.01__bs32__seed4,results/runs/pendigits/pendigits__sta4__patch-su4__L4__lr0.01__bs32__seed4_seed4,pendigits,sta4,patch-su4,4,4,0.01,32,2000,True,plus,True,False,1.8477831750876352,0.36133333333333334,1.805455005335505,0.36163522012578614,0.36133333333333334,625.8000000000001,,121.35134601593018,,420,8,256,c9975de69f8651d303bc6c90c5d2fe6e6ebd42c1,True
complete,pendigits,pendigits__sta4__patch-su4__L4__lr0.01__bs32__seed5,results/runs/pendigits/pendigits__sta4__patch-su4__L4__lr0.01__bs32__seed5_seed5,pendigits,sta4,patch-su4,4,5,0.01,32,2000,True,plus,True,False,1.8693212717217544,0.324,1.8872991389677056,0.35048599199542596,0.37333333333333335,624.1333333333334,,116.03696775436401,,420,8,256,c9975de69f8651d303bc6c90c5d2fe6e6ebd42c1,False
complete,pendigits,pendigits__sta4__patch-su4__L4__lr0.01__bs32__seed6,results/runs/pendigits/pendigits__sta4__patch-su4__L4__lr0.01__bs32__seed6_seed6,pendigits,sta4,patch-su4,4,6,0.01,32,2000,True,plus,True,False,1.8280729155840751,0.36933333333333335,1.90395175920629,0.33990851915380216,0.388,595.5333333333332,,101.83642888069153,,420,8,256,c9975de69f8651d303bc6c90c5d2fe6e6ebd42c1,False
complete,pendigits,pendigits__sta4__patch-su4__L4__lr0.01__bs32__seed7,results/runs/pendigits/pendigits__sta4__patch-su4__L4__lr0.01__bs32__seed7_seed7,pendigits,sta4,patch-su4,4,7,0.01,32,2000,True,plus,True,False,1.777332812289047,0.356,1.841077943586525,0.3481989708404803,0.36533333333333334,622.3333333333334,,99.04327321052551,,420,8,256,c9975de69f8651d303bc6c90c5d2fe6e6ebd42c1,False
complete,pendigits,pendigits__sta4__patch-su4__L4__lr0.01__bs32__seed8,results/runs/pendigits/pendigits__sta4__patch-su4__L4__lr0.01__bs32__seed8_seed8,pendigits,sta4,patch-su4,4,8,0.01,32,2000,True,plus,True,False,1.804292278024425,0.348,1.850791925238864,0.34133790737564323,0.37466666666666665,601.1333333333333,,78.76484847068787,,420,8,256,c9975de69f8651d303bc6c90c5d2fe6e6ebd42c1,False
complete,pendigits,pendigits__sta4__patch-su4__L4__lr0.01__bs32__seed9,results/runs/pendigits/pendigits__sta4__patch-su4__L4__lr0.01__bs32__seed9_seed9,pendigits,sta4,patch-su4,4,9,0.01,32,2000,True,plus,True,False,1.78863048161744,0.3546666666666667,1.866012981010153,0.33276157804459694,0.38133333333333336,632.9333333333334,,67.8781054019928,,420,8,256,c9975de69f8651d303bc6c90c5d2fe6e6ebd42c1,False
complete,pendigits,pendigits__sta4__patch-su4__L8__lr0.01__bs32__seed0,results/runs/pendigits/pendigits__sta4__patch-su4__L8__lr0.01__bs32__seed0_seed0,pendigits,sta4,patch-su4,8,0,0.01,32,2000,True,plus,True,False,1.88733089944998,0.3586666666666667,1.9517130055548118,0.30874785591766724,0.36133333333333334,570.7333333333333,,105.50981974601746,,840,8,256,457b0468ba5f023a4a9f38816dbca0899481d04d,False
complete,pendigits,pendigits__sta4__patch-su4__L8__lr0.01__bs32__seed10,results/runs/pendigits/pendigits__sta4__patch-su4__L8__lr0.01__bs32__seed10_seed10,pendigits,sta4,patch-su4,8,10,0.01,32,2000,True,plus,True,False,2.0198892907989303,0.3,2.0754541476399777,0.3021726700971984,0.31866666666666665,536.6000000000001,,107.17375922203064,,840,8,256,457b0468ba5f023a4a9f38816dbca0899481d04d,False
complete,pendigits,pendigits__sta4__patch-su4__L8__lr0.01__bs32__seed11,results/runs/pendigits/pendigits__sta4__patch-su4__L8__lr0.01__bs32__seed11_seed11,pendigits,sta4,patch-su4,8,11,0.01,32,2000,True,plus,True,False,2.0313687372825426,0.32666666666666666,2.0780060558870663,0.30646083476272157,0.332,543.0666666666666,,107.85872650146484,,840,8,256,457b0468ba5f023a4a9f38816dbca0899481d04d,False
complete,pendigits,pendigits__sta4__patch-su4__L8__lr0.01__bs32__seed12,results/runs/pendigits/pendigits__sta4__patch-su4__L8__lr0.01__bs32__seed12_seed12,pendigits,sta4,patch-su4,8,12,0.01,32,2000,True,plus,True,False,2.006162184859909,0.31333333333333335,2.0832587014782606,0.2998856489422527,0.32133333333333336,545.5333333333333,,105.3503782749176,,840,8,256,457b0468ba5f023a4a9f38816dbca0899481d04d,False
complete,pendigits,pendigits__sta4__patch-su4__L8__lr0.01__bs32__seed13,results/runs/pendigits/pendigits__sta4__patch-su4__L8__lr0.01__bs32__seed13_seed13,pendigits,sta4,patch-su4,8,13,0.01,32,2000,True,plus,True,False,2.0355559559497434,0.31333333333333335,2.072596086670149,0.2970268724985706,0.336,539.6,,104.54837417602539,,840,8,256,457b0468ba5f023a4a9f38816dbca0899481d04d,False
complete,pendigits,pendigits__sta4__patch-su4__L8__lr0.01__bs32__seed14,results/runs/pendigits/pendigits__sta4__patch-su4__L8__lr0.01__bs32__seed14_seed14,pendigits,sta4,patch-su4,8,14,0.01,32,2000,True,plus,True,False,2.0563019934815725,0.2946666666666667,2.0870391120004417,0.30102915951972553,0.32,542.5333333333332,,108.0152428150177,,840,8,256,457b0468ba5f023a4a9f38816dbca0899481d04d,False
complete,pendigits,pendigits__sta4__patch-su4__L8__lr0.01__bs32__seed15,results/runs/pendigits/pendigits__sta4__patch-su4__L8__lr0.01__bs32__seed15_seed15,pendigits,sta4,patch-su4,8,15,0.01,32,2000,True,plus,True,False,2.082670450718263,0.29733333333333334,2.1500808057577263,0.27387078330474557,0.3506666666666667,542.0666666666667,,110.0834174156189,,840,8,256,457b0468ba5f023a4a9f38816dbca0899481d04d,False
complete,pendigits,pendigits__sta4__patch-su4__L8__lr0.01__bs32__seed16,results/runs/pendigits/pendigits__sta4__patch-su4__L8__lr0.01__bs32__seed16_seed16,pendigits,sta4,patch-su4,8,16,0.01,32,2000,True,plus,True,False,1.9887684792031473,0.33866666666666667,2.073458950566433,0.30617495711835335,0.33866666666666667,522.0666666666666,,107.20881700515747,,840,8,256,457b0468ba5f023a4a9f38816dbca0899481d04d,False
complete,pendigits,pendigits__sta4__patch-su4__L8__lr0.01__bs32__seed17,results/runs/pendigits/pendigits__sta4__patch-su4__L8__lr0.01__bs32__seed17_seed17,pendigits,sta4,patch-su4,8,17,0.01,32,2000,True,plus,True,False,2.032570825009169,0.312,2.090520163174206,0.29817038307604343,0.33466666666666667,522.4000000000001,,109.25717902183533,,840,8,256,457b0468ba5f023a4a9f38816dbca0899481d04d,False
complete,pendigits,pendigits__sta4__patch-su4__L8__lr0.01__bs32__seed18,results/runs/pendigits/pendigits__sta4__patch-su4__L8__lr0.01__bs32__seed18_seed18,pendigits,sta4,patch-su4,8,18,0.01,32,2000,True,plus,True,False,2.0447122591465146,0.32,2.0882161837998905,0.28702115494568325,0.324,540.8,,107.10602378845215,,840,8,256,457b0468ba5f023a4a9f38816dbca0899481d04d,False
complete,pendigits,pendigits__sta4__patch-su4__L8__lr0.01__bs32__seed19,results/runs/pendigits/pendigits__sta4__patch-su4__L8__lr0.01__bs32__seed19_seed19,pendigits,sta4,patch-su4,8,19,0.01,32,2000,True,plus,True,False,2.0371883297723272,0.328,2.0872615044048755,0.2884505431675243,0.3413333333333333,537.1999999999999,,108.76359367370605,,840,8,256,457b0468ba5f023a4a9f38816dbca0899481d04d,False
complete,pendigits,pendigits__sta4__patch-su4__L8__lr0.01__bs32__seed1,results/runs/pendigits/pendigits__sta4__patch-su4__L8__lr0.01__bs32__seed1_seed1,pendigits,sta4,patch-su4,8,1,0.01,32,2000,True,plus,True,False,2.0729424783992694,0.30933333333333335,2.125960450338133,0.2933104631217839,0.30933333333333335,499.0000000000001,,105.39995098114014,,840,8,256,457b0468ba5f023a4a9f38816dbca0899481d04d,False
complete,pendigits,pendigits__sta4__patch-su4__L8__lr0.01__bs32__seed2,results/runs/pendigits/pendigits__sta4__patch-su4__L8__lr0.01__bs32__seed2_seed2,pendigits,sta4,patch-su4,8,2,0.01,32,2000,True,plus,True,False,2.0146508738074353,0.32133333333333336,2.086552099542086,0.2893081761006289,0.32133333333333336,534.4666666666666,,108.88252139091492,,840,8,256,457b0468ba5f023a4a9f38816dbca0899481d04d,False
complete,pendigits,pendigits__sta4__patch-su4__L8__lr0.01__bs32__seed3,results/runs/pendigits/pendigits__sta4__patch-su4__L8__lr0.01__bs32__seed3_seed3,pendigits,sta4,patch-su4,8,3,0.01,32,2000,True,plus,True,False,1.8749904092346374,0.328,1.9405495566822857,0.313893653516295,0.3466666666666667,563.3333333333333,,106.68791818618774,,840,8,256,457b0468ba5f023a4a9f38816dbca0899481d04d,False
complete,pendigits,pendigits__sta4__patch-su4__L8__lr0.01__bs32__seed4,results/runs/pendigits/pendigits__sta4__patch-su4__L8__lr0.01__bs32__seed4_seed4,pendigits,sta4,patch-su4,8,4,0.01,32,2000,True,plus,True,False,2.0296810298222896,0.296,2.0655047783182527,0.29273870783304745,0.31733333333333336,523.7333333333333,,107.7616274356842,,840,8,256,457b0468ba5f023a4a9f38816dbca0899481d04d,False
complete,pendigits,pendigits__sta4__patch-su4__L8__lr0.01__bs32__seed5,results/runs/pendigits/pendigits__sta4__patch-su4__L8__lr0.01__bs32__seed5_seed5,pendigits,sta4,patch-su4,8,5,0.01,32,2000,True,plus,True,False,2.055671120947405,0.2853333333333333,2.1040268605417727,0.2875929102344197,0.31866666666666665,535.2666666666667,,107.80584406852722,,840,8,256,457b0468ba5f023a4a9f38816dbca0899481d04d,False
complete,pendigits,pendigits__sta4__patch-su4__L8__lr0.01__bs32__seed6,results/runs/pendigits/pendigits__sta4__patch-su4__L8__lr0.01__bs32__seed6_seed6,pendigits,sta4,patch-su4,8,6,0.01,32,2000,True,plus,True,False,2.0271703369670195,0.29733333333333334,2.0892310473645437,0.2950257289879931,0.34,561.6,,107.18755531311035,,840,8,256,457b0468ba5f023a4a9f38816dbca0899481d04d,False
complete,pendigits,pendigits__sta4__patch-su4__L8__lr0.01__bs32__seed7,results/runs/pendigits/pendigits__sta4__patch-su4__L8__lr0.01__bs32__seed7_seed7,pendigits,sta4,patch-su4,8,7,0.01,32,2000,True,plus,True,False,2.0412513753283448,0.31733333333333336,2.067332127227681,0.30445969125214406,0.3413333333333333,544.9999999999999,,107.08490061759949,,840,8,256,457b0468ba5f023a4a9f38816dbca0899481d04d,False
complete,pendigits,pendigits__sta4__patch-su4__L8__lr0.01__bs32__seed8,results/runs/pendigits/pendigits__sta4__patch-su4__L8__lr0.01__bs32__seed8_seed8,pendigits,sta4,patch-su4,8,8,0.01,32,2000,True,plus,True,False,2.066629250995905,0.2906666666666667,2.096994875552016,0.27329902801600914,0.3426666666666667,543.6666666666666,,109.2856080532074,,840,8,256,457b0468ba5f023a4a9f38816dbca0899481d04d,False
complete,pendigits,pendigits__sta4__patch-su4__L8__lr0.01__bs32__seed9,results/runs/pendigits/pendigits__sta4__patch-su4__L8__lr0.01__bs32__seed9_seed9,pendigits,sta4,patch-su4,8,9,0.01,32,2000,True,plus,True,False,2.015662485353048,0.30933333333333335,2.0870104083509426,0.2998856489422527,0.336,531.5333333333333,,107.68820524215698,,840,8,256,457b0468ba5f023a4a9f38816dbca0899481d04d,False
complete,pendigits,pendigits__sta4__symmetric-hamiltonian__L16__lr0.01__bs32__seed0,results/runs/pendigits/pendigits__sta4__symmetric-hamiltonian__L16__lr0.01__bs32__seed0_seed0,pendigits,sta4,symmetric-hamiltonian,16,0,0.01,32,2000,True,plus,True,False,1.002066928843913,0.7506666666666667,1.0392709090159133,0.7229845626072041,0.7773333333333333,1234.2666666666669,,98.01859760284424,,736,4,16,457b0468ba5f023a4a9f38816dbca0899481d04d,False
complete,pendigits,pendigits__sta4__symmetric-hamiltonian__L16__lr0.01__bs32__seed10,results/runs/pendigits/pendigits__sta4__symmetric-hamiltonian__L16__lr0.01__bs32__seed10_seed10,pendigits,sta4,symmetric-hamiltonian,16,10,0.01,32,2000,True,plus,True,False,0.9879140203250196,0.7506666666666667,1.033821160788012,0.7429959977129789,0.796,1253.8000000000002,,96.73103427886963,,736,4,16,457b0468ba5f023a4a9f38816dbca0899481d04d,False
complete,pendigits,pendigits__sta4__symmetric-hamiltonian__L16__lr0.01__bs32__seed11,results/runs/pendigits/pendigits__sta4__symmetric-hamiltonian__L16__lr0.01__bs32__seed11_seed11,pendigits,sta4,symmetric-hamiltonian,16,11,0.01,32,2000,True,plus,True,False,0.9810040388345087,0.764,1.0018028723643064,0.7424242424242424,0.764,1227.466666666667,,96.54684162139893,,736,4,16,457b0468ba5f023a4a9f38816dbca0899481d04d,False
complete,pendigits,pendigits__sta4__symmetric-hamiltonian__L16__lr0.01__bs32__seed12,results/runs/pendigits/pendigits__sta4__symmetric-hamiltonian__L16__lr0.01__bs32__seed12_seed12,pendigits,sta4,symmetric-hamiltonian,16,12,0.01,32,2000,True,plus,True,False,1.017896621331909,0.748,1.0852677714302021,0.7089765580331618,0.748,1143.5333333333333,,97.31495261192322,,736,4,16,457b0468ba5f023a4a9f38816dbca0899481d04d,False
complete,pendigits,pendigits__sta4__symmetric-hamiltonian__L16__lr0.01__bs32__seed13,results/runs/pendigits/pendigits__sta4__symmetric-hamiltonian__L16__lr0.01__bs32__seed13_seed13,pendigits,sta4,symmetric-hamiltonian,16,13,0.01,32,2000,True,plus,True,False,1.2056125835682583,0.7106666666666667,1.2394441121957642,0.6849628359062321,0.7466666666666667,1212.0666666666668,,98.3082799911499,,736,4,16,457b0468ba5f023a4a9f38816dbca0899481d04d,False
complete,pendigits,pendigits__sta4__symmetric-hamiltonian__L16__lr0.01__bs32__seed14,results/runs/pendigits/pendigits__sta4__symmetric-hamiltonian__L16__lr0.01__bs32__seed14_seed14,pendigits,sta4,symmetric-hamiltonian,16,14,0.01,32,2000,True,plus,True,False,0.9234994686133582,0.7493333333333333,0.9689708737038493,0.7424242424242424,0.7706666666666667,1251.6666666666665,,97.0111575126648,,736,4,16,457b0468ba5f023a4a9f38816dbca0899481d04d,False
complete,pendigits,pendigits__sta4__symmetric-hamiltonian__L16__lr0.01__bs32__seed15,results/runs/pendigits/pendigits__sta4__symmetric-hamiltonian__L16__lr0.01__bs32__seed15_seed15,pendigits,sta4,symmetric-hamiltonian,16,15,0.01,32,2000,True,plus,True,False,1.217929940097772,0.6786666666666666,1.252731260730664,0.6763865065751858,0.78,1263.1333333333337,,97.0590500831604,,736,4,16,457b0468ba5f023a4a9f38816dbca0899481d04d,False
complete,pendigits,pendigits__sta4__symmetric-hamiltonian__L16__lr0.01__bs32__seed16,results/runs/pendigits/pendigits__sta4__symmetric-hamiltonian__L16__lr0.01__bs32__seed16_seed16,pendigits,sta4,symmetric-hamiltonian,16,16,0.01,32,2000,True,plus,True,False,1.0068150095660748,0.7533333333333333,1.0109801095722861,0.7489994282447112,0.7533333333333333,1268.5333333333333,,96.59359216690063,,736,4,16,457b0468ba5f023a4a9f38816dbca0899481d04d,False
complete,pendigits,pendigits__sta4__symmetric-hamiltonian__L16__lr0.01__bs32__seed17,results/runs/pendigits/pendigits__sta4__symmetric-hamiltonian__L16__lr0.01__bs32__seed17_seed17,pendigits,sta4,symmetric-hamiltonian,16,17,0.01,32,2000,True,plus,True,False,1.0127346525720888,0.7573333333333333,1.0165962935707449,0.7449971412235563,0.7853333333333333,1308.6000000000001,,98.2204577922821,,736,4,16,457b0468ba5f023a4a9f38816dbca0899481d04d,False
complete,pendigits,pendigits__sta4__symmetric-hamiltonian__L16__lr0.01__bs32__seed18,results/runs/pendigits/pendigits__sta4__symmetric-hamiltonian__L16__lr0.01__bs32__seed18_seed18,pendigits,sta4,symmetric-hamiltonian,16,18,0.01,32,2000,True,plus,True,False,1.0091569655414359,0.7506666666666667,1.0694322032668342,0.7341337907375644,0.788,1243.2,,97.90224742889404,,736,4,16,457b0468ba5f023a4a9f38816dbca0899481d04d,False
complete,pendigits,pendigits__sta4__symmetric-hamiltonian__L16__lr0.01__bs32__seed19,results/runs/pendigits/pendigits__sta4__symmetric-hamiltonian__L16__lr0.01__bs32__seed19_seed19,pendigits,sta4,symmetric-hamiltonian,16,19,0.01,32,2000,True,plus,True,False,1.3070810018326586,0.6493333333333333,1.3367342856102535,0.6366495140080046,0.7746666666666666,1323.4666666666667,,96.1152274608612,,736,4,16,457b0468ba5f023a4a9f38816dbca0899481d04d,False
complete,pendigits,pendigits__sta4__symmetric-hamiltonian__L16__lr0.01__bs32__seed1,results/runs/pendigits/pendigits__sta4__symmetric-hamiltonian__L16__lr0.01__bs32__seed1_seed1,pendigits,sta4,symmetric-hamiltonian,16,1,0.01,32,2000,True,plus,True,False,1.0931187389507164,0.7266666666666667,1.1914320492946164,0.6843910806174958,0.7546666666666667,1240.8666666666668,,98.10443305969238,,736,4,16,457b0468ba5f023a4a9f38816dbca0899481d04d,False
complete,pendigits,pendigits__sta4__symmetric-hamiltonian__L16__lr0.01__bs32__seed2,results/runs/pendigits/pendigits__sta4__symmetric-hamiltonian__L16__lr0.01__bs32__seed2_seed2,pendigits,sta4,symmetric-hamiltonian,16,2,0.01,32,2000,True,plus,True,False,0.9382726482462008,0.788,1.0228082765816044,0.741852487135506,0.788,1203.5999999999997,,96.65929675102234,,736,4,16,457b0468ba5f023a4a9f38816dbca0899481d04d,False
complete,pendigits,pendigits__sta4__symmetric-hamiltonian__L16__lr0.01__bs32__seed3,results/runs/pendigits/pendigits__sta4__symmetric-hamiltonian__L16__lr0.01__bs32__seed3_seed3,pendigits,sta4,symmetric-hamiltonian,16,3,0.01,32,2000,True,plus,True,False,0.9593443861466259,0.764,0.971436211673988,0.7487135506003431,0.768,1294.0666666666666,,97.84735774993896,,736,4,16,457b0468ba5f023a4a9f38816dbca0899481d04d,False
complete,pendigits,pendigits__sta4__symmetric-hamiltonian__L16__lr0.01__bs32__seed4,results/runs/pendigits/pendigits__sta4__symmetric-hamiltonian__L16__lr0.01__bs32__seed4_seed4,pendigits,sta4,symmetric-hamiltonian,16,4,0.01,32,2000,True,plus,True,False,1.0876708943110254,0.7306666666666667,1.117726129164198,0.724128073184677,0.772,1215.9333333333332,,96.90337443351746,,736,4,16,457b0468ba5f023a4a9f38816dbca0899481d04d,False
complete,pendigits,pendigits__sta4__symmetric-hamiltonian__L16__lr0.01__bs32__seed5,results/runs/pendigits/pendigits__sta4__symmetric-hamiltonian__L16__lr0.01__bs32__seed5_seed5,pendigits,sta4,symmetric-hamiltonian,16,5,0.01,32,2000,True,plus,True,False,1.050314722080175,0.7053333333333334,1.078985572822471,0.6875357347055461,0.7586666666666667,1214.5333333333335,,95.53665804862976,,736,4,16,457b0468ba5f023a4a9f38816dbca0899481d04d,False
complete,pendigits,pendigits__sta4__symmetric-hamiltonian__L16__lr0.01__bs32__seed6,results/runs/pendigits/pendigits__sta4__symmetric-hamiltonian__L16__lr0.01__bs32__seed6_seed6,pendigits,sta4,symmetric-hamiltonian,16,6,0.01,32,2000,True,plus,True,False,1.0276733392766262,0.74,1.0871046992666775,0.7015437392795884,0.7746666666666666,1229.9999999999998,,94.21451115608215,,736,4,16,457b0468ba5f023a4a9f38816dbca0899481d04d,False
complete,pendigits,pendigits__sta4__symmetric-hamiltonian__L16__lr0.01__bs32__seed7,results/runs/pendigits/pendigits__sta4__symmetric-hamiltonian__L16__lr0.01__bs32__seed7_seed7,pendigits,sta4,symmetric-hamiltonian,16,7,0.01,32,2000,True,plus,True,False,0.9372503987443477,0.7826666666666666,0.9837008022283548,0.7532875929102344,0.7906666666666666,1282.4000000000003,,96.70897960662842,,736,4,16,457b0468ba5f023a4a9f38816dbca0899481d04d,False
complete,pendigits,pendigits__sta4__symmetric-hamiltonian__L16__lr0.01__bs32__seed8,results/runs/pendigits/pendigits__sta4__symmetric-hamiltonian__L16__lr0.01__bs32__seed8_seed8,pendigits,sta4,symmetric-hamiltonian,16,8,0.01,32,2000,True,plus,True,False,1.7385356917944812,0.404,1.7737126605759785,0.37507146941109204,0.7293333333333333,1120.2,,95.17405533790588,,736,4,16,457b0468ba5f023a4a9f38816dbca0899481d04d,False
complete,pendigits,pendigits__sta4__symmetric-hamiltonian__L16__lr0.01__bs32__seed9,results/runs/pendigits/pendigits__sta4__symmetric-hamiltonian__L16__lr0.01__bs32__seed9_seed9,pendigits,sta4,symmetric-hamiltonian,16,9,0.01,32,2000,True,plus,True,False,1.0920389898721268,0.728,1.0963560211366505,0.7252715837621498,0.7693333333333333,1242.5333333333333,,96.50477457046509,,736,4,16,457b0468ba5f023a4a9f38816dbca0899481d04d,False
complete,pendigits,pendigits__sta4__symmetric-hamiltonian__L1__lr0.01__bs32__seed0,results/runs/pendigits/pendigits__sta4__symmetric-hamiltonian__L1__lr0.01__bs32__seed0_seed0,pendigits,sta4,symmetric-hamiltonian,1,0,0.01,32,2000,True,plus,True,False,1.6994430296742193,0.396,1.7523544647710358,0.3704974271012007,0.49733333333333335,868.3333333333333,,16.937562227249146,,46,4,16,457b0468ba5f023a4a9f38816dbca0899481d04d,False
complete,pendigits,pendigits__sta4__symmetric-hamiltonian__L1__lr0.01__bs32__seed10,results/runs/pendigits/pendigits__sta4__symmetric-hamiltonian__L1__lr0.01__bs32__seed10_seed10,pendigits,sta4,symmetric-hamiltonian,1,10,0.01,32,2000,True,plus,True,False,1.6784430627378475,0.4746666666666667,1.730446174636491,0.44339622641509435,0.504,881.2666666666665,,15.239333391189575,,46,4,16,457b0468ba5f023a4a9f38816dbca0899481d04d,False
complete,pendigits,pendigits__sta4__symmetric-hamiltonian__L1__lr0.01__bs32__seed11,results/runs/pendigits/pendigits__sta4__symmetric-hamiltonian__L1__lr0.01__bs32__seed11_seed11,pendigits,sta4,symmetric-hamiltonian,1,11,0.01,32,2000,True,plus,True,False,1.6756393866101886,0.4746666666666667,1.7137778302137776,0.4691252144082333,0.5106666666666667,884.2666666666667,,15.275441646575928,,46,4,16,457b0468ba5f023a4a9f38816dbca0899481d04d,False
complete,pendigits,pendigits__sta4__symmetric-hamiltonian__L1__lr0.01__bs32__seed12,results/runs/pendigits/pendigits__sta4__symmetric-hamiltonian__L1__lr0.01__bs32__seed12_seed12,pendigits,sta4,symmetric-hamiltonian,1,12,0.01,32,2000,True,plus,True,False,1.7227506872989795,0.464,1.7657978887175299,0.4371069182389937,0.5066666666666667,879.8666666666667,,14.737128257751465,,46,4,16,457b0468ba5f023a4a9f38816dbca0899481d04d,False
complete,pendigits,pendigits__sta4__symmetric-hamiltonian__L1__lr0.01__bs32__seed13,results/runs/pendigits/pendigits__sta4__symmetric-hamiltonian__L1__lr0.01__bs32__seed13_seed13,pendigits,sta4,symmetric-hamiltonian,1,13,0.01,32,2000,True,plus,True,False,1.694177700051757,0.49066666666666664,1.719607676864496,0.4691252144082333,0.512,884.9333333333332,,15.48823881149292,,46,4,16,457b0468ba5f023a4a9f38816dbca0899481d04d,False
complete,pendigits,pendigits__sta4__symmetric-hamiltonian__L1__lr0.01__bs32__seed14,results/runs/pendigits/pendigits__sta4__symmetric-hamiltonian__L1__lr0.01__bs32__seed14_seed14,pendigits,sta4,symmetric-hamiltonian,1,14,0.01,32,2000,True,plus,True,False,1.8908971980604705,0.3453333333333333,1.9009009518599027,0.34877072612921667,0.492,851.2666666666668,,15.156053304672241,,46,4,16,457b0468ba5f023a4a9f38816dbca0899481d04d,False
complete,pendigits,pendigits__sta4__symmetric-hamiltonian__L1__lr0.01__bs32__seed15,results/runs/pendigits/pendigits__sta4__symmetric-hamiltonian__L1__lr0.01__bs32__seed15_seed15,pendigits,sta4,symmetric-hamiltonian,1,15,0.01,32,2000,True,plus,True,False,1.7320973674715539,0.424,1.7394693380818043,0.4362492853058891,0.512,858.1333333333331,,15.353792190551758,,46,4,16,457b0468ba5f023a4a9f38816dbca0899481d04d,False
complete,pendigits,pendigits__sta4__symmetric-hamiltonian__L1__lr0.01__bs32__seed16,results/runs/pendigits/pendigits__sta4__symmetric-hamiltonian__L1__lr0.01__bs32__seed16_seed16,pendigits,sta4,symmetric-hamiltonian,1,16,0.01,32,2000,True,plus,True,False,2.2050016603718077,0.17466666666666666,2.2840914170060884,0.1489422527158376,0.5053333333333333,856.9999999999999,,15.337843656539917,,46,4,16,457b0468ba5f023a4a9f38816dbca0899481d04d,False
complete,pendigits,pendigits__sta4__symmetric-hamiltonian__L1__lr0.01__bs32__seed17,results/runs/pendigits/pendigits__sta4__symmetric-hamiltonian__L1__lr0.01__bs32__seed17_seed17,pendigits,sta4,symmetric-hamiltonian,1,17,0.01,32,2000,True,plus,True,False,1.7280156742036448,0.43733333333333335,1.7478959743490061,0.41852487135506006,0.5026666666666667,790.8666666666667,,15.254705905914307,,46,4,16,457b0468ba5f023a4a9f38816dbca0899481d04d,False
complete,pendigits,pendigits__sta4__symmetric-hamiltonian__L1__lr0.01__bs32__seed18,results/runs/pendigits/pendigits__sta4__symmetric-hamiltonian__L1__lr0.01__bs32__seed18_seed18,pendigits,sta4,symmetric-hamiltonian,1,18,0.01,32,2000,True,plus,True,False,1.665376965988402,0.49466666666666664,1.7003976568187058,0.49599771297884504,0.5053333333333333,874.1333333333332,,15.257508277893066,,46,4,16,457b0468ba5f023a4a9f38816dbca0899481d04d,False
complete,pendigits,pendigits__sta4__symmetric-hamiltonian__L1__lr0.01__bs32__seed19,results/runs/pendigits/pendigits__sta4__symmetric-hamiltonian__L1__lr0.01__bs32__seed19_seed19,pendigits,sta4,symmetric-hamiltonian,1,19,0.01,32,2000,True,plus,True,False,1.6915929751960812,0.428,1.7264657342043117,0.39193825042881647,0.52,825.8,,16.054168939590454,,46,4,16,457b0468ba5f023a4a9f38816dbca0899481d04d,False
complete,pendigits,pendigits__sta4__symmetric-hamiltonian__L1__lr0.01__bs32__seed1,results/runs/pendigits/pendigits__sta4__symmetric-hamiltonian__L1__lr0.01__bs32__seed1_seed1,pendigits,sta4,symmetric-hamiltonian,1,1,0.01,32,2000,True,plus,True,False,1.6818485137548929,0.4693333333333333,1.7168927531763374,0.46683819325328757,0.496,852.1999999999999,,15.319680213928223,,46,4,16,457b0468ba5f023a4a9f38816dbca0899481d04d,False
complete,pendigits,pendigits__sta4__symmetric-hamiltonian__L1__lr0.01__bs32__seed2,results/runs/pendigits/pendigits__sta4__symmetric-hamiltonian__L1__lr0.01__bs32__seed2_seed2,pendigits,sta4,symmetric-hamiltonian,1,2,0.01,32,2000,True,plus,True,False,1.677999792456277,0.476,1.700736679357804,0.4585477415666095,0.5026666666666667,879.1999999999999,,15.46303939819336,,46,4,16,457b0468ba5f023a4a9f38816dbca0899481d04d,False
complete,pendigits,pendigits__sta4__symmetric-hamiltonian__L1__lr0.01__bs32__seed3,results/runs/pendigits/pendigits__sta4__symmetric-hamiltonian__L1__lr0.01__bs32__seed3_seed3,pendigits,sta4,symmetric-hamiltonian,1,3,0.01,32,2000,True,plus,True,False,1.6773922706391058,0.4866666666666667,1.7108737179062588,0.48770726129216696,0.52,874.5333333333334,,14.794262170791626,,46,4,16,457b0468ba5f023a4a9f38816dbca0899481d04d,False
complete,pendigits,pendigits__sta4__symmetric-hamiltonian__L1__lr0.01__bs32__seed4,results/runs/pendigits/pendigits__sta4__symmetric-hamiltonian__L1__lr0.01__bs32__seed4_seed4,pendigits,sta4,symmetric-hamiltonian,1,4,0.01,32,2000,True,plus,True,False,1.691637144025203,0.496,1.7220801891993,0.5017152658662093,0.496,855.4,,15.269167184829712,,46,4,16,457b0468ba5f023a4a9f38816dbca0899481d04d,False
complete,pendigits,pendigits__sta4__symmetric-hamiltonian__L1__lr0.01__bs32__seed5,results/runs/pendigits/pendigits__sta4__symmetric-hamiltonian__L1__lr0.01__bs32__seed5_seed5,pendigits,sta4,symmetric-hamiltonian,1,5,0.01,32,2000,True,plus,True,False,1.676175289821717,0.444,1.7320370269205505,0.4528301886792453,0.49333333333333335,872.1333333333334,,15.052367448806763,,46,4,16,457b0468ba5f023a4a9f38816dbca0899481d04d,False
complete,pendigits,pendigits__sta4__symmetric-hamiltonian__L1__lr0.01__bs32__seed6,results/runs/pendigits/pendigits__sta4__symmetric-hamiltonian__L1__lr0.01__bs32__seed6_seed6,pendigits,sta4,symmetric-hamiltonian,1,6,0.01,32,2000,True,plus,True,False,1.6682889639098373,0.464,1.7089235785471388,0.44882790165809033,0.5173333333333333,888.7333333333335,,16.449812412261963,,46,4,16,457b0468ba5f023a4a9f38816dbca0899481d04d,False
complete,pendigits,pendigits__sta4__symmetric-hamiltonian__L1__lr0.01__bs32__seed7,results/runs/pendigits/pendigits__sta4__symmetric-hamiltonian__L1__lr0.01__bs32__seed7_seed7,pendigits,sta4,symmetric-hamiltonian,1,7,0.01,32,2000,True,plus,True,False,1.6728325933557735,0.45466666666666666,1.7104657362183135,0.4371069182389937,0.5093333333333333,867.1333333333334,,14.986301183700562,,46,4,16,457b0468ba5f023a4a9f38816dbca0899481d04d,False
complete,pendigits,pendigits__sta4__symmetric-hamiltonian__L1__lr0.01__bs32__seed8,results/runs/pendigits/pendigits__sta4__symmetric-hamiltonian__L1__lr0.01__bs32__seed8_seed8,pendigits,sta4,symmetric-hamiltonian,1,8,0.01,32,2000,True,plus,True,False,1.672647214273027,0.4746666666666667,1.7173410671499933,0.4722698684962836,0.5053333333333333,874.0666666666666,,15.362823486328125,,46,4,16,457b0468ba5f023a4a9f38816dbca0899481d04d,False
complete,pendigits,pendigits__sta4__symmetric-hamiltonian__L1__lr0.01__bs32__seed9,results/runs/pendigits/pendigits__sta4__symmetric-hamiltonian__L1__lr0.01__bs32__seed9_seed9,pendigits,sta4,symmetric-hamiltonian,1,9,0.01,32,2000,True,plus,True,False,1.6755089848163176,0.412,1.7249219798220594,0.4065180102915952,0.492,851.0666666666667,,15.128241777420044,,46,4,16,457b0468ba5f023a4a9f38816dbca0899481d04d,False
complete,pendigits,pendigits__sta4__symmetric-hamiltonian__L2__lr0.01__bs32__seed0,results/runs/pendigits/pendigits__sta4__symmetric-hamiltonian__L2__lr0.01__bs32__seed0_seed0,pendigits,sta4,symmetric-hamiltonian,2,0,0.01,32,2000,True,plus,True,False,1.369601619898651,0.616,1.4319721883356002,0.6000571755288736,0.6293333333333333,1098.7333333333331,,19.467764139175415,,92,4,16,457b0468ba5f023a4a9f38816dbca0899481d04d,False
complete,pendigits,pendigits__sta4__symmetric-hamiltonian__L2__lr0.01__bs32__seed10,results/runs/pendigits/pendigits__sta4__symmetric-hamiltonian__L2__lr0.01__bs32__seed10_seed10,pendigits,sta4,symmetric-hamiltonian,2,10,0.01,32,2000,True,plus,True,False,1.3898348141676997,0.612,1.4243015086849768,0.6043453401943968,0.644,1081.466666666667,,19.29481816291809,,92,4,16,457b0468ba5f023a4a9f38816dbca0899481d04d,False
complete,pendigits,pendigits__sta4__symmetric-hamiltonian__L2__lr0.01__bs32__seed11,results/runs/pendigits/pendigits__sta4__symmetric-hamiltonian__L2__lr0.01__bs32__seed11_seed11,pendigits,sta4,symmetric-hamiltonian,2,11,0.01,32,2000,True,plus,True,False,1.3647076789371444,0.6333333333333333,1.4465110272237458,0.60062893081761,0.6493333333333333,1115.8666666666666,,18.94928526878357,,92,4,16,457b0468ba5f023a4a9f38816dbca0899481d04d,False
complete,pendigits,pendigits__sta4__symmetric-hamiltonian__L2__lr0.01__bs32__seed12,results/runs/pendigits/pendigits__sta4__symmetric-hamiltonian__L2__lr0.01__bs32__seed12_seed12,pendigits,sta4,symmetric-hamiltonian,2,12,0.01,32,2000,True,plus,True,False,1.3871285923889944,0.58,1.4194085390782691,0.5583190394511149,0.6293333333333333,1093.9333333333334,,21.36210060119629,,92,4,16,457b0468ba5f023a4a9f38816dbca0899481d04d,False
complete,pendigits,pendigits__sta4__symmetric-hamiltonian__L2__lr0.01__bs32__seed13,results/runs/pendigits/pendigits__sta4__symmetric-hamiltonian__L2__lr0.01__bs32__seed13_seed13,pendigits,sta4,symmetric-hamiltonian,2,13,0.01,32,2000,True,plus,True,False,1.35860561887884,0.6066666666666667,1.467525878192362,0.5800457404230989,0.632,1094.2,,19.51716136932373,,92,4,16,457b0468ba5f023a4a9f38816dbca0899481d04d,False
complete,pendigits,pendigits__sta4__symmetric-hamiltonian__L2__lr0.01__bs32__seed14,results/runs/pendigits/pendigits__sta4__symmetric-hamiltonian__L2__lr0.01__bs32__seed14_seed14,pendigits,sta4,symmetric-hamiltonian,2,14,0.01,32,2000,True,plus,True,False,1.3540389784359652,0.636,1.3843172416487535,0.6212121212121212,0.6373333333333333,1084.0666666666666,,19.207873106002808,,92,4,16,457b0468ba5f023a4a9f38816dbca0899481d04d,False
complete,pendigits,pendigits__sta4__symmetric-hamiltonian__L2__lr0.01__bs32__seed15,results/runs/pendigits/pendigits__sta4__symmetric-hamiltonian__L2__lr0.01__bs32__seed15_seed15,pendigits,sta4,symmetric-hamiltonian,2,15,0.01,32,2000,True,plus,True,False,1.35679204318351,0.612,1.4066005903353513,0.5877644368210406,0.612,1024.5333333333335,,20.382729530334473,,92,4,16,457b0468ba5f023a4a9f38816dbca0899481d04d,False
complete,pendigits,pendigits__sta4__symmetric-hamiltonian__L2__lr0.01__bs32__seed16,results/runs/pendigits/pendigits__sta4__symmetric-hamiltonian__L2__lr0.01__bs32__seed16_seed16,pendigits,sta4,symmetric-hamiltonian,2,16,0.01,32,2000,True,plus,True,False,1.403022580499659,0.576,1.3942494410411903,0.5794739851343625,0.6426666666666667,1084.3333333333335,,19.6332004070282,,92,4,16,457b0468ba5f023a4a9f38816dbca0899481d04d,False
complete,pendigits,pendigits__sta4__symmetric-hamiltonian__L2__lr0.01__bs32__seed17,results/runs/pendigits/pendigits__sta4__symmetric-hamiltonian__L2__lr0.01__bs32__seed17_seed17,pendigits,sta4,symmetric-hamiltonian,2,17,0.01,32,2000,True,plus,True,False,1.422293649090806,0.5733333333333334,1.4255256791124624,0.5840480274442539,0.6213333333333333,1059.2666666666667,,19.438051462173462,,92,4,16,457b0468ba5f023a4a9f38816dbca0899481d04d,False
complete,pendigits,pendigits__sta4__symmetric-hamiltonian__L2__lr0.01__bs32__seed18,results/runs/pendigits/pendigits__sta4__symmetric-hamiltonian__L2__lr0.01__bs32__seed18_seed18,pendigits,sta4,symmetric-hamiltonian,2,18,0.01,32,2000,True,plus,True,False,1.3967291869274705,0.6133333333333333,1.4490881031730716,0.5806174957118353,0.6266666666666667,1104.0,,20.386351108551025,,92,4,16,457b0468ba5f023a4a9f38816dbca0899481d04d,False
complete,pendigits,pendigits__sta4__symmetric-hamiltonian__L2__lr0.01__bs32__seed19,results/runs/pendigits/pendigits__sta4__symmetric-hamiltonian__L2__lr0.01__bs32__seed19_seed19,pendigits,sta4,symmetric-hamiltonian,2,19,0.01,32,2000,True,plus,True,False,1.3747812116288638,0.6133333333333333,1.453260567872508,0.5931961120640366,0.6426666666666667,1109.6666666666667,,19.49450993537903,,92,4,16,457b0468ba5f023a4a9f38816dbca0899481d04d,False
complete,pendigits,pendigits__sta4__symmetric-hamiltonian__L2__lr0.01__bs32__seed1,results/runs/pendigits/pendigits__sta4__symmetric-hamiltonian__L2__lr0.01__bs32__seed1_seed1,pendigits,sta4,symmetric-hamiltonian,2,1,0.01,32,2000,True,plus,True,False,2.174638297940121,0.11333333333333333,2.1850878829337788,0.11320754716981132,0.6373333333333333,1072.4666666666667,,20.525089025497437,,92,4,16,457b0468ba5f023a4a9f38816dbca0899481d04d,False
complete,pendigits,pendigits__sta4__symmetric-hamiltonian__L2__lr0.01__bs32__seed2,results/runs/pendigits/pendigits__sta4__symmetric-hamiltonian__L2__lr0.01__bs32__seed2_seed2,pendigits,sta4,symmetric-hamiltonian,2,2,0.01,32,2000,True,plus,True,False,1.4146246518180554,0.5693333333333334,1.4661454453323453,0.5537449971412236,0.64,1076.0666666666666,,18.79723334312439,,92,4,16,457b0468ba5f023a4a9f38816dbca0899481d04d,False
complete,pendigits,pendigits__sta4__symmetric-hamiltonian__L2__lr0.01__bs32__seed3,results/runs/pendigits/pendigits__sta4__symmetric-hamiltonian__L2__lr0.01__bs32__seed3_seed3,pendigits,sta4,symmetric-hamiltonian,2,3,0.01,32,2000,True,plus,True,False,1.3653458510180772,0.652,1.3973759059303101,0.6014865637507147,0.652,1138.1333333333332,,19.51667594909668,,92,4,16,457b0468ba5f023a4a9f38816dbca0899481d04d,False
complete,pendigits,pendigits__sta4__symmetric-hamiltonian__L2__lr0.01__bs32__seed4,results/runs/pendigits/pendigits__sta4__symmetric-hamiltonian__L2__lr0.01__bs32__seed4_seed4,pendigits,sta4,symmetric-hamiltonian,2,4,0.01,32,2000,True,plus,True,False,1.4151359957911374,0.608,1.4749323956725469,0.5840480274442539,0.6426666666666667,1107.8,,19.05052876472473,,92,4,16,457b0468ba5f023a4a9f38816dbca0899481d04d,False
complete,pendigits,pendigits__sta4__symmetric-hamiltonian__L2__lr0.01__bs32__seed5,results/runs/pendigits/pendigits__sta4__symmetric-hamiltonian__L2__lr0.01__bs32__seed5_seed5,pendigits,sta4,symmetric-hamiltonian,2,5,0.01,32,2000,True,plus,True,False,1.370737199517567,0.6333333333333333,1.4197190981489485,0.5840480274442539,0.6386666666666667,1068.6666666666665,,19.217281818389893,,92,4,16,457b0468ba5f023a4a9f38816dbca0899481d04d,False
complete,pendigits,pendigits__sta4__symmetric-hamiltonian__L2__lr0.01__bs32__seed6,results/runs/pendigits/pendigits__sta4__symmetric-hamiltonian__L2__lr0.01__bs32__seed6_seed6,pendigits,sta4,symmetric-hamiltonian,2,6,0.01,32,2000,True,plus,True,False,1.374577682229095,0.6106666666666667,1.396553993742736,0.5717552887364208,0.6466666666666666,1123.1333333333337,,19.427311420440674,,92,4,16,457b0468ba5f023a4a9f38816dbca0899481d04d,False
complete,pendigits,pendigits__sta4__symmetric-hamiltonian__L2__lr0.01__bs32__seed7,results/runs/pendigits/pendigits__sta4__symmetric-hamiltonian__L2__lr0.01__bs32__seed7_seed7,pendigits,sta4,symmetric-hamiltonian,2,7,0.01,32,2000,True,plus,True,False,1.3794658260965533,0.636,1.3892244671197946,0.6266437964551173,0.6493333333333333,1136.2666666666664,,19.175243139266968,,92,4,16,457b0468ba5f023a4a9f38816dbca0899481d04d,False
complete,pendigits,pendigits__sta4__symmetric-hamiltonian__L2__lr0.01__bs32__seed8,results/runs/pendigits/pendigits__sta4__symmetric-hamiltonian__L2__lr0.01__bs32__seed8_seed8,pendigits,sta4,symmetric-hamiltonian,2,8,0.01,32,2000,True,plus,True,False,1.3719394419686315,0.6306666666666667,1.3993342231369632,0.6126357918810749,0.6306666666666667,1039.8666666666666,,19.89962363243103,,92,4,16,457b0468ba5f023a4a9f38816dbca0899481d04d,False
complete,pendigits,pendigits__sta4__symmetric-hamiltonian__L2__lr0.01__bs32__seed9,results/runs/pendigits/pendigits__sta4__symmetric-hamiltonian__L2__lr0.01__bs32__seed9_seed9,pendigits,sta4,symmetric-hamiltonian,2,9,0.01,32,2000,True,plus,True,False,1.4942392668681912,0.552,1.5536853392264447,0.52715837621498,0.5933333333333334,997.6666666666665,,18.622548818588257,,92,4,16,457b0468ba5f023a4a9f38816dbca0899481d04d,False
complete,pendigits,pendigits__sta4__symmetric-hamiltonian__L32__lr0.01__bs32__seed0,results/runs/pendigits/pendigits__sta4__symmetric-hamiltonian__L32__lr0.01__bs32__seed0_seed0,pendigits,sta4,symmetric-hamiltonian,32,0,0.01,32,2000,True,plus,True,False,1.5669954883125132,0.49333333333333335,1.602984389011569,0.4897084048027444,0.756,1031.666666666667,,177.4478142261505,,1472,4,16,457b0468ba5f023a4a9f38816dbca0899481d04d,False
complete,pendigits,pendigits__sta4__symmetric-hamiltonian__L32__lr0.01__bs32__seed10,results/runs/pendigits/pendigits__sta4__symmetric-hamiltonian__L32__lr0.01__bs32__seed10_seed10,pendigits,sta4,symmetric-hamiltonian,32,10,0.01,32,2000,True,plus,True,False,1.0866067054358497,0.7426666666666667,1.1281211474342452,0.7044025157232704,0.7426666666666667,1020.1999999999998,,176.84567832946777,,1472,4,16,457b0468ba5f023a4a9f38816dbca0899481d04d,False
complete,pendigits,pendigits__sta4__symmetric-hamiltonian__L32__lr0.01__bs32__seed11,results/runs/pendigits/pendigits__sta4__symmetric-hamiltonian__L32__lr0.01__bs32__seed11_seed11,pendigits,sta4,symmetric-hamiltonian,32,11,0.01,32,2000,True,plus,True,False,1.151292831306046,0.7133333333333334,1.2059325070015883,0.6749571183533448,0.7253333333333334,1097.8,,174.87197494506836,,1472,4,16,457b0468ba5f023a4a9f38816dbca0899481d04d,False
complete,pendigits,pendigits__sta4__symmetric-hamiltonian__L32__lr0.01__bs32__seed12,results/runs/pendigits/pendigits__sta4__symmetric-hamiltonian__L32__lr0.01__bs32__seed12_seed12,pendigits,sta4,symmetric-hamiltonian,32,12,0.01,32,2000,True,plus,True,False,1.1804508700766805,0.6666666666666666,1.2163035514023668,0.6475128644939966,0.7506666666666667,1016.4666666666667,,176.7291669845581,,1472,4,16,457b0468ba5f023a4a9f38816dbca0899481d04d,False
complete,pendigits,pendigits__sta4__symmetric-hamiltonian__L32__lr0.01__bs32__seed13,results/runs/pendigits/pendigits__sta4__symmetric-hamiltonian__L32__lr0.01__bs32__seed13_seed13,pendigits,sta4,symmetric-hamiltonian,32,13,0.01,32,2000,True,plus,True,False,1.0576850114183234,0.744,1.0837948492548202,0.7461406518010292,0.7653333333333333,1182.333333333333,,181.69666266441345,,1472,4,16,457b0468ba5f023a4a9f38816dbca0899481d04d,False
complete,pendigits,pendigits__sta4__symmetric-hamiltonian__L32__lr0.01__bs32__seed14,results/runs/pendigits/pendigits__sta4__symmetric-hamiltonian__L32__lr0.01__bs32__seed14_seed14,pendigits,sta4,symmetric-hamiltonian,32,14,0.01,32,2000,True,plus,True,False,1.2903605912075513,0.5946666666666667,1.2932733087999526,0.5957690108633504,0.7906666666666666,1101.1333333333332,,177.25919342041016,,1472,4,16,457b0468ba5f023a4a9f38816dbca0899481d04d,False
complete,pendigits,pendigits__sta4__symmetric-hamiltonian__L32__lr0.01__bs32__seed15,results/runs/pendigits/pendigits__sta4__symmetric-hamiltonian__L32__lr0.01__bs32__seed15_seed15,pendigits,sta4,symmetric-hamiltonian,32,15,0.01,32,2000,True,plus,True,False,1.1487311370227076,0.748,1.1840268532847953,0.7195540308747856,0.7666666666666667,1160.333333333333,,177.6974914073944,,1472,4,16,457b0468ba5f023a4a9f38816dbca0899481d04d,False
complete,pendigits,pendigits__sta4__symmetric-hamiltonian__L32__lr0.01__bs32__seed16,results/runs/pendigits/pendigits__sta4__symmetric-hamiltonian__L32__lr0.01__bs32__seed16_seed16,pendigits,sta4,symmetric-hamiltonian,32,16,0.01,32,2000,True,plus,True,False,1.471018597373522,0.6013333333333334,1.5095023110066579,0.5706117781589479,0.728,1045.8000000000002,,177.65222334861755,,1472,4,16,457b0468ba5f023a4a9f38816dbca0899481d04d,False
complete,pendigits,pendigits__sta4__symmetric-hamiltonian__L32__lr0.01__bs32__seed17,results/runs/pendigits/pendigits__sta4__symmetric-hamiltonian__L32__lr0.01__bs32__seed17_seed17,pendigits,sta4,symmetric-hamiltonian,32,17,0.01,32,2000,True,plus,True,False,2.3395880935777664,0.252,2.445703884656687,0.22755860491709548,0.7026666666666667,993.9333333333334,,181.74641704559326,,1472,4,16,457b0468ba5f023a4a9f38816dbca0899481d04d,False
complete,pendigits,pendigits__sta4__symmetric-hamiltonian__L32__lr0.01__bs32__seed18,results/runs/pendigits/pendigits__sta4__symmetric-hamiltonian__L32__lr0.01__bs32__seed18_seed18,pendigits,sta4,symmetric-hamiltonian,32,18,0.01,32,2000,True,plus,True,False,1.3768272496672287,0.6293333333333333,1.3792270123556067,0.6220697541452258,0.768,1086.6666666666665,,182.74489331245422,,1472,4,16,457b0468ba5f023a4a9f38816dbca0899481d04d,False
complete,pendigits,pendigits__sta4__symmetric-hamiltonian__L32__lr0.01__bs32__seed19,results/runs/pendigits/pendigits__sta4__symmetric-hamiltonian__L32__lr0.01__bs32__seed19_seed19,pendigits,sta4,symmetric-hamiltonian,32,19,0.01,32,2000,True,plus,True,False,1.3267593454749937,0.6386666666666667,1.3495444316928178,0.6275014293882218,0.7106666666666667,977.4666666666668,,179.96458840370178,,1472,4,16,457b0468ba5f023a4a9f38816dbca0899481d04d,False
complete,pendigits,pendigits__sta4__symmetric-hamiltonian__L32__lr0.01__bs32__seed1,results/runs/pendigits/pendigits__sta4__symmetric-hamiltonian__L32__lr0.01__bs32__seed1_seed1,pendigits,sta4,symmetric-hamiltonian,32,1,0.01,32,2000,True,plus,True,False,1.1227350374476273,0.6893333333333334,1.1836205407546363,0.6715265866209262,0.7293333333333333,1067.5333333333335,,181.73101925849915,,1472,4,16,457b0468ba5f023a4a9f38816dbca0899481d04d,False
complete,pendigits,pendigits__sta4__symmetric-hamiltonian__L32__lr0.01__bs32__seed2,results/runs/pendigits/pendigits__sta4__symmetric-hamiltonian__L32__lr0.01__bs32__seed2_seed2,pendigits,sta4,symmetric-hamiltonian,32,2,0.01,32,2000,True,plus,True,False,2.0110838848848536,0.28,2.054673208735281,0.2933104631217839,0.752,966.1333333333333,,180.91508150100708,,1472,4,16,457b0468ba5f023a4a9f38816dbca0899481d04d,False
complete,pendigits,pendigits__sta4__symmetric-hamiltonian__L32__lr0.01__bs32__seed3,results/runs/pendigits/pendigits__sta4__symmetric-hamiltonian__L32__lr0.01__bs32__seed3_seed3,pendigits,sta4,symmetric-hamiltonian,32,3,0.01,32,2000,True,plus,True,False,1.2313587053908346,0.704,1.2353248735872384,0.6938250428816467,0.7466666666666667,1164.7333333333333,,177.205641746521,,1472,4,16,457b0468ba5f023a4a9f38816dbca0899481d04d,False
complete,pendigits,pendigits__sta4__symmetric-hamiltonian__L32__lr0.01__bs32__seed4,results/runs/pendigits/pendigits__sta4__symmetric-hamiltonian__L32__lr0.01__bs32__seed4_seed4,pendigits,sta4,symmetric-hamiltonian,32,4,0.01,32,2000,True,plus,True,False,1.3501525252637319,0.6493333333333333,1.4055729244990858,0.6197827329902802,0.7333333333333333,1115.6666666666665,,185.22659254074097,,1472,4,16,457b0468ba5f023a4a9f38816dbca0899481d04d,False
complete,pendigits,pendigits__sta4__symmetric-hamiltonian__L32__lr0.01__bs32__seed5,results/runs/pendigits/pendigits__sta4__symmetric-hamiltonian__L32__lr0.01__bs32__seed5_seed5,pendigits,sta4,symmetric-hamiltonian,32,5,0.01,32,2000,True,plus,True,False,1.1282221925987228,0.7213333333333334,1.2373894709079178,0.6846769582618639,0.7386666666666667,1157.4,,181.2579357624054,,1472,4,16,457b0468ba5f023a4a9f38816dbca0899481d04d,False
complete,pendigits,pendigits__sta4__symmetric-hamiltonian__L32__lr0.01__bs32__seed6,results/runs/pendigits/pendigits__sta4__symmetric-hamiltonian__L32__lr0.01__bs32__seed6_seed6,pendigits,sta4,symmetric-hamiltonian,32,6,0.01,32,2000,True,plus,True,False,1.0424617251029766,0.748,1.0827646109034414,0.7292738707833047,0.748,1101.3999999999999,,178.9601128101349,,1472,4,16,457b0468ba5f023a4a9f38816dbca0899481d04d,False
complete,pendigits,pendigits__sta4__symmetric-hamiltonian__L32__lr0.01__bs32__seed7,results/runs/pendigits/pendigits__sta4__symmetric-hamiltonian__L32__lr0.01__bs32__seed7_seed7,pendigits,sta4,symmetric-hamiltonian,32,7,0.01,32,2000,True,plus,True,False,1.0326289456971784,0.74,1.0621852727410734,0.6952544311034877,0.756,1032.2,,177.15293502807617,,1472,4,16,457b0468ba5f023a4a9f38816dbca0899481d04d,False
complete,pendigits,pendigits__sta4__symmetric-hamiltonian__L32__lr0.01__bs32__seed8,results/runs/pendigits/pendigits__sta4__symmetric-hamiltonian__L32__lr0.01__bs32__seed8_seed8,pendigits,sta4,symmetric-hamiltonian,32,8,0.01,32,2000,True,plus,True,False,1.8600657381013708,0.364,1.8115572965845304,0.330188679245283,0.7466666666666667,1103.7333333333336,,176.94133067131042,,1472,4,16,457b0468ba5f023a4a9f38816dbca0899481d04d,False
complete,pendigits,pendigits__sta4__symmetric-hamiltonian__L32__lr0.01__bs32__seed9,results/runs/pendigits/pendigits__sta4__symmetric-hamiltonian__L32__lr0.01__bs32__seed9_seed9,pendigits,sta4,symmetric-hamiltonian,32,9,0.01,32,2000,True,plus,True,False,1.2634858495527388,0.6346666666666667,1.3475001303508292,0.6146369353916524,0.764,1013.6666666666667,,179.64083337783813,,1472,4,16,457b0468ba5f023a4a9f38816dbca0899481d04d,False
complete,pendigits,pendigits__sta4__symmetric-hamiltonian__L4__lr0.01__bs32__seed0,results/runs/pendigits/pendigits__sta4__symmetric-hamiltonian__L4__lr0.01__bs32__seed0_seed0,pendigits,sta4,symmetric-hamiltonian,4,0,0.01,32,2000,True,plus,True,False,1.277295711649279,0.612,1.3114137514248163,0.5863350485991995,0.6893333333333334,1196.4,,30.251129627227783,,184,4,16,457b0468ba5f023a4a9f38816dbca0899481d04d,False
complete,pendigits,pendigits__sta4__symmetric-hamiltonian__L4__lr0.01__bs32__seed10,results/runs/pendigits/pendigits__sta4__symmetric-hamiltonian__L4__lr0.01__bs32__seed10_seed10,pendigits,sta4,symmetric-hamiltonian,4,10,0.01,32,2000,True,plus,True,False,1.2277993653739336,0.644,1.2086711760883653,0.6569468267581475,0.6853333333333333,1117.9999999999998,,31.5550217628479,,184,4,16,457b0468ba5f023a4a9f38816dbca0899481d04d,False
complete,pendigits,pendigits__sta4__symmetric-hamiltonian__L4__lr0.01__bs32__seed11,results/runs/pendigits/pendigits__sta4__symmetric-hamiltonian__L4__lr0.01__bs32__seed11_seed11,pendigits,sta4,symmetric-hamiltonian,4,11,0.01,32,2000,True,plus,True,False,1.132074154317461,0.704,1.1658462218444652,0.7029731275014294,0.7253333333333334,1264.6666666666667,,29.71992015838623,,184,4,16,457b0468ba5f023a4a9f38816dbca0899481d04d,False
complete,pendigits,pendigits__sta4__symmetric-hamiltonian__L4__lr0.01__bs32__seed12,results/runs/pendigits/pendigits__sta4__symmetric-hamiltonian__L4__lr0.01__bs32__seed12_seed12,pendigits,sta4,symmetric-hamiltonian,4,12,0.01,32,2000,True,plus,True,False,1.184230625562313,0.6773333333333333,1.2401309937714196,0.6626643796455117,0.7,1242.2666666666669,,30.87032675743103,,184,4,16,457b0468ba5f023a4a9f38816dbca0899481d04d,False
complete,pendigits,pendigits__sta4__symmetric-hamiltonian__L4__lr0.01__bs32__seed13,results/runs/pendigits/pendigits__sta4__symmetric-hamiltonian__L4__lr0.01__bs32__seed13_seed13,pendigits,sta4,symmetric-hamiltonian,4,13,0.01,32,2000,True,plus,True,False,1.226737454556553,0.676,1.2419283914187065,0.6740994854202401,0.676,1127.6000000000001,,32.247267961502075,,184,4,16,457b0468ba5f023a4a9f38816dbca0899481d04d,False
complete,pendigits,pendigits__sta4__symmetric-hamiltonian__L4__lr0.01__bs32__seed14,results/runs/pendigits/pendigits__sta4__symmetric-hamiltonian__L4__lr0.01__bs32__seed14_seed14,pendigits,sta4,symmetric-hamiltonian,4,14,0.01,32,2000,True,plus,True,False,1.1502697633119925,0.704,1.17788316042245,0.6952544311034877,0.7066666666666667,1233.7333333333333,,29.68468713760376,,184,4,16,457b0468ba5f023a4a9f38816dbca0899481d04d,False
complete,pendigits,pendigits__sta4__symmetric-hamiltonian__L4__lr0.01__bs32__seed15,results/runs/pendigits/pendigits__sta4__symmetric-hamiltonian__L4__lr0.01__bs32__seed15_seed15,pendigits,sta4,symmetric-hamiltonian,4,15,0.01,32,2000,True,plus,True,False,1.1289416008665587,0.6826666666666666,1.197089549030683,0.6395082904516867,0.7133333333333334,1246.5333333333333,,31.753007888793945,,184,4,16,457b0468ba5f023a4a9f38816dbca0899481d04d,False
complete,pendigits,pendigits__sta4__symmetric-hamiltonian__L4__lr0.01__bs32__seed16,results/runs/pendigits/pendigits__sta4__symmetric-hamiltonian__L4__lr0.01__bs32__seed16_seed16,pendigits,sta4,symmetric-hamiltonian,4,16,0.01,32,2000,True,plus,True,False,1.2445551262982018,0.6453333333333333,1.3186518015046376,0.6180674671240709,0.7186666666666667,1223.4,,30.527536630630493,,184,4,16,457b0468ba5f023a4a9f38816dbca0899481d04d,False
complete,pendigits,pendigits__sta4__symmetric-hamiltonian__L4__lr0.01__bs32__seed17,results/runs/pendigits/pendigits__sta4__symmetric-hamiltonian__L4__lr0.01__bs32__seed17_seed17,pendigits,sta4,symmetric-hamiltonian,4,17,0.01,32,2000,True,plus,True,False,1.1001989973310535,0.72,1.1432134331815242,0.6909662664379645,0.72,1258.5333333333335,,29.41711950302124,,184,4,16,457b0468ba5f023a4a9f38816dbca0899481d04d,False
complete,pendigits,pendigits__sta4__symmetric-hamiltonian__L4__lr0.01__bs32__seed18,results/runs/pendigits/pendigits__sta4__symmetric-hamiltonian__L4__lr0.01__bs32__seed18_seed18,pendigits,sta4,symmetric-hamiltonian,4,18,0.01,32,2000,True,plus,True,False,1.2095985316035527,0.688,1.2555864673866517,0.6600914808461978,0.7213333333333334,1250.6666666666665,,32.45032572746277,,184,4,16,457b0468ba5f023a4a9f38816dbca0899481d04d,False
complete,pendigits,pendigits__sta4__symmetric-hamiltonian__L4__lr0.01__bs32__seed19,results/runs/pendigits/pendigits__sta4__symmetric-hamiltonian__L4__lr0.01__bs32__seed19_seed19,pendigits,sta4,symmetric-hamiltonian,4,19,0.01,32,2000,True,plus,True,False,1.135159777741253,0.7186666666666667,1.1723573255570987,0.6812464265294454,0.7386666666666667,1262.2000000000003,,30.46203637123108,,184,4,16,457b0468ba5f023a4a9f38816dbca0899481d04d,False
complete,pendigits,pendigits__sta4__symmetric-hamiltonian__L4__lr0.01__bs32__seed1,results/runs/pendigits/pendigits__sta4__symmetric-hamiltonian__L4__lr0.01__bs32__seed1_seed1,pendigits,sta4,symmetric-hamiltonian,4,1,0.01,32,2000,True,plus,True,False,1.17403030980704,0.664,1.246367589505457,0.5951972555746141,0.7306666666666667,1252.3333333333333,,30.014293909072876,,184,4,16,457b0468ba5f023a4a9f38816dbca0899481d04d,False
complete,pendigits,pendigits__sta4__symmetric-hamiltonian__L4__lr0.01__bs32__seed2,results/runs/pendigits/pendigits__sta4__symmetric-hamiltonian__L4__lr0.01__bs32__seed2_seed2,pendigits,sta4,symmetric-hamiltonian,4,2,0.01,32,2000,True,plus,True,False,1.1785679674648442,0.6493333333333333,1.2304253654678967,0.6283590623213264,0.72,1224.8666666666668,,30.929431200027466,,184,4,16,457b0468ba5f023a4a9f38816dbca0899481d04d,False
complete,pendigits,pendigits__sta4__symmetric-hamiltonian__L4__lr0.01__bs32__seed3,results/runs/pendigits/pendigits__sta4__symmetric-hamiltonian__L4__lr0.01__bs32__seed3_seed3,pendigits,sta4,symmetric-hamiltonian,4,3,0.01,32,2000,True,plus,True,False,1.1334696815612293,0.6866666666666666,1.1486000243989583,0.6981132075471698,0.696,1209.0666666666664,,29.866302728652954,,184,4,16,457b0468ba5f023a4a9f38816dbca0899481d04d,False
complete,pendigits,pendigits__sta4__symmetric-hamiltonian__L4__lr0.01__bs32__seed4,results/runs/pendigits/pendigits__sta4__symmetric-hamiltonian__L4__lr0.01__bs32__seed4_seed4,pendigits,sta4,symmetric-hamiltonian,4,4,0.01,32,2000,True,plus,True,False,1.1678687219225194,0.6786666666666666,1.184317253259735,0.6872498570611778,0.7013333333333334,1160.8666666666668,,31.28603482246399,,184,4,16,457b0468ba5f023a4a9f38816dbca0899481d04d,False
complete,pendigits,pendigits__sta4__symmetric-hamiltonian__L4__lr0.01__bs32__seed5,results/runs/pendigits/pendigits__sta4__symmetric-hamiltonian__L4__lr0.01__bs32__seed5_seed5,pendigits,sta4,symmetric-hamiltonian,4,5,0.01,32,2000,True,plus,True,False,1.2279778664652983,0.6653333333333333,1.2523521094630816,0.649514008004574,0.6813333333333333,1137.6,,30.68716835975647,,184,4,16,457b0468ba5f023a4a9f38816dbca0899481d04d,False
complete,pendigits,pendigits__sta4__symmetric-hamiltonian__L4__lr0.01__bs32__seed6,results/runs/pendigits/pendigits__sta4__symmetric-hamiltonian__L4__lr0.01__bs32__seed6_seed6,pendigits,sta4,symmetric-hamiltonian,4,6,0.01,32,2000,True,plus,True,False,1.1371697724061842,0.7,1.1742430013138443,0.6949685534591195,0.7,1188.7333333333333,,30.201435804367065,,184,4,16,457b0468ba5f023a4a9f38816dbca0899481d04d,False
complete,pendigits,pendigits__sta4__symmetric-hamiltonian__L4__lr0.01__bs32__seed7,results/runs/pendigits/pendigits__sta4__symmetric-hamiltonian__L4__lr0.01__bs32__seed7_seed7,pendigits,sta4,symmetric-hamiltonian,4,7,0.01,32,2000,True,plus,True,False,1.145899410367155,0.6853333333333333,1.1827817977672779,0.6720983419096627,0.7253333333333334,1253.8,,31.115731716156006,,184,4,16,457b0468ba5f023a4a9f38816dbca0899481d04d,False
complete,pendigits,pendigits__sta4__symmetric-hamiltonian__L4__lr0.01__bs32__seed8,results/runs/pendigits/pendigits__sta4__symmetric-hamiltonian__L4__lr0.01__bs32__seed8_seed8,pendigits,sta4,symmetric-hamiltonian,4,8,0.01,32,2000,True,plus,True,False,1.251863122884963,0.6306666666666667,1.2709554094659463,0.6229273870783305,0.6786666666666666,1149.0666666666666,,30.422900915145874,,184,4,16,457b0468ba5f023a4a9f38816dbca0899481d04d,False
complete,pendigits,pendigits__sta4__symmetric-hamiltonian__L4__lr0.01__bs32__seed9,results/runs/pendigits/pendigits__sta4__symmetric-hamiltonian__L4__lr0.01__bs32__seed9_seed9,pendigits,sta4,symmetric-hamiltonian,4,9,0.01,32,2000,True,plus,True,False,1.1690019112507586,0.6653333333333333,1.2140311664404104,0.6435105774728416,0.696,1206.7333333333331,,29.9452908039093,,184,4,16,457b0468ba5f023a4a9f38816dbca0899481d04d,False
complete,pendigits,pendigits__sta4__symmetric-hamiltonian__L8__lr0.01__bs32__seed0,results/runs/pendigits/pendigits__sta4__symmetric-hamiltonian__L8__lr0.01__bs32__seed0_seed0,pendigits,sta4,symmetric-hamiltonian,8,0,0.01,32,2000,True,plus,True,False,1.0478639297836623,0.748,1.083405725616913,0.714694110920526,0.7506666666666667,1285.1999999999998,,58.21218776702881,,368,4,16,c9975de69f8651d303bc6c90c5d2fe6e6ebd42c1,False
complete,pendigits,pendigits__sta4__symmetric-hamiltonian__L8__lr0.01__bs32__seed10,results/runs/pendigits/pendigits__sta4__symmetric-hamiltonian__L8__lr0.01__bs32__seed10_seed10,pendigits,sta4,symmetric-hamiltonian,8,10,0.01,32,2000,True,plus,True,False,1.0232713759642689,0.752,1.0673720637347794,0.7304173813607776,0.7613333333333333,1280.6,,51.647732734680176,,368,4,16,c9975de69f8651d303bc6c90c5d2fe6e6ebd42c1,False
complete,pendigits,pendigits__sta4__symmetric-hamiltonian__L8__lr0.01__bs32__seed11,results/runs/pendigits/pendigits__sta4__symmetric-hamiltonian__L8__lr0.01__bs32__seed11_seed11,pendigits,sta4,symmetric-hamiltonian,8,11,0.01,32,2000,True,plus,True,False,1.1380971720230142,0.7013333333333334,1.1709662174372366,0.6898227558604917,0.736,1228.1333333333334,,50.99130415916443,,368,4,16,c9975de69f8651d303bc6c90c5d2fe6e6ebd42c1,False
complete,pendigits,pendigits__sta4__symmetric-hamiltonian__L8__lr0.01__bs32__seed12,results/runs/pendigits/pendigits__sta4__symmetric-hamiltonian__L8__lr0.01__bs32__seed12_seed12,pendigits,sta4,symmetric-hamiltonian,8,12,0.01,32,2000,True,plus,True,False,0.9714758190104545,0.7706666666666667,1.0140998754385857,0.7358490566037735,0.7706666666666667,1273.0,,50.80906915664673,,368,4,16,c9975de69f8651d303bc6c90c5d2fe6e6ebd42c1,False
complete,pendigits,pendigits__sta4__symmetric-hamiltonian__L8__lr0.01__bs32__seed13,results/runs/pendigits/pendigits__sta4__symmetric-hamiltonian__L8__lr0.01__bs32__seed13_seed13,pendigits,sta4,symmetric-hamiltonian,8,13,0.01,32,2000,True,plus,True,False,0.9632444811132281,0.7586666666666667,1.0122388327940057,0.7458547741566609,0.76,1338.1333333333337,,51.074058532714844,,368,4,16,c9975de69f8651d303bc6c90c5d2fe6e6ebd42c1,False
complete,pendigits,pendigits__sta4__symmetric-hamiltonian__L8__lr0.01__bs32__seed14,results/runs/pendigits/pendigits__sta4__symmetric-hamiltonian__L8__lr0.01__bs32__seed14_seed14,pendigits,sta4,symmetric-hamiltonian,8,14,0.01,32,2000,True,plus,True,False,1.0991523640009697,0.7306666666666667,1.1483054037658826,0.7126929674099486,0.7573333333333333,1277.0666666666668,,56.48176884651184,,368,4,16,c9975de69f8651d303bc6c90c5d2fe6e6ebd42c1,False
complete,pendigits,pendigits__sta4__symmetric-hamiltonian__L8__lr0.01__bs32__seed15,results/runs/pendigits/pendigits__sta4__symmetric-hamiltonian__L8__lr0.01__bs32__seed15_seed15,pendigits,sta4,symmetric-hamiltonian,8,15,0.01,32,2000,True,plus,True,False,1.9396885002957591,0.304,2.10273543044478,0.28130360205831906,0.7453333333333333,1231.0666666666666,,53.252405405044556,,368,4,16,c9975de69f8651d303bc6c90c5d2fe6e6ebd42c1,False
complete,pendigits,pendigits__sta4__symmetric-hamiltonian__L8__lr0.01__bs32__seed16,results/runs/pendigits/pendigits__sta4__symmetric-hamiltonian__L8__lr0.01__bs32__seed16_seed16,pendigits,sta4,symmetric-hamiltonian,8,16,0.01,32,2000,True,plus,True,False,1.03300591434316,0.7426666666666667,1.0985046002167471,0.7058319039451115,0.7426666666666667,1252.7333333333333,,52.67851185798645,,368,4,16,c9975de69f8651d303bc6c90c5d2fe6e6ebd42c1,False
complete,pendigits,pendigits__sta4__symmetric-hamiltonian__L8__lr0.01__bs32__seed17,results/runs/pendigits/pendigits__sta4__symmetric-hamiltonian__L8__lr0.01__bs32__seed17_seed17,pendigits,sta4,symmetric-hamiltonian,8,17,0.01,32,2000,True,plus,True,False,1.0463591257724003,0.7373333333333333,1.0815419100398511,0.724128073184677,0.7413333333333333,1304.9333333333334,,54.476693630218506,,368,4,16,c9975de69f8651d303bc6c90c5d2fe6e6ebd42c1,False
complete,pendigits,pendigits__sta4__symmetric-hamiltonian__L8__lr0.01__bs32__seed18,results/runs/pendigits/pendigits__sta4__symmetric-hamiltonian__L8__lr0.01__bs32__seed18_seed18,pendigits,sta4,symmetric-hamiltonian,8,18,0.01,32,2000,True,plus,True,False,1.022035788282478,0.744,1.0636689015005085,0.7321326472269869,0.7786666666666666,1346.2,,51.93238544464111,,368,4,16,c9975de69f8651d303bc6c90c5d2fe6e6ebd42c1,False
complete,pendigits,pendigits__sta4__symmetric-hamiltonian__L8__lr0.01__bs32__seed19,results/runs/pendigits/pendigits__sta4__symmetric-hamiltonian__L8__lr0.01__bs32__seed19_seed19,pendigits,sta4,symmetric-hamiltonian,8,19,0.01,32,2000,True,plus,True,False,1.6343943753669778,0.468,1.664680268277917,0.4473985134362493,0.7546666666666667,1204.4666666666667,,55.04331374168396,,368,4,16,c9975de69f8651d303bc6c90c5d2fe6e6ebd42c1,False
complete,pendigits,pendigits__sta4__symmetric-hamiltonian__L8__lr0.01__bs32__seed1,results/runs/pendigits/pendigits__sta4__symmetric-hamiltonian__L8__lr0.01__bs32__seed1_seed1,pendigits,sta4,symmetric-hamiltonian,8,1,0.01,32,2000,True,plus,True,False,1.1356075131784629,0.708,1.2013060970075684,0.6875357347055461,0.7466666666666667,1259.6000000000004,,54.41960883140564,,368,4,16,c9975de69f8651d303bc6c90c5d2fe6e6ebd42c1,False
complete,pendigits,pendigits__sta4__symmetric-hamiltonian__L8__lr0.01__bs32__seed2,results/runs/pendigits/pendigits__sta4__symmetric-hamiltonian__L8__lr0.01__bs32__seed2_seed2,pendigits,sta4,symmetric-hamiltonian,8,2,0.01,32,2000,True,plus,True,False,1.032500177229894,0.7506666666666667,1.0993557408571588,0.6866781017724414,0.7533333333333333,1297.6,,53.757253885269165,,368,4,16,c9975de69f8651d303bc6c90c5d2fe6e6ebd42c1,False
complete,pendigits,pendigits__sta4__symmetric-hamiltonian__L8__lr0.01__bs32__seed3,results/runs/pendigits/pendigits__sta4__symmetric-hamiltonian__L8__lr0.01__bs32__seed3_seed3,pendigits,sta4,symmetric-hamiltonian,8,3,0.01,32,2000,True,plus,True,False,0.993525397704911,0.732,0.9863919241887826,0.7558604917095483,0.7666666666666667,1337.4666666666667,,52.16397476196289,,368,4,16,c9975de69f8651d303bc6c90c5d2fe6e6ebd42c1,False
complete,pendigits,pendigits__sta4__symmetric-hamiltonian__L8__lr0.01__bs32__seed4,results/runs/pendigits/pendigits__sta4__symmetric-hamiltonian__L8__lr0.01__bs32__seed4_seed4,pendigits,sta4,symmetric-hamiltonian,8,4,0.01,32,2000,True,plus,True,False,1.1915857249227755,0.6973333333333334,1.266771594450472,0.6889651229273871,0.7546666666666667,1323.5333333333333,,55.121787309646606,,368,4,16,c9975de69f8651d303bc6c90c5d2fe6e6ebd42c1,False
complete,pendigits,pendigits__sta4__symmetric-hamiltonian__L8__lr0.01__bs32__seed5,results/runs/pendigits/pendigits__sta4__symmetric-hamiltonian__L8__lr0.01__bs32__seed5_seed5,pendigits,sta4,symmetric-hamiltonian,8,5,0.01,32,2000,True,plus,True,False,1.2767814368206118,0.652,1.2977744634119097,0.6403659233847913,0.764,1217.533333333333,,53.22179818153381,,368,4,16,c9975de69f8651d303bc6c90c5d2fe6e6ebd42c1,False
complete,pendigits,pendigits__sta4__symmetric-hamiltonian__L8__lr0.01__bs32__seed6,results/runs/pendigits/pendigits__sta4__symmetric-hamiltonian__L8__lr0.01__bs32__seed6_seed6,pendigits,sta4,symmetric-hamiltonian,8,6,0.01,32,2000,True,plus,True,False,1.200666060444346,0.6626666666666666,1.2386279517544785,0.6409376786735277,0.7573333333333333,1298.2666666666664,,53.49071002006531,,368,4,16,c9975de69f8651d303bc6c90c5d2fe6e6ebd42c1,False
complete,pendigits,pendigits__sta4__symmetric-hamiltonian__L8__lr0.01__bs32__seed7,results/runs/pendigits/pendigits__sta4__symmetric-hamiltonian__L8__lr0.01__bs32__seed7_seed7,pendigits,sta4,symmetric-hamiltonian,8,7,0.01,32,2000,True,plus,True,False,0.9475843899982493,0.768,1.0430420889133656,0.7275586049170955,0.768,1332.6000000000001,,51.922765254974365,,368,4,16,c9975de69f8651d303bc6c90c5d2fe6e6ebd42c1,False
complete,pendigits,pendigits__sta4__symmetric-hamiltonian__L8__lr0.01__bs32__seed8,results/runs/pendigits/pendigits__sta4__symmetric-hamiltonian__L8__lr0.01__bs32__seed8_seed8,pendigits,sta4,symmetric-hamiltonian,8,8,0.01,32,2000,True,plus,True,False,0.9553387611360399,0.7693333333333333,1.0147027637593686,0.7395654659805603,0.7693333333333333,1297.2666666666667,,55.13949966430664,,368,4,16,c9975de69f8651d303bc6c90c5d2fe6e6ebd42c1,False
complete,pendigits,pendigits__sta4__symmetric-hamiltonian__L8__lr0.01__bs32__seed9,results/runs/pendigits/pendigits__sta4__symmetric-hamiltonian__L8__lr0.01__bs32__seed9_seed9,pendigits,sta4,symmetric-hamiltonian,8,9,0.01,32,2000,True,plus,True,False,1.0453685917529116,0.7306666666666667,1.0804015966747864,0.6926815323041738,0.7506666666666667,1291.5333333333335,,52.46641683578491,,368,4,16,c9975de69f8651d303bc6c90c5d2fe6e6ebd42c1,False
complete,pendigits,pendigits__sta4__trainable-frequency-ry__L16__lr0.01__bs32__seed0,results/runs/pendigits/pendigits__sta4__trainable-frequency-ry__L16__lr0.01__bs32__seed0_seed0,pendigits,sta4,trainable-frequency-ry,16,0,0.01,32,2000,True,plus,True,False,0.9017553704637461,0.7573333333333333,0.9664819714888416,0.7392795883361921,0.7573333333333333,1074.9333333333332,,1145.5607941150665,,3856,16,65536,457b0468ba5f023a4a9f38816dbca0899481d04d,False
complete,pendigits,pendigits__sta4__trainable-frequency-ry__L16__lr0.01__bs32__seed10,results/runs/pendigits/pendigits__sta4__trainable-frequency-ry__L16__lr0.01__bs32__seed10_seed10,pendigits,sta4,trainable-frequency-ry,16,10,0.01,32,2000,True,plus,True,False,1.127818616050534,0.6666666666666666,1.205833202686148,0.6357918810748999,0.6706666666666666,1045.7999999999997,,1139.3929278850555,,3856,16,65536,457b0468ba5f023a4a9f38816dbca0899481d04d,False
complete,pendigits,pendigits__sta4__trainable-frequency-ry__L16__lr0.01__bs32__seed11,results/runs/pendigits/pendigits__sta4__trainable-frequency-ry__L16__lr0.01__bs32__seed11_seed11,pendigits,sta4,trainable-frequency-ry,16,11,0.01,32,2000,True,plus,True,False,1.2403951673370865,0.6226666666666667,1.3406387129494304,0.5728987993138936,0.6226666666666667,999.6,,1135.7701942920685,,3856,16,65536,457b0468ba5f023a4a9f38816dbca0899481d04d,False
complete,pendigits,pendigits__sta4__trainable-frequency-ry__L16__lr0.01__bs32__seed12,results/runs/pendigits/pendigits__sta4__trainable-frequency-ry__L16__lr0.01__bs32__seed12_seed12,pendigits,sta4,trainable-frequency-ry,16,12,0.01,32,2000,True,plus,True,False,1.110941127094382,0.6733333333333333,1.205897478491822,0.62778730703259,0.6733333333333333,1015.0000000000001,,1140.389449596405,,3856,16,65536,457b0468ba5f023a4a9f38816dbca0899481d04d,False
complete,pendigits,pendigits__sta4__trainable-frequency-ry__L16__lr0.01__bs32__seed13,results/runs/pendigits/pendigits__sta4__trainable-frequency-ry__L16__lr0.01__bs32__seed13_seed13,pendigits,sta4,trainable-frequency-ry,16,13,0.01,32,2000,True,plus,True,False,1.0593010894123336,0.7066666666666667,1.097539178214337,0.6981132075471698,0.7146666666666667,1068.5333333333333,,1145.1192078590393,,3856,16,65536,457b0468ba5f023a4a9f38816dbca0899481d04d,False
complete,pendigits,pendigits__sta4__trainable-frequency-ry__L16__lr0.01__bs32__seed14,results/runs/pendigits/pendigits__sta4__trainable-frequency-ry__L16__lr0.01__bs32__seed14_seed14,pendigits,sta4,trainable-frequency-ry,16,14,0.01,32,2000,True,plus,True,False,1.036363503495054,0.6933333333333334,1.1018073421847687,0.6712407089765581,0.7053333333333334,1104.2666666666669,,1144.020091533661,,3856,16,65536,457b0468ba5f023a4a9f38816dbca0899481d04d,False
complete,pendigits,pendigits__sta4__trainable-frequency-ry__L16__lr0.01__bs32__seed15,results/runs/pendigits/pendigits__sta4__trainable-frequency-ry__L16__lr0.01__bs32__seed15_seed15,pendigits,sta4,trainable-frequency-ry,16,15,0.01,32,2000,True,plus,True,False,1.0690540083151148,0.7093333333333334,1.0891413267256054,0.7218410520297313,0.7413333333333333,1100.2666666666664,,1148.3452715873718,,3856,16,65536,457b0468ba5f023a4a9f38816dbca0899481d04d,False
complete,pendigits,pendigits__sta4__trainable-frequency-ry__L16__lr0.01__bs32__seed16,results/runs/pendigits/pendigits__sta4__trainable-frequency-ry__L16__lr0.01__bs32__seed16_seed16,pendigits,sta4,trainable-frequency-ry,16,16,0.01,32,2000,True,plus,True,False,0.9428795033144642,0.7453333333333333,0.9782065855776465,0.7215551743853631,0.7453333333333333,1093.6666666666665,,1171.2176041603088,,3856,16,65536,457b0468ba5f023a4a9f38816dbca0899481d04d,False
complete,pendigits,pendigits__sta4__trainable-frequency-ry__L16__lr0.01__bs32__seed17,results/runs/pendigits/pendigits__sta4__trainable-frequency-ry__L16__lr0.01__bs32__seed17_seed17,pendigits,sta4,trainable-frequency-ry,16,17,0.01,32,2000,True,plus,True,False,1.149647423877865,0.664,1.1784362075025436,0.6675242995997713,0.6666666666666666,992.1333333333333,,1177.6325471401215,,3856,16,65536,457b0468ba5f023a4a9f38816dbca0899481d04d,False
complete,pendigits,pendigits__sta4__trainable-frequency-ry__L16__lr0.01__bs32__seed18,results/runs/pendigits/pendigits__sta4__trainable-frequency-ry__L16__lr0.01__bs32__seed18_seed18,pendigits,sta4,trainable-frequency-ry,16,18,0.01,32,2000,True,plus,True,False,0.9059548027165083,0.78,1.0003378219058938,0.7198399085191538,0.78,1126.3333333333335,,1183.242749929428,,3856,16,65536,457b0468ba5f023a4a9f38816dbca0899481d04d,False
complete,pendigits,pendigits__sta4__trainable-frequency-ry__L16__lr0.01__bs32__seed19,results/runs/pendigits/pendigits__sta4__trainable-frequency-ry__L16__lr0.01__bs32__seed19_seed19,pendigits,sta4,trainable-frequency-ry,16,19,0.01,32,2000,True,plus,True,False,1.1361849004637086,0.68,1.1766790178644195,0.6509433962264151,0.68,1046.8666666666668,,1178.272109746933,,3856,16,65536,457b0468ba5f023a4a9f38816dbca0899481d04d,False
complete,pendigits,pendigits__sta4__trainable-frequency-ry__L16__lr0.01__bs32__seed1,results/runs/pendigits/pendigits__sta4__trainable-frequency-ry__L16__lr0.01__bs32__seed1_seed1,pendigits,sta4,trainable-frequency-ry,16,1,0.01,32,2000,True,plus,True,False,0.9455833055303484,0.76,1.0191205034141326,0.7135506003430532,0.76,1082.2666666666667,,1150.2461388111115,,3856,16,65536,457b0468ba5f023a4a9f38816dbca0899481d04d,False
complete,pendigits,pendigits__sta4__trainable-frequency-ry__L16__lr0.01__bs32__seed2,results/runs/pendigits/pendigits__sta4__trainable-frequency-ry__L16__lr0.01__bs32__seed2_seed2,pendigits,sta4,trainable-frequency-ry,16,2,0.01,32,2000,True,plus,True,False,0.9576790412093298,0.7626666666666667,1.0188596190997568,0.7329902801600915,0.776,1022.333333333333,,1156.443032026291,,3856,16,65536,457b0468ba5f023a4a9f38816dbca0899481d04d,False
complete,pendigits,pendigits__sta4__trainable-frequency-ry__L16__lr0.01__bs32__seed3,results/runs/pendigits/pendigits__sta4__trainable-frequency-ry__L16__lr0.01__bs32__seed3_seed3,pendigits,sta4,trainable-frequency-ry,16,3,0.01,32,2000,True,plus,True,False,1.0796590615902792,0.6906666666666667,1.1185824250428642,0.6732418524871355,0.6906666666666667,1072.6,,1156.2027134895325,,3856,16,65536,457b0468ba5f023a4a9f38816dbca0899481d04d,False
complete,pendigits,pendigits__sta4__trainable-frequency-ry__L16__lr0.01__bs32__seed4,results/runs/pendigits/pendigits__sta4__trainable-frequency-ry__L16__lr0.01__bs32__seed4_seed4,pendigits,sta4,trainable-frequency-ry,16,4,0.01,32,2000,True,plus,True,False,1.0130850061468224,0.748,1.079304868979838,0.7158376214979989,0.748,1069.9999999999998,,1152.0012123584747,,3856,16,65536,457b0468ba5f023a4a9f38816dbca0899481d04d,False
complete,pendigits,pendigits__sta4__trainable-frequency-ry__L16__lr0.01__bs32__seed5,results/runs/pendigits/pendigits__sta4__trainable-frequency-ry__L16__lr0.01__bs32__seed5_seed5,pendigits,sta4,trainable-frequency-ry,16,5,0.01,32,2000,True,plus,True,False,1.051540202098082,0.716,1.128847668051981,0.657518582046884,0.716,1029.5333333333335,,1150.2059268951416,,3856,16,65536,457b0468ba5f023a4a9f38816dbca0899481d04d,False
complete,pendigits,pendigits__sta4__trainable-frequency-ry__L16__lr0.01__bs32__seed6,results/runs/pendigits/pendigits__sta4__trainable-frequency-ry__L16__lr0.01__bs32__seed6_seed6,pendigits,sta4,trainable-frequency-ry,16,6,0.01,32,2000,True,plus,True,False,1.066336357384799,0.708,1.1362078991753115,0.694396798170383,0.708,1020.0666666666667,,1151.1117024421692,,3856,16,65536,457b0468ba5f023a4a9f38816dbca0899481d04d,False
complete,pendigits,pendigits__sta4__trainable-frequency-ry__L16__lr0.01__bs32__seed7,results/runs/pendigits/pendigits__sta4__trainable-frequency-ry__L16__lr0.01__bs32__seed7_seed7,pendigits,sta4,trainable-frequency-ry,16,7,0.01,32,2000,True,plus,True,False,1.1012407989048059,0.716,1.1218211581363808,0.7089765580331618,0.7186666666666667,1056.6,,1153.582447528839,,3856,16,65536,457b0468ba5f023a4a9f38816dbca0899481d04d,False
complete,pendigits,pendigits__sta4__trainable-frequency-ry__L16__lr0.01__bs32__seed8,results/runs/pendigits/pendigits__sta4__trainable-frequency-ry__L16__lr0.01__bs32__seed8_seed8,pendigits,sta4,trainable-frequency-ry,16,8,0.01,32,2000,True,plus,True,False,0.9626128298422543,0.7253333333333334,1.0251217480254513,0.696969696969697,0.744,1130.4,,1156.929795742035,,3856,16,65536,457b0468ba5f023a4a9f38816dbca0899481d04d,False
complete,pendigits,pendigits__sta4__trainable-frequency-ry__L16__lr0.01__bs32__seed9,results/runs/pendigits/pendigits__sta4__trainable-frequency-ry__L16__lr0.01__bs32__seed9_seed9,pendigits,sta4,trainable-frequency-ry,16,9,0.01,32,2000,True,plus,True,False,1.102028923511858,0.708,1.1429027954330762,0.7049742710120068,0.708,1053.0,,1156.486183643341,,3856,16,65536,457b0468ba5f023a4a9f38816dbca0899481d04d,False
complete,pendigits,pendigits__sta4__trainable-frequency-ry__L1__lr0.01__bs32__seed0,results/runs/pendigits/pendigits__sta4__trainable-frequency-ry__L1__lr0.01__bs32__seed0_seed0,pendigits,sta4,trainable-frequency-ry,1,0,0.01,32,2000,True,plus,True,False,1.7906858024039374,0.3293333333333333,1.8563409851377968,0.32046883933676384,0.37866666666666665,680.4666666666667,,135.35211086273193,,241,16,65536,c9975de69f8651d303bc6c90c5d2fe6e6ebd42c1,False
complete,pendigits,pendigits__sta4__trainable-frequency-ry__L1__lr0.01__bs32__seed10,results/runs/pendigits/pendigits__sta4__trainable-frequency-ry__L1__lr0.01__bs32__seed10_seed10,pendigits,sta4,trainable-frequency-ry,1,10,0.01,32,2000,True,plus,True,False,1.8173664885800311,0.35733333333333334,1.8823527478288085,0.3158947970268725,0.37333333333333335,631.9333333333333,,75.82496881484985,,241,16,65536,457b0468ba5f023a4a9f38816dbca0899481d04d,False
complete,pendigits,pendigits__sta4__trainable-frequency-ry__L1__lr0.01__bs32__seed11,results/runs/pendigits/pendigits__sta4__trainable-frequency-ry__L1__lr0.01__bs32__seed11_seed11,pendigits,sta4,trainable-frequency-ry,1,11,0.01,32,2000,True,plus,True,False,1.8087434462333392,0.32666666666666666,1.8724043457681303,0.31732418524871353,0.344,603.2666666666667,,77.44121313095093,,241,16,65536,457b0468ba5f023a4a9f38816dbca0899481d04d,False
complete,pendigits,pendigits__sta4__trainable-frequency-ry__L1__lr0.01__bs32__seed12,results/runs/pendigits/pendigits__sta4__trainable-frequency-ry__L1__lr0.01__bs32__seed12_seed12,pendigits,sta4,trainable-frequency-ry,1,12,0.01,32,2000,True,plus,True,False,1.8498084728113748,0.3253333333333333,1.8826098295788827,0.31475128644939965,0.3586666666666667,621.9999999999999,,76.30772614479065,,241,16,65536,457b0468ba5f023a4a9f38816dbca0899481d04d,False
complete,pendigits,pendigits__sta4__trainable-frequency-ry__L1__lr0.01__bs32__seed13,results/runs/pendigits/pendigits__sta4__trainable-frequency-ry__L1__lr0.01__bs32__seed13_seed13,pendigits,sta4,trainable-frequency-ry,1,13,0.01,32,2000,True,plus,True,False,1.7852826182053525,0.368,1.85200687908433,0.34505431675243,0.41733333333333333,715.5999999999999,,76.14119577407837,,241,16,65536,457b0468ba5f023a4a9f38816dbca0899481d04d,False
complete,pendigits,pendigits__sta4__trainable-frequency-ry__L1__lr0.01__bs32__seed14,results/runs/pendigits/pendigits__sta4__trainable-frequency-ry__L1__lr0.01__bs32__seed14_seed14,pendigits,sta4,trainable-frequency-ry,1,14,0.01,32,2000,True,plus,True,False,1.8248131414741193,0.32,1.8918856850038197,0.29273870783304745,0.36933333333333335,627.3333333333333,,75.37783646583557,,241,16,65536,457b0468ba5f023a4a9f38816dbca0899481d04d,False
complete,pendigits,pendigits__sta4__trainable-frequency-ry__L1__lr0.01__bs32__seed15,results/runs/pendigits/pendigits__sta4__trainable-frequency-ry__L1__lr0.01__bs32__seed15_seed15,pendigits,sta4,trainable-frequency-ry,1,15,0.01,32,2000,True,plus,True,False,1.7868573306515931,0.39866666666666667,1.8399469515999203,0.36506575185820467,0.42,706.5999999999998,,75.89553427696228,,241,16,65536,457b0468ba5f023a4a9f38816dbca0899481d04d,False
complete,pendigits,pendigits__sta4__trainable-frequency-ry__L1__lr0.01__bs32__seed16,results/runs/pendigits/pendigits__sta4__trainable-frequency-ry__L1__lr0.01__bs32__seed16_seed16,pendigits,sta4,trainable-frequency-ry,1,16,0.01,32,2000,True,plus,True,False,1.8034084936518935,0.34933333333333333,1.8762424899110541,0.3299028016009148,0.3546666666666667,620.8000000000001,,77.58759355545044,,241,16,65536,457b0468ba5f023a4a9f38816dbca0899481d04d,False
complete,pendigits,pendigits__sta4__trainable-frequency-ry__L1__lr0.01__bs32__seed17,results/runs/pendigits/pendigits__sta4__trainable-frequency-ry__L1__lr0.01__bs32__seed17_seed17,pendigits,sta4,trainable-frequency-ry,1,17,0.01,32,2000,True,plus,True,False,1.8081592100815154,0.308,1.8658067598397092,0.28673527730131504,0.36133333333333334,617.4666666666667,,78.25553965568542,,241,16,65536,457b0468ba5f023a4a9f38816dbca0899481d04d,False
complete,pendigits,pendigits__sta4__trainable-frequency-ry__L1__lr0.01__bs32__seed18,results/runs/pendigits/pendigits__sta4__trainable-frequency-ry__L1__lr0.01__bs32__seed18_seed18,pendigits,sta4,trainable-frequency-ry,1,18,0.01,32,2000,True,plus,True,False,1.818055055969157,0.3466666666666667,1.8754320638790496,0.3113207547169811,0.3466666666666667,604.6666666666666,,77.0850396156311,,241,16,65536,457b0468ba5f023a4a9f38816dbca0899481d04d,False
complete,pendigits,pendigits__sta4__trainable-frequency-ry__L1__lr0.01__bs32__seed19,results/runs/pendigits/pendigits__sta4__trainable-frequency-ry__L1__lr0.01__bs32__seed19_seed19,pendigits,sta4,trainable-frequency-ry,1,19,0.01,32,2000,True,plus,True,False,1.9314609055130862,0.3426666666666667,1.9836385611578222,0.30074328187535737,0.35333333333333333,565.3333333333334,,76.34905409812927,,241,16,65536,457b0468ba5f023a4a9f38816dbca0899481d04d,False
complete,pendigits,pendigits__sta4__trainable-frequency-ry__L1__lr0.01__bs32__seed1,results/runs/pendigits/pendigits__sta4__trainable-frequency-ry__L1__lr0.01__bs32__seed1_seed1,pendigits,sta4,trainable-frequency-ry,1,1,0.01,32,2000,True,plus,True,False,1.8169465961006797,0.30933333333333335,1.8705669895669048,0.2827329902801601,0.3546666666666667,606.6,,76.05159139633179,,241,16,65536,457b0468ba5f023a4a9f38816dbca0899481d04d,False
complete,pendigits,pendigits__sta4__trainable-frequency-ry__L1__lr0.01__bs32__seed2,results/runs/pendigits/pendigits__sta4__trainable-frequency-ry__L1__lr0.01__bs32__seed2_seed2,pendigits,sta4,trainable-frequency-ry,1,2,0.01,32,2000,True,plus,True,False,1.8110147402788632,0.344,1.862205633281886,0.33647798742138363,0.39066666666666666,666.0666666666667,,77.74601316452026,,241,16,65536,457b0468ba5f023a4a9f38816dbca0899481d04d,False
complete,pendigits,pendigits__sta4__trainable-frequency-ry__L1__lr0.01__bs32__seed3,results/runs/pendigits/pendigits__sta4__trainable-frequency-ry__L1__lr0.01__bs32__seed3_seed3,pendigits,sta4,trainable-frequency-ry,1,3,0.01,32,2000,True,plus,True,False,1.822586477315636,0.364,1.8682919301591958,0.3296169239565466,0.36666666666666664,646.4,,77.31623482704163,,241,16,65536,457b0468ba5f023a4a9f38816dbca0899481d04d,False
complete,pendigits,pendigits__sta4__trainable-frequency-ry__L1__lr0.01__bs32__seed4,results/runs/pendigits/pendigits__sta4__trainable-frequency-ry__L1__lr0.01__bs32__seed4_seed4,pendigits,sta4,trainable-frequency-ry,1,4,0.01,32,2000,True,plus,True,False,1.799295995964539,0.356,1.8765900796655772,0.33876500857632935,0.37066666666666664,662.5999999999999,,78.9331407546997,,241,16,65536,457b0468ba5f023a4a9f38816dbca0899481d04d,False
complete,pendigits,pendigits__sta4__trainable-frequency-ry__L1__lr0.01__bs32__seed5,results/runs/pendigits/pendigits__sta4__trainable-frequency-ry__L1__lr0.01__bs32__seed5_seed5,pendigits,sta4,trainable-frequency-ry,1,5,0.01,32,2000,True,plus,True,False,1.832471852440245,0.368,1.8822519584310404,0.31475128644939965,0.37466666666666665,673.5333333333332,,75.19964981079102,,241,16,65536,457b0468ba5f023a4a9f38816dbca0899481d04d,False
complete,pendigits,pendigits__sta4__trainable-frequency-ry__L1__lr0.01__bs32__seed6,results/runs/pendigits/pendigits__sta4__trainable-frequency-ry__L1__lr0.01__bs32__seed6_seed6,pendigits,sta4,trainable-frequency-ry,1,6,0.01,32,2000,True,plus,True,False,1.8164714308145358,0.37066666666666664,1.8701394333991492,0.33990851915380216,0.4,674.4666666666667,,76.25511908531189,,241,16,65536,457b0468ba5f023a4a9f38816dbca0899481d04d,False
complete,pendigits,pendigits__sta4__trainable-frequency-ry__L1__lr0.01__bs32__seed7,results/runs/pendigits/pendigits__sta4__trainable-frequency-ry__L1__lr0.01__bs32__seed7_seed7,pendigits,sta4,trainable-frequency-ry,1,7,0.01,32,2000,True,plus,True,False,1.8142528389057213,0.328,1.8651146087343424,0.2938822184105203,0.3586666666666667,617.3333333333334,,78.6278944015503,,241,16,65536,457b0468ba5f023a4a9f38816dbca0899481d04d,False
complete,pendigits,pendigits__sta4__trainable-frequency-ry__L1__lr0.01__bs32__seed8,results/runs/pendigits/pendigits__sta4__trainable-frequency-ry__L1__lr0.01__bs32__seed8_seed8,pendigits,sta4,trainable-frequency-ry,1,8,0.01,32,2000,True,plus,True,False,1.7878267676310498,0.3426666666666667,1.862318978835381,0.292166952544311,0.37066666666666664,654.1333333333333,,75.53673386573792,,241,16,65536,457b0468ba5f023a4a9f38816dbca0899481d04d,False
complete,pendigits,pendigits__sta4__trainable-frequency-ry__L1__lr0.01__bs32__seed9,results/runs/pendigits/pendigits__sta4__trainable-frequency-ry__L1__lr0.01__bs32__seed9_seed9,pendigits,sta4,trainable-frequency-ry,1,9,0.01,32,2000,True,plus,True,False,1.828964595133357,0.316,1.8708274400878686,0.3261863922241281,0.356,625.0666666666667,,76.19002223014832,,241,16,65536,457b0468ba5f023a4a9f38816dbca0899481d04d,False
complete,pendigits,pendigits__sta4__trainable-frequency-ry__L2__lr0.01__bs32__seed0,results/runs/pendigits/pendigits__sta4__trainable-frequency-ry__L2__lr0.01__bs32__seed0_seed0,pendigits,sta4,trainable-frequency-ry,2,0,0.01,32,2000,True,plus,True,False,1.4788771613618352,0.512,1.5432630963952996,0.4808461978273299,0.5346666666666666,923.5333333333333,,141.16230463981628,,482,16,65536,457b0468ba5f023a4a9f38816dbca0899481d04d,False
complete,pendigits,pendigits__sta4__trainable-frequency-ry__L2__lr0.01__bs32__seed10,results/runs/pendigits/pendigits__sta4__trainable-frequency-ry__L2__lr0.01__bs32__seed10_seed10,pendigits,sta4,trainable-frequency-ry,2,10,0.01,32,2000,True,plus,True,False,1.5121029404034756,0.49866666666666665,1.565771569539779,0.48713550600343053,0.524,919.0666666666666,,142.1275556087494,,482,16,65536,457b0468ba5f023a4a9f38816dbca0899481d04d,False
complete,pendigits,pendigits__sta4__trainable-frequency-ry__L2__lr0.01__bs32__seed11,results/runs/pendigits/pendigits__sta4__trainable-frequency-ry__L2__lr0.01__bs32__seed11_seed11,pendigits,sta4,trainable-frequency-ry,2,11,0.01,32,2000,True,plus,True,False,1.4783506545839504,0.516,1.5678675287671033,0.4794168096054888,0.524,923.6666666666666,,141.60004043579102,,482,16,65536,457b0468ba5f023a4a9f38816dbca0899481d04d,False
complete,pendigits,pendigits__sta4__trainable-frequency-ry__L2__lr0.01__bs32__seed12,results/runs/pendigits/pendigits__sta4__trainable-frequency-ry__L2__lr0.01__bs32__seed12_seed12,pendigits,sta4,trainable-frequency-ry,2,12,0.01,32,2000,True,plus,True,False,1.531218811725995,0.5133333333333333,1.599336325848557,0.4885648942252716,0.5133333333333333,925.5333333333332,,138.9121584892273,,482,16,65536,457b0468ba5f023a4a9f38816dbca0899481d04d,False
complete,pendigits,pendigits__sta4__trainable-frequency-ry__L2__lr0.01__bs32__seed13,results/runs/pendigits/pendigits__sta4__trainable-frequency-ry__L2__lr0.01__bs32__seed13_seed13,pendigits,sta4,trainable-frequency-ry,2,13,0.01,32,2000,True,plus,True,False,1.491970052685742,0.48133333333333334,1.5530689485725178,0.4559748427672956,0.49066666666666664,870.2000000000002,,138.2116539478302,,482,16,65536,457b0468ba5f023a4a9f38816dbca0899481d04d,False
complete,pendigits,pendigits__sta4__trainable-frequency-ry__L2__lr0.01__bs32__seed14,results/runs/pendigits/pendigits__sta4__trainable-frequency-ry__L2__lr0.01__bs32__seed14_seed14,pendigits,sta4,trainable-frequency-ry,2,14,0.01,32,2000,True,plus,True,False,1.47749525663905,0.4826666666666667,1.5536872524576895,0.4585477415666095,0.5346666666666666,965.1333333333334,,138.82545971870422,,482,16,65536,457b0468ba5f023a4a9f38816dbca0899481d04d,False
complete,pendigits,pendigits__sta4__trainable-frequency-ry__L2__lr0.01__bs32__seed15,results/runs/pendigits/pendigits__sta4__trainable-frequency-ry__L2__lr0.01__bs32__seed15_seed15,pendigits,sta4,trainable-frequency-ry,2,15,0.01,32,2000,True,plus,True,False,1.4837218211562222,0.544,1.5535145876263465,0.4911377930245855,0.544,944.5333333333334,,139.68570518493652,,482,16,65536,457b0468ba5f023a4a9f38816dbca0899481d04d,False
complete,pendigits,pendigits__sta4__trainable-frequency-ry__L2__lr0.01__bs32__seed16,results/runs/pendigits/pendigits__sta4__trainable-frequency-ry__L2__lr0.01__bs32__seed16_seed16,pendigits,sta4,trainable-frequency-ry,2,16,0.01,32,2000,True,plus,True,False,1.5199156678194703,0.48,1.574826079106168,0.46569468267581476,0.5053333333333333,898.0,,139.61593103408813,,482,16,65536,457b0468ba5f023a4a9f38816dbca0899481d04d,False
complete,pendigits,pendigits__sta4__trainable-frequency-ry__L2__lr0.01__bs32__seed17,results/runs/pendigits/pendigits__sta4__trainable-frequency-ry__L2__lr0.01__bs32__seed17_seed17,pendigits,sta4,trainable-frequency-ry,2,17,0.01,32,2000,True,plus,True,False,1.53892268205599,0.5013333333333333,1.579945625403983,0.4777015437392796,0.52,905.5333333333335,,140.1888701915741,,482,16,65536,457b0468ba5f023a4a9f38816dbca0899481d04d,False
complete,pendigits,pendigits__sta4__trainable-frequency-ry__L2__lr0.01__bs32__seed18,results/runs/pendigits/pendigits__sta4__trainable-frequency-ry__L2__lr0.01__bs32__seed18_seed18,pendigits,sta4,trainable-frequency-ry,2,18,0.01,32,2000,True,plus,True,False,1.5250228253049218,0.5226666666666666,1.5666146468257685,0.46826758147512865,0.548,925.2,,140.33934783935547,,482,16,65536,457b0468ba5f023a4a9f38816dbca0899481d04d,False
complete,pendigits,pendigits__sta4__trainable-frequency-ry__L2__lr0.01__bs32__seed19,results/runs/pendigits/pendigits__sta4__trainable-frequency-ry__L2__lr0.01__bs32__seed19_seed19,pendigits,sta4,trainable-frequency-ry,2,19,0.01,32,2000,True,plus,True,False,1.501674634509749,0.508,1.543795817915898,0.4808461978273299,0.5386666666666666,911.3333333333334,,139.0871295928955,,482,16,65536,457b0468ba5f023a4a9f38816dbca0899481d04d,False
complete,pendigits,pendigits__sta4__trainable-frequency-ry__L2__lr0.01__bs32__seed1,results/runs/pendigits/pendigits__sta4__trainable-frequency-ry__L2__lr0.01__bs32__seed1_seed1,pendigits,sta4,trainable-frequency-ry,2,1,0.01,32,2000,True,plus,True,False,1.4935551256105881,0.4786666666666667,1.5523153166587345,0.4368210405946255,0.5146666666666667,917.5333333333332,,142.10917615890503,,482,16,65536,457b0468ba5f023a4a9f38816dbca0899481d04d,False
complete,pendigits,pendigits__sta4__trainable-frequency-ry__L2__lr0.01__bs32__seed2,results/runs/pendigits/pendigits__sta4__trainable-frequency-ry__L2__lr0.01__bs32__seed2_seed2,pendigits,sta4,trainable-frequency-ry,2,2,0.01,32,2000,True,plus,True,False,1.4841825928755932,0.5213333333333333,1.552329491195275,0.48570611778158945,0.5213333333333333,882.5999999999998,,140.5587658882141,,482,16,65536,5d760ef42d71a06acce4efdc9ed931be057f16a6,True
complete,pendigits,pendigits__sta4__trainable-frequency-ry__L2__lr0.01__bs32__seed3,results/runs/pendigits/pendigits__sta4__trainable-frequency-ry__L2__lr0.01__bs32__seed3_seed3,pendigits,sta4,trainable-frequency-ry,2,3,0.01,32,2000,True,plus,True,False,1.4441815588913103,0.528,1.4916346333293444,0.4925671812464265,0.528,937.1333333333333,,140.0547788143158,,482,16,65536,5d760ef42d71a06acce4efdc9ed931be057f16a6,False
complete,pendigits,pendigits__sta4__trainable-frequency-ry__L2__lr0.01__bs32__seed4,results/runs/pendigits/pendigits__sta4__trainable-frequency-ry__L2__lr0.01__bs32__seed4_seed4,pendigits,sta4,trainable-frequency-ry,2,4,0.01,32,2000,True,plus,True,False,1.472333224520148,0.5413333333333333,1.5316771242013532,0.4997141223556318,0.5413333333333333,928.0666666666667,,141.43773651123047,,482,16,65536,5d760ef42d71a06acce4efdc9ed931be057f16a6,False
complete,pendigits,pendigits__sta4__trainable-frequency-ry__L2__lr0.01__bs32__seed5,results/runs/pendigits/pendigits__sta4__trainable-frequency-ry__L2__lr0.01__bs32__seed5_seed5,pendigits,sta4,trainable-frequency-ry,2,5,0.01,32,2000,True,plus,True,False,1.4733644101203776,0.49066666666666664,1.5444664094106615,0.4562607204116638,0.528,936.7333333333333,,139.65328860282898,,482,16,65536,5d760ef42d71a06acce4efdc9ed931be057f16a6,False
complete,pendigits,pendigits__sta4__trainable-frequency-ry__L2__lr0.01__bs32__seed6,results/runs/pendigits/pendigits__sta4__trainable-frequency-ry__L2__lr0.01__bs32__seed6_seed6,pendigits,sta4,trainable-frequency-ry,2,6,0.01,32,2000,True,plus,True,False,1.5265871876099897,0.48533333333333334,1.5756586999573576,0.4230989136649514,0.5266666666666666,904.8000000000001,,140.26887464523315,,482,16,65536,5d760ef42d71a06acce4efdc9ed931be057f16a6,False
complete,pendigits,pendigits__sta4__trainable-frequency-ry__L2__lr0.01__bs32__seed7,results/runs/pendigits/pendigits__sta4__trainable-frequency-ry__L2__lr0.01__bs32__seed7_seed7,pendigits,sta4,trainable-frequency-ry,2,7,0.01,32,2000,True,plus,True,False,1.5200335963856673,0.49066666666666664,1.56933531714073,0.43138936535162953,0.5213333333333333,944.2,,142.61412858963013,,482,16,65536,5d760ef42d71a06acce4efdc9ed931be057f16a6,False
complete,pendigits,pendigits__sta4__trainable-frequency-ry__L2__lr0.01__bs32__seed8,results/runs/pendigits/pendigits__sta4__trainable-frequency-ry__L2__lr0.01__bs32__seed8_seed8,pendigits,sta4,trainable-frequency-ry,2,8,0.01,32,2000,True,plus,True,False,1.4524787938524004,0.532,1.539613774731465,0.4754145225843339,0.5373333333333333,949.9333333333333,,139.26228404045105,,482,16,65536,5d760ef42d71a06acce4efdc9ed931be057f16a6,False
complete,pendigits,pendigits__sta4__trainable-frequency-ry__L2__lr0.01__bs32__seed9,results/runs/pendigits/pendigits__sta4__trainable-frequency-ry__L2__lr0.01__bs32__seed9_seed9,pendigits,sta4,trainable-frequency-ry,2,9,0.01,32,2000,True,plus,True,False,1.4733495849659808,0.488,1.5248291218451147,0.4811320754716981,0.552,939.1333333333334,,139.08715987205505,,482,16,65536,5d760ef42d71a06acce4efdc9ed931be057f16a6,False
complete,pendigits,pendigits__sta4__trainable-frequency-ry__L32__lr0.01__bs32__seed0,results/runs/pendigits/pendigits__sta4__trainable-frequency-ry__L32__lr0.01__bs32__seed0_seed0,pendigits,sta4,trainable-frequency-ry,32,0,0.01,32,2000,True,plus,True,False,1.6243766429990283,0.5066666666666667,1.6740617659528183,0.4505431675242996,0.5066666666666667,696.0000000000001,,2529.4683513641357,,7712,16,65536,457b0468ba5f023a4a9f38816dbca0899481d04d,False
complete,pendigits,pendigits__sta4__trainable-frequency-ry__L32__lr0.01__bs32__seed10,results/runs/pendigits/pendigits__sta4__trainable-frequency-ry__L32__lr0.01__bs32__seed10_seed10,pendigits,sta4,trainable-frequency-ry,32,10,0.01,32,2000,True,plus,True,False,1.7800965431815596,0.42,1.8057855264146039,0.3867924528301887,0.432,635.1333333333333,,2451.5358350276947,,7712,16,65536,457b0468ba5f023a4a9f38816dbca0899481d04d,False
complete,pendigits,pendigits__sta4__trainable-frequency-ry__L32__lr0.01__bs32__seed11,results/runs/pendigits/pendigits__sta4__trainable-frequency-ry__L32__lr0.01__bs32__seed11_seed11,pendigits,sta4,trainable-frequency-ry,32,11,0.01,32,2000,True,plus,True,False,1.4163612130337448,0.6293333333333333,1.461864899962724,0.5769010863350486,0.6293333333333333,746.5999999999999,,2440.6505188941956,,7712,16,65536,457b0468ba5f023a4a9f38816dbca0899481d04d,False
complete,pendigits,pendigits__sta4__trainable-frequency-ry__L32__lr0.01__bs32__seed12,results/runs/pendigits/pendigits__sta4__trainable-frequency-ry__L32__lr0.01__bs32__seed12_seed12,pendigits,sta4,trainable-frequency-ry,32,12,0.01,32,2000,True,plus,True,False,1.8290611181826977,0.38533333333333336,1.8630975209788079,0.3539165237278445,0.4146666666666667,615.5999999999999,,2440.2782921791077,,7712,16,65536,457b0468ba5f023a4a9f38816dbca0899481d04d,False
complete,pendigits,pendigits__sta4__trainable-frequency-ry__L32__lr0.01__bs32__seed13,results/runs/pendigits/pendigits__sta4__trainable-frequency-ry__L32__lr0.01__bs32__seed13_seed13,pendigits,sta4,trainable-frequency-ry,32,13,0.01,32,2000,True,plus,True,False,1.5810713225901742,0.5346666666666666,1.5881990819910965,0.5228702115494568,0.5346666666666666,699.6666666666667,,2445.804503440857,,7712,16,65536,457b0468ba5f023a4a9f38816dbca0899481d04d,False
complete,pendigits,pendigits__sta4__trainable-frequency-ry__L32__lr0.01__bs32__seed14,results/runs/pendigits/pendigits__sta4__trainable-frequency-ry__L32__lr0.01__bs32__seed14_seed14,pendigits,sta4,trainable-frequency-ry,32,14,0.01,32,2000,True,plus,True,False,1.7197264537322114,0.42933333333333334,1.7465625087090564,0.42738707833047457,0.452,680.3333333333333,,2440.665120124817,,7712,16,65536,457b0468ba5f023a4a9f38816dbca0899481d04d,False
complete,pendigits,pendigits__sta4__trainable-frequency-ry__L32__lr0.01__bs32__seed15,results/runs/pendigits/pendigits__sta4__trainable-frequency-ry__L32__lr0.01__bs32__seed15_seed15,pendigits,sta4,trainable-frequency-ry,32,15,0.01,32,2000,True,plus,True,False,1.7134636776526315,0.5106666666666667,1.7491680831087033,0.47598627787307035,0.5106666666666667,703.3333333333335,,2439.6443548202515,,7712,16,65536,457b0468ba5f023a4a9f38816dbca0899481d04d,False
complete,pendigits,pendigits__sta4__trainable-frequency-ry__L32__lr0.01__bs32__seed16,results/runs/pendigits/pendigits__sta4__trainable-frequency-ry__L32__lr0.01__bs32__seed16_seed16,pendigits,sta4,trainable-frequency-ry,32,16,0.01,32,2000,True,plus,True,False,1.6847030664348195,0.448,1.7411709238281825,0.41538021726700974,0.448,679.6666666666665,,2436.9708862304688,,7712,16,65536,457b0468ba5f023a4a9f38816dbca0899481d04d,False
complete,pendigits,pendigits__sta4__trainable-frequency-ry__L32__lr0.01__bs32__seed17,results/runs/pendigits/pendigits__sta4__trainable-frequency-ry__L32__lr0.01__bs32__seed17_seed17,pendigits,sta4,trainable-frequency-ry,32,17,0.01,32,2000,True,plus,True,False,1.4529119395386987,0.5946666666666667,1.4877656001571935,0.5677530017152659,0.5946666666666667,729.1333333333333,,2453.8962519168854,,7712,16,65536,457b0468ba5f023a4a9f38816dbca0899481d04d,False
complete,pendigits,pendigits__sta4__trainable-frequency-ry__L32__lr0.01__bs32__seed18,results/runs/pendigits/pendigits__sta4__trainable-frequency-ry__L32__lr0.01__bs32__seed18_seed18,pendigits,sta4,trainable-frequency-ry,32,18,0.01,32,2000,True,plus,True,False,1.7191958140146726,0.49466666666666664,1.762608673616027,0.4591194968553459,0.49466666666666664,696.8666666666666,,2466.5592138767242,,7712,16,65536,457b0468ba5f023a4a9f38816dbca0899481d04d,False
complete,pendigits,pendigits__sta4__trainable-frequency-ry__L32__lr0.01__bs32__seed19,results/runs/pendigits/pendigits__sta4__trainable-frequency-ry__L32__lr0.01__bs32__seed19_seed19,pendigits,sta4,trainable-frequency-ry,32,19,0.01,32,2000,True,plus,True,False,1.6138200121690818,0.49866666666666665,1.6454884125906728,0.4665523156089194,0.49866666666666665,694.4666666666667,,2504.7143149375916,,7712,16,65536,457b0468ba5f023a4a9f38816dbca0899481d04d,False
complete,pendigits,pendigits__sta4__trainable-frequency-ry__L32__lr0.01__bs32__seed1,results/runs/pendigits/pendigits__sta4__trainable-frequency-ry__L32__lr0.01__bs32__seed1_seed1,pendigits,sta4,trainable-frequency-ry,32,1,0.01,32,2000,True,plus,True,False,1.7729171338945846,0.43733333333333335,1.7672598637144723,0.44168096054888506,0.44133333333333336,703.6000000000001,,2525.1491758823395,,7712,16,65536,457b0468ba5f023a4a9f38816dbca0899481d04d,False
complete,pendigits,pendigits__sta4__trainable-frequency-ry__L32__lr0.01__bs32__seed2,results/runs/pendigits/pendigits__sta4__trainable-frequency-ry__L32__lr0.01__bs32__seed2_seed2,pendigits,sta4,trainable-frequency-ry,32,2,0.01,32,2000,True,plus,True,False,1.9132008946709351,0.3893333333333333,1.9256609753281322,0.3630646083476272,0.43866666666666665,664.0,,2501.3987152576447,,7712,16,65536,457b0468ba5f023a4a9f38816dbca0899481d04d,False
complete,pendigits,pendigits__sta4__trainable-frequency-ry__L32__lr0.01__bs32__seed3,results/runs/pendigits/pendigits__sta4__trainable-frequency-ry__L32__lr0.01__bs32__seed3_seed3,pendigits,sta4,trainable-frequency-ry,32,3,0.01,32,2000,True,plus,True,False,1.6773595249305053,0.48133333333333334,1.7133877739140058,0.45454545454545453,0.48133333333333334,644.9333333333334,,2526.229295015335,,7712,16,65536,457b0468ba5f023a4a9f38816dbca0899481d04d,False
complete,pendigits,pendigits__sta4__trainable-frequency-ry__L32__lr0.01__bs32__seed4,results/runs/pendigits/pendigits__sta4__trainable-frequency-ry__L32__lr0.01__bs32__seed4_seed4,pendigits,sta4,trainable-frequency-ry,32,4,0.01,32,2000,True,plus,True,False,1.594445091963554,0.536,1.6267320645852883,0.5077186963979416,0.5426666666666666,667.3999999999999,,2497.6137454509735,,7712,16,65536,457b0468ba5f023a4a9f38816dbca0899481d04d,False
complete,pendigits,pendigits__sta4__trainable-frequency-ry__L32__lr0.01__bs32__seed5,results/runs/pendigits/pendigits__sta4__trainable-frequency-ry__L32__lr0.01__bs32__seed5_seed5,pendigits,sta4,trainable-frequency-ry,32,5,0.01,32,2000,True,plus,True,False,1.579639742450587,0.5306666666666666,1.612341731208967,0.5157232704402516,0.5306666666666666,655.4000000000001,,2504.9759664535522,,7712,16,65536,457b0468ba5f023a4a9f38816dbca0899481d04d,False
complete,pendigits,pendigits__sta4__trainable-frequency-ry__L32__lr0.01__bs32__seed6,results/runs/pendigits/pendigits__sta4__trainable-frequency-ry__L32__lr0.01__bs32__seed6_seed6,pendigits,sta4,trainable-frequency-ry,32,6,0.01,32,2000,True,plus,True,False,1.645943966097404,0.49333333333333335,1.6674962574984875,0.48570611778158945,0.5546666666666666,722.6,,2493.623731136322,,7712,16,65536,457b0468ba5f023a4a9f38816dbca0899481d04d,False
complete,pendigits,pendigits__sta4__trainable-frequency-ry__L32__lr0.01__bs32__seed7,results/runs/pendigits/pendigits__sta4__trainable-frequency-ry__L32__lr0.01__bs32__seed7_seed7,pendigits,sta4,trainable-frequency-ry,32,7,0.01,32,2000,True,plus,True,False,1.7206562250460915,0.44533333333333336,1.7545923001847705,0.4208118925100057,0.4613333333333333,653.6,,2486.7051956653595,,7712,16,65536,457b0468ba5f023a4a9f38816dbca0899481d04d,False
complete,pendigits,pendigits__sta4__trainable-frequency-ry__L32__lr0.01__bs32__seed8,results/runs/pendigits/pendigits__sta4__trainable-frequency-ry__L32__lr0.01__bs32__seed8_seed8,pendigits,sta4,trainable-frequency-ry,32,8,0.01,32,2000,True,plus,True,False,1.5382285558010294,0.5666666666666667,1.5672521620994053,0.5405946255002859,0.5666666666666667,745.8666666666667,,2488.6808705329895,,7712,16,65536,457b0468ba5f023a4a9f38816dbca0899481d04d,False
complete,pendigits,pendigits__sta4__trainable-frequency-ry__L32__lr0.01__bs32__seed9,results/runs/pendigits/pendigits__sta4__trainable-frequency-ry__L32__lr0.01__bs32__seed9_seed9,pendigits,sta4,trainable-frequency-ry,32,9,0.01,32,2000,True,plus,True,False,1.5973876652437584,0.5266666666666666,1.6176844892590925,0.5371640937678673,0.5306666666666666,699.6,,2428.6625208854675,,7712,16,65536,457b0468ba5f023a4a9f38816dbca0899481d04d,False
complete,pendigits,pendigits__sta4__trainable-frequency-ry__L4__lr0.01__bs32__seed0,results/runs/pendigits/pendigits__sta4__trainable-frequency-ry__L4__lr0.01__bs32__seed0_seed0,pendigits,sta4,trainable-frequency-ry,4,0,0.01,32,2000,True,plus,True,False,1.238653121667767,0.6306666666666667,1.3242683594538058,0.5551743853630646,0.6346666666666667,1068.9333333333334,,274.71940302848816,,964,16,65536,457b0468ba5f023a4a9f38816dbca0899481d04d,False
complete,pendigits,pendigits__sta4__trainable-frequency-ry__L4__lr0.01__bs32__seed10,results/runs/pendigits/pendigits__sta4__trainable-frequency-ry__L4__lr0.01__bs32__seed10_seed10,pendigits,sta4,trainable-frequency-ry,4,10,0.01,32,2000,True,plus,True,False,1.2414658419747469,0.624,1.3182083311864117,0.5757575757575758,0.6306666666666667,1059.6,,277.6799578666687,,964,16,65536,457b0468ba5f023a4a9f38816dbca0899481d04d,False
complete,pendigits,pendigits__sta4__trainable-frequency-ry__L4__lr0.01__bs32__seed11,results/runs/pendigits/pendigits__sta4__trainable-frequency-ry__L4__lr0.01__bs32__seed11_seed11,pendigits,sta4,trainable-frequency-ry,4,11,0.01,32,2000,True,plus,True,False,1.2036111769299265,0.66,1.2528412598171808,0.6295025728987993,0.668,1096.2666666666667,,276.95500779151917,,964,16,65536,457b0468ba5f023a4a9f38816dbca0899481d04d,False
complete,pendigits,pendigits__sta4__trainable-frequency-ry__L4__lr0.01__bs32__seed12,results/runs/pendigits/pendigits__sta4__trainable-frequency-ry__L4__lr0.01__bs32__seed12_seed12,pendigits,sta4,trainable-frequency-ry,4,12,0.01,32,2000,True,plus,True,False,1.180743871196834,0.6893333333333334,1.2654417487780727,0.6349342481417953,0.6893333333333334,1135.1333333333332,,278.03741431236267,,964,16,65536,457b0468ba5f023a4a9f38816dbca0899481d04d,False
complete,pendigits,pendigits__sta4__trainable-frequency-ry__L4__lr0.01__bs32__seed13,results/runs/pendigits/pendigits__sta4__trainable-frequency-ry__L4__lr0.01__bs32__seed13_seed13,pendigits,sta4,trainable-frequency-ry,4,13,0.01,32,2000,True,plus,True,False,1.2108591831947015,0.6786666666666666,1.2371968652163516,0.6838193253287593,0.6853333333333333,1119.9333333333334,,277.1287794113159,,964,16,65536,457b0468ba5f023a4a9f38816dbca0899481d04d,False
complete,pendigits,pendigits__sta4__trainable-frequency-ry__L4__lr0.01__bs32__seed14,results/runs/pendigits/pendigits__sta4__trainable-frequency-ry__L4__lr0.01__bs32__seed14_seed14,pendigits,sta4,trainable-frequency-ry,4,14,0.01,32,2000,True,plus,True,False,1.2418147356540878,0.6253333333333333,1.3032759159855232,0.5883361921097771,0.6253333333333333,1067.3333333333333,,278.10407876968384,,964,16,65536,457b0468ba5f023a4a9f38816dbca0899481d04d,False
complete,pendigits,pendigits__sta4__trainable-frequency-ry__L4__lr0.01__bs32__seed15,results/runs/pendigits/pendigits__sta4__trainable-frequency-ry__L4__lr0.01__bs32__seed15_seed15,pendigits,sta4,trainable-frequency-ry,4,15,0.01,32,2000,True,plus,True,False,1.2194348715137593,0.6386666666666667,1.2860603601275111,0.6046312178387651,0.6693333333333333,1095.2,,282.48088216781616,,964,16,65536,457b0468ba5f023a4a9f38816dbca0899481d04d,False
complete,pendigits,pendigits__sta4__trainable-frequency-ry__L4__lr0.01__bs32__seed16,results/runs/pendigits/pendigits__sta4__trainable-frequency-ry__L4__lr0.01__bs32__seed16_seed16,pendigits,sta4,trainable-frequency-ry,4,16,0.01,32,2000,True,plus,True,False,1.2864026194765161,0.5746666666666667,1.3223037484212359,0.5871926815323042,0.6346666666666667,1087.2666666666667,,276.19834542274475,,964,16,65536,457b0468ba5f023a4a9f38816dbca0899481d04d,False
complete,pendigits,pendigits__sta4__trainable-frequency-ry__L4__lr0.01__bs32__seed17,results/runs/pendigits/pendigits__sta4__trainable-frequency-ry__L4__lr0.01__bs32__seed17_seed17,pendigits,sta4,trainable-frequency-ry,4,17,0.01,32,2000,True,plus,True,False,1.1576185950400522,0.7013333333333334,1.1824702886163396,0.6921097770154374,0.7013333333333334,1201.8666666666668,,277.22253251075745,,964,16,65536,457b0468ba5f023a4a9f38816dbca0899481d04d,False
complete,pendigits,pendigits__sta4__trainable-frequency-ry__L4__lr0.01__bs32__seed18,results/runs/pendigits/pendigits__sta4__trainable-frequency-ry__L4__lr0.01__bs32__seed18_seed18,pendigits,sta4,trainable-frequency-ry,4,18,0.01,32,2000,True,plus,True,False,1.195791119330259,0.648,1.2707196711410922,0.6049170954831332,0.664,1113.4,,276.9778091907501,,964,16,65536,457b0468ba5f023a4a9f38816dbca0899481d04d,False
complete,pendigits,pendigits__sta4__trainable-frequency-ry__L4__lr0.01__bs32__seed19,results/runs/pendigits/pendigits__sta4__trainable-frequency-ry__L4__lr0.01__bs32__seed19_seed19,pendigits,sta4,trainable-frequency-ry,4,19,0.01,32,2000,True,plus,True,False,1.2669827904668785,0.5986666666666667,1.3434592241764811,0.5731846769582619,0.6253333333333333,1050.4,,278.4085063934326,,964,16,65536,457b0468ba5f023a4a9f38816dbca0899481d04d,False
complete,pendigits,pendigits__sta4__trainable-frequency-ry__L4__lr0.01__bs32__seed1,results/runs/pendigits/pendigits__sta4__trainable-frequency-ry__L4__lr0.01__bs32__seed1_seed1,pendigits,sta4,trainable-frequency-ry,4,1,0.01,32,2000,True,plus,True,False,1.1779643608348893,0.6866666666666666,1.249432004314459,0.6492281303602059,0.6893333333333334,1150.1999999999996,,276.96729803085327,,964,16,65536,457b0468ba5f023a4a9f38816dbca0899481d04d,False
complete,pendigits,pendigits__sta4__trainable-frequency-ry__L4__lr0.01__bs32__seed2,results/runs/pendigits/pendigits__sta4__trainable-frequency-ry__L4__lr0.01__bs32__seed2_seed2,pendigits,sta4,trainable-frequency-ry,4,2,0.01,32,2000,True,plus,True,False,1.3637988399688719,0.52,1.3800007233701155,0.5077186963979416,0.5626666666666666,979.7999999999998,,278.3830871582031,,964,16,65536,457b0468ba5f023a4a9f38816dbca0899481d04d,False
complete,pendigits,pendigits__sta4__trainable-frequency-ry__L4__lr0.01__bs32__seed3,results/runs/pendigits/pendigits__sta4__trainable-frequency-ry__L4__lr0.01__bs32__seed3_seed3,pendigits,sta4,trainable-frequency-ry,4,3,0.01,32,2000,True,plus,True,False,1.2609758219232783,0.5906666666666667,1.3108593249118718,0.5603201829616924,0.608,1048.6,,279.64362931251526,,964,16,65536,457b0468ba5f023a4a9f38816dbca0899481d04d,False
complete,pendigits,pendigits__sta4__trainable-frequency-ry__L4__lr0.01__bs32__seed4,results/runs/pendigits/pendigits__sta4__trainable-frequency-ry__L4__lr0.01__bs32__seed4_seed4,pendigits,sta4,trainable-frequency-ry,4,4,0.01,32,2000,True,plus,True,False,1.244923647393,0.664,1.3123209856670497,0.6126357918810749,0.664,1066.1999999999998,,278.6407399177551,,964,16,65536,457b0468ba5f023a4a9f38816dbca0899481d04d,False
complete,pendigits,pendigits__sta4__trainable-frequency-ry__L4__lr0.01__bs32__seed5,results/runs/pendigits/pendigits__sta4__trainable-frequency-ry__L4__lr0.01__bs32__seed5_seed5,pendigits,sta4,trainable-frequency-ry,4,5,0.01,32,2000,True,plus,True,False,1.1873071490480913,0.652,1.2318913643085623,0.6366495140080046,0.664,1129.8666666666666,,276.6519994735718,,964,16,65536,457b0468ba5f023a4a9f38816dbca0899481d04d,False
complete,pendigits,pendigits__sta4__trainable-frequency-ry__L4__lr0.01__bs32__seed6,results/runs/pendigits/pendigits__sta4__trainable-frequency-ry__L4__lr0.01__bs32__seed6_seed6,pendigits,sta4,trainable-frequency-ry,4,6,0.01,32,2000,True,plus,True,False,1.2542720346329788,0.6106666666666667,1.2706302450872262,0.6220697541452258,0.6426666666666667,1113.6,,278.81293272972107,,964,16,65536,457b0468ba5f023a4a9f38816dbca0899481d04d,False
complete,pendigits,pendigits__sta4__trainable-frequency-ry__L4__lr0.01__bs32__seed7,results/runs/pendigits/pendigits__sta4__trainable-frequency-ry__L4__lr0.01__bs32__seed7_seed7,pendigits,sta4,trainable-frequency-ry,4,7,0.01,32,2000,True,plus,True,False,1.2681011326938907,0.6253333333333333,1.3108944537907625,0.5894797026872498,0.6306666666666667,1076.0666666666666,,276.5192291736603,,964,16,65536,457b0468ba5f023a4a9f38816dbca0899481d04d,False
complete,pendigits,pendigits__sta4__trainable-frequency-ry__L4__lr0.01__bs32__seed8,results/runs/pendigits/pendigits__sta4__trainable-frequency-ry__L4__lr0.01__bs32__seed8_seed8,pendigits,sta4,trainable-frequency-ry,4,8,0.01,32,2000,True,plus,True,False,1.2820498805523184,0.6173333333333333,1.3337232697526327,0.6200686106346484,0.6426666666666667,1109.0,,275.699116230011,,964,16,65536,457b0468ba5f023a4a9f38816dbca0899481d04d,False
complete,pendigits,pendigits__sta4__trainable-frequency-ry__L4__lr0.01__bs32__seed9,results/runs/pendigits/pendigits__sta4__trainable-frequency-ry__L4__lr0.01__bs32__seed9_seed9,pendigits,sta4,trainable-frequency-ry,4,9,0.01,32,2000,True,plus,True,False,1.314596747240924,0.6013333333333334,1.3777015895209386,0.5683247570040023,0.6213333333333333,1060.2666666666669,,278.14028811454773,,964,16,65536,457b0468ba5f023a4a9f38816dbca0899481d04d,False
complete,pendigits,pendigits__sta4__trainable-frequency-ry__L8__lr0.01__bs32__seed0,results/runs/pendigits/pendigits__sta4__trainable-frequency-ry__L8__lr0.01__bs32__seed0_seed0,pendigits,sta4,trainable-frequency-ry,8,0,0.01,32,2000,True,plus,True,False,0.9356703594413199,0.7653333333333333,1.0134713009163518,0.7238421955403087,0.7666666666666667,1210.6000000000001,,545.3271377086639,,1928,16,65536,457b0468ba5f023a4a9f38816dbca0899481d04d,False
complete,pendigits,pendigits__sta4__trainable-frequency-ry__L8__lr0.01__bs32__seed10,results/runs/pendigits/pendigits__sta4__trainable-frequency-ry__L8__lr0.01__bs32__seed10_seed10,pendigits,sta4,trainable-frequency-ry,8,10,0.01,32,2000,True,plus,True,False,0.9481681303116791,0.7413333333333333,1.0288795524212813,0.7118353344768439,0.7573333333333333,1188.7333333333331,,544.5047640800476,,1928,16,65536,457b0468ba5f023a4a9f38816dbca0899481d04d,False
complete,pendigits,pendigits__sta4__trainable-frequency-ry__L8__lr0.01__bs32__seed11,results/runs/pendigits/pendigits__sta4__trainable-frequency-ry__L8__lr0.01__bs32__seed11_seed11,pendigits,sta4,trainable-frequency-ry,8,11,0.01,32,2000,True,plus,True,False,0.9995501061118638,0.72,1.0767376095888064,0.6823899371069182,0.7306666666666667,1185.2666666666667,,544.5988488197327,,1928,16,65536,457b0468ba5f023a4a9f38816dbca0899481d04d,False
complete,pendigits,pendigits__sta4__trainable-frequency-ry__L8__lr0.01__bs32__seed12,results/runs/pendigits/pendigits__sta4__trainable-frequency-ry__L8__lr0.01__bs32__seed12_seed12,pendigits,sta4,trainable-frequency-ry,8,12,0.01,32,2000,True,plus,True,False,1.0180162210792882,0.7426666666666667,1.096993151033211,0.7066895368782161,0.7426666666666667,1195.0666666666668,,548.049197435379,,1928,16,65536,457b0468ba5f023a4a9f38816dbca0899481d04d,False
complete,pendigits,pendigits__sta4__trainable-frequency-ry__L8__lr0.01__bs32__seed13,results/runs/pendigits/pendigits__sta4__trainable-frequency-ry__L8__lr0.01__bs32__seed13_seed13,pendigits,sta4,trainable-frequency-ry,8,13,0.01,32,2000,True,plus,True,False,1.0142064853318962,0.756,1.0496956008197156,0.7261292166952544,0.756,1218.4666666666667,,548.1394259929657,,1928,16,65536,457b0468ba5f023a4a9f38816dbca0899481d04d,False
complete,pendigits,pendigits__sta4__trainable-frequency-ry__L8__lr0.01__bs32__seed14,results/runs/pendigits/pendigits__sta4__trainable-frequency-ry__L8__lr0.01__bs32__seed14_seed14,pendigits,sta4,trainable-frequency-ry,8,14,0.01,32,2000,True,plus,True,False,0.950603669703833,0.7173333333333334,1.0020992924239158,0.7046883933676387,0.7226666666666667,1196.0666666666666,,549.9336335659027,,1928,16,65536,457b0468ba5f023a4a9f38816dbca0899481d04d,False
complete,pendigits,pendigits__sta4__trainable-frequency-ry__L8__lr0.01__bs32__seed15,results/runs/pendigits/pendigits__sta4__trainable-frequency-ry__L8__lr0.01__bs32__seed15_seed15,pendigits,sta4,trainable-frequency-ry,8,15,0.01,32,2000,True,plus,True,False,0.9665203192839062,0.7453333333333333,1.026625127555358,0.7135506003430532,0.748,1160.2,,546.6957643032074,,1928,16,65536,457b0468ba5f023a4a9f38816dbca0899481d04d,False
complete,pendigits,pendigits__sta4__trainable-frequency-ry__L8__lr0.01__bs32__seed16,results/runs/pendigits/pendigits__sta4__trainable-frequency-ry__L8__lr0.01__bs32__seed16_seed16,pendigits,sta4,trainable-frequency-ry,8,16,0.01,32,2000,True,plus,True,False,1.0207344734538497,0.708,1.0352154237634084,0.6989708404802745,0.7146666666666667,1146.6000000000001,,544.3524725437164,,1928,16,65536,457b0468ba5f023a4a9f38816dbca0899481d04d,False
complete,pendigits,pendigits__sta4__trainable-frequency-ry__L8__lr0.01__bs32__seed17,results/runs/pendigits/pendigits__sta4__trainable-frequency-ry__L8__lr0.01__bs32__seed17_seed17,pendigits,sta4,trainable-frequency-ry,8,17,0.01,32,2000,True,plus,True,False,1.0186201180343035,0.7173333333333334,1.0737578187886885,0.6935391652372784,0.7173333333333334,1160.0000000000002,,544.6135165691376,,1928,16,65536,457b0468ba5f023a4a9f38816dbca0899481d04d,False
complete,pendigits,pendigits__sta4__trainable-frequency-ry__L8__lr0.01__bs32__seed18,results/runs/pendigits/pendigits__sta4__trainable-frequency-ry__L8__lr0.01__bs32__seed18_seed18,pendigits,sta4,trainable-frequency-ry,8,18,0.01,32,2000,True,plus,True,False,1.101752692779388,0.7186666666666667,1.1534061879831685,0.6700971983990852,0.7186666666666667,1146.2666666666664,,544.2961521148682,,1928,16,65536,457b0468ba5f023a4a9f38816dbca0899481d04d,False
complete,pendigits,pendigits__sta4__trainable-frequency-ry__L8__lr0.01__bs32__seed19,results/runs/pendigits/pendigits__sta4__trainable-frequency-ry__L8__lr0.01__bs32__seed19_seed19,pendigits,sta4,trainable-frequency-ry,8,19,0.01,32,2000,True,plus,True,False,1.0468854283709148,0.72,1.1202176028017519,0.6849628359062321,0.728,1134.4000000000003,,546.4061613082886,,1928,16,65536,457b0468ba5f023a4a9f38816dbca0899481d04d,False
complete,pendigits,pendigits__sta4__trainable-frequency-ry__L8__lr0.01__bs32__seed1,results/runs/pendigits/pendigits__sta4__trainable-frequency-ry__L8__lr0.01__bs32__seed1_seed1,pendigits,sta4,trainable-frequency-ry,8,1,0.01,32,2000,True,plus,True,False,1.1045119539832455,0.6626666666666666,1.1832320743498888,0.6375071469411092,0.6986666666666667,1151.8,,544.4276096820831,,1928,16,65536,457b0468ba5f023a4a9f38816dbca0899481d04d,False
complete,pendigits,pendigits__sta4__trainable-frequency-ry__L8__lr0.01__bs32__seed2,results/runs/pendigits/pendigits__sta4__trainable-frequency-ry__L8__lr0.01__bs32__seed2_seed2,pendigits,sta4,trainable-frequency-ry,8,2,0.01,32,2000,True,plus,True,False,1.0625515490364326,0.6973333333333334,1.1023594422514906,0.6763865065751858,0.732,1193.4666666666667,,544.1869344711304,,1928,16,65536,457b0468ba5f023a4a9f38816dbca0899481d04d,False
complete,pendigits,pendigits__sta4__trainable-frequency-ry__L8__lr0.01__bs32__seed3,results/runs/pendigits/pendigits__sta4__trainable-frequency-ry__L8__lr0.01__bs32__seed3_seed3,pendigits,sta4,trainable-frequency-ry,8,3,0.01,32,2000,True,plus,True,False,1.0682540546752202,0.748,1.1051655662440765,0.7138364779874213,0.748,1078.1333333333334,,548.7648499011993,,1928,16,65536,457b0468ba5f023a4a9f38816dbca0899481d04d,False
complete,pendigits,pendigits__sta4__trainable-frequency-ry__L8__lr0.01__bs32__seed4,results/runs/pendigits/pendigits__sta4__trainable-frequency-ry__L8__lr0.01__bs32__seed4_seed4,pendigits,sta4,trainable-frequency-ry,8,4,0.01,32,2000,True,plus,True,False,0.985860454524211,0.7626666666666667,1.0356105622144858,0.7175528873642081,0.7626666666666667,1203.3333333333335,,546.4004740715027,,1928,16,65536,457b0468ba5f023a4a9f38816dbca0899481d04d,False
complete,pendigits,pendigits__sta4__trainable-frequency-ry__L8__lr0.01__bs32__seed5,results/runs/pendigits/pendigits__sta4__trainable-frequency-ry__L8__lr0.01__bs32__seed5_seed5,pendigits,sta4,trainable-frequency-ry,8,5,0.01,32,2000,True,plus,True,False,0.9820590051185785,0.7493333333333333,1.0772117110355597,0.6898227558604917,0.7493333333333333,1159.2666666666664,,549.1075382232666,,1928,16,65536,457b0468ba5f023a4a9f38816dbca0899481d04d,False
complete,pendigits,pendigits__sta4__trainable-frequency-ry__L8__lr0.01__bs32__seed6,results/runs/pendigits/pendigits__sta4__trainable-frequency-ry__L8__lr0.01__bs32__seed6_seed6,pendigits,sta4,trainable-frequency-ry,8,6,0.01,32,2000,True,plus,True,False,0.9628741828091776,0.768,1.0246328052392508,0.7292738707833047,0.776,1217.6,,545.491152048111,,1928,16,65536,457b0468ba5f023a4a9f38816dbca0899481d04d,False
complete,pendigits,pendigits__sta4__trainable-frequency-ry__L8__lr0.01__bs32__seed7,results/runs/pendigits/pendigits__sta4__trainable-frequency-ry__L8__lr0.01__bs32__seed7_seed7,pendigits,sta4,trainable-frequency-ry,8,7,0.01,32,2000,True,plus,True,False,0.9658916622411877,0.7613333333333333,1.0307048957865712,0.7221269296740995,0.7613333333333333,1194.1999999999998,,544.8125808238983,,1928,16,65536,457b0468ba5f023a4a9f38816dbca0899481d04d,False
complete,pendigits,pendigits__sta4__trainable-frequency-ry__L8__lr0.01__bs32__seed8,results/runs/pendigits/pendigits__sta4__trainable-frequency-ry__L8__lr0.01__bs32__seed8_seed8,pendigits,sta4,trainable-frequency-ry,8,8,0.01,32,2000,True,plus,True,False,0.9410005174069279,0.7466666666666667,0.9963831061898886,0.7295597484276729,0.7466666666666667,1204.7333333333336,,545.8734230995178,,1928,16,65536,457b0468ba5f023a4a9f38816dbca0899481d04d,False
complete,pendigits,pendigits__sta4__trainable-frequency-ry__L8__lr0.01__bs32__seed9,results/runs/pendigits/pendigits__sta4__trainable-frequency-ry__L8__lr0.01__bs32__seed9_seed9,pendigits,sta4,trainable-frequency-ry,8,9,0.01,32,2000,True,plus,True,False,1.0280416186099028,0.712,1.0802554553724502,0.6898227558604917,0.7306666666666667,1211.7999999999997,,547.6759178638458,,1928,16,65536,457b0468ba5f023a4a9f38816dbca0899481d04d,False
complete,pendigits,pendigits__sta4__trainable-patch-su4__L16__lr0.01__bs32__seed0,results/runs/pendigits/pendigits__sta4__trainable-patch-su4__L16__lr0.01__bs32__seed0_seed0,pendigits,sta4,trainable-patch-su4,16,0,0.01,32,2000,True,plus,True,False,2.230280555817728,0.20133333333333334,2.2307247677323385,0.17524299599771298,0.204,313.7999999999999,,271.2889564037323,,5520,8,256,fe55492d59dea43f07862ecc1a80bebd9838d7fe,True
complete,pendigits,pendigits__sta4__trainable-patch-su4__L16__lr0.01__bs32__seed10,results/runs/pendigits/pendigits__sta4__trainable-patch-su4__L16__lr0.01__bs32__seed10_seed10,pendigits,sta4,trainable-patch-su4,16,10,0.01,32,2000,True,plus,True,False,2.1797524203393452,0.23066666666666666,2.187537313785494,0.22441395082904517,0.23466666666666666,337.2666666666667,,269.68600487709045,,5520,8,256,fe55492d59dea43f07862ecc1a80bebd9838d7fe,True
complete,pendigits,pendigits__sta4__trainable-patch-su4__L16__lr0.01__bs32__seed11,results/runs/pendigits/pendigits__sta4__trainable-patch-su4__L16__lr0.01__bs32__seed11_seed11,pendigits,sta4,trainable-patch-su4,16,11,0.01,32,2000,True,plus,True,False,2.172041170645448,0.23733333333333334,2.1669716804556884,0.24156660949113778,0.23733333333333334,353.9333333333334,,273.45637822151184,,5520,8,256,fe55492d59dea43f07862ecc1a80bebd9838d7fe,True
complete,pendigits,pendigits__sta4__trainable-patch-su4__L16__lr0.01__bs32__seed12,results/runs/pendigits/pendigits__sta4__trainable-patch-su4__L16__lr0.01__bs32__seed12_seed12,pendigits,sta4,trainable-patch-su4,16,12,0.01,32,2000,True,plus,True,False,2.2502625444347437,0.14133333333333334,2.2779482626504506,0.13807890222984562,0.19066666666666668,307.46666666666664,,270.1808536052704,,5520,8,256,fe55492d59dea43f07862ecc1a80bebd9838d7fe,True
complete,pendigits,pendigits__sta4__trainable-patch-su4__L16__lr0.01__bs32__seed13,results/runs/pendigits/pendigits__sta4__trainable-patch-su4__L16__lr0.01__bs32__seed13_seed13,pendigits,sta4,trainable-patch-su4,16,13,0.01,32,2000,True,plus,True,False,2.1797233216259455,0.2613333333333333,2.168916148446449,0.23241852487135506,0.2613333333333333,371.9333333333334,,271.24012207984924,,5520,8,256,fe55492d59dea43f07862ecc1a80bebd9838d7fe,True
complete,pendigits,pendigits__sta4__trainable-patch-su4__L16__lr0.01__bs32__seed14,results/runs/pendigits/pendigits__sta4__trainable-patch-su4__L16__lr0.01__bs32__seed14_seed14,pendigits,sta4,trainable-patch-su4,16,14,0.01,32,2000,True,plus,True,False,2.19907658241103,0.18533333333333332,2.210580070775142,0.18010291595197256,0.24933333333333332,378.2,,270.95649218559265,,5520,8,256,fe55492d59dea43f07862ecc1a80bebd9838d7fe,True
complete,pendigits,pendigits__sta4__trainable-patch-su4__L16__lr0.01__bs32__seed15,results/runs/pendigits/pendigits__sta4__trainable-patch-su4__L16__lr0.01__bs32__seed15_seed15,pendigits,sta4,trainable-patch-su4,16,15,0.01,32,2000,True,plus,True,False,2.1263495265504817,0.25333333333333335,2.154519682914494,0.22698684962835905,0.2946666666666667,428.1333333333333,,271.0868401527405,,5520,8,256,fe55492d59dea43f07862ecc1a80bebd9838d7fe,True
complete,pendigits,pendigits__sta4__trainable-patch-su4__L16__lr0.01__bs32__seed16,results/runs/pendigits/pendigits__sta4__trainable-patch-su4__L16__lr0.01__bs32__seed16_seed16,pendigits,sta4,trainable-patch-su4,16,16,0.01,32,2000,True,plus,True,False,2.220483211466933,0.13333333333333333,2.2409733248275185,0.1569468267581475,0.19333333333333333,309.4666666666666,,273.22352051734924,,5520,8,256,fe55492d59dea43f07862ecc1a80bebd9838d7fe,True
complete,pendigits,pendigits__sta4__trainable-patch-su4__L16__lr0.01__bs32__seed17,results/runs/pendigits/pendigits__sta4__trainable-patch-su4__L16__lr0.01__bs32__seed17_seed17,pendigits,sta4,trainable-patch-su4,16,17,0.01,32,2000,True,plus,True,False,2.1349044153411634,0.208,2.178034814527224,0.21269296740994853,0.2613333333333333,359.1333333333334,,275.6780812740326,,5520,8,256,fe55492d59dea43f07862ecc1a80bebd9838d7fe,True
complete,pendigits,pendigits__sta4__trainable-patch-su4__L16__lr0.01__bs32__seed18,results/runs/pendigits/pendigits__sta4__trainable-patch-su4__L16__lr0.01__bs32__seed18_seed18,pendigits,sta4,trainable-patch-su4,16,18,0.01,32,2000,True,plus,True,False,2.16542733257679,0.224,2.1623278567918067,0.22841623785020013,0.28,394.9333333333333,,272.4647464752197,,5520,8,256,fe55492d59dea43f07862ecc1a80bebd9838d7fe,True
complete,pendigits,pendigits__sta4__trainable-patch-su4__L16__lr0.01__bs32__seed19,results/runs/pendigits/pendigits__sta4__trainable-patch-su4__L16__lr0.01__bs32__seed19_seed19,pendigits,sta4,trainable-patch-su4,16,19,0.01,32,2000,True,plus,True,False,2.1306310712169423,0.25333333333333335,2.1486169730390845,0.22641509433962265,0.2733333333333333,414.40000000000003,,270.9676275253296,,5520,8,256,fe55492d59dea43f07862ecc1a80bebd9838d7fe,True
complete,pendigits,pendigits__sta4__trainable-patch-su4__L16__lr0.01__bs32__seed1,results/runs/pendigits/pendigits__sta4__trainable-patch-su4__L16__lr0.01__bs32__seed1_seed1,pendigits,sta4,trainable-patch-su4,16,1,0.01,32,2000,True,plus,True,False,2.267406251671135,0.14266666666666666,2.2646413974695707,0.15265866209262435,0.19333333333333333,305.7333333333333,,272.6523060798645,,5520,8,256,fe55492d59dea43f07862ecc1a80bebd9838d7fe,True
complete,pendigits,pendigits__sta4__trainable-patch-su4__L16__lr0.01__bs32__seed2,results/runs/pendigits/pendigits__sta4__trainable-patch-su4__L16__lr0.01__bs32__seed2_seed2,pendigits,sta4,trainable-patch-su4,16,2,0.01,32,2000,True,plus,True,False,2.1588780975781123,0.25466666666666665,2.210359101558744,0.21640937678673527,0.25866666666666666,372.3333333333333,,272.08354926109314,,5520,8,256,fe55492d59dea43f07862ecc1a80bebd9838d7fe,True
complete,pendigits,pendigits__sta4__trainable-patch-su4__L16__lr0.01__bs32__seed3,results/runs/pendigits/pendigits__sta4__trainable-patch-su4__L16__lr0.01__bs32__seed3_seed3,pendigits,sta4,trainable-patch-su4,16,3,0.01,32,2000,True,plus,True,False,2.0774964166732075,0.29733333333333334,2.1346171090108226,0.24271012006861065,0.29733333333333334,431.0666666666667,,272.8882739543915,,5520,8,256,fe55492d59dea43f07862ecc1a80bebd9838d7fe,True
complete,pendigits,pendigits__sta4__trainable-patch-su4__L16__lr0.01__bs32__seed4,results/runs/pendigits/pendigits__sta4__trainable-patch-su4__L16__lr0.01__bs32__seed4_seed4,pendigits,sta4,trainable-patch-su4,16,4,0.01,32,2000,True,plus,True,False,2.244019826110753,0.15466666666666667,2.2716723576505773,0.15837621497998858,0.176,304.80000000000007,,268.36934781074524,,5520,8,256,fe55492d59dea43f07862ecc1a80bebd9838d7fe,True
complete,pendigits,pendigits__sta4__trainable-patch-su4__L16__lr0.01__bs32__seed5,results/runs/pendigits/pendigits__sta4__trainable-patch-su4__L16__lr0.01__bs32__seed5_seed5,pendigits,sta4,trainable-patch-su4,16,5,0.01,32,2000,True,plus,True,False,2.162654660757498,0.25066666666666665,2.1896381442233044,0.2338479130931961,0.256,395.2,,270.85136008262634,,5520,8,256,fe55492d59dea43f07862ecc1a80bebd9838d7fe,True
complete,pendigits,pendigits__sta4__trainable-patch-su4__L16__lr0.01__bs32__seed6,results/runs/pendigits/pendigits__sta4__trainable-patch-su4__L16__lr0.01__bs32__seed6_seed6,pendigits,sta4,trainable-patch-su4,16,6,0.01,32,2000,True,plus,True,False,2.219302584895026,0.17333333333333334,2.238565503407862,0.15494568324757005,0.19066666666666668,304.80000000000007,,273.162499666214,,5520,8,256,fe55492d59dea43f07862ecc1a80bebd9838d7fe,True
complete,pendigits,pendigits__sta4__trainable-patch-su4__L16__lr0.01__bs32__seed7,results/runs/pendigits/pendigits__sta4__trainable-patch-su4__L16__lr0.01__bs32__seed7_seed7,pendigits,sta4,trainable-patch-su4,16,7,0.01,32,2000,True,plus,True,False,2.123855540150548,0.24933333333333332,2.1267302790908826,0.23413379073756432,0.272,410.8000000000001,,271.12322330474854,,5520,8,256,fe55492d59dea43f07862ecc1a80bebd9838d7fe,True
complete,pendigits,pendigits__sta4__trainable-patch-su4__L16__lr0.01__bs32__seed8,results/runs/pendigits/pendigits__sta4__trainable-patch-su4__L16__lr0.01__bs32__seed8_seed8,pendigits,sta4,trainable-patch-su4,16,8,0.01,32,2000,True,plus,True,False,2.243751396048644,0.15733333333333333,2.2456789359229,0.1675242995997713,0.18933333333333333,302.3333333333333,,270.24190378189087,,5520,8,256,fe55492d59dea43f07862ecc1a80bebd9838d7fe,True
complete,pendigits,pendigits__sta4__trainable-patch-su4__L16__lr0.01__bs32__seed9,results/runs/pendigits/pendigits__sta4__trainable-patch-su4__L16__lr0.01__bs32__seed9_seed9,pendigits,sta4,trainable-patch-su4,16,9,0.01,32,2000,True,plus,True,False,2.145614204465403,0.232,2.1576352707160042,0.2226986849628359,0.24266666666666667,392.93333333333334,,267.85799837112427,,5520,8,256,fe55492d59dea43f07862ecc1a80bebd9838d7fe,True
complete,pendigits,pendigits__sta4__trainable-patch-su4__L1__lr0.01__bs32__seed0,results/runs/pendigits/pendigits__sta4__trainable-patch-su4__L1__lr0.01__bs32__seed0_seed0,pendigits,sta4,trainable-patch-su4,1,0,0.01,32,2000,True,plus,True,False,1.347311390639612,0.552,1.5242274741003161,0.48456260720411665,0.552,945.2666666666665,,23.950701236724854,,345,8,256,fe55492d59dea43f07862ecc1a80bebd9838d7fe,False
complete,pendigits,pendigits__sta4__trainable-patch-su4__L1__lr0.01__bs32__seed10,results/runs/pendigits/pendigits__sta4__trainable-patch-su4__L1__lr0.01__bs32__seed10_seed10,pendigits,sta4,trainable-patch-su4,1,10,0.01,32,2000,True,plus,True,False,1.4318175562029591,0.49333333333333335,1.565209908852821,0.465980560320183,0.528,929.3333333333333,,24.709359169006348,,345,8,256,fe55492d59dea43f07862ecc1a80bebd9838d7fe,False
complete,pendigits,pendigits__sta4__trainable-patch-su4__L1__lr0.01__bs32__seed11,results/runs/pendigits/pendigits__sta4__trainable-patch-su4__L1__lr0.01__bs32__seed11_seed11,pendigits,sta4,trainable-patch-su4,1,11,0.01,32,2000,True,plus,True,False,1.373539341648875,0.5253333333333333,1.5066423595908403,0.4705546026300743,0.5253333333333333,876.2,,23.27708125114441,,345,8,256,fe55492d59dea43f07862ecc1a80bebd9838d7fe,False
complete,pendigits,pendigits__sta4__trainable-patch-su4__L1__lr0.01__bs32__seed12,results/runs/pendigits/pendigits__sta4__trainable-patch-su4__L1__lr0.01__bs32__seed12_seed12,pendigits,sta4,trainable-patch-su4,1,12,0.01,32,2000,True,plus,True,False,1.4154466429418298,0.5133333333333333,1.5207191874020964,0.4794168096054888,0.532,885.7333333333333,,24.853895902633667,,345,8,256,fe55492d59dea43f07862ecc1a80bebd9838d7fe,False
complete,pendigits,pendigits__sta4__trainable-patch-su4__L1__lr0.01__bs32__seed13,results/runs/pendigits/pendigits__sta4__trainable-patch-su4__L1__lr0.01__bs32__seed13_seed13,pendigits,sta4,trainable-patch-su4,1,13,0.01,32,2000,True,plus,True,False,1.38446832706172,0.552,1.5234996244976184,0.4885648942252716,0.552,912.5333333333332,,24.798349142074585,,345,8,256,fe55492d59dea43f07862ecc1a80bebd9838d7fe,False
complete,pendigits,pendigits__sta4__trainable-patch-su4__L1__lr0.01__bs32__seed14,results/runs/pendigits/pendigits__sta4__trainable-patch-su4__L1__lr0.01__bs32__seed14_seed14,pendigits,sta4,trainable-patch-su4,1,14,0.01,32,2000,True,plus,True,False,1.3598049522796614,0.5506666666666666,1.5394608512039492,0.4731275014293882,0.5506666666666666,934.4666666666666,,24.546429872512817,,345,8,256,fe55492d59dea43f07862ecc1a80bebd9838d7fe,False
complete,pendigits,pendigits__sta4__trainable-patch-su4__L1__lr0.01__bs32__seed15,results/runs/pendigits/pendigits__sta4__trainable-patch-su4__L1__lr0.01__bs32__seed15_seed15,pendigits,sta4,trainable-patch-su4,1,15,0.01,32,2000,True,plus,True,False,1.2851998543533063,0.5893333333333334,1.4547433761376796,0.5060034305317325,0.5893333333333334,974.0666666666666,,23.1291561126709,,345,8,256,fe55492d59dea43f07862ecc1a80bebd9838d7fe,False
complete,pendigits,pendigits__sta4__trainable-patch-su4__L1__lr0.01__bs32__seed16,results/runs/pendigits/pendigits__sta4__trainable-patch-su4__L1__lr0.01__bs32__seed16_seed16,pendigits,sta4,trainable-patch-su4,1,16,0.01,32,2000,True,plus,True,False,1.4142449420924585,0.5093333333333333,1.5333163047664329,0.4754145225843339,0.512,900.7999999999998,,24.370102643966675,,345,8,256,fe55492d59dea43f07862ecc1a80bebd9838d7fe,False
complete,pendigits,pendigits__sta4__trainable-patch-su4__L1__lr0.01__bs32__seed17,results/runs/pendigits/pendigits__sta4__trainable-patch-su4__L1__lr0.01__bs32__seed17_seed17,pendigits,sta4,trainable-patch-su4,1,17,0.01,32,2000,True,plus,True,False,1.323436963015808,0.5746666666666667,1.502027859747877,0.4985706117781589,0.5746666666666667,956.5333333333331,,24.66197180747986,,345,8,256,fe55492d59dea43f07862ecc1a80bebd9838d7fe,False
complete,pendigits,pendigits__sta4__trainable-patch-su4__L1__lr0.01__bs32__seed18,results/runs/pendigits/pendigits__sta4__trainable-patch-su4__L1__lr0.01__bs32__seed18_seed18,pendigits,sta4,trainable-patch-su4,1,18,0.01,32,2000,True,plus,True,False,1.3668096453612066,0.5213333333333333,1.5218603480885349,0.4699828473413379,0.54,935.1333333333332,,22.981573343276978,,345,8,256,fe55492d59dea43f07862ecc1a80bebd9838d7fe,False
complete,pendigits,pendigits__sta4__trainable-patch-su4__L1__lr0.01__bs32__seed19,results/runs/pendigits/pendigits__sta4__trainable-patch-su4__L1__lr0.01__bs32__seed19_seed19,pendigits,sta4,trainable-patch-su4,1,19,0.01,32,2000,True,plus,True,False,1.332841708471249,0.564,1.4624333153094093,0.5028587764436822,0.564,961.6,,24.89476180076599,,345,8,256,fe55492d59dea43f07862ecc1a80bebd9838d7fe,False
complete,pendigits,pendigits__sta4__trainable-patch-su4__L1__lr0.01__bs32__seed1,results/runs/pendigits/pendigits__sta4__trainable-patch-su4__L1__lr0.01__bs32__seed1_seed1,pendigits,sta4,trainable-patch-su4,1,1,0.01,32,2000,True,plus,True,False,1.4691408135879074,0.49066666666666664,1.5779247520361648,0.45940537449971414,0.49866666666666665,856.8666666666668,,22.96260905265808,,345,8,256,fe55492d59dea43f07862ecc1a80bebd9838d7fe,False
complete,pendigits,pendigits__sta4__trainable-patch-su4__L1__lr0.01__bs32__seed2,results/runs/pendigits/pendigits__sta4__trainable-patch-su4__L1__lr0.01__bs32__seed2_seed2,pendigits,sta4,trainable-patch-su4,1,2,0.01,32,2000,True,plus,True,False,1.4509300858475596,0.48133333333333334,1.6257713409459944,0.43310463121783876,0.5026666666666667,898.6000000000001,,22.900331020355225,,345,8,256,fe55492d59dea43f07862ecc1a80bebd9838d7fe,False
complete,pendigits,pendigits__sta4__trainable-patch-su4__L1__lr0.01__bs32__seed3,results/runs/pendigits/pendigits__sta4__trainable-patch-su4__L1__lr0.01__bs32__seed3_seed3,pendigits,sta4,trainable-patch-su4,1,3,0.01,32,2000,True,plus,True,False,1.4009572826541274,0.49866666666666665,1.530485711014787,0.48027444253859347,0.5293333333333333,899.0,,24.411425352096558,,345,8,256,fe55492d59dea43f07862ecc1a80bebd9838d7fe,False
complete,pendigits,pendigits__sta4__trainable-patch-su4__L1__lr0.01__bs32__seed4,results/runs/pendigits/pendigits__sta4__trainable-patch-su4__L1__lr0.01__bs32__seed4_seed4,pendigits,sta4,trainable-patch-su4,1,4,0.01,32,2000,True,plus,True,False,1.4083600931414728,0.504,1.5470030764530907,0.47398513436249284,0.5453333333333333,910.9333333333335,,27.333145141601562,,345,8,256,fe55492d59dea43f07862ecc1a80bebd9838d7fe,False
complete,pendigits,pendigits__sta4__trainable-patch-su4__L1__lr0.01__bs32__seed5,results/runs/pendigits/pendigits__sta4__trainable-patch-su4__L1__lr0.01__bs32__seed5_seed5,pendigits,sta4,trainable-patch-su4,1,5,0.01,32,2000,True,plus,True,False,1.398046830118091,0.5013333333333333,1.6008839744062864,0.44453973699256716,0.5226666666666666,923.6,,24.268475770950317,,345,8,256,fe55492d59dea43f07862ecc1a80bebd9838d7fe,False
complete,pendigits,pendigits__sta4__trainable-patch-su4__L1__lr0.01__bs32__seed6,results/runs/pendigits/pendigits__sta4__trainable-patch-su4__L1__lr0.01__bs32__seed6_seed6,pendigits,sta4,trainable-patch-su4,1,6,0.01,32,2000,True,plus,True,False,1.4431673863094223,0.5026666666666667,1.5945074618463675,0.45511720983419096,0.5133333333333333,861.6666666666665,,23.02350926399231,,345,8,256,fe55492d59dea43f07862ecc1a80bebd9838d7fe,False
complete,pendigits,pendigits__sta4__trainable-patch-su4__L1__lr0.01__bs32__seed7,results/runs/pendigits/pendigits__sta4__trainable-patch-su4__L1__lr0.01__bs32__seed7_seed7,pendigits,sta4,trainable-patch-su4,1,7,0.01,32,2000,True,plus,True,False,1.435026165151714,0.5106666666666667,1.5589482444321872,0.4734133790737564,0.516,898.0666666666668,,24.79809832572937,,345,8,256,fe55492d59dea43f07862ecc1a80bebd9838d7fe,False
complete,pendigits,pendigits__sta4__trainable-patch-su4__L1__lr0.01__bs32__seed8,results/runs/pendigits/pendigits__sta4__trainable-patch-su4__L1__lr0.01__bs32__seed8_seed8,pendigits,sta4,trainable-patch-su4,1,8,0.01,32,2000,True,plus,True,False,1.43326018444269,0.49333333333333335,1.591771163427379,0.4542595769010863,0.5266666666666666,920.1333333333334,,22.7490656375885,,345,8,256,fe55492d59dea43f07862ecc1a80bebd9838d7fe,False
complete,pendigits,pendigits__sta4__trainable-patch-su4__L1__lr0.01__bs32__seed9,results/runs/pendigits/pendigits__sta4__trainable-patch-su4__L1__lr0.01__bs32__seed9_seed9,pendigits,sta4,trainable-patch-su4,1,9,0.01,32,2000,True,plus,True,False,1.3745327488947818,0.556,1.5476019722010184,0.48256146369353914,0.556,952.4000000000001,,24.60559391975403,,345,8,256,fe55492d59dea43f07862ecc1a80bebd9838d7fe,False
complete,pendigits,pendigits__sta4__trainable-patch-su4__L2__lr0.01__bs32__seed0,results/runs/pendigits/pendigits__sta4__trainable-patch-su4__L2__lr0.01__bs32__seed0_seed0,pendigits,sta4,trainable-patch-su4,2,0,0.01,32,2000,True,plus,True,False,1.1989585909340976,0.6306666666666667,1.3149239888406903,0.5846197827329903,0.6306666666666667,986.6,,36.13300704956055,,690,8,256,fe55492d59dea43f07862ecc1a80bebd9838d7fe,False
complete,pendigits,pendigits__sta4__trainable-patch-su4__L2__lr0.01__bs32__seed10,results/runs/pendigits/pendigits__sta4__trainable-patch-su4__L2__lr0.01__bs32__seed10_seed10,pendigits,sta4,trainable-patch-su4,2,10,0.01,32,2000,True,plus,True,False,1.2521155643544715,0.6293333333333333,1.3416581019477443,0.577472841623785,0.6293333333333333,989.0666666666666,,36.90923523902893,,690,8,256,fe55492d59dea43f07862ecc1a80bebd9838d7fe,False
complete,pendigits,pendigits__sta4__trainable-patch-su4__L2__lr0.01__bs32__seed11,results/runs/pendigits/pendigits__sta4__trainable-patch-su4__L2__lr0.01__bs32__seed11_seed11,pendigits,sta4,trainable-patch-su4,2,11,0.01,32,2000,True,plus,True,False,1.2623367174495448,0.5973333333333334,1.3450185780304311,0.5706117781589479,0.5973333333333334,961.9999999999998,,36.524797439575195,,690,8,256,fe55492d59dea43f07862ecc1a80bebd9838d7fe,False
complete,pendigits,pendigits__sta4__trainable-patch-su4__L2__lr0.01__bs32__seed12,results/runs/pendigits/pendigits__sta4__trainable-patch-su4__L2__lr0.01__bs32__seed12_seed12,pendigits,sta4,trainable-patch-su4,2,12,0.01,32,2000,True,plus,True,False,1.3235563331469906,0.5506666666666666,1.4441808117988175,0.5017152658662093,0.56,942.9999999999999,,36.077911615371704,,690,8,256,fe55492d59dea43f07862ecc1a80bebd9838d7fe,False
complete,pendigits,pendigits__sta4__trainable-patch-su4__L2__lr0.01__bs32__seed13,results/runs/pendigits/pendigits__sta4__trainable-patch-su4__L2__lr0.01__bs32__seed13_seed13,pendigits,sta4,trainable-patch-su4,2,13,0.01,32,2000,True,plus,True,False,1.1707556759462214,0.6493333333333333,1.308603822019184,0.5769010863350486,0.6493333333333333,1002.4666666666667,,36.47730016708374,,690,8,256,fe55492d59dea43f07862ecc1a80bebd9838d7fe,False
complete,pendigits,pendigits__sta4__trainable-patch-su4__L2__lr0.01__bs32__seed14,results/runs/pendigits/pendigits__sta4__trainable-patch-su4__L2__lr0.01__bs32__seed14_seed14,pendigits,sta4,trainable-patch-su4,2,14,0.01,32,2000,True,plus,True,False,1.2274136409391698,0.6053333333333333,1.3306900204226115,0.5534591194968553,0.6306666666666667,1005.9333333333334,,35.55238127708435,,690,8,256,fe55492d59dea43f07862ecc1a80bebd9838d7fe,False
complete,pendigits,pendigits__sta4__trainable-patch-su4__L2__lr0.01__bs32__seed15,results/runs/pendigits/pendigits__sta4__trainable-patch-su4__L2__lr0.01__bs32__seed15_seed15,pendigits,sta4,trainable-patch-su4,2,15,0.01,32,2000,True,plus,True,False,1.2941505523819066,0.5946666666666667,1.3820364033250119,0.5451686678101773,0.5946666666666667,935.9333333333332,,35.63723850250244,,690,8,256,fe55492d59dea43f07862ecc1a80bebd9838d7fe,False
complete,pendigits,pendigits__sta4__trainable-patch-su4__L2__lr0.01__bs32__seed16,results/runs/pendigits/pendigits__sta4__trainable-patch-su4__L2__lr0.01__bs32__seed16_seed16,pendigits,sta4,trainable-patch-su4,2,16,0.01,32,2000,True,plus,True,False,1.1774245887056962,0.6213333333333333,1.306895373556045,0.5734705546026301,0.6306666666666667,1024.6,,36.21731925010681,,690,8,256,fe55492d59dea43f07862ecc1a80bebd9838d7fe,False
complete,pendigits,pendigits__sta4__trainable-patch-su4__L2__lr0.01__bs32__seed17,results/runs/pendigits/pendigits__sta4__trainable-patch-su4__L2__lr0.01__bs32__seed17_seed17,pendigits,sta4,trainable-patch-su4,2,17,0.01,32,2000,True,plus,True,False,1.2737344237877348,0.5986666666666667,1.353971313891274,0.550314465408805,0.6066666666666667,978.6666666666667,,36.118956089019775,,690,8,256,fe55492d59dea43f07862ecc1a80bebd9838d7fe,False
complete,pendigits,pendigits__sta4__trainable-patch-su4__L2__lr0.01__bs32__seed18,results/runs/pendigits/pendigits__sta4__trainable-patch-su4__L2__lr0.01__bs32__seed18_seed18,pendigits,sta4,trainable-patch-su4,2,18,0.01,32,2000,True,plus,True,False,1.265496202962461,0.584,1.4082534265007987,0.5431675242995998,0.584,961.2,,34.70470929145813,,690,8,256,fe55492d59dea43f07862ecc1a80bebd9838d7fe,False
complete,pendigits,pendigits__sta4__trainable-patch-su4__L2__lr0.01__bs32__seed19,results/runs/pendigits/pendigits__sta4__trainable-patch-su4__L2__lr0.01__bs32__seed19_seed19,pendigits,sta4,trainable-patch-su4,2,19,0.01,32,2000,True,plus,True,False,1.2824899613893173,0.5906666666666667,1.3513812826024092,0.5688965122927387,0.5906666666666667,924.7333333333333,,35.582409620285034,,690,8,256,fe55492d59dea43f07862ecc1a80bebd9838d7fe,False
complete,pendigits,pendigits__sta4__trainable-patch-su4__L2__lr0.01__bs32__seed1,results/runs/pendigits/pendigits__sta4__trainable-patch-su4__L2__lr0.01__bs32__seed1_seed1,pendigits,sta4,trainable-patch-su4,2,1,0.01,32,2000,True,plus,True,False,1.273866372251062,0.5773333333333334,1.4010167490264247,0.5431675242995998,0.5813333333333334,975.3333333333334,,36.130237340927124,,690,8,256,fe55492d59dea43f07862ecc1a80bebd9838d7fe,False
complete,pendigits,pendigits__sta4__trainable-patch-su4__L2__lr0.01__bs32__seed2,results/runs/pendigits/pendigits__sta4__trainable-patch-su4__L2__lr0.01__bs32__seed2_seed2,pendigits,sta4,trainable-patch-su4,2,2,0.01,32,2000,True,plus,True,False,1.3013859062818487,0.58,1.4477903145781192,0.5125786163522013,0.58,954.9999999999999,,38.474019289016724,,690,8,256,fe55492d59dea43f07862ecc1a80bebd9838d7fe,False
complete,pendigits,pendigits__sta4__trainable-patch-su4__L2__lr0.01__bs32__seed3,results/runs/pendigits/pendigits__sta4__trainable-patch-su4__L2__lr0.01__bs32__seed3_seed3,pendigits,sta4,trainable-patch-su4,2,3,0.01,32,2000,True,plus,True,False,1.2085195749410407,0.6186666666666667,1.2993735820197043,0.5891938250428816,0.6186666666666667,989.6,,35.02066159248352,,690,8,256,fe55492d59dea43f07862ecc1a80bebd9838d7fe,False
complete,pendigits,pendigits__sta4__trainable-patch-su4__L2__lr0.01__bs32__seed4,results/runs/pendigits/pendigits__sta4__trainable-patch-su4__L2__lr0.01__bs32__seed4_seed4,pendigits,sta4,trainable-patch-su4,2,4,0.01,32,2000,True,plus,True,False,1.2091937923700828,0.6173333333333333,1.3279936908724868,0.5714694110920526,0.632,1025.1333333333332,,35.070945501327515,,690,8,256,fe55492d59dea43f07862ecc1a80bebd9838d7fe,False
complete,pendigits,pendigits__sta4__trainable-patch-su4__L2__lr0.01__bs32__seed5,results/runs/pendigits/pendigits__sta4__trainable-patch-su4__L2__lr0.01__bs32__seed5_seed5,pendigits,sta4,trainable-patch-su4,2,5,0.01,32,2000,True,plus,True,False,1.2874821941340453,0.5693333333333334,1.378039117242829,0.5465980560320183,0.5946666666666667,992.4666666666667,,38.22748398780823,,690,8,256,fe55492d59dea43f07862ecc1a80bebd9838d7fe,False
complete,pendigits,pendigits__sta4__trainable-patch-su4__L2__lr0.01__bs32__seed6,results/runs/pendigits/pendigits__sta4__trainable-patch-su4__L2__lr0.01__bs32__seed6_seed6,pendigits,sta4,trainable-patch-su4,2,6,0.01,32,2000,True,plus,True,False,1.3272004461700746,0.564,1.4498318182721293,0.5142938822184105,0.564,925.6666666666666,,34.78707981109619,,690,8,256,fe55492d59dea43f07862ecc1a80bebd9838d7fe,False
complete,pendigits,pendigits__sta4__trainable-patch-su4__L2__lr0.01__bs32__seed7,results/runs/pendigits/pendigits__sta4__trainable-patch-su4__L2__lr0.01__bs32__seed7_seed7,pendigits,sta4,trainable-patch-su4,2,7,0.01,32,2000,True,plus,True,False,1.2291668699929317,0.5973333333333334,1.352252484482426,0.5568896512292739,0.6186666666666667,1010.1333333333332,,34.94930815696716,,690,8,256,fe55492d59dea43f07862ecc1a80bebd9838d7fe,False
complete,pendigits,pendigits__sta4__trainable-patch-su4__L2__lr0.01__bs32__seed8,results/runs/pendigits/pendigits__sta4__trainable-patch-su4__L2__lr0.01__bs32__seed8_seed8,pendigits,sta4,trainable-patch-su4,2,8,0.01,32,2000,True,plus,True,False,1.3522384549826167,0.54,1.464130042738401,0.5180102915951973,0.54,943.1333333333333,,36.20820355415344,,690,8,256,fe55492d59dea43f07862ecc1a80bebd9838d7fe,False
complete,pendigits,pendigits__sta4__trainable-patch-su4__L2__lr0.01__bs32__seed9,results/runs/pendigits/pendigits__sta4__trainable-patch-su4__L2__lr0.01__bs32__seed9_seed9,pendigits,sta4,trainable-patch-su4,2,9,0.01,32,2000,True,plus,True,False,1.339989792985214,0.5306666666666666,1.481127226155049,0.49056603773584906,0.5413333333333333,927.8666666666667,,35.82546591758728,,690,8,256,fe55492d59dea43f07862ecc1a80bebd9838d7fe,False
complete,pendigits,pendigits__sta4__trainable-patch-su4__L32__lr0.01__bs32__seed0,results/runs/pendigits/pendigits__sta4__trainable-patch-su4__L32__lr0.01__bs32__seed0_seed0,pendigits,sta4,trainable-patch-su4,32,0,0.01,32,2000,True,plus,True,False,2.3334276109346113,0.09066666666666667,2.3307842027884322,0.1097770154373928,0.15466666666666667,197.6,,543.4656929969788,,11040,8,256,fe55492d59dea43f07862ecc1a80bebd9838d7fe,False
complete,pendigits,pendigits__sta4__trainable-patch-su4__L32__lr0.01__bs32__seed10,results/runs/pendigits/pendigits__sta4__trainable-patch-su4__L32__lr0.01__bs32__seed10_seed10,pendigits,sta4,trainable-patch-su4,32,10,0.01,32,2000,True,plus,True,False,2.34365340912154,0.08666666666666667,2.3342141511143772,0.10320182961692395,0.148,199.46666666666667,,535.9214594364166,,11040,8,256,fe55492d59dea43f07862ecc1a80bebd9838d7fe,False
complete,pendigits,pendigits__sta4__trainable-patch-su4__L32__lr0.01__bs32__seed11,results/runs/pendigits/pendigits__sta4__trainable-patch-su4__L32__lr0.01__bs32__seed11_seed11,pendigits,sta4,trainable-patch-su4,32,11,0.01,32,2000,True,plus,True,False,2.320720955339194,0.12133333333333333,2.3260287239300004,0.10348770726129217,0.12933333333333333,204.33333333333337,,529.1161897182465,,11040,8,256,fe55492d59dea43f07862ecc1a80bebd9838d7fe,False
complete,pendigits,pendigits__sta4__trainable-patch-su4__L32__lr0.01__bs32__seed12,results/runs/pendigits/pendigits__sta4__trainable-patch-su4__L32__lr0.01__bs32__seed12_seed12,pendigits,sta4,trainable-patch-su4,32,12,0.01,32,2000,True,plus,True,False,2.323865509828459,0.11333333333333333,2.3296136453698937,0.11663807890222985,0.13733333333333334,199.2,,535.0082113742828,,11040,8,256,fe55492d59dea43f07862ecc1a80bebd9838d7fe,False
complete,pendigits,pendigits__sta4__trainable-patch-su4__L32__lr0.01__bs32__seed13,results/runs/pendigits/pendigits__sta4__trainable-patch-su4__L32__lr0.01__bs32__seed13_seed13,pendigits,sta4,trainable-patch-su4,32,13,0.01,32,2000,True,plus,True,False,2.3256948095477803,0.112,2.33333165452134,0.09719839908519154,0.11866666666666667,192.00000000000003,,533.8925266265869,,11040,8,256,fe55492d59dea43f07862ecc1a80bebd9838d7fe,False
complete,pendigits,pendigits__sta4__trainable-patch-su4__L32__lr0.01__bs32__seed14,results/runs/pendigits/pendigits__sta4__trainable-patch-su4__L32__lr0.01__bs32__seed14_seed14,pendigits,sta4,trainable-patch-su4,32,14,0.01,32,2000,True,plus,True,False,2.334512672183859,0.10666666666666667,2.331380286965119,0.1014865637507147,0.124,192.6,,531.4929201602936,,11040,8,256,fe55492d59dea43f07862ecc1a80bebd9838d7fe,False
complete,pendigits,pendigits__sta4__trainable-patch-su4__L32__lr0.01__bs32__seed15,results/runs/pendigits/pendigits__sta4__trainable-patch-su4__L32__lr0.01__bs32__seed15_seed15,pendigits,sta4,trainable-patch-su4,32,15,0.01,32,2000,True,plus,True,False,2.344794425282906,0.088,2.3340262454175638,0.0903373356203545,0.12533333333333332,200.79999999999998,,527.6473455429077,,11040,8,256,fe55492d59dea43f07862ecc1a80bebd9838d7fe,False
complete,pendigits,pendigits__sta4__trainable-patch-su4__L32__lr0.01__bs32__seed16,results/runs/pendigits/pendigits__sta4__trainable-patch-su4__L32__lr0.01__bs32__seed16_seed16,pendigits,sta4,trainable-patch-su4,32,16,0.01,32,2000,True,plus,True,False,2.3301747830936894,0.108,2.334339648176731,0.10405946255002858,0.12666666666666668,194.1333333333333,,532.3053708076477,,11040,8,256,fe55492d59dea43f07862ecc1a80bebd9838d7fe,False
complete,pendigits,pendigits__sta4__trainable-patch-su4__L32__lr0.01__bs32__seed17,results/runs/pendigits/pendigits__sta4__trainable-patch-su4__L32__lr0.01__bs32__seed17_seed17,pendigits,sta4,trainable-patch-su4,32,17,0.01,32,2000,True,plus,True,False,2.3382791699947867,0.08933333333333333,2.326208553568749,0.10834762721555175,0.13733333333333334,198.0,,530.3687274456024,,11040,8,256,fe55492d59dea43f07862ecc1a80bebd9838d7fe,False
complete,pendigits,pendigits__sta4__trainable-patch-su4__L32__lr0.01__bs32__seed18,results/runs/pendigits/pendigits__sta4__trainable-patch-su4__L32__lr0.01__bs32__seed18_seed18,pendigits,sta4,trainable-patch-su4,32,18,0.01,32,2000,True,plus,True,False,2.3154474942751806,0.12133333333333333,2.3307435099015326,0.10463121783876501,0.14,194.66666666666669,,531.5115735530853,,11040,8,256,fe55492d59dea43f07862ecc1a80bebd9838d7fe,False
complete,pendigits,pendigits__sta4__trainable-patch-su4__L32__lr0.01__bs32__seed19,results/runs/pendigits/pendigits__sta4__trainable-patch-su4__L32__lr0.01__bs32__seed19_seed19,pendigits,sta4,trainable-patch-su4,32,19,0.01,32,2000,True,plus,True,False,2.3457583033268503,0.08133333333333333,2.3324037275581393,0.1017724413950829,0.148,199.53333333333336,,531.9033493995667,,11040,8,256,fe55492d59dea43f07862ecc1a80bebd9838d7fe,False
complete,pendigits,pendigits__sta4__trainable-patch-su4__L32__lr0.01__bs32__seed1,results/runs/pendigits/pendigits__sta4__trainable-patch-su4__L32__lr0.01__bs32__seed1_seed1,pendigits,sta4,trainable-patch-su4,32,1,0.01,32,2000,True,plus,True,False,2.3326831119245637,0.092,2.329842550295638,0.10120068610634649,0.132,197.26666666666665,,534.9677820205688,,11040,8,256,fe55492d59dea43f07862ecc1a80bebd9838d7fe,False
complete,pendigits,pendigits__sta4__trainable-patch-su4__L32__lr0.01__bs32__seed2,results/runs/pendigits/pendigits__sta4__trainable-patch-su4__L32__lr0.01__bs32__seed2_seed2,pendigits,sta4,trainable-patch-su4,32,2,0.01,32,2000,True,plus,True,False,2.3188422249102603,0.09866666666666667,2.3318995857454348,0.09262435677530018,0.128,202.26666666666665,,532.5038154125214,,11040,8,256,fe55492d59dea43f07862ecc1a80bebd9838d7fe,False
complete,pendigits,pendigits__sta4__trainable-patch-su4__L32__lr0.01__bs32__seed3,results/runs/pendigits/pendigits__sta4__trainable-patch-su4__L32__lr0.01__bs32__seed3_seed3,pendigits,sta4,trainable-patch-su4,32,3,0.01,32,2000,True,plus,True,False,2.3206211299036217,0.104,2.3343853505576417,0.099199542595769,0.12933333333333333,204.66666666666666,,533.7334268093109,,11040,8,256,fe55492d59dea43f07862ecc1a80bebd9838d7fe,False
complete,pendigits,pendigits__sta4__trainable-patch-su4__L32__lr0.01__bs32__seed4,results/runs/pendigits/pendigits__sta4__trainable-patch-su4__L32__lr0.01__bs32__seed4_seed4,pendigits,sta4,trainable-patch-su4,32,4,0.01,32,2000,True,plus,True,False,2.321192213597605,0.10933333333333334,2.3274918850671638,0.1043453401943968,0.136,198.79999999999998,,529.2723789215088,,11040,8,256,fe55492d59dea43f07862ecc1a80bebd9838d7fe,True
complete,pendigits,pendigits__sta4__trainable-patch-su4__L32__lr0.01__bs32__seed5,results/runs/pendigits/pendigits__sta4__trainable-patch-su4__L32__lr0.01__bs32__seed5_seed5,pendigits,sta4,trainable-patch-su4,32,5,0.01,32,2000,True,plus,True,False,2.3154800356035814,0.11733333333333333,2.33031046221545,0.10663236134934248,0.12266666666666666,197.60000000000002,,533.7239677906036,,11040,8,256,fe55492d59dea43f07862ecc1a80bebd9838d7fe,True
complete,pendigits,pendigits__sta4__trainable-patch-su4__L32__lr0.01__bs32__seed6,results/runs/pendigits/pendigits__sta4__trainable-patch-su4__L32__lr0.01__bs32__seed6_seed6,pendigits,sta4,trainable-patch-su4,32,6,0.01,32,2000,True,plus,True,False,2.340127760155434,0.104,2.333537755119592,0.09405374499714123,0.128,201.06666666666666,,530.1795792579651,,11040,8,256,fe55492d59dea43f07862ecc1a80bebd9838d7fe,True
complete,pendigits,pendigits__sta4__trainable-patch-su4__L32__lr0.01__bs32__seed7,results/runs/pendigits/pendigits__sta4__trainable-patch-su4__L32__lr0.01__bs32__seed7_seed7,pendigits,sta4,trainable-patch-su4,32,7,0.01,32,2000,True,plus,True,False,2.3267776181061097,0.104,2.3306374345631617,0.10348770726129217,0.128,196.0,,535.9989798069,,11040,8,256,fe55492d59dea43f07862ecc1a80bebd9838d7fe,True
complete,pendigits,pendigits__sta4__trainable-patch-su4__L32__lr0.01__bs32__seed8,results/runs/pendigits/pendigits__sta4__trainable-patch-su4__L32__lr0.01__bs32__seed8_seed8,pendigits,sta4,trainable-patch-su4,32,8,0.01,32,2000,True,plus,True,False,2.3112838907009965,0.09733333333333333,2.3274791527655334,0.1017724413950829,0.14133333333333334,197.9333333333333,,528.0923132896423,,11040,8,256,fe55492d59dea43f07862ecc1a80bebd9838d7fe,True
complete,pendigits,pendigits__sta4__trainable-patch-su4__L32__lr0.01__bs32__seed9,results/runs/pendigits/pendigits__sta4__trainable-patch-su4__L32__lr0.01__bs32__seed9_seed9,pendigits,sta4,trainable-patch-su4,32,9,0.01,32,2000,True,plus,True,False,2.3204916763110255,0.12,2.3317393106056934,0.11034877072612921,0.128,203.46666666666664,,532.6167647838593,,11040,8,256,fe55492d59dea43f07862ecc1a80bebd9838d7fe,True
complete,pendigits,pendigits__sta4__trainable-patch-su4__L4__lr0.01__bs32__seed0,results/runs/pendigits/pendigits__sta4__trainable-patch-su4__L4__lr0.01__bs32__seed0_seed0,pendigits,sta4,trainable-patch-su4,4,0,0.01,32,2000,True,plus,True,False,1.549187442670071,0.464,1.6148687312924002,0.44025157232704404,0.48,786.3333333333334,,61.271421909332275,,1380,8,256,fe55492d59dea43f07862ecc1a80bebd9838d7fe,True
complete,pendigits,pendigits__sta4__trainable-patch-su4__L4__lr0.01__bs32__seed10,results/runs/pendigits/pendigits__sta4__trainable-patch-su4__L4__lr0.01__bs32__seed10_seed10,pendigits,sta4,trainable-patch-su4,4,10,0.01,32,2000,True,plus,True,False,1.4646145308843448,0.5,1.5764823832037125,0.46369353916523726,0.5213333333333333,822.6666666666667,,59.94043493270874,,1380,8,256,fe55492d59dea43f07862ecc1a80bebd9838d7fe,True
complete,pendigits,pendigits__sta4__trainable-patch-su4__L4__lr0.01__bs32__seed11,results/runs/pendigits/pendigits__sta4__trainable-patch-su4__L4__lr0.01__bs32__seed11_seed11,pendigits,sta4,trainable-patch-su4,4,11,0.01,32,2000,True,plus,True,False,1.4973183538681363,0.49066666666666664,1.5366858432632329,0.4694110920526015,0.5066666666666667,792.7333333333332,,62.18270468711853,,1380,8,256,fe55492d59dea43f07862ecc1a80bebd9838d7fe,True
complete,pendigits,pendigits__sta4__trainable-patch-su4__L4__lr0.01__bs32__seed12,results/runs/pendigits/pendigits__sta4__trainable-patch-su4__L4__lr0.01__bs32__seed12_seed12,pendigits,sta4,trainable-patch-su4,4,12,0.01,32,2000,True,plus,True,False,1.579571809152813,0.4493333333333333,1.7133875017472997,0.41623785020011433,0.4493333333333333,748.4666666666668,,63.580724000930786,,1380,8,256,fe55492d59dea43f07862ecc1a80bebd9838d7fe,True
complete,pendigits,pendigits__sta4__trainable-patch-su4__L4__lr0.01__bs32__seed13,results/runs/pendigits/pendigits__sta4__trainable-patch-su4__L4__lr0.01__bs32__seed13_seed13,pendigits,sta4,trainable-patch-su4,4,13,0.01,32,2000,True,plus,True,False,1.591103767616794,0.43333333333333335,1.706514647862745,0.4142367066895369,0.4826666666666667,757.7333333333333,,59.28750944137573,,1380,8,256,fe55492d59dea43f07862ecc1a80bebd9838d7fe,True
complete,pendigits,pendigits__sta4__trainable-patch-su4__L4__lr0.01__bs32__seed14,results/runs/pendigits/pendigits__sta4__trainable-patch-su4__L4__lr0.01__bs32__seed14_seed14,pendigits,sta4,trainable-patch-su4,4,14,0.01,32,2000,True,plus,True,False,1.606749038494925,0.44133333333333336,1.6541826725706945,0.429388221841052,0.45466666666666666,771.0666666666666,,61.819478034973145,,1380,8,256,fe55492d59dea43f07862ecc1a80bebd9838d7fe,True
complete,pendigits,pendigits__sta4__trainable-patch-su4__L4__lr0.01__bs32__seed15,results/runs/pendigits/pendigits__sta4__trainable-patch-su4__L4__lr0.01__bs32__seed15_seed15,pendigits,sta4,trainable-patch-su4,4,15,0.01,32,2000,True,plus,True,False,1.4434206316611002,0.49466666666666664,1.5483718096837717,0.45483133218982275,0.49866666666666665,827.6000000000003,,61.698030948638916,,1380,8,256,fe55492d59dea43f07862ecc1a80bebd9838d7fe,True
complete,pendigits,pendigits__sta4__trainable-patch-su4__L4__lr0.01__bs32__seed16,results/runs/pendigits/pendigits__sta4__trainable-patch-su4__L4__lr0.01__bs32__seed16_seed16,pendigits,sta4,trainable-patch-su4,4,16,0.01,32,2000,True,plus,True,False,1.4906685130247532,0.5106666666666667,1.5755614502800368,0.46255002858776445,0.5106666666666667,805.5333333333333,,60.504029273986816,,1380,8,256,fe55492d59dea43f07862ecc1a80bebd9838d7fe,True
complete,pendigits,pendigits__sta4__trainable-patch-su4__L4__lr0.01__bs32__seed17,results/runs/pendigits/pendigits__sta4__trainable-patch-su4__L4__lr0.01__bs32__seed17_seed17,pendigits,sta4,trainable-patch-su4,4,17,0.01,32,2000,True,plus,True,False,1.5140175247344108,0.484,1.6453731961514675,0.41366495140080045,0.484,788.3333333333333,,59.535804748535156,,1380,8,256,fe55492d59dea43f07862ecc1a80bebd9838d7fe,True
complete,pendigits,pendigits__sta4__trainable-patch-su4__L4__lr0.01__bs32__seed18,results/runs/pendigits/pendigits__sta4__trainable-patch-su4__L4__lr0.01__bs32__seed18_seed18,pendigits,sta4,trainable-patch-su4,4,18,0.01,32,2000,True,plus,True,False,1.6182966807472616,0.44266666666666665,1.7193461684180575,0.40051457975986277,0.4693333333333333,777.0666666666667,,63.24306559562683,,1380,8,256,fe55492d59dea43f07862ecc1a80bebd9838d7fe,True
complete,pendigits,pendigits__sta4__trainable-patch-su4__L4__lr0.01__bs32__seed19,results/runs/pendigits/pendigits__sta4__trainable-patch-su4__L4__lr0.01__bs32__seed19_seed19,pendigits,sta4,trainable-patch-su4,4,19,0.01,32,2000,True,plus,True,False,1.4724055293464564,0.49333333333333335,1.5547349447858099,0.47084048027444253,0.5093333333333333,816.6666666666666,,59.39599132537842,,1380,8,256,fe55492d59dea43f07862ecc1a80bebd9838d7fe,True
complete,pendigits,pendigits__sta4__trainable-patch-su4__L4__lr0.01__bs32__seed1,results/runs/pendigits/pendigits__sta4__trainable-patch-su4__L4__lr0.01__bs32__seed1_seed1,pendigits,sta4,trainable-patch-su4,4,1,0.01,32,2000,True,plus,True,False,1.5473110713235159,0.49866666666666665,1.5920922795937882,0.45769010863350484,0.5,836.1333333333334,,63.910409450531006,,1380,8,256,fe55492d59dea43f07862ecc1a80bebd9838d7fe,True
complete,pendigits,pendigits__sta4__trainable-patch-su4__L4__lr0.01__bs32__seed2,results/runs/pendigits/pendigits__sta4__trainable-patch-su4__L4__lr0.01__bs32__seed2_seed2,pendigits,sta4,trainable-patch-su4,4,2,0.01,32,2000,True,plus,True,False,1.505656018524524,0.49066666666666664,1.6374819465373918,0.4379645511720983,0.508,801.1333333333332,,63.45293879508972,,1380,8,256,fe55492d59dea43f07862ecc1a80bebd9838d7fe,True
complete,pendigits,pendigits__sta4__trainable-patch-su4__L4__lr0.01__bs32__seed3,results/runs/pendigits/pendigits__sta4__trainable-patch-su4__L4__lr0.01__bs32__seed3_seed3,pendigits,sta4,trainable-patch-su4,4,3,0.01,32,2000,True,plus,True,False,1.5848296276893645,0.42933333333333334,1.6548629155483803,0.4119496855345912,0.468,764.8666666666664,,62.6613450050354,,1380,8,256,fe55492d59dea43f07862ecc1a80bebd9838d7fe,True
complete,pendigits,pendigits__sta4__trainable-patch-su4__L4__lr0.01__bs32__seed4,results/runs/pendigits/pendigits__sta4__trainable-patch-su4__L4__lr0.01__bs32__seed4_seed4,pendigits,sta4,trainable-patch-su4,4,4,0.01,32,2000,True,plus,True,False,1.5560412314121308,0.452,1.6797039675049377,0.4285305889079474,0.484,784.5999999999998,,63.11341381072998,,1380,8,256,fe55492d59dea43f07862ecc1a80bebd9838d7fe,True
complete,pendigits,pendigits__sta4__trainable-patch-su4__L4__lr0.01__bs32__seed5,results/runs/pendigits/pendigits__sta4__trainable-patch-su4__L4__lr0.01__bs32__seed5_seed5,pendigits,sta4,trainable-patch-su4,4,5,0.01,32,2000,True,plus,True,False,1.4747726919596638,0.4786666666666667,1.5576247019632254,0.4542595769010863,0.5106666666666667,813.7333333333332,,62.015289306640625,,1380,8,256,fe55492d59dea43f07862ecc1a80bebd9838d7fe,True
complete,pendigits,pendigits__sta4__trainable-patch-su4__L4__lr0.01__bs32__seed6,results/runs/pendigits/pendigits__sta4__trainable-patch-su4__L4__lr0.01__bs32__seed6_seed6,pendigits,sta4,trainable-patch-su4,4,6,0.01,32,2000,True,plus,True,False,1.5051994789837069,0.5026666666666667,1.593391819072932,0.43453401943967984,0.5026666666666667,809.6000000000001,,61.38243627548218,,1380,8,256,fe55492d59dea43f07862ecc1a80bebd9838d7fe,True
complete,pendigits,pendigits__sta4__trainable-patch-su4__L4__lr0.01__bs32__seed7,results/runs/pendigits/pendigits__sta4__trainable-patch-su4__L4__lr0.01__bs32__seed7_seed7,pendigits,sta4,trainable-patch-su4,4,7,0.01,32,2000,True,plus,True,False,1.5939757644971966,0.45466666666666666,1.6231706552927299,0.42538593481989706,0.4826666666666667,785.9333333333334,,62.19795560836792,,1380,8,256,fe55492d59dea43f07862ecc1a80bebd9838d7fe,True
complete,pendigits,pendigits__sta4__trainable-patch-su4__L4__lr0.01__bs32__seed8,results/runs/pendigits/pendigits__sta4__trainable-patch-su4__L4__lr0.01__bs32__seed8_seed8,pendigits,sta4,trainable-patch-su4,4,8,0.01,32,2000,True,plus,True,False,1.4941619971318025,0.468,1.637459769646471,0.4248141795311607,0.48533333333333334,804.7333333333332,,60.16747212409973,,1380,8,256,fe55492d59dea43f07862ecc1a80bebd9838d7fe,True
complete,pendigits,pendigits__sta4__trainable-patch-su4__L4__lr0.01__bs32__seed9,results/runs/pendigits/pendigits__sta4__trainable-patch-su4__L4__lr0.01__bs32__seed9_seed9,pendigits,sta4,trainable-patch-su4,4,9,0.01,32,2000,True,plus,True,False,1.6394788165476195,0.4226666666666667,1.6900916279040719,0.41909662664379643,0.4573333333333333,767.3333333333333,,63.48609495162964,,1380,8,256,fe55492d59dea43f07862ecc1a80bebd9838d7fe,True
complete,pendigits,pendigits__sta4__trainable-patch-su4__L8__lr0.01__bs32__seed0,results/runs/pendigits/pendigits__sta4__trainable-patch-su4__L8__lr0.01__bs32__seed0_seed0,pendigits,sta4,trainable-patch-su4,8,0,0.01,32,2000,True,plus,True,False,2.01976217731155,0.30266666666666664,2.0648195794504485,0.29759862778730706,0.3506666666666667,570.1333333333332,,120.59090161323547,,2760,8,256,fe55492d59dea43f07862ecc1a80bebd9838d7fe,True
complete,pendigits,pendigits__sta4__trainable-patch-su4__L8__lr0.01__bs32__seed10,results/runs/pendigits/pendigits__sta4__trainable-patch-su4__L8__lr0.01__bs32__seed10_seed10,pendigits,sta4,trainable-patch-su4,8,10,0.01,32,2000,True,plus,True,False,2.1058562344687806,0.27466666666666667,2.1737193435233686,0.24385363064608348,0.30666666666666664,501.33333333333326,,120.20407938957214,,2760,8,256,fe55492d59dea43f07862ecc1a80bebd9838d7fe,True
complete,pendigits,pendigits__sta4__trainable-patch-su4__L8__lr0.01__bs32__seed11,results/runs/pendigits/pendigits__sta4__trainable-patch-su4__L8__lr0.01__bs32__seed11_seed11,pendigits,sta4,trainable-patch-su4,8,11,0.01,32,2000,True,plus,True,False,2.0537031514164514,0.31466666666666665,2.0970455480614714,0.2990280160091481,0.316,514.2666666666667,,119.36027646064758,,2760,8,256,fe55492d59dea43f07862ecc1a80bebd9838d7fe,True
complete,pendigits,pendigits__sta4__trainable-patch-su4__L8__lr0.01__bs32__seed12,results/runs/pendigits/pendigits__sta4__trainable-patch-su4__L8__lr0.01__bs32__seed12_seed12,pendigits,sta4,trainable-patch-su4,8,12,0.01,32,2000,True,plus,True,False,2.089592367376706,0.28,2.1379354251519236,0.269010863350486,0.32666666666666666,538.9333333333334,,117.20180010795593,,2760,8,256,fe55492d59dea43f07862ecc1a80bebd9838d7fe,True
complete,pendigits,pendigits__sta4__trainable-patch-su4__L8__lr0.01__bs32__seed13,results/runs/pendigits/pendigits__sta4__trainable-patch-su4__L8__lr0.01__bs32__seed13_seed13,pendigits,sta4,trainable-patch-su4,8,13,0.01,32,2000,True,plus,True,False,2.014595290352368,0.32266666666666666,2.040673283234364,0.308461978273299,0.336,553.7333333333333,,119.5734269618988,,2760,8,256,fe55492d59dea43f07862ecc1a80bebd9838d7fe,True
complete,pendigits,pendigits__sta4__trainable-patch-su4__L8__lr0.01__bs32__seed14,results/runs/pendigits/pendigits__sta4__trainable-patch-su4__L8__lr0.01__bs32__seed14_seed14,pendigits,sta4,trainable-patch-su4,8,14,0.01,32,2000,True,plus,True,False,2.0264234370321854,0.2986666666666667,2.061604762681176,0.29845626072041165,0.32666666666666666,522.6666666666667,,119.12003016471863,,2760,8,256,fe55492d59dea43f07862ecc1a80bebd9838d7fe,True
complete,pendigits,pendigits__sta4__trainable-patch-su4__L8__lr0.01__bs32__seed15,results/runs/pendigits/pendigits__sta4__trainable-patch-su4__L8__lr0.01__bs32__seed15_seed15,pendigits,sta4,trainable-patch-su4,8,15,0.01,32,2000,True,plus,True,False,1.9187986318782362,0.3626666666666667,2.0559130365082177,0.308461978273299,0.3626666666666667,559.0000000000001,,121.01398253440857,,2760,8,256,fe55492d59dea43f07862ecc1a80bebd9838d7fe,True
complete,pendigits,pendigits__sta4__trainable-patch-su4__L8__lr0.01__bs32__seed16,results/runs/pendigits/pendigits__sta4__trainable-patch-su4__L8__lr0.01__bs32__seed16_seed16,pendigits,sta4,trainable-patch-su4,8,16,0.01,32,2000,True,plus,True,False,1.93516070089964,0.3586666666666667,2.002855868939937,0.34133790737564323,0.3586666666666667,558.1999999999999,,118.66257739067078,,2760,8,256,fe55492d59dea43f07862ecc1a80bebd9838d7fe,True
complete,pendigits,pendigits__sta4__trainable-patch-su4__L8__lr0.01__bs32__seed17,results/runs/pendigits/pendigits__sta4__trainable-patch-su4__L8__lr0.01__bs32__seed17_seed17,pendigits,sta4,trainable-patch-su4,8,17,0.01,32,2000,True,plus,True,False,2.000048723421384,0.288,2.0673501084640376,0.26815323041738137,0.312,510.66666666666663,,117.34354448318481,,2760,8,256,fe55492d59dea43f07862ecc1a80bebd9838d7fe,True
complete,pendigits,pendigits__sta4__trainable-patch-su4__L8__lr0.01__bs32__seed18,results/runs/pendigits/pendigits__sta4__trainable-patch-su4__L8__lr0.01__bs32__seed18_seed18,pendigits,sta4,trainable-patch-su4,8,18,0.01,32,2000,True,plus,True,False,2.157445188181133,0.24266666666666667,2.1922038752113036,0.23413379073756432,0.31866666666666665,497.93333333333334,,121.01171779632568,,2760,8,256,fe55492d59dea43f07862ecc1a80bebd9838d7fe,True
complete,pendigits,pendigits__sta4__trainable-patch-su4__L8__lr0.01__bs32__seed19,results/runs/pendigits/pendigits__sta4__trainable-patch-su4__L8__lr0.01__bs32__seed19_seed19,pendigits,sta4,trainable-patch-su4,8,19,0.01,32,2000,True,plus,True,False,2.0223317382276638,0.312,2.036701313190521,0.3110348770726129,0.3413333333333333,544.0666666666666,,118.5202145576477,,2760,8,256,fe55492d59dea43f07862ecc1a80bebd9838d7fe,True
complete,pendigits,pendigits__sta4__trainable-patch-su4__L8__lr0.01__bs32__seed1,results/runs/pendigits/pendigits__sta4__trainable-patch-su4__L8__lr0.01__bs32__seed1_seed1,pendigits,sta4,trainable-patch-su4,8,1,0.01,32,2000,True,plus,True,False,2.065041359418619,0.292,2.1149315589900777,0.27901658090337333,0.3466666666666667,542.0666666666666,,118.86788702011108,,2760,8,256,fe55492d59dea43f07862ecc1a80bebd9838d7fe,True
complete,pendigits,pendigits__sta4__trainable-patch-su4__L8__lr0.01__bs32__seed2,results/runs/pendigits/pendigits__sta4__trainable-patch-su4__L8__lr0.01__bs32__seed2_seed2,pendigits,sta4,trainable-patch-su4,8,2,0.01,32,2000,True,plus,True,False,1.8924509904444582,0.33466666666666667,1.9542426209692285,0.33905088622069757,0.348,541.6,,118.47747302055359,,2760,8,256,fe55492d59dea43f07862ecc1a80bebd9838d7fe,True
complete,pendigits,pendigits__sta4__trainable-patch-su4__L8__lr0.01__bs32__seed3,results/runs/pendigits/pendigits__sta4__trainable-patch-su4__L8__lr0.01__bs32__seed3_seed3,pendigits,sta4,trainable-patch-su4,8,3,0.01,32,2000,True,plus,True,False,2.0308260641451166,0.2773333333333333,2.07011034788544,0.25300171526586623,0.296,498.4000000000001,,118.73150205612183,,2760,8,256,fe55492d59dea43f07862ecc1a80bebd9838d7fe,True
complete,pendigits,pendigits__sta4__trainable-patch-su4__L8__lr0.01__bs32__seed4,results/runs/pendigits/pendigits__sta4__trainable-patch-su4__L8__lr0.01__bs32__seed4_seed4,pendigits,sta4,trainable-patch-su4,8,4,0.01,32,2000,True,plus,True,False,1.931614630380907,0.35733333333333334,1.9912552476319352,0.32847341337907376,0.38,606.0,,119.92859148979187,,2760,8,256,fe55492d59dea43f07862ecc1a80bebd9838d7fe,True
complete,pendigits,pendigits__sta4__trainable-patch-su4__L8__lr0.01__bs32__seed5,results/runs/pendigits/pendigits__sta4__trainable-patch-su4__L8__lr0.01__bs32__seed5_seed5,pendigits,sta4,trainable-patch-su4,8,5,0.01,32,2000,True,plus,True,False,1.996235229355756,0.3293333333333333,1.991663787439177,0.3330474556889651,0.3893333333333333,581.7333333333333,,120.52624988555908,,2760,8,256,fe55492d59dea43f07862ecc1a80bebd9838d7fe,True
complete,pendigits,pendigits__sta4__trainable-patch-su4__L8__lr0.01__bs32__seed6,results/runs/pendigits/pendigits__sta4__trainable-patch-su4__L8__lr0.01__bs32__seed6_seed6,pendigits,sta4,trainable-patch-su4,8,6,0.01,32,2000,True,plus,True,False,1.988113157820599,0.3373333333333333,2.05511687314357,0.2998856489422527,0.36933333333333335,560.2666666666667,,119.18545460700989,,2760,8,256,fe55492d59dea43f07862ecc1a80bebd9838d7fe,True
complete,pendigits,pendigits__sta4__trainable-patch-su4__L8__lr0.01__bs32__seed7,results/runs/pendigits/pendigits__sta4__trainable-patch-su4__L8__lr0.01__bs32__seed7_seed7,pendigits,sta4,trainable-patch-su4,8,7,0.01,32,2000,True,plus,True,False,2.041554408497232,0.2946666666666667,2.119745886562601,0.27672955974842767,0.328,531.8000000000001,,119.16739153862,,2760,8,256,fe55492d59dea43f07862ecc1a80bebd9838d7fe,True
complete,pendigits,pendigits__sta4__trainable-patch-su4__L8__lr0.01__bs32__seed8,results/runs/pendigits/pendigits__sta4__trainable-patch-su4__L8__lr0.01__bs32__seed8_seed8,pendigits,sta4,trainable-patch-su4,8,8,0.01,32,2000,True,plus,True,False,2.1176006437806913,0.28933333333333333,2.167521477549644,0.26186392224128074,0.33466666666666667,521.2666666666667,,119.18887376785278,,2760,8,256,fe55492d59dea43f07862ecc1a80bebd9838d7fe,True
complete,pendigits,pendigits__sta4__trainable-patch-su4__L8__lr0.01__bs32__seed9,results/runs/pendigits/pendigits__sta4__trainable-patch-su4__L8__lr0.01__bs32__seed9_seed9,pendigits,sta4,trainable-patch-su4,8,9,0.01,32,2000,True,plus,True,False,2.016097809973348,0.288,2.0282705981954794,0.29016580903373357,0.35333333333333333,530.4666666666667,,119.58493947982788,,2760,8,256,fe55492d59dea43f07862ecc1a80bebd9838d7fe,True
