status,manifest_id,job_slug,run_dir,dataset,representation,encoder,depth,seed,learning_rate,batch_size,steps,standardize,initial_state,projector_renormalize,track_readout_leakage,final_validation_loss,final_validation_accuracy,final_test_loss,final_test_accuracy,best_validation_accuracy,validation_accuracy_auc,time_to_target_step,wall_time_seconds,mean_readout_leakage_mass,parameter_count,n_qubits,hilbert_dim,git_commit,git_dirty
complete,synthetic,synthetic-eigengap__synthetic__block-hamiltonian__L16__lr0.01__bs64__seed0,results/runs/synthetic/synthetic-eigengap__synthetic__block-hamiltonian__L16__lr0.01__bs64__seed0_seed0,synthetic-eigengap,synthetic,block-hamiltonian,16,0,0.01,64,2000,True,plus,True,False,0.33225286281419303,0.8902439024390244,0.3530256776007089,0.8583638583638583,0.9085365853658537,1597.2560975609763,,69.18504548072815,,496,3,8,457b0468ba5f023a4a9f38816dbca0899481d04d,False
complete,synthetic,synthetic-eigengap__synthetic__block-hamiltonian__L16__lr0.01__bs64__seed10,results/runs/synthetic/synthetic-eigengap__synthetic__block-hamiltonian__L16__lr0.01__bs64__seed10_seed10,synthetic-eigengap,synthetic,block-hamiltonian,16,10,0.01,64,2000,True,plus,True,False,0.34509023938739786,0.8932926829268293,0.34026272962129384,0.8901098901098901,0.8932926829268293,1626.0670731707316,,65.74610495567322,,496,3,8,457b0468ba5f023a4a9f38816dbca0899481d04d,False
complete,synthetic,synthetic-eigengap__synthetic__block-hamiltonian__L16__lr0.01__bs64__seed11,results/runs/synthetic/synthetic-eigengap__synthetic__block-hamiltonian__L16__lr0.01__bs64__seed11_seed11,synthetic-eigengap,synthetic,block-hamiltonian,16,11,0.01,64,2000,True,plus,True,False,0.36736832029059435,0.8567073170731707,0.3769853573649667,0.8522588522588522,0.8963414634146342,1617.5304878048782,,67.24165797233582,,496,3,8,457b0468ba5f023a4a9f38816dbca0899481d04d,False
complete,synthetic,synthetic-eigengap__synthetic__block-hamiltonian__L16__lr0.01__bs64__seed12,results/runs/synthetic/synthetic-eigengap__synthetic__block-hamiltonian__L16__lr0.01__bs64__seed12_seed12,synthetic-eigengap,synthetic,block-hamiltonian,16,12,0.01,64,2000,True,plus,True,False,0.3511151025517905,0.8871951219512195,0.3625999036284231,0.8681318681318682,0.8932926829268293,1608.0792682926826,,67.85557889938354,,496,3,8,457b0468ba5f023a4a9f38816dbca0899481d04d,False
complete,synthetic,synthetic-eigengap__synthetic__block-hamiltonian__L16__lr0.01__bs64__seed13,results/runs/synthetic/synthetic-eigengap__synthetic__block-hamiltonian__L16__lr0.01__bs64__seed13_seed13,synthetic-eigengap,synthetic,block-hamiltonian,16,13,0.01,64,2000,True,plus,True,False,0.3783936094715817,0.8597560975609756,0.3837862787751328,0.8656898656898657,0.8689024390243902,1580.6402439024394,,65.6913914680481,,496,3,8,457b0468ba5f023a4a9f38816dbca0899481d04d,False
complete,synthetic,synthetic-eigengap__synthetic__block-hamiltonian__L16__lr0.01__bs64__seed14,results/runs/synthetic/synthetic-eigengap__synthetic__block-hamiltonian__L16__lr0.01__bs64__seed14_seed14,synthetic-eigengap,synthetic,block-hamiltonian,16,14,0.01,64,2000,True,plus,True,False,0.3551577185670575,0.8689024390243902,0.37363704348161464,0.8485958485958486,0.8810975609756098,1602.896341463415,,63.850016593933105,,496,3,8,457b0468ba5f023a4a9f38816dbca0899481d04d,False
complete,synthetic,synthetic-eigengap__synthetic__block-hamiltonian__L16__lr0.01__bs64__seed15,results/runs/synthetic/synthetic-eigengap__synthetic__block-hamiltonian__L16__lr0.01__bs64__seed15_seed15,synthetic-eigengap,synthetic,block-hamiltonian,16,15,0.01,64,2000,True,plus,True,False,0.34654900908433933,0.875,0.3600261015001389,0.8681318681318682,0.8902439024390244,1625.914634146341,,69.01018214225769,,496,3,8,457b0468ba5f023a4a9f38816dbca0899481d04d,False
complete,synthetic,synthetic-eigengap__synthetic__block-hamiltonian__L16__lr0.01__bs64__seed16,results/runs/synthetic/synthetic-eigengap__synthetic__block-hamiltonian__L16__lr0.01__bs64__seed16_seed16,synthetic-eigengap,synthetic,block-hamiltonian,16,16,0.01,64,2000,True,plus,True,False,0.3648095639573876,0.8810975609756098,0.39155173460736004,0.8571428571428571,0.8902439024390244,1593.59756097561,,65.68437504768372,,496,3,8,457b0468ba5f023a4a9f38816dbca0899481d04d,False
complete,synthetic,synthetic-eigengap__synthetic__block-hamiltonian__L16__lr0.01__bs64__seed17,results/runs/synthetic/synthetic-eigengap__synthetic__block-hamiltonian__L16__lr0.01__bs64__seed17_seed17,synthetic-eigengap,synthetic,block-hamiltonian,16,17,0.01,64,2000,True,plus,True,False,0.344342948968504,0.8871951219512195,0.3686640884141093,0.8742368742368742,0.899390243902439,1631.5548780487804,,65.84807896614075,,496,3,8,457b0468ba5f023a4a9f38816dbca0899481d04d,False
complete,synthetic,synthetic-eigengap__synthetic__block-hamiltonian__L16__lr0.01__bs64__seed18,results/runs/synthetic/synthetic-eigengap__synthetic__block-hamiltonian__L16__lr0.01__bs64__seed18_seed18,synthetic-eigengap,synthetic,block-hamiltonian,16,18,0.01,64,2000,True,plus,True,False,0.37887168031841156,0.875,0.3946724217481324,0.8534798534798534,0.8841463414634146,1589.7865853658539,,65.34268116950989,,496,3,8,457b0468ba5f023a4a9f38816dbca0899481d04d,False
complete,synthetic,synthetic-eigengap__synthetic__block-hamiltonian__L16__lr0.01__bs64__seed19,results/runs/synthetic/synthetic-eigengap__synthetic__block-hamiltonian__L16__lr0.01__bs64__seed19_seed19,synthetic-eigengap,synthetic,block-hamiltonian,16,19,0.01,64,2000,True,plus,True,False,0.35589168015683814,0.8658536585365854,0.3800328598220531,0.8632478632478633,0.8689024390243902,1565.853658536585,,65.7078504562378,,496,3,8,457b0468ba5f023a4a9f38816dbca0899481d04d,False
complete,synthetic,synthetic-eigengap__synthetic__block-hamiltonian__L16__lr0.01__bs64__seed1,results/runs/synthetic/synthetic-eigengap__synthetic__block-hamiltonian__L16__lr0.01__bs64__seed1_seed1,synthetic-eigengap,synthetic,block-hamiltonian,16,1,0.01,64,2000,True,plus,True,False,0.36276555123735316,0.8536585365853658,0.35742677751242913,0.8742368742368742,0.9054878048780488,1614.6341463414635,,65.6438570022583,,496,3,8,457b0468ba5f023a4a9f38816dbca0899481d04d,False
complete,synthetic,synthetic-eigengap__synthetic__block-hamiltonian__L16__lr0.01__bs64__seed2,results/runs/synthetic/synthetic-eigengap__synthetic__block-hamiltonian__L16__lr0.01__bs64__seed2_seed2,synthetic-eigengap,synthetic,block-hamiltonian,16,2,0.01,64,2000,True,plus,True,False,0.33077628060565967,0.8932926829268293,0.35185687719476755,0.873015873015873,0.8932926829268293,1614.7865853658534,,65.05777382850647,,496,3,8,457b0468ba5f023a4a9f38816dbca0899481d04d,False
complete,synthetic,synthetic-eigengap__synthetic__block-hamiltonian__L16__lr0.01__bs64__seed3,results/runs/synthetic/synthetic-eigengap__synthetic__block-hamiltonian__L16__lr0.01__bs64__seed3_seed3,synthetic-eigengap,synthetic,block-hamiltonian,16,3,0.01,64,2000,True,plus,True,False,0.3476079049781709,0.8902439024390244,0.3745655761263164,0.8766788766788767,0.8902439024390244,1609.146341463415,,65.86277890205383,,496,3,8,457b0468ba5f023a4a9f38816dbca0899481d04d,False
complete,synthetic,synthetic-eigengap__synthetic__block-hamiltonian__L16__lr0.01__bs64__seed4,results/runs/synthetic/synthetic-eigengap__synthetic__block-hamiltonian__L16__lr0.01__bs64__seed4_seed4,synthetic-eigengap,synthetic,block-hamiltonian,16,4,0.01,64,2000,True,plus,True,False,0.34887934985676206,0.8871951219512195,0.36438275911787693,0.8742368742368742,0.8902439024390244,1586.7378048780483,,66.37521862983704,,496,3,8,457b0468ba5f023a4a9f38816dbca0899481d04d,False
complete,synthetic,synthetic-eigengap__synthetic__block-hamiltonian__L16__lr0.01__bs64__seed5,results/runs/synthetic/synthetic-eigengap__synthetic__block-hamiltonian__L16__lr0.01__bs64__seed5_seed5,synthetic-eigengap,synthetic,block-hamiltonian,16,5,0.01,64,2000,True,plus,True,False,0.3411763520510009,0.8536585365853658,0.35673885842152625,0.8778998778998779,0.8902439024390244,1557.012195121951,,64.33261370658875,,496,3,8,457b0468ba5f023a4a9f38816dbca0899481d04d,False
complete,synthetic,synthetic-eigengap__synthetic__block-hamiltonian__L16__lr0.01__bs64__seed6,results/runs/synthetic/synthetic-eigengap__synthetic__block-hamiltonian__L16__lr0.01__bs64__seed6_seed6,synthetic-eigengap,synthetic,block-hamiltonian,16,6,0.01,64,2000,True,plus,True,False,0.3560805285669924,0.8689024390243902,0.3532880530620545,0.8681318681318682,0.8780487804878049,1594.3597560975609,,64.92598080635071,,496,3,8,457b0468ba5f023a4a9f38816dbca0899481d04d,False
complete,synthetic,synthetic-eigengap__synthetic__block-hamiltonian__L16__lr0.01__bs64__seed7,results/runs/synthetic/synthetic-eigengap__synthetic__block-hamiltonian__L16__lr0.01__bs64__seed7_seed7,synthetic-eigengap,synthetic,block-hamiltonian,16,7,0.01,64,2000,True,plus,True,False,0.36535340332679955,0.8567073170731707,0.3764113175912643,0.851037851037851,0.8689024390243902,1602.2865853658532,,65.95811486244202,,496,3,8,457b0468ba5f023a4a9f38816dbca0899481d04d,False
complete,synthetic,synthetic-eigengap__synthetic__block-hamiltonian__L16__lr0.01__bs64__seed8,results/runs/synthetic/synthetic-eigengap__synthetic__block-hamiltonian__L16__lr0.01__bs64__seed8_seed8,synthetic-eigengap,synthetic,block-hamiltonian,16,8,0.01,64,2000,True,plus,True,False,0.36052689776716257,0.8841463414634146,0.3784858694478574,0.851037851037851,0.899390243902439,1573.4756097560976,,67.50004267692566,,496,3,8,457b0468ba5f023a4a9f38816dbca0899481d04d,False
complete,synthetic,synthetic-eigengap__synthetic__block-hamiltonian__L16__lr0.01__bs64__seed9,results/runs/synthetic/synthetic-eigengap__synthetic__block-hamiltonian__L16__lr0.01__bs64__seed9_seed9,synthetic-eigengap,synthetic,block-hamiltonian,16,9,0.01,64,2000,True,plus,True,False,0.3444793711612968,0.8719512195121951,0.34047641304723525,0.884004884004884,0.8719512195121951,1594.2073170731708,,65.66983652114868,,496,3,8,457b0468ba5f023a4a9f38816dbca0899481d04d,False
complete,synthetic,synthetic-eigengap__synthetic__block-hamiltonian__L1__lr0.01__bs64__seed0,results/runs/synthetic/synthetic-eigengap__synthetic__block-hamiltonian__L1__lr0.01__bs64__seed0_seed0,synthetic-eigengap,synthetic,block-hamiltonian,1,0,0.01,64,2000,True,plus,True,False,0.6384473694282627,0.6219512195121951,0.6479325870206551,0.6312576312576312,0.649390243902439,1200.7621951219512,,22.767783641815186,,31,3,8,c9975de69f8651d303bc6c90c5d2fe6e6ebd42c1,False
complete,synthetic,synthetic-eigengap__synthetic__block-hamiltonian__L1__lr0.01__bs64__seed10,results/runs/synthetic/synthetic-eigengap__synthetic__block-hamiltonian__L1__lr0.01__bs64__seed10_seed10,synthetic-eigengap,synthetic,block-hamiltonian,1,10,0.01,64,2000,True,plus,True,False,0.6427341611934613,0.6219512195121951,0.6497543941628859,0.6190476190476191,0.6524390243902439,1194.0548780487804,,18.681207180023193,,31,3,8,c9975de69f8651d303bc6c90c5d2fe6e6ebd42c1,False
complete,synthetic,synthetic-eigengap__synthetic__block-hamiltonian__L1__lr0.01__bs64__seed11,results/runs/synthetic/synthetic-eigengap__synthetic__block-hamiltonian__L1__lr0.01__bs64__seed11_seed11,synthetic-eigengap,synthetic,block-hamiltonian,1,11,0.01,64,2000,True,plus,True,False,0.637275922267736,0.6189024390243902,0.6480141473557562,0.6349206349206349,0.6463414634146342,1186.8902439024391,,16.336480617523193,,31,3,8,c9975de69f8651d303bc6c90c5d2fe6e6ebd42c1,False
complete,synthetic,synthetic-eigengap__synthetic__block-hamiltonian__L1__lr0.01__bs64__seed12,results/runs/synthetic/synthetic-eigengap__synthetic__block-hamiltonian__L1__lr0.01__bs64__seed12_seed12,synthetic-eigengap,synthetic,block-hamiltonian,1,12,0.01,64,2000,True,plus,True,False,0.6380160677024589,0.6371951219512195,0.6484193481937259,0.6324786324786325,0.6554878048780488,1188.719512195122,,15.122106790542603,,31,3,8,c9975de69f8651d303bc6c90c5d2fe6e6ebd42c1,False
complete,synthetic,synthetic-eigengap__synthetic__block-hamiltonian__L1__lr0.01__bs64__seed13,results/runs/synthetic/synthetic-eigengap__synthetic__block-hamiltonian__L1__lr0.01__bs64__seed13_seed13,synthetic-eigengap,synthetic,block-hamiltonian,1,13,0.01,64,2000,True,plus,True,False,0.639531066456769,0.6280487804878049,0.6484487761660187,0.6324786324786325,0.6524390243902439,1193.2926829268295,,16.01663589477539,,31,3,8,c9975de69f8651d303bc6c90c5d2fe6e6ebd42c1,False
complete,synthetic,synthetic-eigengap__synthetic__block-hamiltonian__L1__lr0.01__bs64__seed14,results/runs/synthetic/synthetic-eigengap__synthetic__block-hamiltonian__L1__lr0.01__bs64__seed14_seed14,synthetic-eigengap,synthetic,block-hamiltonian,1,14,0.01,64,2000,True,plus,True,False,0.6387562253599035,0.625,0.6475096876015575,0.6336996336996337,0.649390243902439,1190.2439024390244,,15.28752589225769,,31,3,8,c9975de69f8651d303bc6c90c5d2fe6e6ebd42c1,False
complete,synthetic,synthetic-eigengap__synthetic__block-hamiltonian__L1__lr0.01__bs64__seed15,results/runs/synthetic/synthetic-eigengap__synthetic__block-hamiltonian__L1__lr0.01__bs64__seed15_seed15,synthetic-eigengap,synthetic,block-hamiltonian,1,15,0.01,64,2000,True,plus,True,False,0.6409866984642211,0.6219512195121951,0.6492760564181426,0.6263736263736264,0.6646341463414634,1194.8170731707319,,17.999650716781616,,31,3,8,c9975de69f8651d303bc6c90c5d2fe6e6ebd42c1,False
complete,synthetic,synthetic-eigengap__synthetic__block-hamiltonian__L1__lr0.01__bs64__seed16,results/runs/synthetic/synthetic-eigengap__synthetic__block-hamiltonian__L1__lr0.01__bs64__seed16_seed16,synthetic-eigengap,synthetic,block-hamiltonian,1,16,0.01,64,2000,True,plus,True,False,0.6391529205649721,0.6189024390243902,0.6480208425698549,0.6324786324786325,0.6432926829268293,1186.280487804878,,15.963061332702637,,31,3,8,c9975de69f8651d303bc6c90c5d2fe6e6ebd42c1,False
complete,synthetic,synthetic-eigengap__synthetic__block-hamiltonian__L1__lr0.01__bs64__seed17,results/runs/synthetic/synthetic-eigengap__synthetic__block-hamiltonian__L1__lr0.01__bs64__seed17_seed17,synthetic-eigengap,synthetic,block-hamiltonian,1,17,0.01,64,2000,True,plus,True,False,0.6435318961250451,0.6097560975609756,0.6496978408127241,0.6324786324786325,0.649390243902439,1196.1890243902442,,15.722387552261353,,31,3,8,c9975de69f8651d303bc6c90c5d2fe6e6ebd42c1,False
complete,synthetic,synthetic-eigengap__synthetic__block-hamiltonian__L1__lr0.01__bs64__seed18,results/runs/synthetic/synthetic-eigengap__synthetic__block-hamiltonian__L1__lr0.01__bs64__seed18_seed18,synthetic-eigengap,synthetic,block-hamiltonian,1,18,0.01,64,2000,True,plus,True,False,0.6377700066014169,0.6280487804878049,0.6479508337173735,0.6349206349206349,0.6554878048780488,1193.140243902439,,16.622769832611084,,31,3,8,c9975de69f8651d303bc6c90c5d2fe6e6ebd42c1,False
complete,synthetic,synthetic-eigengap__synthetic__block-hamiltonian__L1__lr0.01__bs64__seed19,results/runs/synthetic/synthetic-eigengap__synthetic__block-hamiltonian__L1__lr0.01__bs64__seed19_seed19,synthetic-eigengap,synthetic,block-hamiltonian,1,19,0.01,64,2000,True,plus,True,False,0.6390707862591692,0.6280487804878049,0.6483415869047059,0.6336996336996337,0.649390243902439,1189.4817073170732,,15.673208713531494,,31,3,8,c9975de69f8651d303bc6c90c5d2fe6e6ebd42c1,False
complete,synthetic,synthetic-eigengap__synthetic__block-hamiltonian__L1__lr0.01__bs64__seed1,results/runs/synthetic/synthetic-eigengap__synthetic__block-hamiltonian__L1__lr0.01__bs64__seed1_seed1,synthetic-eigengap,synthetic,block-hamiltonian,1,1,0.01,64,2000,True,plus,True,False,0.637178911679427,0.6371951219512195,0.6478315900117628,0.6275946275946276,0.6524390243902439,1194.969512195122,,16.24549961090088,,31,3,8,c9975de69f8651d303bc6c90c5d2fe6e6ebd42c1,False
complete,synthetic,synthetic-eigengap__synthetic__block-hamiltonian__L1__lr0.01__bs64__seed2,results/runs/synthetic/synthetic-eigengap__synthetic__block-hamiltonian__L1__lr0.01__bs64__seed2_seed2,synthetic-eigengap,synthetic,block-hamiltonian,1,2,0.01,64,2000,True,plus,True,False,0.6385039726029093,0.6310975609756098,0.6477252708958287,0.63003663003663,0.6585365853658537,1194.05487804878,,15.433469772338867,,31,3,8,c9975de69f8651d303bc6c90c5d2fe6e6ebd42c1,False
complete,synthetic,synthetic-eigengap__synthetic__block-hamiltonian__L1__lr0.01__bs64__seed3,results/runs/synthetic/synthetic-eigengap__synthetic__block-hamiltonian__L1__lr0.01__bs64__seed3_seed3,synthetic-eigengap,synthetic,block-hamiltonian,1,3,0.01,64,2000,True,plus,True,False,0.6385906234904593,0.6280487804878049,0.6482910706435706,0.6336996336996337,0.6371951219512195,1189.7865853658536,,16.920621871948242,,31,3,8,c9975de69f8651d303bc6c90c5d2fe6e6ebd42c1,False
complete,synthetic,synthetic-eigengap__synthetic__block-hamiltonian__L1__lr0.01__bs64__seed4,results/runs/synthetic/synthetic-eigengap__synthetic__block-hamiltonian__L1__lr0.01__bs64__seed4_seed4,synthetic-eigengap,synthetic,block-hamiltonian,1,4,0.01,64,2000,True,plus,True,False,0.6369436783820752,0.6341463414634146,0.6485150109752706,0.6324786324786325,0.6432926829268293,1193.75,,15.20592451095581,,31,3,8,c9975de69f8651d303bc6c90c5d2fe6e6ebd42c1,False
complete,synthetic,synthetic-eigengap__synthetic__block-hamiltonian__L1__lr0.01__bs64__seed5,results/runs/synthetic/synthetic-eigengap__synthetic__block-hamiltonian__L1__lr0.01__bs64__seed5_seed5,synthetic-eigengap,synthetic,block-hamiltonian,1,5,0.01,64,2000,True,plus,True,False,0.6378609375305955,0.625,0.6473738687061447,0.6336996336996337,0.6524390243902439,1193.7500000000002,,17.525368213653564,,31,3,8,c9975de69f8651d303bc6c90c5d2fe6e6ebd42c1,False
complete,synthetic,synthetic-eigengap__synthetic__block-hamiltonian__L1__lr0.01__bs64__seed6,results/runs/synthetic/synthetic-eigengap__synthetic__block-hamiltonian__L1__lr0.01__bs64__seed6_seed6,synthetic-eigengap,synthetic,block-hamiltonian,1,6,0.01,64,2000,True,plus,True,False,0.6409587750916098,0.6158536585365854,0.648794321180732,0.6178266178266179,0.6615853658536586,1191.615853658537,,17.10811161994934,,31,3,8,c9975de69f8651d303bc6c90c5d2fe6e6ebd42c1,False
complete,synthetic,synthetic-eigengap__synthetic__block-hamiltonian__L1__lr0.01__bs64__seed7,results/runs/synthetic/synthetic-eigengap__synthetic__block-hamiltonian__L1__lr0.01__bs64__seed7_seed7,synthetic-eigengap,synthetic,block-hamiltonian,1,7,0.01,64,2000,True,plus,True,False,0.639349902414454,0.6158536585365854,0.647445215486348,0.63003663003663,0.649390243902439,1191.3109756097563,,16.03833270072937,,31,3,8,c9975de69f8651d303bc6c90c5d2fe6e6ebd42c1,False
complete,synthetic,synthetic-eigengap__synthetic__block-hamiltonian__L1__lr0.01__bs64__seed8,results/runs/synthetic/synthetic-eigengap__synthetic__block-hamiltonian__L1__lr0.01__bs64__seed8_seed8,synthetic-eigengap,synthetic,block-hamiltonian,1,8,0.01,64,2000,True,plus,True,False,0.6394074578095547,0.625,0.6483785365851336,0.6336996336996337,0.6432926829268293,1187.0426829268292,,14.939647912979126,,31,3,8,c9975de69f8651d303bc6c90c5d2fe6e6ebd42c1,False
complete,synthetic,synthetic-eigengap__synthetic__block-hamiltonian__L1__lr0.01__bs64__seed9,results/runs/synthetic/synthetic-eigengap__synthetic__block-hamiltonian__L1__lr0.01__bs64__seed9_seed9,synthetic-eigengap,synthetic,block-hamiltonian,1,9,0.01,64,2000,True,plus,True,False,0.6443191950350423,0.6219512195121951,0.6531150529797785,0.6178266178266179,0.6371951219512195,1181.859756097561,,15.354090213775635,,31,3,8,c9975de69f8651d303bc6c90c5d2fe6e6ebd42c1,False
complete,synthetic,synthetic-eigengap__synthetic__block-hamiltonian__L2__lr0.01__bs64__seed0,results/runs/synthetic/synthetic-eigengap__synthetic__block-hamiltonian__L2__lr0.01__bs64__seed0_seed0,synthetic-eigengap,synthetic,block-hamiltonian,2,0,0.01,64,2000,True,plus,True,False,0.5383926833142679,0.7469512195121951,0.560362193185202,0.706959706959707,0.7682926829268293,1421.4939024390246,,18.623526334762573,,62,3,8,5d760ef42d71a06acce4efdc9ed931be057f16a6,False
complete,synthetic,synthetic-eigengap__synthetic__block-hamiltonian__L2__lr0.01__bs64__seed10,results/runs/synthetic/synthetic-eigengap__synthetic__block-hamiltonian__L2__lr0.01__bs64__seed10_seed10,synthetic-eigengap,synthetic,block-hamiltonian,2,10,0.01,64,2000,True,plus,True,False,0.5377619116180143,0.7591463414634146,0.5595163807647525,0.717948717948718,0.7591463414634146,1391.3109756097558,,18.232848405838013,,62,3,8,5d760ef42d71a06acce4efdc9ed931be057f16a6,False
complete,synthetic,synthetic-eigengap__synthetic__block-hamiltonian__L2__lr0.01__bs64__seed11,results/runs/synthetic/synthetic-eigengap__synthetic__block-hamiltonian__L2__lr0.01__bs64__seed11_seed11,synthetic-eigengap,synthetic,block-hamiltonian,2,11,0.01,64,2000,True,plus,True,False,0.552192331933754,0.725609756097561,0.5787643541896246,0.6971916971916972,0.7682926829268293,1405.7926829268292,,20.700475692749023,,62,3,8,5d760ef42d71a06acce4efdc9ed931be057f16a6,False
complete,synthetic,synthetic-eigengap__synthetic__block-hamiltonian__L2__lr0.01__bs64__seed12,results/runs/synthetic/synthetic-eigengap__synthetic__block-hamiltonian__L2__lr0.01__bs64__seed12_seed12,synthetic-eigengap,synthetic,block-hamiltonian,2,12,0.01,64,2000,True,plus,True,False,0.5325716053780973,0.7560975609756098,0.5618560761549611,0.7094017094017094,0.7652439024390244,1414.4817073170734,,18.615602731704712,,62,3,8,5d760ef42d71a06acce4efdc9ed931be057f16a6,False
complete,synthetic,synthetic-eigengap__synthetic__block-hamiltonian__L2__lr0.01__bs64__seed13,results/runs/synthetic/synthetic-eigengap__synthetic__block-hamiltonian__L2__lr0.01__bs64__seed13_seed13,synthetic-eigengap,synthetic,block-hamiltonian,2,13,0.01,64,2000,True,plus,True,False,0.5383771187602764,0.7652439024390244,0.571125861746916,0.7106227106227107,0.7652439024390244,1426.829268292683,,20.151106119155884,,62,3,8,5d760ef42d71a06acce4efdc9ed931be057f16a6,False
complete,synthetic,synthetic-eigengap__synthetic__block-hamiltonian__L2__lr0.01__bs64__seed14,results/runs/synthetic/synthetic-eigengap__synthetic__block-hamiltonian__L2__lr0.01__bs64__seed14_seed14,synthetic-eigengap,synthetic,block-hamiltonian,2,14,0.01,64,2000,True,plus,True,False,0.5529608975847594,0.7286585365853658,0.5771452353483082,0.6959706959706959,0.7682926829268293,1417.6829268292686,,18.406338691711426,,62,3,8,5d760ef42d71a06acce4efdc9ed931be057f16a6,False
complete,synthetic,synthetic-eigengap__synthetic__block-hamiltonian__L2__lr0.01__bs64__seed15,results/runs/synthetic/synthetic-eigengap__synthetic__block-hamiltonian__L2__lr0.01__bs64__seed15_seed15,synthetic-eigengap,synthetic,block-hamiltonian,2,15,0.01,64,2000,True,plus,True,False,0.5530630190516845,0.7347560975609756,0.5815263235233675,0.6959706959706959,0.7621951219512195,1388.7195121951218,,19.91054940223694,,62,3,8,5d760ef42d71a06acce4efdc9ed931be057f16a6,False
complete,synthetic,synthetic-eigengap__synthetic__block-hamiltonian__L2__lr0.01__bs64__seed16,results/runs/synthetic/synthetic-eigengap__synthetic__block-hamiltonian__L2__lr0.01__bs64__seed16_seed16,synthetic-eigengap,synthetic,block-hamiltonian,2,16,0.01,64,2000,True,plus,True,False,0.5362793753400121,0.7469512195121951,0.5604510359510689,0.7032967032967034,0.774390243902439,1424.0853658536582,,18.798890590667725,,62,3,8,5d760ef42d71a06acce4efdc9ed931be057f16a6,False
complete,synthetic,synthetic-eigengap__synthetic__block-hamiltonian__L2__lr0.01__bs64__seed17,results/runs/synthetic/synthetic-eigengap__synthetic__block-hamiltonian__L2__lr0.01__bs64__seed17_seed17,synthetic-eigengap,synthetic,block-hamiltonian,2,17,0.01,64,2000,True,plus,True,False,0.5446897082222951,0.7347560975609756,0.5638642432734534,0.7118437118437119,0.7652439024390244,1404.1158536585363,,20.064797163009644,,62,3,8,5d760ef42d71a06acce4efdc9ed931be057f16a6,False
complete,synthetic,synthetic-eigengap__synthetic__block-hamiltonian__L2__lr0.01__bs64__seed18,results/runs/synthetic/synthetic-eigengap__synthetic__block-hamiltonian__L2__lr0.01__bs64__seed18_seed18,synthetic-eigengap,synthetic,block-hamiltonian,2,18,0.01,64,2000,True,plus,True,False,0.550338091558792,0.7469512195121951,0.5747831975303515,0.702075702075702,0.7774390243902439,1404.878048780488,,18.82185196876526,,62,3,8,5d760ef42d71a06acce4efdc9ed931be057f16a6,False
complete,synthetic,synthetic-eigengap__synthetic__block-hamiltonian__L2__lr0.01__bs64__seed19,results/runs/synthetic/synthetic-eigengap__synthetic__block-hamiltonian__L2__lr0.01__bs64__seed19_seed19,synthetic-eigengap,synthetic,block-hamiltonian,2,19,0.01,64,2000,True,plus,True,False,0.5354092569511727,0.7317073170731707,0.563172591514644,0.7057387057387058,0.7560975609756098,1413.2621951219512,,20.29714608192444,,62,3,8,5d760ef42d71a06acce4efdc9ed931be057f16a6,False
complete,synthetic,synthetic-eigengap__synthetic__block-hamiltonian__L2__lr0.01__bs64__seed1,results/runs/synthetic/synthetic-eigengap__synthetic__block-hamiltonian__L2__lr0.01__bs64__seed1_seed1,synthetic-eigengap,synthetic,block-hamiltonian,2,1,0.01,64,2000,True,plus,True,False,0.5449829186811256,0.7286585365853658,0.5738258245290666,0.7081807081807082,0.7682926829268293,1412.3475609756097,,20.32413673400879,,62,3,8,5d760ef42d71a06acce4efdc9ed931be057f16a6,False
complete,synthetic,synthetic-eigengap__synthetic__block-hamiltonian__L2__lr0.01__bs64__seed2,results/runs/synthetic/synthetic-eigengap__synthetic__block-hamiltonian__L2__lr0.01__bs64__seed2_seed2,synthetic-eigengap,synthetic,block-hamiltonian,2,2,0.01,64,2000,True,plus,True,False,0.5328440501226114,0.7560975609756098,0.5612163842154988,0.7081807081807082,0.7560975609756098,1400.3048780487807,,19.38998246192932,,62,3,8,5d760ef42d71a06acce4efdc9ed931be057f16a6,False
complete,synthetic,synthetic-eigengap__synthetic__block-hamiltonian__L2__lr0.01__bs64__seed3,results/runs/synthetic/synthetic-eigengap__synthetic__block-hamiltonian__L2__lr0.01__bs64__seed3_seed3,synthetic-eigengap,synthetic,block-hamiltonian,2,3,0.01,64,2000,True,plus,True,False,0.5433169202887485,0.7347560975609756,0.5615846584812604,0.7142857142857143,0.774390243902439,1415.2439024390244,,19.739887714385986,,62,3,8,5d760ef42d71a06acce4efdc9ed931be057f16a6,False
complete,synthetic,synthetic-eigengap__synthetic__block-hamiltonian__L2__lr0.01__bs64__seed4,results/runs/synthetic/synthetic-eigengap__synthetic__block-hamiltonian__L2__lr0.01__bs64__seed4_seed4,synthetic-eigengap,synthetic,block-hamiltonian,2,4,0.01,64,2000,True,plus,True,False,0.5385848347161335,0.75,0.5667599766313669,0.7142857142857143,0.7713414634146342,1416.6158536585365,,20.400402784347534,,62,3,8,5d760ef42d71a06acce4efdc9ed931be057f16a6,False
complete,synthetic,synthetic-eigengap__synthetic__block-hamiltonian__L2__lr0.01__bs64__seed5,results/runs/synthetic/synthetic-eigengap__synthetic__block-hamiltonian__L2__lr0.01__bs64__seed5_seed5,synthetic-eigengap,synthetic,block-hamiltonian,2,5,0.01,64,2000,True,plus,True,False,0.5389638723314218,0.7591463414634146,0.5669642719090437,0.7094017094017094,0.7621951219512195,1394.512195121951,,18.66012740135193,,62,3,8,5d760ef42d71a06acce4efdc9ed931be057f16a6,False
complete,synthetic,synthetic-eigengap__synthetic__block-hamiltonian__L2__lr0.01__bs64__seed6,results/runs/synthetic/synthetic-eigengap__synthetic__block-hamiltonian__L2__lr0.01__bs64__seed6_seed6,synthetic-eigengap,synthetic,block-hamiltonian,2,6,0.01,64,2000,True,plus,True,False,0.5391277771535183,0.7469512195121951,0.560241956798689,0.706959706959707,0.7530487804878049,1403.8109756097558,,20.469791412353516,,62,3,8,5d760ef42d71a06acce4efdc9ed931be057f16a6,False
complete,synthetic,synthetic-eigengap__synthetic__block-hamiltonian__L2__lr0.01__bs64__seed7,results/runs/synthetic/synthetic-eigengap__synthetic__block-hamiltonian__L2__lr0.01__bs64__seed7_seed7,synthetic-eigengap,synthetic,block-hamiltonian,2,7,0.01,64,2000,True,plus,True,False,0.5549455968823825,0.7408536585365854,0.5750455087762524,0.684981684981685,0.7408536585365854,1367.530487804878,,18.92425012588501,,62,3,8,5d760ef42d71a06acce4efdc9ed931be057f16a6,False
complete,synthetic,synthetic-eigengap__synthetic__block-hamiltonian__L2__lr0.01__bs64__seed8,results/runs/synthetic/synthetic-eigengap__synthetic__block-hamiltonian__L2__lr0.01__bs64__seed8_seed8,synthetic-eigengap,synthetic,block-hamiltonian,2,8,0.01,64,2000,True,plus,True,False,0.5378637419284322,0.7469512195121951,0.5642677861215402,0.7045177045177046,0.7560975609756098,1416.6158536585365,,20.30936861038208,,62,3,8,5d760ef42d71a06acce4efdc9ed931be057f16a6,False
complete,synthetic,synthetic-eigengap__synthetic__block-hamiltonian__L2__lr0.01__bs64__seed9,results/runs/synthetic/synthetic-eigengap__synthetic__block-hamiltonian__L2__lr0.01__bs64__seed9_seed9,synthetic-eigengap,synthetic,block-hamiltonian,2,9,0.01,64,2000,True,plus,True,False,0.541453616289426,0.75,0.5619860236430567,0.7167277167277167,0.7682926829268293,1421.3414634146343,,18.808841705322266,,62,3,8,5d760ef42d71a06acce4efdc9ed931be057f16a6,False
complete,synthetic,synthetic-eigengap__synthetic__block-hamiltonian__L32__lr0.01__bs64__seed0,results/runs/synthetic/synthetic-eigengap__synthetic__block-hamiltonian__L32__lr0.01__bs64__seed0_seed0,synthetic-eigengap,synthetic,block-hamiltonian,32,0,0.01,64,2000,True,plus,True,False,0.36217461374541526,0.8384146341463414,0.3643483203627336,0.8791208791208791,0.8871951219512195,1524.6951219512196,,161.25875234603882,,992,3,8,5d760ef42d71a06acce4efdc9ed931be057f16a6,False
complete,synthetic,synthetic-eigengap__synthetic__block-hamiltonian__L32__lr0.01__bs64__seed10,results/runs/synthetic/synthetic-eigengap__synthetic__block-hamiltonian__L32__lr0.01__bs64__seed10_seed10,synthetic-eigengap,synthetic,block-hamiltonian,32,10,0.01,64,2000,True,plus,True,False,0.41532784995387584,0.8292682926829268,0.42069747066456714,0.833943833943834,0.8353658536585366,1366.0060975609756,,124.05181694030762,,992,3,8,457b0468ba5f023a4a9f38816dbca0899481d04d,False
complete,synthetic,synthetic-eigengap__synthetic__block-hamiltonian__L32__lr0.01__bs64__seed11,results/runs/synthetic/synthetic-eigengap__synthetic__block-hamiltonian__L32__lr0.01__bs64__seed11_seed11,synthetic-eigengap,synthetic,block-hamiltonian,32,11,0.01,64,2000,True,plus,True,False,0.38974121769182574,0.8536585365853658,0.4063362584742148,0.8315018315018315,0.8536585365853658,1519.6646341463415,,124.49223470687866,,992,3,8,457b0468ba5f023a4a9f38816dbca0899481d04d,False
complete,synthetic,synthetic-eigengap__synthetic__block-hamiltonian__L32__lr0.01__bs64__seed12,results/runs/synthetic/synthetic-eigengap__synthetic__block-hamiltonian__L32__lr0.01__bs64__seed12_seed12,synthetic-eigengap,synthetic,block-hamiltonian,32,12,0.01,64,2000,True,plus,True,False,0.38255788158266696,0.8658536585365854,0.39109114702299674,0.8559218559218559,0.8689024390243902,1524.3902439024387,,123.46671843528748,,992,3,8,457b0468ba5f023a4a9f38816dbca0899481d04d,False
complete,synthetic,synthetic-eigengap__synthetic__block-hamiltonian__L32__lr0.01__bs64__seed13,results/runs/synthetic/synthetic-eigengap__synthetic__block-hamiltonian__L32__lr0.01__bs64__seed13_seed13,synthetic-eigengap,synthetic,block-hamiltonian,32,13,0.01,64,2000,True,plus,True,False,0.36107664736246203,0.875,0.3768195108274607,0.8705738705738706,0.9024390243902439,1555.3353658536587,,121.80039572715759,,992,3,8,457b0468ba5f023a4a9f38816dbca0899481d04d,False
complete,synthetic,synthetic-eigengap__synthetic__block-hamiltonian__L32__lr0.01__bs64__seed14,results/runs/synthetic/synthetic-eigengap__synthetic__block-hamiltonian__L32__lr0.01__bs64__seed14_seed14,synthetic-eigengap,synthetic,block-hamiltonian,32,14,0.01,64,2000,True,plus,True,False,0.36470669861763416,0.8689024390243902,0.3780898757278375,0.8669108669108669,0.8780487804878049,1548.9329268292681,,123.82422518730164,,992,3,8,457b0468ba5f023a4a9f38816dbca0899481d04d,False
complete,synthetic,synthetic-eigengap__synthetic__block-hamiltonian__L32__lr0.01__bs64__seed15,results/runs/synthetic/synthetic-eigengap__synthetic__block-hamiltonian__L32__lr0.01__bs64__seed15_seed15,synthetic-eigengap,synthetic,block-hamiltonian,32,15,0.01,64,2000,True,plus,True,False,0.41242806344024996,0.8323170731707317,0.4189115092623999,0.8327228327228328,0.850609756097561,1501.6768292682925,,123.8145649433136,,992,3,8,457b0468ba5f023a4a9f38816dbca0899481d04d,False
complete,synthetic,synthetic-eigengap__synthetic__block-hamiltonian__L32__lr0.01__bs64__seed16,results/runs/synthetic/synthetic-eigengap__synthetic__block-hamiltonian__L32__lr0.01__bs64__seed16_seed16,synthetic-eigengap,synthetic,block-hamiltonian,32,16,0.01,64,2000,True,plus,True,False,0.3642211963442914,0.8719512195121951,0.379441656182597,0.8766788766788767,0.8932926829268293,1584.6036585365853,,121.39172291755676,,992,3,8,457b0468ba5f023a4a9f38816dbca0899481d04d,False
complete,synthetic,synthetic-eigengap__synthetic__block-hamiltonian__L32__lr0.01__bs64__seed17,results/runs/synthetic/synthetic-eigengap__synthetic__block-hamiltonian__L32__lr0.01__bs64__seed17_seed17,synthetic-eigengap,synthetic,block-hamiltonian,32,17,0.01,64,2000,True,plus,True,False,0.3966657063098252,0.850609756097561,0.40924416982323764,0.8424908424908425,0.850609756097561,1441.1585365853662,,122.38111686706543,,992,3,8,457b0468ba5f023a4a9f38816dbca0899481d04d,False
complete,synthetic,synthetic-eigengap__synthetic__block-hamiltonian__L32__lr0.01__bs64__seed18,results/runs/synthetic/synthetic-eigengap__synthetic__block-hamiltonian__L32__lr0.01__bs64__seed18_seed18,synthetic-eigengap,synthetic,block-hamiltonian,32,18,0.01,64,2000,True,plus,True,False,0.3919924646009026,0.850609756097561,0.4092908080894822,0.8473748473748474,0.850609756097561,1501.829268292683,,124.49208974838257,,992,3,8,457b0468ba5f023a4a9f38816dbca0899481d04d,False
complete,synthetic,synthetic-eigengap__synthetic__block-hamiltonian__L32__lr0.01__bs64__seed19,results/runs/synthetic/synthetic-eigengap__synthetic__block-hamiltonian__L32__lr0.01__bs64__seed19_seed19,synthetic-eigengap,synthetic,block-hamiltonian,32,19,0.01,64,2000,True,plus,True,False,0.42104428282247564,0.8384146341463414,0.41719677619456214,0.833943833943834,0.8597560975609756,1525.0,,125.10374522209167,,992,3,8,457b0468ba5f023a4a9f38816dbca0899481d04d,False
complete,synthetic,synthetic-eigengap__synthetic__block-hamiltonian__L32__lr0.01__bs64__seed1,results/runs/synthetic/synthetic-eigengap__synthetic__block-hamiltonian__L32__lr0.01__bs64__seed1_seed1,synthetic-eigengap,synthetic,block-hamiltonian,32,1,0.01,64,2000,True,plus,True,False,0.3297756431275653,0.9024390243902439,0.3430932974390432,0.884004884004884,0.9115853658536586,1636.280487804878,,209.62474417686462,,992,3,8,5d760ef42d71a06acce4efdc9ed931be057f16a6,False
complete,synthetic,synthetic-eigengap__synthetic__block-hamiltonian__L32__lr0.01__bs64__seed2,results/runs/synthetic/synthetic-eigengap__synthetic__block-hamiltonian__L32__lr0.01__bs64__seed2_seed2,synthetic-eigengap,synthetic,block-hamiltonian,32,2,0.01,64,2000,True,plus,True,False,0.44973324197817344,0.8262195121951219,0.4473021352135788,0.8168498168498168,0.8567073170731707,1447.560975609756,,123.50931072235107,,992,3,8,457b0468ba5f023a4a9f38816dbca0899481d04d,False
complete,synthetic,synthetic-eigengap__synthetic__block-hamiltonian__L32__lr0.01__bs64__seed3,results/runs/synthetic/synthetic-eigengap__synthetic__block-hamiltonian__L32__lr0.01__bs64__seed3_seed3,synthetic-eigengap,synthetic,block-hamiltonian,32,3,0.01,64,2000,True,plus,True,False,0.35159114314661516,0.875,0.36187953780337206,0.8717948717948718,0.8780487804878049,1542.5304878048778,,122.13966488838196,,992,3,8,457b0468ba5f023a4a9f38816dbca0899481d04d,False
complete,synthetic,synthetic-eigengap__synthetic__block-hamiltonian__L32__lr0.01__bs64__seed4,results/runs/synthetic/synthetic-eigengap__synthetic__block-hamiltonian__L32__lr0.01__bs64__seed4_seed4,synthetic-eigengap,synthetic,block-hamiltonian,32,4,0.01,64,2000,True,plus,True,False,0.3485459311375808,0.8810975609756098,0.35214564591347114,0.8791208791208791,0.8810975609756098,1573.018292682927,,121.90772724151611,,992,3,8,457b0468ba5f023a4a9f38816dbca0899481d04d,False
complete,synthetic,synthetic-eigengap__synthetic__block-hamiltonian__L32__lr0.01__bs64__seed5,results/runs/synthetic/synthetic-eigengap__synthetic__block-hamiltonian__L32__lr0.01__bs64__seed5_seed5,synthetic-eigengap,synthetic,block-hamiltonian,32,5,0.01,64,2000,True,plus,True,False,0.3876523588693563,0.8689024390243902,0.4113486283677383,0.8534798534798534,0.8780487804878049,1549.6951219512196,,123.40446996688843,,992,3,8,457b0468ba5f023a4a9f38816dbca0899481d04d,False
complete,synthetic,synthetic-eigengap__synthetic__block-hamiltonian__L32__lr0.01__bs64__seed6,results/runs/synthetic/synthetic-eigengap__synthetic__block-hamiltonian__L32__lr0.01__bs64__seed6_seed6,synthetic-eigengap,synthetic,block-hamiltonian,32,6,0.01,64,2000,True,plus,True,False,0.47202815754178035,0.823170731707317,0.45729598787642334,0.8241758241758241,0.8536585365853658,1491.3109756097563,,124.6862165927887,,992,3,8,457b0468ba5f023a4a9f38816dbca0899481d04d,False
complete,synthetic,synthetic-eigengap__synthetic__block-hamiltonian__L32__lr0.01__bs64__seed7,results/runs/synthetic/synthetic-eigengap__synthetic__block-hamiltonian__L32__lr0.01__bs64__seed7_seed7,synthetic-eigengap,synthetic,block-hamiltonian,32,7,0.01,64,2000,True,plus,True,False,0.43413008490120153,0.8414634146341463,0.43028655268337185,0.8107448107448108,0.8597560975609756,1492.5304878048778,,122.74745845794678,,992,3,8,457b0468ba5f023a4a9f38816dbca0899481d04d,False
complete,synthetic,synthetic-eigengap__synthetic__block-hamiltonian__L32__lr0.01__bs64__seed8,results/runs/synthetic/synthetic-eigengap__synthetic__block-hamiltonian__L32__lr0.01__bs64__seed8_seed8,synthetic-eigengap,synthetic,block-hamiltonian,32,8,0.01,64,2000,True,plus,True,False,0.34178324486632394,0.8902439024390244,0.3462428922565634,0.8864468864468864,0.8932926829268293,1580.0304878048778,,124.27268695831299,,992,3,8,457b0468ba5f023a4a9f38816dbca0899481d04d,False
complete,synthetic,synthetic-eigengap__synthetic__block-hamiltonian__L32__lr0.01__bs64__seed9,results/runs/synthetic/synthetic-eigengap__synthetic__block-hamiltonian__L32__lr0.01__bs64__seed9_seed9,synthetic-eigengap,synthetic,block-hamiltonian,32,9,0.01,64,2000,True,plus,True,False,0.4075214505094223,0.8475609756097561,0.43319307430343834,0.8327228327228328,0.8689024390243902,1521.9512195121954,,123.9703996181488,,992,3,8,457b0468ba5f023a4a9f38816dbca0899481d04d,False
complete,synthetic,synthetic-eigengap__synthetic__block-hamiltonian__L4__lr0.01__bs64__seed0,results/runs/synthetic/synthetic-eigengap__synthetic__block-hamiltonian__L4__lr0.01__bs64__seed0_seed0,synthetic-eigengap,synthetic,block-hamiltonian,4,0,0.01,64,2000,True,plus,True,False,0.43597733186761295,0.8079268292682927,0.47101851465115435,0.7753357753357754,0.8384146341463414,1547.1036585365853,,25.547542572021484,,124,3,8,457b0468ba5f023a4a9f38816dbca0899481d04d,False
complete,synthetic,synthetic-eigengap__synthetic__block-hamiltonian__L4__lr0.01__bs64__seed10,results/runs/synthetic/synthetic-eigengap__synthetic__block-hamiltonian__L4__lr0.01__bs64__seed10_seed10,synthetic-eigengap,synthetic,block-hamiltonian,4,10,0.01,64,2000,True,plus,True,False,0.4371250248607444,0.8048780487804879,0.4600380608816853,0.7851037851037851,0.8384146341463414,1539.1768292682925,,25.623413562774658,,124,3,8,457b0468ba5f023a4a9f38816dbca0899481d04d,False
complete,synthetic,synthetic-eigengap__synthetic__block-hamiltonian__L4__lr0.01__bs64__seed11,results/runs/synthetic/synthetic-eigengap__synthetic__block-hamiltonian__L4__lr0.01__bs64__seed11_seed11,synthetic-eigengap,synthetic,block-hamiltonian,4,11,0.01,64,2000,True,plus,True,False,0.4571311942687834,0.7987804878048781,0.4700646120152204,0.7777777777777778,0.823170731707317,1511.5853658536585,,25.293477296829224,,124,3,8,457b0468ba5f023a4a9f38816dbca0899481d04d,False
complete,synthetic,synthetic-eigengap__synthetic__block-hamiltonian__L4__lr0.01__bs64__seed12,results/runs/synthetic/synthetic-eigengap__synthetic__block-hamiltonian__L4__lr0.01__bs64__seed12_seed12,synthetic-eigengap,synthetic,block-hamiltonian,4,12,0.01,64,2000,True,plus,True,False,0.4547063749678376,0.7835365853658537,0.47578323471375594,0.7741147741147741,0.8048780487804879,1494.3597560975609,,26.781609058380127,,124,3,8,457b0468ba5f023a4a9f38816dbca0899481d04d,False
complete,synthetic,synthetic-eigengap__synthetic__block-hamiltonian__L4__lr0.01__bs64__seed13,results/runs/synthetic/synthetic-eigengap__synthetic__block-hamiltonian__L4__lr0.01__bs64__seed13_seed13,synthetic-eigengap,synthetic,block-hamiltonian,4,13,0.01,64,2000,True,plus,True,False,0.47099079344748745,0.7957317073170732,0.46218343263140244,0.7863247863247863,0.8079268292682927,1493.75,,25.859354734420776,,124,3,8,457b0468ba5f023a4a9f38816dbca0899481d04d,False
complete,synthetic,synthetic-eigengap__synthetic__block-hamiltonian__L4__lr0.01__bs64__seed14,results/runs/synthetic/synthetic-eigengap__synthetic__block-hamiltonian__L4__lr0.01__bs64__seed14_seed14,synthetic-eigengap,synthetic,block-hamiltonian,4,14,0.01,64,2000,True,plus,True,False,0.4546461891558706,0.7926829268292683,0.4654961042694788,0.7875457875457875,0.8140243902439024,1512.957317073171,,27.40361189842224,,124,3,8,457b0468ba5f023a4a9f38816dbca0899481d04d,False
complete,synthetic,synthetic-eigengap__synthetic__block-hamiltonian__L4__lr0.01__bs64__seed15,results/runs/synthetic/synthetic-eigengap__synthetic__block-hamiltonian__L4__lr0.01__bs64__seed15_seed15,synthetic-eigengap,synthetic,block-hamiltonian,4,15,0.01,64,2000,True,plus,True,False,0.4445614805181246,0.7865853658536586,0.4648922184744855,0.7765567765567766,0.8109756097560976,1487.5,,23.81940269470215,,124,3,8,457b0468ba5f023a4a9f38816dbca0899481d04d,False
complete,synthetic,synthetic-eigengap__synthetic__block-hamiltonian__L4__lr0.01__bs64__seed16,results/runs/synthetic/synthetic-eigengap__synthetic__block-hamiltonian__L4__lr0.01__bs64__seed16_seed16,synthetic-eigengap,synthetic,block-hamiltonian,4,16,0.01,64,2000,True,plus,True,False,0.4685423244732345,0.7774390243902439,0.45691939118465247,0.7912087912087912,0.8048780487804879,1478.2012195121952,,26.395326614379883,,124,3,8,457b0468ba5f023a4a9f38816dbca0899481d04d,False
complete,synthetic,synthetic-eigengap__synthetic__block-hamiltonian__L4__lr0.01__bs64__seed17,results/runs/synthetic/synthetic-eigengap__synthetic__block-hamiltonian__L4__lr0.01__bs64__seed17_seed17,synthetic-eigengap,synthetic,block-hamiltonian,4,17,0.01,64,2000,True,plus,True,False,0.4708531157690128,0.7591463414634146,0.45824119268425123,0.800976800976801,0.7926829268292683,1467.2256097560976,,24.50679039955139,,124,3,8,457b0468ba5f023a4a9f38816dbca0899481d04d,False
complete,synthetic,synthetic-eigengap__synthetic__block-hamiltonian__L4__lr0.01__bs64__seed18,results/runs/synthetic/synthetic-eigengap__synthetic__block-hamiltonian__L4__lr0.01__bs64__seed18_seed18,synthetic-eigengap,synthetic,block-hamiltonian,4,18,0.01,64,2000,True,plus,True,False,0.42592937516268997,0.8170731707317073,0.45644264876884094,0.7936507936507936,0.8353658536585366,1537.3475609756097,,25.42389440536499,,124,3,8,457b0468ba5f023a4a9f38816dbca0899481d04d,False
complete,synthetic,synthetic-eigengap__synthetic__block-hamiltonian__L4__lr0.01__bs64__seed19,results/runs/synthetic/synthetic-eigengap__synthetic__block-hamiltonian__L4__lr0.01__bs64__seed19_seed19,synthetic-eigengap,synthetic,block-hamiltonian,4,19,0.01,64,2000,True,plus,True,False,0.45239831289768795,0.7957317073170732,0.47583106708100503,0.7765567765567766,0.8323170731707317,1524.3902439024391,,25.957714080810547,,124,3,8,457b0468ba5f023a4a9f38816dbca0899481d04d,False
complete,synthetic,synthetic-eigengap__synthetic__block-hamiltonian__L4__lr0.01__bs64__seed1,results/runs/synthetic/synthetic-eigengap__synthetic__block-hamiltonian__L4__lr0.01__bs64__seed1_seed1,synthetic-eigengap,synthetic,block-hamiltonian,4,1,0.01,64,2000,True,plus,True,False,0.45885518014945575,0.8140243902439024,0.4797372725048793,0.7777777777777778,0.823170731707317,1522.4085365853655,,24.173606157302856,,124,3,8,457b0468ba5f023a4a9f38816dbca0899481d04d,False
complete,synthetic,synthetic-eigengap__synthetic__block-hamiltonian__L4__lr0.01__bs64__seed2,results/runs/synthetic/synthetic-eigengap__synthetic__block-hamiltonian__L4__lr0.01__bs64__seed2_seed2,synthetic-eigengap,synthetic,block-hamiltonian,4,2,0.01,64,2000,True,plus,True,False,0.42618413159497315,0.8323170731707317,0.46053475680432404,0.8034188034188035,0.8414634146341463,1555.7926829268292,,23.942264080047607,,124,3,8,457b0468ba5f023a4a9f38816dbca0899481d04d,False
complete,synthetic,synthetic-eigengap__synthetic__block-hamiltonian__L4__lr0.01__bs64__seed3,results/runs/synthetic/synthetic-eigengap__synthetic__block-hamiltonian__L4__lr0.01__bs64__seed3_seed3,synthetic-eigengap,synthetic,block-hamiltonian,4,3,0.01,64,2000,True,plus,True,False,0.4632807992297833,0.7926829268292683,0.47976726277210285,0.7619047619047619,0.8201219512195121,1505.4878048780488,,26.10776138305664,,124,3,8,457b0468ba5f023a4a9f38816dbca0899481d04d,False
complete,synthetic,synthetic-eigengap__synthetic__block-hamiltonian__L4__lr0.01__bs64__seed4,results/runs/synthetic/synthetic-eigengap__synthetic__block-hamiltonian__L4__lr0.01__bs64__seed4_seed4,synthetic-eigengap,synthetic,block-hamiltonian,4,4,0.01,64,2000,True,plus,True,False,0.47186145354375786,0.7804878048780488,0.45811006828708034,0.796092796092796,0.8048780487804879,1468.9024390243908,,27.072695016860962,,124,3,8,457b0468ba5f023a4a9f38816dbca0899481d04d,False
complete,synthetic,synthetic-eigengap__synthetic__block-hamiltonian__L4__lr0.01__bs64__seed5,results/runs/synthetic/synthetic-eigengap__synthetic__block-hamiltonian__L4__lr0.01__bs64__seed5_seed5,synthetic-eigengap,synthetic,block-hamiltonian,4,5,0.01,64,2000,True,plus,True,False,0.4579167583409982,0.7896341463414634,0.45731242003376293,0.7814407814407814,0.823170731707317,1494.969512195122,,24.227832555770874,,124,3,8,457b0468ba5f023a4a9f38816dbca0899481d04d,False
complete,synthetic,synthetic-eigengap__synthetic__block-hamiltonian__L4__lr0.01__bs64__seed6,results/runs/synthetic/synthetic-eigengap__synthetic__block-hamiltonian__L4__lr0.01__bs64__seed6_seed6,synthetic-eigengap,synthetic,block-hamiltonian,4,6,0.01,64,2000,True,plus,True,False,0.4438101506821317,0.8323170731707317,0.48287690143788803,0.7826617826617827,0.8414634146341463,1547.2560975609758,,25.35148859024048,,124,3,8,457b0468ba5f023a4a9f38816dbca0899481d04d,False
complete,synthetic,synthetic-eigengap__synthetic__block-hamiltonian__L4__lr0.01__bs64__seed7,results/runs/synthetic/synthetic-eigengap__synthetic__block-hamiltonian__L4__lr0.01__bs64__seed7_seed7,synthetic-eigengap,synthetic,block-hamiltonian,4,7,0.01,64,2000,True,plus,True,False,0.4632905138579297,0.801829268292683,0.48626112459943904,0.7741147741147741,0.8262195121951219,1523.780487804878,,26.29957604408264,,124,3,8,457b0468ba5f023a4a9f38816dbca0899481d04d,False
complete,synthetic,synthetic-eigengap__synthetic__block-hamiltonian__L4__lr0.01__bs64__seed8,results/runs/synthetic/synthetic-eigengap__synthetic__block-hamiltonian__L4__lr0.01__bs64__seed8_seed8,synthetic-eigengap,synthetic,block-hamiltonian,4,8,0.01,64,2000,True,plus,True,False,0.4539388111827125,0.8079268292682927,0.46319865856392195,0.7973137973137974,0.8201219512195121,1527.4390243902437,,25.712306261062622,,124,3,8,457b0468ba5f023a4a9f38816dbca0899481d04d,False
complete,synthetic,synthetic-eigengap__synthetic__block-hamiltonian__L4__lr0.01__bs64__seed9,results/runs/synthetic/synthetic-eigengap__synthetic__block-hamiltonian__L4__lr0.01__bs64__seed9_seed9,synthetic-eigengap,synthetic,block-hamiltonian,4,9,0.01,64,2000,True,plus,True,False,0.4684423914430604,0.774390243902439,0.4668161599427999,0.7851037851037851,0.7865853658536586,1459.7560975609756,,24.480865478515625,,124,3,8,457b0468ba5f023a4a9f38816dbca0899481d04d,False
complete,synthetic,synthetic-eigengap__synthetic__block-hamiltonian__L8__lr0.01__bs64__seed0,results/runs/synthetic/synthetic-eigengap__synthetic__block-hamiltonian__L8__lr0.01__bs64__seed0_seed0,synthetic-eigengap,synthetic,block-hamiltonian,8,0,0.01,64,2000,True,plus,True,False,0.3554363286404806,0.8780487804878049,0.36659966182879183,0.8791208791208791,0.9024390243902439,1638.4146341463415,,137.26854968070984,,248,3,8,5d760ef42d71a06acce4efdc9ed931be057f16a6,False
complete,synthetic,synthetic-eigengap__synthetic__block-hamiltonian__L8__lr0.01__bs64__seed10,results/runs/synthetic/synthetic-eigengap__synthetic__block-hamiltonian__L8__lr0.01__bs64__seed10_seed10,synthetic-eigengap,synthetic,block-hamiltonian,8,10,0.01,64,2000,True,plus,True,False,0.3772229609076875,0.8597560975609756,0.40437799456249923,0.8290598290598291,0.8597560975609756,1584.1463414634147,,40.870229721069336,,248,3,8,457b0468ba5f023a4a9f38816dbca0899481d04d,False
complete,synthetic,synthetic-eigengap__synthetic__block-hamiltonian__L8__lr0.01__bs64__seed11,results/runs/synthetic/synthetic-eigengap__synthetic__block-hamiltonian__L8__lr0.01__bs64__seed11_seed11,synthetic-eigengap,synthetic,block-hamiltonian,8,11,0.01,64,2000,True,plus,True,False,0.3873955141236305,0.8323170731707317,0.3883941404718753,0.8290598290598291,0.8658536585365854,1566.310975609756,,40.86880540847778,,248,3,8,457b0468ba5f023a4a9f38816dbca0899481d04d,False
complete,synthetic,synthetic-eigengap__synthetic__block-hamiltonian__L8__lr0.01__bs64__seed12,results/runs/synthetic/synthetic-eigengap__synthetic__block-hamiltonian__L8__lr0.01__bs64__seed12_seed12,synthetic-eigengap,synthetic,block-hamiltonian,8,12,0.01,64,2000,True,plus,True,False,0.36683116226957235,0.8536585365853658,0.3999253669081111,0.8351648351648352,0.875,1582.469512195122,,38.37441444396973,,248,3,8,457b0468ba5f023a4a9f38816dbca0899481d04d,False
complete,synthetic,synthetic-eigengap__synthetic__block-hamiltonian__L8__lr0.01__bs64__seed13,results/runs/synthetic/synthetic-eigengap__synthetic__block-hamiltonian__L8__lr0.01__bs64__seed13_seed13,synthetic-eigengap,synthetic,block-hamiltonian,8,13,0.01,64,2000,True,plus,True,False,0.4148135618700006,0.8262195121951219,0.3992365557006398,0.8302808302808303,0.8414634146341463,1546.646341463415,,41.35076332092285,,248,3,8,457b0468ba5f023a4a9f38816dbca0899481d04d,False
complete,synthetic,synthetic-eigengap__synthetic__block-hamiltonian__L8__lr0.01__bs64__seed14,results/runs/synthetic/synthetic-eigengap__synthetic__block-hamiltonian__L8__lr0.01__bs64__seed14_seed14,synthetic-eigengap,synthetic,block-hamiltonian,8,14,0.01,64,2000,True,plus,True,False,0.388402727555622,0.8536585365853658,0.4154147726458886,0.818070818070818,0.8628048780487805,1569.512195121951,,38.611178398132324,,248,3,8,457b0468ba5f023a4a9f38816dbca0899481d04d,False
complete,synthetic,synthetic-eigengap__synthetic__block-hamiltonian__L8__lr0.01__bs64__seed15,results/runs/synthetic/synthetic-eigengap__synthetic__block-hamiltonian__L8__lr0.01__bs64__seed15_seed15,synthetic-eigengap,synthetic,block-hamiltonian,8,15,0.01,64,2000,True,plus,True,False,0.4130052833202307,0.8384146341463414,0.4346685527111129,0.8095238095238095,0.8475609756097561,1553.048780487805,,40.00444746017456,,248,3,8,457b0468ba5f023a4a9f38816dbca0899481d04d,False
complete,synthetic,synthetic-eigengap__synthetic__block-hamiltonian__L8__lr0.01__bs64__seed16,results/runs/synthetic/synthetic-eigengap__synthetic__block-hamiltonian__L8__lr0.01__bs64__seed16_seed16,synthetic-eigengap,synthetic,block-hamiltonian,8,16,0.01,64,2000,True,plus,True,False,0.35863480376371787,0.8689024390243902,0.39573407281693973,0.8400488400488401,0.8719512195121951,1615.5487804878046,,40.04573941230774,,248,3,8,457b0468ba5f023a4a9f38816dbca0899481d04d,False
complete,synthetic,synthetic-eigengap__synthetic__block-hamiltonian__L8__lr0.01__bs64__seed17,results/runs/synthetic/synthetic-eigengap__synthetic__block-hamiltonian__L8__lr0.01__bs64__seed17_seed17,synthetic-eigengap,synthetic,block-hamiltonian,8,17,0.01,64,2000,True,plus,True,False,0.3678475602128749,0.8536585365853658,0.3849700147431194,0.8485958485958486,0.8658536585365854,1591.6158536585365,,38.11742043495178,,248,3,8,457b0468ba5f023a4a9f38816dbca0899481d04d,False
complete,synthetic,synthetic-eigengap__synthetic__block-hamiltonian__L8__lr0.01__bs64__seed18,results/runs/synthetic/synthetic-eigengap__synthetic__block-hamiltonian__L8__lr0.01__bs64__seed18_seed18,synthetic-eigengap,synthetic,block-hamiltonian,8,18,0.01,64,2000,True,plus,True,False,0.3566138615051693,0.8567073170731707,0.36891460543550847,0.8534798534798534,0.8841463414634146,1605.1829268292686,,39.11196684837341,,248,3,8,457b0468ba5f023a4a9f38816dbca0899481d04d,False
complete,synthetic,synthetic-eigengap__synthetic__block-hamiltonian__L8__lr0.01__bs64__seed19,results/runs/synthetic/synthetic-eigengap__synthetic__block-hamiltonian__L8__lr0.01__bs64__seed19_seed19,synthetic-eigengap,synthetic,block-hamiltonian,8,19,0.01,64,2000,True,plus,True,False,0.40029003142900443,0.8323170731707317,0.3788170612449093,0.8608058608058609,0.8353658536585366,1544.2073170731708,,39.31822919845581,,248,3,8,457b0468ba5f023a4a9f38816dbca0899481d04d,False
complete,synthetic,synthetic-eigengap__synthetic__block-hamiltonian__L8__lr0.01__bs64__seed1,results/runs/synthetic/synthetic-eigengap__synthetic__block-hamiltonian__L8__lr0.01__bs64__seed1_seed1,synthetic-eigengap,synthetic,block-hamiltonian,8,1,0.01,64,2000,True,plus,True,False,0.3506576600312432,0.8902439024390244,0.3645191567854213,0.8778998778998779,0.8932926829268293,1583.0792682926829,,39.84825325012207,,248,3,8,457b0468ba5f023a4a9f38816dbca0899481d04d,False
complete,synthetic,synthetic-eigengap__synthetic__block-hamiltonian__L8__lr0.01__bs64__seed2,results/runs/synthetic/synthetic-eigengap__synthetic__block-hamiltonian__L8__lr0.01__bs64__seed2_seed2,synthetic-eigengap,synthetic,block-hamiltonian,8,2,0.01,64,2000,True,plus,True,False,0.39850649773271235,0.8536585365853658,0.40065246158502166,0.8290598290598291,0.8719512195121951,1566.0060975609754,,38.132386684417725,,248,3,8,457b0468ba5f023a4a9f38816dbca0899481d04d,False
complete,synthetic,synthetic-eigengap__synthetic__block-hamiltonian__L8__lr0.01__bs64__seed3,results/runs/synthetic/synthetic-eigengap__synthetic__block-hamiltonian__L8__lr0.01__bs64__seed3_seed3,synthetic-eigengap,synthetic,block-hamiltonian,8,3,0.01,64,2000,True,plus,True,False,0.3782245189249183,0.8628048780487805,0.3902590869418288,0.8522588522588522,0.8658536585365854,1580.6402439024387,,38.630964517593384,,248,3,8,457b0468ba5f023a4a9f38816dbca0899481d04d,False
complete,synthetic,synthetic-eigengap__synthetic__block-hamiltonian__L8__lr0.01__bs64__seed4,results/runs/synthetic/synthetic-eigengap__synthetic__block-hamiltonian__L8__lr0.01__bs64__seed4_seed4,synthetic-eigengap,synthetic,block-hamiltonian,8,4,0.01,64,2000,True,plus,True,False,0.3967816622888956,0.8475609756097561,0.4391298548824243,0.8034188034188035,0.8475609756097561,1541.1585365853662,,39.55504870414734,,248,3,8,457b0468ba5f023a4a9f38816dbca0899481d04d,False
complete,synthetic,synthetic-eigengap__synthetic__block-hamiltonian__L8__lr0.01__bs64__seed5,results/runs/synthetic/synthetic-eigengap__synthetic__block-hamiltonian__L8__lr0.01__bs64__seed5_seed5,synthetic-eigengap,synthetic,block-hamiltonian,8,5,0.01,64,2000,True,plus,True,False,0.3690874333040112,0.8780487804878049,0.38682310150447935,0.8559218559218559,0.8780487804878049,1582.164634146341,,40.9996817111969,,248,3,8,457b0468ba5f023a4a9f38816dbca0899481d04d,False
complete,synthetic,synthetic-eigengap__synthetic__block-hamiltonian__L8__lr0.01__bs64__seed6,results/runs/synthetic/synthetic-eigengap__synthetic__block-hamiltonian__L8__lr0.01__bs64__seed6_seed6,synthetic-eigengap,synthetic,block-hamiltonian,8,6,0.01,64,2000,True,plus,True,False,0.3656948891069393,0.8536585365853658,0.3868797050450465,0.8449328449328449,0.8567073170731707,1550.1524390243899,,39.41667294502258,,248,3,8,457b0468ba5f023a4a9f38816dbca0899481d04d,False
complete,synthetic,synthetic-eigengap__synthetic__block-hamiltonian__L8__lr0.01__bs64__seed7,results/runs/synthetic/synthetic-eigengap__synthetic__block-hamiltonian__L8__lr0.01__bs64__seed7_seed7,synthetic-eigengap,synthetic,block-hamiltonian,8,7,0.01,64,2000,True,plus,True,False,0.37111716304146974,0.875,0.38029529330683554,0.8620268620268621,0.875,1588.8719512195123,,38.90190505981445,,248,3,8,457b0468ba5f023a4a9f38816dbca0899481d04d,False
complete,synthetic,synthetic-eigengap__synthetic__block-hamiltonian__L8__lr0.01__bs64__seed8,results/runs/synthetic/synthetic-eigengap__synthetic__block-hamiltonian__L8__lr0.01__bs64__seed8_seed8,synthetic-eigengap,synthetic,block-hamiltonian,8,8,0.01,64,2000,True,plus,True,False,0.35430082423591946,0.8719512195121951,0.35470351615435664,0.8681318681318682,0.8841463414634146,1582.0121951219508,,38.12430143356323,,248,3,8,457b0468ba5f023a4a9f38816dbca0899481d04d,False
complete,synthetic,synthetic-eigengap__synthetic__block-hamiltonian__L8__lr0.01__bs64__seed9,results/runs/synthetic/synthetic-eigengap__synthetic__block-hamiltonian__L8__lr0.01__bs64__seed9_seed9,synthetic-eigengap,synthetic,block-hamiltonian,8,9,0.01,64,2000,True,plus,True,False,0.35125895112846,0.8902439024390244,0.36765647953440317,0.8620268620268621,0.9024390243902439,1648.628048780488,,40.0506386756897,,248,3,8,457b0468ba5f023a4a9f38816dbca0899481d04d,False
complete,synthetic,synthetic-eigengap__synthetic__fixed-ry-rz__L16__lr0.01__bs64__seed0,results/runs/synthetic/synthetic-eigengap__synthetic__fixed-ry-rz__L16__lr0.01__bs64__seed0_seed0,synthetic-eigengap,synthetic,fixed-ry-rz,16,0,0.01,64,2000,True,plus,True,False,0.5846966476042297,0.6859756097560976,0.6015761284499516,0.652014652014652,0.6890243902439024,1212.5000000000002,,1404.5795753002167,,3600,16,65536,457b0468ba5f023a4a9f38816dbca0899481d04d,False
complete,synthetic,synthetic-eigengap__synthetic__fixed-ry-rz__L16__lr0.01__bs64__seed10,results/runs/synthetic/synthetic-eigengap__synthetic__fixed-ry-rz__L16__lr0.01__bs64__seed10_seed10,synthetic-eigengap,synthetic,fixed-ry-rz,16,10,0.01,64,2000,True,plus,True,False,0.6020923794736762,0.6829268292682927,0.5969851080021843,0.6776556776556777,0.6890243902439024,1223.780487804878,,1408.1327650547028,,3600,16,65536,457b0468ba5f023a4a9f38816dbca0899481d04d,False
complete,synthetic,synthetic-eigengap__synthetic__fixed-ry-rz__L16__lr0.01__bs64__seed11,results/runs/synthetic/synthetic-eigengap__synthetic__fixed-ry-rz__L16__lr0.01__bs64__seed11_seed11,synthetic-eigengap,synthetic,fixed-ry-rz,16,11,0.01,64,2000,True,plus,True,False,0.5997331190367451,0.6646341463414634,0.5977529768967461,0.6764346764346765,0.6951219512195121,1197.2560975609756,,1402.4509418010712,,3600,16,65536,457b0468ba5f023a4a9f38816dbca0899481d04d,False
complete,synthetic,synthetic-eigengap__synthetic__fixed-ry-rz__L16__lr0.01__bs64__seed12,results/runs/synthetic/synthetic-eigengap__synthetic__fixed-ry-rz__L16__lr0.01__bs64__seed12_seed12,synthetic-eigengap,synthetic,fixed-ry-rz,16,12,0.01,64,2000,True,plus,True,False,0.5791945413666592,0.6890243902439024,0.6049770005344384,0.652014652014652,0.7012195121951219,1223.780487804878,,1405.1694078445435,,3600,16,65536,457b0468ba5f023a4a9f38816dbca0899481d04d,False
complete,synthetic,synthetic-eigengap__synthetic__fixed-ry-rz__L16__lr0.01__bs64__seed13,results/runs/synthetic/synthetic-eigengap__synthetic__fixed-ry-rz__L16__lr0.01__bs64__seed13_seed13,synthetic-eigengap,synthetic,fixed-ry-rz,16,13,0.01,64,2000,True,plus,True,False,0.6056094917992478,0.6646341463414634,0.5994778855925801,0.6678876678876678,0.6798780487804879,1222.408536585366,,1399.7785351276398,,3600,16,65536,457b0468ba5f023a4a9f38816dbca0899481d04d,False
complete,synthetic,synthetic-eigengap__synthetic__fixed-ry-rz__L16__lr0.01__bs64__seed14,results/runs/synthetic/synthetic-eigengap__synthetic__fixed-ry-rz__L16__lr0.01__bs64__seed14_seed14,synthetic-eigengap,synthetic,fixed-ry-rz,16,14,0.01,64,2000,True,plus,True,False,0.5883918422286675,0.6920731707317073,0.5926807621724188,0.6581196581196581,0.6920731707317073,1211.1280487804877,,1406.5407888889313,,3600,16,65536,457b0468ba5f023a4a9f38816dbca0899481d04d,False
complete,synthetic,synthetic-eigengap__synthetic__fixed-ry-rz__L16__lr0.01__bs64__seed15,results/runs/synthetic/synthetic-eigengap__synthetic__fixed-ry-rz__L16__lr0.01__bs64__seed15_seed15,synthetic-eigengap,synthetic,fixed-ry-rz,16,15,0.01,64,2000,True,plus,True,False,0.5780845078682002,0.7073170731707317,0.5997434870735113,0.6605616605616605,0.7073170731707317,1254.8780487804877,,1404.2546722888947,,3600,16,65536,457b0468ba5f023a4a9f38816dbca0899481d04d,False
complete,synthetic,synthetic-eigengap__synthetic__fixed-ry-rz__L16__lr0.01__bs64__seed16,results/runs/synthetic/synthetic-eigengap__synthetic__fixed-ry-rz__L16__lr0.01__bs64__seed16_seed16,synthetic-eigengap,synthetic,fixed-ry-rz,16,16,0.01,64,2000,True,plus,True,False,0.5985742677169076,0.6707317073170732,0.6161446047822361,0.6507936507936508,0.6890243902439024,1208.2317073170732,,1404.6218457221985,,3600,16,65536,457b0468ba5f023a4a9f38816dbca0899481d04d,False
complete,synthetic,synthetic-eigengap__synthetic__fixed-ry-rz__L16__lr0.01__bs64__seed17,results/runs/synthetic/synthetic-eigengap__synthetic__fixed-ry-rz__L16__lr0.01__bs64__seed17_seed17,synthetic-eigengap,synthetic,fixed-ry-rz,16,17,0.01,64,2000,True,plus,True,False,0.6136540637129861,0.6463414634146342,0.6131112258390808,0.6507936507936508,0.676829268292683,1209.298780487805,,1410.2655308246613,,3600,16,65536,457b0468ba5f023a4a9f38816dbca0899481d04d,False
complete,synthetic,synthetic-eigengap__synthetic__fixed-ry-rz__L16__lr0.01__bs64__seed18,results/runs/synthetic/synthetic-eigengap__synthetic__fixed-ry-rz__L16__lr0.01__bs64__seed18_seed18,synthetic-eigengap,synthetic,fixed-ry-rz,16,18,0.01,64,2000,True,plus,True,False,0.6020377198935523,0.6707317073170732,0.6108471590819445,0.652014652014652,0.6737804878048781,1200.3048780487807,,1405.5558741092682,,3600,16,65536,457b0468ba5f023a4a9f38816dbca0899481d04d,False
complete,synthetic,synthetic-eigengap__synthetic__fixed-ry-rz__L16__lr0.01__bs64__seed19,results/runs/synthetic/synthetic-eigengap__synthetic__fixed-ry-rz__L16__lr0.01__bs64__seed19_seed19,synthetic-eigengap,synthetic,fixed-ry-rz,16,19,0.01,64,2000,True,plus,True,False,0.5938438194733564,0.6859756097560976,0.6124037917388836,0.6568986568986569,0.6859756097560976,1184.298780487805,,1408.3531942367554,,3600,16,65536,457b0468ba5f023a4a9f38816dbca0899481d04d,False
complete,synthetic,synthetic-eigengap__synthetic__fixed-ry-rz__L16__lr0.01__bs64__seed1,results/runs/synthetic/synthetic-eigengap__synthetic__fixed-ry-rz__L16__lr0.01__bs64__seed1_seed1,synthetic-eigengap,synthetic,fixed-ry-rz,16,1,0.01,64,2000,True,plus,True,False,0.6060232795558574,0.6615853658536586,0.604585351842424,0.6544566544566545,0.7073170731707317,1203.6585365853657,,1402.3789887428284,,3600,16,65536,457b0468ba5f023a4a9f38816dbca0899481d04d,False
complete,synthetic,synthetic-eigengap__synthetic__fixed-ry-rz__L16__lr0.01__bs64__seed2,results/runs/synthetic/synthetic-eigengap__synthetic__fixed-ry-rz__L16__lr0.01__bs64__seed2_seed2,synthetic-eigengap,synthetic,fixed-ry-rz,16,2,0.01,64,2000,True,plus,True,False,0.5918802792609278,0.6737804878048781,0.6146823679158597,0.6471306471306472,0.6829268292682927,1226.829268292683,,1403.402452468872,,3600,16,65536,457b0468ba5f023a4a9f38816dbca0899481d04d,False
complete,synthetic,synthetic-eigengap__synthetic__fixed-ry-rz__L16__lr0.01__bs64__seed3,results/runs/synthetic/synthetic-eigengap__synthetic__fixed-ry-rz__L16__lr0.01__bs64__seed3_seed3,synthetic-eigengap,synthetic,fixed-ry-rz,16,3,0.01,64,2000,True,plus,True,False,0.6007798254394138,0.6798780487804879,0.6038669942851352,0.6507936507936508,0.6798780487804879,1220.579268292683,,1406.7254662513733,,3600,16,65536,457b0468ba5f023a4a9f38816dbca0899481d04d,False
complete,synthetic,synthetic-eigengap__synthetic__fixed-ry-rz__L16__lr0.01__bs64__seed4,results/runs/synthetic/synthetic-eigengap__synthetic__fixed-ry-rz__L16__lr0.01__bs64__seed4_seed4,synthetic-eigengap,synthetic,fixed-ry-rz,16,4,0.01,64,2000,True,plus,True,False,0.6196665241498603,0.6585365853658537,0.6119944681198232,0.6471306471306472,0.6615853658536586,1207.4695121951222,,1402.2452414035797,,3600,16,65536,457b0468ba5f023a4a9f38816dbca0899481d04d,False
complete,synthetic,synthetic-eigengap__synthetic__fixed-ry-rz__L16__lr0.01__bs64__seed5,results/runs/synthetic/synthetic-eigengap__synthetic__fixed-ry-rz__L16__lr0.01__bs64__seed5_seed5,synthetic-eigengap,synthetic,fixed-ry-rz,16,5,0.01,64,2000,True,plus,True,False,0.6026457340144981,0.6463414634146342,0.6090392314315124,0.645909645909646,0.6707317073170732,1211.5853658536585,,1402.89084982872,,3600,16,65536,457b0468ba5f023a4a9f38816dbca0899481d04d,False
complete,synthetic,synthetic-eigengap__synthetic__fixed-ry-rz__L16__lr0.01__bs64__seed6,results/runs/synthetic/synthetic-eigengap__synthetic__fixed-ry-rz__L16__lr0.01__bs64__seed6_seed6,synthetic-eigengap,synthetic,fixed-ry-rz,16,6,0.01,64,2000,True,plus,True,False,0.6091193461149167,0.6219512195121951,0.6105999595427852,0.6691086691086691,0.6829268292682927,1211.890243902439,,1403.0978195667267,,3600,16,65536,457b0468ba5f023a4a9f38816dbca0899481d04d,False
complete,synthetic,synthetic-eigengap__synthetic__fixed-ry-rz__L16__lr0.01__bs64__seed7,results/runs/synthetic/synthetic-eigengap__synthetic__fixed-ry-rz__L16__lr0.01__bs64__seed7_seed7,synthetic-eigengap,synthetic,fixed-ry-rz,16,7,0.01,64,2000,True,plus,True,False,0.5791488476129684,0.6829268292682927,0.6076179010309976,0.6495726495726496,0.6920731707317073,1234.4512195121954,,1401.9742367267609,,3600,16,65536,457b0468ba5f023a4a9f38816dbca0899481d04d,False
complete,synthetic,synthetic-eigengap__synthetic__fixed-ry-rz__L16__lr0.01__bs64__seed8,results/runs/synthetic/synthetic-eigengap__synthetic__fixed-ry-rz__L16__lr0.01__bs64__seed8_seed8,synthetic-eigengap,synthetic,fixed-ry-rz,16,8,0.01,64,2000,True,plus,True,False,0.5949350665373889,0.6676829268292683,0.6135133518709939,0.6568986568986569,0.6829268292682927,1217.2256097560974,,1401.5104892253876,,3600,16,65536,457b0468ba5f023a4a9f38816dbca0899481d04d,False
complete,synthetic,synthetic-eigengap__synthetic__fixed-ry-rz__L16__lr0.01__bs64__seed9,results/runs/synthetic/synthetic-eigengap__synthetic__fixed-ry-rz__L16__lr0.01__bs64__seed9_seed9,synthetic-eigengap,synthetic,fixed-ry-rz,16,9,0.01,64,2000,True,plus,True,False,0.604819092657508,0.6554878048780488,0.611134441493519,0.6568986568986569,0.6707317073170732,1200.0000000000005,,1400.9273643493652,,3600,16,65536,457b0468ba5f023a4a9f38816dbca0899481d04d,False
complete,synthetic,synthetic-eigengap__synthetic__fixed-ry-rz__L1__lr0.01__bs64__seed0,results/runs/synthetic/synthetic-eigengap__synthetic__fixed-ry-rz__L1__lr0.01__bs64__seed0_seed0,synthetic-eigengap,synthetic,fixed-ry-rz,1,0,0.01,64,2000,True,plus,True,False,0.6660168495872465,0.6189024390243902,0.6589166135321048,0.6105006105006106,0.649390243902439,1183.5365853658536,,132.1857635974884,,225,16,65536,5d760ef42d71a06acce4efdc9ed931be057f16a6,False
complete,synthetic,synthetic-eigengap__synthetic__fixed-ry-rz__L1__lr0.01__bs64__seed10,results/runs/synthetic/synthetic-eigengap__synthetic__fixed-ry-rz__L1__lr0.01__bs64__seed10_seed10,synthetic-eigengap,synthetic,fixed-ry-rz,1,10,0.01,64,2000,True,plus,True,False,0.6692322327836406,0.6097560975609756,0.6583895062002106,0.6202686202686203,0.625,1161.4329268292681,,90.74552822113037,,225,16,65536,457b0468ba5f023a4a9f38816dbca0899481d04d,False
complete,synthetic,synthetic-eigengap__synthetic__fixed-ry-rz__L1__lr0.01__bs64__seed11,results/runs/synthetic/synthetic-eigengap__synthetic__fixed-ry-rz__L1__lr0.01__bs64__seed11_seed11,synthetic-eigengap,synthetic,fixed-ry-rz,1,11,0.01,64,2000,True,plus,True,False,0.666490791047467,0.6219512195121951,0.659158659695851,0.6056166056166056,0.6402439024390244,1174.390243902439,,90.76596140861511,,225,16,65536,457b0468ba5f023a4a9f38816dbca0899481d04d,False
complete,synthetic,synthetic-eigengap__synthetic__fixed-ry-rz__L1__lr0.01__bs64__seed12,results/runs/synthetic/synthetic-eigengap__synthetic__fixed-ry-rz__L1__lr0.01__bs64__seed12_seed12,synthetic-eigengap,synthetic,fixed-ry-rz,1,12,0.01,64,2000,True,plus,True,False,0.670835650851078,0.6310975609756098,0.6661889975624447,0.608058608058608,0.6371951219512195,1175.3048780487802,,89.1514790058136,,225,16,65536,457b0468ba5f023a4a9f38816dbca0899481d04d,False
complete,synthetic,synthetic-eigengap__synthetic__fixed-ry-rz__L1__lr0.01__bs64__seed13,results/runs/synthetic/synthetic-eigengap__synthetic__fixed-ry-rz__L1__lr0.01__bs64__seed13_seed13,synthetic-eigengap,synthetic,fixed-ry-rz,1,13,0.01,64,2000,True,plus,True,False,0.6673830107885295,0.6158536585365854,0.6607832277758163,0.6117216117216118,0.6310975609756098,1169.0548780487804,,90.38889765739441,,225,16,65536,457b0468ba5f023a4a9f38816dbca0899481d04d,False
complete,synthetic,synthetic-eigengap__synthetic__fixed-ry-rz__L1__lr0.01__bs64__seed14,results/runs/synthetic/synthetic-eigengap__synthetic__fixed-ry-rz__L1__lr0.01__bs64__seed14_seed14,synthetic-eigengap,synthetic,fixed-ry-rz,1,14,0.01,64,2000,True,plus,True,False,0.6662876621206859,0.600609756097561,0.6581269950128411,0.6117216117216118,0.6280487804878049,1171.0365853658536,,88.47760558128357,,225,16,65536,457b0468ba5f023a4a9f38816dbca0899481d04d,False
complete,synthetic,synthetic-eigengap__synthetic__fixed-ry-rz__L1__lr0.01__bs64__seed15,results/runs/synthetic/synthetic-eigengap__synthetic__fixed-ry-rz__L1__lr0.01__bs64__seed15_seed15,synthetic-eigengap,synthetic,fixed-ry-rz,1,15,0.01,64,2000,True,plus,True,False,0.6637990523578621,0.6036585365853658,0.6551685959631304,0.6141636141636142,0.6219512195121951,1157.3170731707316,,89.50785255432129,,225,16,65536,457b0468ba5f023a4a9f38816dbca0899481d04d,False
complete,synthetic,synthetic-eigengap__synthetic__fixed-ry-rz__L1__lr0.01__bs64__seed16,results/runs/synthetic/synthetic-eigengap__synthetic__fixed-ry-rz__L1__lr0.01__bs64__seed16_seed16,synthetic-eigengap,synthetic,fixed-ry-rz,1,16,0.01,64,2000,True,plus,True,False,0.6667891837302068,0.6067073170731707,0.6551875787471241,0.6117216117216118,0.6310975609756098,1167.378048780488,,90.6198353767395,,225,16,65536,457b0468ba5f023a4a9f38816dbca0899481d04d,False
complete,synthetic,synthetic-eigengap__synthetic__fixed-ry-rz__L1__lr0.01__bs64__seed17,results/runs/synthetic/synthetic-eigengap__synthetic__fixed-ry-rz__L1__lr0.01__bs64__seed17_seed17,synthetic-eigengap,synthetic,fixed-ry-rz,1,17,0.01,64,2000,True,plus,True,False,0.6657979379095862,0.600609756097561,0.65530748863963,0.6141636141636142,0.6280487804878049,1159.2987804878048,,90.74473166465759,,225,16,65536,457b0468ba5f023a4a9f38816dbca0899481d04d,False
complete,synthetic,synthetic-eigengap__synthetic__fixed-ry-rz__L1__lr0.01__bs64__seed18,results/runs/synthetic/synthetic-eigengap__synthetic__fixed-ry-rz__L1__lr0.01__bs64__seed18_seed18,synthetic-eigengap,synthetic,fixed-ry-rz,1,18,0.01,64,2000,True,plus,True,False,0.6700809203039311,0.6097560975609756,0.6601062411439916,0.6141636141636142,0.6402439024390244,1170.579268292683,,89.32145571708679,,225,16,65536,457b0468ba5f023a4a9f38816dbca0899481d04d,False
complete,synthetic,synthetic-eigengap__synthetic__fixed-ry-rz__L1__lr0.01__bs64__seed19,results/runs/synthetic/synthetic-eigengap__synthetic__fixed-ry-rz__L1__lr0.01__bs64__seed19_seed19,synthetic-eigengap,synthetic,fixed-ry-rz,1,19,0.01,64,2000,True,plus,True,False,0.6661990928379525,0.6036585365853658,0.6568040948194035,0.6141636141636142,0.6280487804878049,1157.469512195122,,90.56180596351624,,225,16,65536,457b0468ba5f023a4a9f38816dbca0899481d04d,False
complete,synthetic,synthetic-eigengap__synthetic__fixed-ry-rz__L1__lr0.01__bs64__seed1,results/runs/synthetic/synthetic-eigengap__synthetic__fixed-ry-rz__L1__lr0.01__bs64__seed1_seed1,synthetic-eigengap,synthetic,fixed-ry-rz,1,1,0.01,64,2000,True,plus,True,False,0.6679634209988526,0.6097560975609756,0.6579107648676306,0.6166056166056166,0.6371951219512195,1168.1402439024391,,90.62171459197998,,225,16,65536,457b0468ba5f023a4a9f38816dbca0899481d04d,False
complete,synthetic,synthetic-eigengap__synthetic__fixed-ry-rz__L1__lr0.01__bs64__seed2,results/runs/synthetic/synthetic-eigengap__synthetic__fixed-ry-rz__L1__lr0.01__bs64__seed2_seed2,synthetic-eigengap,synthetic,fixed-ry-rz,1,2,0.01,64,2000,True,plus,True,False,0.6687771688299856,0.6128048780487805,0.6622901293704851,0.608058608058608,0.6310975609756098,1172.7134146341464,,90.23047542572021,,225,16,65536,457b0468ba5f023a4a9f38816dbca0899481d04d,False
complete,synthetic,synthetic-eigengap__synthetic__fixed-ry-rz__L1__lr0.01__bs64__seed3,results/runs/synthetic/synthetic-eigengap__synthetic__fixed-ry-rz__L1__lr0.01__bs64__seed3_seed3,synthetic-eigengap,synthetic,fixed-ry-rz,1,3,0.01,64,2000,True,plus,True,False,0.6703022103991837,0.6036585365853658,0.6611610309414401,0.6105006105006106,0.6280487804878049,1156.7073170731705,,88.11185932159424,,225,16,65536,457b0468ba5f023a4a9f38816dbca0899481d04d,False
complete,synthetic,synthetic-eigengap__synthetic__fixed-ry-rz__L1__lr0.01__bs64__seed4,results/runs/synthetic/synthetic-eigengap__synthetic__fixed-ry-rz__L1__lr0.01__bs64__seed4_seed4,synthetic-eigengap,synthetic,fixed-ry-rz,1,4,0.01,64,2000,True,plus,True,False,0.667582793524012,0.625,0.6624787160156362,0.6056166056166056,0.6371951219512195,1169.6646341463413,,87.97282147407532,,225,16,65536,457b0468ba5f023a4a9f38816dbca0899481d04d,False
complete,synthetic,synthetic-eigengap__synthetic__fixed-ry-rz__L1__lr0.01__bs64__seed5,results/runs/synthetic/synthetic-eigengap__synthetic__fixed-ry-rz__L1__lr0.01__bs64__seed5_seed5,synthetic-eigengap,synthetic,fixed-ry-rz,1,5,0.01,64,2000,True,plus,True,False,0.6647399978736777,0.6097560975609756,0.6565522037970755,0.6141636141636142,0.625,1150.0000000000002,,88.74120712280273,,225,16,65536,457b0468ba5f023a4a9f38816dbca0899481d04d,False
complete,synthetic,synthetic-eigengap__synthetic__fixed-ry-rz__L1__lr0.01__bs64__seed6,results/runs/synthetic/synthetic-eigengap__synthetic__fixed-ry-rz__L1__lr0.01__bs64__seed6_seed6,synthetic-eigengap,synthetic,fixed-ry-rz,1,6,0.01,64,2000,True,plus,True,False,0.6643470215789428,0.6036585365853658,0.6551208414271553,0.608058608058608,0.6371951219512195,1164.4817073170732,,90.94249606132507,,225,16,65536,457b0468ba5f023a4a9f38816dbca0899481d04d,False
complete,synthetic,synthetic-eigengap__synthetic__fixed-ry-rz__L1__lr0.01__bs64__seed7,results/runs/synthetic/synthetic-eigengap__synthetic__fixed-ry-rz__L1__lr0.01__bs64__seed7_seed7,synthetic-eigengap,synthetic,fixed-ry-rz,1,7,0.01,64,2000,True,plus,True,False,0.6652265184023742,0.6036585365853658,0.655289177449154,0.6153846153846154,0.6341463414634146,1158.3841463414633,,89.78291869163513,,225,16,65536,457b0468ba5f023a4a9f38816dbca0899481d04d,False
complete,synthetic,synthetic-eigengap__synthetic__fixed-ry-rz__L1__lr0.01__bs64__seed8,results/runs/synthetic/synthetic-eigengap__synthetic__fixed-ry-rz__L1__lr0.01__bs64__seed8_seed8,synthetic-eigengap,synthetic,fixed-ry-rz,1,8,0.01,64,2000,True,plus,True,False,0.6680666825134106,0.6067073170731707,0.6585256279950098,0.6153846153846154,0.6189024390243902,1156.40243902439,,89.47871899604797,,225,16,65536,457b0468ba5f023a4a9f38816dbca0899481d04d,False
complete,synthetic,synthetic-eigengap__synthetic__fixed-ry-rz__L1__lr0.01__bs64__seed9,results/runs/synthetic/synthetic-eigengap__synthetic__fixed-ry-rz__L1__lr0.01__bs64__seed9_seed9,synthetic-eigengap,synthetic,fixed-ry-rz,1,9,0.01,64,2000,True,plus,True,False,0.6711804460392005,0.6128048780487805,0.6626483881756359,0.6178266178266179,0.6341463414634146,1159.7560975609756,,89.77087616920471,,225,16,65536,457b0468ba5f023a4a9f38816dbca0899481d04d,False
complete,synthetic,synthetic-eigengap__synthetic__fixed-ry-rz__L2__lr0.01__bs64__seed0,results/runs/synthetic/synthetic-eigengap__synthetic__fixed-ry-rz__L2__lr0.01__bs64__seed0_seed0,synthetic-eigengap,synthetic,fixed-ry-rz,2,0,0.01,64,2000,True,plus,True,False,0.6450649726446086,0.6189024390243902,0.6353652069402208,0.6336996336996337,0.6341463414634146,1170.4268292682925,,172.45597290992737,,450,16,65536,457b0468ba5f023a4a9f38816dbca0899481d04d,False
complete,synthetic,synthetic-eigengap__synthetic__fixed-ry-rz__L2__lr0.01__bs64__seed10,results/runs/synthetic/synthetic-eigengap__synthetic__fixed-ry-rz__L2__lr0.01__bs64__seed10_seed10,synthetic-eigengap,synthetic,fixed-ry-rz,2,10,0.01,64,2000,True,plus,True,False,0.6519915632490787,0.6219512195121951,0.6400194075053296,0.6153846153846154,0.6402439024390244,1167.2256097560976,,171.8330307006836,,450,16,65536,457b0468ba5f023a4a9f38816dbca0899481d04d,False
complete,synthetic,synthetic-eigengap__synthetic__fixed-ry-rz__L2__lr0.01__bs64__seed11,results/runs/synthetic/synthetic-eigengap__synthetic__fixed-ry-rz__L2__lr0.01__bs64__seed11_seed11,synthetic-eigengap,synthetic,fixed-ry-rz,2,11,0.01,64,2000,True,plus,True,False,0.6467142382773619,0.5823170731707317,0.6344492850713164,0.6336996336996337,0.6371951219512195,1151.8292682926826,,172.41091084480286,,450,16,65536,457b0468ba5f023a4a9f38816dbca0899481d04d,False
complete,synthetic,synthetic-eigengap__synthetic__fixed-ry-rz__L2__lr0.01__bs64__seed12,results/runs/synthetic/synthetic-eigengap__synthetic__fixed-ry-rz__L2__lr0.01__bs64__seed12_seed12,synthetic-eigengap,synthetic,fixed-ry-rz,2,12,0.01,64,2000,True,plus,True,False,0.6442609094417132,0.6280487804878049,0.6422342410001405,0.6251526251526252,0.6371951219512195,1166.158536585366,,172.2939281463623,,450,16,65536,457b0468ba5f023a4a9f38816dbca0899481d04d,False
complete,synthetic,synthetic-eigengap__synthetic__fixed-ry-rz__L2__lr0.01__bs64__seed13,results/runs/synthetic/synthetic-eigengap__synthetic__fixed-ry-rz__L2__lr0.01__bs64__seed13_seed13,synthetic-eigengap,synthetic,fixed-ry-rz,2,13,0.01,64,2000,True,plus,True,False,0.6534311110279281,0.6280487804878049,0.6416783337061941,0.6251526251526252,0.6280487804878049,1154.1158536585367,,172.66871047019958,,450,16,65536,457b0468ba5f023a4a9f38816dbca0899481d04d,False
complete,synthetic,synthetic-eigengap__synthetic__fixed-ry-rz__L2__lr0.01__bs64__seed14,results/runs/synthetic/synthetic-eigengap__synthetic__fixed-ry-rz__L2__lr0.01__bs64__seed14_seed14,synthetic-eigengap,synthetic,fixed-ry-rz,2,14,0.01,64,2000,True,plus,True,False,0.6447849074357572,0.6097560975609756,0.63353123066128,0.6263736263736264,0.6280487804878049,1161.432926829268,,172.45997667312622,,450,16,65536,457b0468ba5f023a4a9f38816dbca0899481d04d,False
complete,synthetic,synthetic-eigengap__synthetic__fixed-ry-rz__L2__lr0.01__bs64__seed15,results/runs/synthetic/synthetic-eigengap__synthetic__fixed-ry-rz__L2__lr0.01__bs64__seed15_seed15,synthetic-eigengap,synthetic,fixed-ry-rz,2,15,0.01,64,2000,True,plus,True,False,0.6433200995718686,0.6067073170731707,0.6325712482281101,0.6190476190476191,0.625,1159.1463414634145,,172.66710829734802,,450,16,65536,457b0468ba5f023a4a9f38816dbca0899481d04d,False
complete,synthetic,synthetic-eigengap__synthetic__fixed-ry-rz__L2__lr0.01__bs64__seed16,results/runs/synthetic/synthetic-eigengap__synthetic__fixed-ry-rz__L2__lr0.01__bs64__seed16_seed16,synthetic-eigengap,synthetic,fixed-ry-rz,2,16,0.01,64,2000,True,plus,True,False,0.6544843512374879,0.6036585365853658,0.6351347953222986,0.6190476190476191,0.625,1142.9878048780486,,173.17864561080933,,450,16,65536,457b0468ba5f023a4a9f38816dbca0899481d04d,False
complete,synthetic,synthetic-eigengap__synthetic__fixed-ry-rz__L2__lr0.01__bs64__seed17,results/runs/synthetic/synthetic-eigengap__synthetic__fixed-ry-rz__L2__lr0.01__bs64__seed17_seed17,synthetic-eigengap,synthetic,fixed-ry-rz,2,17,0.01,64,2000,True,plus,True,False,0.65488993179657,0.5975609756097561,0.6406506272428175,0.6373626373626373,0.6280487804878049,1159.1463414634145,,172.6113224029541,,450,16,65536,457b0468ba5f023a4a9f38816dbca0899481d04d,False
complete,synthetic,synthetic-eigengap__synthetic__fixed-ry-rz__L2__lr0.01__bs64__seed18,results/runs/synthetic/synthetic-eigengap__synthetic__fixed-ry-rz__L2__lr0.01__bs64__seed18_seed18,synthetic-eigengap,synthetic,fixed-ry-rz,2,18,0.01,64,2000,True,plus,True,False,0.6577644091988466,0.6067073170731707,0.6346696733322293,0.6239316239316239,0.6189024390243902,1145.121951219512,,172.6162805557251,,450,16,65536,457b0468ba5f023a4a9f38816dbca0899481d04d,False
complete,synthetic,synthetic-eigengap__synthetic__fixed-ry-rz__L2__lr0.01__bs64__seed19,results/runs/synthetic/synthetic-eigengap__synthetic__fixed-ry-rz__L2__lr0.01__bs64__seed19_seed19,synthetic-eigengap,synthetic,fixed-ry-rz,2,19,0.01,64,2000,True,plus,True,False,0.647208840677664,0.6128048780487805,0.6357049218069023,0.6275946275946276,0.6219512195121951,1153.0487804878048,,174.29723477363586,,450,16,65536,457b0468ba5f023a4a9f38816dbca0899481d04d,False
complete,synthetic,synthetic-eigengap__synthetic__fixed-ry-rz__L2__lr0.01__bs64__seed1,results/runs/synthetic/synthetic-eigengap__synthetic__fixed-ry-rz__L2__lr0.01__bs64__seed1_seed1,synthetic-eigengap,synthetic,fixed-ry-rz,2,1,0.01,64,2000,True,plus,True,False,0.6499164164986104,0.6128048780487805,0.6331650307868326,0.6361416361416361,0.6219512195121951,1144.2073170731705,,172.8961181640625,,450,16,65536,457b0468ba5f023a4a9f38816dbca0899481d04d,False
complete,synthetic,synthetic-eigengap__synthetic__fixed-ry-rz__L2__lr0.01__bs64__seed2,results/runs/synthetic/synthetic-eigengap__synthetic__fixed-ry-rz__L2__lr0.01__bs64__seed2_seed2,synthetic-eigengap,synthetic,fixed-ry-rz,2,2,0.01,64,2000,True,plus,True,False,0.6435245501297647,0.6280487804878049,0.6326170986672074,0.6263736263736264,0.6310975609756098,1157.7743902439022,,171.60152912139893,,450,16,65536,457b0468ba5f023a4a9f38816dbca0899481d04d,False
complete,synthetic,synthetic-eigengap__synthetic__fixed-ry-rz__L2__lr0.01__bs64__seed3,results/runs/synthetic/synthetic-eigengap__synthetic__fixed-ry-rz__L2__lr0.01__bs64__seed3_seed3,synthetic-eigengap,synthetic,fixed-ry-rz,2,3,0.01,64,2000,True,plus,True,False,0.6477289155047878,0.6097560975609756,0.6328269287457944,0.6312576312576312,0.6341463414634146,1163.5670731707316,,172.36375737190247,,450,16,65536,457b0468ba5f023a4a9f38816dbca0899481d04d,False
complete,synthetic,synthetic-eigengap__synthetic__fixed-ry-rz__L2__lr0.01__bs64__seed4,results/runs/synthetic/synthetic-eigengap__synthetic__fixed-ry-rz__L2__lr0.01__bs64__seed4_seed4,synthetic-eigengap,synthetic,fixed-ry-rz,2,4,0.01,64,2000,True,plus,True,False,0.6490398588686058,0.6097560975609756,0.6353577909641643,0.6349206349206349,0.6341463414634146,1153.3536585365853,,171.97863245010376,,450,16,65536,457b0468ba5f023a4a9f38816dbca0899481d04d,False
complete,synthetic,synthetic-eigengap__synthetic__fixed-ry-rz__L2__lr0.01__bs64__seed5,results/runs/synthetic/synthetic-eigengap__synthetic__fixed-ry-rz__L2__lr0.01__bs64__seed5_seed5,synthetic-eigengap,synthetic,fixed-ry-rz,2,5,0.01,64,2000,True,plus,True,False,0.6426551276124487,0.6097560975609756,0.6295089404297922,0.6178266178266179,0.6371951219512195,1150.3048780487807,,172.7034239768982,,450,16,65536,457b0468ba5f023a4a9f38816dbca0899481d04d,False
complete,synthetic,synthetic-eigengap__synthetic__fixed-ry-rz__L2__lr0.01__bs64__seed6,results/runs/synthetic/synthetic-eigengap__synthetic__fixed-ry-rz__L2__lr0.01__bs64__seed6_seed6,synthetic-eigengap,synthetic,fixed-ry-rz,2,6,0.01,64,2000,True,plus,True,False,0.6485166618316621,0.6067073170731707,0.6340082137448431,0.6166056166056166,0.6280487804878049,1135.9756097560974,,173.14334416389465,,450,16,65536,457b0468ba5f023a4a9f38816dbca0899481d04d,False
complete,synthetic,synthetic-eigengap__synthetic__fixed-ry-rz__L2__lr0.01__bs64__seed7,results/runs/synthetic/synthetic-eigengap__synthetic__fixed-ry-rz__L2__lr0.01__bs64__seed7_seed7,synthetic-eigengap,synthetic,fixed-ry-rz,2,7,0.01,64,2000,True,plus,True,False,0.657323544962632,0.6036585365853658,0.6302753542909375,0.6239316239316239,0.6219512195121951,1132.0121951219512,,175.1263301372528,,450,16,65536,457b0468ba5f023a4a9f38816dbca0899481d04d,False
complete,synthetic,synthetic-eigengap__synthetic__fixed-ry-rz__L2__lr0.01__bs64__seed8,results/runs/synthetic/synthetic-eigengap__synthetic__fixed-ry-rz__L2__lr0.01__bs64__seed8_seed8,synthetic-eigengap,synthetic,fixed-ry-rz,2,8,0.01,64,2000,True,plus,True,False,0.6478811367484434,0.625,0.6350895661054999,0.6336996336996337,0.6341463414634146,1158.841463414634,,173.9475600719452,,450,16,65536,457b0468ba5f023a4a9f38816dbca0899481d04d,False
complete,synthetic,synthetic-eigengap__synthetic__fixed-ry-rz__L2__lr0.01__bs64__seed9,results/runs/synthetic/synthetic-eigengap__synthetic__fixed-ry-rz__L2__lr0.01__bs64__seed9_seed9,synthetic-eigengap,synthetic,fixed-ry-rz,2,9,0.01,64,2000,True,plus,True,False,0.6648916679141909,0.6036585365853658,0.6536392371765086,0.6251526251526252,0.6189024390243902,1146.0365853658539,,173.6013433933258,,450,16,65536,457b0468ba5f023a4a9f38816dbca0899481d04d,False
complete,synthetic,synthetic-eigengap__synthetic__fixed-ry-rz__L32__lr0.01__bs64__seed0,results/runs/synthetic/synthetic-eigengap__synthetic__fixed-ry-rz__L32__lr0.01__bs64__seed0_seed0,synthetic-eigengap,synthetic,fixed-ry-rz,32,0,0.01,64,2000,True,plus,True,False,0.5889038794707918,0.6829268292682927,0.6065866670986977,0.6813186813186813,0.6829268292682927,1182.3170731707316,,3057.638155221939,,7200,16,65536,457b0468ba5f023a4a9f38816dbca0899481d04d,False
complete,synthetic,synthetic-eigengap__synthetic__fixed-ry-rz__L32__lr0.01__bs64__seed10,results/runs/synthetic/synthetic-eigengap__synthetic__fixed-ry-rz__L32__lr0.01__bs64__seed10_seed10,synthetic-eigengap,synthetic,fixed-ry-rz,32,10,0.01,64,2000,True,plus,True,False,0.6116452569876201,0.649390243902439,0.6151082420802008,0.652014652014652,0.6737804878048781,1212.6524390243903,,3065.7708015441895,,7200,16,65536,457b0468ba5f023a4a9f38816dbca0899481d04d,False
complete,synthetic,synthetic-eigengap__synthetic__fixed-ry-rz__L32__lr0.01__bs64__seed11,results/runs/synthetic/synthetic-eigengap__synthetic__fixed-ry-rz__L32__lr0.01__bs64__seed11_seed11,synthetic-eigengap,synthetic,fixed-ry-rz,32,11,0.01,64,2000,True,plus,True,False,0.6387545562219317,0.6219512195121951,0.6357999911806436,0.652014652014652,0.6432926829268293,1182.012195121951,,3067.278744697571,,7200,16,65536,457b0468ba5f023a4a9f38816dbca0899481d04d,False
complete,synthetic,synthetic-eigengap__synthetic__fixed-ry-rz__L32__lr0.01__bs64__seed12,results/runs/synthetic/synthetic-eigengap__synthetic__fixed-ry-rz__L32__lr0.01__bs64__seed12_seed12,synthetic-eigengap,synthetic,fixed-ry-rz,32,12,0.01,64,2000,True,plus,True,False,0.6058457735350441,0.6371951219512195,0.6082801112519765,0.6642246642246642,0.676829268292683,1162.0426829268295,,3058.258065223694,,7200,16,65536,457b0468ba5f023a4a9f38816dbca0899481d04d,False
complete,synthetic,synthetic-eigengap__synthetic__fixed-ry-rz__L32__lr0.01__bs64__seed13,results/runs/synthetic/synthetic-eigengap__synthetic__fixed-ry-rz__L32__lr0.01__bs64__seed13_seed13,synthetic-eigengap,synthetic,fixed-ry-rz,32,13,0.01,64,2000,True,plus,True,False,0.5955914917999597,0.7042682926829268,0.6105572715614211,0.6495726495726496,0.7042682926829268,1221.341463414634,,3065.95161151886,,7200,16,65536,457b0468ba5f023a4a9f38816dbca0899481d04d,False
complete,synthetic,synthetic-eigengap__synthetic__fixed-ry-rz__L32__lr0.01__bs64__seed14,results/runs/synthetic/synthetic-eigengap__synthetic__fixed-ry-rz__L32__lr0.01__bs64__seed14_seed14,synthetic-eigengap,synthetic,fixed-ry-rz,32,14,0.01,64,2000,True,plus,True,False,0.5951464370065435,0.6676829268292683,0.6048737644968482,0.6446886446886447,0.6676829268292683,1153.9634146341464,,3061.3745605945587,,7200,16,65536,457b0468ba5f023a4a9f38816dbca0899481d04d,False
complete,synthetic,synthetic-eigengap__synthetic__fixed-ry-rz__L32__lr0.01__bs64__seed15,results/runs/synthetic/synthetic-eigengap__synthetic__fixed-ry-rz__L32__lr0.01__bs64__seed15_seed15,synthetic-eigengap,synthetic,fixed-ry-rz,32,15,0.01,64,2000,True,plus,True,False,0.5889544149094669,0.6859756097560976,0.5941239204307189,0.673992673992674,0.6920731707317073,1210.8231707317073,,3065.8870890140533,,7200,16,65536,457b0468ba5f023a4a9f38816dbca0899481d04d,False
complete,synthetic,synthetic-eigengap__synthetic__fixed-ry-rz__L32__lr0.01__bs64__seed16,results/runs/synthetic/synthetic-eigengap__synthetic__fixed-ry-rz__L32__lr0.01__bs64__seed16_seed16,synthetic-eigengap,synthetic,fixed-ry-rz,32,16,0.01,64,2000,True,plus,True,False,0.6061806865929643,0.6615853658536586,0.6101752646054468,0.6385836385836385,0.6646341463414634,1168.292682926829,,3064.819363117218,,7200,16,65536,457b0468ba5f023a4a9f38816dbca0899481d04d,False
complete,synthetic,synthetic-eigengap__synthetic__fixed-ry-rz__L32__lr0.01__bs64__seed17,results/runs/synthetic/synthetic-eigengap__synthetic__fixed-ry-rz__L32__lr0.01__bs64__seed17_seed17,synthetic-eigengap,synthetic,fixed-ry-rz,32,17,0.01,64,2000,True,plus,True,False,0.5938004489073636,0.649390243902439,0.6062516156950305,0.6483516483516484,0.6890243902439024,1218.75,,3103.317060470581,,7200,16,65536,5d760ef42d71a06acce4efdc9ed931be057f16a6,False
complete,synthetic,synthetic-eigengap__synthetic__fixed-ry-rz__L32__lr0.01__bs64__seed18,results/runs/synthetic/synthetic-eigengap__synthetic__fixed-ry-rz__L32__lr0.01__bs64__seed18_seed18,synthetic-eigengap,synthetic,fixed-ry-rz,32,18,0.01,64,2000,True,plus,True,False,0.5852177744069963,0.6890243902439024,0.5990499632410526,0.6678876678876678,0.7073170731707317,1216.1585365853657,,3074.826879262924,,7200,16,65536,457b0468ba5f023a4a9f38816dbca0899481d04d,False
complete,synthetic,synthetic-eigengap__synthetic__fixed-ry-rz__L32__lr0.01__bs64__seed19,results/runs/synthetic/synthetic-eigengap__synthetic__fixed-ry-rz__L32__lr0.01__bs64__seed19_seed19,synthetic-eigengap,synthetic,fixed-ry-rz,32,19,0.01,64,2000,True,plus,True,False,0.5944983918688292,0.6798780487804879,0.5977998490353694,0.6654456654456654,0.6798780487804879,1180.9451219512193,,3047.2678525447845,,7200,16,65536,457b0468ba5f023a4a9f38816dbca0899481d04d,False
complete,synthetic,synthetic-eigengap__synthetic__fixed-ry-rz__L32__lr0.01__bs64__seed1,results/runs/synthetic/synthetic-eigengap__synthetic__fixed-ry-rz__L32__lr0.01__bs64__seed1_seed1,synthetic-eigengap,synthetic,fixed-ry-rz,32,1,0.01,64,2000,True,plus,True,False,0.6220062916593034,0.649390243902439,0.6157224499774103,0.652014652014652,0.6920731707317073,1190.2439024390244,,3060.2889244556427,,7200,16,65536,457b0468ba5f023a4a9f38816dbca0899481d04d,False
complete,synthetic,synthetic-eigengap__synthetic__fixed-ry-rz__L32__lr0.01__bs64__seed2,results/runs/synthetic/synthetic-eigengap__synthetic__fixed-ry-rz__L32__lr0.01__bs64__seed2_seed2,synthetic-eigengap,synthetic,fixed-ry-rz,32,2,0.01,64,2000,True,plus,True,False,0.6172997852743799,0.625,0.6136250503704807,0.6544566544566545,0.6707317073170732,1165.3963414634145,,3051.2656421661377,,7200,16,65536,457b0468ba5f023a4a9f38816dbca0899481d04d,False
complete,synthetic,synthetic-eigengap__synthetic__fixed-ry-rz__L32__lr0.01__bs64__seed3,results/runs/synthetic/synthetic-eigengap__synthetic__fixed-ry-rz__L32__lr0.01__bs64__seed3_seed3,synthetic-eigengap,synthetic,fixed-ry-rz,32,3,0.01,64,2000,True,plus,True,False,0.6006407358968567,0.676829268292683,0.6044099179224725,0.6495726495726496,0.698170731707317,1210.518292682927,,3040.948523759842,,7200,16,65536,457b0468ba5f023a4a9f38816dbca0899481d04d,False
complete,synthetic,synthetic-eigengap__synthetic__fixed-ry-rz__L32__lr0.01__bs64__seed4,results/runs/synthetic/synthetic-eigengap__synthetic__fixed-ry-rz__L32__lr0.01__bs64__seed4_seed4,synthetic-eigengap,synthetic,fixed-ry-rz,32,4,0.01,64,2000,True,plus,True,False,0.6165917466953259,0.6371951219512195,0.6098699009479404,0.6568986568986569,0.6646341463414634,1170.579268292683,,3036.5434823036194,,7200,16,65536,457b0468ba5f023a4a9f38816dbca0899481d04d,False
complete,synthetic,synthetic-eigengap__synthetic__fixed-ry-rz__L32__lr0.01__bs64__seed5,results/runs/synthetic/synthetic-eigengap__synthetic__fixed-ry-rz__L32__lr0.01__bs64__seed5_seed5,synthetic-eigengap,synthetic,fixed-ry-rz,32,5,0.01,64,2000,True,plus,True,False,0.5994244602548502,0.6737804878048781,0.606651941790871,0.6605616605616605,0.6737804878048781,1195.121951219512,,3025.9452040195465,,7200,16,65536,457b0468ba5f023a4a9f38816dbca0899481d04d,False
complete,synthetic,synthetic-eigengap__synthetic__fixed-ry-rz__L32__lr0.01__bs64__seed6,results/runs/synthetic/synthetic-eigengap__synthetic__fixed-ry-rz__L32__lr0.01__bs64__seed6_seed6,synthetic-eigengap,synthetic,fixed-ry-rz,32,6,0.01,64,2000,True,plus,True,False,0.5959112322345543,0.6463414634146342,0.609137829411456,0.6349206349206349,0.676829268292683,1186.8902439024391,,3010.213034629822,,7200,16,65536,457b0468ba5f023a4a9f38816dbca0899481d04d,False
complete,synthetic,synthetic-eigengap__synthetic__fixed-ry-rz__L32__lr0.01__bs64__seed7,results/runs/synthetic/synthetic-eigengap__synthetic__fixed-ry-rz__L32__lr0.01__bs64__seed7_seed7,synthetic-eigengap,synthetic,fixed-ry-rz,32,7,0.01,64,2000,True,plus,True,False,0.6092657016158747,0.6432926829268293,0.6091560169922754,0.6398046398046398,0.6432926829268293,1166.7682926829266,,3017.654593229294,,7200,16,65536,457b0468ba5f023a4a9f38816dbca0899481d04d,False
complete,synthetic,synthetic-eigengap__synthetic__fixed-ry-rz__L32__lr0.01__bs64__seed8,results/runs/synthetic/synthetic-eigengap__synthetic__fixed-ry-rz__L32__lr0.01__bs64__seed8_seed8,synthetic-eigengap,synthetic,fixed-ry-rz,32,8,0.01,64,2000,True,plus,True,False,0.6101184034904779,0.6615853658536586,0.6050224217943722,0.6532356532356532,0.676829268292683,1180.3353658536587,,3012.1050658226013,,7200,16,65536,457b0468ba5f023a4a9f38816dbca0899481d04d,False
complete,synthetic,synthetic-eigengap__synthetic__fixed-ry-rz__L32__lr0.01__bs64__seed9,results/runs/synthetic/synthetic-eigengap__synthetic__fixed-ry-rz__L32__lr0.01__bs64__seed9_seed9,synthetic-eigengap,synthetic,fixed-ry-rz,32,9,0.01,64,2000,True,plus,True,False,0.6115579854648501,0.625,0.6043292734320197,0.6703296703296703,0.6676829268292683,1196.6463414634147,,3019.022626876831,,7200,16,65536,457b0468ba5f023a4a9f38816dbca0899481d04d,False
complete,synthetic,synthetic-eigengap__synthetic__fixed-ry-rz__L4__lr0.01__bs64__seed0,results/runs/synthetic/synthetic-eigengap__synthetic__fixed-ry-rz__L4__lr0.01__bs64__seed0_seed0,synthetic-eigengap,synthetic,fixed-ry-rz,4,0,0.01,64,2000,True,plus,True,False,0.6033970443935844,0.6676829268292683,0.6054996008393053,0.652014652014652,0.6707317073170732,1203.0487804878046,,334.09031558036804,,900,16,65536,457b0468ba5f023a4a9f38816dbca0899481d04d,False
complete,synthetic,synthetic-eigengap__synthetic__fixed-ry-rz__L4__lr0.01__bs64__seed10,results/runs/synthetic/synthetic-eigengap__synthetic__fixed-ry-rz__L4__lr0.01__bs64__seed10_seed10,synthetic-eigengap,synthetic,fixed-ry-rz,4,10,0.01,64,2000,True,plus,True,False,0.5981477226547648,0.6890243902439024,0.6011499868906153,0.6715506715506715,0.6890243902439024,1235.2134146341464,,334.23755836486816,,900,16,65536,457b0468ba5f023a4a9f38816dbca0899481d04d,False
complete,synthetic,synthetic-eigengap__synthetic__fixed-ry-rz__L4__lr0.01__bs64__seed11,results/runs/synthetic/synthetic-eigengap__synthetic__fixed-ry-rz__L4__lr0.01__bs64__seed11_seed11,synthetic-eigengap,synthetic,fixed-ry-rz,4,11,0.01,64,2000,True,plus,True,False,0.5901448863581088,0.6798780487804879,0.5972544625812692,0.6678876678876678,0.698170731707317,1232.7743902439026,,336.8284044265747,,900,16,65536,457b0468ba5f023a4a9f38816dbca0899481d04d,False
complete,synthetic,synthetic-eigengap__synthetic__fixed-ry-rz__L4__lr0.01__bs64__seed12,results/runs/synthetic/synthetic-eigengap__synthetic__fixed-ry-rz__L4__lr0.01__bs64__seed12_seed12,synthetic-eigengap,synthetic,fixed-ry-rz,4,12,0.01,64,2000,True,plus,True,False,0.6060956082896553,0.649390243902439,0.5988092536626838,0.6605616605616605,0.6890243902439024,1214.3292682926829,,335.07456159591675,,900,16,65536,457b0468ba5f023a4a9f38816dbca0899481d04d,False
complete,synthetic,synthetic-eigengap__synthetic__fixed-ry-rz__L4__lr0.01__bs64__seed13,results/runs/synthetic/synthetic-eigengap__synthetic__fixed-ry-rz__L4__lr0.01__bs64__seed13_seed13,synthetic-eigengap,synthetic,fixed-ry-rz,4,13,0.01,64,2000,True,plus,True,False,0.6085362920521913,0.6646341463414634,0.6140183989646233,0.6349206349206349,0.6646341463414634,1202.7439024390246,,334.40874552726746,,900,16,65536,457b0468ba5f023a4a9f38816dbca0899481d04d,False
complete,synthetic,synthetic-eigengap__synthetic__fixed-ry-rz__L4__lr0.01__bs64__seed14,results/runs/synthetic/synthetic-eigengap__synthetic__fixed-ry-rz__L4__lr0.01__bs64__seed14_seed14,synthetic-eigengap,synthetic,fixed-ry-rz,4,14,0.01,64,2000,True,plus,True,False,0.5940096527530097,0.6463414634146342,0.6005954936779515,0.6532356532356532,0.676829268292683,1242.9878048780488,,337.9026253223419,,900,16,65536,457b0468ba5f023a4a9f38816dbca0899481d04d,False
complete,synthetic,synthetic-eigengap__synthetic__fixed-ry-rz__L4__lr0.01__bs64__seed15,results/runs/synthetic/synthetic-eigengap__synthetic__fixed-ry-rz__L4__lr0.01__bs64__seed15_seed15,synthetic-eigengap,synthetic,fixed-ry-rz,4,15,0.01,64,2000,True,plus,True,False,0.6084622026773563,0.6554878048780488,0.6004191703125927,0.6727716727716728,0.676829268292683,1197.8658536585367,,335.8064694404602,,900,16,65536,457b0468ba5f023a4a9f38816dbca0899481d04d,False
complete,synthetic,synthetic-eigengap__synthetic__fixed-ry-rz__L4__lr0.01__bs64__seed16,results/runs/synthetic/synthetic-eigengap__synthetic__fixed-ry-rz__L4__lr0.01__bs64__seed16_seed16,synthetic-eigengap,synthetic,fixed-ry-rz,4,16,0.01,64,2000,True,plus,True,False,0.5934108650032359,0.6707317073170732,0.5952167378358136,0.6544566544566545,0.6890243902439024,1241.768292682927,,336.6001646518707,,900,16,65536,457b0468ba5f023a4a9f38816dbca0899481d04d,False
complete,synthetic,synthetic-eigengap__synthetic__fixed-ry-rz__L4__lr0.01__bs64__seed17,results/runs/synthetic/synthetic-eigengap__synthetic__fixed-ry-rz__L4__lr0.01__bs64__seed17_seed17,synthetic-eigengap,synthetic,fixed-ry-rz,4,17,0.01,64,2000,True,plus,True,False,0.6029313722119758,0.6402439024390244,0.5937719811109018,0.6776556776556777,0.6676829268292683,1207.3170731707319,,335.62589621543884,,900,16,65536,457b0468ba5f023a4a9f38816dbca0899481d04d,False
complete,synthetic,synthetic-eigengap__synthetic__fixed-ry-rz__L4__lr0.01__bs64__seed18,results/runs/synthetic/synthetic-eigengap__synthetic__fixed-ry-rz__L4__lr0.01__bs64__seed18_seed18,synthetic-eigengap,synthetic,fixed-ry-rz,4,18,0.01,64,2000,True,plus,True,False,0.6006442434812876,0.6371951219512195,0.6034390861884782,0.6495726495726496,0.6829268292682927,1194.8170731707314,,337.36917519569397,,900,16,65536,457b0468ba5f023a4a9f38816dbca0899481d04d,False
complete,synthetic,synthetic-eigengap__synthetic__fixed-ry-rz__L4__lr0.01__bs64__seed19,results/runs/synthetic/synthetic-eigengap__synthetic__fixed-ry-rz__L4__lr0.01__bs64__seed19_seed19,synthetic-eigengap,synthetic,fixed-ry-rz,4,19,0.01,64,2000,True,plus,True,False,0.6167727297536508,0.6463414634146342,0.6076170659326694,0.663003663003663,0.6707317073170732,1202.5914634146343,,338.56398010253906,,900,16,65536,457b0468ba5f023a4a9f38816dbca0899481d04d,False
complete,synthetic,synthetic-eigengap__synthetic__fixed-ry-rz__L4__lr0.01__bs64__seed1,results/runs/synthetic/synthetic-eigengap__synthetic__fixed-ry-rz__L4__lr0.01__bs64__seed1_seed1,synthetic-eigengap,synthetic,fixed-ry-rz,4,1,0.01,64,2000,True,plus,True,False,0.6176310510453991,0.6585365853658537,0.6086290746016985,0.6605616605616605,0.676829268292683,1221.6463414634147,,341.3045847415924,,900,16,65536,457b0468ba5f023a4a9f38816dbca0899481d04d,False
complete,synthetic,synthetic-eigengap__synthetic__fixed-ry-rz__L4__lr0.01__bs64__seed2,results/runs/synthetic/synthetic-eigengap__synthetic__fixed-ry-rz__L4__lr0.01__bs64__seed2_seed2,synthetic-eigengap,synthetic,fixed-ry-rz,4,2,0.01,64,2000,True,plus,True,False,0.5997646002185589,0.6524390243902439,0.5966451890843442,0.6703296703296703,0.6646341463414634,1207.469512195122,,335.6616542339325,,900,16,65536,457b0468ba5f023a4a9f38816dbca0899481d04d,False
complete,synthetic,synthetic-eigengap__synthetic__fixed-ry-rz__L4__lr0.01__bs64__seed3,results/runs/synthetic/synthetic-eigengap__synthetic__fixed-ry-rz__L4__lr0.01__bs64__seed3_seed3,synthetic-eigengap,synthetic,fixed-ry-rz,4,3,0.01,64,2000,True,plus,True,False,0.6138717028826934,0.6585365853658537,0.6093961890674379,0.6642246642246642,0.6829268292682927,1223.4756097560976,,336.2864673137665,,900,16,65536,457b0468ba5f023a4a9f38816dbca0899481d04d,False
complete,synthetic,synthetic-eigengap__synthetic__fixed-ry-rz__L4__lr0.01__bs64__seed4,results/runs/synthetic/synthetic-eigengap__synthetic__fixed-ry-rz__L4__lr0.01__bs64__seed4_seed4,synthetic-eigengap,synthetic,fixed-ry-rz,4,4,0.01,64,2000,True,plus,True,False,0.5994629287363431,0.6615853658536586,0.6071882240464179,0.6605616605616605,0.6646341463414634,1203.658536585366,,337.39107751846313,,900,16,65536,457b0468ba5f023a4a9f38816dbca0899481d04d,False
complete,synthetic,synthetic-eigengap__synthetic__fixed-ry-rz__L4__lr0.01__bs64__seed5,results/runs/synthetic/synthetic-eigengap__synthetic__fixed-ry-rz__L4__lr0.01__bs64__seed5_seed5,synthetic-eigengap,synthetic,fixed-ry-rz,4,5,0.01,64,2000,True,plus,True,False,0.6095937585532396,0.6402439024390244,0.6138037087677306,0.6507936507936508,0.6646341463414634,1206.859756097561,,334.8256833553314,,900,16,65536,457b0468ba5f023a4a9f38816dbca0899481d04d,False
complete,synthetic,synthetic-eigengap__synthetic__fixed-ry-rz__L4__lr0.01__bs64__seed6,results/runs/synthetic/synthetic-eigengap__synthetic__fixed-ry-rz__L4__lr0.01__bs64__seed6_seed6,synthetic-eigengap,synthetic,fixed-ry-rz,4,6,0.01,64,2000,True,plus,True,False,0.5938542027442589,0.6646341463414634,0.5943468665827166,0.6715506715506715,0.6646341463414634,1221.6463414634147,,337.06518054008484,,900,16,65536,457b0468ba5f023a4a9f38816dbca0899481d04d,False
complete,synthetic,synthetic-eigengap__synthetic__fixed-ry-rz__L4__lr0.01__bs64__seed7,results/runs/synthetic/synthetic-eigengap__synthetic__fixed-ry-rz__L4__lr0.01__bs64__seed7_seed7,synthetic-eigengap,synthetic,fixed-ry-rz,4,7,0.01,64,2000,True,plus,True,False,0.6065081404561173,0.6554878048780488,0.6006688407920928,0.663003663003663,0.6707317073170732,1222.408536585366,,335.5798075199127,,900,16,65536,457b0468ba5f023a4a9f38816dbca0899481d04d,False
complete,synthetic,synthetic-eigengap__synthetic__fixed-ry-rz__L4__lr0.01__bs64__seed8,results/runs/synthetic/synthetic-eigengap__synthetic__fixed-ry-rz__L4__lr0.01__bs64__seed8_seed8,synthetic-eigengap,synthetic,fixed-ry-rz,4,8,0.01,64,2000,True,plus,True,False,0.6119001721696926,0.6829268292682927,0.6119743134745663,0.652014652014652,0.6951219512195121,1236.7378048780488,,336.22407937049866,,900,16,65536,457b0468ba5f023a4a9f38816dbca0899481d04d,False
complete,synthetic,synthetic-eigengap__synthetic__fixed-ry-rz__L4__lr0.01__bs64__seed9,results/runs/synthetic/synthetic-eigengap__synthetic__fixed-ry-rz__L4__lr0.01__bs64__seed9_seed9,synthetic-eigengap,synthetic,fixed-ry-rz,4,9,0.01,64,2000,True,plus,True,False,0.6166017514859753,0.6432926829268293,0.6116430473992907,0.6715506715506715,0.6615853658536586,1212.9573170731708,,336.887704372406,,900,16,65536,457b0468ba5f023a4a9f38816dbca0899481d04d,False
complete,synthetic,synthetic-eigengap__synthetic__fixed-ry-rz__L8__lr0.01__bs64__seed0,results/runs/synthetic/synthetic-eigengap__synthetic__fixed-ry-rz__L8__lr0.01__bs64__seed0_seed0,synthetic-eigengap,synthetic,fixed-ry-rz,8,0,0.01,64,2000,True,plus,True,False,0.5845120405541054,0.6890243902439024,0.5958502838179931,0.6715506715506715,0.7042682926829268,1272.1036585365855,,751.7905006408691,,1800,16,65536,5d760ef42d71a06acce4efdc9ed931be057f16a6,False
complete,synthetic,synthetic-eigengap__synthetic__fixed-ry-rz__L8__lr0.01__bs64__seed10,results/runs/synthetic/synthetic-eigengap__synthetic__fixed-ry-rz__L8__lr0.01__bs64__seed10_seed10,synthetic-eigengap,synthetic,fixed-ry-rz,8,10,0.01,64,2000,True,plus,True,False,0.5949026267270962,0.6707317073170732,0.5911025069816435,0.6813186813186813,0.6951219512195121,1262.957317073171,,681.8101534843445,,1800,16,65536,457b0468ba5f023a4a9f38816dbca0899481d04d,False
complete,synthetic,synthetic-eigengap__synthetic__fixed-ry-rz__L8__lr0.01__bs64__seed11,results/runs/synthetic/synthetic-eigengap__synthetic__fixed-ry-rz__L8__lr0.01__bs64__seed11_seed11,synthetic-eigengap,synthetic,fixed-ry-rz,8,11,0.01,64,2000,True,plus,True,False,0.599061758930696,0.6890243902439024,0.6017072204274837,0.6544566544566545,0.6920731707317073,1244.8170731707319,,680.6992280483246,,1800,16,65536,457b0468ba5f023a4a9f38816dbca0899481d04d,False
complete,synthetic,synthetic-eigengap__synthetic__fixed-ry-rz__L8__lr0.01__bs64__seed12,results/runs/synthetic/synthetic-eigengap__synthetic__fixed-ry-rz__L8__lr0.01__bs64__seed12_seed12,synthetic-eigengap,synthetic,fixed-ry-rz,8,12,0.01,64,2000,True,plus,True,False,0.5960931538275197,0.6676829268292683,0.5942878101645476,0.6568986568986569,0.6859756097560976,1250.0,,678.1654834747314,,1800,16,65536,457b0468ba5f023a4a9f38816dbca0899481d04d,False
complete,synthetic,synthetic-eigengap__synthetic__fixed-ry-rz__L8__lr0.01__bs64__seed13,results/runs/synthetic/synthetic-eigengap__synthetic__fixed-ry-rz__L8__lr0.01__bs64__seed13_seed13,synthetic-eigengap,synthetic,fixed-ry-rz,8,13,0.01,64,2000,True,plus,True,False,0.5938941568393264,0.6798780487804879,0.597811264808743,0.6642246642246642,0.6890243902439024,1225.4573170731708,,683.5302875041962,,1800,16,65536,457b0468ba5f023a4a9f38816dbca0899481d04d,False
complete,synthetic,synthetic-eigengap__synthetic__fixed-ry-rz__L8__lr0.01__bs64__seed14,results/runs/synthetic/synthetic-eigengap__synthetic__fixed-ry-rz__L8__lr0.01__bs64__seed14_seed14,synthetic-eigengap,synthetic,fixed-ry-rz,8,14,0.01,64,2000,True,plus,True,False,0.575325326341143,0.6859756097560976,0.5857437224278735,0.6703296703296703,0.7103658536585366,1283.5365853658539,,683.7837784290314,,1800,16,65536,457b0468ba5f023a4a9f38816dbca0899481d04d,False
complete,synthetic,synthetic-eigengap__synthetic__fixed-ry-rz__L8__lr0.01__bs64__seed15,results/runs/synthetic/synthetic-eigengap__synthetic__fixed-ry-rz__L8__lr0.01__bs64__seed15_seed15,synthetic-eigengap,synthetic,fixed-ry-rz,8,15,0.01,64,2000,True,plus,True,False,0.5888078970401555,0.6646341463414634,0.5901170767220576,0.6715506715506715,0.6829268292682927,1245.1219512195125,,679.7939205169678,,1800,16,65536,457b0468ba5f023a4a9f38816dbca0899481d04d,False
complete,synthetic,synthetic-eigengap__synthetic__fixed-ry-rz__L8__lr0.01__bs64__seed16,results/runs/synthetic/synthetic-eigengap__synthetic__fixed-ry-rz__L8__lr0.01__bs64__seed16_seed16,synthetic-eigengap,synthetic,fixed-ry-rz,8,16,0.01,64,2000,True,plus,True,False,0.5794446136464614,0.6951219512195121,0.6093861113700856,0.6507936507936508,0.7103658536585366,1228.2012195121952,,681.3231303691864,,1800,16,65536,457b0468ba5f023a4a9f38816dbca0899481d04d,False
complete,synthetic,synthetic-eigengap__synthetic__fixed-ry-rz__L8__lr0.01__bs64__seed17,results/runs/synthetic/synthetic-eigengap__synthetic__fixed-ry-rz__L8__lr0.01__bs64__seed17_seed17,synthetic-eigengap,synthetic,fixed-ry-rz,8,17,0.01,64,2000,True,plus,True,False,0.5875209551910069,0.6798780487804879,0.5931606394368834,0.6654456654456654,0.7012195121951219,1240.5487804878048,,682.8336279392242,,1800,16,65536,457b0468ba5f023a4a9f38816dbca0899481d04d,False
complete,synthetic,synthetic-eigengap__synthetic__fixed-ry-rz__L8__lr0.01__bs64__seed18,results/runs/synthetic/synthetic-eigengap__synthetic__fixed-ry-rz__L8__lr0.01__bs64__seed18_seed18,synthetic-eigengap,synthetic,fixed-ry-rz,8,18,0.01,64,2000,True,plus,True,False,0.5951301822375547,0.6585365853658537,0.590813819727289,0.6642246642246642,0.6798780487804879,1216.9207317073171,,684.5540101528168,,1800,16,65536,457b0468ba5f023a4a9f38816dbca0899481d04d,False
complete,synthetic,synthetic-eigengap__synthetic__fixed-ry-rz__L8__lr0.01__bs64__seed19,results/runs/synthetic/synthetic-eigengap__synthetic__fixed-ry-rz__L8__lr0.01__bs64__seed19_seed19,synthetic-eigengap,synthetic,fixed-ry-rz,8,19,0.01,64,2000,True,plus,True,False,0.5950699762743176,0.6737804878048781,0.5960660554857609,0.6605616605616605,0.6859756097560976,1226.6768292682927,,683.9162516593933,,1800,16,65536,457b0468ba5f023a4a9f38816dbca0899481d04d,False
complete,synthetic,synthetic-eigengap__synthetic__fixed-ry-rz__L8__lr0.01__bs64__seed1,results/runs/synthetic/synthetic-eigengap__synthetic__fixed-ry-rz__L8__lr0.01__bs64__seed1_seed1,synthetic-eigengap,synthetic,fixed-ry-rz,8,1,0.01,64,2000,True,plus,True,False,0.6004996035181526,0.7012195121951219,0.6096961370213999,0.645909645909646,0.7164634146341463,1256.5548780487807,,682.6674382686615,,1800,16,65536,457b0468ba5f023a4a9f38816dbca0899481d04d,False
complete,synthetic,synthetic-eigengap__synthetic__fixed-ry-rz__L8__lr0.01__bs64__seed2,results/runs/synthetic/synthetic-eigengap__synthetic__fixed-ry-rz__L8__lr0.01__bs64__seed2_seed2,synthetic-eigengap,synthetic,fixed-ry-rz,8,2,0.01,64,2000,True,plus,True,False,0.5819089673906473,0.6920731707317073,0.596115335762145,0.6678876678876678,0.6920731707317073,1224.0853658536587,,682.289651632309,,1800,16,65536,457b0468ba5f023a4a9f38816dbca0899481d04d,False
complete,synthetic,synthetic-eigengap__synthetic__fixed-ry-rz__L8__lr0.01__bs64__seed3,results/runs/synthetic/synthetic-eigengap__synthetic__fixed-ry-rz__L8__lr0.01__bs64__seed3_seed3,synthetic-eigengap,synthetic,fixed-ry-rz,8,3,0.01,64,2000,True,plus,True,False,0.5721644556957327,0.6920731707317073,0.5903022367978419,0.6678876678876678,0.698170731707317,1269.6646341463413,,687.8951950073242,,1800,16,65536,457b0468ba5f023a4a9f38816dbca0899481d04d,False
complete,synthetic,synthetic-eigengap__synthetic__fixed-ry-rz__L8__lr0.01__bs64__seed4,results/runs/synthetic/synthetic-eigengap__synthetic__fixed-ry-rz__L8__lr0.01__bs64__seed4_seed4,synthetic-eigengap,synthetic,fixed-ry-rz,8,4,0.01,64,2000,True,plus,True,False,0.5767898807606687,0.6859756097560976,0.5872925601502359,0.6703296703296703,0.7103658536585366,1283.9939024390244,,679.6755044460297,,1800,16,65536,457b0468ba5f023a4a9f38816dbca0899481d04d,False
complete,synthetic,synthetic-eigengap__synthetic__fixed-ry-rz__L8__lr0.01__bs64__seed5,results/runs/synthetic/synthetic-eigengap__synthetic__fixed-ry-rz__L8__lr0.01__bs64__seed5_seed5,synthetic-eigengap,synthetic,fixed-ry-rz,8,5,0.01,64,2000,True,plus,True,False,0.592790100526488,0.6798780487804879,0.5959651786312673,0.6483516483516484,0.698170731707317,1235.518292682927,,683.2739689350128,,1800,16,65536,457b0468ba5f023a4a9f38816dbca0899481d04d,False
complete,synthetic,synthetic-eigengap__synthetic__fixed-ry-rz__L8__lr0.01__bs64__seed6,results/runs/synthetic/synthetic-eigengap__synthetic__fixed-ry-rz__L8__lr0.01__bs64__seed6_seed6,synthetic-eigengap,synthetic,fixed-ry-rz,8,6,0.01,64,2000,True,plus,True,False,0.5814438659119264,0.6920731707317073,0.5885568010907514,0.6776556776556777,0.698170731707317,1272.8658536585365,,681.2874011993408,,1800,16,65536,5d760ef42d71a06acce4efdc9ed931be057f16a6,False
complete,synthetic,synthetic-eigengap__synthetic__fixed-ry-rz__L8__lr0.01__bs64__seed7,results/runs/synthetic/synthetic-eigengap__synthetic__fixed-ry-rz__L8__lr0.01__bs64__seed7_seed7,synthetic-eigengap,synthetic,fixed-ry-rz,8,7,0.01,64,2000,True,plus,True,False,0.5814420169145352,0.6615853658536586,0.5885870643534591,0.6691086691086691,0.6859756097560976,1235.6707317073171,,678.6757848262787,,1800,16,65536,5d760ef42d71a06acce4efdc9ed931be057f16a6,False
complete,synthetic,synthetic-eigengap__synthetic__fixed-ry-rz__L8__lr0.01__bs64__seed8,results/runs/synthetic/synthetic-eigengap__synthetic__fixed-ry-rz__L8__lr0.01__bs64__seed8_seed8,synthetic-eigengap,synthetic,fixed-ry-rz,8,8,0.01,64,2000,True,plus,True,False,0.5916539295079999,0.6920731707317073,0.6090240644690759,0.645909645909646,0.6920731707317073,1236.8902439024391,,686.0070209503174,,1800,16,65536,5d760ef42d71a06acce4efdc9ed931be057f16a6,False
complete,synthetic,synthetic-eigengap__synthetic__fixed-ry-rz__L8__lr0.01__bs64__seed9,results/runs/synthetic/synthetic-eigengap__synthetic__fixed-ry-rz__L8__lr0.01__bs64__seed9_seed9,synthetic-eigengap,synthetic,fixed-ry-rz,8,9,0.01,64,2000,True,plus,True,False,0.5898417423995037,0.6676829268292683,0.5954421971800129,0.6898656898656899,0.698170731707317,1253.5060975609754,,682.9547545909882,,1800,16,65536,5d760ef42d71a06acce4efdc9ed931be057f16a6,False
complete,synthetic,synthetic-eigengap__synthetic__fixed-ry__L16__lr0.01__bs64__seed0,results/runs/synthetic/synthetic-eigengap__synthetic__fixed-ry__L16__lr0.01__bs64__seed0_seed0,synthetic-eigengap,synthetic,fixed-ry,16,0,0.01,64,2000,True,plus,True,False,0.5871066228747558,0.6676829268292683,0.5941248795585824,0.6568986568986569,0.7134146341463414,1229.4207317073174,,1169.3979301452637,,3600,16,65536,457b0468ba5f023a4a9f38816dbca0899481d04d,False
complete,synthetic,synthetic-eigengap__synthetic__fixed-ry__L16__lr0.01__bs64__seed10,results/runs/synthetic/synthetic-eigengap__synthetic__fixed-ry__L16__lr0.01__bs64__seed10_seed10,synthetic-eigengap,synthetic,fixed-ry,16,10,0.01,64,2000,True,plus,True,False,0.6058045604452845,0.6676829268292683,0.6002418790379335,0.6703296703296703,0.7012195121951219,1217.3780487804877,,1165.7804636955261,,3600,16,65536,457b0468ba5f023a4a9f38816dbca0899481d04d,False
complete,synthetic,synthetic-eigengap__synthetic__fixed-ry__L16__lr0.01__bs64__seed11,results/runs/synthetic/synthetic-eigengap__synthetic__fixed-ry__L16__lr0.01__bs64__seed11_seed11,synthetic-eigengap,synthetic,fixed-ry,16,11,0.01,64,2000,True,plus,True,False,0.5905512696038403,0.6829268292682927,0.5956247026823244,0.6898656898656899,0.7103658536585366,1237.9573170731705,,1169.4817831516266,,3600,16,65536,457b0468ba5f023a4a9f38816dbca0899481d04d,False
complete,synthetic,synthetic-eigengap__synthetic__fixed-ry__L16__lr0.01__bs64__seed12,results/runs/synthetic/synthetic-eigengap__synthetic__fixed-ry__L16__lr0.01__bs64__seed12_seed12,synthetic-eigengap,synthetic,fixed-ry,16,12,0.01,64,2000,True,plus,True,False,0.5701935425234311,0.6890243902439024,0.5918741434797232,0.6715506715506715,0.6890243902439024,1192.0731707317073,,1170.1583106517792,,3600,16,65536,457b0468ba5f023a4a9f38816dbca0899481d04d,False
complete,synthetic,synthetic-eigengap__synthetic__fixed-ry__L16__lr0.01__bs64__seed13,results/runs/synthetic/synthetic-eigengap__synthetic__fixed-ry__L16__lr0.01__bs64__seed13_seed13,synthetic-eigengap,synthetic,fixed-ry,16,13,0.01,64,2000,True,plus,True,False,0.6006718927439131,0.676829268292683,0.5980977457176224,0.6666666666666666,0.676829268292683,1205.9451219512196,,1169.4651584625244,,3600,16,65536,457b0468ba5f023a4a9f38816dbca0899481d04d,False
complete,synthetic,synthetic-eigengap__synthetic__fixed-ry__L16__lr0.01__bs64__seed14,results/runs/synthetic/synthetic-eigengap__synthetic__fixed-ry__L16__lr0.01__bs64__seed14_seed14,synthetic-eigengap,synthetic,fixed-ry,16,14,0.01,64,2000,True,plus,True,False,0.5925653832532323,0.6829268292682927,0.6036651657188473,0.6544566544566545,0.7042682926829268,1228.5060975609756,,1172.8909630775452,,3600,16,65536,457b0468ba5f023a4a9f38816dbca0899481d04d,False
complete,synthetic,synthetic-eigengap__synthetic__fixed-ry__L16__lr0.01__bs64__seed15,results/runs/synthetic/synthetic-eigengap__synthetic__fixed-ry__L16__lr0.01__bs64__seed15_seed15,synthetic-eigengap,synthetic,fixed-ry,16,15,0.01,64,2000,True,plus,True,False,0.580111952462132,0.6890243902439024,0.5968515143866931,0.6605616605616605,0.6920731707317073,1213.4146341463415,,1172.879000902176,,3600,16,65536,457b0468ba5f023a4a9f38816dbca0899481d04d,False
complete,synthetic,synthetic-eigengap__synthetic__fixed-ry__L16__lr0.01__bs64__seed16,results/runs/synthetic/synthetic-eigengap__synthetic__fixed-ry__L16__lr0.01__bs64__seed16_seed16,synthetic-eigengap,synthetic,fixed-ry,16,16,0.01,64,2000,True,plus,True,False,0.5834566009672018,0.6920731707317073,0.5936573294619646,0.6593406593406593,0.7012195121951219,1266.3109756097563,,1166.5827462673187,,3600,16,65536,457b0468ba5f023a4a9f38816dbca0899481d04d,False
complete,synthetic,synthetic-eigengap__synthetic__fixed-ry__L16__lr0.01__bs64__seed17,results/runs/synthetic/synthetic-eigengap__synthetic__fixed-ry__L16__lr0.01__bs64__seed17_seed17,synthetic-eigengap,synthetic,fixed-ry,16,17,0.01,64,2000,True,plus,True,False,0.5969885469264163,0.6829268292682927,0.5979941238949296,0.6678876678876678,0.6951219512195121,1242.2256097560974,,1168.2830591201782,,3600,16,65536,457b0468ba5f023a4a9f38816dbca0899481d04d,False
complete,synthetic,synthetic-eigengap__synthetic__fixed-ry__L16__lr0.01__bs64__seed18,results/runs/synthetic/synthetic-eigengap__synthetic__fixed-ry__L16__lr0.01__bs64__seed18_seed18,synthetic-eigengap,synthetic,fixed-ry,16,18,0.01,64,2000,True,plus,True,False,0.593361735932669,0.6707317073170732,0.6021143315998735,0.6666666666666666,0.6707317073170732,1192.0731707317073,,1169.9654324054718,,3600,16,65536,457b0468ba5f023a4a9f38816dbca0899481d04d,False
complete,synthetic,synthetic-eigengap__synthetic__fixed-ry__L16__lr0.01__bs64__seed19,results/runs/synthetic/synthetic-eigengap__synthetic__fixed-ry__L16__lr0.01__bs64__seed19_seed19,synthetic-eigengap,synthetic,fixed-ry,16,19,0.01,64,2000,True,plus,True,False,0.5848287078084976,0.6920731707317073,0.5991567433998399,0.6593406593406593,0.7012195121951219,1228.9634146341466,,1170.5037484169006,,3600,16,65536,457b0468ba5f023a4a9f38816dbca0899481d04d,False
complete,synthetic,synthetic-eigengap__synthetic__fixed-ry__L16__lr0.01__bs64__seed1,results/runs/synthetic/synthetic-eigengap__synthetic__fixed-ry__L16__lr0.01__bs64__seed1_seed1,synthetic-eigengap,synthetic,fixed-ry,16,1,0.01,64,2000,True,plus,True,False,0.6048178616057331,0.6554878048780488,0.6101118256154288,0.6556776556776557,0.7164634146341463,1237.65243902439,,1169.2336921691895,,3600,16,65536,457b0468ba5f023a4a9f38816dbca0899481d04d,False
complete,synthetic,synthetic-eigengap__synthetic__fixed-ry__L16__lr0.01__bs64__seed2,results/runs/synthetic/synthetic-eigengap__synthetic__fixed-ry__L16__lr0.01__bs64__seed2_seed2,synthetic-eigengap,synthetic,fixed-ry,16,2,0.01,64,2000,True,plus,True,False,0.6050619130305386,0.649390243902439,0.592673467000453,0.6727716727716728,0.6798780487804879,1221.4939024390242,,1166.677256345749,,3600,16,65536,457b0468ba5f023a4a9f38816dbca0899481d04d,False
complete,synthetic,synthetic-eigengap__synthetic__fixed-ry__L16__lr0.01__bs64__seed3,results/runs/synthetic/synthetic-eigengap__synthetic__fixed-ry__L16__lr0.01__bs64__seed3_seed3,synthetic-eigengap,synthetic,fixed-ry,16,3,0.01,64,2000,True,plus,True,False,0.6027408976191582,0.6707317073170732,0.6020549101301912,0.6642246642246642,0.7042682926829268,1206.5548780487807,,1165.2903816699982,,3600,16,65536,457b0468ba5f023a4a9f38816dbca0899481d04d,False
complete,synthetic,synthetic-eigengap__synthetic__fixed-ry__L16__lr0.01__bs64__seed4,results/runs/synthetic/synthetic-eigengap__synthetic__fixed-ry__L16__lr0.01__bs64__seed4_seed4,synthetic-eigengap,synthetic,fixed-ry,16,4,0.01,64,2000,True,plus,True,False,0.5939395004933944,0.6920731707317073,0.5907046923600575,0.6764346764346765,0.7012195121951219,1233.841463414634,,1172.3249950408936,,3600,16,65536,457b0468ba5f023a4a9f38816dbca0899481d04d,False
complete,synthetic,synthetic-eigengap__synthetic__fixed-ry__L16__lr0.01__bs64__seed5,results/runs/synthetic/synthetic-eigengap__synthetic__fixed-ry__L16__lr0.01__bs64__seed5_seed5,synthetic-eigengap,synthetic,fixed-ry,16,5,0.01,64,2000,True,plus,True,False,0.5850484790706805,0.6646341463414634,0.5943989001594139,0.673992673992674,0.6951219512195121,1227.7439024390242,,1168.1193351745605,,3600,16,65536,457b0468ba5f023a4a9f38816dbca0899481d04d,False
complete,synthetic,synthetic-eigengap__synthetic__fixed-ry__L16__lr0.01__bs64__seed6,results/runs/synthetic/synthetic-eigengap__synthetic__fixed-ry__L16__lr0.01__bs64__seed6_seed6,synthetic-eigengap,synthetic,fixed-ry,16,6,0.01,64,2000,True,plus,True,False,0.5903069972427502,0.7073170731707317,0.5967310469896856,0.652014652014652,0.7073170731707317,1251.3719512195123,,1165.4462761878967,,3600,16,65536,457b0468ba5f023a4a9f38816dbca0899481d04d,False
complete,synthetic,synthetic-eigengap__synthetic__fixed-ry__L16__lr0.01__bs64__seed7,results/runs/synthetic/synthetic-eigengap__synthetic__fixed-ry__L16__lr0.01__bs64__seed7_seed7,synthetic-eigengap,synthetic,fixed-ry,16,7,0.01,64,2000,True,plus,True,False,0.583421396533987,0.6829268292682927,0.5927348092786683,0.6764346764346765,0.6829268292682927,1202.7439024390244,,1169.9452991485596,,3600,16,65536,457b0468ba5f023a4a9f38816dbca0899481d04d,False
complete,synthetic,synthetic-eigengap__synthetic__fixed-ry__L16__lr0.01__bs64__seed8,results/runs/synthetic/synthetic-eigengap__synthetic__fixed-ry__L16__lr0.01__bs64__seed8_seed8,synthetic-eigengap,synthetic,fixed-ry,16,8,0.01,64,2000,True,plus,True,False,0.573851226216013,0.6859756097560976,0.5842684282428257,0.6752136752136753,0.7134146341463414,1244.969512195122,,1168.5319423675537,,3600,16,65536,5d760ef42d71a06acce4efdc9ed931be057f16a6,False
complete,synthetic,synthetic-eigengap__synthetic__fixed-ry__L16__lr0.01__bs64__seed9,results/runs/synthetic/synthetic-eigengap__synthetic__fixed-ry__L16__lr0.01__bs64__seed9_seed9,synthetic-eigengap,synthetic,fixed-ry,16,9,0.01,64,2000,True,plus,True,False,0.6037344177654795,0.698170731707317,0.6087783916685299,0.6788766788766789,0.698170731707317,1224.2378048780486,,1163.0764775276184,,3600,16,65536,5d760ef42d71a06acce4efdc9ed931be057f16a6,False
complete,synthetic,synthetic-eigengap__synthetic__fixed-ry__L1__lr0.01__bs64__seed0,results/runs/synthetic/synthetic-eigengap__synthetic__fixed-ry__L1__lr0.01__bs64__seed0_seed0,synthetic-eigengap,synthetic,fixed-ry,1,0,0.01,64,2000,True,plus,True,False,0.6591949288576738,0.6097560975609756,0.6561142093292276,0.6105006105006106,0.6280487804878049,1155.1829268292684,,78.63538265228271,,225,16,65536,457b0468ba5f023a4a9f38816dbca0899481d04d,False
complete,synthetic,synthetic-eigengap__synthetic__fixed-ry__L1__lr0.01__bs64__seed10,results/runs/synthetic/synthetic-eigengap__synthetic__fixed-ry__L1__lr0.01__bs64__seed10_seed10,synthetic-eigengap,synthetic,fixed-ry,1,10,0.01,64,2000,True,plus,True,False,0.6613830294229063,0.600609756097561,0.6580419487630885,0.6227106227106227,0.6158536585365854,1159.2987804878048,,75.53683114051819,,225,16,65536,457b0468ba5f023a4a9f38816dbca0899481d04d,False
complete,synthetic,synthetic-eigengap__synthetic__fixed-ry__L1__lr0.01__bs64__seed11,results/runs/synthetic/synthetic-eigengap__synthetic__fixed-ry__L1__lr0.01__bs64__seed11_seed11,synthetic-eigengap,synthetic,fixed-ry,1,11,0.01,64,2000,True,plus,True,False,0.6600963821771685,0.6097560975609756,0.6566316560913907,0.6202686202686203,0.6219512195121951,1158.8414634146343,,75.3916392326355,,225,16,65536,457b0468ba5f023a4a9f38816dbca0899481d04d,False
complete,synthetic,synthetic-eigengap__synthetic__fixed-ry__L1__lr0.01__bs64__seed12,results/runs/synthetic/synthetic-eigengap__synthetic__fixed-ry__L1__lr0.01__bs64__seed12_seed12,synthetic-eigengap,synthetic,fixed-ry,1,12,0.01,64,2000,True,plus,True,False,0.6630691461043595,0.5975609756097561,0.6600412978367696,0.6105006105006106,0.6310975609756098,1160.9756097560976,,75.09134030342102,,225,16,65536,457b0468ba5f023a4a9f38816dbca0899481d04d,False
complete,synthetic,synthetic-eigengap__synthetic__fixed-ry__L1__lr0.01__bs64__seed13,results/runs/synthetic/synthetic-eigengap__synthetic__fixed-ry__L1__lr0.01__bs64__seed13_seed13,synthetic-eigengap,synthetic,fixed-ry,1,13,0.01,64,2000,True,plus,True,False,0.6628582998299443,0.6067073170731707,0.6583241788869777,0.6068376068376068,0.6189024390243902,1156.7073170731705,,78.45594429969788,,225,16,65536,457b0468ba5f023a4a9f38816dbca0899481d04d,False
complete,synthetic,synthetic-eigengap__synthetic__fixed-ry__L1__lr0.01__bs64__seed14,results/runs/synthetic/synthetic-eigengap__synthetic__fixed-ry__L1__lr0.01__bs64__seed14_seed14,synthetic-eigengap,synthetic,fixed-ry,1,14,0.01,64,2000,True,plus,True,False,0.659914112243283,0.6097560975609756,0.6562941625210692,0.6056166056166056,0.6219512195121951,1158.3841463414635,,75.61385011672974,,225,16,65536,457b0468ba5f023a4a9f38816dbca0899481d04d,False
complete,synthetic,synthetic-eigengap__synthetic__fixed-ry__L1__lr0.01__bs64__seed15,results/runs/synthetic/synthetic-eigengap__synthetic__fixed-ry__L1__lr0.01__bs64__seed15_seed15,synthetic-eigengap,synthetic,fixed-ry,1,15,0.01,64,2000,True,plus,True,False,0.6586460261602562,0.6097560975609756,0.6559301406261555,0.6190476190476191,0.6189024390243902,1155.3353658536585,,76.55289268493652,,225,16,65536,457b0468ba5f023a4a9f38816dbca0899481d04d,False
complete,synthetic,synthetic-eigengap__synthetic__fixed-ry__L1__lr0.01__bs64__seed16,results/runs/synthetic/synthetic-eigengap__synthetic__fixed-ry__L1__lr0.01__bs64__seed16_seed16,synthetic-eigengap,synthetic,fixed-ry,1,16,0.01,64,2000,True,plus,True,False,0.6598420392605093,0.6097560975609756,0.6565180407367883,0.6153846153846154,0.6189024390243902,1151.371951219512,,75.32176327705383,,225,16,65536,457b0468ba5f023a4a9f38816dbca0899481d04d,False
complete,synthetic,synthetic-eigengap__synthetic__fixed-ry__L1__lr0.01__bs64__seed17,results/runs/synthetic/synthetic-eigengap__synthetic__fixed-ry__L1__lr0.01__bs64__seed17_seed17,synthetic-eigengap,synthetic,fixed-ry,1,17,0.01,64,2000,True,plus,True,False,0.6609819234424915,0.6189024390243902,0.6576040724385216,0.6166056166056166,0.6189024390243902,1153.201219512195,,75.55241060256958,,225,16,65536,457b0468ba5f023a4a9f38816dbca0899481d04d,False
complete,synthetic,synthetic-eigengap__synthetic__fixed-ry__L1__lr0.01__bs64__seed18,results/runs/synthetic/synthetic-eigengap__synthetic__fixed-ry__L1__lr0.01__bs64__seed18_seed18,synthetic-eigengap,synthetic,fixed-ry,1,18,0.01,64,2000,True,plus,True,False,0.6632206686228924,0.6067073170731707,0.6577065184868301,0.6019536019536019,0.6219512195121951,1156.25,,75.507244348526,,225,16,65536,457b0468ba5f023a4a9f38816dbca0899481d04d,False
complete,synthetic,synthetic-eigengap__synthetic__fixed-ry__L1__lr0.01__bs64__seed19,results/runs/synthetic/synthetic-eigengap__synthetic__fixed-ry__L1__lr0.01__bs64__seed19_seed19,synthetic-eigengap,synthetic,fixed-ry,1,19,0.01,64,2000,True,plus,True,False,0.6598157878206011,0.6067073170731707,0.6558932649604845,0.6214896214896215,0.6189024390243902,1156.4024390243899,,75.16836261749268,,225,16,65536,457b0468ba5f023a4a9f38816dbca0899481d04d,False
complete,synthetic,synthetic-eigengap__synthetic__fixed-ry__L1__lr0.01__bs64__seed1,results/runs/synthetic/synthetic-eigengap__synthetic__fixed-ry__L1__lr0.01__bs64__seed1_seed1,synthetic-eigengap,synthetic,fixed-ry,1,1,0.01,64,2000,True,plus,True,False,0.6609599225980611,0.6097560975609756,0.6570571588955447,0.608058608058608,0.6189024390243902,1154.1158536585363,,78.2402913570404,,225,16,65536,457b0468ba5f023a4a9f38816dbca0899481d04d,False
complete,synthetic,synthetic-eigengap__synthetic__fixed-ry__L1__lr0.01__bs64__seed2,results/runs/synthetic/synthetic-eigengap__synthetic__fixed-ry__L1__lr0.01__bs64__seed2_seed2,synthetic-eigengap,synthetic,fixed-ry,1,2,0.01,64,2000,True,plus,True,False,0.6645384944648175,0.6128048780487805,0.6597783068920967,0.612942612942613,0.6219512195121951,1158.079268292683,,74.92761158943176,,225,16,65536,457b0468ba5f023a4a9f38816dbca0899481d04d,False
complete,synthetic,synthetic-eigengap__synthetic__fixed-ry__L1__lr0.01__bs64__seed3,results/runs/synthetic/synthetic-eigengap__synthetic__fixed-ry__L1__lr0.01__bs64__seed3_seed3,synthetic-eigengap,synthetic,fixed-ry,1,3,0.01,64,2000,True,plus,True,False,0.6621313362505239,0.6036585365853658,0.6581468279443095,0.6043956043956044,0.6158536585365854,1152.5914634146338,,75.298898935318,,225,16,65536,457b0468ba5f023a4a9f38816dbca0899481d04d,False
complete,synthetic,synthetic-eigengap__synthetic__fixed-ry__L1__lr0.01__bs64__seed4,results/runs/synthetic/synthetic-eigengap__synthetic__fixed-ry__L1__lr0.01__bs64__seed4_seed4,synthetic-eigengap,synthetic,fixed-ry,1,4,0.01,64,2000,True,plus,True,False,0.6619403194407202,0.6128048780487805,0.6598210705677585,0.612942612942613,0.6158536585365854,1155.3353658536587,,75.56250333786011,,225,16,65536,457b0468ba5f023a4a9f38816dbca0899481d04d,False
complete,synthetic,synthetic-eigengap__synthetic__fixed-ry__L1__lr0.01__bs64__seed5,results/runs/synthetic/synthetic-eigengap__synthetic__fixed-ry__L1__lr0.01__bs64__seed5_seed5,synthetic-eigengap,synthetic,fixed-ry,1,5,0.01,64,2000,True,plus,True,False,0.6598412221643182,0.6128048780487805,0.6569394669274329,0.6178266178266179,0.6189024390243902,1156.09756097561,,78.26975274085999,,225,16,65536,457b0468ba5f023a4a9f38816dbca0899481d04d,False
complete,synthetic,synthetic-eigengap__synthetic__fixed-ry__L1__lr0.01__bs64__seed6,results/runs/synthetic/synthetic-eigengap__synthetic__fixed-ry__L1__lr0.01__bs64__seed6_seed6,synthetic-eigengap,synthetic,fixed-ry,1,6,0.01,64,2000,True,plus,True,False,0.6587765775335407,0.6097560975609756,0.6564256328574193,0.6141636141636142,0.6310975609756098,1159.1463414634143,,78.4470739364624,,225,16,65536,457b0468ba5f023a4a9f38816dbca0899481d04d,False
complete,synthetic,synthetic-eigengap__synthetic__fixed-ry__L1__lr0.01__bs64__seed7,results/runs/synthetic/synthetic-eigengap__synthetic__fixed-ry__L1__lr0.01__bs64__seed7_seed7,synthetic-eigengap,synthetic,fixed-ry,1,7,0.01,64,2000,True,plus,True,False,0.6610922930558835,0.6097560975609756,0.6568482480356289,0.608058608058608,0.6189024390243902,1157.3170731707314,,75.87454438209534,,225,16,65536,457b0468ba5f023a4a9f38816dbca0899481d04d,False
complete,synthetic,synthetic-eigengap__synthetic__fixed-ry__L1__lr0.01__bs64__seed8,results/runs/synthetic/synthetic-eigengap__synthetic__fixed-ry__L1__lr0.01__bs64__seed8_seed8,synthetic-eigengap,synthetic,fixed-ry,1,8,0.01,64,2000,True,plus,True,False,0.6600389070590024,0.6128048780487805,0.6562520065297625,0.6117216117216118,0.6402439024390244,1162.1951219512196,,77.17566061019897,,225,16,65536,457b0468ba5f023a4a9f38816dbca0899481d04d,False
complete,synthetic,synthetic-eigengap__synthetic__fixed-ry__L1__lr0.01__bs64__seed9,results/runs/synthetic/synthetic-eigengap__synthetic__fixed-ry__L1__lr0.01__bs64__seed9_seed9,synthetic-eigengap,synthetic,fixed-ry,1,9,0.01,64,2000,True,plus,True,False,0.6648106250908302,0.5975609756097561,0.6623555160648393,0.6214896214896215,0.6158536585365854,1154.878048780488,,77.20791482925415,,225,16,65536,457b0468ba5f023a4a9f38816dbca0899481d04d,False
complete,synthetic,synthetic-eigengap__synthetic__fixed-ry__L2__lr0.01__bs64__seed0,results/runs/synthetic/synthetic-eigengap__synthetic__fixed-ry__L2__lr0.01__bs64__seed0_seed0,synthetic-eigengap,synthetic,fixed-ry,2,0,0.01,64,2000,True,plus,True,False,0.6520782509274586,0.6097560975609756,0.6407324350467835,0.6312576312576312,0.6310975609756098,1154.7256097560976,,173.0204849243164,,450,16,65536,5d760ef42d71a06acce4efdc9ed931be057f16a6,False
complete,synthetic,synthetic-eigengap__synthetic__fixed-ry__L2__lr0.01__bs64__seed10,results/runs/synthetic/synthetic-eigengap__synthetic__fixed-ry__L2__lr0.01__bs64__seed10_seed10,synthetic-eigengap,synthetic,fixed-ry,2,10,0.01,64,2000,True,plus,True,False,0.6641368515729874,0.6067073170731707,0.6560991399914543,0.612942612942613,0.6189024390243902,1151.6768292682927,,143.33960628509521,,450,16,65536,457b0468ba5f023a4a9f38816dbca0899481d04d,False
complete,synthetic,synthetic-eigengap__synthetic__fixed-ry__L2__lr0.01__bs64__seed11,results/runs/synthetic/synthetic-eigengap__synthetic__fixed-ry__L2__lr0.01__bs64__seed11_seed11,synthetic-eigengap,synthetic,fixed-ry,2,11,0.01,64,2000,True,plus,True,False,0.652606218957217,0.6036585365853658,0.6453801143094557,0.6275946275946276,0.6402439024390244,1161.8902439024394,,143.37647247314453,,450,16,65536,457b0468ba5f023a4a9f38816dbca0899481d04d,False
complete,synthetic,synthetic-eigengap__synthetic__fixed-ry__L2__lr0.01__bs64__seed12,results/runs/synthetic/synthetic-eigengap__synthetic__fixed-ry__L2__lr0.01__bs64__seed12_seed12,synthetic-eigengap,synthetic,fixed-ry,2,12,0.01,64,2000,True,plus,True,False,0.6496628221570158,0.6036585365853658,0.6491796164137725,0.6105006105006106,0.6219512195121951,1159.4512195121952,,143.33469891548157,,450,16,65536,457b0468ba5f023a4a9f38816dbca0899481d04d,False
complete,synthetic,synthetic-eigengap__synthetic__fixed-ry__L2__lr0.01__bs64__seed13,results/runs/synthetic/synthetic-eigengap__synthetic__fixed-ry__L2__lr0.01__bs64__seed13_seed13,synthetic-eigengap,synthetic,fixed-ry,2,13,0.01,64,2000,True,plus,True,False,0.6571069019057519,0.625,0.6503283148564943,0.6153846153846154,0.6371951219512195,1159.451219512195,,144.59118604660034,,450,16,65536,457b0468ba5f023a4a9f38816dbca0899481d04d,False
complete,synthetic,synthetic-eigengap__synthetic__fixed-ry__L2__lr0.01__bs64__seed14,results/runs/synthetic/synthetic-eigengap__synthetic__fixed-ry__L2__lr0.01__bs64__seed14_seed14,synthetic-eigengap,synthetic,fixed-ry,2,14,0.01,64,2000,True,plus,True,False,0.6455417102231907,0.6128048780487805,0.6378304894368202,0.6275946275946276,0.6189024390243902,1147.2560975609756,,143.18635630607605,,450,16,65536,457b0468ba5f023a4a9f38816dbca0899481d04d,False
complete,synthetic,synthetic-eigengap__synthetic__fixed-ry__L2__lr0.01__bs64__seed15,results/runs/synthetic/synthetic-eigengap__synthetic__fixed-ry__L2__lr0.01__bs64__seed15_seed15,synthetic-eigengap,synthetic,fixed-ry,2,15,0.01,64,2000,True,plus,True,False,0.6501216982832047,0.5945121951219512,0.6413698770265094,0.6263736263736264,0.6189024390243902,1144.969512195122,,144.97560024261475,,450,16,65536,457b0468ba5f023a4a9f38816dbca0899481d04d,False
complete,synthetic,synthetic-eigengap__synthetic__fixed-ry__L2__lr0.01__bs64__seed16,results/runs/synthetic/synthetic-eigengap__synthetic__fixed-ry__L2__lr0.01__bs64__seed16_seed16,synthetic-eigengap,synthetic,fixed-ry,2,16,0.01,64,2000,True,plus,True,False,0.6472752199534108,0.6158536585365854,0.645977852988529,0.6178266178266179,0.625,1158.9939024390242,,143.70966863632202,,450,16,65536,457b0468ba5f023a4a9f38816dbca0899481d04d,False
complete,synthetic,synthetic-eigengap__synthetic__fixed-ry__L2__lr0.01__bs64__seed17,results/runs/synthetic/synthetic-eigengap__synthetic__fixed-ry__L2__lr0.01__bs64__seed17_seed17,synthetic-eigengap,synthetic,fixed-ry,2,17,0.01,64,2000,True,plus,True,False,0.6586205628469691,0.6097560975609756,0.6454741939929097,0.6275946275946276,0.6310975609756098,1165.548780487805,,142.76647782325745,,450,16,65536,457b0468ba5f023a4a9f38816dbca0899481d04d,False
complete,synthetic,synthetic-eigengap__synthetic__fixed-ry__L2__lr0.01__bs64__seed18,results/runs/synthetic/synthetic-eigengap__synthetic__fixed-ry__L2__lr0.01__bs64__seed18_seed18,synthetic-eigengap,synthetic,fixed-ry,2,18,0.01,64,2000,True,plus,True,False,0.6510043505847901,0.6128048780487805,0.644026398857116,0.6227106227106227,0.6280487804878049,1156.5548780487804,,143.13732504844666,,450,16,65536,457b0468ba5f023a4a9f38816dbca0899481d04d,False
complete,synthetic,synthetic-eigengap__synthetic__fixed-ry__L2__lr0.01__bs64__seed19,results/runs/synthetic/synthetic-eigengap__synthetic__fixed-ry__L2__lr0.01__bs64__seed19_seed19,synthetic-eigengap,synthetic,fixed-ry,2,19,0.01,64,2000,True,plus,True,False,0.6452183964456056,0.6097560975609756,0.640755461718811,0.6312576312576312,0.6402439024390244,1166.158536585366,,143.5211477279663,,450,16,65536,457b0468ba5f023a4a9f38816dbca0899481d04d,False
complete,synthetic,synthetic-eigengap__synthetic__fixed-ry__L2__lr0.01__bs64__seed1,results/runs/synthetic/synthetic-eigengap__synthetic__fixed-ry__L2__lr0.01__bs64__seed1_seed1,synthetic-eigengap,synthetic,fixed-ry,2,1,0.01,64,2000,True,plus,True,False,0.6590399113186882,0.5914634146341463,0.6502664199808418,0.6178266178266179,0.625,1149.5426829268292,,143.44589567184448,,450,16,65536,457b0468ba5f023a4a9f38816dbca0899481d04d,False
complete,synthetic,synthetic-eigengap__synthetic__fixed-ry__L2__lr0.01__bs64__seed2,results/runs/synthetic/synthetic-eigengap__synthetic__fixed-ry__L2__lr0.01__bs64__seed2_seed2,synthetic-eigengap,synthetic,fixed-ry,2,2,0.01,64,2000,True,plus,True,False,0.6477101295973066,0.6036585365853658,0.6456454686899875,0.6092796092796092,0.625,1154.5731707317073,,143.10180687904358,,450,16,65536,457b0468ba5f023a4a9f38816dbca0899481d04d,False
complete,synthetic,synthetic-eigengap__synthetic__fixed-ry__L2__lr0.01__bs64__seed3,results/runs/synthetic/synthetic-eigengap__synthetic__fixed-ry__L2__lr0.01__bs64__seed3_seed3,synthetic-eigengap,synthetic,fixed-ry,2,3,0.01,64,2000,True,plus,True,False,0.6605188657771838,0.5914634146341463,0.6449202147523783,0.6141636141636142,0.6219512195121951,1144.2073170731708,,142.53825521469116,,450,16,65536,457b0468ba5f023a4a9f38816dbca0899481d04d,False
complete,synthetic,synthetic-eigengap__synthetic__fixed-ry__L2__lr0.01__bs64__seed4,results/runs/synthetic/synthetic-eigengap__synthetic__fixed-ry__L2__lr0.01__bs64__seed4_seed4,synthetic-eigengap,synthetic,fixed-ry,2,4,0.01,64,2000,True,plus,True,False,0.648437559209222,0.6189024390243902,0.6455046149348446,0.6288156288156288,0.6310975609756098,1165.701219512195,,141.95921158790588,,450,16,65536,457b0468ba5f023a4a9f38816dbca0899481d04d,False
complete,synthetic,synthetic-eigengap__synthetic__fixed-ry__L2__lr0.01__bs64__seed5,results/runs/synthetic/synthetic-eigengap__synthetic__fixed-ry__L2__lr0.01__bs64__seed5_seed5,synthetic-eigengap,synthetic,fixed-ry,2,5,0.01,64,2000,True,plus,True,False,0.6463673061617446,0.6158536585365854,0.6416544977511013,0.6251526251526252,0.6432926829268293,1162.8048780487804,,144.2135715484619,,450,16,65536,457b0468ba5f023a4a9f38816dbca0899481d04d,False
complete,synthetic,synthetic-eigengap__synthetic__fixed-ry__L2__lr0.01__bs64__seed6,results/runs/synthetic/synthetic-eigengap__synthetic__fixed-ry__L2__lr0.01__bs64__seed6_seed6,synthetic-eigengap,synthetic,fixed-ry,2,6,0.01,64,2000,True,plus,True,False,0.6461126814728038,0.6158536585365854,0.6432661683716716,0.6178266178266179,0.6310975609756098,1160.8231707317075,,143.5953607559204,,450,16,65536,457b0468ba5f023a4a9f38816dbca0899481d04d,False
complete,synthetic,synthetic-eigengap__synthetic__fixed-ry__L2__lr0.01__bs64__seed7,results/runs/synthetic/synthetic-eigengap__synthetic__fixed-ry__L2__lr0.01__bs64__seed7_seed7,synthetic-eigengap,synthetic,fixed-ry,2,7,0.01,64,2000,True,plus,True,False,0.6521569822591166,0.5945121951219512,0.6404583876446183,0.6239316239316239,0.6341463414634146,1159.9085365853657,,142.20927667617798,,450,16,65536,457b0468ba5f023a4a9f38816dbca0899481d04d,False
complete,synthetic,synthetic-eigengap__synthetic__fixed-ry__L2__lr0.01__bs64__seed8,results/runs/synthetic/synthetic-eigengap__synthetic__fixed-ry__L2__lr0.01__bs64__seed8_seed8,synthetic-eigengap,synthetic,fixed-ry,2,8,0.01,64,2000,True,plus,True,False,0.6512113000002968,0.6067073170731707,0.6440287826580882,0.6202686202686203,0.6371951219512195,1161.5853658536585,,143.268296957016,,450,16,65536,457b0468ba5f023a4a9f38816dbca0899481d04d,False
complete,synthetic,synthetic-eigengap__synthetic__fixed-ry__L2__lr0.01__bs64__seed9,results/runs/synthetic/synthetic-eigengap__synthetic__fixed-ry__L2__lr0.01__bs64__seed9_seed9,synthetic-eigengap,synthetic,fixed-ry,2,9,0.01,64,2000,True,plus,True,False,0.666821243527263,0.5975609756097561,0.659842866038049,0.6166056166056166,0.6219512195121951,1145.2743902439024,,143.57532453536987,,450,16,65536,457b0468ba5f023a4a9f38816dbca0899481d04d,False
complete,synthetic,synthetic-eigengap__synthetic__fixed-ry__L32__lr0.01__bs64__seed0,results/runs/synthetic/synthetic-eigengap__synthetic__fixed-ry__L32__lr0.01__bs64__seed0_seed0,synthetic-eigengap,synthetic,fixed-ry,32,0,0.01,64,2000,True,plus,True,False,0.5966808070734384,0.6890243902439024,0.6107830661892208,0.6544566544566545,0.6890243902439024,1157.621951219512,,2499.9673805236816,,7200,16,65536,457b0468ba5f023a4a9f38816dbca0899481d04d,False
complete,synthetic,synthetic-eigengap__synthetic__fixed-ry__L32__lr0.01__bs64__seed10,results/runs/synthetic/synthetic-eigengap__synthetic__fixed-ry__L32__lr0.01__bs64__seed10_seed10,synthetic-eigengap,synthetic,fixed-ry,32,10,0.01,64,2000,True,plus,True,False,0.6406118224653409,0.5945121951219512,0.6169019174859178,0.6239316239316239,0.6371951219512195,1149.2378048780488,,2480.7749106884003,,7200,16,65536,457b0468ba5f023a4a9f38816dbca0899481d04d,False
complete,synthetic,synthetic-eigengap__synthetic__fixed-ry__L32__lr0.01__bs64__seed11,results/runs/synthetic/synthetic-eigengap__synthetic__fixed-ry__L32__lr0.01__bs64__seed11_seed11,synthetic-eigengap,synthetic,fixed-ry,32,11,0.01,64,2000,True,plus,True,False,0.6423425028407389,0.625,0.6318091466000539,0.6507936507936508,0.6554878048780488,1180.9451219512196,,2475.8133206367493,,7200,16,65536,457b0468ba5f023a4a9f38816dbca0899481d04d,False
complete,synthetic,synthetic-eigengap__synthetic__fixed-ry__L32__lr0.01__bs64__seed12,results/runs/synthetic/synthetic-eigengap__synthetic__fixed-ry__L32__lr0.01__bs64__seed12_seed12,synthetic-eigengap,synthetic,fixed-ry,32,12,0.01,64,2000,True,plus,True,False,0.6292347597312922,0.6189024390243902,0.634633120898051,0.6202686202686203,0.6371951219512195,1165.8536585365853,,2489.675028562546,,7200,16,65536,457b0468ba5f023a4a9f38816dbca0899481d04d,False
complete,synthetic,synthetic-eigengap__synthetic__fixed-ry__L32__lr0.01__bs64__seed13,results/runs/synthetic/synthetic-eigengap__synthetic__fixed-ry__L32__lr0.01__bs64__seed13_seed13,synthetic-eigengap,synthetic,fixed-ry,32,13,0.01,64,2000,True,plus,True,False,0.5983598724981207,0.6737804878048781,0.5953088309458012,0.6556776556776557,0.698170731707317,1199.6951219512196,,2482.2000494003296,,7200,16,65536,457b0468ba5f023a4a9f38816dbca0899481d04d,False
complete,synthetic,synthetic-eigengap__synthetic__fixed-ry__L32__lr0.01__bs64__seed14,results/runs/synthetic/synthetic-eigengap__synthetic__fixed-ry__L32__lr0.01__bs64__seed14_seed14,synthetic-eigengap,synthetic,fixed-ry,32,14,0.01,64,2000,True,plus,True,False,0.6325546012570211,0.600609756097561,0.6249962826299328,0.6349206349206349,0.6432926829268293,1160.2134146341466,,2479.7566130161285,,7200,16,65536,457b0468ba5f023a4a9f38816dbca0899481d04d,False
complete,synthetic,synthetic-eigengap__synthetic__fixed-ry__L32__lr0.01__bs64__seed15,results/runs/synthetic/synthetic-eigengap__synthetic__fixed-ry__L32__lr0.01__bs64__seed15_seed15,synthetic-eigengap,synthetic,fixed-ry,32,15,0.01,64,2000,True,plus,True,False,0.6075248691507634,0.6646341463414634,0.6121384770257997,0.6422466422466423,0.6646341463414634,1167.530487804878,,2484.4352395534515,,7200,16,65536,457b0468ba5f023a4a9f38816dbca0899481d04d,False
complete,synthetic,synthetic-eigengap__synthetic__fixed-ry__L32__lr0.01__bs64__seed16,results/runs/synthetic/synthetic-eigengap__synthetic__fixed-ry__L32__lr0.01__bs64__seed16_seed16,synthetic-eigengap,synthetic,fixed-ry,32,16,0.01,64,2000,True,plus,True,False,0.6105043092338378,0.6615853658536586,0.6098802506367846,0.6532356532356532,0.6676829268292683,1150.9146341463415,,2485.4960210323334,,7200,16,65536,457b0468ba5f023a4a9f38816dbca0899481d04d,False
complete,synthetic,synthetic-eigengap__synthetic__fixed-ry__L32__lr0.01__bs64__seed17,results/runs/synthetic/synthetic-eigengap__synthetic__fixed-ry__L32__lr0.01__bs64__seed17_seed17,synthetic-eigengap,synthetic,fixed-ry,32,17,0.01,64,2000,True,plus,True,False,0.6036839565378561,0.6707317073170732,0.6122007676095453,0.6483516483516484,0.6951219512195121,1175.15243902439,,2470.450887441635,,7200,16,65536,457b0468ba5f023a4a9f38816dbca0899481d04d,False
complete,synthetic,synthetic-eigengap__synthetic__fixed-ry__L32__lr0.01__bs64__seed18,results/runs/synthetic/synthetic-eigengap__synthetic__fixed-ry__L32__lr0.01__bs64__seed18_seed18,synthetic-eigengap,synthetic,fixed-ry,32,18,0.01,64,2000,True,plus,True,False,0.5976498579407994,0.6829268292682927,0.6016745993267582,0.6617826617826618,0.6829268292682927,1164.3292682926829,,2470.5679371356964,,7200,16,65536,457b0468ba5f023a4a9f38816dbca0899481d04d,False
complete,synthetic,synthetic-eigengap__synthetic__fixed-ry__L32__lr0.01__bs64__seed19,results/runs/synthetic/synthetic-eigengap__synthetic__fixed-ry__L32__lr0.01__bs64__seed19_seed19,synthetic-eigengap,synthetic,fixed-ry,32,19,0.01,64,2000,True,plus,True,False,0.6131822610337374,0.649390243902439,0.6213878815662257,0.6568986568986569,0.6585365853658537,1154.8780487804877,,2472.9072074890137,,7200,16,65536,457b0468ba5f023a4a9f38816dbca0899481d04d,False
complete,synthetic,synthetic-eigengap__synthetic__fixed-ry__L32__lr0.01__bs64__seed1,results/runs/synthetic/synthetic-eigengap__synthetic__fixed-ry__L32__lr0.01__bs64__seed1_seed1,synthetic-eigengap,synthetic,fixed-ry,32,1,0.01,64,2000,True,plus,True,False,0.6283785658145637,0.6463414634146342,0.6134582986619652,0.6691086691086691,0.6585365853658537,1173.018292682927,,2554.7439930438995,,7200,16,65536,5d760ef42d71a06acce4efdc9ed931be057f16a6,False
complete,synthetic,synthetic-eigengap__synthetic__fixed-ry__L32__lr0.01__bs64__seed2,results/runs/synthetic/synthetic-eigengap__synthetic__fixed-ry__L32__lr0.01__bs64__seed2_seed2,synthetic-eigengap,synthetic,fixed-ry,32,2,0.01,64,2000,True,plus,True,False,0.5971687016984105,0.6676829268292683,0.5901553974733544,0.6825396825396826,0.6676829268292683,1162.34756097561,,2468.376040458679,,7200,16,65536,457b0468ba5f023a4a9f38816dbca0899481d04d,False
complete,synthetic,synthetic-eigengap__synthetic__fixed-ry__L32__lr0.01__bs64__seed3,results/runs/synthetic/synthetic-eigengap__synthetic__fixed-ry__L32__lr0.01__bs64__seed3_seed3,synthetic-eigengap,synthetic,fixed-ry,32,3,0.01,64,2000,True,plus,True,False,0.610111284608158,0.6585365853658537,0.6044455781885979,0.6532356532356532,0.6676829268292683,1176.3719512195123,,2485.4400317668915,,7200,16,65536,457b0468ba5f023a4a9f38816dbca0899481d04d,False
complete,synthetic,synthetic-eigengap__synthetic__fixed-ry__L32__lr0.01__bs64__seed4,results/runs/synthetic/synthetic-eigengap__synthetic__fixed-ry__L32__lr0.01__bs64__seed4_seed4,synthetic-eigengap,synthetic,fixed-ry,32,4,0.01,64,2000,True,plus,True,False,0.6202255703317605,0.6585365853658537,0.6205085313936146,0.6471306471306472,0.6585365853658537,1154.8780487804881,,2476.3042628765106,,7200,16,65536,457b0468ba5f023a4a9f38816dbca0899481d04d,False
complete,synthetic,synthetic-eigengap__synthetic__fixed-ry__L32__lr0.01__bs64__seed5,results/runs/synthetic/synthetic-eigengap__synthetic__fixed-ry__L32__lr0.01__bs64__seed5_seed5,synthetic-eigengap,synthetic,fixed-ry,32,5,0.01,64,2000,True,plus,True,False,0.5929512806073698,0.6737804878048781,0.5895946175230887,0.673992673992674,0.676829268292683,1181.4024390243903,,2469.3162789344788,,7200,16,65536,457b0468ba5f023a4a9f38816dbca0899481d04d,False
complete,synthetic,synthetic-eigengap__synthetic__fixed-ry__L32__lr0.01__bs64__seed6,results/runs/synthetic/synthetic-eigengap__synthetic__fixed-ry__L32__lr0.01__bs64__seed6_seed6,synthetic-eigengap,synthetic,fixed-ry,32,6,0.01,64,2000,True,plus,True,False,0.5873777485822244,0.7012195121951219,0.6003341872829953,0.6752136752136753,0.7012195121951219,1213.1097560975609,,2479.6760268211365,,7200,16,65536,457b0468ba5f023a4a9f38816dbca0899481d04d,False
complete,synthetic,synthetic-eigengap__synthetic__fixed-ry__L32__lr0.01__bs64__seed7,results/runs/synthetic/synthetic-eigengap__synthetic__fixed-ry__L32__lr0.01__bs64__seed7_seed7,synthetic-eigengap,synthetic,fixed-ry,32,7,0.01,64,2000,True,plus,True,False,0.6088804566844208,0.6463414634146342,0.6060351266750912,0.6373626373626373,0.6463414634146342,1141.158536585366,,2477.3295888900757,,7200,16,65536,457b0468ba5f023a4a9f38816dbca0899481d04d,False
complete,synthetic,synthetic-eigengap__synthetic__fixed-ry__L32__lr0.01__bs64__seed8,results/runs/synthetic/synthetic-eigengap__synthetic__fixed-ry__L32__lr0.01__bs64__seed8_seed8,synthetic-eigengap,synthetic,fixed-ry,32,8,0.01,64,2000,True,plus,True,False,0.6109273364912746,0.6463414634146342,0.6030463777032115,0.6764346764346765,0.6829268292682927,1174.6951219512196,,2510.867320537567,,7200,16,65536,5d760ef42d71a06acce4efdc9ed931be057f16a6,False
complete,synthetic,synthetic-eigengap__synthetic__fixed-ry__L32__lr0.01__bs64__seed9,results/runs/synthetic/synthetic-eigengap__synthetic__fixed-ry__L32__lr0.01__bs64__seed9_seed9,synthetic-eigengap,synthetic,fixed-ry,32,9,0.01,64,2000,True,plus,True,False,0.6094503560161496,0.6585365853658537,0.6049914502948809,0.6617826617826618,0.6737804878048781,1176.0670731707316,,2503.2215831279755,,7200,16,65536,457b0468ba5f023a4a9f38816dbca0899481d04d,False
complete,synthetic,synthetic-eigengap__synthetic__fixed-ry__L4__lr0.01__bs64__seed0,results/runs/synthetic/synthetic-eigengap__synthetic__fixed-ry__L4__lr0.01__bs64__seed0_seed0,synthetic-eigengap,synthetic,fixed-ry,4,0,0.01,64,2000,True,plus,True,False,0.6060333968904258,0.649390243902439,0.6104625901582982,0.6605616605616605,0.6798780487804879,1237.65243902439,,429.17234539985657,,900,16,65536,5d760ef42d71a06acce4efdc9ed931be057f16a6,False
complete,synthetic,synthetic-eigengap__synthetic__fixed-ry__L4__lr0.01__bs64__seed10,results/runs/synthetic/synthetic-eigengap__synthetic__fixed-ry__L4__lr0.01__bs64__seed10_seed10,synthetic-eigengap,synthetic,fixed-ry,4,10,0.01,64,2000,True,plus,True,False,0.6184620631618487,0.6646341463414634,0.6042710392602553,0.6593406593406593,0.6646341463414634,1205.3353658536585,,278.63484382629395,,900,16,65536,457b0468ba5f023a4a9f38816dbca0899481d04d,False
complete,synthetic,synthetic-eigengap__synthetic__fixed-ry__L4__lr0.01__bs64__seed11,results/runs/synthetic/synthetic-eigengap__synthetic__fixed-ry__L4__lr0.01__bs64__seed11_seed11,synthetic-eigengap,synthetic,fixed-ry,4,11,0.01,64,2000,True,plus,True,False,0.6148950244929547,0.6524390243902439,0.6132844393288344,0.6544566544566545,0.6524390243902439,1188.5670731707316,,273.86262702941895,,900,16,65536,457b0468ba5f023a4a9f38816dbca0899481d04d,False
complete,synthetic,synthetic-eigengap__synthetic__fixed-ry__L4__lr0.01__bs64__seed12,results/runs/synthetic/synthetic-eigengap__synthetic__fixed-ry__L4__lr0.01__bs64__seed12_seed12,synthetic-eigengap,synthetic,fixed-ry,4,12,0.01,64,2000,True,plus,True,False,0.6135327302459678,0.6310975609756098,0.6098079149447972,0.6471306471306472,0.6646341463414634,1203.0487804878048,,278.3374044895172,,900,16,65536,457b0468ba5f023a4a9f38816dbca0899481d04d,False
complete,synthetic,synthetic-eigengap__synthetic__fixed-ry__L4__lr0.01__bs64__seed13,results/runs/synthetic/synthetic-eigengap__synthetic__fixed-ry__L4__lr0.01__bs64__seed13_seed13,synthetic-eigengap,synthetic,fixed-ry,4,13,0.01,64,2000,True,plus,True,False,0.6156944259314855,0.6737804878048781,0.6129881980898089,0.6568986568986569,0.6737804878048781,1213.567073170732,,274.2167901992798,,900,16,65536,457b0468ba5f023a4a9f38816dbca0899481d04d,False
complete,synthetic,synthetic-eigengap__synthetic__fixed-ry__L4__lr0.01__bs64__seed14,results/runs/synthetic/synthetic-eigengap__synthetic__fixed-ry__L4__lr0.01__bs64__seed14_seed14,synthetic-eigengap,synthetic,fixed-ry,4,14,0.01,64,2000,True,plus,True,False,0.602709785047863,0.649390243902439,0.6174745439787065,0.6507936507936508,0.6646341463414634,1222.8658536585365,,276.1497986316681,,900,16,65536,457b0468ba5f023a4a9f38816dbca0899481d04d,False
complete,synthetic,synthetic-eigengap__synthetic__fixed-ry__L4__lr0.01__bs64__seed15,results/runs/synthetic/synthetic-eigengap__synthetic__fixed-ry__L4__lr0.01__bs64__seed15_seed15,synthetic-eigengap,synthetic,fixed-ry,4,15,0.01,64,2000,True,plus,True,False,0.6151970211190917,0.6524390243902439,0.6075033620380705,0.652014652014652,0.6646341463414634,1212.4999999999998,,278.541081905365,,900,16,65536,457b0468ba5f023a4a9f38816dbca0899481d04d,False
complete,synthetic,synthetic-eigengap__synthetic__fixed-ry__L4__lr0.01__bs64__seed16,results/runs/synthetic/synthetic-eigengap__synthetic__fixed-ry__L4__lr0.01__bs64__seed16_seed16,synthetic-eigengap,synthetic,fixed-ry,4,16,0.01,64,2000,True,plus,True,False,0.608497961287884,0.6463414634146342,0.610221224857884,0.6446886446886447,0.6615853658536586,1201.8292682926826,,279.07327699661255,,900,16,65536,457b0468ba5f023a4a9f38816dbca0899481d04d,False
complete,synthetic,synthetic-eigengap__synthetic__fixed-ry__L4__lr0.01__bs64__seed17,results/runs/synthetic/synthetic-eigengap__synthetic__fixed-ry__L4__lr0.01__bs64__seed17_seed17,synthetic-eigengap,synthetic,fixed-ry,4,17,0.01,64,2000,True,plus,True,False,0.6151337481767609,0.6432926829268293,0.613869001685792,0.6251526251526252,0.6737804878048781,1206.8597560975613,,277.11364817619324,,900,16,65536,457b0468ba5f023a4a9f38816dbca0899481d04d,False
complete,synthetic,synthetic-eigengap__synthetic__fixed-ry__L4__lr0.01__bs64__seed18,results/runs/synthetic/synthetic-eigengap__synthetic__fixed-ry__L4__lr0.01__bs64__seed18_seed18,synthetic-eigengap,synthetic,fixed-ry,4,18,0.01,64,2000,True,plus,True,False,0.6029496959732786,0.6432926829268293,0.5985955075412186,0.6605616605616605,0.6585365853658537,1186.4329268292688,,275.6426546573639,,900,16,65536,457b0468ba5f023a4a9f38816dbca0899481d04d,False
complete,synthetic,synthetic-eigengap__synthetic__fixed-ry__L4__lr0.01__bs64__seed19,results/runs/synthetic/synthetic-eigengap__synthetic__fixed-ry__L4__lr0.01__bs64__seed19_seed19,synthetic-eigengap,synthetic,fixed-ry,4,19,0.01,64,2000,True,plus,True,False,0.6143606280828655,0.6402439024390244,0.6092223851599028,0.6568986568986569,0.6676829268292683,1203.2012195121954,,278.8508851528168,,900,16,65536,457b0468ba5f023a4a9f38816dbca0899481d04d,False
complete,synthetic,synthetic-eigengap__synthetic__fixed-ry__L4__lr0.01__bs64__seed1,results/runs/synthetic/synthetic-eigengap__synthetic__fixed-ry__L4__lr0.01__bs64__seed1_seed1,synthetic-eigengap,synthetic,fixed-ry,4,1,0.01,64,2000,True,plus,True,False,0.625381739771809,0.6676829268292683,0.6161757723181158,0.6507936507936508,0.6676829268292683,1216.158536585366,,273.4276261329651,,900,16,65536,457b0468ba5f023a4a9f38816dbca0899481d04d,False
complete,synthetic,synthetic-eigengap__synthetic__fixed-ry__L4__lr0.01__bs64__seed2,results/runs/synthetic/synthetic-eigengap__synthetic__fixed-ry__L4__lr0.01__bs64__seed2_seed2,synthetic-eigengap,synthetic,fixed-ry,4,2,0.01,64,2000,True,plus,True,False,0.6183651261573472,0.6432926829268293,0.6248881078878847,0.6336996336996337,0.6707317073170732,1202.591463414634,,272.67199754714966,,900,16,65536,457b0468ba5f023a4a9f38816dbca0899481d04d,False
complete,synthetic,synthetic-eigengap__synthetic__fixed-ry__L4__lr0.01__bs64__seed3,results/runs/synthetic/synthetic-eigengap__synthetic__fixed-ry__L4__lr0.01__bs64__seed3_seed3,synthetic-eigengap,synthetic,fixed-ry,4,3,0.01,64,2000,True,plus,True,False,0.6209906294555948,0.6524390243902439,0.6144030850494371,0.6483516483516484,0.6615853658536586,1219.5121951219514,,280.163765668869,,900,16,65536,457b0468ba5f023a4a9f38816dbca0899481d04d,False
complete,synthetic,synthetic-eigengap__synthetic__fixed-ry__L4__lr0.01__bs64__seed4,results/runs/synthetic/synthetic-eigengap__synthetic__fixed-ry__L4__lr0.01__bs64__seed4_seed4,synthetic-eigengap,synthetic,fixed-ry,4,4,0.01,64,2000,True,plus,True,False,0.6122084167935271,0.6371951219512195,0.6139988415665042,0.6434676434676435,0.6676829268292683,1201.2195121951222,,276.18992376327515,,900,16,65536,457b0468ba5f023a4a9f38816dbca0899481d04d,False
complete,synthetic,synthetic-eigengap__synthetic__fixed-ry__L4__lr0.01__bs64__seed5,results/runs/synthetic/synthetic-eigengap__synthetic__fixed-ry__L4__lr0.01__bs64__seed5_seed5,synthetic-eigengap,synthetic,fixed-ry,4,5,0.01,64,2000,True,plus,True,False,0.6146369059544351,0.6432926829268293,0.6025362264542211,0.6727716727716728,0.6707317073170732,1213.2621951219512,,276.2712275981903,,900,16,65536,457b0468ba5f023a4a9f38816dbca0899481d04d,False
complete,synthetic,synthetic-eigengap__synthetic__fixed-ry__L4__lr0.01__bs64__seed6,results/runs/synthetic/synthetic-eigengap__synthetic__fixed-ry__L4__lr0.01__bs64__seed6_seed6,synthetic-eigengap,synthetic,fixed-ry,4,6,0.01,64,2000,True,plus,True,False,0.6064703688879384,0.6524390243902439,0.5986833058141854,0.6568986568986569,0.6646341463414634,1230.1829268292681,,278.5291247367859,,900,16,65536,457b0468ba5f023a4a9f38816dbca0899481d04d,False
complete,synthetic,synthetic-eigengap__synthetic__fixed-ry__L4__lr0.01__bs64__seed7,results/runs/synthetic/synthetic-eigengap__synthetic__fixed-ry__L4__lr0.01__bs64__seed7_seed7,synthetic-eigengap,synthetic,fixed-ry,4,7,0.01,64,2000,True,plus,True,False,0.6093296246553546,0.6463414634146342,0.6047754504413437,0.6568986568986569,0.6615853658536586,1224.0853658536582,,273.8674235343933,,900,16,65536,457b0468ba5f023a4a9f38816dbca0899481d04d,False
complete,synthetic,synthetic-eigengap__synthetic__fixed-ry__L4__lr0.01__bs64__seed8,results/runs/synthetic/synthetic-eigengap__synthetic__fixed-ry__L4__lr0.01__bs64__seed8_seed8,synthetic-eigengap,synthetic,fixed-ry,4,8,0.01,64,2000,True,plus,True,False,0.623927811434638,0.6402439024390244,0.6148425678119716,0.6642246642246642,0.6554878048780488,1202.4390243902437,,280.5689091682434,,900,16,65536,457b0468ba5f023a4a9f38816dbca0899481d04d,False
complete,synthetic,synthetic-eigengap__synthetic__fixed-ry__L4__lr0.01__bs64__seed9,results/runs/synthetic/synthetic-eigengap__synthetic__fixed-ry__L4__lr0.01__bs64__seed9_seed9,synthetic-eigengap,synthetic,fixed-ry,4,9,0.01,64,2000,True,plus,True,False,0.6189550499682591,0.6585365853658537,0.6138919647097596,0.6434676434676435,0.6615853658536586,1206.2500000000002,,273.29629778862,,900,16,65536,457b0468ba5f023a4a9f38816dbca0899481d04d,False
complete,synthetic,synthetic-eigengap__synthetic__fixed-ry__L8__lr0.01__bs64__seed0,results/runs/synthetic/synthetic-eigengap__synthetic__fixed-ry__L8__lr0.01__bs64__seed0_seed0,synthetic-eigengap,synthetic,fixed-ry,8,0,0.01,64,2000,True,plus,True,False,0.5819691486589967,0.6890243902439024,0.5912470756180997,0.6764346764346765,0.7073170731707317,1287.3475609756097,,558.2388553619385,,1800,16,65536,457b0468ba5f023a4a9f38816dbca0899481d04d,False
complete,synthetic,synthetic-eigengap__synthetic__fixed-ry__L8__lr0.01__bs64__seed10,results/runs/synthetic/synthetic-eigengap__synthetic__fixed-ry__L8__lr0.01__bs64__seed10_seed10,synthetic-eigengap,synthetic,fixed-ry,8,10,0.01,64,2000,True,plus,True,False,0.5820322901478622,0.6890243902439024,0.5905394373117141,0.6825396825396826,0.7073170731707317,1259.7560975609756,,562.5251221656799,,1800,16,65536,457b0468ba5f023a4a9f38816dbca0899481d04d,False
complete,synthetic,synthetic-eigengap__synthetic__fixed-ry__L8__lr0.01__bs64__seed11,results/runs/synthetic/synthetic-eigengap__synthetic__fixed-ry__L8__lr0.01__bs64__seed11_seed11,synthetic-eigengap,synthetic,fixed-ry,8,11,0.01,64,2000,True,plus,True,False,0.5891340215468994,0.6707317073170732,0.6011319112252981,0.684981684981685,0.7164634146341463,1270.4268292682925,,561.6936941146851,,1800,16,65536,457b0468ba5f023a4a9f38816dbca0899481d04d,False
complete,synthetic,synthetic-eigengap__synthetic__fixed-ry__L8__lr0.01__bs64__seed12,results/runs/synthetic/synthetic-eigengap__synthetic__fixed-ry__L8__lr0.01__bs64__seed12_seed12,synthetic-eigengap,synthetic,fixed-ry,8,12,0.01,64,2000,True,plus,True,False,0.5688853114880408,0.725609756097561,0.5804283388410012,0.6752136752136753,0.725609756097561,1271.6463414634147,,559.2325170040131,,1800,16,65536,457b0468ba5f023a4a9f38816dbca0899481d04d,False
complete,synthetic,synthetic-eigengap__synthetic__fixed-ry__L8__lr0.01__bs64__seed13,results/runs/synthetic/synthetic-eigengap__synthetic__fixed-ry__L8__lr0.01__bs64__seed13_seed13,synthetic-eigengap,synthetic,fixed-ry,8,13,0.01,64,2000,True,plus,True,False,0.5942052642606755,0.6554878048780488,0.5840409796379822,0.6813186813186813,0.6920731707317073,1239.4817073170732,,561.3372838497162,,1800,16,65536,457b0468ba5f023a4a9f38816dbca0899481d04d,False
complete,synthetic,synthetic-eigengap__synthetic__fixed-ry__L8__lr0.01__bs64__seed14,results/runs/synthetic/synthetic-eigengap__synthetic__fixed-ry__L8__lr0.01__bs64__seed14_seed14,synthetic-eigengap,synthetic,fixed-ry,8,14,0.01,64,2000,True,plus,True,False,0.5775341574498939,0.698170731707317,0.5966547286367943,0.652014652014652,0.7073170731707317,1267.5304878048782,,557.3091883659363,,1800,16,65536,457b0468ba5f023a4a9f38816dbca0899481d04d,False
complete,synthetic,synthetic-eigengap__synthetic__fixed-ry__L8__lr0.01__bs64__seed15,results/runs/synthetic/synthetic-eigengap__synthetic__fixed-ry__L8__lr0.01__bs64__seed15_seed15,synthetic-eigengap,synthetic,fixed-ry,8,15,0.01,64,2000,True,plus,True,False,0.5927320977559514,0.6676829268292683,0.5966948784551367,0.6800976800976801,0.7073170731707317,1260.9756097560976,,559.967574596405,,1800,16,65536,457b0468ba5f023a4a9f38816dbca0899481d04d,False
complete,synthetic,synthetic-eigengap__synthetic__fixed-ry__L8__lr0.01__bs64__seed16,results/runs/synthetic/synthetic-eigengap__synthetic__fixed-ry__L8__lr0.01__bs64__seed16_seed16,synthetic-eigengap,synthetic,fixed-ry,8,16,0.01,64,2000,True,plus,True,False,0.5896931959397363,0.7042682926829268,0.598456825821542,0.6764346764346765,0.7042682926829268,1240.701219512195,,562.1297733783722,,1800,16,65536,457b0468ba5f023a4a9f38816dbca0899481d04d,False
complete,synthetic,synthetic-eigengap__synthetic__fixed-ry__L8__lr0.01__bs64__seed17,results/runs/synthetic/synthetic-eigengap__synthetic__fixed-ry__L8__lr0.01__bs64__seed17_seed17,synthetic-eigengap,synthetic,fixed-ry,8,17,0.01,64,2000,True,plus,True,False,0.5898572787674625,0.6920731707317073,0.5999839956678954,0.6666666666666666,0.7012195121951219,1281.707317073171,,565.9023332595825,,1800,16,65536,457b0468ba5f023a4a9f38816dbca0899481d04d,False
complete,synthetic,synthetic-eigengap__synthetic__fixed-ry__L8__lr0.01__bs64__seed18,results/runs/synthetic/synthetic-eigengap__synthetic__fixed-ry__L8__lr0.01__bs64__seed18_seed18,synthetic-eigengap,synthetic,fixed-ry,8,18,0.01,64,2000,True,plus,True,False,0.5747698436999592,0.7073170731707317,0.5827291787300536,0.6788766788766789,0.7073170731707317,1245.7317073170734,,562.6743304729462,,1800,16,65536,457b0468ba5f023a4a9f38816dbca0899481d04d,False
complete,synthetic,synthetic-eigengap__synthetic__fixed-ry__L8__lr0.01__bs64__seed19,results/runs/synthetic/synthetic-eigengap__synthetic__fixed-ry__L8__lr0.01__bs64__seed19_seed19,synthetic-eigengap,synthetic,fixed-ry,8,19,0.01,64,2000,True,plus,True,False,0.5799708374869227,0.6890243902439024,0.5901364708449831,0.6678876678876678,0.6890243902439024,1242.0731707317073,,567.4440531730652,,1800,16,65536,457b0468ba5f023a4a9f38816dbca0899481d04d,False
complete,synthetic,synthetic-eigengap__synthetic__fixed-ry__L8__lr0.01__bs64__seed1,results/runs/synthetic/synthetic-eigengap__synthetic__fixed-ry__L8__lr0.01__bs64__seed1_seed1,synthetic-eigengap,synthetic,fixed-ry,8,1,0.01,64,2000,True,plus,True,False,0.6082642854622516,0.6646341463414634,0.603439810593718,0.6715506715506715,0.7134146341463414,1261.2804878048782,,557.9179134368896,,1800,16,65536,457b0468ba5f023a4a9f38816dbca0899481d04d,False
complete,synthetic,synthetic-eigengap__synthetic__fixed-ry__L8__lr0.01__bs64__seed2,results/runs/synthetic/synthetic-eigengap__synthetic__fixed-ry__L8__lr0.01__bs64__seed2_seed2,synthetic-eigengap,synthetic,fixed-ry,8,2,0.01,64,2000,True,plus,True,False,0.5898899660273602,0.7012195121951219,0.5887615093964681,0.6764346764346765,0.7012195121951219,1262.9573170731705,,564.5392801761627,,1800,16,65536,457b0468ba5f023a4a9f38816dbca0899481d04d,False
complete,synthetic,synthetic-eigengap__synthetic__fixed-ry__L8__lr0.01__bs64__seed3,results/runs/synthetic/synthetic-eigengap__synthetic__fixed-ry__L8__lr0.01__bs64__seed3_seed3,synthetic-eigengap,synthetic,fixed-ry,8,3,0.01,64,2000,True,plus,True,False,0.5961221537172988,0.698170731707317,0.5985628439288648,0.6776556776556777,0.698170731707317,1245.4268292682925,,568.0031552314758,,1800,16,65536,457b0468ba5f023a4a9f38816dbca0899481d04d,False
complete,synthetic,synthetic-eigengap__synthetic__fixed-ry__L8__lr0.01__bs64__seed4,results/runs/synthetic/synthetic-eigengap__synthetic__fixed-ry__L8__lr0.01__bs64__seed4_seed4,synthetic-eigengap,synthetic,fixed-ry,8,4,0.01,64,2000,True,plus,True,False,0.5853505989381723,0.6798780487804879,0.5935311404052,0.6654456654456654,0.6951219512195121,1262.5,,568.6500792503357,,1800,16,65536,457b0468ba5f023a4a9f38816dbca0899481d04d,False
complete,synthetic,synthetic-eigengap__synthetic__fixed-ry__L8__lr0.01__bs64__seed5,results/runs/synthetic/synthetic-eigengap__synthetic__fixed-ry__L8__lr0.01__bs64__seed5_seed5,synthetic-eigengap,synthetic,fixed-ry,8,5,0.01,64,2000,True,plus,True,False,0.572561144090198,0.698170731707317,0.5957134092918827,0.6727716727716728,0.7012195121951219,1258.5365853658536,,566.3271200656891,,1800,16,65536,457b0468ba5f023a4a9f38816dbca0899481d04d,False
complete,synthetic,synthetic-eigengap__synthetic__fixed-ry__L8__lr0.01__bs64__seed6,results/runs/synthetic/synthetic-eigengap__synthetic__fixed-ry__L8__lr0.01__bs64__seed6_seed6,synthetic-eigengap,synthetic,fixed-ry,8,6,0.01,64,2000,True,plus,True,False,0.5809776662251328,0.7073170731707317,0.5825535908020559,0.702075702075702,0.7073170731707317,1250.6097560975613,,565.7952244281769,,1800,16,65536,457b0468ba5f023a4a9f38816dbca0899481d04d,False
complete,synthetic,synthetic-eigengap__synthetic__fixed-ry__L8__lr0.01__bs64__seed7,results/runs/synthetic/synthetic-eigengap__synthetic__fixed-ry__L8__lr0.01__bs64__seed7_seed7,synthetic-eigengap,synthetic,fixed-ry,8,7,0.01,64,2000,True,plus,True,False,0.575397602051614,0.6920731707317073,0.5898155464308036,0.6825396825396826,0.698170731707317,1265.2439024390242,,571.1400978565216,,1800,16,65536,457b0468ba5f023a4a9f38816dbca0899481d04d,False
complete,synthetic,synthetic-eigengap__synthetic__fixed-ry__L8__lr0.01__bs64__seed8,results/runs/synthetic/synthetic-eigengap__synthetic__fixed-ry__L8__lr0.01__bs64__seed8_seed8,synthetic-eigengap,synthetic,fixed-ry,8,8,0.01,64,2000,True,plus,True,False,0.5881607881003572,0.6798780487804879,0.5972088721144237,0.6727716727716728,0.725609756097561,1270.1219512195123,,566.3817892074585,,1800,16,65536,457b0468ba5f023a4a9f38816dbca0899481d04d,False
complete,synthetic,synthetic-eigengap__synthetic__fixed-ry__L8__lr0.01__bs64__seed9,results/runs/synthetic/synthetic-eigengap__synthetic__fixed-ry__L8__lr0.01__bs64__seed9_seed9,synthetic-eigengap,synthetic,fixed-ry,8,9,0.01,64,2000,True,plus,True,False,0.5941597634606297,0.698170731707317,0.6007304707632866,0.6703296703296703,0.7225609756097561,1296.4939024390242,,567.7743439674377,,1800,16,65536,457b0468ba5f023a4a9f38816dbca0899481d04d,False
complete,synthetic,synthetic-eigengap__synthetic__non-overlap-patch-block-hamiltonian__L16__lr0.01__bs64__seed0,results/runs/synthetic/synthetic-eigengap__synthetic__non-overlap-patch-block-hamiltonian__L16__lr0.01__bs64__seed0_seed0,synthetic-eigengap,synthetic,non-overlap-patch-block-hamiltonian,16,0,0.01,64,2000,True,plus,True,False,0.4731501836810096,0.7926829268292683,0.48735752907934965,0.7704517704517705,0.7926829268292683,1425.4573170731705,,223.88010668754578,,1744,8,256,457b0468ba5f023a4a9f38816dbca0899481d04d,False
complete,synthetic,synthetic-eigengap__synthetic__non-overlap-patch-block-hamiltonian__L16__lr0.01__bs64__seed10,results/runs/synthetic/synthetic-eigengap__synthetic__non-overlap-patch-block-hamiltonian__L16__lr0.01__bs64__seed10_seed10,synthetic-eigengap,synthetic,non-overlap-patch-block-hamiltonian,16,10,0.01,64,2000,True,plus,True,False,0.5467505795400793,0.7408536585365854,0.5550425514835855,0.7264957264957265,0.7408536585365854,1346.189024390244,,228.7709765434265,,1744,8,256,457b0468ba5f023a4a9f38816dbca0899481d04d,False
complete,synthetic,synthetic-eigengap__synthetic__non-overlap-patch-block-hamiltonian__L16__lr0.01__bs64__seed11,results/runs/synthetic/synthetic-eigengap__synthetic__non-overlap-patch-block-hamiltonian__L16__lr0.01__bs64__seed11_seed11,synthetic-eigengap,synthetic,non-overlap-patch-block-hamiltonian,16,11,0.01,64,2000,True,plus,True,False,0.4809480219235523,0.7957317073170732,0.5037563501529266,0.7655677655677655,0.8201219512195121,1454.268292682927,,223.99489903450012,,1744,8,256,457b0468ba5f023a4a9f38816dbca0899481d04d,False
complete,synthetic,synthetic-eigengap__synthetic__non-overlap-patch-block-hamiltonian__L16__lr0.01__bs64__seed12,results/runs/synthetic/synthetic-eigengap__synthetic__non-overlap-patch-block-hamiltonian__L16__lr0.01__bs64__seed12_seed12,synthetic-eigengap,synthetic,non-overlap-patch-block-hamiltonian,16,12,0.01,64,2000,True,plus,True,False,0.5306546666615561,0.7286585365853658,0.5440231587240347,0.7326007326007326,0.7347560975609756,1340.5487804878048,,221.7815637588501,,1744,8,256,457b0468ba5f023a4a9f38816dbca0899481d04d,False
complete,synthetic,synthetic-eigengap__synthetic__non-overlap-patch-block-hamiltonian__L16__lr0.01__bs64__seed13,results/runs/synthetic/synthetic-eigengap__synthetic__non-overlap-patch-block-hamiltonian__L16__lr0.01__bs64__seed13_seed13,synthetic-eigengap,synthetic,non-overlap-patch-block-hamiltonian,16,13,0.01,64,2000,True,plus,True,False,0.5255842384709373,0.7439024390243902,0.535544875862658,0.7301587301587301,0.7530487804878049,1350.6097560975609,,223.15154886245728,,1744,8,256,457b0468ba5f023a4a9f38816dbca0899481d04d,False
complete,synthetic,synthetic-eigengap__synthetic__non-overlap-patch-block-hamiltonian__L16__lr0.01__bs64__seed14,results/runs/synthetic/synthetic-eigengap__synthetic__non-overlap-patch-block-hamiltonian__L16__lr0.01__bs64__seed14_seed14,synthetic-eigengap,synthetic,non-overlap-patch-block-hamiltonian,16,14,0.01,64,2000,True,plus,True,False,0.513851211075261,0.7652439024390244,0.5269982244774106,0.7326007326007326,0.7652439024390244,1351.829268292683,,225.9099259376526,,1744,8,256,457b0468ba5f023a4a9f38816dbca0899481d04d,False
complete,synthetic,synthetic-eigengap__synthetic__non-overlap-patch-block-hamiltonian__L16__lr0.01__bs64__seed15,results/runs/synthetic/synthetic-eigengap__synthetic__non-overlap-patch-block-hamiltonian__L16__lr0.01__bs64__seed15_seed15,synthetic-eigengap,synthetic,non-overlap-patch-block-hamiltonian,16,15,0.01,64,2000,True,plus,True,False,0.5041257009045834,0.7682926829268293,0.5196282935598271,0.7338217338217338,0.7682926829268293,1362.1951219512196,,221.9730498790741,,1744,8,256,457b0468ba5f023a4a9f38816dbca0899481d04d,False
complete,synthetic,synthetic-eigengap__synthetic__non-overlap-patch-block-hamiltonian__L16__lr0.01__bs64__seed16,results/runs/synthetic/synthetic-eigengap__synthetic__non-overlap-patch-block-hamiltonian__L16__lr0.01__bs64__seed16_seed16,synthetic-eigengap,synthetic,non-overlap-patch-block-hamiltonian,16,16,0.01,64,2000,True,plus,True,False,0.5129856579528668,0.774390243902439,0.5354814061436715,0.7289377289377289,0.774390243902439,1365.3963414634147,,220.35292959213257,,1744,8,256,457b0468ba5f023a4a9f38816dbca0899481d04d,False
complete,synthetic,synthetic-eigengap__synthetic__non-overlap-patch-block-hamiltonian__L16__lr0.01__bs64__seed17,results/runs/synthetic/synthetic-eigengap__synthetic__non-overlap-patch-block-hamiltonian__L16__lr0.01__bs64__seed17_seed17,synthetic-eigengap,synthetic,non-overlap-patch-block-hamiltonian,16,17,0.01,64,2000,True,plus,True,False,0.5023203070914019,0.7682926829268293,0.5273091102253716,0.7496947496947497,0.7713414634146342,1366.7682926829266,,225.25140166282654,,1744,8,256,457b0468ba5f023a4a9f38816dbca0899481d04d,False
complete,synthetic,synthetic-eigengap__synthetic__non-overlap-patch-block-hamiltonian__L16__lr0.01__bs64__seed18,results/runs/synthetic/synthetic-eigengap__synthetic__non-overlap-patch-block-hamiltonian__L16__lr0.01__bs64__seed18_seed18,synthetic-eigengap,synthetic,non-overlap-patch-block-hamiltonian,16,18,0.01,64,2000,True,plus,True,False,0.45520329002302995,0.8170731707317073,0.4862619318846841,0.778998778998779,0.8170731707317073,1429.8780487804877,,224.38001680374146,,1744,8,256,457b0468ba5f023a4a9f38816dbca0899481d04d,False
complete,synthetic,synthetic-eigengap__synthetic__non-overlap-patch-block-hamiltonian__L16__lr0.01__bs64__seed19,results/runs/synthetic/synthetic-eigengap__synthetic__non-overlap-patch-block-hamiltonian__L16__lr0.01__bs64__seed19_seed19,synthetic-eigengap,synthetic,non-overlap-patch-block-hamiltonian,16,19,0.01,64,2000,True,plus,True,False,0.4604815277798319,0.8170731707317073,0.4714015968155717,0.7948717948717948,0.8170731707317073,1425.762195121951,,227.7500240802765,,1744,8,256,457b0468ba5f023a4a9f38816dbca0899481d04d,False
complete,synthetic,synthetic-eigengap__synthetic__non-overlap-patch-block-hamiltonian__L16__lr0.01__bs64__seed1,results/runs/synthetic/synthetic-eigengap__synthetic__non-overlap-patch-block-hamiltonian__L16__lr0.01__bs64__seed1_seed1,synthetic-eigengap,synthetic,non-overlap-patch-block-hamiltonian,16,1,0.01,64,2000,True,plus,True,False,0.5613999181568823,0.725609756097561,0.572471662874488,0.7106227106227107,0.7286585365853658,1310.0609756097563,,223.2122015953064,,1744,8,256,457b0468ba5f023a4a9f38816dbca0899481d04d,False
complete,synthetic,synthetic-eigengap__synthetic__non-overlap-patch-block-hamiltonian__L16__lr0.01__bs64__seed2,results/runs/synthetic/synthetic-eigengap__synthetic__non-overlap-patch-block-hamiltonian__L16__lr0.01__bs64__seed2_seed2,synthetic-eigengap,synthetic,non-overlap-patch-block-hamiltonian,16,2,0.01,64,2000,True,plus,True,False,0.46494229697116896,0.8048780487804879,0.478989895903603,0.7912087912087912,0.8384146341463414,1461.280487804878,,219.95923352241516,,1744,8,256,457b0468ba5f023a4a9f38816dbca0899481d04d,False
complete,synthetic,synthetic-eigengap__synthetic__non-overlap-patch-block-hamiltonian__L16__lr0.01__bs64__seed3,results/runs/synthetic/synthetic-eigengap__synthetic__non-overlap-patch-block-hamiltonian__L16__lr0.01__bs64__seed3_seed3,synthetic-eigengap,synthetic,non-overlap-patch-block-hamiltonian,16,3,0.01,64,2000,True,plus,True,False,0.5000644212360643,0.774390243902439,0.5082647875257257,0.7667887667887668,0.8048780487804879,1416.1585365853664,,226.16321349143982,,1744,8,256,457b0468ba5f023a4a9f38816dbca0899481d04d,False
complete,synthetic,synthetic-eigengap__synthetic__non-overlap-patch-block-hamiltonian__L16__lr0.01__bs64__seed4,results/runs/synthetic/synthetic-eigengap__synthetic__non-overlap-patch-block-hamiltonian__L16__lr0.01__bs64__seed4_seed4,synthetic-eigengap,synthetic,non-overlap-patch-block-hamiltonian,16,4,0.01,64,2000,True,plus,True,False,0.5443421222101528,0.7286585365853658,0.5571365400711678,0.706959706959707,0.7469512195121951,1344.0548780487807,,220.5675826072693,,1744,8,256,457b0468ba5f023a4a9f38816dbca0899481d04d,False
complete,synthetic,synthetic-eigengap__synthetic__non-overlap-patch-block-hamiltonian__L16__lr0.01__bs64__seed5,results/runs/synthetic/synthetic-eigengap__synthetic__non-overlap-patch-block-hamiltonian__L16__lr0.01__bs64__seed5_seed5,synthetic-eigengap,synthetic,non-overlap-patch-block-hamiltonian,16,5,0.01,64,2000,True,plus,True,False,0.5281985286679242,0.7195121951219512,0.53693555950149,0.7362637362637363,0.774390243902439,1335.6707317073174,,228.80075764656067,,1744,8,256,457b0468ba5f023a4a9f38816dbca0899481d04d,False
complete,synthetic,synthetic-eigengap__synthetic__non-overlap-patch-block-hamiltonian__L16__lr0.01__bs64__seed6,results/runs/synthetic/synthetic-eigengap__synthetic__non-overlap-patch-block-hamiltonian__L16__lr0.01__bs64__seed6_seed6,synthetic-eigengap,synthetic,non-overlap-patch-block-hamiltonian,16,6,0.01,64,2000,True,plus,True,False,0.5362624788840878,0.7560975609756098,0.544413424938081,0.7167277167277167,0.7652439024390244,1358.079268292683,,221.97162318229675,,1744,8,256,457b0468ba5f023a4a9f38816dbca0899481d04d,False
complete,synthetic,synthetic-eigengap__synthetic__non-overlap-patch-block-hamiltonian__L16__lr0.01__bs64__seed7,results/runs/synthetic/synthetic-eigengap__synthetic__non-overlap-patch-block-hamiltonian__L16__lr0.01__bs64__seed7_seed7,synthetic-eigengap,synthetic,non-overlap-patch-block-hamiltonian,16,7,0.01,64,2000,True,plus,True,False,0.4956317719386712,0.7774390243902439,0.5320439948619675,0.7203907203907204,0.7774390243902439,1390.8536585365853,,229.6719799041748,,1744,8,256,457b0468ba5f023a4a9f38816dbca0899481d04d,False
complete,synthetic,synthetic-eigengap__synthetic__non-overlap-patch-block-hamiltonian__L16__lr0.01__bs64__seed8,results/runs/synthetic/synthetic-eigengap__synthetic__non-overlap-patch-block-hamiltonian__L16__lr0.01__bs64__seed8_seed8,synthetic-eigengap,synthetic,non-overlap-patch-block-hamiltonian,16,8,0.01,64,2000,True,plus,True,False,0.518058592009181,0.7439024390243902,0.5335512997159524,0.7411477411477412,0.7682926829268293,1370.7317073170734,,226.49543857574463,,1744,8,256,457b0468ba5f023a4a9f38816dbca0899481d04d,False
complete,synthetic,synthetic-eigengap__synthetic__non-overlap-patch-block-hamiltonian__L16__lr0.01__bs64__seed9,results/runs/synthetic/synthetic-eigengap__synthetic__non-overlap-patch-block-hamiltonian__L16__lr0.01__bs64__seed9_seed9,synthetic-eigengap,synthetic,non-overlap-patch-block-hamiltonian,16,9,0.01,64,2000,True,plus,True,False,0.4990989441121948,0.7713414634146342,0.5224614598835771,0.73992673992674,0.7713414634146342,1357.4695121951218,,225.0058410167694,,1744,8,256,457b0468ba5f023a4a9f38816dbca0899481d04d,False
complete,synthetic,synthetic-eigengap__synthetic__non-overlap-patch-block-hamiltonian__L1__lr0.01__bs64__seed0,results/runs/synthetic/synthetic-eigengap__synthetic__non-overlap-patch-block-hamiltonian__L1__lr0.01__bs64__seed0_seed0,synthetic-eigengap,synthetic,non-overlap-patch-block-hamiltonian,1,0,0.01,64,2000,True,plus,True,False,0.664302638426943,0.6067073170731707,0.6610436379914097,0.612942612942613,0.6280487804878049,1163.7195121951218,,24.898714303970337,,109,8,256,457b0468ba5f023a4a9f38816dbca0899481d04d,False
complete,synthetic,synthetic-eigengap__synthetic__non-overlap-patch-block-hamiltonian__L1__lr0.01__bs64__seed10,results/runs/synthetic/synthetic-eigengap__synthetic__non-overlap-patch-block-hamiltonian__L1__lr0.01__bs64__seed10_seed10,synthetic-eigengap,synthetic,non-overlap-patch-block-hamiltonian,1,10,0.01,64,2000,True,plus,True,False,0.6635813291192864,0.6128048780487805,0.6607847070786482,0.612942612942613,0.6189024390243902,1158.3841463414635,,23.761033296585083,,109,8,256,457b0468ba5f023a4a9f38816dbca0899481d04d,False
complete,synthetic,synthetic-eigengap__synthetic__non-overlap-patch-block-hamiltonian__L1__lr0.01__bs64__seed11,results/runs/synthetic/synthetic-eigengap__synthetic__non-overlap-patch-block-hamiltonian__L1__lr0.01__bs64__seed11_seed11,synthetic-eigengap,synthetic,non-overlap-patch-block-hamiltonian,1,11,0.01,64,2000,True,plus,True,False,0.6622736630461249,0.6158536585365854,0.6622751743990913,0.6153846153846154,0.6189024390243902,1160.670731707317,,26.021759510040283,,109,8,256,457b0468ba5f023a4a9f38816dbca0899481d04d,False
complete,synthetic,synthetic-eigengap__synthetic__non-overlap-patch-block-hamiltonian__L1__lr0.01__bs64__seed12,results/runs/synthetic/synthetic-eigengap__synthetic__non-overlap-patch-block-hamiltonian__L1__lr0.01__bs64__seed12_seed12,synthetic-eigengap,synthetic,non-overlap-patch-block-hamiltonian,1,12,0.01,64,2000,True,plus,True,False,0.6652439607983253,0.6097560975609756,0.6619462509712569,0.6141636141636142,0.625,1159.7560975609756,,23.855226755142212,,109,8,256,457b0468ba5f023a4a9f38816dbca0899481d04d,False
complete,synthetic,synthetic-eigengap__synthetic__non-overlap-patch-block-hamiltonian__L1__lr0.01__bs64__seed13,results/runs/synthetic/synthetic-eigengap__synthetic__non-overlap-patch-block-hamiltonian__L1__lr0.01__bs64__seed13_seed13,synthetic-eigengap,synthetic,non-overlap-patch-block-hamiltonian,1,13,0.01,64,2000,True,plus,True,False,0.6625444367077081,0.6097560975609756,0.6614607734971065,0.6141636141636142,0.625,1161.1280487804877,,23.797180891036987,,109,8,256,457b0468ba5f023a4a9f38816dbca0899481d04d,False
complete,synthetic,synthetic-eigengap__synthetic__non-overlap-patch-block-hamiltonian__L1__lr0.01__bs64__seed14,results/runs/synthetic/synthetic-eigengap__synthetic__non-overlap-patch-block-hamiltonian__L1__lr0.01__bs64__seed14_seed14,synthetic-eigengap,synthetic,non-overlap-patch-block-hamiltonian,1,14,0.01,64,2000,True,plus,True,False,0.6643369629805312,0.6097560975609756,0.6633944435976187,0.6178266178266179,0.625,1158.231707317073,,25.564188241958618,,109,8,256,457b0468ba5f023a4a9f38816dbca0899481d04d,False
complete,synthetic,synthetic-eigengap__synthetic__non-overlap-patch-block-hamiltonian__L1__lr0.01__bs64__seed15,results/runs/synthetic/synthetic-eigengap__synthetic__non-overlap-patch-block-hamiltonian__L1__lr0.01__bs64__seed15_seed15,synthetic-eigengap,synthetic,non-overlap-patch-block-hamiltonian,1,15,0.01,64,2000,True,plus,True,False,0.6644996995281942,0.6097560975609756,0.6603174801094831,0.6117216117216118,0.625,1163.2621951219512,,23.396247625350952,,109,8,256,457b0468ba5f023a4a9f38816dbca0899481d04d,False
complete,synthetic,synthetic-eigengap__synthetic__non-overlap-patch-block-hamiltonian__L1__lr0.01__bs64__seed16,results/runs/synthetic/synthetic-eigengap__synthetic__non-overlap-patch-block-hamiltonian__L1__lr0.01__bs64__seed16_seed16,synthetic-eigengap,synthetic,non-overlap-patch-block-hamiltonian,1,16,0.01,64,2000,True,plus,True,False,0.6639480651890961,0.6097560975609756,0.6610344567896073,0.6117216117216118,0.625,1160.670731707317,,23.867979764938354,,109,8,256,457b0468ba5f023a4a9f38816dbca0899481d04d,False
complete,synthetic,synthetic-eigengap__synthetic__non-overlap-patch-block-hamiltonian__L1__lr0.01__bs64__seed17,results/runs/synthetic/synthetic-eigengap__synthetic__non-overlap-patch-block-hamiltonian__L1__lr0.01__bs64__seed17_seed17,synthetic-eigengap,synthetic,non-overlap-patch-block-hamiltonian,1,17,0.01,64,2000,True,plus,True,False,0.6669037314380483,0.6128048780487805,0.6620013800462201,0.6141636141636142,0.6310975609756098,1167.378048780488,,25.637163639068604,,109,8,256,457b0468ba5f023a4a9f38816dbca0899481d04d,False
complete,synthetic,synthetic-eigengap__synthetic__non-overlap-patch-block-hamiltonian__L1__lr0.01__bs64__seed18,results/runs/synthetic/synthetic-eigengap__synthetic__non-overlap-patch-block-hamiltonian__L1__lr0.01__bs64__seed18_seed18,synthetic-eigengap,synthetic,non-overlap-patch-block-hamiltonian,1,18,0.01,64,2000,True,plus,True,False,0.6657299692776929,0.6158536585365854,0.6637288477771707,0.6178266178266179,0.6189024390243902,1158.689024390244,,23.6471586227417,,109,8,256,457b0468ba5f023a4a9f38816dbca0899481d04d,False
complete,synthetic,synthetic-eigengap__synthetic__non-overlap-patch-block-hamiltonian__L1__lr0.01__bs64__seed19,results/runs/synthetic/synthetic-eigengap__synthetic__non-overlap-patch-block-hamiltonian__L1__lr0.01__bs64__seed19_seed19,synthetic-eigengap,synthetic,non-overlap-patch-block-hamiltonian,1,19,0.01,64,2000,True,plus,True,False,0.6654365688478731,0.6067073170731707,0.6618516993013607,0.6153846153846154,0.625,1166.0060975609756,,25.36416459083557,,109,8,256,457b0468ba5f023a4a9f38816dbca0899481d04d,False
complete,synthetic,synthetic-eigengap__synthetic__non-overlap-patch-block-hamiltonian__L1__lr0.01__bs64__seed1,results/runs/synthetic/synthetic-eigengap__synthetic__non-overlap-patch-block-hamiltonian__L1__lr0.01__bs64__seed1_seed1,synthetic-eigengap,synthetic,non-overlap-patch-block-hamiltonian,1,1,0.01,64,2000,True,plus,True,False,0.6635297253235535,0.6158536585365854,0.6618261342390637,0.612942612942613,0.6280487804878049,1163.1097560975606,,28.051014184951782,,109,8,256,457b0468ba5f023a4a9f38816dbca0899481d04d,False
complete,synthetic,synthetic-eigengap__synthetic__non-overlap-patch-block-hamiltonian__L1__lr0.01__bs64__seed2,results/runs/synthetic/synthetic-eigengap__synthetic__non-overlap-patch-block-hamiltonian__L1__lr0.01__bs64__seed2_seed2,synthetic-eigengap,synthetic,non-overlap-patch-block-hamiltonian,1,2,0.01,64,2000,True,plus,True,False,0.6632770580467753,0.6189024390243902,0.6631424055582871,0.6141636141636142,0.625,1164.4817073170732,,25.43448758125305,,109,8,256,457b0468ba5f023a4a9f38816dbca0899481d04d,False
complete,synthetic,synthetic-eigengap__synthetic__non-overlap-patch-block-hamiltonian__L1__lr0.01__bs64__seed3,results/runs/synthetic/synthetic-eigengap__synthetic__non-overlap-patch-block-hamiltonian__L1__lr0.01__bs64__seed3_seed3,synthetic-eigengap,synthetic,non-overlap-patch-block-hamiltonian,1,3,0.01,64,2000,True,plus,True,False,0.6637726151639876,0.6280487804878049,0.6652894642290066,0.6166056166056166,0.6280487804878049,1166.9207317073171,,27.02520489692688,,109,8,256,457b0468ba5f023a4a9f38816dbca0899481d04d,False
complete,synthetic,synthetic-eigengap__synthetic__non-overlap-patch-block-hamiltonian__L1__lr0.01__bs64__seed4,results/runs/synthetic/synthetic-eigengap__synthetic__non-overlap-patch-block-hamiltonian__L1__lr0.01__bs64__seed4_seed4,synthetic-eigengap,synthetic,non-overlap-patch-block-hamiltonian,1,4,0.01,64,2000,True,plus,True,False,0.6649775481679511,0.600609756097561,0.6611751694846024,0.6105006105006106,0.6219512195121951,1166.6158536585365,,25.773580312728882,,109,8,256,457b0468ba5f023a4a9f38816dbca0899481d04d,False
complete,synthetic,synthetic-eigengap__synthetic__non-overlap-patch-block-hamiltonian__L1__lr0.01__bs64__seed5,results/runs/synthetic/synthetic-eigengap__synthetic__non-overlap-patch-block-hamiltonian__L1__lr0.01__bs64__seed5_seed5,synthetic-eigengap,synthetic,non-overlap-patch-block-hamiltonian,1,5,0.01,64,2000,True,plus,True,False,0.6665668105468244,0.6036585365853658,0.6612104224251114,0.612942612942613,0.6280487804878049,1167.9878048780488,,26.7817325592041,,109,8,256,457b0468ba5f023a4a9f38816dbca0899481d04d,False
complete,synthetic,synthetic-eigengap__synthetic__non-overlap-patch-block-hamiltonian__L1__lr0.01__bs64__seed6,results/runs/synthetic/synthetic-eigengap__synthetic__non-overlap-patch-block-hamiltonian__L1__lr0.01__bs64__seed6_seed6,synthetic-eigengap,synthetic,non-overlap-patch-block-hamiltonian,1,6,0.01,64,2000,True,plus,True,False,0.664167898286228,0.6097560975609756,0.6613540764976124,0.6141636141636142,0.6219512195121951,1164.1768292682927,,23.874335289001465,,109,8,256,457b0468ba5f023a4a9f38816dbca0899481d04d,False
complete,synthetic,synthetic-eigengap__synthetic__non-overlap-patch-block-hamiltonian__L1__lr0.01__bs64__seed7,results/runs/synthetic/synthetic-eigengap__synthetic__non-overlap-patch-block-hamiltonian__L1__lr0.01__bs64__seed7_seed7,synthetic-eigengap,synthetic,non-overlap-patch-block-hamiltonian,1,7,0.01,64,2000,True,plus,True,False,0.6668636830633958,0.6097560975609756,0.6616535931160848,0.6190476190476191,0.625,1165.7012195121952,,25.9340980052948,,109,8,256,457b0468ba5f023a4a9f38816dbca0899481d04d,False
complete,synthetic,synthetic-eigengap__synthetic__non-overlap-patch-block-hamiltonian__L1__lr0.01__bs64__seed8,results/runs/synthetic/synthetic-eigengap__synthetic__non-overlap-patch-block-hamiltonian__L1__lr0.01__bs64__seed8_seed8,synthetic-eigengap,synthetic,non-overlap-patch-block-hamiltonian,1,8,0.01,64,2000,True,plus,True,False,0.6629145814711366,0.6189024390243902,0.6621639570270643,0.6141636141636142,0.6189024390243902,1157.1646341463413,,25.407619953155518,,109,8,256,457b0468ba5f023a4a9f38816dbca0899481d04d,False
complete,synthetic,synthetic-eigengap__synthetic__non-overlap-patch-block-hamiltonian__L1__lr0.01__bs64__seed9,results/runs/synthetic/synthetic-eigengap__synthetic__non-overlap-patch-block-hamiltonian__L1__lr0.01__bs64__seed9_seed9,synthetic-eigengap,synthetic,non-overlap-patch-block-hamiltonian,1,9,0.01,64,2000,True,plus,True,False,0.6644094007920432,0.6280487804878049,0.6662020782977485,0.6190476190476191,0.6280487804878049,1165.5487804878048,,25.345536947250366,,109,8,256,457b0468ba5f023a4a9f38816dbca0899481d04d,False
complete,synthetic,synthetic-eigengap__synthetic__non-overlap-patch-block-hamiltonian__L2__lr0.01__bs64__seed0,results/runs/synthetic/synthetic-eigengap__synthetic__non-overlap-patch-block-hamiltonian__L2__lr0.01__bs64__seed0_seed0,synthetic-eigengap,synthetic,non-overlap-patch-block-hamiltonian,2,0,0.01,64,2000,True,plus,True,False,0.6065341035464962,0.6341463414634146,0.6107273350553463,0.663003663003663,0.6676829268292683,1230.1829268292684,,34.77055621147156,,218,8,256,457b0468ba5f023a4a9f38816dbca0899481d04d,False
complete,synthetic,synthetic-eigengap__synthetic__non-overlap-patch-block-hamiltonian__L2__lr0.01__bs64__seed10,results/runs/synthetic/synthetic-eigengap__synthetic__non-overlap-patch-block-hamiltonian__L2__lr0.01__bs64__seed10_seed10,synthetic-eigengap,synthetic,non-overlap-patch-block-hamiltonian,2,10,0.01,64,2000,True,plus,True,False,0.6147476421183177,0.649390243902439,0.6067464011352903,0.6642246642246642,0.6676829268292683,1221.3414634146343,,36.40081000328064,,218,8,256,457b0468ba5f023a4a9f38816dbca0899481d04d,False
complete,synthetic,synthetic-eigengap__synthetic__non-overlap-patch-block-hamiltonian__L2__lr0.01__bs64__seed11,results/runs/synthetic/synthetic-eigengap__synthetic__non-overlap-patch-block-hamiltonian__L2__lr0.01__bs64__seed11_seed11,synthetic-eigengap,synthetic,non-overlap-patch-block-hamiltonian,2,11,0.01,64,2000,True,plus,True,False,0.601814220834881,0.625,0.6099237074848488,0.6544566544566545,0.6707317073170732,1235.2134146341464,,37.990463972091675,,218,8,256,457b0468ba5f023a4a9f38816dbca0899481d04d,False
complete,synthetic,synthetic-eigengap__synthetic__non-overlap-patch-block-hamiltonian__L2__lr0.01__bs64__seed12,results/runs/synthetic/synthetic-eigengap__synthetic__non-overlap-patch-block-hamiltonian__L2__lr0.01__bs64__seed12_seed12,synthetic-eigengap,synthetic,non-overlap-patch-block-hamiltonian,2,12,0.01,64,2000,True,plus,True,False,0.6149278265351602,0.6371951219512195,0.6161126173751611,0.6544566544566545,0.6829268292682927,1229.8780487804877,,37.50971841812134,,218,8,256,457b0468ba5f023a4a9f38816dbca0899481d04d,False
complete,synthetic,synthetic-eigengap__synthetic__non-overlap-patch-block-hamiltonian__L2__lr0.01__bs64__seed13,results/runs/synthetic/synthetic-eigengap__synthetic__non-overlap-patch-block-hamiltonian__L2__lr0.01__bs64__seed13_seed13,synthetic-eigengap,synthetic,non-overlap-patch-block-hamiltonian,2,13,0.01,64,2000,True,plus,True,False,0.6167448502425369,0.6402439024390244,0.6228159700597733,0.6532356532356532,0.6676829268292683,1230.3353658536585,,36.90324854850769,,218,8,256,457b0468ba5f023a4a9f38816dbca0899481d04d,False
complete,synthetic,synthetic-eigengap__synthetic__non-overlap-patch-block-hamiltonian__L2__lr0.01__bs64__seed14,results/runs/synthetic/synthetic-eigengap__synthetic__non-overlap-patch-block-hamiltonian__L2__lr0.01__bs64__seed14_seed14,synthetic-eigengap,synthetic,non-overlap-patch-block-hamiltonian,2,14,0.01,64,2000,True,plus,True,False,0.6045489542075367,0.6646341463414634,0.6134061398264512,0.6581196581196581,0.6646341463414634,1228.5060975609756,,38.21756720542908,,218,8,256,457b0468ba5f023a4a9f38816dbca0899481d04d,False
complete,synthetic,synthetic-eigengap__synthetic__non-overlap-patch-block-hamiltonian__L2__lr0.01__bs64__seed15,results/runs/synthetic/synthetic-eigengap__synthetic__non-overlap-patch-block-hamiltonian__L2__lr0.01__bs64__seed15_seed15,synthetic-eigengap,synthetic,non-overlap-patch-block-hamiltonian,2,15,0.01,64,2000,True,plus,True,False,0.600467392111072,0.6524390243902439,0.6115932698521214,0.6507936507936508,0.6707317073170732,1232.1646341463413,,36.30801582336426,,218,8,256,457b0468ba5f023a4a9f38816dbca0899481d04d,False
complete,synthetic,synthetic-eigengap__synthetic__non-overlap-patch-block-hamiltonian__L2__lr0.01__bs64__seed16,results/runs/synthetic/synthetic-eigengap__synthetic__non-overlap-patch-block-hamiltonian__L2__lr0.01__bs64__seed16_seed16,synthetic-eigengap,synthetic,non-overlap-patch-block-hamiltonian,2,16,0.01,64,2000,True,plus,True,False,0.6208514436751267,0.6554878048780488,0.6291625801547799,0.645909645909646,0.676829268292683,1245.1219512195123,,37.65802621841431,,218,8,256,457b0468ba5f023a4a9f38816dbca0899481d04d,False
complete,synthetic,synthetic-eigengap__synthetic__non-overlap-patch-block-hamiltonian__L2__lr0.01__bs64__seed17,results/runs/synthetic/synthetic-eigengap__synthetic__non-overlap-patch-block-hamiltonian__L2__lr0.01__bs64__seed17_seed17,synthetic-eigengap,synthetic,non-overlap-patch-block-hamiltonian,2,17,0.01,64,2000,True,plus,True,False,0.6137199660717352,0.6524390243902439,0.6126942839192064,0.6691086691086691,0.6707317073170732,1225.3048780487804,,35.78345084190369,,218,8,256,457b0468ba5f023a4a9f38816dbca0899481d04d,False
complete,synthetic,synthetic-eigengap__synthetic__non-overlap-patch-block-hamiltonian__L2__lr0.01__bs64__seed18,results/runs/synthetic/synthetic-eigengap__synthetic__non-overlap-patch-block-hamiltonian__L2__lr0.01__bs64__seed18_seed18,synthetic-eigengap,synthetic,non-overlap-patch-block-hamiltonian,2,18,0.01,64,2000,True,plus,True,False,0.5997017117064251,0.6676829268292683,0.6120236272627049,0.6666666666666666,0.6676829268292683,1213.109756097561,,37.861534118652344,,218,8,256,457b0468ba5f023a4a9f38816dbca0899481d04d,False
complete,synthetic,synthetic-eigengap__synthetic__non-overlap-patch-block-hamiltonian__L2__lr0.01__bs64__seed19,results/runs/synthetic/synthetic-eigengap__synthetic__non-overlap-patch-block-hamiltonian__L2__lr0.01__bs64__seed19_seed19,synthetic-eigengap,synthetic,non-overlap-patch-block-hamiltonian,2,19,0.01,64,2000,True,plus,True,False,0.608630178959974,0.6341463414634146,0.6103711182911642,0.6593406593406593,0.6737804878048781,1225.0000000000002,,37.9437096118927,,218,8,256,457b0468ba5f023a4a9f38816dbca0899481d04d,False
complete,synthetic,synthetic-eigengap__synthetic__non-overlap-patch-block-hamiltonian__L2__lr0.01__bs64__seed1,results/runs/synthetic/synthetic-eigengap__synthetic__non-overlap-patch-block-hamiltonian__L2__lr0.01__bs64__seed1_seed1,synthetic-eigengap,synthetic,non-overlap-patch-block-hamiltonian,2,1,0.01,64,2000,True,plus,True,False,0.615051521150927,0.6402439024390244,0.6172484865737138,0.6483516483516484,0.676829268292683,1244.0548780487802,,36.08969187736511,,218,8,256,457b0468ba5f023a4a9f38816dbca0899481d04d,False
complete,synthetic,synthetic-eigengap__synthetic__non-overlap-patch-block-hamiltonian__L2__lr0.01__bs64__seed2,results/runs/synthetic/synthetic-eigengap__synthetic__non-overlap-patch-block-hamiltonian__L2__lr0.01__bs64__seed2_seed2,synthetic-eigengap,synthetic,non-overlap-patch-block-hamiltonian,2,2,0.01,64,2000,True,plus,True,False,0.604854620672206,0.6402439024390244,0.6118709594583509,0.6666666666666666,0.6646341463414634,1224.0853658536585,,37.693203926086426,,218,8,256,457b0468ba5f023a4a9f38816dbca0899481d04d,False
complete,synthetic,synthetic-eigengap__synthetic__non-overlap-patch-block-hamiltonian__L2__lr0.01__bs64__seed3,results/runs/synthetic/synthetic-eigengap__synthetic__non-overlap-patch-block-hamiltonian__L2__lr0.01__bs64__seed3_seed3,synthetic-eigengap,synthetic,non-overlap-patch-block-hamiltonian,2,3,0.01,64,2000,True,plus,True,False,0.593838191387988,0.6554878048780488,0.6184597619441685,0.6471306471306472,0.6737804878048781,1234.1463414634145,,37.67649269104004,,218,8,256,457b0468ba5f023a4a9f38816dbca0899481d04d,False
complete,synthetic,synthetic-eigengap__synthetic__non-overlap-patch-block-hamiltonian__L2__lr0.01__bs64__seed4,results/runs/synthetic/synthetic-eigengap__synthetic__non-overlap-patch-block-hamiltonian__L2__lr0.01__bs64__seed4_seed4,synthetic-eigengap,synthetic,non-overlap-patch-block-hamiltonian,2,4,0.01,64,2000,True,plus,True,False,0.5992182277844863,0.6554878048780488,0.6150479808226569,0.6642246642246642,0.6737804878048781,1221.6463414634147,,36.515090465545654,,218,8,256,457b0468ba5f023a4a9f38816dbca0899481d04d,False
complete,synthetic,synthetic-eigengap__synthetic__non-overlap-patch-block-hamiltonian__L2__lr0.01__bs64__seed5,results/runs/synthetic/synthetic-eigengap__synthetic__non-overlap-patch-block-hamiltonian__L2__lr0.01__bs64__seed5_seed5,synthetic-eigengap,synthetic,non-overlap-patch-block-hamiltonian,2,5,0.01,64,2000,True,plus,True,False,0.6115294657686435,0.6189024390243902,0.6128147421937169,0.6617826617826618,0.676829268292683,1234.2987804878046,,38.87855911254883,,218,8,256,457b0468ba5f023a4a9f38816dbca0899481d04d,False
complete,synthetic,synthetic-eigengap__synthetic__non-overlap-patch-block-hamiltonian__L2__lr0.01__bs64__seed6,results/runs/synthetic/synthetic-eigengap__synthetic__non-overlap-patch-block-hamiltonian__L2__lr0.01__bs64__seed6_seed6,synthetic-eigengap,synthetic,non-overlap-patch-block-hamiltonian,2,6,0.01,64,2000,True,plus,True,False,0.6065639559337587,0.6554878048780488,0.6107065436543442,0.673992673992674,0.6829268292682927,1219.2073170731708,,38.86144304275513,,218,8,256,457b0468ba5f023a4a9f38816dbca0899481d04d,False
complete,synthetic,synthetic-eigengap__synthetic__non-overlap-patch-block-hamiltonian__L2__lr0.01__bs64__seed7,results/runs/synthetic/synthetic-eigengap__synthetic__non-overlap-patch-block-hamiltonian__L2__lr0.01__bs64__seed7_seed7,synthetic-eigengap,synthetic,non-overlap-patch-block-hamiltonian,2,7,0.01,64,2000,True,plus,True,False,0.6099051093659046,0.6371951219512195,0.6103844274523206,0.6703296703296703,0.676829268292683,1227.1341463414635,,37.81073617935181,,218,8,256,457b0468ba5f023a4a9f38816dbca0899481d04d,False
complete,synthetic,synthetic-eigengap__synthetic__non-overlap-patch-block-hamiltonian__L2__lr0.01__bs64__seed8,results/runs/synthetic/synthetic-eigengap__synthetic__non-overlap-patch-block-hamiltonian__L2__lr0.01__bs64__seed8_seed8,synthetic-eigengap,synthetic,non-overlap-patch-block-hamiltonian,2,8,0.01,64,2000,True,plus,True,False,0.6041817629173559,0.6524390243902439,0.6136341126299115,0.645909645909646,0.6615853658536586,1205.487804878049,,37.90571141242981,,218,8,256,457b0468ba5f023a4a9f38816dbca0899481d04d,False
complete,synthetic,synthetic-eigengap__synthetic__non-overlap-patch-block-hamiltonian__L2__lr0.01__bs64__seed9,results/runs/synthetic/synthetic-eigengap__synthetic__non-overlap-patch-block-hamiltonian__L2__lr0.01__bs64__seed9_seed9,synthetic-eigengap,synthetic,non-overlap-patch-block-hamiltonian,2,9,0.01,64,2000,True,plus,True,False,0.6192979533775782,0.6615853658536586,0.6109853555682321,0.6678876678876678,0.6615853658536586,1225.6097560975609,,36.328466176986694,,218,8,256,457b0468ba5f023a4a9f38816dbca0899481d04d,False
complete,synthetic,synthetic-eigengap__synthetic__non-overlap-patch-block-hamiltonian__L32__lr0.01__bs64__seed0,results/runs/synthetic/synthetic-eigengap__synthetic__non-overlap-patch-block-hamiltonian__L32__lr0.01__bs64__seed0_seed0,synthetic-eigengap,synthetic,non-overlap-patch-block-hamiltonian,32,0,0.01,64,2000,True,plus,True,False,0.5801424443457837,0.6615853658536586,0.5765097387437497,0.684981684981685,0.7469512195121951,1287.5000000000002,,496.0702133178711,,3488,8,256,457b0468ba5f023a4a9f38816dbca0899481d04d,False
complete,synthetic,synthetic-eigengap__synthetic__non-overlap-patch-block-hamiltonian__L32__lr0.01__bs64__seed10,results/runs/synthetic/synthetic-eigengap__synthetic__non-overlap-patch-block-hamiltonian__L32__lr0.01__bs64__seed10_seed10,synthetic-eigengap,synthetic,non-overlap-patch-block-hamiltonian,32,10,0.01,64,2000,True,plus,True,False,0.5759322534862308,0.7225609756097561,0.5866874553989313,0.6947496947496947,0.7225609756097561,1258.3841463414635,,500.5375883579254,,3488,8,256,457b0468ba5f023a4a9f38816dbca0899481d04d,False
complete,synthetic,synthetic-eigengap__synthetic__non-overlap-patch-block-hamiltonian__L32__lr0.01__bs64__seed11,results/runs/synthetic/synthetic-eigengap__synthetic__non-overlap-patch-block-hamiltonian__L32__lr0.01__bs64__seed11_seed11,synthetic-eigengap,synthetic,non-overlap-patch-block-hamiltonian,32,11,0.01,64,2000,True,plus,True,False,0.5592246056585968,0.7164634146341463,0.5452017883251498,0.7362637362637363,0.7408536585365854,1342.0731707317073,,499.66356110572815,,3488,8,256,457b0468ba5f023a4a9f38816dbca0899481d04d,False
complete,synthetic,synthetic-eigengap__synthetic__non-overlap-patch-block-hamiltonian__L32__lr0.01__bs64__seed12,results/runs/synthetic/synthetic-eigengap__synthetic__non-overlap-patch-block-hamiltonian__L32__lr0.01__bs64__seed12_seed12,synthetic-eigengap,synthetic,non-overlap-patch-block-hamiltonian,32,12,0.01,64,2000,True,plus,True,False,0.5253041641260943,0.7865853658536586,0.5434380872901652,0.7362637362637363,0.8048780487804879,1309.2987804878048,,503.08974981307983,,3488,8,256,457b0468ba5f023a4a9f38816dbca0899481d04d,False
complete,synthetic,synthetic-eigengap__synthetic__non-overlap-patch-block-hamiltonian__L32__lr0.01__bs64__seed13,results/runs/synthetic/synthetic-eigengap__synthetic__non-overlap-patch-block-hamiltonian__L32__lr0.01__bs64__seed13_seed13,synthetic-eigengap,synthetic,non-overlap-patch-block-hamiltonian,32,13,0.01,64,2000,True,plus,True,False,0.5166059640630263,0.7378048780487805,0.531396597829616,0.7216117216117216,0.774390243902439,1338.8719512195119,,501.73603343963623,,3488,8,256,457b0468ba5f023a4a9f38816dbca0899481d04d,False
complete,synthetic,synthetic-eigengap__synthetic__non-overlap-patch-block-hamiltonian__L32__lr0.01__bs64__seed14,results/runs/synthetic/synthetic-eigengap__synthetic__non-overlap-patch-block-hamiltonian__L32__lr0.01__bs64__seed14_seed14,synthetic-eigengap,synthetic,non-overlap-patch-block-hamiltonian,32,14,0.01,64,2000,True,plus,True,False,0.5809182532650901,0.7042682926829268,0.5898746739128036,0.673992673992674,0.7195121951219512,1245.4268292682927,,502.28009581565857,,3488,8,256,5d760ef42d71a06acce4efdc9ed931be057f16a6,False
complete,synthetic,synthetic-eigengap__synthetic__non-overlap-patch-block-hamiltonian__L32__lr0.01__bs64__seed15,results/runs/synthetic/synthetic-eigengap__synthetic__non-overlap-patch-block-hamiltonian__L32__lr0.01__bs64__seed15_seed15,synthetic-eigengap,synthetic,non-overlap-patch-block-hamiltonian,32,15,0.01,64,2000,True,plus,True,False,0.5237754116986423,0.7560975609756098,0.5553445312240144,0.7167277167277167,0.7560975609756098,1301.6768292682925,,503.1297996044159,,3488,8,256,5d760ef42d71a06acce4efdc9ed931be057f16a6,False
complete,synthetic,synthetic-eigengap__synthetic__non-overlap-patch-block-hamiltonian__L32__lr0.01__bs64__seed16,results/runs/synthetic/synthetic-eigengap__synthetic__non-overlap-patch-block-hamiltonian__L32__lr0.01__bs64__seed16_seed16,synthetic-eigengap,synthetic,non-overlap-patch-block-hamiltonian,32,16,0.01,64,2000,True,plus,True,False,0.5751160158272465,0.6951219512195121,0.5794773534003593,0.6874236874236874,0.7347560975609756,1282.469512195122,,496.68089151382446,,3488,8,256,5d760ef42d71a06acce4efdc9ed931be057f16a6,False
complete,synthetic,synthetic-eigengap__synthetic__non-overlap-patch-block-hamiltonian__L32__lr0.01__bs64__seed17,results/runs/synthetic/synthetic-eigengap__synthetic__non-overlap-patch-block-hamiltonian__L32__lr0.01__bs64__seed17_seed17,synthetic-eigengap,synthetic,non-overlap-patch-block-hamiltonian,32,17,0.01,64,2000,True,plus,True,False,0.5463542401293731,0.698170731707317,0.5379011052418367,0.7277167277167277,0.7682926829268293,1341.0060975609758,,500.83377838134766,,3488,8,256,5d760ef42d71a06acce4efdc9ed931be057f16a6,False
complete,synthetic,synthetic-eigengap__synthetic__non-overlap-patch-block-hamiltonian__L32__lr0.01__bs64__seed18,results/runs/synthetic/synthetic-eigengap__synthetic__non-overlap-patch-block-hamiltonian__L32__lr0.01__bs64__seed18_seed18,synthetic-eigengap,synthetic,non-overlap-patch-block-hamiltonian,32,18,0.01,64,2000,True,plus,True,False,0.5464879946434268,0.7225609756097561,0.5592346119941342,0.7081807081807082,0.7439024390243902,1293.59756097561,,498.02985882759094,,3488,8,256,5d760ef42d71a06acce4efdc9ed931be057f16a6,False
complete,synthetic,synthetic-eigengap__synthetic__non-overlap-patch-block-hamiltonian__L32__lr0.01__bs64__seed19,results/runs/synthetic/synthetic-eigengap__synthetic__non-overlap-patch-block-hamiltonian__L32__lr0.01__bs64__seed19_seed19,synthetic-eigengap,synthetic,non-overlap-patch-block-hamiltonian,32,19,0.01,64,2000,True,plus,True,False,0.569760234203648,0.7286585365853658,0.5794528900000743,0.6935286935286935,0.7286585365853658,1296.189024390244,,523.1478018760681,,3488,8,256,5d760ef42d71a06acce4efdc9ed931be057f16a6,False
complete,synthetic,synthetic-eigengap__synthetic__non-overlap-patch-block-hamiltonian__L32__lr0.01__bs64__seed1,results/runs/synthetic/synthetic-eigengap__synthetic__non-overlap-patch-block-hamiltonian__L32__lr0.01__bs64__seed1_seed1,synthetic-eigengap,synthetic,non-overlap-patch-block-hamiltonian,32,1,0.01,64,2000,True,plus,True,False,0.5024444167286609,0.7652439024390244,0.5218269581653276,0.7496947496947497,0.7896341463414634,1377.4390243902442,,499.796603679657,,3488,8,256,457b0468ba5f023a4a9f38816dbca0899481d04d,False
complete,synthetic,synthetic-eigengap__synthetic__non-overlap-patch-block-hamiltonian__L32__lr0.01__bs64__seed2,results/runs/synthetic/synthetic-eigengap__synthetic__non-overlap-patch-block-hamiltonian__L32__lr0.01__bs64__seed2_seed2,synthetic-eigengap,synthetic,non-overlap-patch-block-hamiltonian,32,2,0.01,64,2000,True,plus,True,False,0.5395890717550906,0.7195121951219512,0.5330951472817216,0.7338217338217338,0.7439024390243902,1329.8780487804877,,623.8997395038605,,3488,8,256,5d760ef42d71a06acce4efdc9ed931be057f16a6,False
complete,synthetic,synthetic-eigengap__synthetic__non-overlap-patch-block-hamiltonian__L32__lr0.01__bs64__seed3,results/runs/synthetic/synthetic-eigengap__synthetic__non-overlap-patch-block-hamiltonian__L32__lr0.01__bs64__seed3_seed3,synthetic-eigengap,synthetic,non-overlap-patch-block-hamiltonian,32,3,0.01,64,2000,True,plus,True,False,0.5807066833903759,0.7012195121951219,0.5969460606112752,0.6886446886446886,0.7164634146341463,1249.2378048780488,,598.0848226547241,,3488,8,256,5d760ef42d71a06acce4efdc9ed931be057f16a6,False
complete,synthetic,synthetic-eigengap__synthetic__non-overlap-patch-block-hamiltonian__L32__lr0.01__bs64__seed4,results/runs/synthetic/synthetic-eigengap__synthetic__non-overlap-patch-block-hamiltonian__L32__lr0.01__bs64__seed4_seed4,synthetic-eigengap,synthetic,non-overlap-patch-block-hamiltonian,32,4,0.01,64,2000,True,plus,True,False,0.523584942169632,0.7408536585365854,0.5401914358380951,0.7228327228327228,0.7652439024390244,1360.2134146341464,,660.8570182323456,,3488,8,256,5d760ef42d71a06acce4efdc9ed931be057f16a6,False
complete,synthetic,synthetic-eigengap__synthetic__non-overlap-patch-block-hamiltonian__L32__lr0.01__bs64__seed5,results/runs/synthetic/synthetic-eigengap__synthetic__non-overlap-patch-block-hamiltonian__L32__lr0.01__bs64__seed5_seed5,synthetic-eigengap,synthetic,non-overlap-patch-block-hamiltonian,32,5,0.01,64,2000,True,plus,True,False,0.4903777416441156,0.774390243902439,0.5257343377531158,0.7350427350427351,0.7865853658536586,1384.6036585365853,,686.8878049850464,,3488,8,256,5d760ef42d71a06acce4efdc9ed931be057f16a6,False
complete,synthetic,synthetic-eigengap__synthetic__non-overlap-patch-block-hamiltonian__L32__lr0.01__bs64__seed6,results/runs/synthetic/synthetic-eigengap__synthetic__non-overlap-patch-block-hamiltonian__L32__lr0.01__bs64__seed6_seed6,synthetic-eigengap,synthetic,non-overlap-patch-block-hamiltonian,32,6,0.01,64,2000,True,plus,True,False,0.570835836994976,0.6951219512195121,0.5644300489835288,0.7167277167277167,0.7408536585365854,1297.7134146341461,,666.000138759613,,3488,8,256,5d760ef42d71a06acce4efdc9ed931be057f16a6,False
complete,synthetic,synthetic-eigengap__synthetic__non-overlap-patch-block-hamiltonian__L32__lr0.01__bs64__seed7,results/runs/synthetic/synthetic-eigengap__synthetic__non-overlap-patch-block-hamiltonian__L32__lr0.01__bs64__seed7_seed7,synthetic-eigengap,synthetic,non-overlap-patch-block-hamiltonian,32,7,0.01,64,2000,True,plus,True,False,0.5300163091638046,0.7317073170731707,0.5316843367400462,0.7326007326007326,0.7560975609756098,1350.4573170731708,,487.6756465435028,,3488,8,256,457b0468ba5f023a4a9f38816dbca0899481d04d,False
complete,synthetic,synthetic-eigengap__synthetic__non-overlap-patch-block-hamiltonian__L32__lr0.01__bs64__seed8,results/runs/synthetic/synthetic-eigengap__synthetic__non-overlap-patch-block-hamiltonian__L32__lr0.01__bs64__seed8_seed8,synthetic-eigengap,synthetic,non-overlap-patch-block-hamiltonian,32,8,0.01,64,2000,True,plus,True,False,0.5524751092991278,0.7286585365853658,0.5633621310163425,0.7081807081807082,0.7621951219512195,1310.8231707317073,,487.8772773742676,,3488,8,256,457b0468ba5f023a4a9f38816dbca0899481d04d,False
complete,synthetic,synthetic-eigengap__synthetic__non-overlap-patch-block-hamiltonian__L32__lr0.01__bs64__seed9,results/runs/synthetic/synthetic-eigengap__synthetic__non-overlap-patch-block-hamiltonian__L32__lr0.01__bs64__seed9_seed9,synthetic-eigengap,synthetic,non-overlap-patch-block-hamiltonian,32,9,0.01,64,2000,True,plus,True,False,0.5426104566822979,0.7408536585365854,0.5377435017272202,0.7191697191697192,0.7408536585365854,1320.579268292683,,489.79612016677856,,3488,8,256,457b0468ba5f023a4a9f38816dbca0899481d04d,False
complete,synthetic,synthetic-eigengap__synthetic__non-overlap-patch-block-hamiltonian__L4__lr0.01__bs64__seed0,results/runs/synthetic/synthetic-eigengap__synthetic__non-overlap-patch-block-hamiltonian__L4__lr0.01__bs64__seed0_seed0,synthetic-eigengap,synthetic,non-overlap-patch-block-hamiltonian,4,0,0.01,64,2000,True,plus,True,False,0.5536025764546373,0.7225609756097561,0.5627742249088438,0.6947496947496947,0.7225609756097561,1302.439024390244,,63.83301091194153,,436,8,256,457b0468ba5f023a4a9f38816dbca0899481d04d,False
complete,synthetic,synthetic-eigengap__synthetic__non-overlap-patch-block-hamiltonian__L4__lr0.01__bs64__seed10,results/runs/synthetic/synthetic-eigengap__synthetic__non-overlap-patch-block-hamiltonian__L4__lr0.01__bs64__seed10_seed10,synthetic-eigengap,synthetic,non-overlap-patch-block-hamiltonian,4,10,0.01,64,2000,True,plus,True,False,0.5563213168322403,0.7134146341463414,0.5418710286950986,0.7301587301587301,0.7378048780487805,1341.7682926829266,,63.12517714500427,,436,8,256,457b0468ba5f023a4a9f38816dbca0899481d04d,False
complete,synthetic,synthetic-eigengap__synthetic__non-overlap-patch-block-hamiltonian__L4__lr0.01__bs64__seed11,results/runs/synthetic/synthetic-eigengap__synthetic__non-overlap-patch-block-hamiltonian__L4__lr0.01__bs64__seed11_seed11,synthetic-eigengap,synthetic,non-overlap-patch-block-hamiltonian,4,11,0.01,64,2000,True,plus,True,False,0.5591304369907493,0.7103658536585366,0.5643352242854797,0.7130647130647131,0.7439024390243902,1334.2987804878048,,60.38559913635254,,436,8,256,457b0468ba5f023a4a9f38816dbca0899481d04d,False
complete,synthetic,synthetic-eigengap__synthetic__non-overlap-patch-block-hamiltonian__L4__lr0.01__bs64__seed12,results/runs/synthetic/synthetic-eigengap__synthetic__non-overlap-patch-block-hamiltonian__L4__lr0.01__bs64__seed12_seed12,synthetic-eigengap,synthetic,non-overlap-patch-block-hamiltonian,4,12,0.01,64,2000,True,plus,True,False,0.5707825522662692,0.698170731707317,0.5771273472451406,0.6800976800976801,0.7408536585365854,1325.15243902439,,60.20953989028931,,436,8,256,457b0468ba5f023a4a9f38816dbca0899481d04d,False
complete,synthetic,synthetic-eigengap__synthetic__non-overlap-patch-block-hamiltonian__L4__lr0.01__bs64__seed13,results/runs/synthetic/synthetic-eigengap__synthetic__non-overlap-patch-block-hamiltonian__L4__lr0.01__bs64__seed13_seed13,synthetic-eigengap,synthetic,non-overlap-patch-block-hamiltonian,4,13,0.01,64,2000,True,plus,True,False,0.5448108642292278,0.7408536585365854,0.5492910467397549,0.7057387057387058,0.75,1348.3231707317075,,62.442054271698,,436,8,256,457b0468ba5f023a4a9f38816dbca0899481d04d,False
complete,synthetic,synthetic-eigengap__synthetic__non-overlap-patch-block-hamiltonian__L4__lr0.01__bs64__seed14,results/runs/synthetic/synthetic-eigengap__synthetic__non-overlap-patch-block-hamiltonian__L4__lr0.01__bs64__seed14_seed14,synthetic-eigengap,synthetic,non-overlap-patch-block-hamiltonian,4,14,0.01,64,2000,True,plus,True,False,0.5520231086726395,0.7134146341463414,0.5428236881300744,0.7130647130647131,0.7378048780487805,1342.530487804878,,61.5668568611145,,436,8,256,457b0468ba5f023a4a9f38816dbca0899481d04d,False
complete,synthetic,synthetic-eigengap__synthetic__non-overlap-patch-block-hamiltonian__L4__lr0.01__bs64__seed15,results/runs/synthetic/synthetic-eigengap__synthetic__non-overlap-patch-block-hamiltonian__L4__lr0.01__bs64__seed15_seed15,synthetic-eigengap,synthetic,non-overlap-patch-block-hamiltonian,4,15,0.01,64,2000,True,plus,True,False,0.5449876510382937,0.7347560975609756,0.5490476918622264,0.7167277167277167,0.7408536585365854,1355.3353658536585,,62.35220956802368,,436,8,256,457b0468ba5f023a4a9f38816dbca0899481d04d,False
complete,synthetic,synthetic-eigengap__synthetic__non-overlap-patch-block-hamiltonian__L4__lr0.01__bs64__seed16,results/runs/synthetic/synthetic-eigengap__synthetic__non-overlap-patch-block-hamiltonian__L4__lr0.01__bs64__seed16_seed16,synthetic-eigengap,synthetic,non-overlap-patch-block-hamiltonian,4,16,0.01,64,2000,True,plus,True,False,0.5640742997971505,0.7195121951219512,0.5646700985786943,0.6935286935286935,0.7225609756097561,1317.0731707317075,,61.905770778656006,,436,8,256,457b0468ba5f023a4a9f38816dbca0899481d04d,False
complete,synthetic,synthetic-eigengap__synthetic__non-overlap-patch-block-hamiltonian__L4__lr0.01__bs64__seed17,results/runs/synthetic/synthetic-eigengap__synthetic__non-overlap-patch-block-hamiltonian__L4__lr0.01__bs64__seed17_seed17,synthetic-eigengap,synthetic,non-overlap-patch-block-hamiltonian,4,17,0.01,64,2000,True,plus,True,False,0.5570664403003416,0.7042682926829268,0.5507218481836933,0.7008547008547008,0.7225609756097561,1316.310975609756,,61.676032066345215,,436,8,256,457b0468ba5f023a4a9f38816dbca0899481d04d,False
complete,synthetic,synthetic-eigengap__synthetic__non-overlap-patch-block-hamiltonian__L4__lr0.01__bs64__seed18,results/runs/synthetic/synthetic-eigengap__synthetic__non-overlap-patch-block-hamiltonian__L4__lr0.01__bs64__seed18_seed18,synthetic-eigengap,synthetic,non-overlap-patch-block-hamiltonian,4,18,0.01,64,2000,True,plus,True,False,0.5538689647641006,0.7164634146341463,0.5510758756612502,0.7301587301587301,0.7286585365853658,1304.8780487804875,,63.71655344963074,,436,8,256,457b0468ba5f023a4a9f38816dbca0899481d04d,False
complete,synthetic,synthetic-eigengap__synthetic__non-overlap-patch-block-hamiltonian__L4__lr0.01__bs64__seed19,results/runs/synthetic/synthetic-eigengap__synthetic__non-overlap-patch-block-hamiltonian__L4__lr0.01__bs64__seed19_seed19,synthetic-eigengap,synthetic,non-overlap-patch-block-hamiltonian,4,19,0.01,64,2000,True,plus,True,False,0.5564202965348948,0.698170731707317,0.5736134622681064,0.6935286935286935,0.7103658536585366,1280.0304878048778,,63.49191188812256,,436,8,256,457b0468ba5f023a4a9f38816dbca0899481d04d,False
complete,synthetic,synthetic-eigengap__synthetic__non-overlap-patch-block-hamiltonian__L4__lr0.01__bs64__seed1,results/runs/synthetic/synthetic-eigengap__synthetic__non-overlap-patch-block-hamiltonian__L4__lr0.01__bs64__seed1_seed1,synthetic-eigengap,synthetic,non-overlap-patch-block-hamiltonian,4,1,0.01,64,2000,True,plus,True,False,0.5587312079686296,0.7164634146341463,0.5581776098747545,0.6935286935286935,0.7469512195121951,1329.4207317073171,,61.57072448730469,,436,8,256,457b0468ba5f023a4a9f38816dbca0899481d04d,False
complete,synthetic,synthetic-eigengap__synthetic__non-overlap-patch-block-hamiltonian__L4__lr0.01__bs64__seed2,results/runs/synthetic/synthetic-eigengap__synthetic__non-overlap-patch-block-hamiltonian__L4__lr0.01__bs64__seed2_seed2,synthetic-eigengap,synthetic,non-overlap-patch-block-hamiltonian,4,2,0.01,64,2000,True,plus,True,False,0.5581458613298282,0.7012195121951219,0.5615339486067362,0.702075702075702,0.7164634146341463,1290.548780487805,,60.71331787109375,,436,8,256,457b0468ba5f023a4a9f38816dbca0899481d04d,False
complete,synthetic,synthetic-eigengap__synthetic__non-overlap-patch-block-hamiltonian__L4__lr0.01__bs64__seed3,results/runs/synthetic/synthetic-eigengap__synthetic__non-overlap-patch-block-hamiltonian__L4__lr0.01__bs64__seed3_seed3,synthetic-eigengap,synthetic,non-overlap-patch-block-hamiltonian,4,3,0.01,64,2000,True,plus,True,False,0.5362675446569091,0.7652439024390244,0.5587476532700848,0.6959706959706959,0.7652439024390244,1320.4268292682923,,62.49984622001648,,436,8,256,457b0468ba5f023a4a9f38816dbca0899481d04d,False
complete,synthetic,synthetic-eigengap__synthetic__non-overlap-patch-block-hamiltonian__L4__lr0.01__bs64__seed4,results/runs/synthetic/synthetic-eigengap__synthetic__non-overlap-patch-block-hamiltonian__L4__lr0.01__bs64__seed4_seed4,synthetic-eigengap,synthetic,non-overlap-patch-block-hamiltonian,4,4,0.01,64,2000,True,plus,True,False,0.5543139967721468,0.7164634146341463,0.5635487416781552,0.7142857142857143,0.7164634146341463,1292.8353658536585,,61.611814737319946,,436,8,256,457b0468ba5f023a4a9f38816dbca0899481d04d,False
complete,synthetic,synthetic-eigengap__synthetic__non-overlap-patch-block-hamiltonian__L4__lr0.01__bs64__seed5,results/runs/synthetic/synthetic-eigengap__synthetic__non-overlap-patch-block-hamiltonian__L4__lr0.01__bs64__seed5_seed5,synthetic-eigengap,synthetic,non-overlap-patch-block-hamiltonian,4,5,0.01,64,2000,True,plus,True,False,0.5740931812587037,0.6890243902439024,0.5890799214270943,0.684981684981685,0.7134146341463414,1304.5731707317073,,59.60000205039978,,436,8,256,457b0468ba5f023a4a9f38816dbca0899481d04d,False
complete,synthetic,synthetic-eigengap__synthetic__non-overlap-patch-block-hamiltonian__L4__lr0.01__bs64__seed6,results/runs/synthetic/synthetic-eigengap__synthetic__non-overlap-patch-block-hamiltonian__L4__lr0.01__bs64__seed6_seed6,synthetic-eigengap,synthetic,non-overlap-patch-block-hamiltonian,4,6,0.01,64,2000,True,plus,True,False,0.5527281914329573,0.7469512195121951,0.5688128104430489,0.7045177045177046,0.7469512195121951,1299.542682926829,,61.23750376701355,,436,8,256,457b0468ba5f023a4a9f38816dbca0899481d04d,False
complete,synthetic,synthetic-eigengap__synthetic__non-overlap-patch-block-hamiltonian__L4__lr0.01__bs64__seed7,results/runs/synthetic/synthetic-eigengap__synthetic__non-overlap-patch-block-hamiltonian__L4__lr0.01__bs64__seed7_seed7,synthetic-eigengap,synthetic,non-overlap-patch-block-hamiltonian,4,7,0.01,64,2000,True,plus,True,False,0.5418792930927714,0.725609756097561,0.5421814057135231,0.7326007326007326,0.7560975609756098,1355.1829268292684,,59.39717197418213,,436,8,256,457b0468ba5f023a4a9f38816dbca0899481d04d,False
complete,synthetic,synthetic-eigengap__synthetic__non-overlap-patch-block-hamiltonian__L4__lr0.01__bs64__seed8,results/runs/synthetic/synthetic-eigengap__synthetic__non-overlap-patch-block-hamiltonian__L4__lr0.01__bs64__seed8_seed8,synthetic-eigengap,synthetic,non-overlap-patch-block-hamiltonian,4,8,0.01,64,2000,True,plus,True,False,0.5556411496205734,0.7225609756097561,0.5822010374505348,0.6825396825396826,0.7286585365853658,1332.3170731707316,,62.1000120639801,,436,8,256,457b0468ba5f023a4a9f38816dbca0899481d04d,False
complete,synthetic,synthetic-eigengap__synthetic__non-overlap-patch-block-hamiltonian__L4__lr0.01__bs64__seed9,results/runs/synthetic/synthetic-eigengap__synthetic__non-overlap-patch-block-hamiltonian__L4__lr0.01__bs64__seed9_seed9,synthetic-eigengap,synthetic,non-overlap-patch-block-hamiltonian,4,9,0.01,64,2000,True,plus,True,False,0.5595129525630244,0.7408536585365854,0.5574741167841363,0.7228327228327228,0.7408536585365854,1314.176829268293,,60.06146264076233,,436,8,256,457b0468ba5f023a4a9f38816dbca0899481d04d,False
complete,synthetic,synthetic-eigengap__synthetic__non-overlap-patch-block-hamiltonian__L8__lr0.01__bs64__seed0,results/runs/synthetic/synthetic-eigengap__synthetic__non-overlap-patch-block-hamiltonian__L8__lr0.01__bs64__seed0_seed0,synthetic-eigengap,synthetic,non-overlap-patch-block-hamiltonian,8,0,0.01,64,2000,True,plus,True,False,0.5048483661019689,0.7682926829268293,0.5124871199124977,0.7435897435897436,0.7987804878048781,1413.2621951219514,,113.27456641197205,,872,8,256,457b0468ba5f023a4a9f38816dbca0899481d04d,False
complete,synthetic,synthetic-eigengap__synthetic__non-overlap-patch-block-hamiltonian__L8__lr0.01__bs64__seed10,results/runs/synthetic/synthetic-eigengap__synthetic__non-overlap-patch-block-hamiltonian__L8__lr0.01__bs64__seed10_seed10,synthetic-eigengap,synthetic,non-overlap-patch-block-hamiltonian,8,10,0.01,64,2000,True,plus,True,False,0.528261875585939,0.7317073170731707,0.5392894588880949,0.7216117216117216,0.7530487804878049,1369.6646341463413,,112.17192459106445,,872,8,256,457b0468ba5f023a4a9f38816dbca0899481d04d,False
complete,synthetic,synthetic-eigengap__synthetic__non-overlap-patch-block-hamiltonian__L8__lr0.01__bs64__seed11,results/runs/synthetic/synthetic-eigengap__synthetic__non-overlap-patch-block-hamiltonian__L8__lr0.01__bs64__seed11_seed11,synthetic-eigengap,synthetic,non-overlap-patch-block-hamiltonian,8,11,0.01,64,2000,True,plus,True,False,0.5087501258337098,0.7713414634146342,0.5180775356051267,0.746031746031746,0.7774390243902439,1365.701219512195,,111.75488829612732,,872,8,256,457b0468ba5f023a4a9f38816dbca0899481d04d,False
complete,synthetic,synthetic-eigengap__synthetic__non-overlap-patch-block-hamiltonian__L8__lr0.01__bs64__seed12,results/runs/synthetic/synthetic-eigengap__synthetic__non-overlap-patch-block-hamiltonian__L8__lr0.01__bs64__seed12_seed12,synthetic-eigengap,synthetic,non-overlap-patch-block-hamiltonian,8,12,0.01,64,2000,True,plus,True,False,0.5093191913423443,0.7469512195121951,0.5360515415337813,0.7301587301587301,0.774390243902439,1388.5670731707316,,111.79305720329285,,872,8,256,457b0468ba5f023a4a9f38816dbca0899481d04d,False
complete,synthetic,synthetic-eigengap__synthetic__non-overlap-patch-block-hamiltonian__L8__lr0.01__bs64__seed13,results/runs/synthetic/synthetic-eigengap__synthetic__non-overlap-patch-block-hamiltonian__L8__lr0.01__bs64__seed13_seed13,synthetic-eigengap,synthetic,non-overlap-patch-block-hamiltonian,8,13,0.01,64,2000,True,plus,True,False,0.49745384955405614,0.75,0.532496291871152,0.7374847374847375,0.7713414634146342,1373.1707317073171,,114.22109794616699,,872,8,256,457b0468ba5f023a4a9f38816dbca0899481d04d,False
complete,synthetic,synthetic-eigengap__synthetic__non-overlap-patch-block-hamiltonian__L8__lr0.01__bs64__seed14,results/runs/synthetic/synthetic-eigengap__synthetic__non-overlap-patch-block-hamiltonian__L8__lr0.01__bs64__seed14_seed14,synthetic-eigengap,synthetic,non-overlap-patch-block-hamiltonian,8,14,0.01,64,2000,True,plus,True,False,0.5376243071066454,0.7134146341463414,0.5451379776143176,0.7216117216117216,0.75,1350.1524390243903,,112.24581980705261,,872,8,256,457b0468ba5f023a4a9f38816dbca0899481d04d,False
complete,synthetic,synthetic-eigengap__synthetic__non-overlap-patch-block-hamiltonian__L8__lr0.01__bs64__seed15,results/runs/synthetic/synthetic-eigengap__synthetic__non-overlap-patch-block-hamiltonian__L8__lr0.01__bs64__seed15_seed15,synthetic-eigengap,synthetic,non-overlap-patch-block-hamiltonian,8,15,0.01,64,2000,True,plus,True,False,0.4997043871335155,0.774390243902439,0.5199400022908072,0.7289377289377289,0.774390243902439,1377.2865853658536,,113.02946662902832,,872,8,256,457b0468ba5f023a4a9f38816dbca0899481d04d,False
complete,synthetic,synthetic-eigengap__synthetic__non-overlap-patch-block-hamiltonian__L8__lr0.01__bs64__seed16,results/runs/synthetic/synthetic-eigengap__synthetic__non-overlap-patch-block-hamiltonian__L8__lr0.01__bs64__seed16_seed16,synthetic-eigengap,synthetic,non-overlap-patch-block-hamiltonian,8,16,0.01,64,2000,True,plus,True,False,0.47963329400620547,0.823170731707317,0.48659252489992083,0.7667887667887668,0.823170731707317,1448.170731707317,,112.83595609664917,,872,8,256,457b0468ba5f023a4a9f38816dbca0899481d04d,False
complete,synthetic,synthetic-eigengap__synthetic__non-overlap-patch-block-hamiltonian__L8__lr0.01__bs64__seed17,results/runs/synthetic/synthetic-eigengap__synthetic__non-overlap-patch-block-hamiltonian__L8__lr0.01__bs64__seed17_seed17,synthetic-eigengap,synthetic,non-overlap-patch-block-hamiltonian,8,17,0.01,64,2000,True,plus,True,False,0.5132591552766511,0.7439024390243902,0.5342430094914632,0.7252747252747253,0.7652439024390244,1403.2012195121952,,112.40787816047668,,872,8,256,457b0468ba5f023a4a9f38816dbca0899481d04d,False
complete,synthetic,synthetic-eigengap__synthetic__non-overlap-patch-block-hamiltonian__L8__lr0.01__bs64__seed18,results/runs/synthetic/synthetic-eigengap__synthetic__non-overlap-patch-block-hamiltonian__L8__lr0.01__bs64__seed18_seed18,synthetic-eigengap,synthetic,non-overlap-patch-block-hamiltonian,8,18,0.01,64,2000,True,plus,True,False,0.5314472341806242,0.7134146341463414,0.5389478618629171,0.7277167277167277,0.7408536585365854,1328.3536585365855,,112.13593482971191,,872,8,256,457b0468ba5f023a4a9f38816dbca0899481d04d,False
complete,synthetic,synthetic-eigengap__synthetic__non-overlap-patch-block-hamiltonian__L8__lr0.01__bs64__seed19,results/runs/synthetic/synthetic-eigengap__synthetic__non-overlap-patch-block-hamiltonian__L8__lr0.01__bs64__seed19_seed19,synthetic-eigengap,synthetic,non-overlap-patch-block-hamiltonian,8,19,0.01,64,2000,True,plus,True,False,0.5116571515725507,0.7347560975609756,0.5142552266052217,0.7484737484737485,0.7682926829268293,1369.0548780487804,,114.4295175075531,,872,8,256,457b0468ba5f023a4a9f38816dbca0899481d04d,False
complete,synthetic,synthetic-eigengap__synthetic__non-overlap-patch-block-hamiltonian__L8__lr0.01__bs64__seed1,results/runs/synthetic/synthetic-eigengap__synthetic__non-overlap-patch-block-hamiltonian__L8__lr0.01__bs64__seed1_seed1,synthetic-eigengap,synthetic,non-overlap-patch-block-hamiltonian,8,1,0.01,64,2000,True,plus,True,False,0.5188057372860416,0.7621951219512195,0.5489065480731748,0.7191697191697192,0.7621951219512195,1351.6768292682927,,113.03208327293396,,872,8,256,457b0468ba5f023a4a9f38816dbca0899481d04d,False
complete,synthetic,synthetic-eigengap__synthetic__non-overlap-patch-block-hamiltonian__L8__lr0.01__bs64__seed2,results/runs/synthetic/synthetic-eigengap__synthetic__non-overlap-patch-block-hamiltonian__L8__lr0.01__bs64__seed2_seed2,synthetic-eigengap,synthetic,non-overlap-patch-block-hamiltonian,8,2,0.01,64,2000,True,plus,True,False,0.487155351220577,0.7682926829268293,0.49453663862746405,0.7741147741147741,0.7804878048780488,1400.7621951219512,,114.20915842056274,,872,8,256,457b0468ba5f023a4a9f38816dbca0899481d04d,False
complete,synthetic,synthetic-eigengap__synthetic__non-overlap-patch-block-hamiltonian__L8__lr0.01__bs64__seed3,results/runs/synthetic/synthetic-eigengap__synthetic__non-overlap-patch-block-hamiltonian__L8__lr0.01__bs64__seed3_seed3,synthetic-eigengap,synthetic,non-overlap-patch-block-hamiltonian,8,3,0.01,64,2000,True,plus,True,False,0.47261298962356646,0.801829268292683,0.4938362298928348,0.757020757020757,0.8109756097560976,1429.4207317073174,,111.80390501022339,,872,8,256,457b0468ba5f023a4a9f38816dbca0899481d04d,False
complete,synthetic,synthetic-eigengap__synthetic__non-overlap-patch-block-hamiltonian__L8__lr0.01__bs64__seed4,results/runs/synthetic/synthetic-eigengap__synthetic__non-overlap-patch-block-hamiltonian__L8__lr0.01__bs64__seed4_seed4,synthetic-eigengap,synthetic,non-overlap-patch-block-hamiltonian,8,4,0.01,64,2000,True,plus,True,False,0.5011828489454186,0.7560975609756098,0.5186183585170067,0.7423687423687424,0.7591463414634146,1379.268292682927,,111.80451464653015,,872,8,256,457b0468ba5f023a4a9f38816dbca0899481d04d,False
complete,synthetic,synthetic-eigengap__synthetic__non-overlap-patch-block-hamiltonian__L8__lr0.01__bs64__seed5,results/runs/synthetic/synthetic-eigengap__synthetic__non-overlap-patch-block-hamiltonian__L8__lr0.01__bs64__seed5_seed5,synthetic-eigengap,synthetic,non-overlap-patch-block-hamiltonian,8,5,0.01,64,2000,True,plus,True,False,0.5409263698788729,0.7195121951219512,0.5389670663882544,0.724053724053724,0.7530487804878049,1366.9207317073171,,112.22737789154053,,872,8,256,457b0468ba5f023a4a9f38816dbca0899481d04d,False
complete,synthetic,synthetic-eigengap__synthetic__non-overlap-patch-block-hamiltonian__L8__lr0.01__bs64__seed6,results/runs/synthetic/synthetic-eigengap__synthetic__non-overlap-patch-block-hamiltonian__L8__lr0.01__bs64__seed6_seed6,synthetic-eigengap,synthetic,non-overlap-patch-block-hamiltonian,8,6,0.01,64,2000,True,plus,True,False,0.5096333250752317,0.7530487804878049,0.5157460590892545,0.7484737484737485,0.7652439024390244,1393.5975609756097,,111.89676523208618,,872,8,256,457b0468ba5f023a4a9f38816dbca0899481d04d,False
complete,synthetic,synthetic-eigengap__synthetic__non-overlap-patch-block-hamiltonian__L8__lr0.01__bs64__seed7,results/runs/synthetic/synthetic-eigengap__synthetic__non-overlap-patch-block-hamiltonian__L8__lr0.01__bs64__seed7_seed7,synthetic-eigengap,synthetic,non-overlap-patch-block-hamiltonian,8,7,0.01,64,2000,True,plus,True,False,0.5255367900779258,0.7408536585365854,0.5282464458977381,0.7326007326007326,0.7652439024390244,1367.9878048780486,,112.08546662330627,,872,8,256,457b0468ba5f023a4a9f38816dbca0899481d04d,False
complete,synthetic,synthetic-eigengap__synthetic__non-overlap-patch-block-hamiltonian__L8__lr0.01__bs64__seed8,results/runs/synthetic/synthetic-eigengap__synthetic__non-overlap-patch-block-hamiltonian__L8__lr0.01__bs64__seed8_seed8,synthetic-eigengap,synthetic,non-overlap-patch-block-hamiltonian,8,8,0.01,64,2000,True,plus,True,False,0.5358276322476877,0.7378048780487805,0.5492542774234498,0.7081807081807082,0.7378048780487805,1346.4939024390244,,112.37979912757874,,872,8,256,457b0468ba5f023a4a9f38816dbca0899481d04d,False
complete,synthetic,synthetic-eigengap__synthetic__non-overlap-patch-block-hamiltonian__L8__lr0.01__bs64__seed9,results/runs/synthetic/synthetic-eigengap__synthetic__non-overlap-patch-block-hamiltonian__L8__lr0.01__bs64__seed9_seed9,synthetic-eigengap,synthetic,non-overlap-patch-block-hamiltonian,8,9,0.01,64,2000,True,plus,True,False,0.550913916943372,0.6951219512195121,0.544776333556967,0.7106227106227107,0.7347560975609756,1339.939024390244,,112.17182612419128,,872,8,256,457b0468ba5f023a4a9f38816dbca0899481d04d,False
complete,synthetic,synthetic-eigengap__synthetic__patch-su4__L16__lr0.01__bs64__seed0,results/runs/synthetic/synthetic-eigengap__synthetic__patch-su4__L16__lr0.01__bs64__seed0_seed0,synthetic-eigengap,synthetic,patch-su4,16,0,0.01,64,2000,True,plus,True,False,0.7171687489182298,0.5304878048780488,0.6934201730152874,0.5653235653235653,0.5945121951219512,1039.329268292683,,246.02821826934814,,1680,8,256,457b0468ba5f023a4a9f38816dbca0899481d04d,False
complete,synthetic,synthetic-eigengap__synthetic__patch-su4__L16__lr0.01__bs64__seed10,results/runs/synthetic/synthetic-eigengap__synthetic__patch-su4__L16__lr0.01__bs64__seed10_seed10,synthetic-eigengap,synthetic,patch-su4,16,10,0.01,64,2000,True,plus,True,False,0.7192732250788488,0.5762195121951219,0.6847038381688505,0.5628815628815629,0.5914634146341463,1041.4634146341466,,245.51803159713745,,1680,8,256,457b0468ba5f023a4a9f38816dbca0899481d04d,False
complete,synthetic,synthetic-eigengap__synthetic__patch-su4__L16__lr0.01__bs64__seed11,results/runs/synthetic/synthetic-eigengap__synthetic__patch-su4__L16__lr0.01__bs64__seed11_seed11,synthetic-eigengap,synthetic,patch-su4,16,11,0.01,64,2000,True,plus,True,False,0.714762771192702,0.5548780487804879,0.6924733636026066,0.5702075702075702,0.5884146341463414,1039.4817073170732,,249.60313415527344,,1680,8,256,457b0468ba5f023a4a9f38816dbca0899481d04d,False
complete,synthetic,synthetic-eigengap__synthetic__patch-su4__L16__lr0.01__bs64__seed12,results/runs/synthetic/synthetic-eigengap__synthetic__patch-su4__L16__lr0.01__bs64__seed12_seed12,synthetic-eigengap,synthetic,patch-su4,16,12,0.01,64,2000,True,plus,True,False,0.6918184692397013,0.5792682926829268,0.7091610357145384,0.557997557997558,0.5884146341463414,1047.5609756097563,,247.99517560005188,,1680,8,256,457b0468ba5f023a4a9f38816dbca0899481d04d,False
complete,synthetic,synthetic-eigengap__synthetic__patch-su4__L16__lr0.01__bs64__seed13,results/runs/synthetic/synthetic-eigengap__synthetic__patch-su4__L16__lr0.01__bs64__seed13_seed13,synthetic-eigengap,synthetic,patch-su4,16,13,0.01,64,2000,True,plus,True,False,0.7326197950890947,0.5,0.6744044460763974,0.5946275946275946,0.5823170731707317,1032.621951219512,,245.62702059745789,,1680,8,256,457b0468ba5f023a4a9f38816dbca0899481d04d,False
complete,synthetic,synthetic-eigengap__synthetic__patch-su4__L16__lr0.01__bs64__seed14,results/runs/synthetic/synthetic-eigengap__synthetic__patch-su4__L16__lr0.01__bs64__seed14_seed14,synthetic-eigengap,synthetic,patch-su4,16,14,0.01,64,2000,True,plus,True,False,0.6822816053945961,0.5823170731707317,0.6874503905967396,0.5335775335775336,0.5823170731707317,990.8536585365854,,248.93089246749878,,1680,8,256,457b0468ba5f023a4a9f38816dbca0899481d04d,False
complete,synthetic,synthetic-eigengap__synthetic__patch-su4__L16__lr0.01__bs64__seed15,results/runs/synthetic/synthetic-eigengap__synthetic__patch-su4__L16__lr0.01__bs64__seed15_seed15,synthetic-eigengap,synthetic,patch-su4,16,15,0.01,64,2000,True,plus,True,False,0.6993321216000122,0.5426829268292683,0.6787944821210303,0.5763125763125763,0.5701219512195121,1002.2865853658539,,250.05750012397766,,1680,8,256,457b0468ba5f023a4a9f38816dbca0899481d04d,False
complete,synthetic,synthetic-eigengap__synthetic__patch-su4__L16__lr0.01__bs64__seed16,results/runs/synthetic/synthetic-eigengap__synthetic__patch-su4__L16__lr0.01__bs64__seed16_seed16,synthetic-eigengap,synthetic,patch-su4,16,16,0.01,64,2000,True,plus,True,False,0.7177044836833356,0.551829268292683,0.6798671990781207,0.5787545787545788,0.5884146341463414,1013.1097560975609,,246.69514870643616,,1680,8,256,457b0468ba5f023a4a9f38816dbca0899481d04d,False
complete,synthetic,synthetic-eigengap__synthetic__patch-su4__L16__lr0.01__bs64__seed17,results/runs/synthetic/synthetic-eigengap__synthetic__patch-su4__L16__lr0.01__bs64__seed17_seed17,synthetic-eigengap,synthetic,patch-su4,16,17,0.01,64,2000,True,plus,True,False,0.6904012886643943,0.5426829268292683,0.6951915132104738,0.5641025641025641,0.5945121951219512,1043.2926829268292,,245.1361436843872,,1680,8,256,457b0468ba5f023a4a9f38816dbca0899481d04d,False
complete,synthetic,synthetic-eigengap__synthetic__patch-su4__L16__lr0.01__bs64__seed18,results/runs/synthetic/synthetic-eigengap__synthetic__patch-su4__L16__lr0.01__bs64__seed18_seed18,synthetic-eigengap,synthetic,patch-su4,16,18,0.01,64,2000,True,plus,True,False,0.6915299160997754,0.5609756097560976,0.6834939463606597,0.57997557997558,0.5914634146341463,1022.7134146341465,,250.19600915908813,,1680,8,256,5d760ef42d71a06acce4efdc9ed931be057f16a6,False
complete,synthetic,synthetic-eigengap__synthetic__patch-su4__L16__lr0.01__bs64__seed19,results/runs/synthetic/synthetic-eigengap__synthetic__patch-su4__L16__lr0.01__bs64__seed19_seed19,synthetic-eigengap,synthetic,patch-su4,16,19,0.01,64,2000,True,plus,True,False,0.7017903101924872,0.5579268292682927,0.6838849820772606,0.5714285714285714,0.5914634146341463,1051.5243902439024,,246.02514600753784,,1680,8,256,5d760ef42d71a06acce4efdc9ed931be057f16a6,False
complete,synthetic,synthetic-eigengap__synthetic__patch-su4__L16__lr0.01__bs64__seed1,results/runs/synthetic/synthetic-eigengap__synthetic__patch-su4__L16__lr0.01__bs64__seed1_seed1,synthetic-eigengap,synthetic,patch-su4,16,1,0.01,64,2000,True,plus,True,False,0.6902198902324392,0.551829268292683,0.6858047556593138,0.5946275946275946,0.5670731707317073,1013.4146341463417,,246.33596515655518,,1680,8,256,457b0468ba5f023a4a9f38816dbca0899481d04d,False
complete,synthetic,synthetic-eigengap__synthetic__patch-su4__L16__lr0.01__bs64__seed2,results/runs/synthetic/synthetic-eigengap__synthetic__patch-su4__L16__lr0.01__bs64__seed2_seed2,synthetic-eigengap,synthetic,patch-su4,16,2,0.01,64,2000,True,plus,True,False,0.7453275690145106,0.5060975609756098,0.6982698821574541,0.5531135531135531,0.5914634146341463,1019.2073170731708,,244.1063768863678,,1680,8,256,5d760ef42d71a06acce4efdc9ed931be057f16a6,False
complete,synthetic,synthetic-eigengap__synthetic__patch-su4__L16__lr0.01__bs64__seed3,results/runs/synthetic/synthetic-eigengap__synthetic__patch-su4__L16__lr0.01__bs64__seed3_seed3,synthetic-eigengap,synthetic,patch-su4,16,3,0.01,64,2000,True,plus,True,False,0.7348551393728706,0.5182926829268293,0.6909156714396876,0.57997557997558,0.573170731707317,1019.359756097561,,247.63366317749023,,1680,8,256,5d760ef42d71a06acce4efdc9ed931be057f16a6,False
complete,synthetic,synthetic-eigengap__synthetic__patch-su4__L16__lr0.01__bs64__seed4,results/runs/synthetic/synthetic-eigengap__synthetic__patch-su4__L16__lr0.01__bs64__seed4_seed4,synthetic-eigengap,synthetic,patch-su4,16,4,0.01,64,2000,True,plus,True,False,0.7146291192745844,0.5457317073170732,0.6869057130254259,0.5628815628815629,0.5914634146341463,1042.0731707317073,,246.81495451927185,,1680,8,256,5d760ef42d71a06acce4efdc9ed931be057f16a6,False
complete,synthetic,synthetic-eigengap__synthetic__patch-su4__L16__lr0.01__bs64__seed5,results/runs/synthetic/synthetic-eigengap__synthetic__patch-su4__L16__lr0.01__bs64__seed5_seed5,synthetic-eigengap,synthetic,patch-su4,16,5,0.01,64,2000,True,plus,True,False,0.7253341803886814,0.5487804878048781,0.6906196801625311,0.5555555555555556,0.573170731707317,1019.3597560975609,,248.1534149646759,,1680,8,256,5d760ef42d71a06acce4efdc9ed931be057f16a6,False
complete,synthetic,synthetic-eigengap__synthetic__patch-su4__L16__lr0.01__bs64__seed6,results/runs/synthetic/synthetic-eigengap__synthetic__patch-su4__L16__lr0.01__bs64__seed6_seed6,synthetic-eigengap,synthetic,patch-su4,16,6,0.01,64,2000,True,plus,True,False,0.6830549507360844,0.573170731707317,0.6987496472855145,0.5714285714285714,0.5975609756097561,1021.6463414634145,,245.7095947265625,,1680,8,256,5d760ef42d71a06acce4efdc9ed931be057f16a6,False
complete,synthetic,synthetic-eigengap__synthetic__patch-su4__L16__lr0.01__bs64__seed7,results/runs/synthetic/synthetic-eigengap__synthetic__patch-su4__L16__lr0.01__bs64__seed7_seed7,synthetic-eigengap,synthetic,patch-su4,16,7,0.01,64,2000,True,plus,True,False,0.6967014243019355,0.5640243902439024,0.6959228244096126,0.5628815628815629,0.5823170731707317,1029.7256097560976,,247.9718532562256,,1680,8,256,5d760ef42d71a06acce4efdc9ed931be057f16a6,False
complete,synthetic,synthetic-eigengap__synthetic__patch-su4__L16__lr0.01__bs64__seed8,results/runs/synthetic/synthetic-eigengap__synthetic__patch-su4__L16__lr0.01__bs64__seed8_seed8,synthetic-eigengap,synthetic,patch-su4,16,8,0.01,64,2000,True,plus,True,False,0.6960664177497567,0.5335365853658537,0.6878330569259168,0.5641025641025641,0.5670731707317073,1005.6402439024389,,246.91087794303894,,1680,8,256,5d760ef42d71a06acce4efdc9ed931be057f16a6,False
complete,synthetic,synthetic-eigengap__synthetic__patch-su4__L16__lr0.01__bs64__seed9,results/runs/synthetic/synthetic-eigengap__synthetic__patch-su4__L16__lr0.01__bs64__seed9_seed9,synthetic-eigengap,synthetic,patch-su4,16,9,0.01,64,2000,True,plus,True,False,0.6836087525931516,0.573170731707317,0.6780731838156547,0.5873015873015873,0.6097560975609756,1090.091463414634,,247.112646818161,,1680,8,256,5d760ef42d71a06acce4efdc9ed931be057f16a6,False
complete,synthetic,synthetic-eigengap__synthetic__patch-su4__L1__lr0.01__bs64__seed0,results/runs/synthetic/synthetic-eigengap__synthetic__patch-su4__L1__lr0.01__bs64__seed0_seed0,synthetic-eigengap,synthetic,patch-su4,1,0,0.01,64,2000,True,plus,True,False,0.7254646143849196,0.5579268292682927,0.686560766265639,0.6092796092796092,0.5945121951219512,1087.0426829268292,,25.674740076065063,,105,8,256,457b0468ba5f023a4a9f38816dbca0899481d04d,False
complete,synthetic,synthetic-eigengap__synthetic__patch-su4__L1__lr0.01__bs64__seed10,results/runs/synthetic/synthetic-eigengap__synthetic__patch-su4__L1__lr0.01__bs64__seed10_seed10,synthetic-eigengap,synthetic,patch-su4,1,10,0.01,64,2000,True,plus,True,False,0.7230495930550892,0.5579268292682927,0.687419290800619,0.5934065934065934,0.600609756097561,1090.2439024390246,,24.92736506462097,,105,8,256,457b0468ba5f023a4a9f38816dbca0899481d04d,False
complete,synthetic,synthetic-eigengap__synthetic__patch-su4__L1__lr0.01__bs64__seed11,results/runs/synthetic/synthetic-eigengap__synthetic__patch-su4__L1__lr0.01__bs64__seed11_seed11,synthetic-eigengap,synthetic,patch-su4,1,11,0.01,64,2000,True,plus,True,False,0.7035303707057892,0.5640243902439024,0.672622050863852,0.6105006105006106,0.5823170731707317,1046.6463414634145,,24.12989592552185,,105,8,256,457b0468ba5f023a4a9f38816dbca0899481d04d,False
complete,synthetic,synthetic-eigengap__synthetic__patch-su4__L1__lr0.01__bs64__seed12,results/runs/synthetic/synthetic-eigengap__synthetic__patch-su4__L1__lr0.01__bs64__seed12_seed12,synthetic-eigengap,synthetic,patch-su4,1,12,0.01,64,2000,True,plus,True,False,0.7172885840715144,0.5701219512195121,0.6860848896271807,0.6019536019536019,0.5914634146341463,1093.1402439024391,,22.586155891418457,,105,8,256,457b0468ba5f023a4a9f38816dbca0899481d04d,False
complete,synthetic,synthetic-eigengap__synthetic__patch-su4__L1__lr0.01__bs64__seed13,results/runs/synthetic/synthetic-eigengap__synthetic__patch-su4__L1__lr0.01__bs64__seed13_seed13,synthetic-eigengap,synthetic,patch-su4,1,13,0.01,64,2000,True,plus,True,False,0.7118231095932642,0.5670731707317073,0.6832053312302461,0.6056166056166056,0.5945121951219512,1089.0243902439024,,26.113211393356323,,105,8,256,457b0468ba5f023a4a9f38816dbca0899481d04d,False
complete,synthetic,synthetic-eigengap__synthetic__patch-su4__L1__lr0.01__bs64__seed14,results/runs/synthetic/synthetic-eigengap__synthetic__patch-su4__L1__lr0.01__bs64__seed14_seed14,synthetic-eigengap,synthetic,patch-su4,1,14,0.01,64,2000,True,plus,True,False,0.7197671593874786,0.5640243902439024,0.6871133169132675,0.6007326007326007,0.625,1091.0060975609756,,24.754700422286987,,105,8,256,457b0468ba5f023a4a9f38816dbca0899481d04d,False
complete,synthetic,synthetic-eigengap__synthetic__patch-su4__L1__lr0.01__bs64__seed15,results/runs/synthetic/synthetic-eigengap__synthetic__patch-su4__L1__lr0.01__bs64__seed15_seed15,synthetic-eigengap,synthetic,patch-su4,1,15,0.01,64,2000,True,plus,True,False,0.7148402495085968,0.5701219512195121,0.6853252137100126,0.6007326007326007,0.5914634146341463,1088.871951219512,,23.79640531539917,,105,8,256,457b0468ba5f023a4a9f38816dbca0899481d04d,False
complete,synthetic,synthetic-eigengap__synthetic__patch-su4__L1__lr0.01__bs64__seed16,results/runs/synthetic/synthetic-eigengap__synthetic__patch-su4__L1__lr0.01__bs64__seed16_seed16,synthetic-eigengap,synthetic,patch-su4,1,16,0.01,64,2000,True,plus,True,False,0.7133722330663446,0.5823170731707317,0.6855327167154442,0.6019536019536019,0.5975609756097561,1090.2439024390242,,22.59482192993164,,105,8,256,457b0468ba5f023a4a9f38816dbca0899481d04d,False
complete,synthetic,synthetic-eigengap__synthetic__patch-su4__L1__lr0.01__bs64__seed17,results/runs/synthetic/synthetic-eigengap__synthetic__patch-su4__L1__lr0.01__bs64__seed17_seed17,synthetic-eigengap,synthetic,patch-su4,1,17,0.01,64,2000,True,plus,True,False,0.7159748442720582,0.573170731707317,0.6843721031501434,0.6043956043956044,0.5884146341463414,1087.65243902439,,22.516507387161255,,105,8,256,457b0468ba5f023a4a9f38816dbca0899481d04d,True
complete,synthetic,synthetic-eigengap__synthetic__patch-su4__L1__lr0.01__bs64__seed18,results/runs/synthetic/synthetic-eigengap__synthetic__patch-su4__L1__lr0.01__bs64__seed18_seed18,synthetic-eigengap,synthetic,patch-su4,1,18,0.01,64,2000,True,plus,True,False,0.7155006596619788,0.5579268292682927,0.6851432329410495,0.608058608058608,0.5975609756097561,1088.871951219512,,23.981404304504395,,105,8,256,5d760ef42d71a06acce4efdc9ed931be057f16a6,False
complete,synthetic,synthetic-eigengap__synthetic__patch-su4__L1__lr0.01__bs64__seed19,results/runs/synthetic/synthetic-eigengap__synthetic__patch-su4__L1__lr0.01__bs64__seed19_seed19,synthetic-eigengap,synthetic,patch-su4,1,19,0.01,64,2000,True,plus,True,False,0.7167213241384373,0.5640243902439024,0.6863011818646387,0.608058608058608,0.5884146341463414,1089.6341463414633,,23.8182692527771,,105,8,256,5d760ef42d71a06acce4efdc9ed931be057f16a6,True
complete,synthetic,synthetic-eigengap__synthetic__patch-su4__L1__lr0.01__bs64__seed1,results/runs/synthetic/synthetic-eigengap__synthetic__patch-su4__L1__lr0.01__bs64__seed1_seed1,synthetic-eigengap,synthetic,patch-su4,1,1,0.01,64,2000,True,plus,True,False,0.7224059178701008,0.5609756097560976,0.6882681844358758,0.6068376068376068,0.5975609756097561,1091.4634146341461,,22.468501329421997,,105,8,256,457b0468ba5f023a4a9f38816dbca0899481d04d,False
complete,synthetic,synthetic-eigengap__synthetic__patch-su4__L1__lr0.01__bs64__seed2,results/runs/synthetic/synthetic-eigengap__synthetic__patch-su4__L1__lr0.01__bs64__seed2_seed2,synthetic-eigengap,synthetic,patch-su4,1,2,0.01,64,2000,True,plus,True,False,0.7191146625061964,0.5792682926829268,0.6892765547182285,0.6019536019536019,0.5853658536585366,1085.9756097560974,,24.86403489112854,,105,8,256,5d760ef42d71a06acce4efdc9ed931be057f16a6,True
complete,synthetic,synthetic-eigengap__synthetic__patch-su4__L1__lr0.01__bs64__seed3,results/runs/synthetic/synthetic-eigengap__synthetic__patch-su4__L1__lr0.01__bs64__seed3_seed3,synthetic-eigengap,synthetic,patch-su4,1,3,0.01,64,2000,True,plus,True,False,0.7213249696161079,0.5579268292682927,0.6860474506518087,0.6117216117216118,0.5945121951219512,1087.1951219512198,,23.86336398124695,,105,8,256,5d760ef42d71a06acce4efdc9ed931be057f16a6,True
complete,synthetic,synthetic-eigengap__synthetic__patch-su4__L1__lr0.01__bs64__seed4,results/runs/synthetic/synthetic-eigengap__synthetic__patch-su4__L1__lr0.01__bs64__seed4_seed4,synthetic-eigengap,synthetic,patch-su4,1,4,0.01,64,2000,True,plus,True,False,0.7231485631755549,0.5670731707317073,0.6865822222248634,0.6056166056166056,0.6036585365853658,1089.4817073170732,,24.444202423095703,,105,8,256,5d760ef42d71a06acce4efdc9ed931be057f16a6,False
complete,synthetic,synthetic-eigengap__synthetic__patch-su4__L1__lr0.01__bs64__seed5,results/runs/synthetic/synthetic-eigengap__synthetic__patch-su4__L1__lr0.01__bs64__seed5_seed5,synthetic-eigengap,synthetic,patch-su4,1,5,0.01,64,2000,True,plus,True,False,0.719666280783239,0.5762195121951219,0.6872754824301125,0.590964590964591,0.6036585365853658,1093.445121951219,,24.094027042388916,,105,8,256,5d760ef42d71a06acce4efdc9ed931be057f16a6,False
complete,synthetic,synthetic-eigengap__synthetic__patch-su4__L1__lr0.01__bs64__seed6,results/runs/synthetic/synthetic-eigengap__synthetic__patch-su4__L1__lr0.01__bs64__seed6_seed6,synthetic-eigengap,synthetic,patch-su4,1,6,0.01,64,2000,True,plus,True,False,0.7193717324085169,0.5609756097560976,0.6879099624367366,0.6031746031746031,0.6036585365853658,1093.140243902439,,22.102861166000366,,105,8,256,5d760ef42d71a06acce4efdc9ed931be057f16a6,False
complete,synthetic,synthetic-eigengap__synthetic__patch-su4__L1__lr0.01__bs64__seed7,results/runs/synthetic/synthetic-eigengap__synthetic__patch-su4__L1__lr0.01__bs64__seed7_seed7,synthetic-eigengap,synthetic,patch-su4,1,7,0.01,64,2000,True,plus,True,False,0.717111015843167,0.5792682926829268,0.6876319370372328,0.5946275946275946,0.5914634146341463,1092.8353658536585,,24.06160068511963,,105,8,256,5d760ef42d71a06acce4efdc9ed931be057f16a6,False
complete,synthetic,synthetic-eigengap__synthetic__patch-su4__L1__lr0.01__bs64__seed8,results/runs/synthetic/synthetic-eigengap__synthetic__patch-su4__L1__lr0.01__bs64__seed8_seed8,synthetic-eigengap,synthetic,patch-su4,1,8,0.01,64,2000,True,plus,True,False,0.7158131839926505,0.573170731707317,0.6848013941462896,0.6178266178266179,0.6036585365853658,1092.6829268292681,,23.34744167327881,,105,8,256,5d760ef42d71a06acce4efdc9ed931be057f16a6,False
complete,synthetic,synthetic-eigengap__synthetic__patch-su4__L1__lr0.01__bs64__seed9,results/runs/synthetic/synthetic-eigengap__synthetic__patch-su4__L1__lr0.01__bs64__seed9_seed9,synthetic-eigengap,synthetic,patch-su4,1,9,0.01,64,2000,True,plus,True,False,0.7135284924938223,0.5762195121951219,0.6855686937956577,0.6019536019536019,0.5884146341463414,1089.4817073170732,,22.298397541046143,,105,8,256,5d760ef42d71a06acce4efdc9ed931be057f16a6,False
complete,synthetic,synthetic-eigengap__synthetic__patch-su4__L2__lr0.01__bs64__seed0,results/runs/synthetic/synthetic-eigengap__synthetic__patch-su4__L2__lr0.01__bs64__seed0_seed0,synthetic-eigengap,synthetic,patch-su4,2,0,0.01,64,2000,True,plus,True,False,0.6129719051366328,0.6524390243902439,0.6497478797274719,0.6214896214896215,0.6920731707317073,1254.4207317073171,,35.391653537750244,,210,8,256,457b0468ba5f023a4a9f38816dbca0899481d04d,False
complete,synthetic,synthetic-eigengap__synthetic__patch-su4__L2__lr0.01__bs64__seed10,results/runs/synthetic/synthetic-eigengap__synthetic__patch-su4__L2__lr0.01__bs64__seed10_seed10,synthetic-eigengap,synthetic,patch-su4,2,10,0.01,64,2000,True,plus,True,False,0.6167881668668935,0.649390243902439,0.643227624478857,0.6007326007326007,0.6615853658536586,1218.59756097561,,35.60886764526367,,210,8,256,457b0468ba5f023a4a9f38816dbca0899481d04d,False
complete,synthetic,synthetic-eigengap__synthetic__patch-su4__L2__lr0.01__bs64__seed11,results/runs/synthetic/synthetic-eigengap__synthetic__patch-su4__L2__lr0.01__bs64__seed11_seed11,synthetic-eigengap,synthetic,patch-su4,2,11,0.01,64,2000,True,plus,True,False,0.6231406955584358,0.6524390243902439,0.6270947634288633,0.6166056166056166,0.6737804878048781,1240.8536585365855,,34.82145857810974,,210,8,256,457b0468ba5f023a4a9f38816dbca0899481d04d,False
complete,synthetic,synthetic-eigengap__synthetic__patch-su4__L2__lr0.01__bs64__seed12,results/runs/synthetic/synthetic-eigengap__synthetic__patch-su4__L2__lr0.01__bs64__seed12_seed12,synthetic-eigengap,synthetic,patch-su4,2,12,0.01,64,2000,True,plus,True,False,0.6273439495783038,0.6432926829268293,0.631709144427303,0.6422466422466423,0.6707317073170732,1218.5975609756097,,34.94745230674744,,210,8,256,457b0468ba5f023a4a9f38816dbca0899481d04d,False
complete,synthetic,synthetic-eigengap__synthetic__patch-su4__L2__lr0.01__bs64__seed13,results/runs/synthetic/synthetic-eigengap__synthetic__patch-su4__L2__lr0.01__bs64__seed13_seed13,synthetic-eigengap,synthetic,patch-su4,2,13,0.01,64,2000,True,plus,True,False,0.6273359789075548,0.6524390243902439,0.6292837558688413,0.6398046398046398,0.6585365853658537,1205.1829268292684,,36.40675497055054,,210,8,256,457b0468ba5f023a4a9f38816dbca0899481d04d,False
complete,synthetic,synthetic-eigengap__synthetic__patch-su4__L2__lr0.01__bs64__seed14,results/runs/synthetic/synthetic-eigengap__synthetic__patch-su4__L2__lr0.01__bs64__seed14_seed14,synthetic-eigengap,synthetic,patch-su4,2,14,0.01,64,2000,True,plus,True,False,0.6451517618420167,0.6402439024390244,0.6351677342753037,0.6349206349206349,0.6707317073170732,1222.7134146341464,,34.8472216129303,,210,8,256,457b0468ba5f023a4a9f38816dbca0899481d04d,False
complete,synthetic,synthetic-eigengap__synthetic__patch-su4__L2__lr0.01__bs64__seed15,results/runs/synthetic/synthetic-eigengap__synthetic__patch-su4__L2__lr0.01__bs64__seed15_seed15,synthetic-eigengap,synthetic,patch-su4,2,15,0.01,64,2000,True,plus,True,False,0.6193426799298734,0.6371951219512195,0.6279139435776594,0.6263736263736264,0.6707317073170732,1219.9695121951222,,34.58471369743347,,210,8,256,457b0468ba5f023a4a9f38816dbca0899481d04d,False
complete,synthetic,synthetic-eigengap__synthetic__patch-su4__L2__lr0.01__bs64__seed16,results/runs/synthetic/synthetic-eigengap__synthetic__patch-su4__L2__lr0.01__bs64__seed16_seed16,synthetic-eigengap,synthetic,patch-su4,2,16,0.01,64,2000,True,plus,True,False,0.6413363197032118,0.6158536585365854,0.6466139730706749,0.6007326007326007,0.6463414634146342,1175.609756097561,,35.30500793457031,,210,8,256,457b0468ba5f023a4a9f38816dbca0899481d04d,False
complete,synthetic,synthetic-eigengap__synthetic__patch-su4__L2__lr0.01__bs64__seed17,results/runs/synthetic/synthetic-eigengap__synthetic__patch-su4__L2__lr0.01__bs64__seed17_seed17,synthetic-eigengap,synthetic,patch-su4,2,17,0.01,64,2000,True,plus,True,False,0.6177398614163301,0.6646341463414634,0.629611263358737,0.6324786324786325,0.6737804878048781,1219.817073170732,,35.27547764778137,,210,8,256,457b0468ba5f023a4a9f38816dbca0899481d04d,False
complete,synthetic,synthetic-eigengap__synthetic__patch-su4__L2__lr0.01__bs64__seed18,results/runs/synthetic/synthetic-eigengap__synthetic__patch-su4__L2__lr0.01__bs64__seed18_seed18,synthetic-eigengap,synthetic,patch-su4,2,18,0.01,64,2000,True,plus,True,False,0.6279479725504578,0.6371951219512195,0.6524921549323807,0.6202686202686203,0.6554878048780488,1208.5365853658536,,33.31155967712402,,210,8,256,457b0468ba5f023a4a9f38816dbca0899481d04d,False
complete,synthetic,synthetic-eigengap__synthetic__patch-su4__L2__lr0.01__bs64__seed19,results/runs/synthetic/synthetic-eigengap__synthetic__patch-su4__L2__lr0.01__bs64__seed19_seed19,synthetic-eigengap,synthetic,patch-su4,2,19,0.01,64,2000,True,plus,True,False,0.6078291960847754,0.6737804878048781,0.6305352785492565,0.6324786324786325,0.6737804878048781,1213.7195121951222,,33.815117835998535,,210,8,256,457b0468ba5f023a4a9f38816dbca0899481d04d,False
complete,synthetic,synthetic-eigengap__synthetic__patch-su4__L2__lr0.01__bs64__seed1,results/runs/synthetic/synthetic-eigengap__synthetic__patch-su4__L2__lr0.01__bs64__seed1_seed1,synthetic-eigengap,synthetic,patch-su4,2,1,0.01,64,2000,True,plus,True,False,0.6140782893681785,0.649390243902439,0.6320170374435733,0.6410256410256411,0.6676829268292683,1224.0853658536585,,35.565821409225464,,210,8,256,457b0468ba5f023a4a9f38816dbca0899481d04d,False
complete,synthetic,synthetic-eigengap__synthetic__patch-su4__L2__lr0.01__bs64__seed2,results/runs/synthetic/synthetic-eigengap__synthetic__patch-su4__L2__lr0.01__bs64__seed2_seed2,synthetic-eigengap,synthetic,patch-su4,2,2,0.01,64,2000,True,plus,True,False,0.6437162924803213,0.5975609756097561,0.6515596933848646,0.6007326007326007,0.6371951219512195,1174.5426829268292,,34.461103439331055,,210,8,256,457b0468ba5f023a4a9f38816dbca0899481d04d,False
complete,synthetic,synthetic-eigengap__synthetic__patch-su4__L2__lr0.01__bs64__seed3,results/runs/synthetic/synthetic-eigengap__synthetic__patch-su4__L2__lr0.01__bs64__seed3_seed3,synthetic-eigengap,synthetic,patch-su4,2,3,0.01,64,2000,True,plus,True,False,0.6092454561199145,0.6554878048780488,0.6538593815022377,0.6019536019536019,0.6646341463414634,1210.3658536585363,,35.15316605567932,,210,8,256,457b0468ba5f023a4a9f38816dbca0899481d04d,False
complete,synthetic,synthetic-eigengap__synthetic__patch-su4__L2__lr0.01__bs64__seed4,results/runs/synthetic/synthetic-eigengap__synthetic__patch-su4__L2__lr0.01__bs64__seed4_seed4,synthetic-eigengap,synthetic,patch-su4,2,4,0.01,64,2000,True,plus,True,False,0.6194819171691154,0.6402439024390244,0.6237404316812655,0.6471306471306472,0.6798780487804879,1247.5609756097563,,33.90167808532715,,210,8,256,457b0468ba5f023a4a9f38816dbca0899481d04d,False
complete,synthetic,synthetic-eigengap__synthetic__patch-su4__L2__lr0.01__bs64__seed5,results/runs/synthetic/synthetic-eigengap__synthetic__patch-su4__L2__lr0.01__bs64__seed5_seed5,synthetic-eigengap,synthetic,patch-su4,2,5,0.01,64,2000,True,plus,True,False,0.6252359286407813,0.6280487804878049,0.638509582371047,0.6312576312576312,0.676829268292683,1225.762195121951,,33.45717453956604,,210,8,256,457b0468ba5f023a4a9f38816dbca0899481d04d,False
complete,synthetic,synthetic-eigengap__synthetic__patch-su4__L2__lr0.01__bs64__seed6,results/runs/synthetic/synthetic-eigengap__synthetic__patch-su4__L2__lr0.01__bs64__seed6_seed6,synthetic-eigengap,synthetic,patch-su4,2,6,0.01,64,2000,True,plus,True,False,0.6225270690298365,0.6280487804878049,0.6268323312187154,0.6349206349206349,0.6707317073170732,1237.34756097561,,34.99258804321289,,210,8,256,457b0468ba5f023a4a9f38816dbca0899481d04d,False
complete,synthetic,synthetic-eigengap__synthetic__patch-su4__L2__lr0.01__bs64__seed7,results/runs/synthetic/synthetic-eigengap__synthetic__patch-su4__L2__lr0.01__bs64__seed7_seed7,synthetic-eigengap,synthetic,patch-su4,2,7,0.01,64,2000,True,plus,True,False,0.6374196407374321,0.6219512195121951,0.631210509363685,0.645909645909646,0.6585365853658537,1197.4085365853657,,35.35180377960205,,210,8,256,457b0468ba5f023a4a9f38816dbca0899481d04d,False
complete,synthetic,synthetic-eigengap__synthetic__patch-su4__L2__lr0.01__bs64__seed8,results/runs/synthetic/synthetic-eigengap__synthetic__patch-su4__L2__lr0.01__bs64__seed8_seed8,synthetic-eigengap,synthetic,patch-su4,2,8,0.01,64,2000,True,plus,True,False,0.6123999799980253,0.6707317073170732,0.6304383820983599,0.6324786324786325,0.6707317073170732,1219.8170731707319,,35.34867525100708,,210,8,256,457b0468ba5f023a4a9f38816dbca0899481d04d,False
complete,synthetic,synthetic-eigengap__synthetic__patch-su4__L2__lr0.01__bs64__seed9,results/runs/synthetic/synthetic-eigengap__synthetic__patch-su4__L2__lr0.01__bs64__seed9_seed9,synthetic-eigengap,synthetic,patch-su4,2,9,0.01,64,2000,True,plus,True,False,0.6341144277868944,0.649390243902439,0.6328598695414851,0.6434676434676435,0.649390243902439,1203.9634146341464,,35.055705070495605,,210,8,256,457b0468ba5f023a4a9f38816dbca0899481d04d,False
complete,synthetic,synthetic-eigengap__synthetic__patch-su4__L32__lr0.01__bs64__seed0,results/runs/synthetic/synthetic-eigengap__synthetic__patch-su4__L32__lr0.01__bs64__seed0_seed0,synthetic-eigengap,synthetic,patch-su4,32,0,0.01,64,2000,True,plus,True,False,0.6888560746124052,0.5182926829268293,0.6837446416905265,0.557997557997558,0.5823170731707317,1011.7378048780487,,604.1191916465759,,3360,8,256,5d760ef42d71a06acce4efdc9ed931be057f16a6,False
complete,synthetic,synthetic-eigengap__synthetic__patch-su4__L32__lr0.01__bs64__seed10,results/runs/synthetic/synthetic-eigengap__synthetic__patch-su4__L32__lr0.01__bs64__seed10_seed10,synthetic-eigengap,synthetic,patch-su4,32,10,0.01,64,2000,True,plus,True,False,0.7036512019216645,0.524390243902439,0.6958423450372032,0.5323565323565324,0.5853658536585366,1013.4146341463414,,463.99162554740906,,3360,8,256,457b0468ba5f023a4a9f38816dbca0899481d04d,False
complete,synthetic,synthetic-eigengap__synthetic__patch-su4__L32__lr0.01__bs64__seed11,results/runs/synthetic/synthetic-eigengap__synthetic__patch-su4__L32__lr0.01__bs64__seed11_seed11,synthetic-eigengap,synthetic,patch-su4,32,11,0.01,64,2000,True,plus,True,False,0.6943598310421653,0.4969512195121951,0.6927149263576002,0.5335775335775336,0.5884146341463414,999.8475609756098,,461.81993222236633,,3360,8,256,457b0468ba5f023a4a9f38816dbca0899481d04d,False
complete,synthetic,synthetic-eigengap__synthetic__patch-su4__L32__lr0.01__bs64__seed12,results/runs/synthetic/synthetic-eigengap__synthetic__patch-su4__L32__lr0.01__bs64__seed12_seed12,synthetic-eigengap,synthetic,patch-su4,32,12,0.01,64,2000,True,plus,True,False,0.6872274129846307,0.551829268292683,0.6950553289764847,0.5201465201465202,0.5792682926829268,1003.3536585365854,,463.89752101898193,,3360,8,256,457b0468ba5f023a4a9f38816dbca0899481d04d,False
complete,synthetic,synthetic-eigengap__synthetic__patch-su4__L32__lr0.01__bs64__seed13,results/runs/synthetic/synthetic-eigengap__synthetic__patch-su4__L32__lr0.01__bs64__seed13_seed13,synthetic-eigengap,synthetic,patch-su4,32,13,0.01,64,2000,True,plus,True,False,0.6824363085485147,0.5609756097560976,0.6891937722202064,0.5445665445665445,0.5792682926829268,994.8170731707319,,464.6983780860901,,3360,8,256,457b0468ba5f023a4a9f38816dbca0899481d04d,False
complete,synthetic,synthetic-eigengap__synthetic__patch-su4__L32__lr0.01__bs64__seed14,results/runs/synthetic/synthetic-eigengap__synthetic__patch-su4__L32__lr0.01__bs64__seed14_seed14,synthetic-eigengap,synthetic,patch-su4,32,14,0.01,64,2000,True,plus,True,False,0.689586669785666,0.524390243902439,0.685985710419647,0.5311355311355311,0.6067073170731707,1005.640243902439,,465.27963185310364,,3360,8,256,457b0468ba5f023a4a9f38816dbca0899481d04d,False
complete,synthetic,synthetic-eigengap__synthetic__patch-su4__L32__lr0.01__bs64__seed15,results/runs/synthetic/synthetic-eigengap__synthetic__patch-su4__L32__lr0.01__bs64__seed15_seed15,synthetic-eigengap,synthetic,patch-su4,32,15,0.01,64,2000,True,plus,True,False,0.6780552646371578,0.5701219512195121,0.6908049443291132,0.5457875457875457,0.5945121951219512,1008.079268292683,,462.68796277046204,,3360,8,256,457b0468ba5f023a4a9f38816dbca0899481d04d,False
complete,synthetic,synthetic-eigengap__synthetic__patch-su4__L32__lr0.01__bs64__seed16,results/runs/synthetic/synthetic-eigengap__synthetic__patch-su4__L32__lr0.01__bs64__seed16_seed16,synthetic-eigengap,synthetic,patch-su4,32,16,0.01,64,2000,True,plus,True,False,0.6874099913515789,0.524390243902439,0.6882277609911416,0.557997557997558,0.5914634146341463,1009.6036585365853,,463.35263442993164,,3360,8,256,457b0468ba5f023a4a9f38816dbca0899481d04d,False
complete,synthetic,synthetic-eigengap__synthetic__patch-su4__L32__lr0.01__bs64__seed17,results/runs/synthetic/synthetic-eigengap__synthetic__patch-su4__L32__lr0.01__bs64__seed17_seed17,synthetic-eigengap,synthetic,patch-su4,32,17,0.01,64,2000,True,plus,True,False,0.6865073765752036,0.5670731707317073,0.6843454708843084,0.5433455433455433,0.5792682926829268,1008.2317073170732,,466.2099506855011,,3360,8,256,457b0468ba5f023a4a9f38816dbca0899481d04d,False
complete,synthetic,synthetic-eigengap__synthetic__patch-su4__L32__lr0.01__bs64__seed18,results/runs/synthetic/synthetic-eigengap__synthetic__patch-su4__L32__lr0.01__bs64__seed18_seed18,synthetic-eigengap,synthetic,patch-su4,32,18,0.01,64,2000,True,plus,True,False,0.6873799195209973,0.5304878048780488,0.6833692509083302,0.5665445665445665,0.600609756097561,1003.6585365853658,,464.6007764339447,,3360,8,256,457b0468ba5f023a4a9f38816dbca0899481d04d,False
complete,synthetic,synthetic-eigengap__synthetic__patch-su4__L32__lr0.01__bs64__seed19,results/runs/synthetic/synthetic-eigengap__synthetic__patch-su4__L32__lr0.01__bs64__seed19_seed19,synthetic-eigengap,synthetic,patch-su4,32,19,0.01,64,2000,True,plus,True,False,0.6831969721601202,0.5670731707317073,0.6891220265521725,0.5482295482295483,0.5792682926829268,981.4024390243903,,464.4590690135956,,3360,8,256,457b0468ba5f023a4a9f38816dbca0899481d04d,False
complete,synthetic,synthetic-eigengap__synthetic__patch-su4__L32__lr0.01__bs64__seed1,results/runs/synthetic/synthetic-eigengap__synthetic__patch-su4__L32__lr0.01__bs64__seed1_seed1,synthetic-eigengap,synthetic,patch-su4,32,1,0.01,64,2000,True,plus,True,False,0.6993103878419935,0.47560975609756095,0.6807751154623292,0.5616605616605617,0.5762195121951219,1002.439024390244,,464.2454659938812,,3360,8,256,457b0468ba5f023a4a9f38816dbca0899481d04d,False
complete,synthetic,synthetic-eigengap__synthetic__patch-su4__L32__lr0.01__bs64__seed2,results/runs/synthetic/synthetic-eigengap__synthetic__patch-su4__L32__lr0.01__bs64__seed2_seed2,synthetic-eigengap,synthetic,patch-su4,32,2,0.01,64,2000,True,plus,True,False,0.6935660474099865,0.5396341463414634,0.6782983722738625,0.5726495726495726,0.6189024390243902,1029.7256097560976,,463.395489692688,,3360,8,256,457b0468ba5f023a4a9f38816dbca0899481d04d,False
complete,synthetic,synthetic-eigengap__synthetic__patch-su4__L32__lr0.01__bs64__seed3,results/runs/synthetic/synthetic-eigengap__synthetic__patch-su4__L32__lr0.01__bs64__seed3_seed3,synthetic-eigengap,synthetic,patch-su4,32,3,0.01,64,2000,True,plus,True,False,0.7024806692391216,0.5182926829268293,0.677302426428989,0.5677655677655677,0.5579268292682927,979.1158536585365,,463.96173644065857,,3360,8,256,457b0468ba5f023a4a9f38816dbca0899481d04d,False
complete,synthetic,synthetic-eigengap__synthetic__patch-su4__L32__lr0.01__bs64__seed4,results/runs/synthetic/synthetic-eigengap__synthetic__patch-su4__L32__lr0.01__bs64__seed4_seed4,synthetic-eigengap,synthetic,patch-su4,32,4,0.01,64,2000,True,plus,True,False,0.6996220095946678,0.5274390243902439,0.7042968562142689,0.514041514041514,0.5579268292682927,989.0243902439025,,468.3987102508545,,3360,8,256,457b0468ba5f023a4a9f38816dbca0899481d04d,False
complete,synthetic,synthetic-eigengap__synthetic__patch-su4__L32__lr0.01__bs64__seed5,results/runs/synthetic/synthetic-eigengap__synthetic__patch-su4__L32__lr0.01__bs64__seed5_seed5,synthetic-eigengap,synthetic,patch-su4,32,5,0.01,64,2000,True,plus,True,False,0.6953913713106055,0.5487804878048781,0.6834953972330339,0.5677655677655677,0.5884146341463414,999.6951219512193,,466.79576444625854,,3360,8,256,457b0468ba5f023a4a9f38816dbca0899481d04d,False
complete,synthetic,synthetic-eigengap__synthetic__patch-su4__L32__lr0.01__bs64__seed6,results/runs/synthetic/synthetic-eigengap__synthetic__patch-su4__L32__lr0.01__bs64__seed6_seed6,synthetic-eigengap,synthetic,patch-su4,32,6,0.01,64,2000,True,plus,True,False,0.6885100392637781,0.5365853658536586,0.6873198602433437,0.5531135531135531,0.5548780487804879,979.7256097560979,,466.21162581443787,,3360,8,256,457b0468ba5f023a4a9f38816dbca0899481d04d,False
complete,synthetic,synthetic-eigengap__synthetic__patch-su4__L32__lr0.01__bs64__seed7,results/runs/synthetic/synthetic-eigengap__synthetic__patch-su4__L32__lr0.01__bs64__seed7_seed7,synthetic-eigengap,synthetic,patch-su4,32,7,0.01,64,2000,True,plus,True,False,0.6890047951849798,0.551829268292683,0.6865404420409766,0.5433455433455433,0.5823170731707317,990.5487804878048,,463.5418746471405,,3360,8,256,457b0468ba5f023a4a9f38816dbca0899481d04d,False
complete,synthetic,synthetic-eigengap__synthetic__patch-su4__L32__lr0.01__bs64__seed8,results/runs/synthetic/synthetic-eigengap__synthetic__patch-su4__L32__lr0.01__bs64__seed8_seed8,synthetic-eigengap,synthetic,patch-su4,32,8,0.01,64,2000,True,plus,True,False,0.6932700681440015,0.524390243902439,0.6949557188854772,0.5567765567765568,0.5823170731707317,1011.1280487804879,,465.64662528038025,,3360,8,256,457b0468ba5f023a4a9f38816dbca0899481d04d,False
complete,synthetic,synthetic-eigengap__synthetic__patch-su4__L32__lr0.01__bs64__seed9,results/runs/synthetic/synthetic-eigengap__synthetic__patch-su4__L32__lr0.01__bs64__seed9_seed9,synthetic-eigengap,synthetic,patch-su4,32,9,0.01,64,2000,True,plus,True,False,0.6957312610440629,0.49085365853658536,0.696578139724403,0.4981684981684982,0.5609756097560976,987.6524390243902,,467.8655951023102,,3360,8,256,457b0468ba5f023a4a9f38816dbca0899481d04d,False
complete,synthetic,synthetic-eigengap__synthetic__patch-su4__L4__lr0.01__bs64__seed0,results/runs/synthetic/synthetic-eigengap__synthetic__patch-su4__L4__lr0.01__bs64__seed0_seed0,synthetic-eigengap,synthetic,patch-su4,4,0,0.01,64,2000,True,plus,True,False,0.60605610060982,0.6554878048780488,0.631083308892784,0.612942612942613,0.6676829268292683,1217.6829268292684,,56.62190055847168,,420,8,256,457b0468ba5f023a4a9f38816dbca0899481d04d,False
complete,synthetic,synthetic-eigengap__synthetic__patch-su4__L4__lr0.01__bs64__seed10,results/runs/synthetic/synthetic-eigengap__synthetic__patch-su4__L4__lr0.01__bs64__seed10_seed10,synthetic-eigengap,synthetic,patch-su4,4,10,0.01,64,2000,True,plus,True,False,0.6437856135314415,0.6128048780487805,0.621602754624388,0.6422466422466423,0.6371951219512195,1169.6646341463413,,57.45729613304138,,420,8,256,457b0468ba5f023a4a9f38816dbca0899481d04d,False
complete,synthetic,synthetic-eigengap__synthetic__patch-su4__L4__lr0.01__bs64__seed11,results/runs/synthetic/synthetic-eigengap__synthetic__patch-su4__L4__lr0.01__bs64__seed11_seed11,synthetic-eigengap,synthetic,patch-su4,4,11,0.01,64,2000,True,plus,True,False,0.633436770916614,0.6310975609756098,0.6367750011394936,0.6092796092796092,0.6432926829268293,1178.5060975609756,,58.62354826927185,,420,8,256,457b0468ba5f023a4a9f38816dbca0899481d04d,False
complete,synthetic,synthetic-eigengap__synthetic__patch-su4__L4__lr0.01__bs64__seed12,results/runs/synthetic/synthetic-eigengap__synthetic__patch-su4__L4__lr0.01__bs64__seed12_seed12,synthetic-eigengap,synthetic,patch-su4,4,12,0.01,64,2000,True,plus,True,False,0.6221530369605301,0.625,0.627030586518501,0.6263736263736264,0.6737804878048781,1239.6341463414633,,56.69507336616516,,420,8,256,457b0468ba5f023a4a9f38816dbca0899481d04d,False
complete,synthetic,synthetic-eigengap__synthetic__patch-su4__L4__lr0.01__bs64__seed13,results/runs/synthetic/synthetic-eigengap__synthetic__patch-su4__L4__lr0.01__bs64__seed13_seed13,synthetic-eigengap,synthetic,patch-su4,4,13,0.01,64,2000,True,plus,True,False,0.622772054142419,0.649390243902439,0.6404451555945544,0.6043956043956044,0.6585365853658537,1200.3048780487804,,59.33319544792175,,420,8,256,457b0468ba5f023a4a9f38816dbca0899481d04d,False
complete,synthetic,synthetic-eigengap__synthetic__patch-su4__L4__lr0.01__bs64__seed14,results/runs/synthetic/synthetic-eigengap__synthetic__patch-su4__L4__lr0.01__bs64__seed14_seed14,synthetic-eigengap,synthetic,patch-su4,4,14,0.01,64,2000,True,plus,True,False,0.652690956618054,0.6128048780487805,0.6151037902010285,0.6471306471306472,0.6432926829268293,1170.121951219512,,60.561267375946045,,420,8,256,457b0468ba5f023a4a9f38816dbca0899481d04d,False
complete,synthetic,synthetic-eigengap__synthetic__patch-su4__L4__lr0.01__bs64__seed15,results/runs/synthetic/synthetic-eigengap__synthetic__patch-su4__L4__lr0.01__bs64__seed15_seed15,synthetic-eigengap,synthetic,patch-su4,4,15,0.01,64,2000,True,plus,True,False,0.6048208088200615,0.6371951219512195,0.6284945778308737,0.6251526251526252,0.6463414634146342,1199.5426829268292,,58.534308671951294,,420,8,256,457b0468ba5f023a4a9f38816dbca0899481d04d,False
complete,synthetic,synthetic-eigengap__synthetic__patch-su4__L4__lr0.01__bs64__seed16,results/runs/synthetic/synthetic-eigengap__synthetic__patch-su4__L4__lr0.01__bs64__seed16_seed16,synthetic-eigengap,synthetic,patch-su4,4,16,0.01,64,2000,True,plus,True,False,0.6010156007198781,0.6524390243902439,0.6169165926724206,0.652014652014652,0.698170731707317,1250.1524390243903,,58.26819372177124,,420,8,256,457b0468ba5f023a4a9f38816dbca0899481d04d,False
complete,synthetic,synthetic-eigengap__synthetic__patch-su4__L4__lr0.01__bs64__seed17,results/runs/synthetic/synthetic-eigengap__synthetic__patch-su4__L4__lr0.01__bs64__seed17_seed17,synthetic-eigengap,synthetic,patch-su4,4,17,0.01,64,2000,True,plus,True,False,0.6268941594215514,0.6097560975609756,0.6373013930170451,0.5885225885225885,0.6432926829268293,1167.378048780488,,57.268620014190674,,420,8,256,457b0468ba5f023a4a9f38816dbca0899481d04d,False
complete,synthetic,synthetic-eigengap__synthetic__patch-su4__L4__lr0.01__bs64__seed18,results/runs/synthetic/synthetic-eigengap__synthetic__patch-su4__L4__lr0.01__bs64__seed18_seed18,synthetic-eigengap,synthetic,patch-su4,4,18,0.01,64,2000,True,plus,True,False,0.6213617041254048,0.6158536585365854,0.6305436991593275,0.6288156288156288,0.649390243902439,1184.9085365853662,,58.070977210998535,,420,8,256,457b0468ba5f023a4a9f38816dbca0899481d04d,False
complete,synthetic,synthetic-eigengap__synthetic__patch-su4__L4__lr0.01__bs64__seed19,results/runs/synthetic/synthetic-eigengap__synthetic__patch-su4__L4__lr0.01__bs64__seed19_seed19,synthetic-eigengap,synthetic,patch-su4,4,19,0.01,64,2000,True,plus,True,False,0.6142415802627961,0.6554878048780488,0.6118099944268203,0.6544566544566545,0.6890243902439024,1248.323170731707,,58.02698469161987,,420,8,256,457b0468ba5f023a4a9f38816dbca0899481d04d,False
complete,synthetic,synthetic-eigengap__synthetic__patch-su4__L4__lr0.01__bs64__seed1,results/runs/synthetic/synthetic-eigengap__synthetic__patch-su4__L4__lr0.01__bs64__seed1_seed1,synthetic-eigengap,synthetic,patch-su4,4,1,0.01,64,2000,True,plus,True,False,0.6318465520317952,0.6158536585365854,0.6146402012882526,0.6349206349206349,0.6524390243902439,1184.6036585365855,,56.650684118270874,,420,8,256,457b0468ba5f023a4a9f38816dbca0899481d04d,False
complete,synthetic,synthetic-eigengap__synthetic__patch-su4__L4__lr0.01__bs64__seed2,results/runs/synthetic/synthetic-eigengap__synthetic__patch-su4__L4__lr0.01__bs64__seed2_seed2,synthetic-eigengap,synthetic,patch-su4,4,2,0.01,64,2000,True,plus,True,False,0.6078124948552056,0.6585365853658537,0.6118517411839868,0.6410256410256411,0.6890243902439024,1246.6463414634147,,57.56930947303772,,420,8,256,457b0468ba5f023a4a9f38816dbca0899481d04d,False
complete,synthetic,synthetic-eigengap__synthetic__patch-su4__L4__lr0.01__bs64__seed3,results/runs/synthetic/synthetic-eigengap__synthetic__patch-su4__L4__lr0.01__bs64__seed3_seed3,synthetic-eigengap,synthetic,patch-su4,4,3,0.01,64,2000,True,plus,True,False,0.6241804021589586,0.6067073170731707,0.6225295782529428,0.6385836385836385,0.6524390243902439,1200.609756097561,,58.994627714157104,,420,8,256,457b0468ba5f023a4a9f38816dbca0899481d04d,False
complete,synthetic,synthetic-eigengap__synthetic__patch-su4__L4__lr0.01__bs64__seed4,results/runs/synthetic/synthetic-eigengap__synthetic__patch-su4__L4__lr0.01__bs64__seed4_seed4,synthetic-eigengap,synthetic,patch-su4,4,4,0.01,64,2000,True,plus,True,False,0.6165366502915608,0.6371951219512195,0.6233135153420744,0.6349206349206349,0.6615853658536586,1182.469512195122,,57.50017046928406,,420,8,256,457b0468ba5f023a4a9f38816dbca0899481d04d,False
complete,synthetic,synthetic-eigengap__synthetic__patch-su4__L4__lr0.01__bs64__seed5,results/runs/synthetic/synthetic-eigengap__synthetic__patch-su4__L4__lr0.01__bs64__seed5_seed5,synthetic-eigengap,synthetic,patch-su4,4,5,0.01,64,2000,True,plus,True,False,0.6131811237786831,0.6707317073170732,0.613840990565478,0.6495726495726496,0.6707317073170732,1227.1341463414633,,59.22067952156067,,420,8,256,457b0468ba5f023a4a9f38816dbca0899481d04d,False
complete,synthetic,synthetic-eigengap__synthetic__patch-su4__L4__lr0.01__bs64__seed6,results/runs/synthetic/synthetic-eigengap__synthetic__patch-su4__L4__lr0.01__bs64__seed6_seed6,synthetic-eigengap,synthetic,patch-su4,4,6,0.01,64,2000,True,plus,True,False,0.6276969583219685,0.6310975609756098,0.6252107991346048,0.6410256410256411,0.6859756097560976,1255.1829268292681,,58.844446420669556,,420,8,256,457b0468ba5f023a4a9f38816dbca0899481d04d,False
complete,synthetic,synthetic-eigengap__synthetic__patch-su4__L4__lr0.01__bs64__seed7,results/runs/synthetic/synthetic-eigengap__synthetic__patch-su4__L4__lr0.01__bs64__seed7_seed7,synthetic-eigengap,synthetic,patch-su4,4,7,0.01,64,2000,True,plus,True,False,0.6084371379145874,0.6554878048780488,0.6076033840820202,0.645909645909646,0.6554878048780488,1203.5060975609754,,58.53432106971741,,420,8,256,457b0468ba5f023a4a9f38816dbca0899481d04d,False
complete,synthetic,synthetic-eigengap__synthetic__patch-su4__L4__lr0.01__bs64__seed8,results/runs/synthetic/synthetic-eigengap__synthetic__patch-su4__L4__lr0.01__bs64__seed8_seed8,synthetic-eigengap,synthetic,patch-su4,4,8,0.01,64,2000,True,plus,True,False,0.6145831673325721,0.6432926829268293,0.6226373749783818,0.6312576312576312,0.6463414634146342,1176.829268292683,,58.15976405143738,,420,8,256,457b0468ba5f023a4a9f38816dbca0899481d04d,False
complete,synthetic,synthetic-eigengap__synthetic__patch-su4__L4__lr0.01__bs64__seed9,results/runs/synthetic/synthetic-eigengap__synthetic__patch-su4__L4__lr0.01__bs64__seed9_seed9,synthetic-eigengap,synthetic,patch-su4,4,9,0.01,64,2000,True,plus,True,False,0.606092119175146,0.6615853658536586,0.6196884243398465,0.6288156288156288,0.6737804878048781,1202.591463414634,,58.58133149147034,,420,8,256,457b0468ba5f023a4a9f38816dbca0899481d04d,False
complete,synthetic,synthetic-eigengap__synthetic__patch-su4__L8__lr0.01__bs64__seed0,results/runs/synthetic/synthetic-eigengap__synthetic__patch-su4__L8__lr0.01__bs64__seed0_seed0,synthetic-eigengap,synthetic,patch-su4,8,0,0.01,64,2000,True,plus,True,False,0.6580223450726744,0.5823170731707317,0.6395026852189564,0.6105006105006106,0.6371951219512195,1108.2317073170732,,101.45266509056091,,840,8,256,5d760ef42d71a06acce4efdc9ed931be057f16a6,False
complete,synthetic,synthetic-eigengap__synthetic__patch-su4__L8__lr0.01__bs64__seed10,results/runs/synthetic/synthetic-eigengap__synthetic__patch-su4__L8__lr0.01__bs64__seed10_seed10,synthetic-eigengap,synthetic,patch-su4,8,10,0.01,64,2000,True,plus,True,False,0.6754277007130715,0.5640243902439024,0.663062717520046,0.5946275946275946,0.5884146341463414,1072.1036585365853,,102.3743405342102,,840,8,256,5d760ef42d71a06acce4efdc9ed931be057f16a6,False
complete,synthetic,synthetic-eigengap__synthetic__patch-su4__L8__lr0.01__bs64__seed11,results/runs/synthetic/synthetic-eigengap__synthetic__patch-su4__L8__lr0.01__bs64__seed11_seed11,synthetic-eigengap,synthetic,patch-su4,8,11,0.01,64,2000,True,plus,True,False,0.6538025608347081,0.5823170731707317,0.656233786729228,0.5946275946275946,0.6402439024390244,1117.6829268292684,,107.49462699890137,,840,8,256,5d760ef42d71a06acce4efdc9ed931be057f16a6,False
complete,synthetic,synthetic-eigengap__synthetic__patch-su4__L8__lr0.01__bs64__seed12,results/runs/synthetic/synthetic-eigengap__synthetic__patch-su4__L8__lr0.01__bs64__seed12_seed12,synthetic-eigengap,synthetic,patch-su4,8,12,0.01,64,2000,True,plus,True,False,0.6775770125924645,0.5945121951219512,0.6771527901054485,0.5824175824175825,0.6432926829268293,1134.908536585366,,102.71186256408691,,840,8,256,5d760ef42d71a06acce4efdc9ed931be057f16a6,False
complete,synthetic,synthetic-eigengap__synthetic__patch-su4__L8__lr0.01__bs64__seed13,results/runs/synthetic/synthetic-eigengap__synthetic__patch-su4__L8__lr0.01__bs64__seed13_seed13,synthetic-eigengap,synthetic,patch-su4,8,13,0.01,64,2000,True,plus,True,False,0.6656968849029617,0.600609756097561,0.6516614628430678,0.6153846153846154,0.600609756097561,1051.9817073170732,,102.87359809875488,,840,8,256,5d760ef42d71a06acce4efdc9ed931be057f16a6,False
complete,synthetic,synthetic-eigengap__synthetic__patch-su4__L8__lr0.01__bs64__seed14,results/runs/synthetic/synthetic-eigengap__synthetic__patch-su4__L8__lr0.01__bs64__seed14_seed14,synthetic-eigengap,synthetic,patch-su4,8,14,0.01,64,2000,True,plus,True,False,0.6499917694560069,0.6158536585365854,0.6588424922363043,0.5946275946275946,0.6158536585365854,1118.9024390243903,,102.18652009963989,,840,8,256,5d760ef42d71a06acce4efdc9ed931be057f16a6,False
complete,synthetic,synthetic-eigengap__synthetic__patch-su4__L8__lr0.01__bs64__seed15,results/runs/synthetic/synthetic-eigengap__synthetic__patch-su4__L8__lr0.01__bs64__seed15_seed15,synthetic-eigengap,synthetic,patch-su4,8,15,0.01,64,2000,True,plus,True,False,0.6564213668519784,0.6097560975609756,0.6429136540946577,0.6007326007326007,0.6371951219512195,1116.6158536585365,,140.24156522750854,,840,8,256,5d760ef42d71a06acce4efdc9ed931be057f16a6,False
complete,synthetic,synthetic-eigengap__synthetic__patch-su4__L8__lr0.01__bs64__seed16,results/runs/synthetic/synthetic-eigengap__synthetic__patch-su4__L8__lr0.01__bs64__seed16_seed16,synthetic-eigengap,synthetic,patch-su4,8,16,0.01,64,2000,True,plus,True,False,0.664039413893202,0.573170731707317,0.6574666902509475,0.5946275946275946,0.5884146341463414,1064.3292682926829,,166.49173283576965,,840,8,256,5d760ef42d71a06acce4efdc9ed931be057f16a6,False
complete,synthetic,synthetic-eigengap__synthetic__patch-su4__L8__lr0.01__bs64__seed17,results/runs/synthetic/synthetic-eigengap__synthetic__patch-su4__L8__lr0.01__bs64__seed17_seed17,synthetic-eigengap,synthetic,patch-su4,8,17,0.01,64,2000,True,plus,True,False,0.6435111812741477,0.5945121951219512,0.6595228199498239,0.5848595848595849,0.625,1136.890243902439,,163.3723647594452,,840,8,256,5d760ef42d71a06acce4efdc9ed931be057f16a6,False
complete,synthetic,synthetic-eigengap__synthetic__patch-su4__L8__lr0.01__bs64__seed18,results/runs/synthetic/synthetic-eigengap__synthetic__patch-su4__L8__lr0.01__bs64__seed18_seed18,synthetic-eigengap,synthetic,patch-su4,8,18,0.01,64,2000,True,plus,True,False,0.6432446551258081,0.6463414634146342,0.6652446002679526,0.575091575091575,0.6463414634146342,1113.4146341463413,,211.18953657150269,,840,8,256,5d760ef42d71a06acce4efdc9ed931be057f16a6,False
complete,synthetic,synthetic-eigengap__synthetic__patch-su4__L8__lr0.01__bs64__seed19,results/runs/synthetic/synthetic-eigengap__synthetic__patch-su4__L8__lr0.01__bs64__seed19_seed19,synthetic-eigengap,synthetic,patch-su4,8,19,0.01,64,2000,True,plus,True,False,0.6635339289632223,0.5945121951219512,0.6633409231448478,0.6043956043956044,0.6036585365853658,1080.1829268292684,,139.3406298160553,,840,8,256,5d760ef42d71a06acce4efdc9ed931be057f16a6,False
complete,synthetic,synthetic-eigengap__synthetic__patch-su4__L8__lr0.01__bs64__seed1,results/runs/synthetic/synthetic-eigengap__synthetic__patch-su4__L8__lr0.01__bs64__seed1_seed1,synthetic-eigengap,synthetic,patch-su4,8,1,0.01,64,2000,True,plus,True,False,0.6476069903350596,0.5945121951219512,0.6542299474152191,0.6117216117216118,0.6067073170731707,1079.8780487804877,,103.48922634124756,,840,8,256,5d760ef42d71a06acce4efdc9ed931be057f16a6,False
complete,synthetic,synthetic-eigengap__synthetic__patch-su4__L8__lr0.01__bs64__seed2,results/runs/synthetic/synthetic-eigengap__synthetic__patch-su4__L8__lr0.01__bs64__seed2_seed2,synthetic-eigengap,synthetic,patch-su4,8,2,0.01,64,2000,True,plus,True,False,0.6814678224146443,0.5701219512195121,0.662121926358556,0.5934065934065934,0.5823170731707317,1050.9146341463415,,151.60779285430908,,840,8,256,5d760ef42d71a06acce4efdc9ed931be057f16a6,False
complete,synthetic,synthetic-eigengap__synthetic__patch-su4__L8__lr0.01__bs64__seed3,results/runs/synthetic/synthetic-eigengap__synthetic__patch-su4__L8__lr0.01__bs64__seed3_seed3,synthetic-eigengap,synthetic,patch-su4,8,3,0.01,64,2000,True,plus,True,False,0.6447946357115534,0.6158536585365854,0.6603051333148126,0.5836385836385837,0.6189024390243902,1101.5243902439024,,228.86997294425964,,840,8,256,5d760ef42d71a06acce4efdc9ed931be057f16a6,False
complete,synthetic,synthetic-eigengap__synthetic__patch-su4__L8__lr0.01__bs64__seed4,results/runs/synthetic/synthetic-eigengap__synthetic__patch-su4__L8__lr0.01__bs64__seed4_seed4,synthetic-eigengap,synthetic,patch-su4,8,4,0.01,64,2000,True,plus,True,False,0.6796974622030283,0.5762195121951219,0.6487184980040765,0.612942612942613,0.5975609756097561,1073.3231707317075,,228.6064534187317,,840,8,256,5d760ef42d71a06acce4efdc9ed931be057f16a6,False
complete,synthetic,synthetic-eigengap__synthetic__patch-su4__L8__lr0.01__bs64__seed5,results/runs/synthetic/synthetic-eigengap__synthetic__patch-su4__L8__lr0.01__bs64__seed5_seed5,synthetic-eigengap,synthetic,patch-su4,8,5,0.01,64,2000,True,plus,True,False,0.670437951801476,0.5823170731707317,0.6643067933369029,0.5934065934065934,0.600609756097561,1073.628048780488,,204.72771430015564,,840,8,256,5d760ef42d71a06acce4efdc9ed931be057f16a6,False
complete,synthetic,synthetic-eigengap__synthetic__patch-su4__L8__lr0.01__bs64__seed6,results/runs/synthetic/synthetic-eigengap__synthetic__patch-su4__L8__lr0.01__bs64__seed6_seed6,synthetic-eigengap,synthetic,patch-su4,8,6,0.01,64,2000,True,plus,True,False,0.6444976290305892,0.5945121951219512,0.6748219496570418,0.5763125763125763,0.6219512195121951,1100.3048780487807,,197.54961228370667,,840,8,256,5d760ef42d71a06acce4efdc9ed931be057f16a6,False
complete,synthetic,synthetic-eigengap__synthetic__patch-su4__L8__lr0.01__bs64__seed7,results/runs/synthetic/synthetic-eigengap__synthetic__patch-su4__L8__lr0.01__bs64__seed7_seed7,synthetic-eigengap,synthetic,patch-su4,8,7,0.01,64,2000,True,plus,True,False,0.6667359507610242,0.5701219512195121,0.6601331229510927,0.5885225885225885,0.6067073170731707,1082.4695121951218,,207.78064393997192,,840,8,256,5d760ef42d71a06acce4efdc9ed931be057f16a6,False
complete,synthetic,synthetic-eigengap__synthetic__patch-su4__L8__lr0.01__bs64__seed8,results/runs/synthetic/synthetic-eigengap__synthetic__patch-su4__L8__lr0.01__bs64__seed8_seed8,synthetic-eigengap,synthetic,patch-su4,8,8,0.01,64,2000,True,plus,True,False,0.6796011162526817,0.5640243902439024,0.6570044558323954,0.6031746031746031,0.6097560975609756,1062.1951219512193,,214.0054202079773,,840,8,256,5d760ef42d71a06acce4efdc9ed931be057f16a6,False
complete,synthetic,synthetic-eigengap__synthetic__patch-su4__L8__lr0.01__bs64__seed9,results/runs/synthetic/synthetic-eigengap__synthetic__patch-su4__L8__lr0.01__bs64__seed9_seed9,synthetic-eigengap,synthetic,patch-su4,8,9,0.01,64,2000,True,plus,True,False,0.6492213568635681,0.5975609756097561,0.6658828769601508,0.5824175824175825,0.6402439024390244,1126.0670731707319,,187.15964674949646,,840,8,256,5d760ef42d71a06acce4efdc9ed931be057f16a6,False
complete,synthetic,synthetic-eigengap__synthetic__symmetric-hamiltonian__L16__lr0.01__bs64__seed0,results/runs/synthetic/synthetic-eigengap__synthetic__symmetric-hamiltonian__L16__lr0.01__bs64__seed0_seed0,synthetic-eigengap,synthetic,symmetric-hamiltonian,16,0,0.01,64,2000,True,plus,True,False,0.39542147881120165,0.8323170731707317,0.3942639849029769,0.8266178266178266,0.8567073170731707,1442.8353658536585,,42.52711057662964,,256,2,4,457b0468ba5f023a4a9f38816dbca0899481d04d,False
complete,synthetic,synthetic-eigengap__synthetic__symmetric-hamiltonian__L16__lr0.01__bs64__seed10,results/runs/synthetic/synthetic-eigengap__synthetic__symmetric-hamiltonian__L16__lr0.01__bs64__seed10_seed10,synthetic-eigengap,synthetic,symmetric-hamiltonian,16,10,0.01,64,2000,True,plus,True,False,0.37891014831316056,0.823170731707317,0.4020863209990058,0.8351648351648352,0.8536585365853658,1522.865853658537,,43.676639556884766,,256,2,4,457b0468ba5f023a4a9f38816dbca0899481d04d,False
complete,synthetic,synthetic-eigengap__synthetic__symmetric-hamiltonian__L16__lr0.01__bs64__seed11,results/runs/synthetic/synthetic-eigengap__synthetic__symmetric-hamiltonian__L16__lr0.01__bs64__seed11_seed11,synthetic-eigengap,synthetic,symmetric-hamiltonian,16,11,0.01,64,2000,True,plus,True,False,0.3914193434962256,0.8292682926829268,0.41209220002750674,0.8241758241758241,0.8597560975609756,1569.0548780487807,,44.4889018535614,,256,2,4,457b0468ba5f023a4a9f38816dbca0899481d04d,False
complete,synthetic,synthetic-eigengap__synthetic__symmetric-hamiltonian__L16__lr0.01__bs64__seed12,results/runs/synthetic/synthetic-eigengap__synthetic__symmetric-hamiltonian__L16__lr0.01__bs64__seed12_seed12,synthetic-eigengap,synthetic,symmetric-hamiltonian,16,12,0.01,64,2000,True,plus,True,False,0.36231023375129906,0.8475609756097561,0.38324649438429126,0.8400488400488401,0.8536585365853658,1526.8292682926826,,42.8788058757782,,256,2,4,457b0468ba5f023a4a9f38816dbca0899481d04d,False
complete,synthetic,synthetic-eigengap__synthetic__symmetric-hamiltonian__L16__lr0.01__bs64__seed13,results/runs/synthetic/synthetic-eigengap__synthetic__symmetric-hamiltonian__L16__lr0.01__bs64__seed13_seed13,synthetic-eigengap,synthetic,symmetric-hamiltonian,16,13,0.01,64,2000,True,plus,True,False,0.4004454439077315,0.8262195121951219,0.3846448058075278,0.8376068376068376,0.8262195121951219,1469.969512195122,,43.00742483139038,,256,2,4,457b0468ba5f023a4a9f38816dbca0899481d04d,False
complete,synthetic,synthetic-eigengap__synthetic__symmetric-hamiltonian__L16__lr0.01__bs64__seed14,results/runs/synthetic/synthetic-eigengap__synthetic__symmetric-hamiltonian__L16__lr0.01__bs64__seed14_seed14,synthetic-eigengap,synthetic,symmetric-hamiltonian,16,14,0.01,64,2000,True,plus,True,False,0.4275861709662762,0.8079268292682927,0.4065879362479588,0.8241758241758241,0.8323170731707317,1500.6097560975606,,43.38307070732117,,256,2,4,457b0468ba5f023a4a9f38816dbca0899481d04d,False
complete,synthetic,synthetic-eigengap__synthetic__symmetric-hamiltonian__L16__lr0.01__bs64__seed15,results/runs/synthetic/synthetic-eigengap__synthetic__symmetric-hamiltonian__L16__lr0.01__bs64__seed15_seed15,synthetic-eigengap,synthetic,symmetric-hamiltonian,16,15,0.01,64,2000,True,plus,True,False,0.40037742822847855,0.8384146341463414,0.4189447989625123,0.8205128205128205,0.8384146341463414,1346.9512195121952,,42.75638008117676,,256,2,4,457b0468ba5f023a4a9f38816dbca0899481d04d,False
complete,synthetic,synthetic-eigengap__synthetic__symmetric-hamiltonian__L16__lr0.01__bs64__seed16,results/runs/synthetic/synthetic-eigengap__synthetic__symmetric-hamiltonian__L16__lr0.01__bs64__seed16_seed16,synthetic-eigengap,synthetic,symmetric-hamiltonian,16,16,0.01,64,2000,True,plus,True,False,0.40974876751239925,0.8323170731707317,0.4037702972647273,0.8290598290598291,0.8323170731707317,1311.7378048780486,,42.73251962661743,,256,2,4,457b0468ba5f023a4a9f38816dbca0899481d04d,False
complete,synthetic,synthetic-eigengap__synthetic__symmetric-hamiltonian__L16__lr0.01__bs64__seed17,results/runs/synthetic/synthetic-eigengap__synthetic__symmetric-hamiltonian__L16__lr0.01__bs64__seed17_seed17,synthetic-eigengap,synthetic,symmetric-hamiltonian,16,17,0.01,64,2000,True,plus,True,False,0.3907230545075784,0.850609756097561,0.4259710154356437,0.8168498168498168,0.850609756097561,1509.4512195121954,,43.676918029785156,,256,2,4,457b0468ba5f023a4a9f38816dbca0899481d04d,False
complete,synthetic,synthetic-eigengap__synthetic__symmetric-hamiltonian__L16__lr0.01__bs64__seed18,results/runs/synthetic/synthetic-eigengap__synthetic__symmetric-hamiltonian__L16__lr0.01__bs64__seed18_seed18,synthetic-eigengap,synthetic,symmetric-hamiltonian,16,18,0.01,64,2000,True,plus,True,False,0.3467382689116656,0.8932926829268293,0.40540042313668273,0.818070818070818,0.8932926829268293,1583.8414634146336,,42.83727955818176,,256,2,4,457b0468ba5f023a4a9f38816dbca0899481d04d,False
complete,synthetic,synthetic-eigengap__synthetic__symmetric-hamiltonian__L16__lr0.01__bs64__seed19,results/runs/synthetic/synthetic-eigengap__synthetic__symmetric-hamiltonian__L16__lr0.01__bs64__seed19_seed19,synthetic-eigengap,synthetic,symmetric-hamiltonian,16,19,0.01,64,2000,True,plus,True,False,0.34736596674277775,0.8597560975609756,0.358657885776528,0.8559218559218559,0.8658536585365854,1565.5487804878048,,43.545665979385376,,256,2,4,457b0468ba5f023a4a9f38816dbca0899481d04d,False
complete,synthetic,synthetic-eigengap__synthetic__symmetric-hamiltonian__L16__lr0.01__bs64__seed1,results/runs/synthetic/synthetic-eigengap__synthetic__symmetric-hamiltonian__L16__lr0.01__bs64__seed1_seed1,synthetic-eigengap,synthetic,symmetric-hamiltonian,16,1,0.01,64,2000,True,plus,True,False,0.367641270282178,0.8628048780487805,0.40165912316193925,0.8302808302808303,0.8780487804878049,1579.7256097560978,,42.15301728248596,,256,2,4,457b0468ba5f023a4a9f38816dbca0899481d04d,False
complete,synthetic,synthetic-eigengap__synthetic__symmetric-hamiltonian__L16__lr0.01__bs64__seed2,results/runs/synthetic/synthetic-eigengap__synthetic__symmetric-hamiltonian__L16__lr0.01__bs64__seed2_seed2,synthetic-eigengap,synthetic,symmetric-hamiltonian,16,2,0.01,64,2000,True,plus,True,False,0.41957764793452973,0.8292682926829268,0.4194405804621574,0.8266178266178266,0.8292682926829268,1513.719512195122,,43.68029451370239,,256,2,4,457b0468ba5f023a4a9f38816dbca0899481d04d,False
complete,synthetic,synthetic-eigengap__synthetic__symmetric-hamiltonian__L16__lr0.01__bs64__seed3,results/runs/synthetic/synthetic-eigengap__synthetic__symmetric-hamiltonian__L16__lr0.01__bs64__seed3_seed3,synthetic-eigengap,synthetic,symmetric-hamiltonian,16,3,0.01,64,2000,True,plus,True,False,0.40354595185596237,0.801829268292683,0.3967715709877437,0.8473748473748474,0.8567073170731707,1529.268292682927,,44.23265361785889,,256,2,4,457b0468ba5f023a4a9f38816dbca0899481d04d,False
complete,synthetic,synthetic-eigengap__synthetic__symmetric-hamiltonian__L16__lr0.01__bs64__seed4,results/runs/synthetic/synthetic-eigengap__synthetic__symmetric-hamiltonian__L16__lr0.01__bs64__seed4_seed4,synthetic-eigengap,synthetic,symmetric-hamiltonian,16,4,0.01,64,2000,True,plus,True,False,0.38105325421588954,0.875,0.3942756193283064,0.8363858363858364,0.875,1487.1951219512196,,42.927687644958496,,256,2,4,457b0468ba5f023a4a9f38816dbca0899481d04d,False
complete,synthetic,synthetic-eigengap__synthetic__symmetric-hamiltonian__L16__lr0.01__bs64__seed5,results/runs/synthetic/synthetic-eigengap__synthetic__symmetric-hamiltonian__L16__lr0.01__bs64__seed5_seed5,synthetic-eigengap,synthetic,symmetric-hamiltonian,16,5,0.01,64,2000,True,plus,True,False,0.439716481921396,0.7926829268292683,0.39424896472757465,0.8156288156288156,0.8201219512195121,1422.8658536585365,,41.15578532218933,,256,2,4,457b0468ba5f023a4a9f38816dbca0899481d04d,False
complete,synthetic,synthetic-eigengap__synthetic__symmetric-hamiltonian__L16__lr0.01__bs64__seed6,results/runs/synthetic/synthetic-eigengap__synthetic__symmetric-hamiltonian__L16__lr0.01__bs64__seed6_seed6,synthetic-eigengap,synthetic,symmetric-hamiltonian,16,6,0.01,64,2000,True,plus,True,False,0.3634986982943632,0.8597560975609756,0.3707381356635116,0.8376068376068376,0.8597560975609756,1530.0304878048778,,43.52470874786377,,256,2,4,457b0468ba5f023a4a9f38816dbca0899481d04d,False
complete,synthetic,synthetic-eigengap__synthetic__symmetric-hamiltonian__L16__lr0.01__bs64__seed7,results/runs/synthetic/synthetic-eigengap__synthetic__symmetric-hamiltonian__L16__lr0.01__bs64__seed7_seed7,synthetic-eigengap,synthetic,symmetric-hamiltonian,16,7,0.01,64,2000,True,plus,True,False,0.34630766193039614,0.8810975609756098,0.3636337522605659,0.8559218559218559,0.8841463414634146,1569.6646341463415,,41.34535837173462,,256,2,4,457b0468ba5f023a4a9f38816dbca0899481d04d,False
complete,synthetic,synthetic-eigengap__synthetic__symmetric-hamiltonian__L16__lr0.01__bs64__seed8,results/runs/synthetic/synthetic-eigengap__synthetic__symmetric-hamiltonian__L16__lr0.01__bs64__seed8_seed8,synthetic-eigengap,synthetic,symmetric-hamiltonian,16,8,0.01,64,2000,True,plus,True,False,0.3765596496523483,0.8384146341463414,0.3794285811736028,0.8424908424908425,0.8536585365853658,1557.6219512195123,,43.68319272994995,,256,2,4,457b0468ba5f023a4a9f38816dbca0899481d04d,False
complete,synthetic,synthetic-eigengap__synthetic__symmetric-hamiltonian__L16__lr0.01__bs64__seed9,results/runs/synthetic/synthetic-eigengap__synthetic__symmetric-hamiltonian__L16__lr0.01__bs64__seed9_seed9,synthetic-eigengap,synthetic,symmetric-hamiltonian,16,9,0.01,64,2000,True,plus,True,False,0.34601116584383984,0.8719512195121951,0.35855608380778703,0.8632478632478633,0.8932926829268293,1583.8414634146343,,43.40305995941162,,256,2,4,457b0468ba5f023a4a9f38816dbca0899481d04d,False
complete,synthetic,synthetic-eigengap__synthetic__symmetric-hamiltonian__L1__lr0.01__bs64__seed0,results/runs/synthetic/synthetic-eigengap__synthetic__symmetric-hamiltonian__L1__lr0.01__bs64__seed0_seed0,synthetic-eigengap,synthetic,symmetric-hamiltonian,1,0,0.01,64,2000,True,plus,True,False,0.6884047065371091,0.6128048780487805,0.6706947991000584,0.6214896214896215,0.6280487804878049,1146.0365853658534,,13.668805599212646,,16,2,4,c9975de69f8651d303bc6c90c5d2fe6e6ebd42c1,False
complete,synthetic,synthetic-eigengap__synthetic__symmetric-hamiltonian__L1__lr0.01__bs64__seed10,results/runs/synthetic/synthetic-eigengap__synthetic__symmetric-hamiltonian__L1__lr0.01__bs64__seed10_seed10,synthetic-eigengap,synthetic,symmetric-hamiltonian,1,10,0.01,64,2000,True,plus,True,False,0.6916246075800172,0.6067073170731707,0.6694486942403353,0.6324786324786325,0.6158536585365854,1148.9329268292681,,14.17809271812439,,16,2,4,c9975de69f8651d303bc6c90c5d2fe6e6ebd42c1,False
complete,synthetic,synthetic-eigengap__synthetic__symmetric-hamiltonian__L1__lr0.01__bs64__seed11,results/runs/synthetic/synthetic-eigengap__synthetic__symmetric-hamiltonian__L1__lr0.01__bs64__seed11_seed11,synthetic-eigengap,synthetic,symmetric-hamiltonian,1,11,0.01,64,2000,True,plus,True,False,0.6874610137820822,0.6128048780487805,0.6700140066612804,0.6263736263736264,0.6402439024390244,1146.0365853658539,,14.194270133972168,,16,2,4,c9975de69f8651d303bc6c90c5d2fe6e6ebd42c1,False
complete,synthetic,synthetic-eigengap__synthetic__symmetric-hamiltonian__L1__lr0.01__bs64__seed12,results/runs/synthetic/synthetic-eigengap__synthetic__symmetric-hamiltonian__L1__lr0.01__bs64__seed12_seed12,synthetic-eigengap,synthetic,symmetric-hamiltonian,1,12,0.01,64,2000,True,plus,True,False,0.6925359759377782,0.6067073170731707,0.6721891086498935,0.6275946275946276,0.625,1143.75,,15.595666885375977,,16,2,4,c9975de69f8651d303bc6c90c5d2fe6e6ebd42c1,False
complete,synthetic,synthetic-eigengap__synthetic__symmetric-hamiltonian__L1__lr0.01__bs64__seed13,results/runs/synthetic/synthetic-eigengap__synthetic__symmetric-hamiltonian__L1__lr0.01__bs64__seed13_seed13,synthetic-eigengap,synthetic,symmetric-hamiltonian,1,13,0.01,64,2000,True,plus,True,False,0.6864670527006813,0.6128048780487805,0.6696415812269989,0.6288156288156288,0.625,1145.121951219512,,13.966496229171753,,16,2,4,c9975de69f8651d303bc6c90c5d2fe6e6ebd42c1,False
complete,synthetic,synthetic-eigengap__synthetic__symmetric-hamiltonian__L1__lr0.01__bs64__seed14,results/runs/synthetic/synthetic-eigengap__synthetic__symmetric-hamiltonian__L1__lr0.01__bs64__seed14_seed14,synthetic-eigengap,synthetic,symmetric-hamiltonian,1,14,0.01,64,2000,True,plus,True,False,0.6890595842235345,0.6036585365853658,0.6684821474785937,0.6263736263736264,0.6219512195121951,1143.90243902439,,16.16132402420044,,16,2,4,c9975de69f8651d303bc6c90c5d2fe6e6ebd42c1,False
complete,synthetic,synthetic-eigengap__synthetic__symmetric-hamiltonian__L1__lr0.01__bs64__seed15,results/runs/synthetic/synthetic-eigengap__synthetic__symmetric-hamiltonian__L1__lr0.01__bs64__seed15_seed15,synthetic-eigengap,synthetic,symmetric-hamiltonian,1,15,0.01,64,2000,True,plus,True,False,0.6897754887244081,0.5975609756097561,0.6691476853246201,0.6288156288156288,0.6371951219512195,1148.0182926829268,,13.839068174362183,,16,2,4,c9975de69f8651d303bc6c90c5d2fe6e6ebd42c1,False
complete,synthetic,synthetic-eigengap__synthetic__symmetric-hamiltonian__L1__lr0.01__bs64__seed16,results/runs/synthetic/synthetic-eigengap__synthetic__symmetric-hamiltonian__L1__lr0.01__bs64__seed16_seed16,synthetic-eigengap,synthetic,symmetric-hamiltonian,1,16,0.01,64,2000,True,plus,True,False,0.6871349380590515,0.6158536585365854,0.670784386367777,0.6263736263736264,0.6310975609756098,1152.7439024390244,,13.884635210037231,,16,2,4,c9975de69f8651d303bc6c90c5d2fe6e6ebd42c1,False
complete,synthetic,synthetic-eigengap__synthetic__symmetric-hamiltonian__L1__lr0.01__bs64__seed17,results/runs/synthetic/synthetic-eigengap__synthetic__symmetric-hamiltonian__L1__lr0.01__bs64__seed17_seed17,synthetic-eigengap,synthetic,symmetric-hamiltonian,1,17,0.01,64,2000,True,plus,True,False,0.689216039878047,0.6067073170731707,0.6711777187116386,0.6275946275946276,0.6158536585365854,1138.4146341463413,,13.123467206954956,,16,2,4,c9975de69f8651d303bc6c90c5d2fe6e6ebd42c1,False
complete,synthetic,synthetic-eigengap__synthetic__symmetric-hamiltonian__L1__lr0.01__bs64__seed18,results/runs/synthetic/synthetic-eigengap__synthetic__symmetric-hamiltonian__L1__lr0.01__bs64__seed18_seed18,synthetic-eigengap,synthetic,symmetric-hamiltonian,1,18,0.01,64,2000,True,plus,True,False,0.6867125164610873,0.6067073170731707,0.6695625763264488,0.63003663003663,0.6402439024390244,1143.4451219512193,,13.477675914764404,,16,2,4,c9975de69f8651d303bc6c90c5d2fe6e6ebd42c1,False
complete,synthetic,synthetic-eigengap__synthetic__symmetric-hamiltonian__L1__lr0.01__bs64__seed19,results/runs/synthetic/synthetic-eigengap__synthetic__symmetric-hamiltonian__L1__lr0.01__bs64__seed19_seed19,synthetic-eigengap,synthetic,symmetric-hamiltonian,1,19,0.01,64,2000,True,plus,True,False,0.6902197074070562,0.5945121951219512,0.6681976920116087,0.6288156288156288,0.6280487804878049,1140.701219512195,,13.203147888183594,,16,2,4,c9975de69f8651d303bc6c90c5d2fe6e6ebd42c1,False
complete,synthetic,synthetic-eigengap__synthetic__symmetric-hamiltonian__L1__lr0.01__bs64__seed1,results/runs/synthetic/synthetic-eigengap__synthetic__symmetric-hamiltonian__L1__lr0.01__bs64__seed1_seed1,synthetic-eigengap,synthetic,symmetric-hamiltonian,1,1,0.01,64,2000,True,plus,True,False,0.6890538706721296,0.6097560975609756,0.6702720043283943,0.6239316239316239,0.6371951219512195,1142.6829268292681,,13.3306565284729,,16,2,4,c9975de69f8651d303bc6c90c5d2fe6e6ebd42c1,False
complete,synthetic,synthetic-eigengap__synthetic__symmetric-hamiltonian__L1__lr0.01__bs64__seed2,results/runs/synthetic/synthetic-eigengap__synthetic__symmetric-hamiltonian__L1__lr0.01__bs64__seed2_seed2,synthetic-eigengap,synthetic,symmetric-hamiltonian,1,2,0.01,64,2000,True,plus,True,False,0.6888426995748596,0.6189024390243902,0.671300235441912,0.6275946275946276,0.6189024390243902,1152.1341463414635,,14.660223484039307,,16,2,4,c9975de69f8651d303bc6c90c5d2fe6e6ebd42c1,False
complete,synthetic,synthetic-eigengap__synthetic__symmetric-hamiltonian__L1__lr0.01__bs64__seed3,results/runs/synthetic/synthetic-eigengap__synthetic__symmetric-hamiltonian__L1__lr0.01__bs64__seed3_seed3,synthetic-eigengap,synthetic,symmetric-hamiltonian,1,3,0.01,64,2000,True,plus,True,False,0.6908236465288976,0.6067073170731707,0.6751068050141518,0.6288156288156288,0.6280487804878049,1140.3963414634147,,13.782236337661743,,16,2,4,c9975de69f8651d303bc6c90c5d2fe6e6ebd42c1,False
complete,synthetic,synthetic-eigengap__synthetic__symmetric-hamiltonian__L1__lr0.01__bs64__seed4,results/runs/synthetic/synthetic-eigengap__synthetic__symmetric-hamiltonian__L1__lr0.01__bs64__seed4_seed4,synthetic-eigengap,synthetic,symmetric-hamiltonian,1,4,0.01,64,2000,True,plus,True,False,0.6887834595714563,0.6036585365853658,0.6684339461492145,0.6288156288156288,0.6189024390243902,1147.1036585365853,,13.588652849197388,,16,2,4,c9975de69f8651d303bc6c90c5d2fe6e6ebd42c1,False
complete,synthetic,synthetic-eigengap__synthetic__symmetric-hamiltonian__L1__lr0.01__bs64__seed5,results/runs/synthetic/synthetic-eigengap__synthetic__symmetric-hamiltonian__L1__lr0.01__bs64__seed5_seed5,synthetic-eigengap,synthetic,symmetric-hamiltonian,1,5,0.01,64,2000,True,plus,True,False,0.6899376384686747,0.6158536585365854,0.6701406301678324,0.6251526251526252,0.625,1144.8170731707316,,13.147958755493164,,16,2,4,c9975de69f8651d303bc6c90c5d2fe6e6ebd42c1,False
complete,synthetic,synthetic-eigengap__synthetic__symmetric-hamiltonian__L1__lr0.01__bs64__seed6,results/runs/synthetic/synthetic-eigengap__synthetic__symmetric-hamiltonian__L1__lr0.01__bs64__seed6_seed6,synthetic-eigengap,synthetic,symmetric-hamiltonian,1,6,0.01,64,2000,True,plus,True,False,0.690146559767025,0.6097560975609756,0.6711452831282569,0.6263736263736264,0.625,1155.640243902439,,13.1673743724823,,16,2,4,c9975de69f8651d303bc6c90c5d2fe6e6ebd42c1,False
complete,synthetic,synthetic-eigengap__synthetic__symmetric-hamiltonian__L1__lr0.01__bs64__seed7,results/runs/synthetic/synthetic-eigengap__synthetic__symmetric-hamiltonian__L1__lr0.01__bs64__seed7_seed7,synthetic-eigengap,synthetic,symmetric-hamiltonian,1,7,0.01,64,2000,True,plus,True,False,0.6912703324619919,0.600609756097561,0.6692829051692796,0.6263736263736264,0.6219512195121951,1147.7134146341461,,13.21308970451355,,16,2,4,c9975de69f8651d303bc6c90c5d2fe6e6ebd42c1,False
complete,synthetic,synthetic-eigengap__synthetic__symmetric-hamiltonian__L1__lr0.01__bs64__seed8,results/runs/synthetic/synthetic-eigengap__synthetic__symmetric-hamiltonian__L1__lr0.01__bs64__seed8_seed8,synthetic-eigengap,synthetic,symmetric-hamiltonian,1,8,0.01,64,2000,True,plus,True,False,0.6937215930180273,0.6128048780487805,0.6711948401161595,0.6275946275946276,0.6189024390243902,1153.658536585366,,14.647874593734741,,16,2,4,c9975de69f8651d303bc6c90c5d2fe6e6ebd42c1,False
complete,synthetic,synthetic-eigengap__synthetic__symmetric-hamiltonian__L1__lr0.01__bs64__seed9,results/runs/synthetic/synthetic-eigengap__synthetic__symmetric-hamiltonian__L1__lr0.01__bs64__seed9_seed9,synthetic-eigengap,synthetic,symmetric-hamiltonian,1,9,0.01,64,2000,True,plus,True,False,0.6923458939257173,0.5853658536585366,0.6772191570726392,0.6153846153846154,0.6189024390243902,1150.15243902439,,13.288542032241821,,16,2,4,c9975de69f8651d303bc6c90c5d2fe6e6ebd42c1,False
complete,synthetic,synthetic-eigengap__synthetic__symmetric-hamiltonian__L2__lr0.01__bs64__seed0,results/runs/synthetic/synthetic-eigengap__synthetic__symmetric-hamiltonian__L2__lr0.01__bs64__seed0_seed0,synthetic-eigengap,synthetic,symmetric-hamiltonian,2,0,0.01,64,2000,True,plus,True,False,0.5824611908268853,0.6920731707317073,0.601411899773946,0.6947496947496947,0.7195121951219512,1293.4451219512196,,17.764456748962402,,32,2,4,c9975de69f8651d303bc6c90c5d2fe6e6ebd42c1,False
complete,synthetic,synthetic-eigengap__synthetic__symmetric-hamiltonian__L2__lr0.01__bs64__seed10,results/runs/synthetic/synthetic-eigengap__synthetic__symmetric-hamiltonian__L2__lr0.01__bs64__seed10_seed10,synthetic-eigengap,synthetic,symmetric-hamiltonian,2,10,0.01,64,2000,True,plus,True,False,0.5918142630687214,0.7225609756097561,0.6153964666558743,0.6752136752136753,0.7225609756097561,1262.5000000000002,,16.264455556869507,,32,2,4,c9975de69f8651d303bc6c90c5d2fe6e6ebd42c1,False
complete,synthetic,synthetic-eigengap__synthetic__symmetric-hamiltonian__L2__lr0.01__bs64__seed11,results/runs/synthetic/synthetic-eigengap__synthetic__symmetric-hamiltonian__L2__lr0.01__bs64__seed11_seed11,synthetic-eigengap,synthetic,symmetric-hamiltonian,2,11,0.01,64,2000,True,plus,True,False,0.5787055888168513,0.6920731707317073,0.5962631657347256,0.7008547008547008,0.7164634146341463,1301.219512195122,,17.945467948913574,,32,2,4,c9975de69f8651d303bc6c90c5d2fe6e6ebd42c1,False
complete,synthetic,synthetic-eigengap__synthetic__symmetric-hamiltonian__L2__lr0.01__bs64__seed12,results/runs/synthetic/synthetic-eigengap__synthetic__symmetric-hamiltonian__L2__lr0.01__bs64__seed12_seed12,synthetic-eigengap,synthetic,symmetric-hamiltonian,2,12,0.01,64,2000,True,plus,True,False,0.5943940503646878,0.698170731707317,0.6022060837468766,0.673992673992674,0.7195121951219512,1297.560975609756,,15.289184331893921,,32,2,4,c9975de69f8651d303bc6c90c5d2fe6e6ebd42c1,False
complete,synthetic,synthetic-eigengap__synthetic__symmetric-hamiltonian__L2__lr0.01__bs64__seed13,results/runs/synthetic/synthetic-eigengap__synthetic__symmetric-hamiltonian__L2__lr0.01__bs64__seed13_seed13,synthetic-eigengap,synthetic,symmetric-hamiltonian,2,13,0.01,64,2000,True,plus,True,False,0.5760436387183371,0.7042682926829268,0.5960635374326652,0.7008547008547008,0.7164634146341463,1284.1463414634145,,17.648448705673218,,32,2,4,c9975de69f8651d303bc6c90c5d2fe6e6ebd42c1,False
complete,synthetic,synthetic-eigengap__synthetic__symmetric-hamiltonian__L2__lr0.01__bs64__seed14,results/runs/synthetic/synthetic-eigengap__synthetic__symmetric-hamiltonian__L2__lr0.01__bs64__seed14_seed14,synthetic-eigengap,synthetic,symmetric-hamiltonian,2,14,0.01,64,2000,True,plus,True,False,0.6011035329713732,0.676829268292683,0.6077006076318112,0.673992673992674,0.698170731707317,1258.0792682926829,,15.943893909454346,,32,2,4,c9975de69f8651d303bc6c90c5d2fe6e6ebd42c1,False
complete,synthetic,synthetic-eigengap__synthetic__symmetric-hamiltonian__L2__lr0.01__bs64__seed15,results/runs/synthetic/synthetic-eigengap__synthetic__symmetric-hamiltonian__L2__lr0.01__bs64__seed15_seed15,synthetic-eigengap,synthetic,symmetric-hamiltonian,2,15,0.01,64,2000,True,plus,True,False,0.5605943620253387,0.7042682926829268,0.5887783421566035,0.6886446886446886,0.7042682926829268,1264.9390243902442,,15.459831476211548,,32,2,4,c9975de69f8651d303bc6c90c5d2fe6e6ebd42c1,False
complete,synthetic,synthetic-eigengap__synthetic__symmetric-hamiltonian__L2__lr0.01__bs64__seed16,results/runs/synthetic/synthetic-eigengap__synthetic__symmetric-hamiltonian__L2__lr0.01__bs64__seed16_seed16,synthetic-eigengap,synthetic,symmetric-hamiltonian,2,16,0.01,64,2000,True,plus,True,False,0.591962917953066,0.6951219512195121,0.6258316586440901,0.6581196581196581,0.7073170731707317,1293.7500000000002,,17.716158151626587,,32,2,4,c9975de69f8651d303bc6c90c5d2fe6e6ebd42c1,False
complete,synthetic,synthetic-eigengap__synthetic__symmetric-hamiltonian__L2__lr0.01__bs64__seed17,results/runs/synthetic/synthetic-eigengap__synthetic__symmetric-hamiltonian__L2__lr0.01__bs64__seed17_seed17,synthetic-eigengap,synthetic,symmetric-hamiltonian,2,17,0.01,64,2000,True,plus,True,False,0.5978879663281255,0.6951219512195121,0.605047973193563,0.6837606837606838,0.7103658536585366,1280.1829268292684,,15.96199369430542,,32,2,4,c9975de69f8651d303bc6c90c5d2fe6e6ebd42c1,False
complete,synthetic,synthetic-eigengap__synthetic__symmetric-hamiltonian__L2__lr0.01__bs64__seed18,results/runs/synthetic/synthetic-eigengap__synthetic__symmetric-hamiltonian__L2__lr0.01__bs64__seed18_seed18,synthetic-eigengap,synthetic,symmetric-hamiltonian,2,18,0.01,64,2000,True,plus,True,False,0.5961627655674457,0.6798780487804879,0.5984862334664802,0.6886446886446886,0.7286585365853658,1281.5548780487807,,15.808243989944458,,32,2,4,c9975de69f8651d303bc6c90c5d2fe6e6ebd42c1,False
complete,synthetic,synthetic-eigengap__synthetic__symmetric-hamiltonian__L2__lr0.01__bs64__seed19,results/runs/synthetic/synthetic-eigengap__synthetic__symmetric-hamiltonian__L2__lr0.01__bs64__seed19_seed19,synthetic-eigengap,synthetic,symmetric-hamiltonian,2,19,0.01,64,2000,True,plus,True,False,0.5959162315076799,0.6829268292682927,0.6116181715435851,0.6788766788766789,0.6951219512195121,1261.7378048780488,,15.347817659378052,,32,2,4,c9975de69f8651d303bc6c90c5d2fe6e6ebd42c1,False
complete,synthetic,synthetic-eigengap__synthetic__symmetric-hamiltonian__L2__lr0.01__bs64__seed1,results/runs/synthetic/synthetic-eigengap__synthetic__symmetric-hamiltonian__L2__lr0.01__bs64__seed1_seed1,synthetic-eigengap,synthetic,symmetric-hamiltonian,2,1,0.01,64,2000,True,plus,True,False,0.5951380343211088,0.698170731707317,0.6007201999776367,0.6800976800976801,0.7042682926829268,1281.7073170731705,,16.097658157348633,,32,2,4,c9975de69f8651d303bc6c90c5d2fe6e6ebd42c1,False
complete,synthetic,synthetic-eigengap__synthetic__symmetric-hamiltonian__L2__lr0.01__bs64__seed2,results/runs/synthetic/synthetic-eigengap__synthetic__symmetric-hamiltonian__L2__lr0.01__bs64__seed2_seed2,synthetic-eigengap,synthetic,symmetric-hamiltonian,2,2,0.01,64,2000,True,plus,True,False,0.5736971193952082,0.6951219512195121,0.6399159559377646,0.6471306471306472,0.7103658536585366,1262.9573170731708,,17.564789295196533,,32,2,4,c9975de69f8651d303bc6c90c5d2fe6e6ebd42c1,False
complete,synthetic,synthetic-eigengap__synthetic__symmetric-hamiltonian__L2__lr0.01__bs64__seed3,results/runs/synthetic/synthetic-eigengap__synthetic__symmetric-hamiltonian__L2__lr0.01__bs64__seed3_seed3,synthetic-eigengap,synthetic,symmetric-hamiltonian,2,3,0.01,64,2000,True,plus,True,False,0.6073494827067921,0.7103658536585366,0.6139864518350211,0.673992673992674,0.7347560975609756,1288.871951219512,,16.69332242012024,,32,2,4,c9975de69f8651d303bc6c90c5d2fe6e6ebd42c1,False
complete,synthetic,synthetic-eigengap__synthetic__symmetric-hamiltonian__L2__lr0.01__bs64__seed4,results/runs/synthetic/synthetic-eigengap__synthetic__symmetric-hamiltonian__L2__lr0.01__bs64__seed4_seed4,synthetic-eigengap,synthetic,symmetric-hamiltonian,2,4,0.01,64,2000,True,plus,True,False,0.60417314089264,0.7012195121951219,0.6071826114274587,0.6910866910866911,0.7195121951219512,1300.4573170731708,,17.40840792655945,,32,2,4,c9975de69f8651d303bc6c90c5d2fe6e6ebd42c1,False
complete,synthetic,synthetic-eigengap__synthetic__symmetric-hamiltonian__L2__lr0.01__bs64__seed5,results/runs/synthetic/synthetic-eigengap__synthetic__symmetric-hamiltonian__L2__lr0.01__bs64__seed5_seed5,synthetic-eigengap,synthetic,symmetric-hamiltonian,2,5,0.01,64,2000,True,plus,True,False,0.5716616444119013,0.698170731707317,0.5957627899729686,0.7032967032967034,0.725609756097561,1295.5792682926829,,15.888665914535522,,32,2,4,c9975de69f8651d303bc6c90c5d2fe6e6ebd42c1,False
complete,synthetic,synthetic-eigengap__synthetic__symmetric-hamiltonian__L2__lr0.01__bs64__seed6,results/runs/synthetic/synthetic-eigengap__synthetic__symmetric-hamiltonian__L2__lr0.01__bs64__seed6_seed6,synthetic-eigengap,synthetic,symmetric-hamiltonian,2,6,0.01,64,2000,True,plus,True,False,0.5900511747477266,0.7042682926829268,0.6146314356770768,0.673992673992674,0.7042682926829268,1265.3963414634145,,15.466981172561646,,32,2,4,c9975de69f8651d303bc6c90c5d2fe6e6ebd42c1,False
complete,synthetic,synthetic-eigengap__synthetic__symmetric-hamiltonian__L2__lr0.01__bs64__seed7,results/runs/synthetic/synthetic-eigengap__synthetic__symmetric-hamiltonian__L2__lr0.01__bs64__seed7_seed7,synthetic-eigengap,synthetic,symmetric-hamiltonian,2,7,0.01,64,2000,True,plus,True,False,0.5831836758279492,0.6920731707317073,0.6032072930245819,0.6874236874236874,0.7225609756097561,1311.5853658536587,,15.836801052093506,,32,2,4,c9975de69f8651d303bc6c90c5d2fe6e6ebd42c1,False
complete,synthetic,synthetic-eigengap__synthetic__symmetric-hamiltonian__L2__lr0.01__bs64__seed8,results/runs/synthetic/synthetic-eigengap__synthetic__symmetric-hamiltonian__L2__lr0.01__bs64__seed8_seed8,synthetic-eigengap,synthetic,symmetric-hamiltonian,2,8,0.01,64,2000,True,plus,True,False,0.5665273665333107,0.6951219512195121,0.5998811977256404,0.6959706959706959,0.6951219512195121,1266.4634146341461,,15.671779155731201,,32,2,4,c9975de69f8651d303bc6c90c5d2fe6e6ebd42c1,False
complete,synthetic,synthetic-eigengap__synthetic__symmetric-hamiltonian__L2__lr0.01__bs64__seed9,results/runs/synthetic/synthetic-eigengap__synthetic__symmetric-hamiltonian__L2__lr0.01__bs64__seed9_seed9,synthetic-eigengap,synthetic,symmetric-hamiltonian,2,9,0.01,64,2000,True,plus,True,False,0.5990798177136744,0.7042682926829268,0.6075210929751583,0.684981684981685,0.725609756097561,1295.5792682926829,,17.141974449157715,,32,2,4,c9975de69f8651d303bc6c90c5d2fe6e6ebd42c1,False
complete,synthetic,synthetic-eigengap__synthetic__symmetric-hamiltonian__L32__lr0.01__bs64__seed0,results/runs/synthetic/synthetic-eigengap__synthetic__symmetric-hamiltonian__L32__lr0.01__bs64__seed0_seed0,synthetic-eigengap,synthetic,symmetric-hamiltonian,32,0,0.01,64,2000,True,plus,True,False,0.35937266185105887,0.8658536585365854,0.3766679453427999,0.8534798534798534,0.8689024390243902,1562.1951219512198,,77.26643538475037,,512,2,4,457b0468ba5f023a4a9f38816dbca0899481d04d,False
complete,synthetic,synthetic-eigengap__synthetic__symmetric-hamiltonian__L32__lr0.01__bs64__seed10,results/runs/synthetic/synthetic-eigengap__synthetic__symmetric-hamiltonian__L32__lr0.01__bs64__seed10_seed10,synthetic-eigengap,synthetic,symmetric-hamiltonian,32,10,0.01,64,2000,True,plus,True,False,0.4473295006347683,0.7865853658536586,0.459633778259576,0.7924297924297924,0.8170731707317073,1437.1951219512198,,79.2328851222992,,512,2,4,457b0468ba5f023a4a9f38816dbca0899481d04d,False
complete,synthetic,synthetic-eigengap__synthetic__symmetric-hamiltonian__L32__lr0.01__bs64__seed11,results/runs/synthetic/synthetic-eigengap__synthetic__symmetric-hamiltonian__L32__lr0.01__bs64__seed11_seed11,synthetic-eigengap,synthetic,symmetric-hamiltonian,32,11,0.01,64,2000,True,plus,True,False,0.34463818678629204,0.8871951219512195,0.3532312378772218,0.8754578754578755,0.8871951219512195,1571.9512195121952,,75.95075702667236,,512,2,4,457b0468ba5f023a4a9f38816dbca0899481d04d,False
complete,synthetic,synthetic-eigengap__synthetic__symmetric-hamiltonian__L32__lr0.01__bs64__seed12,results/runs/synthetic/synthetic-eigengap__synthetic__symmetric-hamiltonian__L32__lr0.01__bs64__seed12_seed12,synthetic-eigengap,synthetic,symmetric-hamiltonian,32,12,0.01,64,2000,True,plus,True,False,0.349552179289334,0.8658536585365854,0.36099847231704885,0.8498168498168498,0.8689024390243902,1553.5060975609758,,76.01584482192993,,512,2,4,457b0468ba5f023a4a9f38816dbca0899481d04d,False
complete,synthetic,synthetic-eigengap__synthetic__symmetric-hamiltonian__L32__lr0.01__bs64__seed13,results/runs/synthetic/synthetic-eigengap__synthetic__symmetric-hamiltonian__L32__lr0.01__bs64__seed13_seed13,synthetic-eigengap,synthetic,symmetric-hamiltonian,32,13,0.01,64,2000,True,plus,True,False,0.3869134586553881,0.8628048780487805,0.37877387750168173,0.8437118437118437,0.8689024390243902,1522.8658536585365,,77.61973166465759,,512,2,4,457b0468ba5f023a4a9f38816dbca0899481d04d,False
complete,synthetic,synthetic-eigengap__synthetic__symmetric-hamiltonian__L32__lr0.01__bs64__seed14,results/runs/synthetic/synthetic-eigengap__synthetic__symmetric-hamiltonian__L32__lr0.01__bs64__seed14_seed14,synthetic-eigengap,synthetic,symmetric-hamiltonian,32,14,0.01,64,2000,True,plus,True,False,0.35658190129857853,0.875,0.39107962706873706,0.8315018315018315,0.8902439024390244,1585.9756097560976,,76.97620797157288,,512,2,4,457b0468ba5f023a4a9f38816dbca0899481d04d,False
complete,synthetic,synthetic-eigengap__synthetic__symmetric-hamiltonian__L32__lr0.01__bs64__seed15,results/runs/synthetic/synthetic-eigengap__synthetic__symmetric-hamiltonian__L32__lr0.01__bs64__seed15_seed15,synthetic-eigengap,synthetic,symmetric-hamiltonian,32,15,0.01,64,2000,True,plus,True,False,0.37706600516247996,0.8567073170731707,0.3733185328470053,0.8485958485958486,0.8841463414634146,1550.1524390243906,,76.79302954673767,,512,2,4,457b0468ba5f023a4a9f38816dbca0899481d04d,False
complete,synthetic,synthetic-eigengap__synthetic__symmetric-hamiltonian__L32__lr0.01__bs64__seed16,results/runs/synthetic/synthetic-eigengap__synthetic__symmetric-hamiltonian__L32__lr0.01__bs64__seed16_seed16,synthetic-eigengap,synthetic,symmetric-hamiltonian,32,16,0.01,64,2000,True,plus,True,False,0.40235262114994075,0.8567073170731707,0.4144061841062951,0.8351648351648352,0.8628048780487805,1523.0182926829266,,78.78014969825745,,512,2,4,457b0468ba5f023a4a9f38816dbca0899481d04d,False
complete,synthetic,synthetic-eigengap__synthetic__symmetric-hamiltonian__L32__lr0.01__bs64__seed17,results/runs/synthetic/synthetic-eigengap__synthetic__symmetric-hamiltonian__L32__lr0.01__bs64__seed17_seed17,synthetic-eigengap,synthetic,symmetric-hamiltonian,32,17,0.01,64,2000,True,plus,True,False,0.37607368661913876,0.8292682926829268,0.42367992026774814,0.8058608058608059,0.8475609756097561,1455.4878048780488,,76.85288763046265,,512,2,4,457b0468ba5f023a4a9f38816dbca0899481d04d,False
complete,synthetic,synthetic-eigengap__synthetic__symmetric-hamiltonian__L32__lr0.01__bs64__seed18,results/runs/synthetic/synthetic-eigengap__synthetic__symmetric-hamiltonian__L32__lr0.01__bs64__seed18_seed18,synthetic-eigengap,synthetic,symmetric-hamiltonian,32,18,0.01,64,2000,True,plus,True,False,0.42378439012987146,0.823170731707317,0.4405954247199618,0.8192918192918193,0.850609756097561,1500.9146341463415,,77.12632298469543,,512,2,4,457b0468ba5f023a4a9f38816dbca0899481d04d,False
complete,synthetic,synthetic-eigengap__synthetic__symmetric-hamiltonian__L32__lr0.01__bs64__seed19,results/runs/synthetic/synthetic-eigengap__synthetic__symmetric-hamiltonian__L32__lr0.01__bs64__seed19_seed19,synthetic-eigengap,synthetic,symmetric-hamiltonian,32,19,0.01,64,2000,True,plus,True,False,0.3725497594198204,0.8445121951219512,0.3498831965858986,0.8705738705738706,0.8536585365853658,1532.3170731707314,,76.27912092208862,,512,2,4,457b0468ba5f023a4a9f38816dbca0899481d04d,False
complete,synthetic,synthetic-eigengap__synthetic__symmetric-hamiltonian__L32__lr0.01__bs64__seed1,results/runs/synthetic/synthetic-eigengap__synthetic__symmetric-hamiltonian__L32__lr0.01__bs64__seed1_seed1,synthetic-eigengap,synthetic,symmetric-hamiltonian,32,1,0.01,64,2000,True,plus,True,False,0.39912589328091214,0.8292682926829268,0.37799214410307136,0.8437118437118437,0.8292682926829268,1486.128048780488,,75.16102051734924,,512,2,4,457b0468ba5f023a4a9f38816dbca0899481d04d,False
complete,synthetic,synthetic-eigengap__synthetic__symmetric-hamiltonian__L32__lr0.01__bs64__seed2,results/runs/synthetic/synthetic-eigengap__synthetic__symmetric-hamiltonian__L32__lr0.01__bs64__seed2_seed2,synthetic-eigengap,synthetic,symmetric-hamiltonian,32,2,0.01,64,2000,True,plus,True,False,0.41228445189581137,0.8262195121951219,0.4210702914593746,0.8302808302808303,0.8475609756097561,1514.6341463414637,,77.7283980846405,,512,2,4,457b0468ba5f023a4a9f38816dbca0899481d04d,False
complete,synthetic,synthetic-eigengap__synthetic__symmetric-hamiltonian__L32__lr0.01__bs64__seed3,results/runs/synthetic/synthetic-eigengap__synthetic__symmetric-hamiltonian__L32__lr0.01__bs64__seed3_seed3,synthetic-eigengap,synthetic,symmetric-hamiltonian,32,3,0.01,64,2000,True,plus,True,False,0.44867782022318864,0.801829268292683,0.4297245655568556,0.8266178266178266,0.8445121951219512,1470.8841463414635,,77.13191270828247,,512,2,4,457b0468ba5f023a4a9f38816dbca0899481d04d,False
complete,synthetic,synthetic-eigengap__synthetic__symmetric-hamiltonian__L32__lr0.01__bs64__seed4,results/runs/synthetic/synthetic-eigengap__synthetic__symmetric-hamiltonian__L32__lr0.01__bs64__seed4_seed4,synthetic-eigengap,synthetic,symmetric-hamiltonian,32,4,0.01,64,2000,True,plus,True,False,0.37791281676655447,0.8445121951219512,0.3584622920305596,0.8461538461538461,0.8658536585365854,1527.1341463414633,,78.29150724411011,,512,2,4,457b0468ba5f023a4a9f38816dbca0899481d04d,False
complete,synthetic,synthetic-eigengap__synthetic__symmetric-hamiltonian__L32__lr0.01__bs64__seed5,results/runs/synthetic/synthetic-eigengap__synthetic__symmetric-hamiltonian__L32__lr0.01__bs64__seed5_seed5,synthetic-eigengap,synthetic,symmetric-hamiltonian,32,5,0.01,64,2000,True,plus,True,False,0.3946271301830815,0.850609756097561,0.387505829960104,0.8449328449328449,0.8658536585365854,1562.6524390243903,,77.96820592880249,,512,2,4,457b0468ba5f023a4a9f38816dbca0899481d04d,False
complete,synthetic,synthetic-eigengap__synthetic__symmetric-hamiltonian__L32__lr0.01__bs64__seed6,results/runs/synthetic/synthetic-eigengap__synthetic__symmetric-hamiltonian__L32__lr0.01__bs64__seed6_seed6,synthetic-eigengap,synthetic,symmetric-hamiltonian,32,6,0.01,64,2000,True,plus,True,False,0.4272249051626479,0.8292682926829268,0.4793105394583095,0.7643467643467643,0.8353658536585366,1453.658536585366,,77.7503399848938,,512,2,4,457b0468ba5f023a4a9f38816dbca0899481d04d,False
complete,synthetic,synthetic-eigengap__synthetic__symmetric-hamiltonian__L32__lr0.01__bs64__seed7,results/runs/synthetic/synthetic-eigengap__synthetic__symmetric-hamiltonian__L32__lr0.01__bs64__seed7_seed7,synthetic-eigengap,synthetic,symmetric-hamiltonian,32,7,0.01,64,2000,True,plus,True,False,0.37111017741131275,0.8414634146341463,0.40891327722174187,0.8253968253968254,0.8689024390243902,1581.7073170731708,,75.82718014717102,,512,2,4,457b0468ba5f023a4a9f38816dbca0899481d04d,False
complete,synthetic,synthetic-eigengap__synthetic__symmetric-hamiltonian__L32__lr0.01__bs64__seed8,results/runs/synthetic/synthetic-eigengap__synthetic__symmetric-hamiltonian__L32__lr0.01__bs64__seed8_seed8,synthetic-eigengap,synthetic,symmetric-hamiltonian,32,8,0.01,64,2000,True,plus,True,False,0.40102043710839774,0.8109756097560976,0.4284056964552659,0.800976800976801,0.8292682926829268,1442.2256097560976,,76.90841698646545,,512,2,4,457b0468ba5f023a4a9f38816dbca0899481d04d,False
complete,synthetic,synthetic-eigengap__synthetic__symmetric-hamiltonian__L32__lr0.01__bs64__seed9,results/runs/synthetic/synthetic-eigengap__synthetic__symmetric-hamiltonian__L32__lr0.01__bs64__seed9_seed9,synthetic-eigengap,synthetic,symmetric-hamiltonian,32,9,0.01,64,2000,True,plus,True,False,0.5061912700218153,0.7774390243902439,0.49322489538607633,0.7533577533577533,0.8445121951219512,1413.5670731707316,,77.75032043457031,,512,2,4,457b0468ba5f023a4a9f38816dbca0899481d04d,False
complete,synthetic,synthetic-eigengap__synthetic__symmetric-hamiltonian__L4__lr0.01__bs64__seed0,results/runs/synthetic/synthetic-eigengap__synthetic__symmetric-hamiltonian__L4__lr0.01__bs64__seed0_seed0,synthetic-eigengap,synthetic,symmetric-hamiltonian,4,0,0.01,64,2000,True,plus,True,False,0.48759983050208694,0.7530487804878049,0.477469032054078,0.7631257631257631,0.7896341463414634,1403.3536585365853,,20.606455326080322,,64,2,4,5d760ef42d71a06acce4efdc9ed931be057f16a6,False
complete,synthetic,synthetic-eigengap__synthetic__symmetric-hamiltonian__L4__lr0.01__bs64__seed10,results/runs/synthetic/synthetic-eigengap__synthetic__symmetric-hamiltonian__L4__lr0.01__bs64__seed10_seed10,synthetic-eigengap,synthetic,symmetric-hamiltonian,4,10,0.01,64,2000,True,plus,True,False,0.4867696703155611,0.7591463414634146,0.4816462887390288,0.7765567765567766,0.7926829268292683,1419.2073170731712,,19.366382360458374,,64,2,4,5d760ef42d71a06acce4efdc9ed931be057f16a6,False
complete,synthetic,synthetic-eigengap__synthetic__symmetric-hamiltonian__L4__lr0.01__bs64__seed11,results/runs/synthetic/synthetic-eigengap__synthetic__symmetric-hamiltonian__L4__lr0.01__bs64__seed11_seed11,synthetic-eigengap,synthetic,symmetric-hamiltonian,4,11,0.01,64,2000,True,plus,True,False,0.49796855952657654,0.7560975609756098,0.47239249471279426,0.7728937728937729,0.7896341463414634,1323.1707317073171,,20.261735200881958,,64,2,4,5d760ef42d71a06acce4efdc9ed931be057f16a6,False
complete,synthetic,synthetic-eigengap__synthetic__symmetric-hamiltonian__L4__lr0.01__bs64__seed12,results/runs/synthetic/synthetic-eigengap__synthetic__symmetric-hamiltonian__L4__lr0.01__bs64__seed12_seed12,synthetic-eigengap,synthetic,symmetric-hamiltonian,4,12,0.01,64,2000,True,plus,True,False,0.45046432338855674,0.7987804878048781,0.48109583520371013,0.7692307692307693,0.7987804878048781,1351.2195121951218,,19.934854745864868,,64,2,4,5d760ef42d71a06acce4efdc9ed931be057f16a6,False
complete,synthetic,synthetic-eigengap__synthetic__symmetric-hamiltonian__L4__lr0.01__bs64__seed13,results/runs/synthetic/synthetic-eigengap__synthetic__symmetric-hamiltonian__L4__lr0.01__bs64__seed13_seed13,synthetic-eigengap,synthetic,symmetric-hamiltonian,4,13,0.01,64,2000,True,plus,True,False,0.4851867250040227,0.774390243902439,0.4704557573720169,0.7728937728937729,0.7774390243902439,1391.6158536585367,,37.08567142486572,,64,2,4,5d760ef42d71a06acce4efdc9ed931be057f16a6,False
complete,synthetic,synthetic-eigengap__synthetic__symmetric-hamiltonian__L4__lr0.01__bs64__seed14,results/runs/synthetic/synthetic-eigengap__synthetic__symmetric-hamiltonian__L4__lr0.01__bs64__seed14_seed14,synthetic-eigengap,synthetic,symmetric-hamiltonian,4,14,0.01,64,2000,True,plus,True,False,0.48698306880787406,0.774390243902439,0.47574515436751225,0.7765567765567766,0.7957317073170732,1407.7743902439026,,40.61818289756775,,64,2,4,5d760ef42d71a06acce4efdc9ed931be057f16a6,False
complete,synthetic,synthetic-eigengap__synthetic__symmetric-hamiltonian__L4__lr0.01__bs64__seed15,results/runs/synthetic/synthetic-eigengap__synthetic__symmetric-hamiltonian__L4__lr0.01__bs64__seed15_seed15,synthetic-eigengap,synthetic,symmetric-hamiltonian,4,15,0.01,64,2000,True,plus,True,False,0.47068162549363574,0.7926829268292683,0.47474686558981105,0.7826617826617827,0.7987804878048781,1377.2865853658536,,48.07217836380005,,64,2,4,5d760ef42d71a06acce4efdc9ed931be057f16a6,False
complete,synthetic,synthetic-eigengap__synthetic__symmetric-hamiltonian__L4__lr0.01__bs64__seed16,results/runs/synthetic/synthetic-eigengap__synthetic__symmetric-hamiltonian__L4__lr0.01__bs64__seed16_seed16,synthetic-eigengap,synthetic,symmetric-hamiltonian,4,16,0.01,64,2000,True,plus,True,False,0.4524241834125694,0.801829268292683,0.45433624559781116,0.8083028083028083,0.8079268292682927,1441.0060975609758,,47.89831805229187,,64,2,4,5d760ef42d71a06acce4efdc9ed931be057f16a6,False
complete,synthetic,synthetic-eigengap__synthetic__symmetric-hamiltonian__L4__lr0.01__bs64__seed17,results/runs/synthetic/synthetic-eigengap__synthetic__symmetric-hamiltonian__L4__lr0.01__bs64__seed17_seed17,synthetic-eigengap,synthetic,symmetric-hamiltonian,4,17,0.01,64,2000,True,plus,True,False,0.46701926919388875,0.774390243902439,0.4489966261498685,0.7924297924297924,0.801829268292683,1425.9146341463415,,40.78686594963074,,64,2,4,5d760ef42d71a06acce4efdc9ed931be057f16a6,False
complete,synthetic,synthetic-eigengap__synthetic__symmetric-hamiltonian__L4__lr0.01__bs64__seed18,results/runs/synthetic/synthetic-eigengap__synthetic__symmetric-hamiltonian__L4__lr0.01__bs64__seed18_seed18,synthetic-eigengap,synthetic,symmetric-hamiltonian,4,18,0.01,64,2000,True,plus,True,False,0.45615539369142477,0.7774390243902439,0.4906154244556257,0.7533577533577533,0.8048780487804879,1387.0426829268292,,37.094303607940674,,64,2,4,5d760ef42d71a06acce4efdc9ed931be057f16a6,False
complete,synthetic,synthetic-eigengap__synthetic__symmetric-hamiltonian__L4__lr0.01__bs64__seed19,results/runs/synthetic/synthetic-eigengap__synthetic__symmetric-hamiltonian__L4__lr0.01__bs64__seed19_seed19,synthetic-eigengap,synthetic,symmetric-hamiltonian,4,19,0.01,64,2000,True,plus,True,False,0.49645355058989826,0.774390243902439,0.5318415922762534,0.7252747252747253,0.7865853658536586,1383.2317073170732,,76.67575526237488,,64,2,4,5d760ef42d71a06acce4efdc9ed931be057f16a6,False
complete,synthetic,synthetic-eigengap__synthetic__symmetric-hamiltonian__L4__lr0.01__bs64__seed1,results/runs/synthetic/synthetic-eigengap__synthetic__symmetric-hamiltonian__L4__lr0.01__bs64__seed1_seed1,synthetic-eigengap,synthetic,symmetric-hamiltonian,4,1,0.01,64,2000,True,plus,True,False,0.45143486495062185,0.7835365853658537,0.49449246857673324,0.7509157509157509,0.8140243902439024,1429.573170731707,,20.55929160118103,,64,2,4,5d760ef42d71a06acce4efdc9ed931be057f16a6,False
complete,synthetic,synthetic-eigengap__synthetic__symmetric-hamiltonian__L4__lr0.01__bs64__seed2,results/runs/synthetic/synthetic-eigengap__synthetic__symmetric-hamiltonian__L4__lr0.01__bs64__seed2_seed2,synthetic-eigengap,synthetic,symmetric-hamiltonian,4,2,0.01,64,2000,True,plus,True,False,0.4798719428518227,0.7469512195121951,0.49762607206795023,0.7594627594627594,0.774390243902439,1387.8048780487804,,34.38346076011658,,64,2,4,5d760ef42d71a06acce4efdc9ed931be057f16a6,False
complete,synthetic,synthetic-eigengap__synthetic__symmetric-hamiltonian__L4__lr0.01__bs64__seed3,results/runs/synthetic/synthetic-eigengap__synthetic__symmetric-hamiltonian__L4__lr0.01__bs64__seed3_seed3,synthetic-eigengap,synthetic,symmetric-hamiltonian,4,3,0.01,64,2000,True,plus,True,False,0.49497881143884115,0.7591463414634146,0.5029524499559367,0.7594627594627594,0.7713414634146342,1367.2256097560974,,28.18276882171631,,64,2,4,5d760ef42d71a06acce4efdc9ed931be057f16a6,False
complete,synthetic,synthetic-eigengap__synthetic__symmetric-hamiltonian__L4__lr0.01__bs64__seed4,results/runs/synthetic/synthetic-eigengap__synthetic__symmetric-hamiltonian__L4__lr0.01__bs64__seed4_seed4,synthetic-eigengap,synthetic,symmetric-hamiltonian,4,4,0.01,64,2000,True,plus,True,False,0.4866359390307731,0.7865853658536586,0.4729390266592251,0.778998778998779,0.7926829268292683,1407.7743902439024,,29.104438304901123,,64,2,4,5d760ef42d71a06acce4efdc9ed931be057f16a6,False
complete,synthetic,synthetic-eigengap__synthetic__symmetric-hamiltonian__L4__lr0.01__bs64__seed5,results/runs/synthetic/synthetic-eigengap__synthetic__symmetric-hamiltonian__L4__lr0.01__bs64__seed5_seed5,synthetic-eigengap,synthetic,symmetric-hamiltonian,4,5,0.01,64,2000,True,plus,True,False,0.4738710854382441,0.7804878048780488,0.5163944550038442,0.7423687423687424,0.7987804878048781,1406.5548780487807,,37.182114601135254,,64,2,4,5d760ef42d71a06acce4efdc9ed931be057f16a6,False
complete,synthetic,synthetic-eigengap__synthetic__symmetric-hamiltonian__L4__lr0.01__bs64__seed6,results/runs/synthetic/synthetic-eigengap__synthetic__symmetric-hamiltonian__L4__lr0.01__bs64__seed6_seed6,synthetic-eigengap,synthetic,symmetric-hamiltonian,4,6,0.01,64,2000,True,plus,True,False,0.4056991073937801,0.8048780487804879,0.48205581679235365,0.7728937728937729,0.8201219512195121,1398.4756097560976,,44.06467628479004,,64,2,4,5d760ef42d71a06acce4efdc9ed931be057f16a6,False
complete,synthetic,synthetic-eigengap__synthetic__symmetric-hamiltonian__L4__lr0.01__bs64__seed7,results/runs/synthetic/synthetic-eigengap__synthetic__symmetric-hamiltonian__L4__lr0.01__bs64__seed7_seed7,synthetic-eigengap,synthetic,symmetric-hamiltonian,4,7,0.01,64,2000,True,plus,True,False,0.44943247065473213,0.7987804878048781,0.5049175813374472,0.73992673992674,0.8109756097560976,1430.1829268292684,,82.1785683631897,,64,2,4,5d760ef42d71a06acce4efdc9ed931be057f16a6,False
complete,synthetic,synthetic-eigengap__synthetic__symmetric-hamiltonian__L4__lr0.01__bs64__seed8,results/runs/synthetic/synthetic-eigengap__synthetic__symmetric-hamiltonian__L4__lr0.01__bs64__seed8_seed8,synthetic-eigengap,synthetic,symmetric-hamiltonian,4,8,0.01,64,2000,True,plus,True,False,0.46684487130314506,0.7957317073170732,0.5193479666774447,0.7484737484737485,0.7987804878048781,1396.9512195121952,,66.4851975440979,,64,2,4,5d760ef42d71a06acce4efdc9ed931be057f16a6,False
complete,synthetic,synthetic-eigengap__synthetic__symmetric-hamiltonian__L4__lr0.01__bs64__seed9,results/runs/synthetic/synthetic-eigengap__synthetic__symmetric-hamiltonian__L4__lr0.01__bs64__seed9_seed9,synthetic-eigengap,synthetic,symmetric-hamiltonian,4,9,0.01,64,2000,True,plus,True,False,0.4621683196982995,0.774390243902439,0.4972172619266062,0.757020757020757,0.7835365853658537,1406.0975609756101,,59.910876989364624,,64,2,4,5d760ef42d71a06acce4efdc9ed931be057f16a6,False
complete,synthetic,synthetic-eigengap__synthetic__symmetric-hamiltonian__L8__lr0.01__bs64__seed0,results/runs/synthetic/synthetic-eigengap__synthetic__symmetric-hamiltonian__L8__lr0.01__bs64__seed0_seed0,synthetic-eigengap,synthetic,symmetric-hamiltonian,8,0,0.01,64,2000,True,plus,True,False,0.4372399880307695,0.7987804878048781,0.4298099807627913,0.8021978021978022,0.7987804878048781,1435.9756097560974,,27.23847985267639,,128,2,4,457b0468ba5f023a4a9f38816dbca0899481d04d,False
complete,synthetic,synthetic-eigengap__synthetic__symmetric-hamiltonian__L8__lr0.01__bs64__seed10,results/runs/synthetic/synthetic-eigengap__synthetic__symmetric-hamiltonian__L8__lr0.01__bs64__seed10_seed10,synthetic-eigengap,synthetic,symmetric-hamiltonian,8,10,0.01,64,2000,True,plus,True,False,0.4465971726426134,0.7957317073170732,0.4245552686569857,0.8034188034188035,0.8048780487804879,1406.859756097561,,26.82907199859619,,128,2,4,457b0468ba5f023a4a9f38816dbca0899481d04d,False
complete,synthetic,synthetic-eigengap__synthetic__symmetric-hamiltonian__L8__lr0.01__bs64__seed11,results/runs/synthetic/synthetic-eigengap__synthetic__symmetric-hamiltonian__L8__lr0.01__bs64__seed11_seed11,synthetic-eigengap,synthetic,symmetric-hamiltonian,8,11,0.01,64,2000,True,plus,True,False,0.4267319025258888,0.8079268292682927,0.43887966107579524,0.78998778998779,0.8201219512195121,1496.6463414634147,,29.015020608901978,,128,2,4,457b0468ba5f023a4a9f38816dbca0899481d04d,False
complete,synthetic,synthetic-eigengap__synthetic__symmetric-hamiltonian__L8__lr0.01__bs64__seed12,results/runs/synthetic/synthetic-eigengap__synthetic__symmetric-hamiltonian__L8__lr0.01__bs64__seed12_seed12,synthetic-eigengap,synthetic,symmetric-hamiltonian,8,12,0.01,64,2000,True,plus,True,False,0.3822440115545969,0.8445121951219512,0.42415631733626546,0.8229548229548229,0.8658536585365854,1499.84756097561,,26.957587957382202,,128,2,4,457b0468ba5f023a4a9f38816dbca0899481d04d,False
complete,synthetic,synthetic-eigengap__synthetic__symmetric-hamiltonian__L8__lr0.01__bs64__seed13,results/runs/synthetic/synthetic-eigengap__synthetic__symmetric-hamiltonian__L8__lr0.01__bs64__seed13_seed13,synthetic-eigengap,synthetic,symmetric-hamiltonian,8,13,0.01,64,2000,True,plus,True,False,0.4378858118831658,0.7804878048780488,0.40812445522647955,0.818070818070818,0.8048780487804879,1387.8048780487807,,26.71499538421631,,128,2,4,457b0468ba5f023a4a9f38816dbca0899481d04d,False
complete,synthetic,synthetic-eigengap__synthetic__symmetric-hamiltonian__L8__lr0.01__bs64__seed14,results/runs/synthetic/synthetic-eigengap__synthetic__symmetric-hamiltonian__L8__lr0.01__bs64__seed14_seed14,synthetic-eigengap,synthetic,symmetric-hamiltonian,8,14,0.01,64,2000,True,plus,True,False,0.4220031726143516,0.7957317073170732,0.4165190285961923,0.8144078144078144,0.8353658536585366,1499.6951219512198,,28.008617877960205,,128,2,4,457b0468ba5f023a4a9f38816dbca0899481d04d,False
complete,synthetic,synthetic-eigengap__synthetic__symmetric-hamiltonian__L8__lr0.01__bs64__seed15,results/runs/synthetic/synthetic-eigengap__synthetic__symmetric-hamiltonian__L8__lr0.01__bs64__seed15_seed15,synthetic-eigengap,synthetic,symmetric-hamiltonian,8,15,0.01,64,2000,True,plus,True,False,0.4620261688022856,0.7957317073170732,0.4297946387605357,0.8192918192918193,0.8048780487804879,1415.7012195121952,,28.444432020187378,,128,2,4,457b0468ba5f023a4a9f38816dbca0899481d04d,False
complete,synthetic,synthetic-eigengap__synthetic__symmetric-hamiltonian__L8__lr0.01__bs64__seed16,results/runs/synthetic/synthetic-eigengap__synthetic__symmetric-hamiltonian__L8__lr0.01__bs64__seed16_seed16,synthetic-eigengap,synthetic,symmetric-hamiltonian,8,16,0.01,64,2000,True,plus,True,False,0.4524840127275592,0.7957317073170732,0.4302679169425729,0.8070818070818071,0.7987804878048781,1415.0914634146343,,27.047897577285767,,128,2,4,457b0468ba5f023a4a9f38816dbca0899481d04d,False
complete,synthetic,synthetic-eigengap__synthetic__symmetric-hamiltonian__L8__lr0.01__bs64__seed17,results/runs/synthetic/synthetic-eigengap__synthetic__symmetric-hamiltonian__L8__lr0.01__bs64__seed17_seed17,synthetic-eigengap,synthetic,symmetric-hamiltonian,8,17,0.01,64,2000,True,plus,True,False,0.3839124096304228,0.8445121951219512,0.39103336534859545,0.8388278388278388,0.8445121951219512,1519.6646341463415,,27.420870065689087,,128,2,4,457b0468ba5f023a4a9f38816dbca0899481d04d,False
complete,synthetic,synthetic-eigengap__synthetic__symmetric-hamiltonian__L8__lr0.01__bs64__seed18,results/runs/synthetic/synthetic-eigengap__synthetic__symmetric-hamiltonian__L8__lr0.01__bs64__seed18_seed18,synthetic-eigengap,synthetic,symmetric-hamiltonian,8,18,0.01,64,2000,True,plus,True,False,0.4402534740327911,0.7865853658536586,0.4206861460095274,0.811965811965812,0.8323170731707317,1499.2378048780488,,27.02306365966797,,128,2,4,457b0468ba5f023a4a9f38816dbca0899481d04d,False
complete,synthetic,synthetic-eigengap__synthetic__symmetric-hamiltonian__L8__lr0.01__bs64__seed19,results/runs/synthetic/synthetic-eigengap__synthetic__symmetric-hamiltonian__L8__lr0.01__bs64__seed19_seed19,synthetic-eigengap,synthetic,symmetric-hamiltonian,8,19,0.01,64,2000,True,plus,True,False,0.383107589159209,0.8292682926829268,0.4250831873023079,0.8131868131868132,0.850609756097561,1427.4390243902437,,25.62208580970764,,128,2,4,457b0468ba5f023a4a9f38816dbca0899481d04d,False
complete,synthetic,synthetic-eigengap__synthetic__symmetric-hamiltonian__L8__lr0.01__bs64__seed1,results/runs/synthetic/synthetic-eigengap__synthetic__symmetric-hamiltonian__L8__lr0.01__bs64__seed1_seed1,synthetic-eigengap,synthetic,symmetric-hamiltonian,8,1,0.01,64,2000,True,plus,True,False,0.41776756951527866,0.8262195121951219,0.41333582374200994,0.8278388278388278,0.8292682926829268,1495.8841463414633,,27.48155641555786,,128,2,4,457b0468ba5f023a4a9f38816dbca0899481d04d,False
complete,synthetic,synthetic-eigengap__synthetic__symmetric-hamiltonian__L8__lr0.01__bs64__seed2,results/runs/synthetic/synthetic-eigengap__synthetic__symmetric-hamiltonian__L8__lr0.01__bs64__seed2_seed2,synthetic-eigengap,synthetic,symmetric-hamiltonian,8,2,0.01,64,2000,True,plus,True,False,0.4358439421238225,0.823170731707317,0.41857282088871517,0.8241758241758241,0.8292682926829268,1468.2926829268295,,28.462099075317383,,128,2,4,457b0468ba5f023a4a9f38816dbca0899481d04d,False
complete,synthetic,synthetic-eigengap__synthetic__symmetric-hamiltonian__L8__lr0.01__bs64__seed3,results/runs/synthetic/synthetic-eigengap__synthetic__symmetric-hamiltonian__L8__lr0.01__bs64__seed3_seed3,synthetic-eigengap,synthetic,symmetric-hamiltonian,8,3,0.01,64,2000,True,plus,True,False,0.3973233548117588,0.8109756097560976,0.38013320821160773,0.8473748473748474,0.8689024390243902,1504.2682926829264,,28.89776921272278,,128,2,4,457b0468ba5f023a4a9f38816dbca0899481d04d,False
complete,synthetic,synthetic-eigengap__synthetic__symmetric-hamiltonian__L8__lr0.01__bs64__seed4,results/runs/synthetic/synthetic-eigengap__synthetic__symmetric-hamiltonian__L8__lr0.01__bs64__seed4_seed4,synthetic-eigengap,synthetic,symmetric-hamiltonian,8,4,0.01,64,2000,True,plus,True,False,0.48495454351163325,0.7713414634146342,0.42945952910929047,0.8058608058608059,0.8079268292682927,1418.59756097561,,26.81938624382019,,128,2,4,457b0468ba5f023a4a9f38816dbca0899481d04d,False
complete,synthetic,synthetic-eigengap__synthetic__symmetric-hamiltonian__L8__lr0.01__bs64__seed5,results/runs/synthetic/synthetic-eigengap__synthetic__symmetric-hamiltonian__L8__lr0.01__bs64__seed5_seed5,synthetic-eigengap,synthetic,symmetric-hamiltonian,8,5,0.01,64,2000,True,plus,True,False,0.4318868473676662,0.7957317073170732,0.4135077573445655,0.8217338217338217,0.8292682926829268,1474.5426829268295,,28.800997495651245,,128,2,4,457b0468ba5f023a4a9f38816dbca0899481d04d,False
complete,synthetic,synthetic-eigengap__synthetic__symmetric-hamiltonian__L8__lr0.01__bs64__seed6,results/runs/synthetic/synthetic-eigengap__synthetic__symmetric-hamiltonian__L8__lr0.01__bs64__seed6_seed6,synthetic-eigengap,synthetic,symmetric-hamiltonian,8,6,0.01,64,2000,True,plus,True,False,0.3468014420547913,0.8658536585365854,0.38977872971565036,0.8449328449328449,0.875,1531.09756097561,,27.069159269332886,,128,2,4,457b0468ba5f023a4a9f38816dbca0899481d04d,False
complete,synthetic,synthetic-eigengap__synthetic__symmetric-hamiltonian__L8__lr0.01__bs64__seed7,results/runs/synthetic/synthetic-eigengap__synthetic__symmetric-hamiltonian__L8__lr0.01__bs64__seed7_seed7,synthetic-eigengap,synthetic,symmetric-hamiltonian,8,7,0.01,64,2000,True,plus,True,False,0.4248904540920554,0.7987804878048781,0.3782223856993299,0.8412698412698413,0.8262195121951219,1484.9085365853657,,28.27003026008606,,128,2,4,457b0468ba5f023a4a9f38816dbca0899481d04d,False
complete,synthetic,synthetic-eigengap__synthetic__symmetric-hamiltonian__L8__lr0.01__bs64__seed8,results/runs/synthetic/synthetic-eigengap__synthetic__symmetric-hamiltonian__L8__lr0.01__bs64__seed8_seed8,synthetic-eigengap,synthetic,symmetric-hamiltonian,8,8,0.01,64,2000,True,plus,True,False,0.4038318191125362,0.8292682926829268,0.4033905090070808,0.8388278388278388,0.8414634146341463,1541.9207317073171,,27.7307345867157,,128,2,4,457b0468ba5f023a4a9f38816dbca0899481d04d,False
complete,synthetic,synthetic-eigengap__synthetic__symmetric-hamiltonian__L8__lr0.01__bs64__seed9,results/runs/synthetic/synthetic-eigengap__synthetic__symmetric-hamiltonian__L8__lr0.01__bs64__seed9_seed9,synthetic-eigengap,synthetic,symmetric-hamiltonian,8,9,0.01,64,2000,True,plus,True,False,0.4403554504082193,0.7774390243902439,0.4468577648105117,0.8034188034188035,0.8079268292682927,1450.0000000000002,,28.48150372505188,,128,2,4,457b0468ba5f023a4a9f38816dbca0899481d04d,False
complete,synthetic,synthetic-eigengap__synthetic__trainable-frequency-ry__L16__lr0.01__bs64__seed0,results/runs/synthetic/synthetic-eigengap__synthetic__trainable-frequency-ry__L16__lr0.01__bs64__seed0_seed0,synthetic-eigengap,synthetic,trainable-frequency-ry,16,0,0.01,64,2000,True,plus,True,False,0.5561007582580604,0.7195121951219512,0.5714053487619581,0.6813186813186813,0.7195121951219512,1282.7743902439024,,1472.699331521988,,3856,16,65536,457b0468ba5f023a4a9f38816dbca0899481d04d,False
complete,synthetic,synthetic-eigengap__synthetic__trainable-frequency-ry__L16__lr0.01__bs64__seed10,results/runs/synthetic/synthetic-eigengap__synthetic__trainable-frequency-ry__L16__lr0.01__bs64__seed10_seed10,synthetic-eigengap,synthetic,trainable-frequency-ry,16,10,0.01,64,2000,True,plus,True,False,0.5810280493661253,0.7164634146341463,0.5981584971935419,0.6666666666666666,0.7164634146341463,1264.7865853658534,,1474.1728112697601,,3856,16,65536,457b0468ba5f023a4a9f38816dbca0899481d04d,False
complete,synthetic,synthetic-eigengap__synthetic__trainable-frequency-ry__L16__lr0.01__bs64__seed11,results/runs/synthetic/synthetic-eigengap__synthetic__trainable-frequency-ry__L16__lr0.01__bs64__seed11_seed11,synthetic-eigengap,synthetic,trainable-frequency-ry,16,11,0.01,64,2000,True,plus,True,False,0.6225830350471298,0.698170731707317,0.6287622850656278,0.6703296703296703,0.7164634146341463,1255.0304878048782,,1467.789722442627,,3856,16,65536,457b0468ba5f023a4a9f38816dbca0899481d04d,False
complete,synthetic,synthetic-eigengap__synthetic__trainable-frequency-ry__L16__lr0.01__bs64__seed12,results/runs/synthetic/synthetic-eigengap__synthetic__trainable-frequency-ry__L16__lr0.01__bs64__seed12_seed12,synthetic-eigengap,synthetic,trainable-frequency-ry,16,12,0.01,64,2000,True,plus,True,False,0.5821592643467042,0.7073170731707317,0.5945247762586298,0.6874236874236874,0.7073170731707317,1248.4756097560976,,1474.4576773643494,,3856,16,65536,457b0468ba5f023a4a9f38816dbca0899481d04d,False
complete,synthetic,synthetic-eigengap__synthetic__trainable-frequency-ry__L16__lr0.01__bs64__seed13,results/runs/synthetic/synthetic-eigengap__synthetic__trainable-frequency-ry__L16__lr0.01__bs64__seed13_seed13,synthetic-eigengap,synthetic,trainable-frequency-ry,16,13,0.01,64,2000,True,plus,True,False,0.5927274192719888,0.6707317073170732,0.5891996586532818,0.673992673992674,0.6829268292682927,1232.0121951219514,,1477.5555839538574,,3856,16,65536,5d760ef42d71a06acce4efdc9ed931be057f16a6,False
complete,synthetic,synthetic-eigengap__synthetic__trainable-frequency-ry__L16__lr0.01__bs64__seed14,results/runs/synthetic/synthetic-eigengap__synthetic__trainable-frequency-ry__L16__lr0.01__bs64__seed14_seed14,synthetic-eigengap,synthetic,trainable-frequency-ry,16,14,0.01,64,2000,True,plus,True,False,0.5594186325105123,0.7195121951219512,0.5762409294895354,0.6935286935286935,0.7408536585365854,1293.5975609756097,,1478.8283767700195,,3856,16,65536,457b0468ba5f023a4a9f38816dbca0899481d04d,False
complete,synthetic,synthetic-eigengap__synthetic__trainable-frequency-ry__L16__lr0.01__bs64__seed15,results/runs/synthetic/synthetic-eigengap__synthetic__trainable-frequency-ry__L16__lr0.01__bs64__seed15_seed15,synthetic-eigengap,synthetic,trainable-frequency-ry,16,15,0.01,64,2000,True,plus,True,False,0.5776824919153342,0.6951219512195121,0.5848442032515315,0.6874236874236874,0.7042682926829268,1255.0304878048776,,1468.377279996872,,3856,16,65536,457b0468ba5f023a4a9f38816dbca0899481d04d,False
complete,synthetic,synthetic-eigengap__synthetic__trainable-frequency-ry__L16__lr0.01__bs64__seed16,results/runs/synthetic/synthetic-eigengap__synthetic__trainable-frequency-ry__L16__lr0.01__bs64__seed16_seed16,synthetic-eigengap,synthetic,trainable-frequency-ry,16,16,0.01,64,2000,True,plus,True,False,0.5422194121523323,0.7408536585365854,0.5580497105349658,0.7118437118437119,0.7408536585365854,1268.2926829268295,,1463.2347140312195,,3856,16,65536,457b0468ba5f023a4a9f38816dbca0899481d04d,False
complete,synthetic,synthetic-eigengap__synthetic__trainable-frequency-ry__L16__lr0.01__bs64__seed17,results/runs/synthetic/synthetic-eigengap__synthetic__trainable-frequency-ry__L16__lr0.01__bs64__seed17_seed17,synthetic-eigengap,synthetic,trainable-frequency-ry,16,17,0.01,64,2000,True,plus,True,False,0.583510654446189,0.6707317073170732,0.5857154349591176,0.684981684981685,0.7225609756097561,1256.4024390243906,,1472.2192578315735,,3856,16,65536,457b0468ba5f023a4a9f38816dbca0899481d04d,False
complete,synthetic,synthetic-eigengap__synthetic__trainable-frequency-ry__L16__lr0.01__bs64__seed18,results/runs/synthetic/synthetic-eigengap__synthetic__trainable-frequency-ry__L16__lr0.01__bs64__seed18_seed18,synthetic-eigengap,synthetic,trainable-frequency-ry,16,18,0.01,64,2000,True,plus,True,False,0.5744716444634942,0.698170731707317,0.5849775112849693,0.6703296703296703,0.7073170731707317,1225.3048780487804,,1460.348448753357,,3856,16,65536,457b0468ba5f023a4a9f38816dbca0899481d04d,False
complete,synthetic,synthetic-eigengap__synthetic__trainable-frequency-ry__L16__lr0.01__bs64__seed19,results/runs/synthetic/synthetic-eigengap__synthetic__trainable-frequency-ry__L16__lr0.01__bs64__seed19_seed19,synthetic-eigengap,synthetic,trainable-frequency-ry,16,19,0.01,64,2000,True,plus,True,False,0.5477209034273797,0.7225609756097561,0.5669848428590912,0.6984126984126984,0.7286585365853658,1260.9756097560976,,1461.7850413322449,,3856,16,65536,457b0468ba5f023a4a9f38816dbca0899481d04d,False
complete,synthetic,synthetic-eigengap__synthetic__trainable-frequency-ry__L16__lr0.01__bs64__seed1,results/runs/synthetic/synthetic-eigengap__synthetic__trainable-frequency-ry__L16__lr0.01__bs64__seed1_seed1,synthetic-eigengap,synthetic,trainable-frequency-ry,16,1,0.01,64,2000,True,plus,True,False,0.5997241497680346,0.6524390243902439,0.6023628392352602,0.6703296703296703,0.7042682926829268,1257.4695121951218,,1473.060130596161,,3856,16,65536,457b0468ba5f023a4a9f38816dbca0899481d04d,False
complete,synthetic,synthetic-eigengap__synthetic__trainable-frequency-ry__L16__lr0.01__bs64__seed2,results/runs/synthetic/synthetic-eigengap__synthetic__trainable-frequency-ry__L16__lr0.01__bs64__seed2_seed2,synthetic-eigengap,synthetic,trainable-frequency-ry,16,2,0.01,64,2000,True,plus,True,False,0.5872544612447195,0.6859756097560976,0.5923826564959563,0.6837606837606838,0.698170731707317,1248.9329268292684,,1464.4396448135376,,3856,16,65536,457b0468ba5f023a4a9f38816dbca0899481d04d,False
complete,synthetic,synthetic-eigengap__synthetic__trainable-frequency-ry__L16__lr0.01__bs64__seed3,results/runs/synthetic/synthetic-eigengap__synthetic__trainable-frequency-ry__L16__lr0.01__bs64__seed3_seed3,synthetic-eigengap,synthetic,trainable-frequency-ry,16,3,0.01,64,2000,True,plus,True,False,0.5901198576152054,0.676829268292683,0.5948095601200256,0.6654456654456654,0.6890243902439024,1233.841463414634,,1465.7202723026276,,3856,16,65536,457b0468ba5f023a4a9f38816dbca0899481d04d,False
complete,synthetic,synthetic-eigengap__synthetic__trainable-frequency-ry__L16__lr0.01__bs64__seed4,results/runs/synthetic/synthetic-eigengap__synthetic__trainable-frequency-ry__L16__lr0.01__bs64__seed4_seed4,synthetic-eigengap,synthetic,trainable-frequency-ry,16,4,0.01,64,2000,True,plus,True,False,0.5808548102492385,0.6920731707317073,0.5929829444426024,0.6874236874236874,0.7042682926829268,1246.9512195121952,,1464.659331560135,,3856,16,65536,457b0468ba5f023a4a9f38816dbca0899481d04d,False
complete,synthetic,synthetic-eigengap__synthetic__trainable-frequency-ry__L16__lr0.01__bs64__seed5,results/runs/synthetic/synthetic-eigengap__synthetic__trainable-frequency-ry__L16__lr0.01__bs64__seed5_seed5,synthetic-eigengap,synthetic,trainable-frequency-ry,16,5,0.01,64,2000,True,plus,True,False,0.5844686524255326,0.6829268292682927,0.5905957992203769,0.6703296703296703,0.7073170731707317,1258.9939024390244,,1466.4837574958801,,3856,16,65536,457b0468ba5f023a4a9f38816dbca0899481d04d,False
complete,synthetic,synthetic-eigengap__synthetic__trainable-frequency-ry__L16__lr0.01__bs64__seed6,results/runs/synthetic/synthetic-eigengap__synthetic__trainable-frequency-ry__L16__lr0.01__bs64__seed6_seed6,synthetic-eigengap,synthetic,trainable-frequency-ry,16,6,0.01,64,2000,True,plus,True,False,0.5862598218711271,0.6859756097560976,0.5880732116571684,0.6678876678876678,0.7164634146341463,1253.5060975609758,,1468.920137166977,,3856,16,65536,457b0468ba5f023a4a9f38816dbca0899481d04d,False
complete,synthetic,synthetic-eigengap__synthetic__trainable-frequency-ry__L16__lr0.01__bs64__seed7,results/runs/synthetic/synthetic-eigengap__synthetic__trainable-frequency-ry__L16__lr0.01__bs64__seed7_seed7,synthetic-eigengap,synthetic,trainable-frequency-ry,16,7,0.01,64,2000,True,plus,True,False,0.5671959825755364,0.7073170731707317,0.5779911703572685,0.6800976800976801,0.725609756097561,1265.0914634146343,,1465.930815935135,,3856,16,65536,457b0468ba5f023a4a9f38816dbca0899481d04d,False
complete,synthetic,synthetic-eigengap__synthetic__trainable-frequency-ry__L16__lr0.01__bs64__seed8,results/runs/synthetic/synthetic-eigengap__synthetic__trainable-frequency-ry__L16__lr0.01__bs64__seed8_seed8,synthetic-eigengap,synthetic,trainable-frequency-ry,16,8,0.01,64,2000,True,plus,True,False,0.5811827439744642,0.6951219512195121,0.5969362666319791,0.6678876678876678,0.7103658536585366,1252.5914634146343,,1465.3244886398315,,3856,16,65536,457b0468ba5f023a4a9f38816dbca0899481d04d,False
complete,synthetic,synthetic-eigengap__synthetic__trainable-frequency-ry__L16__lr0.01__bs64__seed9,results/runs/synthetic/synthetic-eigengap__synthetic__trainable-frequency-ry__L16__lr0.01__bs64__seed9_seed9,synthetic-eigengap,synthetic,trainable-frequency-ry,16,9,0.01,64,2000,True,plus,True,False,0.5748093805147415,0.7012195121951219,0.5997555884219328,0.6605616605616605,0.7012195121951219,1242.0731707317073,,1467.8032855987549,,3856,16,65536,457b0468ba5f023a4a9f38816dbca0899481d04d,False
complete,synthetic,synthetic-eigengap__synthetic__trainable-frequency-ry__L1__lr0.01__bs64__seed0,results/runs/synthetic/synthetic-eigengap__synthetic__trainable-frequency-ry__L1__lr0.01__bs64__seed0_seed0,synthetic-eigengap,synthetic,trainable-frequency-ry,1,0,0.01,64,2000,True,plus,True,False,0.6618886910096259,0.6128048780487805,0.6513852713010805,0.6227106227106227,0.625,1162.0426829268292,,100.59130001068115,,241,16,65536,457b0468ba5f023a4a9f38816dbca0899481d04d,False
complete,synthetic,synthetic-eigengap__synthetic__trainable-frequency-ry__L1__lr0.01__bs64__seed10,results/runs/synthetic/synthetic-eigengap__synthetic__trainable-frequency-ry__L1__lr0.01__bs64__seed10_seed10,synthetic-eigengap,synthetic,trainable-frequency-ry,1,10,0.01,64,2000,True,plus,True,False,0.6624075901587556,0.6067073170731707,0.6533756686427161,0.6190476190476191,0.6189024390243902,1155.7926829268295,,100.38488030433655,,241,16,65536,457b0468ba5f023a4a9f38816dbca0899481d04d,False
complete,synthetic,synthetic-eigengap__synthetic__trainable-frequency-ry__L1__lr0.01__bs64__seed11,results/runs/synthetic/synthetic-eigengap__synthetic__trainable-frequency-ry__L1__lr0.01__bs64__seed11_seed11,synthetic-eigengap,synthetic,trainable-frequency-ry,1,11,0.01,64,2000,True,plus,True,False,0.6616836832456077,0.6219512195121951,0.6504287912663822,0.6227106227106227,0.625,1165.8536585365853,,98.31154298782349,,241,16,65536,457b0468ba5f023a4a9f38816dbca0899481d04d,False
complete,synthetic,synthetic-eigengap__synthetic__trainable-frequency-ry__L1__lr0.01__bs64__seed12,results/runs/synthetic/synthetic-eigengap__synthetic__trainable-frequency-ry__L1__lr0.01__bs64__seed12_seed12,synthetic-eigengap,synthetic,trainable-frequency-ry,1,12,0.01,64,2000,True,plus,True,False,0.6668911368377137,0.600609756097561,0.6593269281935308,0.6105006105006106,0.6280487804878049,1159.7560975609756,,98.85482454299927,,241,16,65536,457b0468ba5f023a4a9f38816dbca0899481d04d,False
complete,synthetic,synthetic-eigengap__synthetic__trainable-frequency-ry__L1__lr0.01__bs64__seed13,results/runs/synthetic/synthetic-eigengap__synthetic__trainable-frequency-ry__L1__lr0.01__bs64__seed13_seed13,synthetic-eigengap,synthetic,trainable-frequency-ry,1,13,0.01,64,2000,True,plus,True,False,0.6632930393931635,0.6128048780487805,0.6539533934704438,0.6190476190476191,0.6189024390243902,1161.7378048780486,,100.93283820152283,,241,16,65536,457b0468ba5f023a4a9f38816dbca0899481d04d,False
complete,synthetic,synthetic-eigengap__synthetic__trainable-frequency-ry__L1__lr0.01__bs64__seed14,results/runs/synthetic/synthetic-eigengap__synthetic__trainable-frequency-ry__L1__lr0.01__bs64__seed14_seed14,synthetic-eigengap,synthetic,trainable-frequency-ry,1,14,0.01,64,2000,True,plus,True,False,0.6618092655177997,0.6067073170731707,0.6500282870600254,0.6288156288156288,0.6219512195121951,1159.6036585365855,,98.37366843223572,,241,16,65536,457b0468ba5f023a4a9f38816dbca0899481d04d,False
complete,synthetic,synthetic-eigengap__synthetic__trainable-frequency-ry__L1__lr0.01__bs64__seed15,results/runs/synthetic/synthetic-eigengap__synthetic__trainable-frequency-ry__L1__lr0.01__bs64__seed15_seed15,synthetic-eigengap,synthetic,trainable-frequency-ry,1,15,0.01,64,2000,True,plus,True,False,0.6617994937748172,0.6189024390243902,0.6493728738067933,0.6251526251526252,0.6189024390243902,1157.3170731707316,,100.26074934005737,,241,16,65536,457b0468ba5f023a4a9f38816dbca0899481d04d,False
complete,synthetic,synthetic-eigengap__synthetic__trainable-frequency-ry__L1__lr0.01__bs64__seed16,results/runs/synthetic/synthetic-eigengap__synthetic__trainable-frequency-ry__L1__lr0.01__bs64__seed16_seed16,synthetic-eigengap,synthetic,trainable-frequency-ry,1,16,0.01,64,2000,True,plus,True,False,0.6624348786740697,0.6097560975609756,0.6498791856769048,0.63003663003663,0.6158536585365854,1156.7073170731708,,100.37496185302734,,241,16,65536,457b0468ba5f023a4a9f38816dbca0899481d04d,False
complete,synthetic,synthetic-eigengap__synthetic__trainable-frequency-ry__L1__lr0.01__bs64__seed17,results/runs/synthetic/synthetic-eigengap__synthetic__trainable-frequency-ry__L1__lr0.01__bs64__seed17_seed17,synthetic-eigengap,synthetic,trainable-frequency-ry,1,17,0.01,64,2000,True,plus,True,False,0.6632258114925433,0.6097560975609756,0.6514040545864961,0.63003663003663,0.6219512195121951,1152.7439024390242,,100.20596575737,,241,16,65536,457b0468ba5f023a4a9f38816dbca0899481d04d,False
complete,synthetic,synthetic-eigengap__synthetic__trainable-frequency-ry__L1__lr0.01__bs64__seed18,results/runs/synthetic/synthetic-eigengap__synthetic__trainable-frequency-ry__L1__lr0.01__bs64__seed18_seed18,synthetic-eigengap,synthetic,trainable-frequency-ry,1,18,0.01,64,2000,True,plus,True,False,0.6659451947117447,0.6189024390243902,0.6512114462405607,0.6251526251526252,0.6310975609756098,1159.7560975609756,,99.47889447212219,,241,16,65536,457b0468ba5f023a4a9f38816dbca0899481d04d,False
complete,synthetic,synthetic-eigengap__synthetic__trainable-frequency-ry__L1__lr0.01__bs64__seed19,results/runs/synthetic/synthetic-eigengap__synthetic__trainable-frequency-ry__L1__lr0.01__bs64__seed19_seed19,synthetic-eigengap,synthetic,trainable-frequency-ry,1,19,0.01,64,2000,True,plus,True,False,0.6621491207440554,0.6128048780487805,0.649860431639082,0.6263736263736264,0.6310975609756098,1158.8414634146345,,101.49540042877197,,241,16,65536,457b0468ba5f023a4a9f38816dbca0899481d04d,False
complete,synthetic,synthetic-eigengap__synthetic__trainable-frequency-ry__L1__lr0.01__bs64__seed1,results/runs/synthetic/synthetic-eigengap__synthetic__trainable-frequency-ry__L1__lr0.01__bs64__seed1_seed1,synthetic-eigengap,synthetic,trainable-frequency-ry,1,1,0.01,64,2000,True,plus,True,False,0.662834918824785,0.6067073170731707,0.6529494045645012,0.6239316239316239,0.6310975609756098,1164.1768292682927,,100.73544144630432,,241,16,65536,457b0468ba5f023a4a9f38816dbca0899481d04d,False
complete,synthetic,synthetic-eigengap__synthetic__trainable-frequency-ry__L1__lr0.01__bs64__seed2,results/runs/synthetic/synthetic-eigengap__synthetic__trainable-frequency-ry__L1__lr0.01__bs64__seed2_seed2,synthetic-eigengap,synthetic,trainable-frequency-ry,1,2,0.01,64,2000,True,plus,True,False,0.6642220530260738,0.6097560975609756,0.6547270824806208,0.6153846153846154,0.6280487804878049,1157.9268292682925,,101.32965803146362,,241,16,65536,457b0468ba5f023a4a9f38816dbca0899481d04d,False
complete,synthetic,synthetic-eigengap__synthetic__trainable-frequency-ry__L1__lr0.01__bs64__seed3,results/runs/synthetic/synthetic-eigengap__synthetic__trainable-frequency-ry__L1__lr0.01__bs64__seed3_seed3,synthetic-eigengap,synthetic,trainable-frequency-ry,1,3,0.01,64,2000,True,plus,True,False,0.6640761632653314,0.6128048780487805,0.6539214799234411,0.63003663003663,0.625,1167.378048780488,,101.23144388198853,,241,16,65536,457b0468ba5f023a4a9f38816dbca0899481d04d,False
complete,synthetic,synthetic-eigengap__synthetic__trainable-frequency-ry__L1__lr0.01__bs64__seed4,results/runs/synthetic/synthetic-eigengap__synthetic__trainable-frequency-ry__L1__lr0.01__bs64__seed4_seed4,synthetic-eigengap,synthetic,trainable-frequency-ry,1,4,0.01,64,2000,True,plus,True,False,0.6626043663300247,0.6128048780487805,0.6539979806413603,0.6178266178266179,0.6280487804878049,1159.1463414634145,,100.61450695991516,,241,16,65536,457b0468ba5f023a4a9f38816dbca0899481d04d,False
complete,synthetic,synthetic-eigengap__synthetic__trainable-frequency-ry__L1__lr0.01__bs64__seed5,results/runs/synthetic/synthetic-eigengap__synthetic__trainable-frequency-ry__L1__lr0.01__bs64__seed5_seed5,synthetic-eigengap,synthetic,trainable-frequency-ry,1,5,0.01,64,2000,True,plus,True,False,0.6651510067587284,0.6067073170731707,0.6550503397508881,0.6263736263736264,0.6189024390243902,1161.5853658536587,,98.58956623077393,,241,16,65536,457b0468ba5f023a4a9f38816dbca0899481d04d,False
complete,synthetic,synthetic-eigengap__synthetic__trainable-frequency-ry__L1__lr0.01__bs64__seed6,results/runs/synthetic/synthetic-eigengap__synthetic__trainable-frequency-ry__L1__lr0.01__bs64__seed6_seed6,synthetic-eigengap,synthetic,trainable-frequency-ry,1,6,0.01,64,2000,True,plus,True,False,0.6644588845365863,0.6128048780487805,0.6505292982485997,0.6178266178266179,0.6189024390243902,1158.0792682926826,,100.01719546318054,,241,16,65536,457b0468ba5f023a4a9f38816dbca0899481d04d,False
complete,synthetic,synthetic-eigengap__synthetic__trainable-frequency-ry__L1__lr0.01__bs64__seed7,results/runs/synthetic/synthetic-eigengap__synthetic__trainable-frequency-ry__L1__lr0.01__bs64__seed7_seed7,synthetic-eigengap,synthetic,trainable-frequency-ry,1,7,0.01,64,2000,True,plus,True,False,0.6651701207309809,0.6036585365853658,0.6513229259371167,0.6190476190476191,0.6219512195121951,1162.0426829268288,,98.1259286403656,,241,16,65536,457b0468ba5f023a4a9f38816dbca0899481d04d,False
complete,synthetic,synthetic-eigengap__synthetic__trainable-frequency-ry__L1__lr0.01__bs64__seed8,results/runs/synthetic/synthetic-eigengap__synthetic__trainable-frequency-ry__L1__lr0.01__bs64__seed8_seed8,synthetic-eigengap,synthetic,trainable-frequency-ry,1,8,0.01,64,2000,True,plus,True,False,0.6624762955926553,0.6189024390243902,0.6518880819254388,0.6251526251526252,0.6219512195121951,1162.042682926829,,98.53119397163391,,241,16,65536,457b0468ba5f023a4a9f38816dbca0899481d04d,False
complete,synthetic,synthetic-eigengap__synthetic__trainable-frequency-ry__L1__lr0.01__bs64__seed9,results/runs/synthetic/synthetic-eigengap__synthetic__trainable-frequency-ry__L1__lr0.01__bs64__seed9_seed9,synthetic-eigengap,synthetic,trainable-frequency-ry,1,9,0.01,64,2000,True,plus,True,False,0.6668981208758901,0.6097560975609756,0.6578083980701317,0.6153846153846154,0.6219512195121951,1159.4512195121952,,101.61016297340393,,241,16,65536,457b0468ba5f023a4a9f38816dbca0899481d04d,False
complete,synthetic,synthetic-eigengap__synthetic__trainable-frequency-ry__L2__lr0.01__bs64__seed0,results/runs/synthetic/synthetic-eigengap__synthetic__trainable-frequency-ry__L2__lr0.01__bs64__seed0_seed0,synthetic-eigengap,synthetic,trainable-frequency-ry,2,0,0.01,64,2000,True,plus,True,False,0.639416579637689,0.6097560975609756,0.6254968607273879,0.6385836385836385,0.6371951219512195,1171.7987804878046,,281.4136939048767,,482,16,65536,5d760ef42d71a06acce4efdc9ed931be057f16a6,False
complete,synthetic,synthetic-eigengap__synthetic__trainable-frequency-ry__L2__lr0.01__bs64__seed10,results/runs/synthetic/synthetic-eigengap__synthetic__trainable-frequency-ry__L2__lr0.01__bs64__seed10_seed10,synthetic-eigengap,synthetic,trainable-frequency-ry,2,10,0.01,64,2000,True,plus,True,False,0.6497153005449383,0.6128048780487805,0.6323464081114353,0.6373626373626373,0.625,1164.4817073170732,,183.39134001731873,,482,16,65536,457b0468ba5f023a4a9f38816dbca0899481d04d,False
complete,synthetic,synthetic-eigengap__synthetic__trainable-frequency-ry__L2__lr0.01__bs64__seed11,results/runs/synthetic/synthetic-eigengap__synthetic__trainable-frequency-ry__L2__lr0.01__bs64__seed11_seed11,synthetic-eigengap,synthetic,trainable-frequency-ry,2,11,0.01,64,2000,True,plus,True,False,0.6383789755361139,0.6158536585365854,0.6289545497406128,0.6385836385836385,0.6341463414634146,1173.9329268292684,,183.81570434570312,,482,16,65536,457b0468ba5f023a4a9f38816dbca0899481d04d,False
complete,synthetic,synthetic-eigengap__synthetic__trainable-frequency-ry__L2__lr0.01__bs64__seed12,results/runs/synthetic/synthetic-eigengap__synthetic__trainable-frequency-ry__L2__lr0.01__bs64__seed12_seed12,synthetic-eigengap,synthetic,trainable-frequency-ry,2,12,0.01,64,2000,True,plus,True,False,0.6397881754350786,0.625,0.6371925729241273,0.6385836385836385,0.6432926829268293,1187.3475609756097,,183.62700605392456,,482,16,65536,457b0468ba5f023a4a9f38816dbca0899481d04d,False
complete,synthetic,synthetic-eigengap__synthetic__trainable-frequency-ry__L2__lr0.01__bs64__seed13,results/runs/synthetic/synthetic-eigengap__synthetic__trainable-frequency-ry__L2__lr0.01__bs64__seed13_seed13,synthetic-eigengap,synthetic,trainable-frequency-ry,2,13,0.01,64,2000,True,plus,True,False,0.6488928443220584,0.6097560975609756,0.63795051677512,0.6324786324786325,0.6371951219512195,1170.5792682926829,,183.94298815727234,,482,16,65536,457b0468ba5f023a4a9f38816dbca0899481d04d,False
complete,synthetic,synthetic-eigengap__synthetic__trainable-frequency-ry__L2__lr0.01__bs64__seed14,results/runs/synthetic/synthetic-eigengap__synthetic__trainable-frequency-ry__L2__lr0.01__bs64__seed14_seed14,synthetic-eigengap,synthetic,trainable-frequency-ry,2,14,0.01,64,2000,True,plus,True,False,0.641847425098339,0.6158536585365854,0.625556833380162,0.6434676434676435,0.6310975609756098,1167.3780487804877,,183.6819121837616,,482,16,65536,457b0468ba5f023a4a9f38816dbca0899481d04d,False
complete,synthetic,synthetic-eigengap__synthetic__trainable-frequency-ry__L2__lr0.01__bs64__seed15,results/runs/synthetic/synthetic-eigengap__synthetic__trainable-frequency-ry__L2__lr0.01__bs64__seed15_seed15,synthetic-eigengap,synthetic,trainable-frequency-ry,2,15,0.01,64,2000,True,plus,True,False,0.6372353617707872,0.6128048780487805,0.6230419251601238,0.645909645909646,0.6280487804878049,1171.9512195121954,,186.24269676208496,,482,16,65536,457b0468ba5f023a4a9f38816dbca0899481d04d,False
complete,synthetic,synthetic-eigengap__synthetic__trainable-frequency-ry__L2__lr0.01__bs64__seed16,results/runs/synthetic/synthetic-eigengap__synthetic__trainable-frequency-ry__L2__lr0.01__bs64__seed16_seed16,synthetic-eigengap,synthetic,trainable-frequency-ry,2,16,0.01,64,2000,True,plus,True,False,0.6368191234626046,0.6097560975609756,0.6288552268131133,0.6410256410256411,0.6310975609756098,1158.841463414634,,183.62400698661804,,482,16,65536,457b0468ba5f023a4a9f38816dbca0899481d04d,False
complete,synthetic,synthetic-eigengap__synthetic__trainable-frequency-ry__L2__lr0.01__bs64__seed17,results/runs/synthetic/synthetic-eigengap__synthetic__trainable-frequency-ry__L2__lr0.01__bs64__seed17_seed17,synthetic-eigengap,synthetic,trainable-frequency-ry,2,17,0.01,64,2000,True,plus,True,False,0.6471840976440855,0.6158536585365854,0.6321667567122422,0.6398046398046398,0.6310975609756098,1168.2926829268292,,182.90190196037292,,482,16,65536,457b0468ba5f023a4a9f38816dbca0899481d04d,False
complete,synthetic,synthetic-eigengap__synthetic__trainable-frequency-ry__L2__lr0.01__bs64__seed18,results/runs/synthetic/synthetic-eigengap__synthetic__trainable-frequency-ry__L2__lr0.01__bs64__seed18_seed18,synthetic-eigengap,synthetic,trainable-frequency-ry,2,18,0.01,64,2000,True,plus,True,False,0.6415080830309214,0.6097560975609756,0.6286607380866704,0.6349206349206349,0.6341463414634146,1175.9146341463415,,184.28251266479492,,482,16,65536,457b0468ba5f023a4a9f38816dbca0899481d04d,False
complete,synthetic,synthetic-eigengap__synthetic__trainable-frequency-ry__L2__lr0.01__bs64__seed19,results/runs/synthetic/synthetic-eigengap__synthetic__trainable-frequency-ry__L2__lr0.01__bs64__seed19_seed19,synthetic-eigengap,synthetic,trainable-frequency-ry,2,19,0.01,64,2000,True,plus,True,False,0.640275996632874,0.6128048780487805,0.6267673063971813,0.652014652014652,0.6280487804878049,1166.310975609756,,184.27735042572021,,482,16,65536,457b0468ba5f023a4a9f38816dbca0899481d04d,False
complete,synthetic,synthetic-eigengap__synthetic__trainable-frequency-ry__L2__lr0.01__bs64__seed1,results/runs/synthetic/synthetic-eigengap__synthetic__trainable-frequency-ry__L2__lr0.01__bs64__seed1_seed1,synthetic-eigengap,synthetic,trainable-frequency-ry,2,1,0.01,64,2000,True,plus,True,False,0.643423189229861,0.6158536585365854,0.6301451196928958,0.6471306471306472,0.625,1161.4329268292684,,184.22545766830444,,482,16,65536,457b0468ba5f023a4a9f38816dbca0899481d04d,False
complete,synthetic,synthetic-eigengap__synthetic__trainable-frequency-ry__L2__lr0.01__bs64__seed2,results/runs/synthetic/synthetic-eigengap__synthetic__trainable-frequency-ry__L2__lr0.01__bs64__seed2_seed2,synthetic-eigengap,synthetic,trainable-frequency-ry,2,2,0.01,64,2000,True,plus,True,False,0.6395968107180078,0.6097560975609756,0.6308285676157224,0.6544566544566545,0.6341463414634146,1179.420731707317,,182.78607535362244,,482,16,65536,457b0468ba5f023a4a9f38816dbca0899481d04d,False
complete,synthetic,synthetic-eigengap__synthetic__trainable-frequency-ry__L2__lr0.01__bs64__seed3,results/runs/synthetic/synthetic-eigengap__synthetic__trainable-frequency-ry__L2__lr0.01__bs64__seed3_seed3,synthetic-eigengap,synthetic,trainable-frequency-ry,2,3,0.01,64,2000,True,plus,True,False,0.6379069971775184,0.600609756097561,0.6261418449452423,0.6324786324786325,0.6371951219512195,1173.3231707317073,,183.34732031822205,,482,16,65536,457b0468ba5f023a4a9f38816dbca0899481d04d,False
complete,synthetic,synthetic-eigengap__synthetic__trainable-frequency-ry__L2__lr0.01__bs64__seed4,results/runs/synthetic/synthetic-eigengap__synthetic__trainable-frequency-ry__L2__lr0.01__bs64__seed4_seed4,synthetic-eigengap,synthetic,trainable-frequency-ry,2,4,0.01,64,2000,True,plus,True,False,0.6343229794372691,0.6097560975609756,0.6292234462172311,0.6398046398046398,0.6280487804878049,1170.121951219512,,183.67047667503357,,482,16,65536,457b0468ba5f023a4a9f38816dbca0899481d04d,False
complete,synthetic,synthetic-eigengap__synthetic__trainable-frequency-ry__L2__lr0.01__bs64__seed5,results/runs/synthetic/synthetic-eigengap__synthetic__trainable-frequency-ry__L2__lr0.01__bs64__seed5_seed5,synthetic-eigengap,synthetic,trainable-frequency-ry,2,5,0.01,64,2000,True,plus,True,False,0.6376203846354704,0.6036585365853658,0.6270620536382405,0.6495726495726496,0.6341463414634146,1168.9024390243903,,183.54497814178467,,482,16,65536,457b0468ba5f023a4a9f38816dbca0899481d04d,False
complete,synthetic,synthetic-eigengap__synthetic__trainable-frequency-ry__L2__lr0.01__bs64__seed6,results/runs/synthetic/synthetic-eigengap__synthetic__trainable-frequency-ry__L2__lr0.01__bs64__seed6_seed6,synthetic-eigengap,synthetic,trainable-frequency-ry,2,6,0.01,64,2000,True,plus,True,False,0.6387480376103275,0.6158536585365854,0.6226168289203615,0.6471306471306472,0.6219512195121951,1164.0243902439024,,183.45876693725586,,482,16,65536,457b0468ba5f023a4a9f38816dbca0899481d04d,False
complete,synthetic,synthetic-eigengap__synthetic__trainable-frequency-ry__L2__lr0.01__bs64__seed7,results/runs/synthetic/synthetic-eigengap__synthetic__trainable-frequency-ry__L2__lr0.01__bs64__seed7_seed7,synthetic-eigengap,synthetic,trainable-frequency-ry,2,7,0.01,64,2000,True,plus,True,False,0.6379575967855399,0.6189024390243902,0.6301132152264038,0.6275946275946276,0.6341463414634146,1173.9329268292684,,183.92618227005005,,482,16,65536,457b0468ba5f023a4a9f38816dbca0899481d04d,False
complete,synthetic,synthetic-eigengap__synthetic__trainable-frequency-ry__L2__lr0.01__bs64__seed8,results/runs/synthetic/synthetic-eigengap__synthetic__trainable-frequency-ry__L2__lr0.01__bs64__seed8_seed8,synthetic-eigengap,synthetic,trainable-frequency-ry,2,8,0.01,64,2000,True,plus,True,False,0.6444082034944656,0.625,0.6237484514612466,0.645909645909646,0.6310975609756098,1171.798780487805,,184.4667477607727,,482,16,65536,457b0468ba5f023a4a9f38816dbca0899481d04d,False
complete,synthetic,synthetic-eigengap__synthetic__trainable-frequency-ry__L2__lr0.01__bs64__seed9,results/runs/synthetic/synthetic-eigengap__synthetic__trainable-frequency-ry__L2__lr0.01__bs64__seed9_seed9,synthetic-eigengap,synthetic,trainable-frequency-ry,2,9,0.01,64,2000,True,plus,True,False,0.6567396122614917,0.6128048780487805,0.6403287826619428,0.6398046398046398,0.6280487804878049,1162.34756097561,,184.2634539604187,,482,16,65536,457b0468ba5f023a4a9f38816dbca0899481d04d,False
complete,synthetic,synthetic-eigengap__synthetic__trainable-frequency-ry__L32__lr0.01__bs64__seed0,results/runs/synthetic/synthetic-eigengap__synthetic__trainable-frequency-ry__L32__lr0.01__bs64__seed0_seed0,synthetic-eigengap,synthetic,trainable-frequency-ry,32,0,0.01,64,2000,True,plus,True,False,0.5817874936245114,0.7103658536585366,0.6002183032574604,0.6568986568986569,0.7103658536585366,1208.3841463414635,,3028.2117261886597,,7712,16,65536,457b0468ba5f023a4a9f38816dbca0899481d04d,False
complete,synthetic,synthetic-eigengap__synthetic__trainable-frequency-ry__L32__lr0.01__bs64__seed10,results/runs/synthetic/synthetic-eigengap__synthetic__trainable-frequency-ry__L32__lr0.01__bs64__seed10_seed10,synthetic-eigengap,synthetic,trainable-frequency-ry,32,10,0.01,64,2000,True,plus,True,False,0.6005284118347715,0.6920731707317073,0.6050474668583116,0.6617826617826618,0.6920731707317073,1209.1463414634147,,3074.2574191093445,,7712,16,65536,457b0468ba5f023a4a9f38816dbca0899481d04d,False
complete,synthetic,synthetic-eigengap__synthetic__trainable-frequency-ry__L32__lr0.01__bs64__seed11,results/runs/synthetic/synthetic-eigengap__synthetic__trainable-frequency-ry__L32__lr0.01__bs64__seed11_seed11,synthetic-eigengap,synthetic,trainable-frequency-ry,32,11,0.01,64,2000,True,plus,True,False,0.5797671615957559,0.6920731707317073,0.5958218599572243,0.673992673992674,0.7073170731707317,1224.2378048780488,,3070.35485124588,,7712,16,65536,457b0468ba5f023a4a9f38816dbca0899481d04d,False
complete,synthetic,synthetic-eigengap__synthetic__trainable-frequency-ry__L32__lr0.01__bs64__seed12,results/runs/synthetic/synthetic-eigengap__synthetic__trainable-frequency-ry__L32__lr0.01__bs64__seed12_seed12,synthetic-eigengap,synthetic,trainable-frequency-ry,32,12,0.01,64,2000,True,plus,True,False,0.5833360162691003,0.6829268292682927,0.5874566731287707,0.6666666666666666,0.698170731707317,1226.371951219512,,3073.2471454143524,,7712,16,65536,457b0468ba5f023a4a9f38816dbca0899481d04d,False
complete,synthetic,synthetic-eigengap__synthetic__trainable-frequency-ry__L32__lr0.01__bs64__seed13,results/runs/synthetic/synthetic-eigengap__synthetic__trainable-frequency-ry__L32__lr0.01__bs64__seed13_seed13,synthetic-eigengap,synthetic,trainable-frequency-ry,32,13,0.01,64,2000,True,plus,True,False,0.5855031194691365,0.6951219512195121,0.5802081608152942,0.6813186813186813,0.7012195121951219,1208.0792682926829,,3072.9266307353973,,7712,16,65536,457b0468ba5f023a4a9f38816dbca0899481d04d,False
complete,synthetic,synthetic-eigengap__synthetic__trainable-frequency-ry__L32__lr0.01__bs64__seed14,results/runs/synthetic/synthetic-eigengap__synthetic__trainable-frequency-ry__L32__lr0.01__bs64__seed14_seed14,synthetic-eigengap,synthetic,trainable-frequency-ry,32,14,0.01,64,2000,True,plus,True,False,0.5810606330629269,0.6554878048780488,0.5750855945168677,0.6825396825396826,0.6920731707317073,1202.5914634146343,,3070.5264146327972,,7712,16,65536,457b0468ba5f023a4a9f38816dbca0899481d04d,False
complete,synthetic,synthetic-eigengap__synthetic__trainable-frequency-ry__L32__lr0.01__bs64__seed15,results/runs/synthetic/synthetic-eigengap__synthetic__trainable-frequency-ry__L32__lr0.01__bs64__seed15_seed15,synthetic-eigengap,synthetic,trainable-frequency-ry,32,15,0.01,64,2000,True,plus,True,False,0.5801552144194633,0.7042682926829268,0.5890029617099687,0.663003663003663,0.7103658536585366,1220.2743902439024,,3072.3761129379272,,7712,16,65536,457b0468ba5f023a4a9f38816dbca0899481d04d,False
complete,synthetic,synthetic-eigengap__synthetic__trainable-frequency-ry__L32__lr0.01__bs64__seed16,results/runs/synthetic/synthetic-eigengap__synthetic__trainable-frequency-ry__L32__lr0.01__bs64__seed16_seed16,synthetic-eigengap,synthetic,trainable-frequency-ry,32,16,0.01,64,2000,True,plus,True,False,0.5819013553995547,0.6920731707317073,0.5957463734798951,0.673992673992674,0.6920731707317073,1180.7926829268292,,3072.4728870391846,,7712,16,65536,457b0468ba5f023a4a9f38816dbca0899481d04d,False
complete,synthetic,synthetic-eigengap__synthetic__trainable-frequency-ry__L32__lr0.01__bs64__seed17,results/runs/synthetic/synthetic-eigengap__synthetic__trainable-frequency-ry__L32__lr0.01__bs64__seed17_seed17,synthetic-eigengap,synthetic,trainable-frequency-ry,32,17,0.01,64,2000,True,plus,True,False,0.6053811149546113,0.6676829268292683,0.6176044289584498,0.6654456654456654,0.676829268292683,1199.390243902439,,3072.4731044769287,,7712,16,65536,457b0468ba5f023a4a9f38816dbca0899481d04d,False
complete,synthetic,synthetic-eigengap__synthetic__trainable-frequency-ry__L32__lr0.01__bs64__seed18,results/runs/synthetic/synthetic-eigengap__synthetic__trainable-frequency-ry__L32__lr0.01__bs64__seed18_seed18,synthetic-eigengap,synthetic,trainable-frequency-ry,32,18,0.01,64,2000,True,plus,True,False,0.5779423458445895,0.7012195121951219,0.5892460544871226,0.6666666666666666,0.7012195121951219,1234.146341463415,,3065.9179759025574,,7712,16,65536,457b0468ba5f023a4a9f38816dbca0899481d04d,False
complete,synthetic,synthetic-eigengap__synthetic__trainable-frequency-ry__L32__lr0.01__bs64__seed19,results/runs/synthetic/synthetic-eigengap__synthetic__trainable-frequency-ry__L32__lr0.01__bs64__seed19_seed19,synthetic-eigengap,synthetic,trainable-frequency-ry,32,19,0.01,64,2000,True,plus,True,False,0.5780999438029798,0.7012195121951219,0.5902516965604276,0.6654456654456654,0.7103658536585366,1218.59756097561,,3067.1990587711334,,7712,16,65536,457b0468ba5f023a4a9f38816dbca0899481d04d,False
complete,synthetic,synthetic-eigengap__synthetic__trainable-frequency-ry__L32__lr0.01__bs64__seed1,results/runs/synthetic/synthetic-eigengap__synthetic__trainable-frequency-ry__L32__lr0.01__bs64__seed1_seed1,synthetic-eigengap,synthetic,trainable-frequency-ry,32,1,0.01,64,2000,True,plus,True,False,0.5772166264683736,0.7225609756097561,0.5763277436590368,0.706959706959707,0.7225609756097561,1242.8353658536587,,3080.378844499588,,7712,16,65536,5d760ef42d71a06acce4efdc9ed931be057f16a6,False
complete,synthetic,synthetic-eigengap__synthetic__trainable-frequency-ry__L32__lr0.01__bs64__seed2,results/runs/synthetic/synthetic-eigengap__synthetic__trainable-frequency-ry__L32__lr0.01__bs64__seed2_seed2,synthetic-eigengap,synthetic,trainable-frequency-ry,32,2,0.01,64,2000,True,plus,True,False,0.5789676481550301,0.6798780487804879,0.5856629150090294,0.6971916971916972,0.7164634146341463,1210.6707317073171,,3069.773361682892,,7712,16,65536,457b0468ba5f023a4a9f38816dbca0899481d04d,False
complete,synthetic,synthetic-eigengap__synthetic__trainable-frequency-ry__L32__lr0.01__bs64__seed3,results/runs/synthetic/synthetic-eigengap__synthetic__trainable-frequency-ry__L32__lr0.01__bs64__seed3_seed3,synthetic-eigengap,synthetic,trainable-frequency-ry,32,3,0.01,64,2000,True,plus,True,False,0.5771764265166165,0.7042682926829268,0.5861042653715557,0.6691086691086691,0.7134146341463414,1219.0548780487802,,3063.5573301315308,,7712,16,65536,457b0468ba5f023a4a9f38816dbca0899481d04d,False
complete,synthetic,synthetic-eigengap__synthetic__trainable-frequency-ry__L32__lr0.01__bs64__seed4,results/runs/synthetic/synthetic-eigengap__synthetic__trainable-frequency-ry__L32__lr0.01__bs64__seed4_seed4,synthetic-eigengap,synthetic,trainable-frequency-ry,32,4,0.01,64,2000,True,plus,True,False,0.5973024053210816,0.6829268292682927,0.5969188630413883,0.6666666666666666,0.7012195121951219,1217.2256097560976,,3070.109086036682,,7712,16,65536,457b0468ba5f023a4a9f38816dbca0899481d04d,False
complete,synthetic,synthetic-eigengap__synthetic__trainable-frequency-ry__L32__lr0.01__bs64__seed5,results/runs/synthetic/synthetic-eigengap__synthetic__trainable-frequency-ry__L32__lr0.01__bs64__seed5_seed5,synthetic-eigengap,synthetic,trainable-frequency-ry,32,5,0.01,64,2000,True,plus,True,False,0.5832206686122665,0.6920731707317073,0.5889831834417648,0.6776556776556777,0.7042682926829268,1212.0426829268295,,3132.9710216522217,,7712,16,65536,5d760ef42d71a06acce4efdc9ed931be057f16a6,False
complete,synthetic,synthetic-eigengap__synthetic__trainable-frequency-ry__L32__lr0.01__bs64__seed6,results/runs/synthetic/synthetic-eigengap__synthetic__trainable-frequency-ry__L32__lr0.01__bs64__seed6_seed6,synthetic-eigengap,synthetic,trainable-frequency-ry,32,6,0.01,64,2000,True,plus,True,False,0.6036914463769056,0.676829268292683,0.6075471125328605,0.6593406593406593,0.7164634146341463,1248.4756097560976,,3068.039788246155,,7712,16,65536,457b0468ba5f023a4a9f38816dbca0899481d04d,False
complete,synthetic,synthetic-eigengap__synthetic__trainable-frequency-ry__L32__lr0.01__bs64__seed7,results/runs/synthetic/synthetic-eigengap__synthetic__trainable-frequency-ry__L32__lr0.01__bs64__seed7_seed7,synthetic-eigengap,synthetic,trainable-frequency-ry,32,7,0.01,64,2000,True,plus,True,False,0.5837964309069693,0.676829268292683,0.5932770494240026,0.673992673992674,0.676829268292683,1198.1707317073171,,3078.9963643550873,,7712,16,65536,457b0468ba5f023a4a9f38816dbca0899481d04d,False
complete,synthetic,synthetic-eigengap__synthetic__trainable-frequency-ry__L32__lr0.01__bs64__seed8,results/runs/synthetic/synthetic-eigengap__synthetic__trainable-frequency-ry__L32__lr0.01__bs64__seed8_seed8,synthetic-eigengap,synthetic,trainable-frequency-ry,32,8,0.01,64,2000,True,plus,True,False,0.5834515052646264,0.698170731707317,0.587375800791753,0.6813186813186813,0.698170731707317,1237.34756097561,,3073.244837999344,,7712,16,65536,457b0468ba5f023a4a9f38816dbca0899481d04d,False
complete,synthetic,synthetic-eigengap__synthetic__trainable-frequency-ry__L32__lr0.01__bs64__seed9,results/runs/synthetic/synthetic-eigengap__synthetic__trainable-frequency-ry__L32__lr0.01__bs64__seed9_seed9,synthetic-eigengap,synthetic,trainable-frequency-ry,32,9,0.01,64,2000,True,plus,True,False,0.5833932405738987,0.6890243902439024,0.5861035929580551,0.6947496947496947,0.7103658536585366,1217.530487804878,,3072.920299768448,,7712,16,65536,457b0468ba5f023a4a9f38816dbca0899481d04d,False
complete,synthetic,synthetic-eigengap__synthetic__trainable-frequency-ry__L4__lr0.01__bs64__seed0,results/runs/synthetic/synthetic-eigengap__synthetic__trainable-frequency-ry__L4__lr0.01__bs64__seed0_seed0,synthetic-eigengap,synthetic,trainable-frequency-ry,4,0,0.01,64,2000,True,plus,True,False,0.5929100419890518,0.6707317073170732,0.5912335108264458,0.6800976800976801,0.6890243902439024,1261.7378048780488,,365.607967376709,,964,16,65536,457b0468ba5f023a4a9f38816dbca0899481d04d,False
complete,synthetic,synthetic-eigengap__synthetic__trainable-frequency-ry__L4__lr0.01__bs64__seed10,results/runs/synthetic/synthetic-eigengap__synthetic__trainable-frequency-ry__L4__lr0.01__bs64__seed10_seed10,synthetic-eigengap,synthetic,trainable-frequency-ry,4,10,0.01,64,2000,True,plus,True,False,0.5813701610317059,0.7073170731707317,0.5805722637977497,0.6752136752136753,0.7073170731707317,1267.8353658536585,,364.92410230636597,,964,16,65536,5d760ef42d71a06acce4efdc9ed931be057f16a6,False
complete,synthetic,synthetic-eigengap__synthetic__trainable-frequency-ry__L4__lr0.01__bs64__seed11,results/runs/synthetic/synthetic-eigengap__synthetic__trainable-frequency-ry__L4__lr0.01__bs64__seed11_seed11,synthetic-eigengap,synthetic,trainable-frequency-ry,4,11,0.01,64,2000,True,plus,True,False,0.5687460106810855,0.7012195121951219,0.5790252838237953,0.684981684981685,0.7134146341463414,1280.7926829268295,,363.0419673919678,,964,16,65536,5d760ef42d71a06acce4efdc9ed931be057f16a6,False
complete,synthetic,synthetic-eigengap__synthetic__trainable-frequency-ry__L4__lr0.01__bs64__seed12,results/runs/synthetic/synthetic-eigengap__synthetic__trainable-frequency-ry__L4__lr0.01__bs64__seed12_seed12,synthetic-eigengap,synthetic,trainable-frequency-ry,4,12,0.01,64,2000,True,plus,True,False,0.5961401342097172,0.6829268292682927,0.5912272836924533,0.6703296703296703,0.6920731707317073,1254.4207317073174,,364.51148986816406,,964,16,65536,5d760ef42d71a06acce4efdc9ed931be057f16a6,False
complete,synthetic,synthetic-eigengap__synthetic__trainable-frequency-ry__L4__lr0.01__bs64__seed13,results/runs/synthetic/synthetic-eigengap__synthetic__trainable-frequency-ry__L4__lr0.01__bs64__seed13_seed13,synthetic-eigengap,synthetic,trainable-frequency-ry,4,13,0.01,64,2000,True,plus,True,False,0.5949557529761377,0.6646341463414634,0.5890740989974254,0.6727716727716728,0.7225609756097561,1289.7865853658539,,362.70347690582275,,964,16,65536,5d760ef42d71a06acce4efdc9ed931be057f16a6,False
complete,synthetic,synthetic-eigengap__synthetic__trainable-frequency-ry__L4__lr0.01__bs64__seed14,results/runs/synthetic/synthetic-eigengap__synthetic__trainable-frequency-ry__L4__lr0.01__bs64__seed14_seed14,synthetic-eigengap,synthetic,trainable-frequency-ry,4,14,0.01,64,2000,True,plus,True,False,0.5909572158141616,0.6737804878048781,0.5935808826905069,0.6703296703296703,0.6859756097560976,1269.9695121951222,,365.03949761390686,,964,16,65536,5d760ef42d71a06acce4efdc9ed931be057f16a6,False
complete,synthetic,synthetic-eigengap__synthetic__trainable-frequency-ry__L4__lr0.01__bs64__seed15,results/runs/synthetic/synthetic-eigengap__synthetic__trainable-frequency-ry__L4__lr0.01__bs64__seed15_seed15,synthetic-eigengap,synthetic,trainable-frequency-ry,4,15,0.01,64,2000,True,plus,True,False,0.5868586479904002,0.6890243902439024,0.5860331986274558,0.6776556776556777,0.6951219512195121,1260.9756097560974,,365.4054431915283,,964,16,65536,5d760ef42d71a06acce4efdc9ed931be057f16a6,False
complete,synthetic,synthetic-eigengap__synthetic__trainable-frequency-ry__L4__lr0.01__bs64__seed16,results/runs/synthetic/synthetic-eigengap__synthetic__trainable-frequency-ry__L4__lr0.01__bs64__seed16_seed16,synthetic-eigengap,synthetic,trainable-frequency-ry,4,16,0.01,64,2000,True,plus,True,False,0.5772442263740528,0.6859756097560976,0.5909509855739578,0.6605616605616605,0.7195121951219512,1285.6707317073167,,369.6677792072296,,964,16,65536,5d760ef42d71a06acce4efdc9ed931be057f16a6,False
complete,synthetic,synthetic-eigengap__synthetic__trainable-frequency-ry__L4__lr0.01__bs64__seed17,results/runs/synthetic/synthetic-eigengap__synthetic__trainable-frequency-ry__L4__lr0.01__bs64__seed17_seed17,synthetic-eigengap,synthetic,trainable-frequency-ry,4,17,0.01,64,2000,True,plus,True,False,0.5899326952811993,0.6829268292682927,0.5745588393835046,0.6874236874236874,0.6890243902439024,1255.1829268292684,,464.3024377822876,,964,16,65536,5d760ef42d71a06acce4efdc9ed931be057f16a6,False
complete,synthetic,synthetic-eigengap__synthetic__trainable-frequency-ry__L4__lr0.01__bs64__seed18,results/runs/synthetic/synthetic-eigengap__synthetic__trainable-frequency-ry__L4__lr0.01__bs64__seed18_seed18,synthetic-eigengap,synthetic,trainable-frequency-ry,4,18,0.01,64,2000,True,plus,True,False,0.5873094372243498,0.6737804878048781,0.5914438669684995,0.6556776556776557,0.6920731707317073,1254.1158536585367,,449.54808950424194,,964,16,65536,5d760ef42d71a06acce4efdc9ed931be057f16a6,False
complete,synthetic,synthetic-eigengap__synthetic__trainable-frequency-ry__L4__lr0.01__bs64__seed19,results/runs/synthetic/synthetic-eigengap__synthetic__trainable-frequency-ry__L4__lr0.01__bs64__seed19_seed19,synthetic-eigengap,synthetic,trainable-frequency-ry,4,19,0.01,64,2000,True,plus,True,False,0.5950656581719034,0.7012195121951219,0.5979106861542008,0.6691086691086691,0.7012195121951219,1269.6646341463415,,447.1458203792572,,964,16,65536,5d760ef42d71a06acce4efdc9ed931be057f16a6,False
complete,synthetic,synthetic-eigengap__synthetic__trainable-frequency-ry__L4__lr0.01__bs64__seed1,results/runs/synthetic/synthetic-eigengap__synthetic__trainable-frequency-ry__L4__lr0.01__bs64__seed1_seed1,synthetic-eigengap,synthetic,trainable-frequency-ry,4,1,0.01,64,2000,True,plus,True,False,0.589998923707351,0.7012195121951219,0.5921020405029438,0.6715506715506715,0.7073170731707317,1271.6463414634145,,363.677001953125,,964,16,65536,5d760ef42d71a06acce4efdc9ed931be057f16a6,False
complete,synthetic,synthetic-eigengap__synthetic__trainable-frequency-ry__L4__lr0.01__bs64__seed2,results/runs/synthetic/synthetic-eigengap__synthetic__trainable-frequency-ry__L4__lr0.01__bs64__seed2_seed2,synthetic-eigengap,synthetic,trainable-frequency-ry,4,2,0.01,64,2000,True,plus,True,False,0.5770050638003166,0.698170731707317,0.5855327072932427,0.6910866910866911,0.7103658536585366,1281.707317073171,,459.4891083240509,,964,16,65536,5d760ef42d71a06acce4efdc9ed931be057f16a6,False
complete,synthetic,synthetic-eigengap__synthetic__trainable-frequency-ry__L4__lr0.01__bs64__seed3,results/runs/synthetic/synthetic-eigengap__synthetic__trainable-frequency-ry__L4__lr0.01__bs64__seed3_seed3,synthetic-eigengap,synthetic,trainable-frequency-ry,4,3,0.01,64,2000,True,plus,True,False,0.5970647026286402,0.6737804878048781,0.5993017532870438,0.652014652014652,0.6737804878048781,1236.5853658536587,,486.39172983169556,,964,16,65536,5d760ef42d71a06acce4efdc9ed931be057f16a6,False
complete,synthetic,synthetic-eigengap__synthetic__trainable-frequency-ry__L4__lr0.01__bs64__seed4,results/runs/synthetic/synthetic-eigengap__synthetic__trainable-frequency-ry__L4__lr0.01__bs64__seed4_seed4,synthetic-eigengap,synthetic,trainable-frequency-ry,4,4,0.01,64,2000,True,plus,True,False,0.6037457828246784,0.6646341463414634,0.5955022126220632,0.6752136752136753,0.7012195121951219,1252.2865853658536,,499.7185089588165,,964,16,65536,5d760ef42d71a06acce4efdc9ed931be057f16a6,False
complete,synthetic,synthetic-eigengap__synthetic__trainable-frequency-ry__L4__lr0.01__bs64__seed5,results/runs/synthetic/synthetic-eigengap__synthetic__trainable-frequency-ry__L4__lr0.01__bs64__seed5_seed5,synthetic-eigengap,synthetic,trainable-frequency-ry,4,5,0.01,64,2000,True,plus,True,False,0.5966594705775997,0.6646341463414634,0.5923638348678262,0.663003663003663,0.7195121951219512,1272.8658536585363,,496.150509595871,,964,16,65536,5d760ef42d71a06acce4efdc9ed931be057f16a6,False
complete,synthetic,synthetic-eigengap__synthetic__trainable-frequency-ry__L4__lr0.01__bs64__seed6,results/runs/synthetic/synthetic-eigengap__synthetic__trainable-frequency-ry__L4__lr0.01__bs64__seed6_seed6,synthetic-eigengap,synthetic,trainable-frequency-ry,4,6,0.01,64,2000,True,plus,True,False,0.5749139967892576,0.6798780487804879,0.5713199489862196,0.6825396825396826,0.6859756097560976,1258.5365853658536,,477.7373208999634,,964,16,65536,5d760ef42d71a06acce4efdc9ed931be057f16a6,False
complete,synthetic,synthetic-eigengap__synthetic__trainable-frequency-ry__L4__lr0.01__bs64__seed7,results/runs/synthetic/synthetic-eigengap__synthetic__trainable-frequency-ry__L4__lr0.01__bs64__seed7_seed7,synthetic-eigengap,synthetic,trainable-frequency-ry,4,7,0.01,64,2000,True,plus,True,False,0.5826646993734669,0.6951219512195121,0.5892142021528473,0.6715506715506715,0.7042682926829268,1285.8231707317075,,357.79910469055176,,964,16,65536,457b0468ba5f023a4a9f38816dbca0899481d04d,False
complete,synthetic,synthetic-eigengap__synthetic__trainable-frequency-ry__L4__lr0.01__bs64__seed8,results/runs/synthetic/synthetic-eigengap__synthetic__trainable-frequency-ry__L4__lr0.01__bs64__seed8_seed8,synthetic-eigengap,synthetic,trainable-frequency-ry,4,8,0.01,64,2000,True,plus,True,False,0.5879809574655416,0.6890243902439024,0.5982163400273877,0.6507936507936508,0.6951219512195121,1272.560975609756,,354.5805513858795,,964,16,65536,457b0468ba5f023a4a9f38816dbca0899481d04d,False
complete,synthetic,synthetic-eigengap__synthetic__trainable-frequency-ry__L4__lr0.01__bs64__seed9,results/runs/synthetic/synthetic-eigengap__synthetic__trainable-frequency-ry__L4__lr0.01__bs64__seed9_seed9,synthetic-eigengap,synthetic,trainable-frequency-ry,4,9,0.01,64,2000,True,plus,True,False,0.5829497893936539,0.6890243902439024,0.5771907307787774,0.7155067155067155,0.7073170731707317,1291.6158536585363,,357.8154966831207,,964,16,65536,457b0468ba5f023a4a9f38816dbca0899481d04d,False
complete,synthetic,synthetic-eigengap__synthetic__trainable-frequency-ry__L8__lr0.01__bs64__seed0,results/runs/synthetic/synthetic-eigengap__synthetic__trainable-frequency-ry__L8__lr0.01__bs64__seed0_seed0,synthetic-eigengap,synthetic,trainable-frequency-ry,8,0,0.01,64,2000,True,plus,True,False,0.572766964474266,0.7195121951219512,0.5930856454665345,0.6568986568986569,0.725609756097561,1298.3231707317073,,710.3577945232391,,1928,16,65536,457b0468ba5f023a4a9f38816dbca0899481d04d,False
complete,synthetic,synthetic-eigengap__synthetic__trainable-frequency-ry__L8__lr0.01__bs64__seed10,results/runs/synthetic/synthetic-eigengap__synthetic__trainable-frequency-ry__L8__lr0.01__bs64__seed10_seed10,synthetic-eigengap,synthetic,trainable-frequency-ry,8,10,0.01,64,2000,True,plus,True,False,0.593906683313897,0.676829268292683,0.5838910289495435,0.6898656898656899,0.7042682926829268,1256.707317073171,,709.5177233219147,,1928,16,65536,457b0468ba5f023a4a9f38816dbca0899481d04d,False
complete,synthetic,synthetic-eigengap__synthetic__trainable-frequency-ry__L8__lr0.01__bs64__seed11,results/runs/synthetic/synthetic-eigengap__synthetic__trainable-frequency-ry__L8__lr0.01__bs64__seed11_seed11,synthetic-eigengap,synthetic,trainable-frequency-ry,8,11,0.01,64,2000,True,plus,True,False,0.5541951701378038,0.725609756097561,0.5673536768476264,0.7118437118437119,0.725609756097561,1292.0731707317075,,710.4841725826263,,1928,16,65536,457b0468ba5f023a4a9f38816dbca0899481d04d,False
complete,synthetic,synthetic-eigengap__synthetic__trainable-frequency-ry__L8__lr0.01__bs64__seed12,results/runs/synthetic/synthetic-eigengap__synthetic__trainable-frequency-ry__L8__lr0.01__bs64__seed12_seed12,synthetic-eigengap,synthetic,trainable-frequency-ry,8,12,0.01,64,2000,True,plus,True,False,0.5781824281297011,0.6615853658536586,0.5852645343063116,0.6666666666666666,0.7042682926829268,1261.5853658536585,,714.9764099121094,,1928,16,65536,457b0468ba5f023a4a9f38816dbca0899481d04d,False
complete,synthetic,synthetic-eigengap__synthetic__trainable-frequency-ry__L8__lr0.01__bs64__seed13,results/runs/synthetic/synthetic-eigengap__synthetic__trainable-frequency-ry__L8__lr0.01__bs64__seed13_seed13,synthetic-eigengap,synthetic,trainable-frequency-ry,8,13,0.01,64,2000,True,plus,True,False,0.5666851338410941,0.6859756097560976,0.564484763722244,0.6971916971916972,0.7286585365853658,1290.2439024390244,,716.6722085475922,,1928,16,65536,457b0468ba5f023a4a9f38816dbca0899481d04d,False
complete,synthetic,synthetic-eigengap__synthetic__trainable-frequency-ry__L8__lr0.01__bs64__seed14,results/runs/synthetic/synthetic-eigengap__synthetic__trainable-frequency-ry__L8__lr0.01__bs64__seed14_seed14,synthetic-eigengap,synthetic,trainable-frequency-ry,8,14,0.01,64,2000,True,plus,True,False,0.5766499393635228,0.6859756097560976,0.574253407419882,0.6825396825396826,0.7073170731707317,1273.9329268292684,,707.3587012290955,,1928,16,65536,457b0468ba5f023a4a9f38816dbca0899481d04d,False
complete,synthetic,synthetic-eigengap__synthetic__trainable-frequency-ry__L8__lr0.01__bs64__seed15,results/runs/synthetic/synthetic-eigengap__synthetic__trainable-frequency-ry__L8__lr0.01__bs64__seed15_seed15,synthetic-eigengap,synthetic,trainable-frequency-ry,8,15,0.01,64,2000,True,plus,True,False,0.5749888856680463,0.6920731707317073,0.5781621223455405,0.6800976800976801,0.7164634146341463,1298.3231707317073,,714.8191859722137,,1928,16,65536,457b0468ba5f023a4a9f38816dbca0899481d04d,False
complete,synthetic,synthetic-eigengap__synthetic__trainable-frequency-ry__L8__lr0.01__bs64__seed16,results/runs/synthetic/synthetic-eigengap__synthetic__trainable-frequency-ry__L8__lr0.01__bs64__seed16_seed16,synthetic-eigengap,synthetic,trainable-frequency-ry,8,16,0.01,64,2000,True,plus,True,False,0.5722217312611032,0.7073170731707317,0.5833687626125327,0.6935286935286935,0.7286585365853658,1296.9512195121952,,712.3490917682648,,1928,16,65536,457b0468ba5f023a4a9f38816dbca0899481d04d,False
complete,synthetic,synthetic-eigengap__synthetic__trainable-frequency-ry__L8__lr0.01__bs64__seed17,results/runs/synthetic/synthetic-eigengap__synthetic__trainable-frequency-ry__L8__lr0.01__bs64__seed17_seed17,synthetic-eigengap,synthetic,trainable-frequency-ry,8,17,0.01,64,2000,True,plus,True,False,0.582369228480235,0.6798780487804879,0.5895284990221663,0.6703296703296703,0.6951219512195121,1259.7560975609756,,710.9861822128296,,1928,16,65536,457b0468ba5f023a4a9f38816dbca0899481d04d,False
complete,synthetic,synthetic-eigengap__synthetic__trainable-frequency-ry__L8__lr0.01__bs64__seed18,results/runs/synthetic/synthetic-eigengap__synthetic__trainable-frequency-ry__L8__lr0.01__bs64__seed18_seed18,synthetic-eigengap,synthetic,trainable-frequency-ry,8,18,0.01,64,2000,True,plus,True,False,0.571774559333587,0.6859756097560976,0.5845953663723611,0.6825396825396826,0.7073170731707317,1255.7926829268295,,710.5346043109894,,1928,16,65536,457b0468ba5f023a4a9f38816dbca0899481d04d,False
complete,synthetic,synthetic-eigengap__synthetic__trainable-frequency-ry__L8__lr0.01__bs64__seed19,results/runs/synthetic/synthetic-eigengap__synthetic__trainable-frequency-ry__L8__lr0.01__bs64__seed19_seed19,synthetic-eigengap,synthetic,trainable-frequency-ry,8,19,0.01,64,2000,True,plus,True,False,0.5948814859133713,0.6524390243902439,0.5987175107156386,0.6532356532356532,0.7012195121951219,1264.1768292682927,,711.5582604408264,,1928,16,65536,457b0468ba5f023a4a9f38816dbca0899481d04d,False
complete,synthetic,synthetic-eigengap__synthetic__trainable-frequency-ry__L8__lr0.01__bs64__seed1,results/runs/synthetic/synthetic-eigengap__synthetic__trainable-frequency-ry__L8__lr0.01__bs64__seed1_seed1,synthetic-eigengap,synthetic,trainable-frequency-ry,8,1,0.01,64,2000,True,plus,True,False,0.5646528811638643,0.698170731707317,0.5717065422875328,0.7032967032967034,0.7225609756097561,1294.9695121951222,,710.5626344680786,,1928,16,65536,457b0468ba5f023a4a9f38816dbca0899481d04d,False
complete,synthetic,synthetic-eigengap__synthetic__trainable-frequency-ry__L8__lr0.01__bs64__seed2,results/runs/synthetic/synthetic-eigengap__synthetic__trainable-frequency-ry__L8__lr0.01__bs64__seed2_seed2,synthetic-eigengap,synthetic,trainable-frequency-ry,8,2,0.01,64,2000,True,plus,True,False,0.551934062769387,0.7195121951219512,0.5702036620102225,0.6996336996336996,0.7408536585365854,1304.8780487804877,,710.3168528079987,,1928,16,65536,457b0468ba5f023a4a9f38816dbca0899481d04d,False
complete,synthetic,synthetic-eigengap__synthetic__trainable-frequency-ry__L8__lr0.01__bs64__seed3,results/runs/synthetic/synthetic-eigengap__synthetic__trainable-frequency-ry__L8__lr0.01__bs64__seed3_seed3,synthetic-eigengap,synthetic,trainable-frequency-ry,8,3,0.01,64,2000,True,plus,True,False,0.5742618662480385,0.7103658536585366,0.5795199661102283,0.6947496947496947,0.7134146341463414,1292.9878048780488,,712.4655153751373,,1928,16,65536,457b0468ba5f023a4a9f38816dbca0899481d04d,False
complete,synthetic,synthetic-eigengap__synthetic__trainable-frequency-ry__L8__lr0.01__bs64__seed4,results/runs/synthetic/synthetic-eigengap__synthetic__trainable-frequency-ry__L8__lr0.01__bs64__seed4_seed4,synthetic-eigengap,synthetic,trainable-frequency-ry,8,4,0.01,64,2000,True,plus,True,False,0.5715555688759342,0.6890243902439024,0.5868045164108047,0.6752136752136753,0.7103658536585366,1287.1951219512196,,710.3619747161865,,1928,16,65536,457b0468ba5f023a4a9f38816dbca0899481d04d,False
complete,synthetic,synthetic-eigengap__synthetic__trainable-frequency-ry__L8__lr0.01__bs64__seed5,results/runs/synthetic/synthetic-eigengap__synthetic__trainable-frequency-ry__L8__lr0.01__bs64__seed5_seed5,synthetic-eigengap,synthetic,trainable-frequency-ry,8,5,0.01,64,2000,True,plus,True,False,0.5785829139339945,0.6920731707317073,0.5904831441255295,0.6544566544566545,0.7286585365853658,1293.1402439024391,,711.2919762134552,,1928,16,65536,457b0468ba5f023a4a9f38816dbca0899481d04d,False
complete,synthetic,synthetic-eigengap__synthetic__trainable-frequency-ry__L8__lr0.01__bs64__seed6,results/runs/synthetic/synthetic-eigengap__synthetic__trainable-frequency-ry__L8__lr0.01__bs64__seed6_seed6,synthetic-eigengap,synthetic,trainable-frequency-ry,8,6,0.01,64,2000,True,plus,True,False,0.5752398797157457,0.7012195121951219,0.5792441887935943,0.6874236874236874,0.7042682926829268,1274.3902439024391,,712.0646977424622,,1928,16,65536,457b0468ba5f023a4a9f38816dbca0899481d04d,False
complete,synthetic,synthetic-eigengap__synthetic__trainable-frequency-ry__L8__lr0.01__bs64__seed7,results/runs/synthetic/synthetic-eigengap__synthetic__trainable-frequency-ry__L8__lr0.01__bs64__seed7_seed7,synthetic-eigengap,synthetic,trainable-frequency-ry,8,7,0.01,64,2000,True,plus,True,False,0.5762961113032756,0.6798780487804879,0.5815545940361485,0.6764346764346765,0.7073170731707317,1278.9634146341464,,714.2635319232941,,1928,16,65536,457b0468ba5f023a4a9f38816dbca0899481d04d,False
complete,synthetic,synthetic-eigengap__synthetic__trainable-frequency-ry__L8__lr0.01__bs64__seed8,results/runs/synthetic/synthetic-eigengap__synthetic__trainable-frequency-ry__L8__lr0.01__bs64__seed8_seed8,synthetic-eigengap,synthetic,trainable-frequency-ry,8,8,0.01,64,2000,True,plus,True,False,0.5815397427178659,0.6859756097560976,0.58480515171942,0.6862026862026862,0.7134146341463414,1270.8841463414635,,712.757482290268,,1928,16,65536,457b0468ba5f023a4a9f38816dbca0899481d04d,False
complete,synthetic,synthetic-eigengap__synthetic__trainable-frequency-ry__L8__lr0.01__bs64__seed9,results/runs/synthetic/synthetic-eigengap__synthetic__trainable-frequency-ry__L8__lr0.01__bs64__seed9_seed9,synthetic-eigengap,synthetic,trainable-frequency-ry,8,9,0.01,64,2000,True,plus,True,False,0.5777508228270131,0.7164634146341463,0.58999088812031,0.6862026862026862,0.7164634146341463,1286.128048780488,,710.9594004154205,,1928,16,65536,457b0468ba5f023a4a9f38816dbca0899481d04d,False
complete,synthetic,synthetic-eigengap__synthetic__trainable-patch-su4__L16__lr0.01__bs64__seed0,results/runs/synthetic/synthetic-eigengap__synthetic__trainable-patch-su4__L16__lr0.01__bs64__seed0_seed0,synthetic-eigengap,synthetic,trainable-patch-su4,16,0,0.01,64,2000,True,plus,True,False,0.6788472258438416,0.551829268292683,0.6530123335943149,0.575091575091575,0.5975609756097561,1060.6707317073171,,275.3650779724121,,5520,8,256,fe55492d59dea43f07862ecc1a80bebd9838d7fe,True
complete,synthetic,synthetic-eigengap__synthetic__trainable-patch-su4__L16__lr0.01__bs64__seed10,results/runs/synthetic/synthetic-eigengap__synthetic__trainable-patch-su4__L16__lr0.01__bs64__seed10_seed10,synthetic-eigengap,synthetic,trainable-patch-su4,16,10,0.01,64,2000,True,plus,True,False,0.6794552984138,0.551829268292683,0.6647294736392473,0.575091575091575,0.6036585365853658,1061.128048780488,,277.42539715766907,,5520,8,256,fe55492d59dea43f07862ecc1a80bebd9838d7fe,True
complete,synthetic,synthetic-eigengap__synthetic__trainable-patch-su4__L16__lr0.01__bs64__seed11,results/runs/synthetic/synthetic-eigengap__synthetic__trainable-patch-su4__L16__lr0.01__bs64__seed11_seed11,synthetic-eigengap,synthetic,trainable-patch-su4,16,11,0.01,64,2000,True,plus,True,False,0.6567851908225263,0.5609756097560976,0.6372051193624673,0.6227106227106227,0.6158536585365854,1070.4268292682927,,275.69795870780945,,5520,8,256,fe55492d59dea43f07862ecc1a80bebd9838d7fe,True
complete,synthetic,synthetic-eigengap__synthetic__trainable-patch-su4__L16__lr0.01__bs64__seed12,results/runs/synthetic/synthetic-eigengap__synthetic__trainable-patch-su4__L16__lr0.01__bs64__seed12_seed12,synthetic-eigengap,synthetic,trainable-patch-su4,16,12,0.01,64,2000,True,plus,True,False,0.6567604240593021,0.5792682926829268,0.6443245721174777,0.5885225885225885,0.6341463414634146,1088.7195121951218,,274.2113082408905,,5520,8,256,fe55492d59dea43f07862ecc1a80bebd9838d7fe,True
complete,synthetic,synthetic-eigengap__synthetic__trainable-patch-su4__L16__lr0.01__bs64__seed13,results/runs/synthetic/synthetic-eigengap__synthetic__trainable-patch-su4__L16__lr0.01__bs64__seed13_seed13,synthetic-eigengap,synthetic,trainable-patch-su4,16,13,0.01,64,2000,True,plus,True,False,0.6397864643354038,0.6219512195121951,0.6381200047269427,0.5958485958485958,0.6219512195121951,1078.8109756097563,,274.91812348365784,,5520,8,256,fe55492d59dea43f07862ecc1a80bebd9838d7fe,True
complete,synthetic,synthetic-eigengap__synthetic__trainable-patch-su4__L16__lr0.01__bs64__seed14,results/runs/synthetic/synthetic-eigengap__synthetic__trainable-patch-su4__L16__lr0.01__bs64__seed14_seed14,synthetic-eigengap,synthetic,trainable-patch-su4,16,14,0.01,64,2000,True,plus,True,False,0.6722308312469726,0.5304878048780488,0.6588379027958637,0.6007326007326007,0.6128048780487805,1073.3231707317075,,273.6655387878418,,5520,8,256,fe55492d59dea43f07862ecc1a80bebd9838d7fe,True
complete,synthetic,synthetic-eigengap__synthetic__trainable-patch-su4__L16__lr0.01__bs64__seed15,results/runs/synthetic/synthetic-eigengap__synthetic__trainable-patch-su4__L16__lr0.01__bs64__seed15_seed15,synthetic-eigengap,synthetic,trainable-patch-su4,16,15,0.01,64,2000,True,plus,True,False,0.6331745060646004,0.649390243902439,0.6626427622281426,0.57997557997558,0.649390243902439,1090.2439024390242,,272.69384932518005,,5520,8,256,fe55492d59dea43f07862ecc1a80bebd9838d7fe,True
complete,synthetic,synthetic-eigengap__synthetic__trainable-patch-su4__L16__lr0.01__bs64__seed16,results/runs/synthetic/synthetic-eigengap__synthetic__trainable-patch-su4__L16__lr0.01__bs64__seed16_seed16,synthetic-eigengap,synthetic,trainable-patch-su4,16,16,0.01,64,2000,True,plus,True,False,0.6610764774990205,0.5579268292682927,0.6634192241913923,0.5787545787545788,0.6128048780487805,1069.3597560975609,,276.7557020187378,,5520,8,256,fe55492d59dea43f07862ecc1a80bebd9838d7fe,True
complete,synthetic,synthetic-eigengap__synthetic__trainable-patch-su4__L16__lr0.01__bs64__seed17,results/runs/synthetic/synthetic-eigengap__synthetic__trainable-patch-su4__L16__lr0.01__bs64__seed17_seed17,synthetic-eigengap,synthetic,trainable-patch-su4,16,17,0.01,64,2000,True,plus,True,False,0.6774789862259953,0.5548780487804879,0.6741592269890992,0.5616605616605617,0.6097560975609756,1064.9390243902437,,274.08726358413696,,5520,8,256,fe55492d59dea43f07862ecc1a80bebd9838d7fe,True
complete,synthetic,synthetic-eigengap__synthetic__trainable-patch-su4__L16__lr0.01__bs64__seed18,results/runs/synthetic/synthetic-eigengap__synthetic__trainable-patch-su4__L16__lr0.01__bs64__seed18_seed18,synthetic-eigengap,synthetic,trainable-patch-su4,16,18,0.01,64,2000,True,plus,True,False,0.6620070445493271,0.5975609756097561,0.6735480041220719,0.5677655677655677,0.5975609756097561,1049.84756097561,,275.9607832431793,,5520,8,256,fe55492d59dea43f07862ecc1a80bebd9838d7fe,True
complete,synthetic,synthetic-eigengap__synthetic__trainable-patch-su4__L16__lr0.01__bs64__seed19,results/runs/synthetic/synthetic-eigengap__synthetic__trainable-patch-su4__L16__lr0.01__bs64__seed19_seed19,synthetic-eigengap,synthetic,trainable-patch-su4,16,19,0.01,64,2000,True,plus,True,False,0.6523950840878174,0.5975609756097561,0.6844619119528805,0.5531135531135531,0.6310975609756098,1076.8292682926829,,276.5983054637909,,5520,8,256,fe55492d59dea43f07862ecc1a80bebd9838d7fe,True
complete,synthetic,synthetic-eigengap__synthetic__trainable-patch-su4__L16__lr0.01__bs64__seed1,results/runs/synthetic/synthetic-eigengap__synthetic__trainable-patch-su4__L16__lr0.01__bs64__seed1_seed1,synthetic-eigengap,synthetic,trainable-patch-su4,16,1,0.01,64,2000,True,plus,True,False,0.6451143691171982,0.5975609756097561,0.6399616922142672,0.612942612942613,0.6189024390243902,1065.5487804878048,,276.7047562599182,,5520,8,256,fe55492d59dea43f07862ecc1a80bebd9838d7fe,True
complete,synthetic,synthetic-eigengap__synthetic__trainable-patch-su4__L16__lr0.01__bs64__seed2,results/runs/synthetic/synthetic-eigengap__synthetic__trainable-patch-su4__L16__lr0.01__bs64__seed2_seed2,synthetic-eigengap,synthetic,trainable-patch-su4,16,2,0.01,64,2000,True,plus,True,False,0.6397886974935448,0.6067073170731707,0.6578786327067354,0.5958485958485958,0.6189024390243902,1076.3719512195123,,274.4471929073334,,5520,8,256,fe55492d59dea43f07862ecc1a80bebd9838d7fe,True
complete,synthetic,synthetic-eigengap__synthetic__trainable-patch-su4__L16__lr0.01__bs64__seed3,results/runs/synthetic/synthetic-eigengap__synthetic__trainable-patch-su4__L16__lr0.01__bs64__seed3_seed3,synthetic-eigengap,synthetic,trainable-patch-su4,16,3,0.01,64,2000,True,plus,True,False,0.6639341510232323,0.5762195121951219,0.6378735382757459,0.6105006105006106,0.625,1034.1463414634147,,271.5192902088165,,5520,8,256,fe55492d59dea43f07862ecc1a80bebd9838d7fe,True
complete,synthetic,synthetic-eigengap__synthetic__trainable-patch-su4__L16__lr0.01__bs64__seed4,results/runs/synthetic/synthetic-eigengap__synthetic__trainable-patch-su4__L16__lr0.01__bs64__seed4_seed4,synthetic-eigengap,synthetic,trainable-patch-su4,16,4,0.01,64,2000,True,plus,True,False,0.6569414344808948,0.5914634146341463,0.6666159585155579,0.5787545787545788,0.5975609756097561,1066.0060975609756,,271.3743221759796,,5520,8,256,fe55492d59dea43f07862ecc1a80bebd9838d7fe,True
complete,synthetic,synthetic-eigengap__synthetic__trainable-patch-su4__L16__lr0.01__bs64__seed5,results/runs/synthetic/synthetic-eigengap__synthetic__trainable-patch-su4__L16__lr0.01__bs64__seed5_seed5,synthetic-eigengap,synthetic,trainable-patch-su4,16,5,0.01,64,2000,True,plus,True,False,0.6588852600909786,0.5945121951219512,0.6676388981198352,0.5921855921855922,0.6371951219512195,1071.9512195121954,,277.12326669692993,,5520,8,256,fe55492d59dea43f07862ecc1a80bebd9838d7fe,True
complete,synthetic,synthetic-eigengap__synthetic__trainable-patch-su4__L16__lr0.01__bs64__seed6,results/runs/synthetic/synthetic-eigengap__synthetic__trainable-patch-su4__L16__lr0.01__bs64__seed6_seed6,synthetic-eigengap,synthetic,trainable-patch-su4,16,6,0.01,64,2000,True,plus,True,False,0.6726679998687155,0.551829268292683,0.6579586798891374,0.5824175824175825,0.6158536585365854,1060.8231707317073,,275.24951553344727,,5520,8,256,fe55492d59dea43f07862ecc1a80bebd9838d7fe,True
complete,synthetic,synthetic-eigengap__synthetic__trainable-patch-su4__L16__lr0.01__bs64__seed7,results/runs/synthetic/synthetic-eigengap__synthetic__trainable-patch-su4__L16__lr0.01__bs64__seed7_seed7,synthetic-eigengap,synthetic,trainable-patch-su4,16,7,0.01,64,2000,True,plus,True,False,0.6475143741282112,0.6158536585365854,0.6540449245372968,0.6117216117216118,0.6158536585365854,1099.0853658536587,,276.54544496536255,,5520,8,256,fe55492d59dea43f07862ecc1a80bebd9838d7fe,True
complete,synthetic,synthetic-eigengap__synthetic__trainable-patch-su4__L16__lr0.01__bs64__seed8,results/runs/synthetic/synthetic-eigengap__synthetic__trainable-patch-su4__L16__lr0.01__bs64__seed8_seed8,synthetic-eigengap,synthetic,trainable-patch-su4,16,8,0.01,64,2000,True,plus,True,False,0.6587597974369459,0.5701219512195121,0.6604482201468599,0.5873015873015873,0.600609756097561,1065.3963414634147,,274.5670552253723,,5520,8,256,fe55492d59dea43f07862ecc1a80bebd9838d7fe,True
complete,synthetic,synthetic-eigengap__synthetic__trainable-patch-su4__L16__lr0.01__bs64__seed9,results/runs/synthetic/synthetic-eigengap__synthetic__trainable-patch-su4__L16__lr0.01__bs64__seed9_seed9,synthetic-eigengap,synthetic,trainable-patch-su4,16,9,0.01,64,2000,True,plus,True,False,0.6699672754734268,0.5701219512195121,0.6771920228168932,0.5653235653235653,0.6189024390243902,1081.7073170731705,,273.1816608905792,,5520,8,256,fe55492d59dea43f07862ecc1a80bebd9838d7fe,True
complete,synthetic,synthetic-eigengap__synthetic__trainable-patch-su4__L1__lr0.01__bs64__seed0,results/runs/synthetic/synthetic-eigengap__synthetic__trainable-patch-su4__L1__lr0.01__bs64__seed0_seed0,synthetic-eigengap,synthetic,trainable-patch-su4,1,0,0.01,64,2000,True,plus,True,False,0.6404109229273396,0.6463414634146342,0.6599817769753499,0.6153846153846154,0.6554878048780488,1205.9451219512198,,27.987943172454834,,345,8,256,fe55492d59dea43f07862ecc1a80bebd9838d7fe,False
complete,synthetic,synthetic-eigengap__synthetic__trainable-patch-su4__L1__lr0.01__bs64__seed10,results/runs/synthetic/synthetic-eigengap__synthetic__trainable-patch-su4__L1__lr0.01__bs64__seed10_seed10,synthetic-eigengap,synthetic,trainable-patch-su4,1,10,0.01,64,2000,True,plus,True,False,0.6385172063779845,0.6524390243902439,0.6576717313433558,0.6141636141636142,0.6646341463414634,1217.3780487804877,,27.976581573486328,,345,8,256,fe55492d59dea43f07862ecc1a80bebd9838d7fe,False
complete,synthetic,synthetic-eigengap__synthetic__trainable-patch-su4__L1__lr0.01__bs64__seed11,results/runs/synthetic/synthetic-eigengap__synthetic__trainable-patch-su4__L1__lr0.01__bs64__seed11_seed11,synthetic-eigengap,synthetic,trainable-patch-su4,1,11,0.01,64,2000,True,plus,True,False,0.6397933448435512,0.649390243902439,0.6553430885944447,0.6141636141636142,0.6585365853658537,1221.3414634146345,,29.833231925964355,,345,8,256,fe55492d59dea43f07862ecc1a80bebd9838d7fe,False
complete,synthetic,synthetic-eigengap__synthetic__trainable-patch-su4__L1__lr0.01__bs64__seed12,results/runs/synthetic/synthetic-eigengap__synthetic__trainable-patch-su4__L1__lr0.01__bs64__seed12_seed12,synthetic-eigengap,synthetic,trainable-patch-su4,1,12,0.01,64,2000,True,plus,True,False,0.6375508089819669,0.6402439024390244,0.6617631700566989,0.6019536019536019,0.6676829268292683,1221.0365853658536,,28.53869128227234,,345,8,256,fe55492d59dea43f07862ecc1a80bebd9838d7fe,False
complete,synthetic,synthetic-eigengap__synthetic__trainable-patch-su4__L1__lr0.01__bs64__seed13,results/runs/synthetic/synthetic-eigengap__synthetic__trainable-patch-su4__L1__lr0.01__bs64__seed13_seed13,synthetic-eigengap,synthetic,trainable-patch-su4,1,13,0.01,64,2000,True,plus,True,False,0.6409411891840395,0.6371951219512195,0.6620111872033153,0.6202686202686203,0.6615853658536586,1210.8231707317075,,28.371415615081787,,345,8,256,fe55492d59dea43f07862ecc1a80bebd9838d7fe,False
complete,synthetic,synthetic-eigengap__synthetic__trainable-patch-su4__L1__lr0.01__bs64__seed14,results/runs/synthetic/synthetic-eigengap__synthetic__trainable-patch-su4__L1__lr0.01__bs64__seed14_seed14,synthetic-eigengap,synthetic,trainable-patch-su4,1,14,0.01,64,2000,True,plus,True,False,0.6366624665660015,0.6402439024390244,0.6640613629934793,0.608058608058608,0.6707317073170732,1214.1768292682927,,28.978039503097534,,345,8,256,fe55492d59dea43f07862ecc1a80bebd9838d7fe,False
complete,synthetic,synthetic-eigengap__synthetic__trainable-patch-su4__L1__lr0.01__bs64__seed15,results/runs/synthetic/synthetic-eigengap__synthetic__trainable-patch-su4__L1__lr0.01__bs64__seed15_seed15,synthetic-eigengap,synthetic,trainable-patch-su4,1,15,0.01,64,2000,True,plus,True,False,0.6376109795572155,0.649390243902439,0.6581371617909493,0.608058608058608,0.6646341463414634,1223.018292682927,,28.27741551399231,,345,8,256,fe55492d59dea43f07862ecc1a80bebd9838d7fe,False
complete,synthetic,synthetic-eigengap__synthetic__trainable-patch-su4__L1__lr0.01__bs64__seed16,results/runs/synthetic/synthetic-eigengap__synthetic__trainable-patch-su4__L1__lr0.01__bs64__seed16_seed16,synthetic-eigengap,synthetic,trainable-patch-su4,1,16,0.01,64,2000,True,plus,True,False,0.6353512336860556,0.6676829268292683,0.6536012113895363,0.612942612942613,0.6676829268292683,1214.1768292682925,,29.514455318450928,,345,8,256,fe55492d59dea43f07862ecc1a80bebd9838d7fe,False
complete,synthetic,synthetic-eigengap__synthetic__trainable-patch-su4__L1__lr0.01__bs64__seed17,results/runs/synthetic/synthetic-eigengap__synthetic__trainable-patch-su4__L1__lr0.01__bs64__seed17_seed17,synthetic-eigengap,synthetic,trainable-patch-su4,1,17,0.01,64,2000,True,plus,True,False,0.6448991986915537,0.6646341463414634,0.6524743387833997,0.6214896214896215,0.6646341463414634,1220.7317073170732,,28.394835233688354,,345,8,256,fe55492d59dea43f07862ecc1a80bebd9838d7fe,False
complete,synthetic,synthetic-eigengap__synthetic__trainable-patch-su4__L1__lr0.01__bs64__seed18,results/runs/synthetic/synthetic-eigengap__synthetic__trainable-patch-su4__L1__lr0.01__bs64__seed18_seed18,synthetic-eigengap,synthetic,trainable-patch-su4,1,18,0.01,64,2000,True,plus,True,False,0.6429736235679429,0.6402439024390244,0.6599782005172286,0.6349206349206349,0.6585365853658537,1210.6707317073171,,28.17198610305786,,345,8,256,fe55492d59dea43f07862ecc1a80bebd9838d7fe,False
complete,synthetic,synthetic-eigengap__synthetic__trainable-patch-su4__L1__lr0.01__bs64__seed19,results/runs/synthetic/synthetic-eigengap__synthetic__trainable-patch-su4__L1__lr0.01__bs64__seed19_seed19,synthetic-eigengap,synthetic,trainable-patch-su4,1,19,0.01,64,2000,True,plus,True,False,0.6415467592356401,0.6189024390243902,0.6503601092473541,0.6166056166056166,0.6615853658536586,1208.8414634146343,,29.387386322021484,,345,8,256,fe55492d59dea43f07862ecc1a80bebd9838d7fe,False
complete,synthetic,synthetic-eigengap__synthetic__trainable-patch-su4__L1__lr0.01__bs64__seed1,results/runs/synthetic/synthetic-eigengap__synthetic__trainable-patch-su4__L1__lr0.01__bs64__seed1_seed1,synthetic-eigengap,synthetic,trainable-patch-su4,1,1,0.01,64,2000,True,plus,True,False,0.644555467481625,0.6310975609756098,0.6581298892144438,0.6202686202686203,0.6524390243902439,1197.2560975609756,,28.831207275390625,,345,8,256,fe55492d59dea43f07862ecc1a80bebd9838d7fe,False
complete,synthetic,synthetic-eigengap__synthetic__trainable-patch-su4__L1__lr0.01__bs64__seed2,results/runs/synthetic/synthetic-eigengap__synthetic__trainable-patch-su4__L1__lr0.01__bs64__seed2_seed2,synthetic-eigengap,synthetic,trainable-patch-su4,1,2,0.01,64,2000,True,plus,True,False,0.6437449143556688,0.6280487804878049,0.6661501323906412,0.6031746031746031,0.6615853658536586,1208.9939024390244,,28.876826763153076,,345,8,256,fe55492d59dea43f07862ecc1a80bebd9838d7fe,False
complete,synthetic,synthetic-eigengap__synthetic__trainable-patch-su4__L1__lr0.01__bs64__seed3,results/runs/synthetic/synthetic-eigengap__synthetic__trainable-patch-su4__L1__lr0.01__bs64__seed3_seed3,synthetic-eigengap,synthetic,trainable-patch-su4,1,3,0.01,64,2000,True,plus,True,False,0.6479708990525126,0.6158536585365854,0.6613467357679383,0.6019536019536019,0.6585365853658537,1202.591463414634,,27.410641193389893,,345,8,256,fe55492d59dea43f07862ecc1a80bebd9838d7fe,False
complete,synthetic,synthetic-eigengap__synthetic__trainable-patch-su4__L1__lr0.01__bs64__seed4,results/runs/synthetic/synthetic-eigengap__synthetic__trainable-patch-su4__L1__lr0.01__bs64__seed4_seed4,synthetic-eigengap,synthetic,trainable-patch-su4,1,4,0.01,64,2000,True,plus,True,False,0.640316135681074,0.6432926829268293,0.6486366220297439,0.612942612942613,0.6676829268292683,1218.75,,29.229201078414917,,345,8,256,fe55492d59dea43f07862ecc1a80bebd9838d7fe,False
complete,synthetic,synthetic-eigengap__synthetic__trainable-patch-su4__L1__lr0.01__bs64__seed5,results/runs/synthetic/synthetic-eigengap__synthetic__trainable-patch-su4__L1__lr0.01__bs64__seed5_seed5,synthetic-eigengap,synthetic,trainable-patch-su4,1,5,0.01,64,2000,True,plus,True,False,0.6345128654393186,0.6402439024390244,0.6470073816289382,0.6239316239316239,0.6554878048780488,1205.7926829268292,,27.578678369522095,,345,8,256,fe55492d59dea43f07862ecc1a80bebd9838d7fe,False
complete,synthetic,synthetic-eigengap__synthetic__trainable-patch-su4__L1__lr0.01__bs64__seed6,results/runs/synthetic/synthetic-eigengap__synthetic__trainable-patch-su4__L1__lr0.01__bs64__seed6_seed6,synthetic-eigengap,synthetic,trainable-patch-su4,1,6,0.01,64,2000,True,plus,True,False,0.6353661135544189,0.6646341463414634,0.6429055786567163,0.6190476190476191,0.6646341463414634,1218.7500000000002,,27.21250605583191,,345,8,256,fe55492d59dea43f07862ecc1a80bebd9838d7fe,False
complete,synthetic,synthetic-eigengap__synthetic__trainable-patch-su4__L1__lr0.01__bs64__seed7,results/runs/synthetic/synthetic-eigengap__synthetic__trainable-patch-su4__L1__lr0.01__bs64__seed7_seed7,synthetic-eigengap,synthetic,trainable-patch-su4,1,7,0.01,64,2000,True,plus,True,False,0.6552829093805995,0.6310975609756098,0.6602814791556982,0.6105006105006106,0.6585365853658537,1201.829268292683,,28.59367871284485,,345,8,256,fe55492d59dea43f07862ecc1a80bebd9838d7fe,False
complete,synthetic,synthetic-eigengap__synthetic__trainable-patch-su4__L1__lr0.01__bs64__seed8,results/runs/synthetic/synthetic-eigengap__synthetic__trainable-patch-su4__L1__lr0.01__bs64__seed8_seed8,synthetic-eigengap,synthetic,trainable-patch-su4,1,8,0.01,64,2000,True,plus,True,False,0.63718150347557,0.6646341463414634,0.6520987036341318,0.6202686202686203,0.6676829268292683,1229.268292682927,,29.5564181804657,,345,8,256,fe55492d59dea43f07862ecc1a80bebd9838d7fe,False
complete,synthetic,synthetic-eigengap__synthetic__trainable-patch-su4__L1__lr0.01__bs64__seed9,results/runs/synthetic/synthetic-eigengap__synthetic__trainable-patch-su4__L1__lr0.01__bs64__seed9_seed9,synthetic-eigengap,synthetic,trainable-patch-su4,1,9,0.01,64,2000,True,plus,True,False,0.6522972686625585,0.600609756097561,0.6669213420925356,0.612942612942613,0.6432926829268293,1187.8048780487804,,27.254921913146973,,345,8,256,fe55492d59dea43f07862ecc1a80bebd9838d7fe,False
complete,synthetic,synthetic-eigengap__synthetic__trainable-patch-su4__L2__lr0.01__bs64__seed0,results/runs/synthetic/synthetic-eigengap__synthetic__trainable-patch-su4__L2__lr0.01__bs64__seed0_seed0,synthetic-eigengap,synthetic,trainable-patch-su4,2,0,0.01,64,2000,True,plus,True,False,0.541091794419035,0.7164634146341463,0.5499552265128357,0.7081807081807082,0.7378048780487805,1353.5060975609756,,41.15586566925049,,690,8,256,fe55492d59dea43f07862ecc1a80bebd9838d7fe,False
complete,synthetic,synthetic-eigengap__synthetic__trainable-patch-su4__L2__lr0.01__bs64__seed10,results/runs/synthetic/synthetic-eigengap__synthetic__trainable-patch-su4__L2__lr0.01__bs64__seed10_seed10,synthetic-eigengap,synthetic,trainable-patch-su4,2,10,0.01,64,2000,True,plus,True,False,0.5719697817381404,0.6890243902439024,0.5534400034974665,0.7326007326007326,0.7225609756097561,1326.8292682926829,,40.25167465209961,,690,8,256,fe55492d59dea43f07862ecc1a80bebd9838d7fe,False
complete,synthetic,synthetic-eigengap__synthetic__trainable-patch-su4__L2__lr0.01__bs64__seed11,results/runs/synthetic/synthetic-eigengap__synthetic__trainable-patch-su4__L2__lr0.01__bs64__seed11_seed11,synthetic-eigengap,synthetic,trainable-patch-su4,2,11,0.01,64,2000,True,plus,True,False,0.5667516888950077,0.7134146341463414,0.5617262880620356,0.6947496947496947,0.7317073170731707,1348.4756097560974,,37.846619606018066,,690,8,256,fe55492d59dea43f07862ecc1a80bebd9838d7fe,False
complete,synthetic,synthetic-eigengap__synthetic__trainable-patch-su4__L2__lr0.01__bs64__seed12,results/runs/synthetic/synthetic-eigengap__synthetic__trainable-patch-su4__L2__lr0.01__bs64__seed12_seed12,synthetic-eigengap,synthetic,trainable-patch-su4,2,12,0.01,64,2000,True,plus,True,False,0.5704762685031868,0.7073170731707317,0.56898379187806,0.7045177045177046,0.7286585365853658,1307.3170731707314,,39.484110593795776,,690,8,256,fe55492d59dea43f07862ecc1a80bebd9838d7fe,False
complete,synthetic,synthetic-eigengap__synthetic__trainable-patch-su4__L2__lr0.01__bs64__seed13,results/runs/synthetic/synthetic-eigengap__synthetic__trainable-patch-su4__L2__lr0.01__bs64__seed13_seed13,synthetic-eigengap,synthetic,trainable-patch-su4,2,13,0.01,64,2000,True,plus,True,False,0.5779762703320336,0.7012195121951219,0.5877948119592376,0.6825396825396826,0.725609756097561,1321.9512195121952,,40.58570742607117,,690,8,256,fe55492d59dea43f07862ecc1a80bebd9838d7fe,False
complete,synthetic,synthetic-eigengap__synthetic__trainable-patch-su4__L2__lr0.01__bs64__seed14,results/runs/synthetic/synthetic-eigengap__synthetic__trainable-patch-su4__L2__lr0.01__bs64__seed14_seed14,synthetic-eigengap,synthetic,trainable-patch-su4,2,14,0.01,64,2000,True,plus,True,False,0.5818181635226001,0.6951219512195121,0.5582487019022603,0.7167277167277167,0.7286585365853658,1313.262195121951,,38.12350940704346,,690,8,256,fe55492d59dea43f07862ecc1a80bebd9838d7fe,False
complete,synthetic,synthetic-eigengap__synthetic__trainable-patch-su4__L2__lr0.01__bs64__seed15,results/runs/synthetic/synthetic-eigengap__synthetic__trainable-patch-su4__L2__lr0.01__bs64__seed15_seed15,synthetic-eigengap,synthetic,trainable-patch-su4,2,15,0.01,64,2000,True,plus,True,False,0.5657019575155376,0.7195121951219512,0.5662490170649243,0.7118437118437119,0.7347560975609756,1355.4878048780486,,40.00154089927673,,690,8,256,fe55492d59dea43f07862ecc1a80bebd9838d7fe,False
complete,synthetic,synthetic-eigengap__synthetic__trainable-patch-su4__L2__lr0.01__bs64__seed16,results/runs/synthetic/synthetic-eigengap__synthetic__trainable-patch-su4__L2__lr0.01__bs64__seed16_seed16,synthetic-eigengap,synthetic,trainable-patch-su4,2,16,0.01,64,2000,True,plus,True,False,0.5494837246923812,0.6890243902439024,0.5285541331152931,0.724053724053724,0.7378048780487805,1338.719512195122,,37.73212671279907,,690,8,256,fe55492d59dea43f07862ecc1a80bebd9838d7fe,False
complete,synthetic,synthetic-eigengap__synthetic__trainable-patch-su4__L2__lr0.01__bs64__seed17,results/runs/synthetic/synthetic-eigengap__synthetic__trainable-patch-su4__L2__lr0.01__bs64__seed17_seed17,synthetic-eigengap,synthetic,trainable-patch-su4,2,17,0.01,64,2000,True,plus,True,False,0.5493770866591609,0.7347560975609756,0.5665182279511674,0.6996336996336996,0.7530487804878049,1363.5670731707316,,38.886566400527954,,690,8,256,fe55492d59dea43f07862ecc1a80bebd9838d7fe,False
complete,synthetic,synthetic-eigengap__synthetic__trainable-patch-su4__L2__lr0.01__bs64__seed18,results/runs/synthetic/synthetic-eigengap__synthetic__trainable-patch-su4__L2__lr0.01__bs64__seed18_seed18,synthetic-eigengap,synthetic,trainable-patch-su4,2,18,0.01,64,2000,True,plus,True,False,0.5462948418516004,0.7134146341463414,0.5816382608819498,0.702075702075702,0.7469512195121951,1338.719512195122,,38.557371377944946,,690,8,256,fe55492d59dea43f07862ecc1a80bebd9838d7fe,False
complete,synthetic,synthetic-eigengap__synthetic__trainable-patch-su4__L2__lr0.01__bs64__seed19,results/runs/synthetic/synthetic-eigengap__synthetic__trainable-patch-su4__L2__lr0.01__bs64__seed19_seed19,synthetic-eigengap,synthetic,trainable-patch-su4,2,19,0.01,64,2000,True,plus,True,False,0.5821769506827822,0.7012195121951219,0.5484142512020476,0.7228327228327228,0.7286585365853658,1347.4085365853657,,38.43919610977173,,690,8,256,fe55492d59dea43f07862ecc1a80bebd9838d7fe,False
complete,synthetic,synthetic-eigengap__synthetic__trainable-patch-su4__L2__lr0.01__bs64__seed1,results/runs/synthetic/synthetic-eigengap__synthetic__trainable-patch-su4__L2__lr0.01__bs64__seed1_seed1,synthetic-eigengap,synthetic,trainable-patch-su4,2,1,0.01,64,2000,True,plus,True,False,0.5539769907838632,0.7103658536585366,0.5483427488898172,0.7228327228327228,0.7317073170731707,1335.8231707317073,,40.52329707145691,,690,8,256,fe55492d59dea43f07862ecc1a80bebd9838d7fe,False
complete,synthetic,synthetic-eigengap__synthetic__trainable-patch-su4__L2__lr0.01__bs64__seed2,results/runs/synthetic/synthetic-eigengap__synthetic__trainable-patch-su4__L2__lr0.01__bs64__seed2_seed2,synthetic-eigengap,synthetic,trainable-patch-su4,2,2,0.01,64,2000,True,plus,True,False,0.5580076046080571,0.6951219512195121,0.5536857150960042,0.7203907203907204,0.7225609756097561,1318.140243902439,,38.04480504989624,,690,8,256,fe55492d59dea43f07862ecc1a80bebd9838d7fe,False
complete,synthetic,synthetic-eigengap__synthetic__trainable-patch-su4__L2__lr0.01__bs64__seed3,results/runs/synthetic/synthetic-eigengap__synthetic__trainable-patch-su4__L2__lr0.01__bs64__seed3_seed3,synthetic-eigengap,synthetic,trainable-patch-su4,2,3,0.01,64,2000,True,plus,True,False,0.5599498981533464,0.7195121951219512,0.547865640585686,0.7130647130647131,0.7225609756097561,1330.640243902439,,41.102696657180786,,690,8,256,fe55492d59dea43f07862ecc1a80bebd9838d7fe,False
complete,synthetic,synthetic-eigengap__synthetic__trainable-patch-su4__L2__lr0.01__bs64__seed4,results/runs/synthetic/synthetic-eigengap__synthetic__trainable-patch-su4__L2__lr0.01__bs64__seed4_seed4,synthetic-eigengap,synthetic,trainable-patch-su4,2,4,0.01,64,2000,True,plus,True,False,0.5300111203424748,0.7225609756097561,0.5509245396849386,0.7142857142857143,0.7560975609756098,1360.8231707317075,,36.69652700424194,,690,8,256,fe55492d59dea43f07862ecc1a80bebd9838d7fe,False
complete,synthetic,synthetic-eigengap__synthetic__trainable-patch-su4__L2__lr0.01__bs64__seed5,results/runs/synthetic/synthetic-eigengap__synthetic__trainable-patch-su4__L2__lr0.01__bs64__seed5_seed5,synthetic-eigengap,synthetic,trainable-patch-su4,2,5,0.01,64,2000,True,plus,True,False,0.5775540143228131,0.6920731707317073,0.5515268079731985,0.7203907203907204,0.7378048780487805,1354.7256097560976,,39.5072660446167,,690,8,256,fe55492d59dea43f07862ecc1a80bebd9838d7fe,False
complete,synthetic,synthetic-eigengap__synthetic__trainable-patch-su4__L2__lr0.01__bs64__seed6,results/runs/synthetic/synthetic-eigengap__synthetic__trainable-patch-su4__L2__lr0.01__bs64__seed6_seed6,synthetic-eigengap,synthetic,trainable-patch-su4,2,6,0.01,64,2000,True,plus,True,False,0.5823450256170994,0.6829268292682927,0.5523861212889499,0.717948717948718,0.7134146341463414,1304.2682926829266,,38.10599446296692,,690,8,256,fe55492d59dea43f07862ecc1a80bebd9838d7fe,False
complete,synthetic,synthetic-eigengap__synthetic__trainable-patch-su4__L2__lr0.01__bs64__seed7,results/runs/synthetic/synthetic-eigengap__synthetic__trainable-patch-su4__L2__lr0.01__bs64__seed7_seed7,synthetic-eigengap,synthetic,trainable-patch-su4,2,7,0.01,64,2000,True,plus,True,False,0.5759781801535078,0.6859756097560976,0.5501946387471242,0.7216117216117216,0.7286585365853658,1330.9451219512196,,37.785767555236816,,690,8,256,fe55492d59dea43f07862ecc1a80bebd9838d7fe,False
complete,synthetic,synthetic-eigengap__synthetic__trainable-patch-su4__L2__lr0.01__bs64__seed8,results/runs/synthetic/synthetic-eigengap__synthetic__trainable-patch-su4__L2__lr0.01__bs64__seed8_seed8,synthetic-eigengap,synthetic,trainable-patch-su4,2,8,0.01,64,2000,True,plus,True,False,0.5544114097682221,0.7073170731707317,0.5792808493726367,0.6837606837606838,0.7469512195121951,1375.6097560975609,,41.0599000453949,,690,8,256,fe55492d59dea43f07862ecc1a80bebd9838d7fe,False
complete,synthetic,synthetic-eigengap__synthetic__trainable-patch-su4__L2__lr0.01__bs64__seed9,results/runs/synthetic/synthetic-eigengap__synthetic__trainable-patch-su4__L2__lr0.01__bs64__seed9_seed9,synthetic-eigengap,synthetic,trainable-patch-su4,2,9,0.01,64,2000,True,plus,True,False,0.5693092343722872,0.7347560975609756,0.551094687688265,0.7094017094017094,0.7347560975609756,1334.451219512195,,39.3773889541626,,690,8,256,fe55492d59dea43f07862ecc1a80bebd9838d7fe,False
complete,synthetic,synthetic-eigengap__synthetic__trainable-patch-su4__L32__lr0.01__bs64__seed0,results/runs/synthetic/synthetic-eigengap__synthetic__trainable-patch-su4__L32__lr0.01__bs64__seed0_seed0,synthetic-eigengap,synthetic,trainable-patch-su4,32,0,0.01,64,2000,True,plus,True,False,0.6965168050701281,0.5,0.692942333045134,0.5054945054945055,0.5457317073170732,969.5121951219513,,555.5641899108887,,11040,8,256,fe55492d59dea43f07862ecc1a80bebd9838d7fe,True
complete,synthetic,synthetic-eigengap__synthetic__trainable-patch-su4__L32__lr0.01__bs64__seed10,results/runs/synthetic/synthetic-eigengap__synthetic__trainable-patch-su4__L32__lr0.01__bs64__seed10_seed10,synthetic-eigengap,synthetic,trainable-patch-su4,32,10,0.01,64,2000,True,plus,True,False,0.6935316062279077,0.5,0.6975369339545621,0.48595848595848595,0.5701219512195121,964.9390243902441,,559.010767698288,,11040,8,256,fe55492d59dea43f07862ecc1a80bebd9838d7fe,True
complete,synthetic,synthetic-eigengap__synthetic__trainable-patch-su4__L32__lr0.01__bs64__seed11,results/runs/synthetic/synthetic-eigengap__synthetic__trainable-patch-su4__L32__lr0.01__bs64__seed11_seed11,synthetic-eigengap,synthetic,trainable-patch-su4,32,11,0.01,64,2000,True,plus,True,False,0.6909654961145646,0.5274390243902439,0.6943151411887998,0.503052503052503,0.5487804878048781,957.3170731707318,,561.3608770370483,,11040,8,256,fe55492d59dea43f07862ecc1a80bebd9838d7fe,True
complete,synthetic,synthetic-eigengap__synthetic__trainable-patch-su4__L32__lr0.01__bs64__seed12,results/runs/synthetic/synthetic-eigengap__synthetic__trainable-patch-su4__L32__lr0.01__bs64__seed12_seed12,synthetic-eigengap,synthetic,trainable-patch-su4,32,12,0.01,64,2000,True,plus,True,False,0.6958971672453502,0.5030487804878049,0.6952317282941752,0.5054945054945055,0.5548780487804879,955.4878048780488,,555.2271432876587,,11040,8,256,fe55492d59dea43f07862ecc1a80bebd9838d7fe,True
complete,synthetic,synthetic-eigengap__synthetic__trainable-patch-su4__L32__lr0.01__bs64__seed13,results/runs/synthetic/synthetic-eigengap__synthetic__trainable-patch-su4__L32__lr0.01__bs64__seed13_seed13,synthetic-eigengap,synthetic,trainable-patch-su4,32,13,0.01,64,2000,True,plus,True,False,0.6952070190573989,0.5060975609756098,0.6932096326322957,0.5335775335775336,0.5548780487804879,955.1829268292685,,558.3439681529999,,11040,8,256,fe55492d59dea43f07862ecc1a80bebd9838d7fe,True
complete,synthetic,synthetic-eigengap__synthetic__trainable-patch-su4__L32__lr0.01__bs64__seed14,results/runs/synthetic/synthetic-eigengap__synthetic__trainable-patch-su4__L32__lr0.01__bs64__seed14_seed14,synthetic-eigengap,synthetic,trainable-patch-su4,32,14,0.01,64,2000,True,plus,True,False,0.6919579373758209,0.5487804878048781,0.6914091505120029,0.5152625152625152,0.5487804878048781,934.1463414634145,,560.7033865451813,,11040,8,256,fe55492d59dea43f07862ecc1a80bebd9838d7fe,True
complete,synthetic,synthetic-eigengap__synthetic__trainable-patch-su4__L32__lr0.01__bs64__seed15,results/runs/synthetic/synthetic-eigengap__synthetic__trainable-patch-su4__L32__lr0.01__bs64__seed15_seed15,synthetic-eigengap,synthetic,trainable-patch-su4,32,15,0.01,64,2000,True,plus,True,False,0.6976366602803594,0.5,0.6971024363836812,0.4627594627594628,0.5640243902439024,948.9329268292685,,563.8493371009827,,11040,8,256,fe55492d59dea43f07862ecc1a80bebd9838d7fe,True
complete,synthetic,synthetic-eigengap__synthetic__trainable-patch-su4__L32__lr0.01__bs64__seed16,results/runs/synthetic/synthetic-eigengap__synthetic__trainable-patch-su4__L32__lr0.01__bs64__seed16_seed16,synthetic-eigengap,synthetic,trainable-patch-su4,32,16,0.01,64,2000,True,plus,True,False,0.6952811584068709,0.5274390243902439,0.6921100725573037,0.5457875457875457,0.5335365853658537,946.1890243902438,,562.165066242218,,11040,8,256,fe55492d59dea43f07862ecc1a80bebd9838d7fe,True
complete,synthetic,synthetic-eigengap__synthetic__trainable-patch-su4__L32__lr0.01__bs64__seed17,results/runs/synthetic/synthetic-eigengap__synthetic__trainable-patch-su4__L32__lr0.01__bs64__seed17_seed17,synthetic-eigengap,synthetic,trainable-patch-su4,32,17,0.01,64,2000,True,plus,True,False,0.6949798131794453,0.5152439024390244,0.6979888649116961,0.4932844932844933,0.5426829268292683,943.4451219512196,,571.5840835571289,,11040,8,256,fe55492d59dea43f07862ecc1a80bebd9838d7fe,True
complete,synthetic,synthetic-eigengap__synthetic__trainable-patch-su4__L32__lr0.01__bs64__seed18,results/runs/synthetic/synthetic-eigengap__synthetic__trainable-patch-su4__L32__lr0.01__bs64__seed18_seed18,synthetic-eigengap,synthetic,trainable-patch-su4,32,18,0.01,64,2000,True,plus,True,False,0.7016931415034824,0.4451219512195122,0.6987159103499451,0.47374847374847373,0.5670731707317073,960.670731707317,,570.1306023597717,,11040,8,256,fe55492d59dea43f07862ecc1a80bebd9838d7fe,True
complete,synthetic,synthetic-eigengap__synthetic__trainable-patch-su4__L32__lr0.01__bs64__seed19,results/runs/synthetic/synthetic-eigengap__synthetic__trainable-patch-su4__L32__lr0.01__bs64__seed19_seed19,synthetic-eigengap,synthetic,trainable-patch-su4,32,19,0.01,64,2000,True,plus,True,False,0.6963957521804863,0.49085365853658536,0.6928907237243941,0.5238095238095238,0.5457317073170732,948.9329268292682,,568.3005485534668,,11040,8,256,fe55492d59dea43f07862ecc1a80bebd9838d7fe,True
complete,synthetic,synthetic-eigengap__synthetic__trainable-patch-su4__L32__lr0.01__bs64__seed1,results/runs/synthetic/synthetic-eigengap__synthetic__trainable-patch-su4__L32__lr0.01__bs64__seed1_seed1,synthetic-eigengap,synthetic,trainable-patch-su4,32,1,0.01,64,2000,True,plus,True,False,0.6879847047603843,0.5609756097560976,0.6907976842753087,0.536019536019536,0.5609756097560976,938.4146341463415,,558.941478729248,,11040,8,256,fe55492d59dea43f07862ecc1a80bebd9838d7fe,True
complete,synthetic,synthetic-eigengap__synthetic__trainable-patch-su4__L32__lr0.01__bs64__seed2,results/runs/synthetic/synthetic-eigengap__synthetic__trainable-patch-su4__L32__lr0.01__bs64__seed2_seed2,synthetic-eigengap,synthetic,trainable-patch-su4,32,2,0.01,64,2000,True,plus,True,False,0.6948401911080234,0.5030487804878049,0.6955391749623017,0.4945054945054945,0.5487804878048781,952.5914634146342,,572.8517475128174,,11040,8,256,fe55492d59dea43f07862ecc1a80bebd9838d7fe,True
complete,synthetic,synthetic-eigengap__synthetic__trainable-patch-su4__L32__lr0.01__bs64__seed3,results/runs/synthetic/synthetic-eigengap__synthetic__trainable-patch-su4__L32__lr0.01__bs64__seed3_seed3,synthetic-eigengap,synthetic,trainable-patch-su4,32,3,0.01,64,2000,True,plus,True,False,0.6916509663542765,0.5304878048780488,0.6920895774986554,0.5103785103785103,0.551829268292683,950.4573170731708,,566.4405500888824,,11040,8,256,fe55492d59dea43f07862ecc1a80bebd9838d7fe,True
complete,synthetic,synthetic-eigengap__synthetic__trainable-patch-su4__L32__lr0.01__bs64__seed4,results/runs/synthetic/synthetic-eigengap__synthetic__trainable-patch-su4__L32__lr0.01__bs64__seed4_seed4,synthetic-eigengap,synthetic,trainable-patch-su4,32,4,0.01,64,2000,True,plus,True,False,0.6880152737558434,0.573170731707317,0.6979603268096892,0.4884004884004884,0.5762195121951219,967.9878048780487,,567.962907075882,,11040,8,256,fe55492d59dea43f07862ecc1a80bebd9838d7fe,True
complete,synthetic,synthetic-eigengap__synthetic__trainable-patch-su4__L32__lr0.01__bs64__seed5,results/runs/synthetic/synthetic-eigengap__synthetic__trainable-patch-su4__L32__lr0.01__bs64__seed5_seed5,synthetic-eigengap,synthetic,trainable-patch-su4,32,5,0.01,64,2000,True,plus,True,False,0.6929199965629108,0.5,0.6940830593866305,0.514041514041514,0.5335365853658537,945.2743902439025,,558.852597951889,,11040,8,256,fe55492d59dea43f07862ecc1a80bebd9838d7fe,True
complete,synthetic,synthetic-eigengap__synthetic__trainable-patch-su4__L32__lr0.01__bs64__seed6,results/runs/synthetic/synthetic-eigengap__synthetic__trainable-patch-su4__L32__lr0.01__bs64__seed6_seed6,synthetic-eigengap,synthetic,trainable-patch-su4,32,6,0.01,64,2000,True,plus,True,False,0.7000095805481702,0.4695121951219512,0.6958856027823924,0.5067155067155067,0.5701219512195121,956.5548780487803,,557.2661459445953,,11040,8,256,fe55492d59dea43f07862ecc1a80bebd9838d7fe,True
complete,synthetic,synthetic-eigengap__synthetic__trainable-patch-su4__L32__lr0.01__bs64__seed7,results/runs/synthetic/synthetic-eigengap__synthetic__trainable-patch-su4__L32__lr0.01__bs64__seed7_seed7,synthetic-eigengap,synthetic,trainable-patch-su4,32,7,0.01,64,2000,True,plus,True,False,0.6938035382147733,0.5121951219512195,0.6996178422797429,0.4908424908424908,0.5823170731707317,942.8353658536586,,558.3713686466217,,11040,8,256,fe55492d59dea43f07862ecc1a80bebd9838d7fe,True
complete,synthetic,synthetic-eigengap__synthetic__trainable-patch-su4__L32__lr0.01__bs64__seed8,results/runs/synthetic/synthetic-eigengap__synthetic__trainable-patch-su4__L32__lr0.01__bs64__seed8_seed8,synthetic-eigengap,synthetic,trainable-patch-su4,32,8,0.01,64,2000,True,plus,True,False,0.689953279528687,0.5487804878048781,0.6992931018232367,0.452991452991453,0.551829268292683,977.5914634146341,,559.860922574997,,11040,8,256,fe55492d59dea43f07862ecc1a80bebd9838d7fe,True
complete,synthetic,synthetic-eigengap__synthetic__trainable-patch-su4__L32__lr0.01__bs64__seed9,results/runs/synthetic/synthetic-eigengap__synthetic__trainable-patch-su4__L32__lr0.01__bs64__seed9_seed9,synthetic-eigengap,synthetic,trainable-patch-su4,32,9,0.01,64,2000,True,plus,True,False,0.6971047179031149,0.5030487804878049,0.6956669154976027,0.4896214896214896,0.5487804878048781,945.5792682926833,,560.346182346344,,11040,8,256,fe55492d59dea43f07862ecc1a80bebd9838d7fe,True
complete,synthetic,synthetic-eigengap__synthetic__trainable-patch-su4__L4__lr0.01__bs64__seed0,results/runs/synthetic/synthetic-eigengap__synthetic__trainable-patch-su4__L4__lr0.01__bs64__seed0_seed0,synthetic-eigengap,synthetic,trainable-patch-su4,4,0,0.01,64,2000,True,plus,True,False,0.5786514364064137,0.6859756097560976,0.593696413326034,0.6691086691086691,0.698170731707317,1244.3597560975609,,61.13908290863037,,1380,8,256,fe55492d59dea43f07862ecc1a80bebd9838d7fe,True
complete,synthetic,synthetic-eigengap__synthetic__trainable-patch-su4__L4__lr0.01__bs64__seed10,results/runs/synthetic/synthetic-eigengap__synthetic__trainable-patch-su4__L4__lr0.01__bs64__seed10_seed10,synthetic-eigengap,synthetic,trainable-patch-su4,4,10,0.01,64,2000,True,plus,True,False,0.5766297831971733,0.7073170731707317,0.5790933124092829,0.6678876678876678,0.7134146341463414,1218.4451219512196,,59.304561376571655,,1380,8,256,fe55492d59dea43f07862ecc1a80bebd9838d7fe,True
complete,synthetic,synthetic-eigengap__synthetic__trainable-patch-su4__L4__lr0.01__bs64__seed11,results/runs/synthetic/synthetic-eigengap__synthetic__trainable-patch-su4__L4__lr0.01__bs64__seed11_seed11,synthetic-eigengap,synthetic,trainable-patch-su4,4,11,0.01,64,2000,True,plus,True,False,0.5978332929121476,0.6737804878048781,0.5956708953379047,0.6471306471306472,0.6890243902439024,1232.469512195122,,60.18016982078552,,1380,8,256,fe55492d59dea43f07862ecc1a80bebd9838d7fe,True
complete,synthetic,synthetic-eigengap__synthetic__trainable-patch-su4__L4__lr0.01__bs64__seed12,results/runs/synthetic/synthetic-eigengap__synthetic__trainable-patch-su4__L4__lr0.01__bs64__seed12_seed12,synthetic-eigengap,synthetic,trainable-patch-su4,4,12,0.01,64,2000,True,plus,True,False,0.5906365072275921,0.6646341463414634,0.5851677411896237,0.684981684981685,0.6737804878048781,1257.9268292682927,,59.33456254005432,,1380,8,256,fe55492d59dea43f07862ecc1a80bebd9838d7fe,True
complete,synthetic,synthetic-eigengap__synthetic__trainable-patch-su4__L4__lr0.01__bs64__seed13,results/runs/synthetic/synthetic-eigengap__synthetic__trainable-patch-su4__L4__lr0.01__bs64__seed13_seed13,synthetic-eigengap,synthetic,trainable-patch-su4,4,13,0.01,64,2000,True,plus,True,False,0.5750083847219114,0.698170731707317,0.5582563111972568,0.7191697191697192,0.7225609756097561,1276.5243902439022,,60.55115246772766,,1380,8,256,fe55492d59dea43f07862ecc1a80bebd9838d7fe,True
complete,synthetic,synthetic-eigengap__synthetic__trainable-patch-su4__L4__lr0.01__bs64__seed14,results/runs/synthetic/synthetic-eigengap__synthetic__trainable-patch-su4__L4__lr0.01__bs64__seed14_seed14,synthetic-eigengap,synthetic,trainable-patch-su4,4,14,0.01,64,2000,True,plus,True,False,0.589861563532283,0.6707317073170732,0.5563668438789013,0.7008547008547008,0.7347560975609756,1298.018292682927,,59.8881299495697,,1380,8,256,fe55492d59dea43f07862ecc1a80bebd9838d7fe,True
complete,synthetic,synthetic-eigengap__synthetic__trainable-patch-su4__L4__lr0.01__bs64__seed15,results/runs/synthetic/synthetic-eigengap__synthetic__trainable-patch-su4__L4__lr0.01__bs64__seed15_seed15,synthetic-eigengap,synthetic,trainable-patch-su4,4,15,0.01,64,2000,True,plus,True,False,0.6010071705945514,0.6951219512195121,0.6085938828199892,0.6605616605616605,0.698170731707317,1231.2500000000002,,60.41566181182861,,1380,8,256,fe55492d59dea43f07862ecc1a80bebd9838d7fe,True
complete,synthetic,synthetic-eigengap__synthetic__trainable-patch-su4__L4__lr0.01__bs64__seed16,results/runs/synthetic/synthetic-eigengap__synthetic__trainable-patch-su4__L4__lr0.01__bs64__seed16_seed16,synthetic-eigengap,synthetic,trainable-patch-su4,4,16,0.01,64,2000,True,plus,True,False,0.588436042868875,0.6920731707317073,0.5823860921892964,0.6837606837606838,0.6920731707317073,1225.3048780487804,,59.6850049495697,,1380,8,256,fe55492d59dea43f07862ecc1a80bebd9838d7fe,True
complete,synthetic,synthetic-eigengap__synthetic__trainable-patch-su4__L4__lr0.01__bs64__seed17,results/runs/synthetic/synthetic-eigengap__synthetic__trainable-patch-su4__L4__lr0.01__bs64__seed17_seed17,synthetic-eigengap,synthetic,trainable-patch-su4,4,17,0.01,64,2000,True,plus,True,False,0.5906313226609784,0.6554878048780488,0.5752667574350965,0.673992673992674,0.6707317073170732,1218.140243902439,,60.93405795097351,,1380,8,256,fe55492d59dea43f07862ecc1a80bebd9838d7fe,True
complete,synthetic,synthetic-eigengap__synthetic__trainable-patch-su4__L4__lr0.01__bs64__seed18,results/runs/synthetic/synthetic-eigengap__synthetic__trainable-patch-su4__L4__lr0.01__bs64__seed18_seed18,synthetic-eigengap,synthetic,trainable-patch-su4,4,18,0.01,64,2000,True,plus,True,False,0.5664037248557129,0.7103658536585366,0.5893511162884117,0.6654456654456654,0.7103658536585366,1240.8536585365855,,64.21828627586365,,1380,8,256,fe55492d59dea43f07862ecc1a80bebd9838d7fe,True
complete,synthetic,synthetic-eigengap__synthetic__trainable-patch-su4__L4__lr0.01__bs64__seed19,results/runs/synthetic/synthetic-eigengap__synthetic__trainable-patch-su4__L4__lr0.01__bs64__seed19_seed19,synthetic-eigengap,synthetic,trainable-patch-su4,4,19,0.01,64,2000,True,plus,True,False,0.5834093516363823,0.6737804878048781,0.5941967977759097,0.6556776556776557,0.6920731707317073,1275.15243902439,,62.726733922958374,,1380,8,256,fe55492d59dea43f07862ecc1a80bebd9838d7fe,True
complete,synthetic,synthetic-eigengap__synthetic__trainable-patch-su4__L4__lr0.01__bs64__seed1,results/runs/synthetic/synthetic-eigengap__synthetic__trainable-patch-su4__L4__lr0.01__bs64__seed1_seed1,synthetic-eigengap,synthetic,trainable-patch-su4,4,1,0.01,64,2000,True,plus,True,False,0.6193699274233239,0.6676829268292683,0.6081687358506546,0.6617826617826618,0.676829268292683,1232.4695121951222,,59.55223035812378,,1380,8,256,fe55492d59dea43f07862ecc1a80bebd9838d7fe,True
complete,synthetic,synthetic-eigengap__synthetic__trainable-patch-su4__L4__lr0.01__bs64__seed2,results/runs/synthetic/synthetic-eigengap__synthetic__trainable-patch-su4__L4__lr0.01__bs64__seed2_seed2,synthetic-eigengap,synthetic,trainable-patch-su4,4,2,0.01,64,2000,True,plus,True,False,0.6034661583644458,0.6554878048780488,0.5967230389728331,0.6788766788766789,0.676829268292683,1217.9878048780488,,59.02475023269653,,1380,8,256,fe55492d59dea43f07862ecc1a80bebd9838d7fe,True
complete,synthetic,synthetic-eigengap__synthetic__trainable-patch-su4__L4__lr0.01__bs64__seed3,results/runs/synthetic/synthetic-eigengap__synthetic__trainable-patch-su4__L4__lr0.01__bs64__seed3_seed3,synthetic-eigengap,synthetic,trainable-patch-su4,4,3,0.01,64,2000,True,plus,True,False,0.6036038115871608,0.6737804878048781,0.5897205995199011,0.6764346764346765,0.676829268292683,1217.073170731707,,60.14560842514038,,1380,8,256,fe55492d59dea43f07862ecc1a80bebd9838d7fe,True
complete,synthetic,synthetic-eigengap__synthetic__trainable-patch-su4__L4__lr0.01__bs64__seed4,results/runs/synthetic/synthetic-eigengap__synthetic__trainable-patch-su4__L4__lr0.01__bs64__seed4_seed4,synthetic-eigengap,synthetic,trainable-patch-su4,4,4,0.01,64,2000,True,plus,True,False,0.5787362182235357,0.7073170731707317,0.5861804042159283,0.6654456654456654,0.7073170731707317,1255.640243902439,,60.526331186294556,,1380,8,256,fe55492d59dea43f07862ecc1a80bebd9838d7fe,True
complete,synthetic,synthetic-eigengap__synthetic__trainable-patch-su4__L4__lr0.01__bs64__seed5,results/runs/synthetic/synthetic-eigengap__synthetic__trainable-patch-su4__L4__lr0.01__bs64__seed5_seed5,synthetic-eigengap,synthetic,trainable-patch-su4,4,5,0.01,64,2000,True,plus,True,False,0.5975194495199185,0.6463414634146342,0.6130424509569316,0.6349206349206349,0.6676829268292683,1201.371951219512,,61.909903049468994,,1380,8,256,fe55492d59dea43f07862ecc1a80bebd9838d7fe,True
complete,synthetic,synthetic-eigengap__synthetic__trainable-patch-su4__L4__lr0.01__bs64__seed6,results/runs/synthetic/synthetic-eigengap__synthetic__trainable-patch-su4__L4__lr0.01__bs64__seed6_seed6,synthetic-eigengap,synthetic,trainable-patch-su4,4,6,0.01,64,2000,True,plus,True,False,0.5879472866233973,0.6524390243902439,0.6051176151201755,0.645909645909646,0.698170731707317,1264.939024390244,,62.40228056907654,,1380,8,256,fe55492d59dea43f07862ecc1a80bebd9838d7fe,True
complete,synthetic,synthetic-eigengap__synthetic__trainable-patch-su4__L4__lr0.01__bs64__seed7,results/runs/synthetic/synthetic-eigengap__synthetic__trainable-patch-su4__L4__lr0.01__bs64__seed7_seed7,synthetic-eigengap,synthetic,trainable-patch-su4,4,7,0.01,64,2000,True,plus,True,False,0.5740579198675898,0.7134146341463414,0.6045118377824059,0.652014652014652,0.7134146341463414,1257.3170731707314,,62.56429934501648,,1380,8,256,fe55492d59dea43f07862ecc1a80bebd9838d7fe,True
complete,synthetic,synthetic-eigengap__synthetic__trainable-patch-su4__L4__lr0.01__bs64__seed8,results/runs/synthetic/synthetic-eigengap__synthetic__trainable-patch-su4__L4__lr0.01__bs64__seed8_seed8,synthetic-eigengap,synthetic,trainable-patch-su4,4,8,0.01,64,2000,True,plus,True,False,0.5611055372600174,0.7042682926829268,0.581957138739503,0.6959706959706959,0.7042682926829268,1259.4512195121956,,60.95808553695679,,1380,8,256,fe55492d59dea43f07862ecc1a80bebd9838d7fe,True
complete,synthetic,synthetic-eigengap__synthetic__trainable-patch-su4__L4__lr0.01__bs64__seed9,results/runs/synthetic/synthetic-eigengap__synthetic__trainable-patch-su4__L4__lr0.01__bs64__seed9_seed9,synthetic-eigengap,synthetic,trainable-patch-su4,4,9,0.01,64,2000,True,plus,True,False,0.562949509100187,0.7225609756097561,0.5585090942068304,0.702075702075702,0.7225609756097561,1239.6341463414635,,61.04535174369812,,1380,8,256,fe55492d59dea43f07862ecc1a80bebd9838d7fe,True
complete,synthetic,synthetic-eigengap__synthetic__trainable-patch-su4__L8__lr0.01__bs64__seed0,results/runs/synthetic/synthetic-eigengap__synthetic__trainable-patch-su4__L8__lr0.01__bs64__seed0_seed0,synthetic-eigengap,synthetic,trainable-patch-su4,8,0,0.01,64,2000,True,plus,True,False,0.6699249162284215,0.5762195121951219,0.651053636517503,0.6068376068376068,0.5945121951219512,1087.3475609756097,,122.15099692344666,,2760,8,256,fe55492d59dea43f07862ecc1a80bebd9838d7fe,True
complete,synthetic,synthetic-eigengap__synthetic__trainable-patch-su4__L8__lr0.01__bs64__seed10,results/runs/synthetic/synthetic-eigengap__synthetic__trainable-patch-su4__L8__lr0.01__bs64__seed10_seed10,synthetic-eigengap,synthetic,trainable-patch-su4,8,10,0.01,64,2000,True,plus,True,False,0.6515226619043957,0.5975609756097561,0.6615935246600388,0.5970695970695971,0.6280487804878049,1107.9268292682927,,124.20670676231384,,2760,8,256,fe55492d59dea43f07862ecc1a80bebd9838d7fe,True
complete,synthetic,synthetic-eigengap__synthetic__trainable-patch-su4__L8__lr0.01__bs64__seed11,results/runs/synthetic/synthetic-eigengap__synthetic__trainable-patch-su4__L8__lr0.01__bs64__seed11_seed11,synthetic-eigengap,synthetic,trainable-patch-su4,8,11,0.01,64,2000,True,plus,True,False,0.6471624286461027,0.6067073170731707,0.6709485864039706,0.5726495726495726,0.6280487804878049,1101.6768292682927,,120.57443761825562,,2760,8,256,fe55492d59dea43f07862ecc1a80bebd9838d7fe,True
complete,synthetic,synthetic-eigengap__synthetic__trainable-patch-su4__L8__lr0.01__bs64__seed12,results/runs/synthetic/synthetic-eigengap__synthetic__trainable-patch-su4__L8__lr0.01__bs64__seed12_seed12,synthetic-eigengap,synthetic,trainable-patch-su4,8,12,0.01,64,2000,True,plus,True,False,0.6579029787740054,0.5914634146341463,0.6658841329348522,0.6007326007326007,0.600609756097561,1065.091463414634,,122.14566564559937,,2760,8,256,fe55492d59dea43f07862ecc1a80bebd9838d7fe,True
complete,synthetic,synthetic-eigengap__synthetic__trainable-patch-su4__L8__lr0.01__bs64__seed13,results/runs/synthetic/synthetic-eigengap__synthetic__trainable-patch-su4__L8__lr0.01__bs64__seed13_seed13,synthetic-eigengap,synthetic,trainable-patch-su4,8,13,0.01,64,2000,True,plus,True,False,0.6422902010492525,0.6402439024390244,0.6435650482475376,0.6251526251526252,0.6707317073170732,1149.8475609756094,,120.88424873352051,,2760,8,256,fe55492d59dea43f07862ecc1a80bebd9838d7fe,True
complete,synthetic,synthetic-eigengap__synthetic__trainable-patch-su4__L8__lr0.01__bs64__seed14,results/runs/synthetic/synthetic-eigengap__synthetic__trainable-patch-su4__L8__lr0.01__bs64__seed14_seed14,synthetic-eigengap,synthetic,trainable-patch-su4,8,14,0.01,64,2000,True,plus,True,False,0.6677850057214482,0.5945121951219512,0.656752518531168,0.590964590964591,0.6310975609756098,1116.310975609756,,120.88975977897644,,2760,8,256,fe55492d59dea43f07862ecc1a80bebd9838d7fe,True
complete,synthetic,synthetic-eigengap__synthetic__trainable-patch-su4__L8__lr0.01__bs64__seed15,results/runs/synthetic/synthetic-eigengap__synthetic__trainable-patch-su4__L8__lr0.01__bs64__seed15_seed15,synthetic-eigengap,synthetic,trainable-patch-su4,8,15,0.01,64,2000,True,plus,True,False,0.6523185130397797,0.6067073170731707,0.6580199899805627,0.6068376068376068,0.6310975609756098,1096.9512195121952,,119.62988996505737,,2760,8,256,fe55492d59dea43f07862ecc1a80bebd9838d7fe,True
complete,synthetic,synthetic-eigengap__synthetic__trainable-patch-su4__L8__lr0.01__bs64__seed16,results/runs/synthetic/synthetic-eigengap__synthetic__trainable-patch-su4__L8__lr0.01__bs64__seed16_seed16,synthetic-eigengap,synthetic,trainable-patch-su4,8,16,0.01,64,2000,True,plus,True,False,0.6332515265189229,0.6463414634146342,0.6492439824416957,0.6043956043956044,0.6463414634146342,1132.7743902439024,,123.98437166213989,,2760,8,256,fe55492d59dea43f07862ecc1a80bebd9838d7fe,True
complete,synthetic,synthetic-eigengap__synthetic__trainable-patch-su4__L8__lr0.01__bs64__seed17,results/runs/synthetic/synthetic-eigengap__synthetic__trainable-patch-su4__L8__lr0.01__bs64__seed17_seed17,synthetic-eigengap,synthetic,trainable-patch-su4,8,17,0.01,64,2000,True,plus,True,False,0.6461810918941224,0.5975609756097561,0.655619073883702,0.6068376068376068,0.6432926829268293,1140.7012195121952,,119.59283471107483,,2760,8,256,fe55492d59dea43f07862ecc1a80bebd9838d7fe,True
complete,synthetic,synthetic-eigengap__synthetic__trainable-patch-su4__L8__lr0.01__bs64__seed18,results/runs/synthetic/synthetic-eigengap__synthetic__trainable-patch-su4__L8__lr0.01__bs64__seed18_seed18,synthetic-eigengap,synthetic,trainable-patch-su4,8,18,0.01,64,2000,True,plus,True,False,0.6755838152860206,0.5792682926829268,0.6539401098418409,0.6056166056166056,0.6432926829268293,1123.4756097560976,,120.7310745716095,,2760,8,256,fe55492d59dea43f07862ecc1a80bebd9838d7fe,True
complete,synthetic,synthetic-eigengap__synthetic__trainable-patch-su4__L8__lr0.01__bs64__seed19,results/runs/synthetic/synthetic-eigengap__synthetic__trainable-patch-su4__L8__lr0.01__bs64__seed19_seed19,synthetic-eigengap,synthetic,trainable-patch-su4,8,19,0.01,64,2000,True,plus,True,False,0.67463752392823,0.5853658536585366,0.6454453753062751,0.6092796092796092,0.6067073170731707,1110.3658536585365,,119.33080911636353,,2760,8,256,fe55492d59dea43f07862ecc1a80bebd9838d7fe,True
complete,synthetic,synthetic-eigengap__synthetic__trainable-patch-su4__L8__lr0.01__bs64__seed1,results/runs/synthetic/synthetic-eigengap__synthetic__trainable-patch-su4__L8__lr0.01__bs64__seed1_seed1,synthetic-eigengap,synthetic,trainable-patch-su4,8,1,0.01,64,2000,True,plus,True,False,0.6747850331521211,0.600609756097561,0.6407389464146714,0.6275946275946276,0.625,1121.6463414634147,,120.87157011032104,,2760,8,256,fe55492d59dea43f07862ecc1a80bebd9838d7fe,True
complete,synthetic,synthetic-eigengap__synthetic__trainable-patch-su4__L8__lr0.01__bs64__seed2,results/runs/synthetic/synthetic-eigengap__synthetic__trainable-patch-su4__L8__lr0.01__bs64__seed2_seed2,synthetic-eigengap,synthetic,trainable-patch-su4,8,2,0.01,64,2000,True,plus,True,False,0.6627543442381201,0.5762195121951219,0.6621718368954375,0.5934065934065934,0.6371951219512195,1113.109756097561,,121.34344220161438,,2760,8,256,fe55492d59dea43f07862ecc1a80bebd9838d7fe,True
complete,synthetic,synthetic-eigengap__synthetic__trainable-patch-su4__L8__lr0.01__bs64__seed3,results/runs/synthetic/synthetic-eigengap__synthetic__trainable-patch-su4__L8__lr0.01__bs64__seed3_seed3,synthetic-eigengap,synthetic,trainable-patch-su4,8,3,0.01,64,2000,True,plus,True,False,0.6561618933623021,0.5975609756097561,0.6389494228021695,0.612942612942613,0.6402439024390244,1131.7073170731705,,120.72323322296143,,2760,8,256,fe55492d59dea43f07862ecc1a80bebd9838d7fe,True
complete,synthetic,synthetic-eigengap__synthetic__trainable-patch-su4__L8__lr0.01__bs64__seed4,results/runs/synthetic/synthetic-eigengap__synthetic__trainable-patch-su4__L8__lr0.01__bs64__seed4_seed4,synthetic-eigengap,synthetic,trainable-patch-su4,8,4,0.01,64,2000,True,plus,True,False,0.6568659564663084,0.600609756097561,0.6622892289775387,0.5836385836385837,0.6280487804878049,1115.3963414634145,,121.456463098526,,2760,8,256,fe55492d59dea43f07862ecc1a80bebd9838d7fe,True
complete,synthetic,synthetic-eigengap__synthetic__trainable-patch-su4__L8__lr0.01__bs64__seed5,results/runs/synthetic/synthetic-eigengap__synthetic__trainable-patch-su4__L8__lr0.01__bs64__seed5_seed5,synthetic-eigengap,synthetic,trainable-patch-su4,8,5,0.01,64,2000,True,plus,True,False,0.636212408144025,0.6280487804878049,0.6495645311365433,0.6031746031746031,0.649390243902439,1138.2621951219512,,120.06555366516113,,2760,8,256,fe55492d59dea43f07862ecc1a80bebd9838d7fe,True
complete,synthetic,synthetic-eigengap__synthetic__trainable-patch-su4__L8__lr0.01__bs64__seed6,results/runs/synthetic/synthetic-eigengap__synthetic__trainable-patch-su4__L8__lr0.01__bs64__seed6_seed6,synthetic-eigengap,synthetic,trainable-patch-su4,8,6,0.01,64,2000,True,plus,True,False,0.6628341906120113,0.5975609756097561,0.6627797243840132,0.5921855921855922,0.625,1132.0121951219512,,121.20740795135498,,2760,8,256,fe55492d59dea43f07862ecc1a80bebd9838d7fe,True
complete,synthetic,synthetic-eigengap__synthetic__trainable-patch-su4__L8__lr0.01__bs64__seed7,results/runs/synthetic/synthetic-eigengap__synthetic__trainable-patch-su4__L8__lr0.01__bs64__seed7_seed7,synthetic-eigengap,synthetic,trainable-patch-su4,8,7,0.01,64,2000,True,plus,True,False,0.652402788433898,0.6067073170731707,0.6387668110653926,0.6288156288156288,0.6067073170731707,1095.2743902439024,,121.78033256530762,,2760,8,256,fe55492d59dea43f07862ecc1a80bebd9838d7fe,True
complete,synthetic,synthetic-eigengap__synthetic__trainable-patch-su4__L8__lr0.01__bs64__seed8,results/runs/synthetic/synthetic-eigengap__synthetic__trainable-patch-su4__L8__lr0.01__bs64__seed8_seed8,synthetic-eigengap,synthetic,trainable-patch-su4,8,8,0.01,64,2000,True,plus,True,False,0.6667040580804369,0.6036585365853658,0.662516977035781,0.6007326007326007,0.6371951219512195,1109.4512195121952,,123.20180940628052,,2760,8,256,fe55492d59dea43f07862ecc1a80bebd9838d7fe,True
complete,synthetic,synthetic-eigengap__synthetic__trainable-patch-su4__L8__lr0.01__bs64__seed9,results/runs/synthetic/synthetic-eigengap__synthetic__trainable-patch-su4__L8__lr0.01__bs64__seed9_seed9,synthetic-eigengap,synthetic,trainable-patch-su4,8,9,0.01,64,2000,True,plus,True,False,0.6837365201470271,0.5640243902439024,0.638665341393226,0.6239316239316239,0.6036585365853658,1079.8780487804877,,122.30526947975159,,2760,8,256,fe55492d59dea43f07862ecc1a80bebd9838d7fe,True
complete,synthetic,synthetic-singular__synthetic__block-hamiltonian__L16__lr0.01__bs64__seed0,results/runs/synthetic/synthetic-singular__synthetic__block-hamiltonian__L16__lr0.01__bs64__seed0_seed0,synthetic-singular,synthetic,block-hamiltonian,16,0,0.01,64,2000,True,plus,True,False,0.2135257730479577,0.9603658536585366,0.20877414424546475,0.960927960927961,0.9634146341463414,1766.1585365853657,,91.12480235099792,,736,4,16,457b0468ba5f023a4a9f38816dbca0899481d04d,False
complete,synthetic,synthetic-singular__synthetic__block-hamiltonian__L16__lr0.01__bs64__seed10,results/runs/synthetic/synthetic-singular__synthetic__block-hamiltonian__L16__lr0.01__bs64__seed10_seed10,synthetic-singular,synthetic,block-hamiltonian,16,10,0.01,64,2000,True,plus,True,False,0.17995692743774314,0.9603658536585366,0.18062930773326216,0.967032967032967,0.9725609756097561,1797.5609756097563,,91.16428685188293,,736,4,16,457b0468ba5f023a4a9f38816dbca0899481d04d,False
complete,synthetic,synthetic-singular__synthetic__block-hamiltonian__L16__lr0.01__bs64__seed11,results/runs/synthetic/synthetic-singular__synthetic__block-hamiltonian__L16__lr0.01__bs64__seed11_seed11,synthetic-singular,synthetic,block-hamiltonian,16,11,0.01,64,2000,True,plus,True,False,0.19632215704896167,0.9512195121951219,0.19157070514915006,0.9572649572649573,0.9634146341463414,1777.1341463414635,,92.81855773925781,,736,4,16,457b0468ba5f023a4a9f38816dbca0899481d04d,False
complete,synthetic,synthetic-singular__synthetic__block-hamiltonian__L16__lr0.01__bs64__seed12,results/runs/synthetic/synthetic-singular__synthetic__block-hamiltonian__L16__lr0.01__bs64__seed12_seed12,synthetic-singular,synthetic,block-hamiltonian,16,12,0.01,64,2000,True,plus,True,False,0.2628670041463404,0.9359756097560976,0.26507664235440176,0.9487179487179487,0.9542682926829268,1754.4207317073171,,91.03177857398987,,736,4,16,457b0468ba5f023a4a9f38816dbca0899481d04d,False
complete,synthetic,synthetic-singular__synthetic__block-hamiltonian__L16__lr0.01__bs64__seed13,results/runs/synthetic/synthetic-singular__synthetic__block-hamiltonian__L16__lr0.01__bs64__seed13_seed13,synthetic-singular,synthetic,block-hamiltonian,16,13,0.01,64,2000,True,plus,True,False,0.19781910500724567,0.9725609756097561,0.19908031676150564,0.9706959706959707,0.9725609756097561,1771.189024390244,,94.59447574615479,,736,4,16,457b0468ba5f023a4a9f38816dbca0899481d04d,False
complete,synthetic,synthetic-singular__synthetic__block-hamiltonian__L16__lr0.01__bs64__seed14,results/runs/synthetic/synthetic-singular__synthetic__block-hamiltonian__L16__lr0.01__bs64__seed14_seed14,synthetic-singular,synthetic,block-hamiltonian,16,14,0.01,64,2000,True,plus,True,False,0.22204907605116697,0.9451219512195121,0.2272066918863323,0.9401709401709402,0.9634146341463414,1790.396341463415,,89.82412886619568,,736,4,16,457b0468ba5f023a4a9f38816dbca0899481d04d,False
complete,synthetic,synthetic-singular__synthetic__block-hamiltonian__L16__lr0.01__bs64__seed15,results/runs/synthetic/synthetic-singular__synthetic__block-hamiltonian__L16__lr0.01__bs64__seed15_seed15,synthetic-singular,synthetic,block-hamiltonian,16,15,0.01,64,2000,True,plus,True,False,0.28082450458131614,0.9329268292682927,0.2721308796704647,0.9291819291819292,0.9451219512195121,1750.6097560975613,,90.573894739151,,736,4,16,457b0468ba5f023a4a9f38816dbca0899481d04d,False
complete,synthetic,synthetic-singular__synthetic__block-hamiltonian__L16__lr0.01__bs64__seed16,results/runs/synthetic/synthetic-singular__synthetic__block-hamiltonian__L16__lr0.01__bs64__seed16_seed16,synthetic-singular,synthetic,block-hamiltonian,16,16,0.01,64,2000,True,plus,True,False,0.18789753740191034,0.9573170731707317,0.1953321689357198,0.960927960927961,0.9573170731707317,1802.4390243902442,,91.36543941497803,,736,4,16,457b0468ba5f023a4a9f38816dbca0899481d04d,False
complete,synthetic,synthetic-singular__synthetic__block-hamiltonian__L16__lr0.01__bs64__seed17,results/runs/synthetic/synthetic-singular__synthetic__block-hamiltonian__L16__lr0.01__bs64__seed17_seed17,synthetic-singular,synthetic,block-hamiltonian,16,17,0.01,64,2000,True,plus,True,False,0.1752841835152196,0.9786585365853658,0.17735614636385447,0.9706959706959707,0.9786585365853658,1802.1341463414633,,92.78502225875854,,736,4,16,457b0468ba5f023a4a9f38816dbca0899481d04d,False
complete,synthetic,synthetic-singular__synthetic__block-hamiltonian__L16__lr0.01__bs64__seed18,results/runs/synthetic/synthetic-singular__synthetic__block-hamiltonian__L16__lr0.01__bs64__seed18_seed18,synthetic-singular,synthetic,block-hamiltonian,16,18,0.01,64,2000,True,plus,True,False,0.22207233684117222,0.9542682926829268,0.21982740130463704,0.967032967032967,0.9603658536585366,1767.0731707317073,,93.72347021102905,,736,4,16,457b0468ba5f023a4a9f38816dbca0899481d04d,False
complete,synthetic,synthetic-singular__synthetic__block-hamiltonian__L16__lr0.01__bs64__seed19,results/runs/synthetic/synthetic-singular__synthetic__block-hamiltonian__L16__lr0.01__bs64__seed19_seed19,synthetic-singular,synthetic,block-hamiltonian,16,19,0.01,64,2000,True,plus,True,False,0.17022912714318097,0.9725609756097561,0.1737927146287607,0.9694749694749695,0.9725609756097561,1777.5914634146343,,94.49513268470764,,736,4,16,457b0468ba5f023a4a9f38816dbca0899481d04d,False
complete,synthetic,synthetic-singular__synthetic__block-hamiltonian__L16__lr0.01__bs64__seed1,results/runs/synthetic/synthetic-singular__synthetic__block-hamiltonian__L16__lr0.01__bs64__seed1_seed1,synthetic-singular,synthetic,block-hamiltonian,16,1,0.01,64,2000,True,plus,True,False,0.2327208338133924,0.948170731707317,0.22867132216092653,0.9462759462759462,0.9695121951219512,1787.3475609756097,,92.86219000816345,,736,4,16,457b0468ba5f023a4a9f38816dbca0899481d04d,False
complete,synthetic,synthetic-singular__synthetic__block-hamiltonian__L16__lr0.01__bs64__seed2,results/runs/synthetic/synthetic-singular__synthetic__block-hamiltonian__L16__lr0.01__bs64__seed2_seed2,synthetic-singular,synthetic,block-hamiltonian,16,2,0.01,64,2000,True,plus,True,False,0.2214701522071553,0.9634146341463414,0.22255772911341964,0.9560439560439561,0.9634146341463414,1775.7621951219512,,92.35668540000916,,736,4,16,457b0468ba5f023a4a9f38816dbca0899481d04d,False
complete,synthetic,synthetic-singular__synthetic__block-hamiltonian__L16__lr0.01__bs64__seed3,results/runs/synthetic/synthetic-singular__synthetic__block-hamiltonian__L16__lr0.01__bs64__seed3_seed3,synthetic-singular,synthetic,block-hamiltonian,16,3,0.01,64,2000,True,plus,True,False,0.2656957510776635,0.9329268292682927,0.25853277468327795,0.938949938949939,0.9451219512195121,1731.5548780487807,,91.58202075958252,,736,4,16,457b0468ba5f023a4a9f38816dbca0899481d04d,False
complete,synthetic,synthetic-singular__synthetic__block-hamiltonian__L16__lr0.01__bs64__seed4,results/runs/synthetic/synthetic-singular__synthetic__block-hamiltonian__L16__lr0.01__bs64__seed4_seed4,synthetic-singular,synthetic,block-hamiltonian,16,4,0.01,64,2000,True,plus,True,False,0.27354991279811525,0.9329268292682927,0.2638947010191286,0.927960927960928,0.9573170731707317,1735.213414634146,,93.45943403244019,,736,4,16,457b0468ba5f023a4a9f38816dbca0899481d04d,False
complete,synthetic,synthetic-singular__synthetic__block-hamiltonian__L16__lr0.01__bs64__seed5,results/runs/synthetic/synthetic-singular__synthetic__block-hamiltonian__L16__lr0.01__bs64__seed5_seed5,synthetic-singular,synthetic,block-hamiltonian,16,5,0.01,64,2000,True,plus,True,False,0.19249348860446097,0.9664634146341463,0.19456622407490395,0.9645909645909646,0.9695121951219512,1803.658536585366,,90.77410984039307,,736,4,16,457b0468ba5f023a4a9f38816dbca0899481d04d,False
complete,synthetic,synthetic-singular__synthetic__block-hamiltonian__L16__lr0.01__bs64__seed6,results/runs/synthetic/synthetic-singular__synthetic__block-hamiltonian__L16__lr0.01__bs64__seed6_seed6,synthetic-singular,synthetic,block-hamiltonian,16,6,0.01,64,2000,True,plus,True,False,0.20242259055558554,0.9603658536585366,0.19756340615490336,0.9597069597069597,0.975609756097561,1783.9939024390242,,91.70213580131531,,736,4,16,457b0468ba5f023a4a9f38816dbca0899481d04d,False
complete,synthetic,synthetic-singular__synthetic__block-hamiltonian__L16__lr0.01__bs64__seed7,results/runs/synthetic/synthetic-singular__synthetic__block-hamiltonian__L16__lr0.01__bs64__seed7_seed7,synthetic-singular,synthetic,block-hamiltonian,16,7,0.01,64,2000,True,plus,True,False,0.2767388919811407,0.9115853658536586,0.26592200818697465,0.9230769230769231,0.948170731707317,1754.8780487804875,,92.4823431968689,,736,4,16,457b0468ba5f023a4a9f38816dbca0899481d04d,False
complete,synthetic,synthetic-singular__synthetic__block-hamiltonian__L16__lr0.01__bs64__seed8,results/runs/synthetic/synthetic-singular__synthetic__block-hamiltonian__L16__lr0.01__bs64__seed8_seed8,synthetic-singular,synthetic,block-hamiltonian,16,8,0.01,64,2000,True,plus,True,False,0.2633250129960956,0.9359756097560976,0.2529608176044543,0.9352869352869353,0.9390243902439024,1714.0243902439022,,90.98009371757507,,736,4,16,457b0468ba5f023a4a9f38816dbca0899481d04d,False
complete,synthetic,synthetic-singular__synthetic__block-hamiltonian__L16__lr0.01__bs64__seed9,results/runs/synthetic/synthetic-singular__synthetic__block-hamiltonian__L16__lr0.01__bs64__seed9_seed9,synthetic-singular,synthetic,block-hamiltonian,16,9,0.01,64,2000,True,plus,True,False,0.18254214388204923,0.9542682926829268,0.1809627874165652,0.9548229548229549,0.9664634146341463,1796.951219512195,,94.08429074287415,,736,4,16,457b0468ba5f023a4a9f38816dbca0899481d04d,False
complete,synthetic,synthetic-singular__synthetic__block-hamiltonian__L1__lr0.01__bs64__seed0,results/runs/synthetic/synthetic-singular__synthetic__block-hamiltonian__L1__lr0.01__bs64__seed0_seed0,synthetic-singular,synthetic,block-hamiltonian,1,0,0.01,64,2000,True,plus,True,False,0.5997308684228176,0.6707317073170732,0.5859171363550939,0.6862026862026862,0.6951219512195121,1252.2865853658534,,58.54997682571411,,46,4,16,5d760ef42d71a06acce4efdc9ed931be057f16a6,False
complete,synthetic,synthetic-singular__synthetic__block-hamiltonian__L1__lr0.01__bs64__seed10,results/runs/synthetic/synthetic-singular__synthetic__block-hamiltonian__L1__lr0.01__bs64__seed10_seed10,synthetic-singular,synthetic,block-hamiltonian,1,10,0.01,64,2000,True,plus,True,False,0.6003551705677799,0.6676829268292683,0.5832728751086962,0.6959706959706959,0.7073170731707317,1260.823170731707,,108.7596480846405,,46,4,16,5d760ef42d71a06acce4efdc9ed931be057f16a6,False
complete,synthetic,synthetic-singular__synthetic__block-hamiltonian__L1__lr0.01__bs64__seed11,results/runs/synthetic/synthetic-singular__synthetic__block-hamiltonian__L1__lr0.01__bs64__seed11_seed11,synthetic-singular,synthetic,block-hamiltonian,1,11,0.01,64,2000,True,plus,True,False,0.5992347831390853,0.6707317073170732,0.5852934632234819,0.6727716727716728,0.6920731707317073,1255.3353658536587,,72.44126892089844,,46,4,16,5d760ef42d71a06acce4efdc9ed931be057f16a6,False
complete,synthetic,synthetic-singular__synthetic__block-hamiltonian__L1__lr0.01__bs64__seed12,results/runs/synthetic/synthetic-singular__synthetic__block-hamiltonian__L1__lr0.01__bs64__seed12_seed12,synthetic-singular,synthetic,block-hamiltonian,1,12,0.01,64,2000,True,plus,True,False,0.5988726012297186,0.6707317073170732,0.581928084082218,0.6959706959706959,0.698170731707317,1250.15243902439,,91.1762523651123,,46,4,16,5d760ef42d71a06acce4efdc9ed931be057f16a6,False
complete,synthetic,synthetic-singular__synthetic__block-hamiltonian__L1__lr0.01__bs64__seed13,results/runs/synthetic/synthetic-singular__synthetic__block-hamiltonian__L1__lr0.01__bs64__seed13_seed13,synthetic-singular,synthetic,block-hamiltonian,1,13,0.01,64,2000,True,plus,True,False,0.5999598123254485,0.6859756097560976,0.5831217051655012,0.7008547008547008,0.698170731707317,1256.5548780487807,,89.28773880004883,,46,4,16,5d760ef42d71a06acce4efdc9ed931be057f16a6,False
complete,synthetic,synthetic-singular__synthetic__block-hamiltonian__L1__lr0.01__bs64__seed14,results/runs/synthetic/synthetic-singular__synthetic__block-hamiltonian__L1__lr0.01__bs64__seed14_seed14,synthetic-singular,synthetic,block-hamiltonian,1,14,0.01,64,2000,True,plus,True,False,0.6016048802068694,0.6554878048780488,0.5863629341326745,0.6788766788766789,0.6798780487804879,1255.7926829268292,,105.32730770111084,,46,4,16,5d760ef42d71a06acce4efdc9ed931be057f16a6,False
complete,synthetic,synthetic-singular__synthetic__block-hamiltonian__L1__lr0.01__bs64__seed15,results/runs/synthetic/synthetic-singular__synthetic__block-hamiltonian__L1__lr0.01__bs64__seed15_seed15,synthetic-singular,synthetic,block-hamiltonian,1,15,0.01,64,2000,True,plus,True,False,0.6082085728618966,0.6189024390243902,0.5973068521015801,0.6410256410256411,0.698170731707317,1256.4024390243903,,75.19505906105042,,46,4,16,5d760ef42d71a06acce4efdc9ed931be057f16a6,False
complete,synthetic,synthetic-singular__synthetic__block-hamiltonian__L1__lr0.01__bs64__seed16,results/runs/synthetic/synthetic-singular__synthetic__block-hamiltonian__L1__lr0.01__bs64__seed16_seed16,synthetic-singular,synthetic,block-hamiltonian,1,16,0.01,64,2000,True,plus,True,False,0.5993649729369492,0.6615853658536586,0.5841046364487371,0.6898656898656899,0.6829268292682927,1251.5243902439024,,56.69841480255127,,46,4,16,5d760ef42d71a06acce4efdc9ed931be057f16a6,False
complete,synthetic,synthetic-singular__synthetic__block-hamiltonian__L1__lr0.01__bs64__seed17,results/runs/synthetic/synthetic-singular__synthetic__block-hamiltonian__L1__lr0.01__bs64__seed17_seed17,synthetic-singular,synthetic,block-hamiltonian,1,17,0.01,64,2000,True,plus,True,False,0.6006117908855089,0.6585365853658537,0.5875447544797313,0.6703296703296703,0.7073170731707317,1255.4878048780488,,79.42239141464233,,46,4,16,c9975de69f8651d303bc6c90c5d2fe6e6ebd42c1,False
complete,synthetic,synthetic-singular__synthetic__block-hamiltonian__L1__lr0.01__bs64__seed18,results/runs/synthetic/synthetic-singular__synthetic__block-hamiltonian__L1__lr0.01__bs64__seed18_seed18,synthetic-singular,synthetic,block-hamiltonian,1,18,0.01,64,2000,True,plus,True,False,0.6025612008587233,0.6524390243902439,0.5890549730317369,0.6654456654456654,0.6890243902439024,1258.3841463414635,,64.61054491996765,,46,4,16,c9975de69f8651d303bc6c90c5d2fe6e6ebd42c1,False
complete,synthetic,synthetic-singular__synthetic__block-hamiltonian__L1__lr0.01__bs64__seed19,results/runs/synthetic/synthetic-singular__synthetic__block-hamiltonian__L1__lr0.01__bs64__seed19_seed19,synthetic-singular,synthetic,block-hamiltonian,1,19,0.01,64,2000,True,plus,True,False,0.5984466109478352,0.6798780487804879,0.582147708579056,0.706959706959707,0.6951219512195121,1260.060975609756,,47.43626618385315,,46,4,16,c9975de69f8651d303bc6c90c5d2fe6e6ebd42c1,False
complete,synthetic,synthetic-singular__synthetic__block-hamiltonian__L1__lr0.01__bs64__seed1,results/runs/synthetic/synthetic-singular__synthetic__block-hamiltonian__L1__lr0.01__bs64__seed1_seed1,synthetic-singular,synthetic,block-hamiltonian,1,1,0.01,64,2000,True,plus,True,False,0.5993540924001015,0.6585365853658537,0.5863174224766112,0.6800976800976801,0.6859756097560976,1250.15243902439,,89.3821976184845,,46,4,16,5d760ef42d71a06acce4efdc9ed931be057f16a6,False
complete,synthetic,synthetic-singular__synthetic__block-hamiltonian__L1__lr0.01__bs64__seed2,results/runs/synthetic/synthetic-singular__synthetic__block-hamiltonian__L1__lr0.01__bs64__seed2_seed2,synthetic-singular,synthetic,block-hamiltonian,1,2,0.01,64,2000,True,plus,True,False,0.5988931797670864,0.6646341463414634,0.584020288801989,0.6910866910866911,0.6951219512195121,1255.4878048780488,,31.047494173049927,,46,4,16,c9975de69f8651d303bc6c90c5d2fe6e6ebd42c1,False
complete,synthetic,synthetic-singular__synthetic__block-hamiltonian__L1__lr0.01__bs64__seed3,results/runs/synthetic/synthetic-singular__synthetic__block-hamiltonian__L1__lr0.01__bs64__seed3_seed3,synthetic-singular,synthetic,block-hamiltonian,1,3,0.01,64,2000,True,plus,True,False,0.5979176233514452,0.6920731707317073,0.5829261791773269,0.6984126984126984,0.6920731707317073,1258.5365853658539,,29.941503524780273,,46,4,16,c9975de69f8651d303bc6c90c5d2fe6e6ebd42c1,False
complete,synthetic,synthetic-singular__synthetic__block-hamiltonian__L1__lr0.01__bs64__seed4,results/runs/synthetic/synthetic-singular__synthetic__block-hamiltonian__L1__lr0.01__bs64__seed4_seed4,synthetic-singular,synthetic,block-hamiltonian,1,4,0.01,64,2000,True,plus,True,False,0.5997842690534166,0.6859756097560976,0.5818412940328261,0.7106227106227107,0.6859756097560976,1256.4024390243906,,34.18999123573303,,46,4,16,c9975de69f8651d303bc6c90c5d2fe6e6ebd42c1,False
complete,synthetic,synthetic-singular__synthetic__block-hamiltonian__L1__lr0.01__bs64__seed5,results/runs/synthetic/synthetic-singular__synthetic__block-hamiltonian__L1__lr0.01__bs64__seed5_seed5,synthetic-singular,synthetic,block-hamiltonian,1,5,0.01,64,2000,True,plus,True,False,0.6002991736032085,0.6615853658536586,0.5857270708904099,0.6727716727716728,0.6859756097560976,1261.890243902439,,25.21279549598694,,46,4,16,c9975de69f8651d303bc6c90c5d2fe6e6ebd42c1,False
complete,synthetic,synthetic-singular__synthetic__block-hamiltonian__L1__lr0.01__bs64__seed6,results/runs/synthetic/synthetic-singular__synthetic__block-hamiltonian__L1__lr0.01__bs64__seed6_seed6,synthetic-singular,synthetic,block-hamiltonian,1,6,0.01,64,2000,True,plus,True,False,0.6000855980685882,0.6615853658536586,0.585378781012406,0.6752136752136753,0.7012195121951219,1269.8170731707319,,26.25414228439331,,46,4,16,c9975de69f8651d303bc6c90c5d2fe6e6ebd42c1,False
complete,synthetic,synthetic-singular__synthetic__block-hamiltonian__L1__lr0.01__bs64__seed7,results/runs/synthetic/synthetic-singular__synthetic__block-hamiltonian__L1__lr0.01__bs64__seed7_seed7,synthetic-singular,synthetic,block-hamiltonian,1,7,0.01,64,2000,True,plus,True,False,0.5990044553916569,0.6615853658536586,0.5845476305588684,0.6898656898656899,0.6890243902439024,1262.0426829268295,,25.0659601688385,,46,4,16,c9975de69f8651d303bc6c90c5d2fe6e6ebd42c1,False
complete,synthetic,synthetic-singular__synthetic__block-hamiltonian__L1__lr0.01__bs64__seed8,results/runs/synthetic/synthetic-singular__synthetic__block-hamiltonian__L1__lr0.01__bs64__seed8_seed8,synthetic-singular,synthetic,block-hamiltonian,1,8,0.01,64,2000,True,plus,True,False,0.5989287100107065,0.6829268292682927,0.5817833215841496,0.7106227106227107,0.7012195121951219,1261.7378048780488,,23.387704372406006,,46,4,16,c9975de69f8651d303bc6c90c5d2fe6e6ebd42c1,False
complete,synthetic,synthetic-singular__synthetic__block-hamiltonian__L1__lr0.01__bs64__seed9,results/runs/synthetic/synthetic-singular__synthetic__block-hamiltonian__L1__lr0.01__bs64__seed9_seed9,synthetic-singular,synthetic,block-hamiltonian,1,9,0.01,64,2000,True,plus,True,False,0.5988682595268298,0.6646341463414634,0.5841044079945346,0.6825396825396826,0.6859756097560976,1262.5,,26.304622650146484,,46,4,16,c9975de69f8651d303bc6c90c5d2fe6e6ebd42c1,False
complete,synthetic,synthetic-singular__synthetic__block-hamiltonian__L2__lr0.01__bs64__seed0,results/runs/synthetic/synthetic-singular__synthetic__block-hamiltonian__L2__lr0.01__bs64__seed0_seed0,synthetic-singular,synthetic,block-hamiltonian,2,0,0.01,64,2000,True,plus,True,False,0.373176947473989,0.9390243902439024,0.37969260571398566,0.9242979242979243,0.9634146341463414,1706.5548780487802,,23.22135353088379,,92,4,16,5d760ef42d71a06acce4efdc9ed931be057f16a6,False
complete,synthetic,synthetic-singular__synthetic__block-hamiltonian__L2__lr0.01__bs64__seed10,results/runs/synthetic/synthetic-singular__synthetic__block-hamiltonian__L2__lr0.01__bs64__seed10_seed10,synthetic-singular,synthetic,block-hamiltonian,2,10,0.01,64,2000,True,plus,True,False,0.37422974236014267,0.9390243902439024,0.379395930591806,0.9255189255189256,0.9512195121951219,1705.9451219512196,,21.857226371765137,,92,4,16,5d760ef42d71a06acce4efdc9ed931be057f16a6,False
complete,synthetic,synthetic-singular__synthetic__block-hamiltonian__L2__lr0.01__bs64__seed11,results/runs/synthetic/synthetic-singular__synthetic__block-hamiltonian__L2__lr0.01__bs64__seed11_seed11,synthetic-singular,synthetic,block-hamiltonian,2,11,0.01,64,2000,True,plus,True,False,0.3737257039699064,0.899390243902439,0.38194278786231045,0.9023199023199023,0.9573170731707317,1703.9634146341466,,23.225810289382935,,92,4,16,5d760ef42d71a06acce4efdc9ed931be057f16a6,False
complete,synthetic,synthetic-singular__synthetic__block-hamiltonian__L2__lr0.01__bs64__seed12,results/runs/synthetic/synthetic-singular__synthetic__block-hamiltonian__L2__lr0.01__bs64__seed12_seed12,synthetic-singular,synthetic,block-hamiltonian,2,12,0.01,64,2000,True,plus,True,False,0.3782497423002232,0.8841463414634146,0.38319736455997083,0.8937728937728938,0.9146341463414634,1654.7256097560978,,21.822247982025146,,92,4,16,5d760ef42d71a06acce4efdc9ed931be057f16a6,False
complete,synthetic,synthetic-singular__synthetic__block-hamiltonian__L2__lr0.01__bs64__seed13,results/runs/synthetic/synthetic-singular__synthetic__block-hamiltonian__L2__lr0.01__bs64__seed13_seed13,synthetic-singular,synthetic,block-hamiltonian,2,13,0.01,64,2000,True,plus,True,False,0.37554124654922,0.9207317073170732,0.381239249180112,0.9047619047619048,0.9237804878048781,1693.4451219512198,,23.356614351272583,,92,4,16,5d760ef42d71a06acce4efdc9ed931be057f16a6,False
complete,synthetic,synthetic-singular__synthetic__block-hamiltonian__L2__lr0.01__bs64__seed14,results/runs/synthetic/synthetic-singular__synthetic__block-hamiltonian__L2__lr0.01__bs64__seed14_seed14,synthetic-singular,synthetic,block-hamiltonian,2,14,0.01,64,2000,True,plus,True,False,0.3777036706576234,0.9207317073170732,0.38271544752296716,0.8876678876678876,0.9390243902439024,1682.9268292682925,,21.864691972732544,,92,4,16,5d760ef42d71a06acce4efdc9ed931be057f16a6,False
complete,synthetic,synthetic-singular__synthetic__block-hamiltonian__L2__lr0.01__bs64__seed15,results/runs/synthetic/synthetic-singular__synthetic__block-hamiltonian__L2__lr0.01__bs64__seed15_seed15,synthetic-singular,synthetic,block-hamiltonian,2,15,0.01,64,2000,True,plus,True,False,0.38099846751318084,0.8871951219512195,0.3860592449914693,0.8888888888888888,0.926829268292683,1681.25,,24.290778636932373,,92,4,16,5d760ef42d71a06acce4efdc9ed931be057f16a6,False
complete,synthetic,synthetic-singular__synthetic__block-hamiltonian__L2__lr0.01__bs64__seed16,results/runs/synthetic/synthetic-singular__synthetic__block-hamiltonian__L2__lr0.01__bs64__seed16_seed16,synthetic-singular,synthetic,block-hamiltonian,2,16,0.01,64,2000,True,plus,True,False,0.3769907089102721,0.899390243902439,0.38280956921687687,0.8974358974358975,0.9359756097560976,1689.6341463414642,,25.103631734848022,,92,4,16,5d760ef42d71a06acce4efdc9ed931be057f16a6,False
complete,synthetic,synthetic-singular__synthetic__block-hamiltonian__L2__lr0.01__bs64__seed17,results/runs/synthetic/synthetic-singular__synthetic__block-hamiltonian__L2__lr0.01__bs64__seed17_seed17,synthetic-singular,synthetic,block-hamiltonian,2,17,0.01,64,2000,True,plus,True,False,0.37519572577277427,0.9298780487804879,0.3794684279452818,0.9218559218559218,0.948170731707317,1715.0914634146338,,21.625678300857544,,92,4,16,5d760ef42d71a06acce4efdc9ed931be057f16a6,False
complete,synthetic,synthetic-singular__synthetic__block-hamiltonian__L2__lr0.01__bs64__seed18,results/runs/synthetic/synthetic-singular__synthetic__block-hamiltonian__L2__lr0.01__bs64__seed18_seed18,synthetic-singular,synthetic,block-hamiltonian,2,18,0.01,64,2000,True,plus,True,False,0.37739877989361914,0.9420731707317073,0.38413709129093304,0.9255189255189256,0.9420731707317073,1712.0426829268295,,22.26961612701416,,92,4,16,5d760ef42d71a06acce4efdc9ed931be057f16a6,False
complete,synthetic,synthetic-singular__synthetic__block-hamiltonian__L2__lr0.01__bs64__seed19,results/runs/synthetic/synthetic-singular__synthetic__block-hamiltonian__L2__lr0.01__bs64__seed19_seed19,synthetic-singular,synthetic,block-hamiltonian,2,19,0.01,64,2000,True,plus,True,False,0.37355636180449897,0.9176829268292683,0.38107918378504974,0.9084249084249084,0.9176829268292683,1662.34756097561,,23.365478038787842,,92,4,16,5d760ef42d71a06acce4efdc9ed931be057f16a6,False
complete,synthetic,synthetic-singular__synthetic__block-hamiltonian__L2__lr0.01__bs64__seed1,results/runs/synthetic/synthetic-singular__synthetic__block-hamiltonian__L2__lr0.01__bs64__seed1_seed1,synthetic-singular,synthetic,block-hamiltonian,2,1,0.01,64,2000,True,plus,True,False,0.3736112126781968,0.9542682926829268,0.379714163814411,0.9242979242979243,0.9542682926829268,1716.6158536585365,,23.88042116165161,,92,4,16,5d760ef42d71a06acce4efdc9ed931be057f16a6,False
complete,synthetic,synthetic-singular__synthetic__block-hamiltonian__L2__lr0.01__bs64__seed2,results/runs/synthetic/synthetic-singular__synthetic__block-hamiltonian__L2__lr0.01__bs64__seed2_seed2,synthetic-singular,synthetic,block-hamiltonian,2,2,0.01,64,2000,True,plus,True,False,0.37592684559057615,0.9176829268292683,0.38256126453617717,0.9096459096459096,0.9176829268292683,1666.920731707317,,21.797074556350708,,92,4,16,5d760ef42d71a06acce4efdc9ed931be057f16a6,False
complete,synthetic,synthetic-singular__synthetic__block-hamiltonian__L2__lr0.01__bs64__seed3,results/runs/synthetic/synthetic-singular__synthetic__block-hamiltonian__L2__lr0.01__bs64__seed3_seed3,synthetic-singular,synthetic,block-hamiltonian,2,3,0.01,64,2000,True,plus,True,False,0.3730642990237462,0.9329268292682927,0.3800132720063698,0.9108669108669109,0.9695121951219512,1710.9756097560974,,23.37676167488098,,92,4,16,5d760ef42d71a06acce4efdc9ed931be057f16a6,False
complete,synthetic,synthetic-singular__synthetic__block-hamiltonian__L2__lr0.01__bs64__seed4,results/runs/synthetic/synthetic-singular__synthetic__block-hamiltonian__L2__lr0.01__bs64__seed4_seed4,synthetic-singular,synthetic,block-hamiltonian,2,4,0.01,64,2000,True,plus,True,False,0.3743692681140629,0.9359756097560976,0.37878764837472684,0.9316239316239316,0.9451219512195121,1710.8231707317073,,21.665857315063477,,92,4,16,5d760ef42d71a06acce4efdc9ed931be057f16a6,False
complete,synthetic,synthetic-singular__synthetic__block-hamiltonian__L2__lr0.01__bs64__seed5,results/runs/synthetic/synthetic-singular__synthetic__block-hamiltonian__L2__lr0.01__bs64__seed5_seed5,synthetic-singular,synthetic,block-hamiltonian,2,5,0.01,64,2000,True,plus,True,False,0.37365889018479514,0.9329268292682927,0.3785826211709643,0.9304029304029304,0.9542682926829268,1714.3292682926829,,23.182393074035645,,92,4,16,5d760ef42d71a06acce4efdc9ed931be057f16a6,False
complete,synthetic,synthetic-singular__synthetic__block-hamiltonian__L2__lr0.01__bs64__seed6,results/runs/synthetic/synthetic-singular__synthetic__block-hamiltonian__L2__lr0.01__bs64__seed6_seed6,synthetic-singular,synthetic,block-hamiltonian,2,6,0.01,64,2000,True,plus,True,False,0.38137758801792165,0.9146341463414634,0.38621384319057667,0.9169719169719169,0.9329268292682927,1685.3658536585365,,23.033735036849976,,92,4,16,5d760ef42d71a06acce4efdc9ed931be057f16a6,False
complete,synthetic,synthetic-singular__synthetic__block-hamiltonian__L2__lr0.01__bs64__seed7,results/runs/synthetic/synthetic-singular__synthetic__block-hamiltonian__L2__lr0.01__bs64__seed7_seed7,synthetic-singular,synthetic,block-hamiltonian,2,7,0.01,64,2000,True,plus,True,False,0.37524718156338793,0.9085365853658537,0.38218145442493373,0.8901098901098901,0.9329268292682927,1675.457317073171,,23.22199845314026,,92,4,16,5d760ef42d71a06acce4efdc9ed931be057f16a6,False
complete,synthetic,synthetic-singular__synthetic__block-hamiltonian__L2__lr0.01__bs64__seed8,results/runs/synthetic/synthetic-singular__synthetic__block-hamiltonian__L2__lr0.01__bs64__seed8_seed8,synthetic-singular,synthetic,block-hamiltonian,2,8,0.01,64,2000,True,plus,True,False,0.3728603313374179,0.948170731707317,0.3790518274530036,0.9194139194139194,0.9542682926829268,1707.0121951219517,,23.175628185272217,,92,4,16,5d760ef42d71a06acce4efdc9ed931be057f16a6,False
complete,synthetic,synthetic-singular__synthetic__block-hamiltonian__L2__lr0.01__bs64__seed9,results/runs/synthetic/synthetic-singular__synthetic__block-hamiltonian__L2__lr0.01__bs64__seed9_seed9,synthetic-singular,synthetic,block-hamiltonian,2,9,0.01,64,2000,True,plus,True,False,0.37758421923393465,0.9176829268292683,0.3829727767258896,0.8925518925518926,0.9298780487804879,1697.4085365853662,,21.961026906967163,,92,4,16,5d760ef42d71a06acce4efdc9ed931be057f16a6,False
complete,synthetic,synthetic-singular__synthetic__block-hamiltonian__L32__lr0.01__bs64__seed0,results/runs/synthetic/synthetic-singular__synthetic__block-hamiltonian__L32__lr0.01__bs64__seed0_seed0,synthetic-singular,synthetic,block-hamiltonian,32,0,0.01,64,2000,True,plus,True,False,0.24467197652018807,0.9207317073170732,0.23271737950920815,0.9413919413919414,0.9542682926829268,1731.0975609756097,,269.482887506485,,1472,4,16,5d760ef42d71a06acce4efdc9ed931be057f16a6,False
complete,synthetic,synthetic-singular__synthetic__block-hamiltonian__L32__lr0.01__bs64__seed10,results/runs/synthetic/synthetic-singular__synthetic__block-hamiltonian__L32__lr0.01__bs64__seed10_seed10,synthetic-singular,synthetic,block-hamiltonian,32,10,0.01,64,2000,True,plus,True,False,0.3863127459516105,0.8719512195121951,0.390285894045689,0.8778998778998779,0.9146341463414634,1659.451219512195,,169.940087556839,,1472,4,16,457b0468ba5f023a4a9f38816dbca0899481d04d,False
complete,synthetic,synthetic-singular__synthetic__block-hamiltonian__L32__lr0.01__bs64__seed11,results/runs/synthetic/synthetic-singular__synthetic__block-hamiltonian__L32__lr0.01__bs64__seed11_seed11,synthetic-singular,synthetic,block-hamiltonian,32,11,0.01,64,2000,True,plus,True,False,0.24533628665454352,0.948170731707317,0.2479193249304891,0.9487179487179487,0.948170731707317,1683.689024390244,,170.73917961120605,,1472,4,16,457b0468ba5f023a4a9f38816dbca0899481d04d,False
complete,synthetic,synthetic-singular__synthetic__block-hamiltonian__L32__lr0.01__bs64__seed12,results/runs/synthetic/synthetic-singular__synthetic__block-hamiltonian__L32__lr0.01__bs64__seed12_seed12,synthetic-singular,synthetic,block-hamiltonian,32,12,0.01,64,2000,True,plus,True,False,0.393627766510542,0.8658536585365854,0.39371588466887386,0.8803418803418803,0.9115853658536586,1646.3414634146343,,168.86521530151367,,1472,4,16,457b0468ba5f023a4a9f38816dbca0899481d04d,False
complete,synthetic,synthetic-singular__synthetic__block-hamiltonian__L32__lr0.01__bs64__seed13,results/runs/synthetic/synthetic-singular__synthetic__block-hamiltonian__L32__lr0.01__bs64__seed13_seed13,synthetic-singular,synthetic,block-hamiltonian,32,13,0.01,64,2000,True,plus,True,False,0.2404393454772864,0.948170731707317,0.23792525627578878,0.960927960927961,0.9603658536585366,1746.1890243902442,,172.83992218971252,,1472,4,16,457b0468ba5f023a4a9f38816dbca0899481d04d,False
complete,synthetic,synthetic-singular__synthetic__block-hamiltonian__L32__lr0.01__bs64__seed14,results/runs/synthetic/synthetic-singular__synthetic__block-hamiltonian__L32__lr0.01__bs64__seed14_seed14,synthetic-singular,synthetic,block-hamiltonian,32,14,0.01,64,2000,True,plus,True,False,0.2432190886301519,0.9390243902439024,0.24957880405698984,0.938949938949939,0.9603658536585366,1766.920731707317,,172.85463976860046,,1472,4,16,457b0468ba5f023a4a9f38816dbca0899481d04d,False
complete,synthetic,synthetic-singular__synthetic__block-hamiltonian__L32__lr0.01__bs64__seed15,results/runs/synthetic/synthetic-singular__synthetic__block-hamiltonian__L32__lr0.01__bs64__seed15_seed15,synthetic-singular,synthetic,block-hamiltonian,32,15,0.01,64,2000,True,plus,True,False,0.21956109937912932,0.9542682926829268,0.2145261559736478,0.9682539682539683,0.9634146341463414,1764.0243902439024,,169.4813997745514,,1472,4,16,457b0468ba5f023a4a9f38816dbca0899481d04d,False
complete,synthetic,synthetic-singular__synthetic__block-hamiltonian__L32__lr0.01__bs64__seed16,results/runs/synthetic/synthetic-singular__synthetic__block-hamiltonian__L32__lr0.01__bs64__seed16_seed16,synthetic-singular,synthetic,block-hamiltonian,32,16,0.01,64,2000,True,plus,True,False,0.20990865499818204,0.9634146341463414,0.2183855721488741,0.9560439560439561,0.9664634146341463,1760.8231707317073,,171.56384563446045,,1472,4,16,457b0468ba5f023a4a9f38816dbca0899481d04d,False
complete,synthetic,synthetic-singular__synthetic__block-hamiltonian__L32__lr0.01__bs64__seed17,results/runs/synthetic/synthetic-singular__synthetic__block-hamiltonian__L32__lr0.01__bs64__seed17_seed17,synthetic-singular,synthetic,block-hamiltonian,32,17,0.01,64,2000,True,plus,True,False,0.3903982933562867,0.8658536585365854,0.39382058159499495,0.8583638583638583,0.926829268292683,1665.0914634146343,,176.0348756313324,,1472,4,16,457b0468ba5f023a4a9f38816dbca0899481d04d,False
complete,synthetic,synthetic-singular__synthetic__block-hamiltonian__L32__lr0.01__bs64__seed18,results/runs/synthetic/synthetic-singular__synthetic__block-hamiltonian__L32__lr0.01__bs64__seed18_seed18,synthetic-singular,synthetic,block-hamiltonian,32,18,0.01,64,2000,True,plus,True,False,0.2020469173436989,0.9634146341463414,0.21354240897751883,0.9584859584859585,0.9634146341463414,1775.9146341463413,,179.001207113266,,1472,4,16,457b0468ba5f023a4a9f38816dbca0899481d04d,False
complete,synthetic,synthetic-singular__synthetic__block-hamiltonian__L32__lr0.01__bs64__seed19,results/runs/synthetic/synthetic-singular__synthetic__block-hamiltonian__L32__lr0.01__bs64__seed19_seed19,synthetic-singular,synthetic,block-hamiltonian,32,19,0.01,64,2000,True,plus,True,False,0.1863561224969825,0.9542682926829268,0.1807195130699604,0.9743589743589743,0.9786585365853658,1790.2439024390244,,178.51016974449158,,1472,4,16,457b0468ba5f023a4a9f38816dbca0899481d04d,False
complete,synthetic,synthetic-singular__synthetic__block-hamiltonian__L32__lr0.01__bs64__seed1,results/runs/synthetic/synthetic-singular__synthetic__block-hamiltonian__L32__lr0.01__bs64__seed1_seed1,synthetic-singular,synthetic,block-hamiltonian,32,1,0.01,64,2000,True,plus,True,False,0.4104106729714545,0.8597560975609756,0.41970258528358806,0.8437118437118437,0.9146341463414634,1656.25,,170.5548074245453,,1472,4,16,457b0468ba5f023a4a9f38816dbca0899481d04d,False
complete,synthetic,synthetic-singular__synthetic__block-hamiltonian__L32__lr0.01__bs64__seed2,results/runs/synthetic/synthetic-singular__synthetic__block-hamiltonian__L32__lr0.01__bs64__seed2_seed2,synthetic-singular,synthetic,block-hamiltonian,32,2,0.01,64,2000,True,plus,True,False,0.4018280012622324,0.875,0.40133017034007706,0.8937728937728938,0.8963414634146342,1643.7500000000005,,177.64404678344727,,1472,4,16,457b0468ba5f023a4a9f38816dbca0899481d04d,False
complete,synthetic,synthetic-singular__synthetic__block-hamiltonian__L32__lr0.01__bs64__seed3,results/runs/synthetic/synthetic-singular__synthetic__block-hamiltonian__L32__lr0.01__bs64__seed3_seed3,synthetic-singular,synthetic,block-hamiltonian,32,3,0.01,64,2000,True,plus,True,False,0.21133353587051606,0.9634146341463414,0.22265476008994634,0.9462759462759462,0.9634146341463414,1698.0182926829268,,178.84728002548218,,1472,4,16,457b0468ba5f023a4a9f38816dbca0899481d04d,False
complete,synthetic,synthetic-singular__synthetic__block-hamiltonian__L32__lr0.01__bs64__seed4,results/runs/synthetic/synthetic-singular__synthetic__block-hamiltonian__L32__lr0.01__bs64__seed4_seed4,synthetic-singular,synthetic,block-hamiltonian,32,4,0.01,64,2000,True,plus,True,False,0.22752795814082027,0.9573170731707317,0.22927863105250806,0.9572649572649573,0.9634146341463414,1745.7317073170732,,183.22123003005981,,1472,4,16,457b0468ba5f023a4a9f38816dbca0899481d04d,False
complete,synthetic,synthetic-singular__synthetic__block-hamiltonian__L32__lr0.01__bs64__seed5,results/runs/synthetic/synthetic-singular__synthetic__block-hamiltonian__L32__lr0.01__bs64__seed5_seed5,synthetic-singular,synthetic,block-hamiltonian,32,5,0.01,64,2000,True,plus,True,False,0.15513107690591774,0.975609756097561,0.15664420174274854,0.9719169719169719,0.975609756097561,1781.25,,171.90007877349854,,1472,4,16,457b0468ba5f023a4a9f38816dbca0899481d04d,False
complete,synthetic,synthetic-singular__synthetic__block-hamiltonian__L32__lr0.01__bs64__seed6,results/runs/synthetic/synthetic-singular__synthetic__block-hamiltonian__L32__lr0.01__bs64__seed6_seed6,synthetic-singular,synthetic,block-hamiltonian,32,6,0.01,64,2000,True,plus,True,False,0.3977893087180033,0.8871951219512195,0.39636254970984436,0.8937728937728938,0.899390243902439,1633.8414634146345,,172.1437578201294,,1472,4,16,457b0468ba5f023a4a9f38816dbca0899481d04d,False
complete,synthetic,synthetic-singular__synthetic__block-hamiltonian__L32__lr0.01__bs64__seed7,results/runs/synthetic/synthetic-singular__synthetic__block-hamiltonian__L32__lr0.01__bs64__seed7_seed7,synthetic-singular,synthetic,block-hamiltonian,32,7,0.01,64,2000,True,plus,True,False,0.39916975443909675,0.8932926829268293,0.398189974559456,0.8962148962148963,0.9024390243902439,1668.2926829268295,,170.44312119483948,,1472,4,16,457b0468ba5f023a4a9f38816dbca0899481d04d,False
complete,synthetic,synthetic-singular__synthetic__block-hamiltonian__L32__lr0.01__bs64__seed8,results/runs/synthetic/synthetic-singular__synthetic__block-hamiltonian__L32__lr0.01__bs64__seed8_seed8,synthetic-singular,synthetic,block-hamiltonian,32,8,0.01,64,2000,True,plus,True,False,0.27557119683550596,0.9298780487804879,0.2689838743848332,0.927960927960928,0.948170731707317,1733.8414634146345,,170.64367485046387,,1472,4,16,457b0468ba5f023a4a9f38816dbca0899481d04d,False
complete,synthetic,synthetic-singular__synthetic__block-hamiltonian__L32__lr0.01__bs64__seed9,results/runs/synthetic/synthetic-singular__synthetic__block-hamiltonian__L32__lr0.01__bs64__seed9_seed9,synthetic-singular,synthetic,block-hamiltonian,32,9,0.01,64,2000,True,plus,True,False,0.2232119978121441,0.948170731707317,0.22287391200714865,0.9499389499389499,0.9664634146341463,1785.3658536585367,,171.41786551475525,,1472,4,16,457b0468ba5f023a4a9f38816dbca0899481d04d,False
complete,synthetic,synthetic-singular__synthetic__block-hamiltonian__L4__lr0.01__bs64__seed0,results/runs/synthetic/synthetic-singular__synthetic__block-hamiltonian__L4__lr0.01__bs64__seed0_seed0,synthetic-singular,synthetic,block-hamiltonian,4,0,0.01,64,2000,True,plus,True,False,0.2828913568515415,0.9176829268292683,0.2804130925471002,0.9133089133089133,0.9420731707317073,1730.4878048780488,,32.35943555831909,,184,4,16,457b0468ba5f023a4a9f38816dbca0899481d04d,False
complete,synthetic,synthetic-singular__synthetic__block-hamiltonian__L4__lr0.01__bs64__seed10,results/runs/synthetic/synthetic-singular__synthetic__block-hamiltonian__L4__lr0.01__bs64__seed10_seed10,synthetic-singular,synthetic,block-hamiltonian,4,10,0.01,64,2000,True,plus,True,False,0.2921050461245837,0.9115853658536586,0.28563358336593897,0.9072039072039072,0.9146341463414634,1705.1829268292681,,33.234455823898315,,184,4,16,457b0468ba5f023a4a9f38816dbca0899481d04d,False
complete,synthetic,synthetic-singular__synthetic__block-hamiltonian__L4__lr0.01__bs64__seed11,results/runs/synthetic/synthetic-singular__synthetic__block-hamiltonian__L4__lr0.01__bs64__seed11_seed11,synthetic-singular,synthetic,block-hamiltonian,4,11,0.01,64,2000,True,plus,True,False,0.30711123037710547,0.9237804878048781,0.2928289917533523,0.938949938949939,0.9329268292682927,1719.3597560975613,,32.844411849975586,,184,4,16,457b0468ba5f023a4a9f38816dbca0899481d04d,False
complete,synthetic,synthetic-singular__synthetic__block-hamiltonian__L4__lr0.01__bs64__seed12,results/runs/synthetic/synthetic-singular__synthetic__block-hamiltonian__L4__lr0.01__bs64__seed12_seed12,synthetic-singular,synthetic,block-hamiltonian,4,12,0.01,64,2000,True,plus,True,False,0.28284887080161264,0.926829268292683,0.2753537669973185,0.9230769230769231,0.9390243902439024,1744.8170731707316,,32.658000230789185,,184,4,16,457b0468ba5f023a4a9f38816dbca0899481d04d,False
complete,synthetic,synthetic-singular__synthetic__block-hamiltonian__L4__lr0.01__bs64__seed13,results/runs/synthetic/synthetic-singular__synthetic__block-hamiltonian__L4__lr0.01__bs64__seed13_seed13,synthetic-singular,synthetic,block-hamiltonian,4,13,0.01,64,2000,True,plus,True,False,0.2884865070522469,0.9207317073170732,0.28857119996990555,0.9145299145299145,0.9207317073170732,1726.0670731707319,,32.77085089683533,,184,4,16,457b0468ba5f023a4a9f38816dbca0899481d04d,False
complete,synthetic,synthetic-singular__synthetic__block-hamiltonian__L4__lr0.01__bs64__seed14,results/runs/synthetic/synthetic-singular__synthetic__block-hamiltonian__L4__lr0.01__bs64__seed14_seed14,synthetic-singular,synthetic,block-hamiltonian,4,14,0.01,64,2000,True,plus,True,False,0.2907014970097131,0.9085365853658537,0.2882342332064685,0.9072039072039072,0.9146341463414634,1705.487804878049,,33.38571643829346,,184,4,16,457b0468ba5f023a4a9f38816dbca0899481d04d,False
complete,synthetic,synthetic-singular__synthetic__block-hamiltonian__L4__lr0.01__bs64__seed15,results/runs/synthetic/synthetic-singular__synthetic__block-hamiltonian__L4__lr0.01__bs64__seed15_seed15,synthetic-singular,synthetic,block-hamiltonian,4,15,0.01,64,2000,True,plus,True,False,0.29200354852724414,0.9146341463414634,0.2875829897653586,0.9133089133089133,0.926829268292683,1716.7682926829266,,31.472569227218628,,184,4,16,457b0468ba5f023a4a9f38816dbca0899481d04d,False
complete,synthetic,synthetic-singular__synthetic__block-hamiltonian__L4__lr0.01__bs64__seed16,results/runs/synthetic/synthetic-singular__synthetic__block-hamiltonian__L4__lr0.01__bs64__seed16_seed16,synthetic-singular,synthetic,block-hamiltonian,4,16,0.01,64,2000,True,plus,True,False,0.2961918612879821,0.9054878048780488,0.2865571617273354,0.9206349206349206,0.9085365853658537,1701.5243902439024,,32.85910725593567,,184,4,16,457b0468ba5f023a4a9f38816dbca0899481d04d,False
complete,synthetic,synthetic-singular__synthetic__block-hamiltonian__L4__lr0.01__bs64__seed17,results/runs/synthetic/synthetic-singular__synthetic__block-hamiltonian__L4__lr0.01__bs64__seed17_seed17,synthetic-singular,synthetic,block-hamiltonian,4,17,0.01,64,2000,True,plus,True,False,0.29393866591881124,0.9024390243902439,0.29112066745154924,0.9084249084249084,0.9085365853658537,1693.9024390243903,,32.86091923713684,,184,4,16,457b0468ba5f023a4a9f38816dbca0899481d04d,False
complete,synthetic,synthetic-singular__synthetic__block-hamiltonian__L4__lr0.01__bs64__seed18,results/runs/synthetic/synthetic-singular__synthetic__block-hamiltonian__L4__lr0.01__bs64__seed18_seed18,synthetic-singular,synthetic,block-hamiltonian,4,18,0.01,64,2000,True,plus,True,False,0.29595490849962947,0.9176829268292683,0.28976940078746255,0.9181929181929182,0.9176829268292683,1703.810975609756,,32.65385365486145,,184,4,16,457b0468ba5f023a4a9f38816dbca0899481d04d,False
complete,synthetic,synthetic-singular__synthetic__block-hamiltonian__L4__lr0.01__bs64__seed19,results/runs/synthetic/synthetic-singular__synthetic__block-hamiltonian__L4__lr0.01__bs64__seed19_seed19,synthetic-singular,synthetic,block-hamiltonian,4,19,0.01,64,2000,True,plus,True,False,0.2954835911925045,0.9085365853658537,0.28625054064737787,0.9206349206349206,0.9115853658536586,1700.9146341463415,,32.978649854660034,,184,4,16,457b0468ba5f023a4a9f38816dbca0899481d04d,False
complete,synthetic,synthetic-singular__synthetic__block-hamiltonian__L4__lr0.01__bs64__seed1,results/runs/synthetic/synthetic-singular__synthetic__block-hamiltonian__L4__lr0.01__bs64__seed1_seed1,synthetic-singular,synthetic,block-hamiltonian,4,1,0.01,64,2000,True,plus,True,False,0.23788558333064364,0.9664634146341463,0.2378474676222706,0.9633699633699634,0.9786585365853658,1790.2439024390244,,32.512577533721924,,184,4,16,457b0468ba5f023a4a9f38816dbca0899481d04d,False
complete,synthetic,synthetic-singular__synthetic__block-hamiltonian__L4__lr0.01__bs64__seed2,results/runs/synthetic/synthetic-singular__synthetic__block-hamiltonian__L4__lr0.01__bs64__seed2_seed2,synthetic-singular,synthetic,block-hamiltonian,4,2,0.01,64,2000,True,plus,True,False,0.286743335215821,0.9298780487804879,0.28651859827552395,0.9157509157509157,0.948170731707317,1753.5060975609756,,32.66560435295105,,184,4,16,457b0468ba5f023a4a9f38816dbca0899481d04d,False
complete,synthetic,synthetic-singular__synthetic__block-hamiltonian__L4__lr0.01__bs64__seed3,results/runs/synthetic/synthetic-singular__synthetic__block-hamiltonian__L4__lr0.01__bs64__seed3_seed3,synthetic-singular,synthetic,block-hamiltonian,4,3,0.01,64,2000,True,plus,True,False,0.23531363865272092,0.9573170731707317,0.2346184676426319,0.9633699633699634,0.9634146341463414,1763.4146341463415,,33.30220127105713,,184,4,16,457b0468ba5f023a4a9f38816dbca0899481d04d,False
complete,synthetic,synthetic-singular__synthetic__block-hamiltonian__L4__lr0.01__bs64__seed4,results/runs/synthetic/synthetic-singular__synthetic__block-hamiltonian__L4__lr0.01__bs64__seed4_seed4,synthetic-singular,synthetic,block-hamiltonian,4,4,0.01,64,2000,True,plus,True,False,0.2960728468895748,0.9329268292682927,0.299092721104819,0.9304029304029304,0.9451219512195121,1755.487804878049,,31.25883984565735,,184,4,16,457b0468ba5f023a4a9f38816dbca0899481d04d,False
complete,synthetic,synthetic-singular__synthetic__block-hamiltonian__L4__lr0.01__bs64__seed5,results/runs/synthetic/synthetic-singular__synthetic__block-hamiltonian__L4__lr0.01__bs64__seed5_seed5,synthetic-singular,synthetic,block-hamiltonian,4,5,0.01,64,2000,True,plus,True,False,0.293241310764608,0.9054878048780488,0.28664606482676536,0.9072039072039072,0.9176829268292683,1704.878048780488,,31.666697025299072,,184,4,16,457b0468ba5f023a4a9f38816dbca0899481d04d,False
complete,synthetic,synthetic-singular__synthetic__block-hamiltonian__L4__lr0.01__bs64__seed6,results/runs/synthetic/synthetic-singular__synthetic__block-hamiltonian__L4__lr0.01__bs64__seed6_seed6,synthetic-singular,synthetic,block-hamiltonian,4,6,0.01,64,2000,True,plus,True,False,0.3107907303462959,0.9024390243902439,0.3003800905557496,0.9072039072039072,0.9207317073170732,1712.4999999999998,,32.91349220275879,,184,4,16,457b0468ba5f023a4a9f38816dbca0899481d04d,False
complete,synthetic,synthetic-singular__synthetic__block-hamiltonian__L4__lr0.01__bs64__seed7,results/runs/synthetic/synthetic-singular__synthetic__block-hamiltonian__L4__lr0.01__bs64__seed7_seed7,synthetic-singular,synthetic,block-hamiltonian,4,7,0.01,64,2000,True,plus,True,False,0.36821335795130716,0.8902439024390244,0.37246943625297163,0.8742368742368742,0.9146341463414634,1698.7804878048778,,33.00087809562683,,184,4,16,457b0468ba5f023a4a9f38816dbca0899481d04d,False
complete,synthetic,synthetic-singular__synthetic__block-hamiltonian__L4__lr0.01__bs64__seed8,results/runs/synthetic/synthetic-singular__synthetic__block-hamiltonian__L4__lr0.01__bs64__seed8_seed8,synthetic-singular,synthetic,block-hamiltonian,4,8,0.01,64,2000,True,plus,True,False,0.28637712488220785,0.9237804878048781,0.28017171197836277,0.9145299145299145,0.9359756097560976,1745.1219512195125,,32.572224140167236,,184,4,16,457b0468ba5f023a4a9f38816dbca0899481d04d,False
complete,synthetic,synthetic-singular__synthetic__block-hamiltonian__L4__lr0.01__bs64__seed9,results/runs/synthetic/synthetic-singular__synthetic__block-hamiltonian__L4__lr0.01__bs64__seed9_seed9,synthetic-singular,synthetic,block-hamiltonian,4,9,0.01,64,2000,True,plus,True,False,0.28945728804355786,0.9115853658536586,0.28944211466901215,0.9096459096459096,0.9146341463414634,1711.8902439024394,,33.01911401748657,,184,4,16,457b0468ba5f023a4a9f38816dbca0899481d04d,False
complete,synthetic,synthetic-singular__synthetic__block-hamiltonian__L8__lr0.01__bs64__seed0,results/runs/synthetic/synthetic-singular__synthetic__block-hamiltonian__L8__lr0.01__bs64__seed0_seed0,synthetic-singular,synthetic,block-hamiltonian,8,0,0.01,64,2000,True,plus,True,False,0.20970601336267847,0.9695121951219512,0.20836742833769994,0.9658119658119658,0.975609756097561,1802.7439024390246,,54.30537748336792,,368,4,16,457b0468ba5f023a4a9f38816dbca0899481d04d,False
complete,synthetic,synthetic-singular__synthetic__block-hamiltonian__L8__lr0.01__bs64__seed10,results/runs/synthetic/synthetic-singular__synthetic__block-hamiltonian__L8__lr0.01__bs64__seed10_seed10,synthetic-singular,synthetic,block-hamiltonian,8,10,0.01,64,2000,True,plus,True,False,0.20994865244409533,0.9603658536585366,0.2085310666404989,0.9548229548229549,0.9664634146341463,1795.5792682926826,,54.892826557159424,,368,4,16,457b0468ba5f023a4a9f38816dbca0899481d04d,False
complete,synthetic,synthetic-singular__synthetic__block-hamiltonian__L8__lr0.01__bs64__seed11,results/runs/synthetic/synthetic-singular__synthetic__block-hamiltonian__L8__lr0.01__bs64__seed11_seed11,synthetic-singular,synthetic,block-hamiltonian,8,11,0.01,64,2000,True,plus,True,False,0.26298454338039184,0.9298780487804879,0.2600440765897507,0.9291819291819292,0.9390243902439024,1743.7500000000002,,53.25541687011719,,368,4,16,457b0468ba5f023a4a9f38816dbca0899481d04d,False
complete,synthetic,synthetic-singular__synthetic__block-hamiltonian__L8__lr0.01__bs64__seed12,results/runs/synthetic/synthetic-singular__synthetic__block-hamiltonian__L8__lr0.01__bs64__seed12_seed12,synthetic-singular,synthetic,block-hamiltonian,8,12,0.01,64,2000,True,plus,True,False,0.20236364152411013,0.9664634146341463,0.2031533470909911,0.9755799755799756,0.9725609756097561,1808.2317073170732,,52.870007038116455,,368,4,16,457b0468ba5f023a4a9f38816dbca0899481d04d,False
complete,synthetic,synthetic-singular__synthetic__block-hamiltonian__L8__lr0.01__bs64__seed13,results/runs/synthetic/synthetic-singular__synthetic__block-hamiltonian__L8__lr0.01__bs64__seed13_seed13,synthetic-singular,synthetic,block-hamiltonian,8,13,0.01,64,2000,True,plus,True,False,0.2565028260627861,0.9451219512195121,0.25630313459176685,0.938949938949939,0.9451219512195121,1751.5243902439024,,51.28052473068237,,368,4,16,457b0468ba5f023a4a9f38816dbca0899481d04d,False
complete,synthetic,synthetic-singular__synthetic__block-hamiltonian__L8__lr0.01__bs64__seed14,results/runs/synthetic/synthetic-singular__synthetic__block-hamiltonian__L8__lr0.01__bs64__seed14_seed14,synthetic-singular,synthetic,block-hamiltonian,8,14,0.01,64,2000,True,plus,True,False,0.25866578200006274,0.9237804878048781,0.2673974480506077,0.9047619047619048,0.9451219512195121,1759.1463414634147,,50.175617933273315,,368,4,16,457b0468ba5f023a4a9f38816dbca0899481d04d,False
complete,synthetic,synthetic-singular__synthetic__block-hamiltonian__L8__lr0.01__bs64__seed15,results/runs/synthetic/synthetic-singular__synthetic__block-hamiltonian__L8__lr0.01__bs64__seed15_seed15,synthetic-singular,synthetic,block-hamiltonian,8,15,0.01,64,2000,True,plus,True,False,0.26681891242091144,0.9207317073170732,0.2638502978975498,0.9340659340659341,0.9390243902439024,1743.1402439024391,,52.065850257873535,,368,4,16,457b0468ba5f023a4a9f38816dbca0899481d04d,False
complete,synthetic,synthetic-singular__synthetic__block-hamiltonian__L8__lr0.01__bs64__seed16,results/runs/synthetic/synthetic-singular__synthetic__block-hamiltonian__L8__lr0.01__bs64__seed16_seed16,synthetic-singular,synthetic,block-hamiltonian,8,16,0.01,64,2000,True,plus,True,False,0.2590085498306466,0.9329268292682927,0.2620019388498553,0.9035409035409036,0.9329268292682927,1733.384146341464,,50.70828175544739,,368,4,16,457b0468ba5f023a4a9f38816dbca0899481d04d,False
complete,synthetic,synthetic-singular__synthetic__block-hamiltonian__L8__lr0.01__bs64__seed17,results/runs/synthetic/synthetic-singular__synthetic__block-hamiltonian__L8__lr0.01__bs64__seed17_seed17,synthetic-singular,synthetic,block-hamiltonian,8,17,0.01,64,2000,True,plus,True,False,0.2633578451385536,0.9420731707317073,0.267083929778351,0.9194139194139194,0.9603658536585366,1760.5182926829268,,52.929577112197876,,368,4,16,457b0468ba5f023a4a9f38816dbca0899481d04d,False
complete,synthetic,synthetic-singular__synthetic__block-hamiltonian__L8__lr0.01__bs64__seed18,results/runs/synthetic/synthetic-singular__synthetic__block-hamiltonian__L8__lr0.01__bs64__seed18_seed18,synthetic-singular,synthetic,block-hamiltonian,8,18,0.01,64,2000,True,plus,True,False,0.26715352354802424,0.9359756097560976,0.26299368145604135,0.9181929181929182,0.9359756097560976,1749.085365853659,,52.5836923122406,,368,4,16,457b0468ba5f023a4a9f38816dbca0899481d04d,False
complete,synthetic,synthetic-singular__synthetic__block-hamiltonian__L8__lr0.01__bs64__seed19,results/runs/synthetic/synthetic-singular__synthetic__block-hamiltonian__L8__lr0.01__bs64__seed19_seed19,synthetic-singular,synthetic,block-hamiltonian,8,19,0.01,64,2000,True,plus,True,False,0.2562440845122327,0.9329268292682927,0.25616133825953263,0.9206349206349206,0.9390243902439024,1740.0914634146343,,51.149487257003784,,368,4,16,457b0468ba5f023a4a9f38816dbca0899481d04d,False
complete,synthetic,synthetic-singular__synthetic__block-hamiltonian__L8__lr0.01__bs64__seed1,results/runs/synthetic/synthetic-singular__synthetic__block-hamiltonian__L8__lr0.01__bs64__seed1_seed1,synthetic-singular,synthetic,block-hamiltonian,8,1,0.01,64,2000,True,plus,True,False,0.22633772333189864,0.9634146341463414,0.2295509682257364,0.9621489621489622,0.9634146341463414,1773.475609756098,,55.044421434402466,,368,4,16,457b0468ba5f023a4a9f38816dbca0899481d04d,False
complete,synthetic,synthetic-singular__synthetic__block-hamiltonian__L8__lr0.01__bs64__seed2,results/runs/synthetic/synthetic-singular__synthetic__block-hamiltonian__L8__lr0.01__bs64__seed2_seed2,synthetic-singular,synthetic,block-hamiltonian,8,2,0.01,64,2000,True,plus,True,False,0.256935075508035,0.9298780487804879,0.2578427923861727,0.9230769230769231,0.9390243902439024,1744.8170731707316,,50.06329822540283,,368,4,16,457b0468ba5f023a4a9f38816dbca0899481d04d,False
complete,synthetic,synthetic-singular__synthetic__block-hamiltonian__L8__lr0.01__bs64__seed3,results/runs/synthetic/synthetic-singular__synthetic__block-hamiltonian__L8__lr0.01__bs64__seed3_seed3,synthetic-singular,synthetic,block-hamiltonian,8,3,0.01,64,2000,True,plus,True,False,0.2602916093380844,0.9390243902439024,0.2623663195653337,0.9096459096459096,0.9390243902439024,1729.573170731707,,53.29822063446045,,368,4,16,457b0468ba5f023a4a9f38816dbca0899481d04d,False
complete,synthetic,synthetic-singular__synthetic__block-hamiltonian__L8__lr0.01__bs64__seed4,results/runs/synthetic/synthetic-singular__synthetic__block-hamiltonian__L8__lr0.01__bs64__seed4_seed4,synthetic-singular,synthetic,block-hamiltonian,8,4,0.01,64,2000,True,plus,True,False,0.2722732362582479,0.926829268292683,0.2596315075215373,0.9401709401709402,0.948170731707317,1757.4695121951218,,54.082191467285156,,368,4,16,457b0468ba5f023a4a9f38816dbca0899481d04d,False
complete,synthetic,synthetic-singular__synthetic__block-hamiltonian__L8__lr0.01__bs64__seed5,results/runs/synthetic/synthetic-singular__synthetic__block-hamiltonian__L8__lr0.01__bs64__seed5_seed5,synthetic-singular,synthetic,block-hamiltonian,8,5,0.01,64,2000,True,plus,True,False,0.21704558693818207,0.9664634146341463,0.21996990498360325,0.9584859584859585,0.9664634146341463,1800.6097560975609,,53.41685771942139,,368,4,16,457b0468ba5f023a4a9f38816dbca0899481d04d,False
complete,synthetic,synthetic-singular__synthetic__block-hamiltonian__L8__lr0.01__bs64__seed6,results/runs/synthetic/synthetic-singular__synthetic__block-hamiltonian__L8__lr0.01__bs64__seed6_seed6,synthetic-singular,synthetic,block-hamiltonian,8,6,0.01,64,2000,True,plus,True,False,0.24313836347078907,0.9451219512195121,0.24813438769671126,0.9413919413919414,0.9573170731707317,1764.6341463414633,,51.38497185707092,,368,4,16,457b0468ba5f023a4a9f38816dbca0899481d04d,False
complete,synthetic,synthetic-singular__synthetic__block-hamiltonian__L8__lr0.01__bs64__seed7,results/runs/synthetic/synthetic-singular__synthetic__block-hamiltonian__L8__lr0.01__bs64__seed7_seed7,synthetic-singular,synthetic,block-hamiltonian,8,7,0.01,64,2000,True,plus,True,False,0.21201689434088514,0.9664634146341463,0.21180343667643936,0.9633699633699634,0.9786585365853658,1792.5304878048785,,54.273369550704956,,368,4,16,457b0468ba5f023a4a9f38816dbca0899481d04d,False
complete,synthetic,synthetic-singular__synthetic__block-hamiltonian__L8__lr0.01__bs64__seed8,results/runs/synthetic/synthetic-singular__synthetic__block-hamiltonian__L8__lr0.01__bs64__seed8_seed8,synthetic-singular,synthetic,block-hamiltonian,8,8,0.01,64,2000,True,plus,True,False,0.21755727771815064,0.9451219512195121,0.2125639849967616,0.960927960927961,0.9725609756097561,1797.1036585365853,,51.86335253715515,,368,4,16,457b0468ba5f023a4a9f38816dbca0899481d04d,False
complete,synthetic,synthetic-singular__synthetic__block-hamiltonian__L8__lr0.01__bs64__seed9,results/runs/synthetic/synthetic-singular__synthetic__block-hamiltonian__L8__lr0.01__bs64__seed9_seed9,synthetic-singular,synthetic,block-hamiltonian,8,9,0.01,64,2000,True,plus,True,False,0.19096399916530862,0.9695121951219512,0.1906349003607362,0.967032967032967,0.9725609756097561,1790.0914634146343,,53.931326389312744,,368,4,16,457b0468ba5f023a4a9f38816dbca0899481d04d,False
complete,synthetic,synthetic-singular__synthetic__fixed-ry-rz__L16__lr0.01__bs64__seed0,results/runs/synthetic/synthetic-singular__synthetic__fixed-ry-rz__L16__lr0.01__bs64__seed0_seed0,synthetic-singular,synthetic,fixed-ry-rz,16,0,0.01,64,2000,True,plus,True,False,0.40404553116737907,0.8109756097560976,0.3927090462305562,0.8302808302808303,0.8170731707317073,1512.8048780487807,,1422.004064321518,,3600,16,65536,457b0468ba5f023a4a9f38816dbca0899481d04d,False
complete,synthetic,synthetic-singular__synthetic__fixed-ry-rz__L16__lr0.01__bs64__seed10,results/runs/synthetic/synthetic-singular__synthetic__fixed-ry-rz__L16__lr0.01__bs64__seed10_seed10,synthetic-singular,synthetic,fixed-ry-rz,16,10,0.01,64,2000,True,plus,True,False,0.4107056645287348,0.801829268292683,0.40659461739810016,0.8302808302808303,0.823170731707317,1507.9268292682925,,1414.162204504013,,3600,16,65536,457b0468ba5f023a4a9f38816dbca0899481d04d,False
complete,synthetic,synthetic-singular__synthetic__fixed-ry-rz__L16__lr0.01__bs64__seed11,results/runs/synthetic/synthetic-singular__synthetic__fixed-ry-rz__L16__lr0.01__bs64__seed11_seed11,synthetic-singular,synthetic,fixed-ry-rz,16,11,0.01,64,2000,True,plus,True,False,0.3948708647370449,0.8170731707317073,0.3979811067706174,0.833943833943834,0.8292682926829268,1526.0670731707316,,1418.5066511631012,,3600,16,65536,457b0468ba5f023a4a9f38816dbca0899481d04d,False
complete,synthetic,synthetic-singular__synthetic__fixed-ry-rz__L16__lr0.01__bs64__seed12,results/runs/synthetic/synthetic-singular__synthetic__fixed-ry-rz__L16__lr0.01__bs64__seed12_seed12,synthetic-singular,synthetic,fixed-ry-rz,16,12,0.01,64,2000,True,plus,True,False,0.4111893763799718,0.8079268292682927,0.4124680750576778,0.8253968253968254,0.8201219512195121,1505.3353658536587,,1414.6425340175629,,3600,16,65536,457b0468ba5f023a4a9f38816dbca0899481d04d,False
complete,synthetic,synthetic-singular__synthetic__fixed-ry-rz__L16__lr0.01__bs64__seed13,results/runs/synthetic/synthetic-singular__synthetic__fixed-ry-rz__L16__lr0.01__bs64__seed13_seed13,synthetic-singular,synthetic,fixed-ry-rz,16,13,0.01,64,2000,True,plus,True,False,0.3920212476686251,0.801829268292683,0.38277616707340706,0.8522588522588522,0.850609756097561,1541.9207317073174,,1419.8734619617462,,3600,16,65536,457b0468ba5f023a4a9f38816dbca0899481d04d,False
complete,synthetic,synthetic-singular__synthetic__fixed-ry-rz__L16__lr0.01__bs64__seed14,results/runs/synthetic/synthetic-singular__synthetic__fixed-ry-rz__L16__lr0.01__bs64__seed14_seed14,synthetic-singular,synthetic,fixed-ry-rz,16,14,0.01,64,2000,True,plus,True,False,0.41665909687050356,0.7987804878048781,0.41178364790834726,0.8315018315018315,0.823170731707317,1520.7317073170732,,1436.332539319992,,3600,16,65536,457b0468ba5f023a4a9f38816dbca0899481d04d,False
complete,synthetic,synthetic-singular__synthetic__fixed-ry-rz__L16__lr0.01__bs64__seed15,results/runs/synthetic/synthetic-singular__synthetic__fixed-ry-rz__L16__lr0.01__bs64__seed15_seed15,synthetic-singular,synthetic,fixed-ry-rz,16,15,0.01,64,2000,True,plus,True,False,0.3901427097399486,0.8262195121951219,0.3879246799490378,0.8559218559218559,0.8323170731707317,1537.8048780487804,,1434.1772303581238,,3600,16,65536,457b0468ba5f023a4a9f38816dbca0899481d04d,False
complete,synthetic,synthetic-singular__synthetic__fixed-ry-rz__L16__lr0.01__bs64__seed16,results/runs/synthetic/synthetic-singular__synthetic__fixed-ry-rz__L16__lr0.01__bs64__seed16_seed16,synthetic-singular,synthetic,fixed-ry-rz,16,16,0.01,64,2000,True,plus,True,False,0.4125702504329866,0.8079268292682927,0.3970339755409145,0.8449328449328449,0.8170731707317073,1505.7926829268295,,1434.012136220932,,3600,16,65536,457b0468ba5f023a4a9f38816dbca0899481d04d,False
complete,synthetic,synthetic-singular__synthetic__fixed-ry-rz__L16__lr0.01__bs64__seed17,results/runs/synthetic/synthetic-singular__synthetic__fixed-ry-rz__L16__lr0.01__bs64__seed17_seed17,synthetic-singular,synthetic,fixed-ry-rz,16,17,0.01,64,2000,True,plus,True,False,0.41970389172900263,0.8140243902439024,0.411795714331652,0.8327228327228328,0.8201219512195121,1509.6036585365857,,1435.3642416000366,,3600,16,65536,457b0468ba5f023a4a9f38816dbca0899481d04d,False
complete,synthetic,synthetic-singular__synthetic__fixed-ry-rz__L16__lr0.01__bs64__seed18,results/runs/synthetic/synthetic-singular__synthetic__fixed-ry-rz__L16__lr0.01__bs64__seed18_seed18,synthetic-singular,synthetic,fixed-ry-rz,16,18,0.01,64,2000,True,plus,True,False,0.36690109470544136,0.8597560975609756,0.36789780360563473,0.8571428571428571,0.8658536585365854,1575.9146341463413,,1434.3228709697723,,3600,16,65536,457b0468ba5f023a4a9f38816dbca0899481d04d,False
complete,synthetic,synthetic-singular__synthetic__fixed-ry-rz__L16__lr0.01__bs64__seed19,results/runs/synthetic/synthetic-singular__synthetic__fixed-ry-rz__L16__lr0.01__bs64__seed19_seed19,synthetic-singular,synthetic,fixed-ry-rz,16,19,0.01,64,2000,True,plus,True,False,0.38692023115232893,0.823170731707317,0.3721173799586858,0.8583638583638583,0.823170731707317,1523.3231707317073,,1439.7956676483154,,3600,16,65536,457b0468ba5f023a4a9f38816dbca0899481d04d,False
complete,synthetic,synthetic-singular__synthetic__fixed-ry-rz__L16__lr0.01__bs64__seed1,results/runs/synthetic/synthetic-singular__synthetic__fixed-ry-rz__L16__lr0.01__bs64__seed1_seed1,synthetic-singular,synthetic,fixed-ry-rz,16,1,0.01,64,2000,True,plus,True,False,0.3931741038705765,0.8170731707317073,0.386480163708798,0.8485958485958486,0.8262195121951219,1534.6036585365853,,1416.7003588676453,,3600,16,65536,457b0468ba5f023a4a9f38816dbca0899481d04d,False
complete,synthetic,synthetic-singular__synthetic__fixed-ry-rz__L16__lr0.01__bs64__seed2,results/runs/synthetic/synthetic-singular__synthetic__fixed-ry-rz__L16__lr0.01__bs64__seed2_seed2,synthetic-singular,synthetic,fixed-ry-rz,16,2,0.01,64,2000,True,plus,True,False,0.41280629553700415,0.7987804878048781,0.40381837184794706,0.8376068376068376,0.8109756097560976,1510.8231707317073,,1436.4769878387451,,3600,16,65536,457b0468ba5f023a4a9f38816dbca0899481d04d,False
complete,synthetic,synthetic-singular__synthetic__fixed-ry-rz__L16__lr0.01__bs64__seed3,results/runs/synthetic/synthetic-singular__synthetic__fixed-ry-rz__L16__lr0.01__bs64__seed3_seed3,synthetic-singular,synthetic,fixed-ry-rz,16,3,0.01,64,2000,True,plus,True,False,0.3731074394818894,0.8323170731707317,0.3614661488879566,0.8571428571428571,0.8414634146341463,1551.0670731707314,,1436.5055785179138,,3600,16,65536,5d760ef42d71a06acce4efdc9ed931be057f16a6,False
complete,synthetic,synthetic-singular__synthetic__fixed-ry-rz__L16__lr0.01__bs64__seed4,results/runs/synthetic/synthetic-singular__synthetic__fixed-ry-rz__L16__lr0.01__bs64__seed4_seed4,synthetic-singular,synthetic,fixed-ry-rz,16,4,0.01,64,2000,True,plus,True,False,0.4158591912517047,0.7987804878048781,0.407631006304072,0.8412698412698413,0.8170731707317073,1500.4573170731705,,1393.5226311683655,,3600,16,65536,457b0468ba5f023a4a9f38816dbca0899481d04d,False
complete,synthetic,synthetic-singular__synthetic__fixed-ry-rz__L16__lr0.01__bs64__seed5,results/runs/synthetic/synthetic-singular__synthetic__fixed-ry-rz__L16__lr0.01__bs64__seed5_seed5,synthetic-singular,synthetic,fixed-ry-rz,16,5,0.01,64,2000,True,plus,True,False,0.41163794753818206,0.8109756097560976,0.41013131547417053,0.8376068376068376,0.8140243902439024,1503.0487804878053,,1397.69731092453,,3600,16,65536,457b0468ba5f023a4a9f38816dbca0899481d04d,False
complete,synthetic,synthetic-singular__synthetic__fixed-ry-rz__L16__lr0.01__bs64__seed6,results/runs/synthetic/synthetic-singular__synthetic__fixed-ry-rz__L16__lr0.01__bs64__seed6_seed6,synthetic-singular,synthetic,fixed-ry-rz,16,6,0.01,64,2000,True,plus,True,False,0.3661506821605288,0.8384146341463414,0.3635344030745616,0.8644688644688645,0.8384146341463414,1536.7378048780488,,1401.2701272964478,,3600,16,65536,457b0468ba5f023a4a9f38816dbca0899481d04d,False
complete,synthetic,synthetic-singular__synthetic__fixed-ry-rz__L16__lr0.01__bs64__seed7,results/runs/synthetic/synthetic-singular__synthetic__fixed-ry-rz__L16__lr0.01__bs64__seed7_seed7,synthetic-singular,synthetic,fixed-ry-rz,16,7,0.01,64,2000,True,plus,True,False,0.4011242913477194,0.8079268292682927,0.3906101226219035,0.8437118437118437,0.823170731707317,1525.457317073171,,1390.1462724208832,,3600,16,65536,457b0468ba5f023a4a9f38816dbca0899481d04d,False
complete,synthetic,synthetic-singular__synthetic__fixed-ry-rz__L16__lr0.01__bs64__seed8,results/runs/synthetic/synthetic-singular__synthetic__fixed-ry-rz__L16__lr0.01__bs64__seed8_seed8,synthetic-singular,synthetic,fixed-ry-rz,16,8,0.01,64,2000,True,plus,True,False,0.3933629160962551,0.801829268292683,0.38586366356956675,0.8351648351648352,0.8262195121951219,1501.3719512195123,,1390.4576120376587,,3600,16,65536,457b0468ba5f023a4a9f38816dbca0899481d04d,False
complete,synthetic,synthetic-singular__synthetic__fixed-ry-rz__L16__lr0.01__bs64__seed9,results/runs/synthetic/synthetic-singular__synthetic__fixed-ry-rz__L16__lr0.01__bs64__seed9_seed9,synthetic-singular,synthetic,fixed-ry-rz,16,9,0.01,64,2000,True,plus,True,False,0.3826340019967813,0.8323170731707317,0.3798330547614602,0.8534798534798534,0.8445121951219512,1542.0731707317075,,1395.085458278656,,3600,16,65536,457b0468ba5f023a4a9f38816dbca0899481d04d,False
complete,synthetic,synthetic-singular__synthetic__fixed-ry-rz__L1__lr0.01__bs64__seed0,results/runs/synthetic/synthetic-singular__synthetic__fixed-ry-rz__L1__lr0.01__bs64__seed0_seed0,synthetic-singular,synthetic,fixed-ry-rz,1,0,0.01,64,2000,True,plus,True,False,0.619829441883419,0.6951219512195121,0.6372802575257432,0.6642246642246642,0.7103658536585366,1307.621951219512,,91.75057053565979,,225,16,65536,457b0468ba5f023a4a9f38816dbca0899481d04d,False
complete,synthetic,synthetic-singular__synthetic__fixed-ry-rz__L1__lr0.01__bs64__seed10,results/runs/synthetic/synthetic-singular__synthetic__fixed-ry-rz__L1__lr0.01__bs64__seed10_seed10,synthetic-singular,synthetic,fixed-ry-rz,1,10,0.01,64,2000,True,plus,True,False,0.61918973595406,0.6890243902439024,0.636381105140746,0.6544566544566545,0.7073170731707317,1312.957317073171,,93.39387512207031,,225,16,65536,457b0468ba5f023a4a9f38816dbca0899481d04d,False
complete,synthetic,synthetic-singular__synthetic__fixed-ry-rz__L1__lr0.01__bs64__seed11,results/runs/synthetic/synthetic-singular__synthetic__fixed-ry-rz__L1__lr0.01__bs64__seed11_seed11,synthetic-singular,synthetic,fixed-ry-rz,1,11,0.01,64,2000,True,plus,True,False,0.6205864855742722,0.7103658536585366,0.6377258261980255,0.6617826617826618,0.7103658536585366,1319.5121951219508,,92.4600260257721,,225,16,65536,457b0468ba5f023a4a9f38816dbca0899481d04d,False
complete,synthetic,synthetic-singular__synthetic__fixed-ry-rz__L1__lr0.01__bs64__seed12,results/runs/synthetic/synthetic-singular__synthetic__fixed-ry-rz__L1__lr0.01__bs64__seed12_seed12,synthetic-singular,synthetic,fixed-ry-rz,1,12,0.01,64,2000,True,plus,True,False,0.6206061085907756,0.7103658536585366,0.6362053671599626,0.6691086691086691,0.7103658536585366,1302.1341463414635,,91.68716549873352,,225,16,65536,457b0468ba5f023a4a9f38816dbca0899481d04d,False
complete,synthetic,synthetic-singular__synthetic__fixed-ry-rz__L1__lr0.01__bs64__seed13,results/runs/synthetic/synthetic-singular__synthetic__fixed-ry-rz__L1__lr0.01__bs64__seed13_seed13,synthetic-singular,synthetic,fixed-ry-rz,1,13,0.01,64,2000,True,plus,True,False,0.6220384862425182,0.7012195121951219,0.6357871787549009,0.673992673992674,0.7134146341463414,1314.4817073170734,,89.8744249343872,,225,16,65536,457b0468ba5f023a4a9f38816dbca0899481d04d,False
complete,synthetic,synthetic-singular__synthetic__fixed-ry-rz__L1__lr0.01__bs64__seed14,results/runs/synthetic/synthetic-singular__synthetic__fixed-ry-rz__L1__lr0.01__bs64__seed14_seed14,synthetic-singular,synthetic,fixed-ry-rz,1,14,0.01,64,2000,True,plus,True,False,0.6204370453231152,0.7073170731707317,0.6368659253025869,0.6654456654456654,0.7073170731707317,1297.4085365853657,,91.79498839378357,,225,16,65536,457b0468ba5f023a4a9f38816dbca0899481d04d,False
complete,synthetic,synthetic-singular__synthetic__fixed-ry-rz__L1__lr0.01__bs64__seed15,results/runs/synthetic/synthetic-singular__synthetic__fixed-ry-rz__L1__lr0.01__bs64__seed15_seed15,synthetic-singular,synthetic,fixed-ry-rz,1,15,0.01,64,2000,True,plus,True,False,0.6345870497658996,0.6585365853658537,0.6499180486322678,0.6178266178266179,0.7073170731707317,1312.9573170731708,,92.58146405220032,,225,16,65536,457b0468ba5f023a4a9f38816dbca0899481d04d,False
complete,synthetic,synthetic-singular__synthetic__fixed-ry-rz__L1__lr0.01__bs64__seed16,results/runs/synthetic/synthetic-singular__synthetic__fixed-ry-rz__L1__lr0.01__bs64__seed16_seed16,synthetic-singular,synthetic,fixed-ry-rz,1,16,0.01,64,2000,True,plus,True,False,0.6205381371570519,0.7042682926829268,0.635596573653344,0.6642246642246642,0.7073170731707317,1307.0121951219514,,89.81931924819946,,225,16,65536,457b0468ba5f023a4a9f38816dbca0899481d04d,False
complete,synthetic,synthetic-singular__synthetic__fixed-ry-rz__L1__lr0.01__bs64__seed17,results/runs/synthetic/synthetic-singular__synthetic__fixed-ry-rz__L1__lr0.01__bs64__seed17_seed17,synthetic-singular,synthetic,fixed-ry-rz,1,17,0.01,64,2000,True,plus,True,False,0.6232667534152818,0.6737804878048781,0.6395284409658127,0.6532356532356532,0.7073170731707317,1317.9878048780488,,93.86397671699524,,225,16,65536,457b0468ba5f023a4a9f38816dbca0899481d04d,False
complete,synthetic,synthetic-singular__synthetic__fixed-ry-rz__L1__lr0.01__bs64__seed18,results/runs/synthetic/synthetic-singular__synthetic__fixed-ry-rz__L1__lr0.01__bs64__seed18_seed18,synthetic-singular,synthetic,fixed-ry-rz,1,18,0.01,64,2000,True,plus,True,False,0.6254273923205314,0.6646341463414634,0.6420703295979061,0.6398046398046398,0.7073170731707317,1305.0304878048782,,92.38634514808655,,225,16,65536,457b0468ba5f023a4a9f38816dbca0899481d04d,False
complete,synthetic,synthetic-singular__synthetic__fixed-ry-rz__L1__lr0.01__bs64__seed19,results/runs/synthetic/synthetic-singular__synthetic__fixed-ry-rz__L1__lr0.01__bs64__seed19_seed19,synthetic-singular,synthetic,fixed-ry-rz,1,19,0.01,64,2000,True,plus,True,False,0.6202844166918586,0.7042682926829268,0.6355492043134489,0.6654456654456654,0.7073170731707317,1316.0060975609756,,91.03192234039307,,225,16,65536,457b0468ba5f023a4a9f38816dbca0899481d04d,False
complete,synthetic,synthetic-singular__synthetic__fixed-ry-rz__L1__lr0.01__bs64__seed1,results/runs/synthetic/synthetic-singular__synthetic__fixed-ry-rz__L1__lr0.01__bs64__seed1_seed1,synthetic-singular,synthetic,fixed-ry-rz,1,1,0.01,64,2000,True,plus,True,False,0.62202892079154,0.7042682926829268,0.6368772920230613,0.6691086691086691,0.7103658536585366,1307.164634146341,,89.96056294441223,,225,16,65536,457b0468ba5f023a4a9f38816dbca0899481d04d,False
complete,synthetic,synthetic-singular__synthetic__fixed-ry-rz__L1__lr0.01__bs64__seed2,results/runs/synthetic/synthetic-singular__synthetic__fixed-ry-rz__L1__lr0.01__bs64__seed2_seed2,synthetic-singular,synthetic,fixed-ry-rz,1,2,0.01,64,2000,True,plus,True,False,0.619351165744165,0.7073170731707317,0.6371023537274305,0.6678876678876678,0.7073170731707317,1311.7378048780488,,90.59466099739075,,225,16,65536,457b0468ba5f023a4a9f38816dbca0899481d04d,False
complete,synthetic,synthetic-singular__synthetic__fixed-ry-rz__L1__lr0.01__bs64__seed3,results/runs/synthetic/synthetic-singular__synthetic__fixed-ry-rz__L1__lr0.01__bs64__seed3_seed3,synthetic-singular,synthetic,fixed-ry-rz,1,3,0.01,64,2000,True,plus,True,False,0.618170262488877,0.6920731707317073,0.6356210026558298,0.6666666666666666,0.7134146341463414,1309.6036585365855,,93.74319982528687,,225,16,65536,457b0468ba5f023a4a9f38816dbca0899481d04d,False
complete,synthetic,synthetic-singular__synthetic__fixed-ry-rz__L1__lr0.01__bs64__seed4,results/runs/synthetic/synthetic-singular__synthetic__fixed-ry-rz__L1__lr0.01__bs64__seed4_seed4,synthetic-singular,synthetic,fixed-ry-rz,1,4,0.01,64,2000,True,plus,True,False,0.6212645044983921,0.6859756097560976,0.6366683607225834,0.6544566544566545,0.7073170731707317,1307.7743902439024,,90.84805703163147,,225,16,65536,457b0468ba5f023a4a9f38816dbca0899481d04d,False
complete,synthetic,synthetic-singular__synthetic__fixed-ry-rz__L1__lr0.01__bs64__seed5,results/runs/synthetic/synthetic-singular__synthetic__fixed-ry-rz__L1__lr0.01__bs64__seed5_seed5,synthetic-singular,synthetic,fixed-ry-rz,1,5,0.01,64,2000,True,plus,True,False,0.6197150227192983,0.6920731707317073,0.637106457688196,0.6617826617826618,0.7134146341463414,1318.5975609756101,,91.91478967666626,,225,16,65536,457b0468ba5f023a4a9f38816dbca0899481d04d,False
complete,synthetic,synthetic-singular__synthetic__fixed-ry-rz__L1__lr0.01__bs64__seed6,results/runs/synthetic/synthetic-singular__synthetic__fixed-ry-rz__L1__lr0.01__bs64__seed6_seed6,synthetic-singular,synthetic,fixed-ry-rz,1,6,0.01,64,2000,True,plus,True,False,0.6228945603070982,0.676829268292683,0.6395755645972879,0.6593406593406593,0.7042682926829268,1308.841463414634,,90.4127926826477,,225,16,65536,457b0468ba5f023a4a9f38816dbca0899481d04d,False
complete,synthetic,synthetic-singular__synthetic__fixed-ry-rz__L1__lr0.01__bs64__seed7,results/runs/synthetic/synthetic-singular__synthetic__fixed-ry-rz__L1__lr0.01__bs64__seed7_seed7,synthetic-singular,synthetic,fixed-ry-rz,1,7,0.01,64,2000,True,plus,True,False,0.6170634108862306,0.6920731707317073,0.6357339496385127,0.6678876678876678,0.7103658536585366,1314.3292682926829,,91.69874262809753,,225,16,65536,457b0468ba5f023a4a9f38816dbca0899481d04d,False
complete,synthetic,synthetic-singular__synthetic__fixed-ry-rz__L1__lr0.01__bs64__seed8,results/runs/synthetic/synthetic-singular__synthetic__fixed-ry-rz__L1__lr0.01__bs64__seed8_seed8,synthetic-singular,synthetic,fixed-ry-rz,1,8,0.01,64,2000,True,plus,True,False,0.6219797941634899,0.6951219512195121,0.6372697045266473,0.6764346764346765,0.7103658536585366,1303.2012195121952,,89.432932138443,,225,16,65536,457b0468ba5f023a4a9f38816dbca0899481d04d,False
complete,synthetic,synthetic-singular__synthetic__fixed-ry-rz__L1__lr0.01__bs64__seed9,results/runs/synthetic/synthetic-singular__synthetic__fixed-ry-rz__L1__lr0.01__bs64__seed9_seed9,synthetic-singular,synthetic,fixed-ry-rz,1,9,0.01,64,2000,True,plus,True,False,0.6196694200711309,0.7042682926829268,0.6361406466181725,0.6678876678876678,0.7073170731707317,1315.396341463415,,92.78793859481812,,225,16,65536,457b0468ba5f023a4a9f38816dbca0899481d04d,False
complete,synthetic,synthetic-singular__synthetic__fixed-ry-rz__L2__lr0.01__bs64__seed0,results/runs/synthetic/synthetic-singular__synthetic__fixed-ry-rz__L2__lr0.01__bs64__seed0_seed0,synthetic-singular,synthetic,fixed-ry-rz,2,0,0.01,64,2000,True,plus,True,False,0.5180646086512035,0.7378048780487805,0.5207100368685296,0.7521367521367521,0.7682926829268293,1416.768292682927,,172.3581988811493,,450,16,65536,457b0468ba5f023a4a9f38816dbca0899481d04d,False
complete,synthetic,synthetic-singular__synthetic__fixed-ry-rz__L2__lr0.01__bs64__seed10,results/runs/synthetic/synthetic-singular__synthetic__fixed-ry-rz__L2__lr0.01__bs64__seed10_seed10,synthetic-singular,synthetic,fixed-ry-rz,2,10,0.01,64,2000,True,plus,True,False,0.5180983766411962,0.7378048780487805,0.5215671581201767,0.7338217338217338,0.7652439024390244,1414.0243902439026,,171.5699965953827,,450,16,65536,457b0468ba5f023a4a9f38816dbca0899481d04d,False
complete,synthetic,synthetic-singular__synthetic__fixed-ry-rz__L2__lr0.01__bs64__seed11,results/runs/synthetic/synthetic-singular__synthetic__fixed-ry-rz__L2__lr0.01__bs64__seed11_seed11,synthetic-singular,synthetic,fixed-ry-rz,2,11,0.01,64,2000,True,plus,True,False,0.5182837770648151,0.7286585365853658,0.5214392891401186,0.7374847374847375,0.7530487804878049,1399.6951219512193,,171.31215929985046,,450,16,65536,457b0468ba5f023a4a9f38816dbca0899481d04d,False
complete,synthetic,synthetic-singular__synthetic__fixed-ry-rz__L2__lr0.01__bs64__seed12,results/runs/synthetic/synthetic-singular__synthetic__fixed-ry-rz__L2__lr0.01__bs64__seed12_seed12,synthetic-singular,synthetic,fixed-ry-rz,2,12,0.01,64,2000,True,plus,True,False,0.5154425691162702,0.7469512195121951,0.5199588415548809,0.7557997557997558,0.7621951219512195,1408.993902439024,,171.59301233291626,,450,16,65536,457b0468ba5f023a4a9f38816dbca0899481d04d,False
complete,synthetic,synthetic-singular__synthetic__fixed-ry-rz__L2__lr0.01__bs64__seed13,results/runs/synthetic/synthetic-singular__synthetic__fixed-ry-rz__L2__lr0.01__bs64__seed13_seed13,synthetic-singular,synthetic,fixed-ry-rz,2,13,0.01,64,2000,True,plus,True,False,0.5106148170512014,0.7560975609756098,0.5210827096648294,0.7655677655677655,0.7682926829268293,1406.8597560975609,,172.0407633781433,,450,16,65536,457b0468ba5f023a4a9f38816dbca0899481d04d,False
complete,synthetic,synthetic-singular__synthetic__fixed-ry-rz__L2__lr0.01__bs64__seed14,results/runs/synthetic/synthetic-singular__synthetic__fixed-ry-rz__L2__lr0.01__bs64__seed14_seed14,synthetic-singular,synthetic,fixed-ry-rz,2,14,0.01,64,2000,True,plus,True,False,0.5131219634420974,0.7439024390243902,0.5205165012510905,0.7533577533577533,0.774390243902439,1410.060975609756,,171.49754285812378,,450,16,65536,457b0468ba5f023a4a9f38816dbca0899481d04d,False
complete,synthetic,synthetic-singular__synthetic__fixed-ry-rz__L2__lr0.01__bs64__seed15,results/runs/synthetic/synthetic-singular__synthetic__fixed-ry-rz__L2__lr0.01__bs64__seed15_seed15,synthetic-singular,synthetic,fixed-ry-rz,2,15,0.01,64,2000,True,plus,True,False,0.5398454311652185,0.7286585365853658,0.5329993984790473,0.7326007326007326,0.7713414634146342,1417.2256097560976,,171.8379967212677,,450,16,65536,457b0468ba5f023a4a9f38816dbca0899481d04d,False
complete,synthetic,synthetic-singular__synthetic__fixed-ry-rz__L2__lr0.01__bs64__seed16,results/runs/synthetic/synthetic-singular__synthetic__fixed-ry-rz__L2__lr0.01__bs64__seed16_seed16,synthetic-singular,synthetic,fixed-ry-rz,2,16,0.01,64,2000,True,plus,True,False,0.5165949670560478,0.7591463414634146,0.5233301039977586,0.7545787545787546,0.7591463414634146,1410.5182926829273,,171.4162871837616,,450,16,65536,457b0468ba5f023a4a9f38816dbca0899481d04d,False
complete,synthetic,synthetic-singular__synthetic__fixed-ry-rz__L2__lr0.01__bs64__seed17,results/runs/synthetic/synthetic-singular__synthetic__fixed-ry-rz__L2__lr0.01__bs64__seed17_seed17,synthetic-singular,synthetic,fixed-ry-rz,2,17,0.01,64,2000,True,plus,True,False,0.5142152386409096,0.7439024390243902,0.5207544253489119,0.7362637362637363,0.7652439024390244,1411.1280487804881,,171.90619778633118,,450,16,65536,457b0468ba5f023a4a9f38816dbca0899481d04d,False
complete,synthetic,synthetic-singular__synthetic__fixed-ry-rz__L2__lr0.01__bs64__seed18,results/runs/synthetic/synthetic-singular__synthetic__fixed-ry-rz__L2__lr0.01__bs64__seed18_seed18,synthetic-singular,synthetic,fixed-ry-rz,2,18,0.01,64,2000,True,plus,True,False,0.5212397128344046,0.7286585365853658,0.5233050402611961,0.7350427350427351,0.7682926829268293,1412.65243902439,,171.74715614318848,,450,16,65536,457b0468ba5f023a4a9f38816dbca0899481d04d,False
complete,synthetic,synthetic-singular__synthetic__fixed-ry-rz__L2__lr0.01__bs64__seed19,results/runs/synthetic/synthetic-singular__synthetic__fixed-ry-rz__L2__lr0.01__bs64__seed19_seed19,synthetic-singular,synthetic,fixed-ry-rz,2,19,0.01,64,2000,True,plus,True,False,0.5235563146725707,0.7408536585365854,0.5306108698258782,0.7142857142857143,0.7621951219512195,1404.420731707317,,171.14115142822266,,450,16,65536,457b0468ba5f023a4a9f38816dbca0899481d04d,False
complete,synthetic,synthetic-singular__synthetic__fixed-ry-rz__L2__lr0.01__bs64__seed1,results/runs/synthetic/synthetic-singular__synthetic__fixed-ry-rz__L2__lr0.01__bs64__seed1_seed1,synthetic-singular,synthetic,fixed-ry-rz,2,1,0.01,64,2000,True,plus,True,False,0.5305143782892718,0.7317073170731707,0.5275870140241317,0.7228327228327228,0.7682926829268293,1416.6158536585363,,171.61357712745667,,450,16,65536,457b0468ba5f023a4a9f38816dbca0899481d04d,False
complete,synthetic,synthetic-singular__synthetic__fixed-ry-rz__L2__lr0.01__bs64__seed2,results/runs/synthetic/synthetic-singular__synthetic__fixed-ry-rz__L2__lr0.01__bs64__seed2_seed2,synthetic-singular,synthetic,fixed-ry-rz,2,2,0.01,64,2000,True,plus,True,False,0.5226554760266131,0.7530487804878049,0.5290284319770425,0.746031746031746,0.774390243902439,1407.6219512195123,,170.43551754951477,,450,16,65536,457b0468ba5f023a4a9f38816dbca0899481d04d,False
complete,synthetic,synthetic-singular__synthetic__fixed-ry-rz__L2__lr0.01__bs64__seed3,results/runs/synthetic/synthetic-singular__synthetic__fixed-ry-rz__L2__lr0.01__bs64__seed3_seed3,synthetic-singular,synthetic,fixed-ry-rz,2,3,0.01,64,2000,True,plus,True,False,0.5140329281836767,0.7469512195121951,0.5209798314240563,0.7496947496947497,0.7652439024390244,1415.7012195121952,,172.01624464988708,,450,16,65536,457b0468ba5f023a4a9f38816dbca0899481d04d,False
complete,synthetic,synthetic-singular__synthetic__fixed-ry-rz__L2__lr0.01__bs64__seed4,results/runs/synthetic/synthetic-singular__synthetic__fixed-ry-rz__L2__lr0.01__bs64__seed4_seed4,synthetic-singular,synthetic,fixed-ry-rz,2,4,0.01,64,2000,True,plus,True,False,0.5168526655783363,0.7469512195121951,0.5250204333287599,0.7374847374847375,0.7774390243902439,1410.3658536585365,,170.99151587486267,,450,16,65536,457b0468ba5f023a4a9f38816dbca0899481d04d,False
complete,synthetic,synthetic-singular__synthetic__fixed-ry-rz__L2__lr0.01__bs64__seed5,results/runs/synthetic/synthetic-singular__synthetic__fixed-ry-rz__L2__lr0.01__bs64__seed5_seed5,synthetic-singular,synthetic,fixed-ry-rz,2,5,0.01,64,2000,True,plus,True,False,0.5342479879168862,0.7317073170731707,0.5339705705992127,0.724053724053724,0.7621951219512195,1423.628048780488,,171.63387084007263,,450,16,65536,457b0468ba5f023a4a9f38816dbca0899481d04d,False
complete,synthetic,synthetic-singular__synthetic__fixed-ry-rz__L2__lr0.01__bs64__seed6,results/runs/synthetic/synthetic-singular__synthetic__fixed-ry-rz__L2__lr0.01__bs64__seed6_seed6,synthetic-singular,synthetic,fixed-ry-rz,2,6,0.01,64,2000,True,plus,True,False,0.5264078946017718,0.7286585365853658,0.5281737801872775,0.7362637362637363,0.7652439024390244,1413.871951219512,,172.11818981170654,,450,16,65536,457b0468ba5f023a4a9f38816dbca0899481d04d,False
complete,synthetic,synthetic-singular__synthetic__fixed-ry-rz__L2__lr0.01__bs64__seed7,results/runs/synthetic/synthetic-singular__synthetic__fixed-ry-rz__L2__lr0.01__bs64__seed7_seed7,synthetic-singular,synthetic,fixed-ry-rz,2,7,0.01,64,2000,True,plus,True,False,0.5137075132030482,0.7378048780487805,0.5210027218711953,0.7509157509157509,0.7560975609756098,1410.9756097560974,,172.26989078521729,,450,16,65536,457b0468ba5f023a4a9f38816dbca0899481d04d,False
complete,synthetic,synthetic-singular__synthetic__fixed-ry-rz__L2__lr0.01__bs64__seed8,results/runs/synthetic/synthetic-singular__synthetic__fixed-ry-rz__L2__lr0.01__bs64__seed8_seed8,synthetic-singular,synthetic,fixed-ry-rz,2,8,0.01,64,2000,True,plus,True,False,0.5133198005643351,0.75,0.520321337235383,0.7594627594627594,0.7682926829268293,1413.5670731707319,,171.98901987075806,,450,16,65536,457b0468ba5f023a4a9f38816dbca0899481d04d,False
complete,synthetic,synthetic-singular__synthetic__fixed-ry-rz__L2__lr0.01__bs64__seed9,results/runs/synthetic/synthetic-singular__synthetic__fixed-ry-rz__L2__lr0.01__bs64__seed9_seed9,synthetic-singular,synthetic,fixed-ry-rz,2,9,0.01,64,2000,True,plus,True,False,0.5270734741583428,0.7408536585365854,0.5247418676693311,0.7338217338217338,0.7713414634146342,1410.5182926829268,,171.44931983947754,,450,16,65536,457b0468ba5f023a4a9f38816dbca0899481d04d,False
complete,synthetic,synthetic-singular__synthetic__fixed-ry-rz__L32__lr0.01__bs64__seed0,results/runs/synthetic/synthetic-singular__synthetic__fixed-ry-rz__L32__lr0.01__bs64__seed0_seed0,synthetic-singular,synthetic,fixed-ry-rz,32,0,0.01,64,2000,True,plus,True,False,0.4152748449047894,0.8048780487804879,0.404683241521442,0.8412698412698413,0.8170731707317073,1487.1951219512193,,3041.317094564438,,7200,16,65536,457b0468ba5f023a4a9f38816dbca0899481d04d,False
complete,synthetic,synthetic-singular__synthetic__fixed-ry-rz__L32__lr0.01__bs64__seed10,results/runs/synthetic/synthetic-singular__synthetic__fixed-ry-rz__L32__lr0.01__bs64__seed10_seed10,synthetic-singular,synthetic,fixed-ry-rz,32,10,0.01,64,2000,True,plus,True,False,0.3934460581440454,0.8201219512195121,0.3827736314262896,0.8388278388278388,0.8323170731707317,1512.042682926829,,3052.480098247528,,7200,16,65536,457b0468ba5f023a4a9f38816dbca0899481d04d,False
complete,synthetic,synthetic-singular__synthetic__fixed-ry-rz__L32__lr0.01__bs64__seed11,results/runs/synthetic/synthetic-singular__synthetic__fixed-ry-rz__L32__lr0.01__bs64__seed11_seed11,synthetic-singular,synthetic,fixed-ry-rz,32,11,0.01,64,2000,True,plus,True,False,0.39991530881012716,0.8109756097560976,0.385139585965764,0.8498168498168498,0.8292682926829268,1508.3841463414635,,3048.0957407951355,,7200,16,65536,457b0468ba5f023a4a9f38816dbca0899481d04d,False
complete,synthetic,synthetic-singular__synthetic__fixed-ry-rz__L32__lr0.01__bs64__seed12,results/runs/synthetic/synthetic-singular__synthetic__fixed-ry-rz__L32__lr0.01__bs64__seed12_seed12,synthetic-singular,synthetic,fixed-ry-rz,32,12,0.01,64,2000,True,plus,True,False,0.3984267572881227,0.8170731707317073,0.38621638476834974,0.8461538461538461,0.823170731707317,1518.4451219512196,,3045.1461646556854,,7200,16,65536,457b0468ba5f023a4a9f38816dbca0899481d04d,False
complete,synthetic,synthetic-singular__synthetic__fixed-ry-rz__L32__lr0.01__bs64__seed13,results/runs/synthetic/synthetic-singular__synthetic__fixed-ry-rz__L32__lr0.01__bs64__seed13_seed13,synthetic-singular,synthetic,fixed-ry-rz,32,13,0.01,64,2000,True,plus,True,False,0.3905975178462455,0.8292682926829268,0.3861062800540531,0.8644688644688645,0.8628048780487805,1548.4756097560974,,3045.184640645981,,7200,16,65536,457b0468ba5f023a4a9f38816dbca0899481d04d,False
complete,synthetic,synthetic-singular__synthetic__fixed-ry-rz__L32__lr0.01__bs64__seed14,results/runs/synthetic/synthetic-singular__synthetic__fixed-ry-rz__L32__lr0.01__bs64__seed14_seed14,synthetic-singular,synthetic,fixed-ry-rz,32,14,0.01,64,2000,True,plus,True,False,0.42508330384967924,0.8048780487804879,0.4140633198449866,0.833943833943834,0.8201219512195121,1511.128048780488,,3040.051328420639,,7200,16,65536,457b0468ba5f023a4a9f38816dbca0899481d04d,False
complete,synthetic,synthetic-singular__synthetic__fixed-ry-rz__L32__lr0.01__bs64__seed15,results/runs/synthetic/synthetic-singular__synthetic__fixed-ry-rz__L32__lr0.01__bs64__seed15_seed15,synthetic-singular,synthetic,fixed-ry-rz,32,15,0.01,64,2000,True,plus,True,False,0.41684601112893516,0.8140243902439024,0.40557352222305354,0.8437118437118437,0.8170731707317073,1491.158536585366,,3113.9658784866333,,7200,16,65536,5d760ef42d71a06acce4efdc9ed931be057f16a6,False
complete,synthetic,synthetic-singular__synthetic__fixed-ry-rz__L32__lr0.01__bs64__seed16,results/runs/synthetic/synthetic-singular__synthetic__fixed-ry-rz__L32__lr0.01__bs64__seed16_seed16,synthetic-singular,synthetic,fixed-ry-rz,32,16,0.01,64,2000,True,plus,True,False,0.38817447663116794,0.8353658536585366,0.3889734978547538,0.8473748473748474,0.8353658536585366,1518.7500000000002,,3037.33416557312,,7200,16,65536,457b0468ba5f023a4a9f38816dbca0899481d04d,False
complete,synthetic,synthetic-singular__synthetic__fixed-ry-rz__L32__lr0.01__bs64__seed17,results/runs/synthetic/synthetic-singular__synthetic__fixed-ry-rz__L32__lr0.01__bs64__seed17_seed17,synthetic-singular,synthetic,fixed-ry-rz,32,17,0.01,64,2000,True,plus,True,False,0.41026027183375274,0.8262195121951219,0.4120032731761049,0.8315018315018315,0.8475609756097561,1541.3109756097558,,3041.0750205516815,,7200,16,65536,457b0468ba5f023a4a9f38816dbca0899481d04d,False
complete,synthetic,synthetic-singular__synthetic__fixed-ry-rz__L32__lr0.01__bs64__seed18,results/runs/synthetic/synthetic-singular__synthetic__fixed-ry-rz__L32__lr0.01__bs64__seed18_seed18,synthetic-singular,synthetic,fixed-ry-rz,32,18,0.01,64,2000,True,plus,True,False,0.4107731612160256,0.8170731707317073,0.39963528429798933,0.8522588522588522,0.8170731707317073,1498.0182926829268,,3034.8407485485077,,7200,16,65536,457b0468ba5f023a4a9f38816dbca0899481d04d,False
complete,synthetic,synthetic-singular__synthetic__fixed-ry-rz__L32__lr0.01__bs64__seed19,results/runs/synthetic/synthetic-singular__synthetic__fixed-ry-rz__L32__lr0.01__bs64__seed19_seed19,synthetic-singular,synthetic,fixed-ry-rz,32,19,0.01,64,2000,True,plus,True,False,0.39642998371760196,0.801829268292683,0.37831546536376187,0.8498168498168498,0.8201219512195121,1514.7865853658536,,3025.593854904175,,7200,16,65536,457b0468ba5f023a4a9f38816dbca0899481d04d,False
complete,synthetic,synthetic-singular__synthetic__fixed-ry-rz__L32__lr0.01__bs64__seed1,results/runs/synthetic/synthetic-singular__synthetic__fixed-ry-rz__L32__lr0.01__bs64__seed1_seed1,synthetic-singular,synthetic,fixed-ry-rz,32,1,0.01,64,2000,True,plus,True,False,0.41341164215394277,0.8140243902439024,0.3918216819808323,0.8547008547008547,0.8140243902439024,1513.4146341463415,,3025.750424385071,,7200,16,65536,457b0468ba5f023a4a9f38816dbca0899481d04d,False
complete,synthetic,synthetic-singular__synthetic__fixed-ry-rz__L32__lr0.01__bs64__seed2,results/runs/synthetic/synthetic-singular__synthetic__fixed-ry-rz__L32__lr0.01__bs64__seed2_seed2,synthetic-singular,synthetic,fixed-ry-rz,32,2,0.01,64,2000,True,plus,True,False,0.38877327865734806,0.8201219512195121,0.3898450968761478,0.8571428571428571,0.8475609756097561,1542.987804878049,,3040.346719264984,,7200,16,65536,457b0468ba5f023a4a9f38816dbca0899481d04d,False
complete,synthetic,synthetic-singular__synthetic__fixed-ry-rz__L32__lr0.01__bs64__seed3,results/runs/synthetic/synthetic-singular__synthetic__fixed-ry-rz__L32__lr0.01__bs64__seed3_seed3,synthetic-singular,synthetic,fixed-ry-rz,32,3,0.01,64,2000,True,plus,True,False,0.40110248952886396,0.8109756097560976,0.39630016627348574,0.851037851037851,0.8201219512195121,1499.9999999999998,,3031.8752312660217,,7200,16,65536,457b0468ba5f023a4a9f38816dbca0899481d04d,False
complete,synthetic,synthetic-singular__synthetic__fixed-ry-rz__L32__lr0.01__bs64__seed4,results/runs/synthetic/synthetic-singular__synthetic__fixed-ry-rz__L32__lr0.01__bs64__seed4_seed4,synthetic-singular,synthetic,fixed-ry-rz,32,4,0.01,64,2000,True,plus,True,False,0.40978622445141255,0.8109756097560976,0.40115551990535286,0.8327228327228328,0.8262195121951219,1517.0731707317075,,3031.7104041576385,,7200,16,65536,457b0468ba5f023a4a9f38816dbca0899481d04d,False
complete,synthetic,synthetic-singular__synthetic__fixed-ry-rz__L32__lr0.01__bs64__seed5,results/runs/synthetic/synthetic-singular__synthetic__fixed-ry-rz__L32__lr0.01__bs64__seed5_seed5,synthetic-singular,synthetic,fixed-ry-rz,32,5,0.01,64,2000,True,plus,True,False,0.40390635039111766,0.8170731707317073,0.396277711689829,0.8485958485958486,0.8262195121951219,1511.5853658536585,,3030.535405397415,,7200,16,65536,457b0468ba5f023a4a9f38816dbca0899481d04d,False
complete,synthetic,synthetic-singular__synthetic__fixed-ry-rz__L32__lr0.01__bs64__seed6,results/runs/synthetic/synthetic-singular__synthetic__fixed-ry-rz__L32__lr0.01__bs64__seed6_seed6,synthetic-singular,synthetic,fixed-ry-rz,32,6,0.01,64,2000,True,plus,True,False,0.43270288053439826,0.7896341463414634,0.41792568432720967,0.8253968253968254,0.8079268292682927,1495.2743902439024,,3025.6460959911346,,7200,16,65536,457b0468ba5f023a4a9f38816dbca0899481d04d,False
complete,synthetic,synthetic-singular__synthetic__fixed-ry-rz__L32__lr0.01__bs64__seed7,results/runs/synthetic/synthetic-singular__synthetic__fixed-ry-rz__L32__lr0.01__bs64__seed7_seed7,synthetic-singular,synthetic,fixed-ry-rz,32,7,0.01,64,2000,True,plus,True,False,0.4287126743870471,0.7957317073170732,0.3994078488330376,0.8412698412698413,0.8262195121951219,1517.6829268292681,,3027.120518922806,,7200,16,65536,457b0468ba5f023a4a9f38816dbca0899481d04d,False
complete,synthetic,synthetic-singular__synthetic__fixed-ry-rz__L32__lr0.01__bs64__seed8,results/runs/synthetic/synthetic-singular__synthetic__fixed-ry-rz__L32__lr0.01__bs64__seed8_seed8,synthetic-singular,synthetic,fixed-ry-rz,32,8,0.01,64,2000,True,plus,True,False,0.40843198608092923,0.8140243902439024,0.3948850346366559,0.8376068376068376,0.8262195121951219,1512.8048780487804,,3039.292403459549,,7200,16,65536,457b0468ba5f023a4a9f38816dbca0899481d04d,False
complete,synthetic,synthetic-singular__synthetic__fixed-ry-rz__L32__lr0.01__bs64__seed9,results/runs/synthetic/synthetic-singular__synthetic__fixed-ry-rz__L32__lr0.01__bs64__seed9_seed9,synthetic-singular,synthetic,fixed-ry-rz,32,9,0.01,64,2000,True,plus,True,False,0.38215544243206334,0.8414634146341463,0.36607730395377164,0.8595848595848596,0.8414634146341463,1517.2256097560974,,3032.6255679130554,,7200,16,65536,457b0468ba5f023a4a9f38816dbca0899481d04d,False
complete,synthetic,synthetic-singular__synthetic__fixed-ry-rz__L4__lr0.01__bs64__seed0,results/runs/synthetic/synthetic-singular__synthetic__fixed-ry-rz__L4__lr0.01__bs64__seed0_seed0,synthetic-singular,synthetic,fixed-ry-rz,4,0,0.01,64,2000,True,plus,True,False,0.4421881694173973,0.7957317073170732,0.4317365296130323,0.8205128205128205,0.8079268292682927,1505.3353658536587,,337.9289755821228,,900,16,65536,457b0468ba5f023a4a9f38816dbca0899481d04d,False
complete,synthetic,synthetic-singular__synthetic__fixed-ry-rz__L4__lr0.01__bs64__seed10,results/runs/synthetic/synthetic-singular__synthetic__fixed-ry-rz__L4__lr0.01__bs64__seed10_seed10,synthetic-singular,synthetic,fixed-ry-rz,4,10,0.01,64,2000,True,plus,True,False,0.4415093114000189,0.7957317073170732,0.4243470524611474,0.8131868131868132,0.8079268292682927,1501.3719512195123,,338.44341588020325,,900,16,65536,457b0468ba5f023a4a9f38816dbca0899481d04d,False
complete,synthetic,synthetic-singular__synthetic__fixed-ry-rz__L4__lr0.01__bs64__seed11,results/runs/synthetic/synthetic-singular__synthetic__fixed-ry-rz__L4__lr0.01__bs64__seed11_seed11,synthetic-singular,synthetic,fixed-ry-rz,4,11,0.01,64,2000,True,plus,True,False,0.4374828447663116,0.7713414634146342,0.43325393047300753,0.8217338217338217,0.8079268292682927,1506.4024390243903,,337.0136716365814,,900,16,65536,457b0468ba5f023a4a9f38816dbca0899481d04d,False
complete,synthetic,synthetic-singular__synthetic__fixed-ry-rz__L4__lr0.01__bs64__seed12,results/runs/synthetic/synthetic-singular__synthetic__fixed-ry-rz__L4__lr0.01__bs64__seed12_seed12,synthetic-singular,synthetic,fixed-ry-rz,4,12,0.01,64,2000,True,plus,True,False,0.4328697261042901,0.8048780487804879,0.4175906315799486,0.8290598290598291,0.8048780487804879,1498.6280487804877,,339.31756591796875,,900,16,65536,457b0468ba5f023a4a9f38816dbca0899481d04d,False
complete,synthetic,synthetic-singular__synthetic__fixed-ry-rz__L4__lr0.01__bs64__seed13,results/runs/synthetic/synthetic-singular__synthetic__fixed-ry-rz__L4__lr0.01__bs64__seed13_seed13,synthetic-singular,synthetic,fixed-ry-rz,4,13,0.01,64,2000,True,plus,True,False,0.43459861510160913,0.8109756097560976,0.4177699365344539,0.8241758241758241,0.8170731707317073,1504.1158536585367,,338.2666070461273,,900,16,65536,457b0468ba5f023a4a9f38816dbca0899481d04d,False
complete,synthetic,synthetic-singular__synthetic__fixed-ry-rz__L4__lr0.01__bs64__seed14,results/runs/synthetic/synthetic-singular__synthetic__fixed-ry-rz__L4__lr0.01__bs64__seed14_seed14,synthetic-singular,synthetic,fixed-ry-rz,4,14,0.01,64,2000,True,plus,True,False,0.4346207805378666,0.7987804878048781,0.4236922173161073,0.8217338217338217,0.8079268292682927,1512.34756097561,,338.9161949157715,,900,16,65536,457b0468ba5f023a4a9f38816dbca0899481d04d,False
complete,synthetic,synthetic-singular__synthetic__fixed-ry-rz__L4__lr0.01__bs64__seed15,results/runs/synthetic/synthetic-singular__synthetic__fixed-ry-rz__L4__lr0.01__bs64__seed15_seed15,synthetic-singular,synthetic,fixed-ry-rz,4,15,0.01,64,2000,True,plus,True,False,0.4304324304599176,0.7957317073170732,0.42201845701410584,0.8217338217338217,0.801829268292683,1500.7621951219512,,340.24382758140564,,900,16,65536,457b0468ba5f023a4a9f38816dbca0899481d04d,False
complete,synthetic,synthetic-singular__synthetic__fixed-ry-rz__L4__lr0.01__bs64__seed16,results/runs/synthetic/synthetic-singular__synthetic__fixed-ry-rz__L4__lr0.01__bs64__seed16_seed16,synthetic-singular,synthetic,fixed-ry-rz,4,16,0.01,64,2000,True,plus,True,False,0.44553894007129646,0.7865853658536586,0.42267443867132265,0.8217338217338217,0.8079268292682927,1491.920731707317,,335.9280071258545,,900,16,65536,457b0468ba5f023a4a9f38816dbca0899481d04d,False
complete,synthetic,synthetic-singular__synthetic__fixed-ry-rz__L4__lr0.01__bs64__seed17,results/runs/synthetic/synthetic-singular__synthetic__fixed-ry-rz__L4__lr0.01__bs64__seed17_seed17,synthetic-singular,synthetic,fixed-ry-rz,4,17,0.01,64,2000,True,plus,True,False,0.429868475282254,0.801829268292683,0.4272574461394276,0.8266178266178266,0.8170731707317073,1511.890243902439,,339.1877818107605,,900,16,65536,457b0468ba5f023a4a9f38816dbca0899481d04d,False
complete,synthetic,synthetic-singular__synthetic__fixed-ry-rz__L4__lr0.01__bs64__seed18,results/runs/synthetic/synthetic-singular__synthetic__fixed-ry-rz__L4__lr0.01__bs64__seed18_seed18,synthetic-singular,synthetic,fixed-ry-rz,4,18,0.01,64,2000,True,plus,True,False,0.4471813448214358,0.7835365853658537,0.43983142837652417,0.818070818070818,0.7987804878048781,1489.7865853658536,,340.80534625053406,,900,16,65536,457b0468ba5f023a4a9f38816dbca0899481d04d,False
complete,synthetic,synthetic-singular__synthetic__fixed-ry-rz__L4__lr0.01__bs64__seed19,results/runs/synthetic/synthetic-singular__synthetic__fixed-ry-rz__L4__lr0.01__bs64__seed19_seed19,synthetic-singular,synthetic,fixed-ry-rz,4,19,0.01,64,2000,True,plus,True,False,0.44095911668847587,0.7896341463414634,0.42812305016840596,0.8217338217338217,0.8079268292682927,1505.0304878048782,,339.0599842071533,,900,16,65536,457b0468ba5f023a4a9f38816dbca0899481d04d,False
complete,synthetic,synthetic-singular__synthetic__fixed-ry-rz__L4__lr0.01__bs64__seed1,results/runs/synthetic/synthetic-singular__synthetic__fixed-ry-rz__L4__lr0.01__bs64__seed1_seed1,synthetic-singular,synthetic,fixed-ry-rz,4,1,0.01,64,2000,True,plus,True,False,0.43324702446912855,0.7865853658536586,0.4247064043909848,0.8217338217338217,0.8048780487804879,1504.1158536585365,,337.8139159679413,,900,16,65536,457b0468ba5f023a4a9f38816dbca0899481d04d,False
complete,synthetic,synthetic-singular__synthetic__fixed-ry-rz__L4__lr0.01__bs64__seed2,results/runs/synthetic/synthetic-singular__synthetic__fixed-ry-rz__L4__lr0.01__bs64__seed2_seed2,synthetic-singular,synthetic,fixed-ry-rz,4,2,0.01,64,2000,True,plus,True,False,0.43299574795632495,0.801829268292683,0.42446433654132865,0.8217338217338217,0.801829268292683,1488.2621951219514,,340.32726216316223,,900,16,65536,457b0468ba5f023a4a9f38816dbca0899481d04d,False
complete,synthetic,synthetic-singular__synthetic__fixed-ry-rz__L4__lr0.01__bs64__seed3,results/runs/synthetic/synthetic-singular__synthetic__fixed-ry-rz__L4__lr0.01__bs64__seed3_seed3,synthetic-singular,synthetic,fixed-ry-rz,4,3,0.01,64,2000,True,plus,True,False,0.42868029013116854,0.801829268292683,0.4285832624589261,0.818070818070818,0.8079268292682927,1505.6402439024394,,342.386736869812,,900,16,65536,457b0468ba5f023a4a9f38816dbca0899481d04d,False
complete,synthetic,synthetic-singular__synthetic__fixed-ry-rz__L4__lr0.01__bs64__seed4,results/runs/synthetic/synthetic-singular__synthetic__fixed-ry-rz__L4__lr0.01__bs64__seed4_seed4,synthetic-singular,synthetic,fixed-ry-rz,4,4,0.01,64,2000,True,plus,True,False,0.4357550515756804,0.7865853658536586,0.4243772604783217,0.8229548229548229,0.8079268292682927,1505.3353658536585,,340.57883048057556,,900,16,65536,457b0468ba5f023a4a9f38816dbca0899481d04d,False
complete,synthetic,synthetic-singular__synthetic__fixed-ry-rz__L4__lr0.01__bs64__seed5,results/runs/synthetic/synthetic-singular__synthetic__fixed-ry-rz__L4__lr0.01__bs64__seed5_seed5,synthetic-singular,synthetic,fixed-ry-rz,4,5,0.01,64,2000,True,plus,True,False,0.43641056081640633,0.7926829268292683,0.42559295010403775,0.8131868131868132,0.8109756097560976,1492.8353658536587,,339.2810139656067,,900,16,65536,457b0468ba5f023a4a9f38816dbca0899481d04d,False
complete,synthetic,synthetic-singular__synthetic__fixed-ry-rz__L4__lr0.01__bs64__seed6,results/runs/synthetic/synthetic-singular__synthetic__fixed-ry-rz__L4__lr0.01__bs64__seed6_seed6,synthetic-singular,synthetic,fixed-ry-rz,4,6,0.01,64,2000,True,plus,True,False,0.44453963466252244,0.7926829268292683,0.42964478694687264,0.818070818070818,0.8079268292682927,1497.1036585365853,,338.84323716163635,,900,16,65536,457b0468ba5f023a4a9f38816dbca0899481d04d,False
complete,synthetic,synthetic-singular__synthetic__fixed-ry-rz__L4__lr0.01__bs64__seed7,results/runs/synthetic/synthetic-singular__synthetic__fixed-ry-rz__L4__lr0.01__bs64__seed7_seed7,synthetic-singular,synthetic,fixed-ry-rz,4,7,0.01,64,2000,True,plus,True,False,0.4395839660321773,0.7957317073170732,0.4222997749450452,0.8131868131868132,0.8079268292682927,1495.7317073170732,,337.6940886974335,,900,16,65536,457b0468ba5f023a4a9f38816dbca0899481d04d,False
complete,synthetic,synthetic-singular__synthetic__fixed-ry-rz__L4__lr0.01__bs64__seed8,results/runs/synthetic/synthetic-singular__synthetic__fixed-ry-rz__L4__lr0.01__bs64__seed8_seed8,synthetic-singular,synthetic,fixed-ry-rz,4,8,0.01,64,2000,True,plus,True,False,0.42983888793204617,0.801829268292683,0.4319521973455988,0.8144078144078144,0.8109756097560976,1498.1707317073171,,341.13087224960327,,900,16,65536,457b0468ba5f023a4a9f38816dbca0899481d04d,False
complete,synthetic,synthetic-singular__synthetic__fixed-ry-rz__L4__lr0.01__bs64__seed9,results/runs/synthetic/synthetic-singular__synthetic__fixed-ry-rz__L4__lr0.01__bs64__seed9_seed9,synthetic-singular,synthetic,fixed-ry-rz,4,9,0.01,64,2000,True,plus,True,False,0.43151510356529876,0.7987804878048781,0.42505810197480054,0.8302808302808303,0.8140243902439024,1508.9939024390244,,337.88286995887756,,900,16,65536,457b0468ba5f023a4a9f38816dbca0899481d04d,False
complete,synthetic,synthetic-singular__synthetic__fixed-ry-rz__L8__lr0.01__bs64__seed0,results/runs/synthetic/synthetic-singular__synthetic__fixed-ry-rz__L8__lr0.01__bs64__seed0_seed0,synthetic-singular,synthetic,fixed-ry-rz,8,0,0.01,64,2000,True,plus,True,False,0.41356231336574695,0.7957317073170732,0.4015866664475452,0.8290598290598291,0.8109756097560976,1510.3658536585363,,735.7895517349243,,1800,16,65536,5d760ef42d71a06acce4efdc9ed931be057f16a6,False
complete,synthetic,synthetic-singular__synthetic__fixed-ry-rz__L8__lr0.01__bs64__seed10,results/runs/synthetic/synthetic-singular__synthetic__fixed-ry-rz__L8__lr0.01__bs64__seed10_seed10,synthetic-singular,synthetic,fixed-ry-rz,8,10,0.01,64,2000,True,plus,True,False,0.4228875624530495,0.7926829268292683,0.39822352463949123,0.833943833943834,0.8048780487804879,1501.6768292682927,,804.0106484889984,,1800,16,65536,5d760ef42d71a06acce4efdc9ed931be057f16a6,False
complete,synthetic,synthetic-singular__synthetic__fixed-ry-rz__L8__lr0.01__bs64__seed11,results/runs/synthetic/synthetic-singular__synthetic__fixed-ry-rz__L8__lr0.01__bs64__seed11_seed11,synthetic-singular,synthetic,fixed-ry-rz,8,11,0.01,64,2000,True,plus,True,False,0.39453439162577286,0.8201219512195121,0.39315984783828783,0.8498168498168498,0.8201219512195121,1522.7134146341464,,687.0794606208801,,1800,16,65536,457b0468ba5f023a4a9f38816dbca0899481d04d,False
complete,synthetic,synthetic-singular__synthetic__fixed-ry-rz__L8__lr0.01__bs64__seed12,results/runs/synthetic/synthetic-singular__synthetic__fixed-ry-rz__L8__lr0.01__bs64__seed12_seed12,synthetic-singular,synthetic,fixed-ry-rz,8,12,0.01,64,2000,True,plus,True,False,0.39383045290470026,0.8140243902439024,0.38494492959330634,0.8412698412698413,0.8201219512195121,1528.5060975609756,,685.6743123531342,,1800,16,65536,457b0468ba5f023a4a9f38816dbca0899481d04d,False
complete,synthetic,synthetic-singular__synthetic__fixed-ry-rz__L8__lr0.01__bs64__seed13,results/runs/synthetic/synthetic-singular__synthetic__fixed-ry-rz__L8__lr0.01__bs64__seed13_seed13,synthetic-singular,synthetic,fixed-ry-rz,8,13,0.01,64,2000,True,plus,True,False,0.39709263582268806,0.8201219512195121,0.3833518981400684,0.8485958485958486,0.8292682926829268,1537.3475609756097,,687.4728782176971,,1800,16,65536,457b0468ba5f023a4a9f38816dbca0899481d04d,False
complete,synthetic,synthetic-singular__synthetic__fixed-ry-rz__L8__lr0.01__bs64__seed14,results/runs/synthetic/synthetic-singular__synthetic__fixed-ry-rz__L8__lr0.01__bs64__seed14_seed14,synthetic-singular,synthetic,fixed-ry-rz,8,14,0.01,64,2000,True,plus,True,False,0.39423372934929296,0.8048780487804879,0.39153547440578396,0.8461538461538461,0.8201219512195121,1520.1219512195125,,683.5781364440918,,1800,16,65536,457b0468ba5f023a4a9f38816dbca0899481d04d,False
complete,synthetic,synthetic-singular__synthetic__fixed-ry-rz__L8__lr0.01__bs64__seed15,results/runs/synthetic/synthetic-singular__synthetic__fixed-ry-rz__L8__lr0.01__bs64__seed15_seed15,synthetic-singular,synthetic,fixed-ry-rz,8,15,0.01,64,2000,True,plus,True,False,0.41729404805398373,0.8079268292682927,0.4095722299370309,0.8388278388278388,0.8140243902439024,1508.841463414634,,679.1584007740021,,1800,16,65536,457b0468ba5f023a4a9f38816dbca0899481d04d,False
complete,synthetic,synthetic-singular__synthetic__fixed-ry-rz__L8__lr0.01__bs64__seed16,results/runs/synthetic/synthetic-singular__synthetic__fixed-ry-rz__L8__lr0.01__bs64__seed16_seed16,synthetic-singular,synthetic,fixed-ry-rz,8,16,0.01,64,2000,True,plus,True,False,0.40843504928771374,0.8140243902439024,0.3896371447413052,0.8412698412698413,0.8292682926829268,1519.0548780487804,,686.5757706165314,,1800,16,65536,457b0468ba5f023a4a9f38816dbca0899481d04d,False
complete,synthetic,synthetic-singular__synthetic__fixed-ry-rz__L8__lr0.01__bs64__seed17,results/runs/synthetic/synthetic-singular__synthetic__fixed-ry-rz__L8__lr0.01__bs64__seed17_seed17,synthetic-singular,synthetic,fixed-ry-rz,8,17,0.01,64,2000,True,plus,True,False,0.41935903194141366,0.801829268292683,0.41659383532464217,0.8241758241758241,0.823170731707317,1521.6463414634145,,690.8002831935883,,1800,16,65536,457b0468ba5f023a4a9f38816dbca0899481d04d,False
complete,synthetic,synthetic-singular__synthetic__fixed-ry-rz__L8__lr0.01__bs64__seed18,results/runs/synthetic/synthetic-singular__synthetic__fixed-ry-rz__L8__lr0.01__bs64__seed18_seed18,synthetic-singular,synthetic,fixed-ry-rz,8,18,0.01,64,2000,True,plus,True,False,0.40946268509410233,0.801829268292683,0.39279659046061366,0.8449328449328449,0.8079268292682927,1508.079268292683,,690.0410873889923,,1800,16,65536,457b0468ba5f023a4a9f38816dbca0899481d04d,False
complete,synthetic,synthetic-singular__synthetic__fixed-ry-rz__L8__lr0.01__bs64__seed19,results/runs/synthetic/synthetic-singular__synthetic__fixed-ry-rz__L8__lr0.01__bs64__seed19_seed19,synthetic-singular,synthetic,fixed-ry-rz,8,19,0.01,64,2000,True,plus,True,False,0.4298420591211519,0.7926829268292683,0.41564409099528654,0.8327228327228328,0.8109756097560976,1512.1951219512193,,686.9960489273071,,1800,16,65536,457b0468ba5f023a4a9f38816dbca0899481d04d,False
complete,synthetic,synthetic-singular__synthetic__fixed-ry-rz__L8__lr0.01__bs64__seed1,results/runs/synthetic/synthetic-singular__synthetic__fixed-ry-rz__L8__lr0.01__bs64__seed1_seed1,synthetic-singular,synthetic,fixed-ry-rz,8,1,0.01,64,2000,True,plus,True,False,0.41861984377312816,0.7987804878048781,0.4046026037205515,0.8241758241758241,0.8170731707317073,1512.6524390243903,,817.6566689014435,,1800,16,65536,5d760ef42d71a06acce4efdc9ed931be057f16a6,False
complete,synthetic,synthetic-singular__synthetic__fixed-ry-rz__L8__lr0.01__bs64__seed2,results/runs/synthetic/synthetic-singular__synthetic__fixed-ry-rz__L8__lr0.01__bs64__seed2_seed2,synthetic-singular,synthetic,fixed-ry-rz,8,2,0.01,64,2000,True,plus,True,False,0.4030386412350106,0.8201219512195121,0.39368309975841664,0.8437118437118437,0.8384146341463414,1526.3719512195123,,684.5379395484924,,1800,16,65536,457b0468ba5f023a4a9f38816dbca0899481d04d,False
complete,synthetic,synthetic-singular__synthetic__fixed-ry-rz__L8__lr0.01__bs64__seed3,results/runs/synthetic/synthetic-singular__synthetic__fixed-ry-rz__L8__lr0.01__bs64__seed3_seed3,synthetic-singular,synthetic,fixed-ry-rz,8,3,0.01,64,2000,True,plus,True,False,0.40396818902280635,0.8201219512195121,0.39429762610011754,0.8400488400488401,0.8201219512195121,1526.0670731707316,,683.7847685813904,,1800,16,65536,457b0468ba5f023a4a9f38816dbca0899481d04d,False
complete,synthetic,synthetic-singular__synthetic__fixed-ry-rz__L8__lr0.01__bs64__seed4,results/runs/synthetic/synthetic-singular__synthetic__fixed-ry-rz__L8__lr0.01__bs64__seed4_seed4,synthetic-singular,synthetic,fixed-ry-rz,8,4,0.01,64,2000,True,plus,True,False,0.4107206869429392,0.8109756097560976,0.39787643261893124,0.8449328449328449,0.8536585365853658,1528.658536585366,,680.5790226459503,,1800,16,65536,457b0468ba5f023a4a9f38816dbca0899481d04d,False
complete,synthetic,synthetic-singular__synthetic__fixed-ry-rz__L8__lr0.01__bs64__seed5,results/runs/synthetic/synthetic-singular__synthetic__fixed-ry-rz__L8__lr0.01__bs64__seed5_seed5,synthetic-singular,synthetic,fixed-ry-rz,8,5,0.01,64,2000,True,plus,True,False,0.40332628127572695,0.7896341463414634,0.4027231805357875,0.8290598290598291,0.8109756097560976,1508.993902439024,,678.7342166900635,,1800,16,65536,457b0468ba5f023a4a9f38816dbca0899481d04d,False
complete,synthetic,synthetic-singular__synthetic__fixed-ry-rz__L8__lr0.01__bs64__seed6,results/runs/synthetic/synthetic-singular__synthetic__fixed-ry-rz__L8__lr0.01__bs64__seed6_seed6,synthetic-singular,synthetic,fixed-ry-rz,8,6,0.01,64,2000,True,plus,True,False,0.39304239672784635,0.8170731707317073,0.38343931277430815,0.8485958485958486,0.8170731707317073,1519.512195121951,,680.119811296463,,1800,16,65536,457b0468ba5f023a4a9f38816dbca0899481d04d,False
complete,synthetic,synthetic-singular__synthetic__fixed-ry-rz__L8__lr0.01__bs64__seed7,results/runs/synthetic/synthetic-singular__synthetic__fixed-ry-rz__L8__lr0.01__bs64__seed7_seed7,synthetic-singular,synthetic,fixed-ry-rz,8,7,0.01,64,2000,True,plus,True,False,0.3997337697730056,0.8048780487804879,0.38693255137919563,0.8437118437118437,0.8292682926829268,1526.9817073170734,,679.4005906581879,,1800,16,65536,457b0468ba5f023a4a9f38816dbca0899481d04d,False
complete,synthetic,synthetic-singular__synthetic__fixed-ry-rz__L8__lr0.01__bs64__seed8,results/runs/synthetic/synthetic-singular__synthetic__fixed-ry-rz__L8__lr0.01__bs64__seed8_seed8,synthetic-singular,synthetic,fixed-ry-rz,8,8,0.01,64,2000,True,plus,True,False,0.39388943430626433,0.801829268292683,0.3885898483228831,0.8376068376068376,0.8170731707317073,1514.0243902439024,,680.9229431152344,,1800,16,65536,457b0468ba5f023a4a9f38816dbca0899481d04d,False
complete,synthetic,synthetic-singular__synthetic__fixed-ry-rz__L8__lr0.01__bs64__seed9,results/runs/synthetic/synthetic-singular__synthetic__fixed-ry-rz__L8__lr0.01__bs64__seed9_seed9,synthetic-singular,synthetic,fixed-ry-rz,8,9,0.01,64,2000,True,plus,True,False,0.3902575332555262,0.8201219512195121,0.38941432852451363,0.8400488400488401,0.8201219512195121,1525.3048780487802,,678.7518570423126,,1800,16,65536,457b0468ba5f023a4a9f38816dbca0899481d04d,False
complete,synthetic,synthetic-singular__synthetic__fixed-ry__L16__lr0.01__bs64__seed0,results/runs/synthetic/synthetic-singular__synthetic__fixed-ry__L16__lr0.01__bs64__seed0_seed0,synthetic-singular,synthetic,fixed-ry,16,0,0.01,64,2000,True,plus,True,False,0.40336117925983667,0.8140243902439024,0.39643121302547996,0.8376068376068376,0.8323170731707317,1521.6463414634145,,1242.0064737796783,,3600,16,65536,5d760ef42d71a06acce4efdc9ed931be057f16a6,False
complete,synthetic,synthetic-singular__synthetic__fixed-ry__L16__lr0.01__bs64__seed10,results/runs/synthetic/synthetic-singular__synthetic__fixed-ry__L16__lr0.01__bs64__seed10_seed10,synthetic-singular,synthetic,fixed-ry,16,10,0.01,64,2000,True,plus,True,False,0.4102697695540134,0.8109756097560976,0.39332437138598386,0.8351648351648352,0.8292682926829268,1513.2621951219512,,1153.645738363266,,3600,16,65536,457b0468ba5f023a4a9f38816dbca0899481d04d,False
complete,synthetic,synthetic-singular__synthetic__fixed-ry__L16__lr0.01__bs64__seed11,results/runs/synthetic/synthetic-singular__synthetic__fixed-ry__L16__lr0.01__bs64__seed11_seed11,synthetic-singular,synthetic,fixed-ry,16,11,0.01,64,2000,True,plus,True,False,0.3684454626301875,0.8414634146341463,0.3718471164742643,0.8583638583638583,0.8628048780487805,1562.1951219512193,,1148.2391245365143,,3600,16,65536,457b0468ba5f023a4a9f38816dbca0899481d04d,False
complete,synthetic,synthetic-singular__synthetic__fixed-ry__L16__lr0.01__bs64__seed12,results/runs/synthetic/synthetic-singular__synthetic__fixed-ry__L16__lr0.01__bs64__seed12_seed12,synthetic-singular,synthetic,fixed-ry,16,12,0.01,64,2000,True,plus,True,False,0.38448198848050735,0.8140243902439024,0.3795348258825148,0.8485958485958486,0.850609756097561,1549.5426829268292,,1150.3063225746155,,3600,16,65536,5d760ef42d71a06acce4efdc9ed931be057f16a6,False
complete,synthetic,synthetic-singular__synthetic__fixed-ry__L16__lr0.01__bs64__seed13,results/runs/synthetic/synthetic-singular__synthetic__fixed-ry__L16__lr0.01__bs64__seed13_seed13,synthetic-singular,synthetic,fixed-ry,16,13,0.01,64,2000,True,plus,True,False,0.39690527324945934,0.8048780487804879,0.3770852652160668,0.8571428571428571,0.8384146341463414,1541.158536585366,,1155.144660949707,,3600,16,65536,457b0468ba5f023a4a9f38816dbca0899481d04d,False
complete,synthetic,synthetic-singular__synthetic__fixed-ry__L16__lr0.01__bs64__seed14,results/runs/synthetic/synthetic-singular__synthetic__fixed-ry__L16__lr0.01__bs64__seed14_seed14,synthetic-singular,synthetic,fixed-ry,16,14,0.01,64,2000,True,plus,True,False,0.42004383544698803,0.8048780487804879,0.4089673808490844,0.8278388278388278,0.823170731707317,1540.5487804878048,,1156.4792077541351,,3600,16,65536,457b0468ba5f023a4a9f38816dbca0899481d04d,False
complete,synthetic,synthetic-singular__synthetic__fixed-ry__L16__lr0.01__bs64__seed15,results/runs/synthetic/synthetic-singular__synthetic__fixed-ry__L16__lr0.01__bs64__seed15_seed15,synthetic-singular,synthetic,fixed-ry,16,15,0.01,64,2000,True,plus,True,False,0.39507657456726153,0.8170731707317073,0.38721327762765356,0.8559218559218559,0.8445121951219512,1518.59756097561,,1160.51402592659,,3600,16,65536,457b0468ba5f023a4a9f38816dbca0899481d04d,False
complete,synthetic,synthetic-singular__synthetic__fixed-ry__L16__lr0.01__bs64__seed16,results/runs/synthetic/synthetic-singular__synthetic__fixed-ry__L16__lr0.01__bs64__seed16_seed16,synthetic-singular,synthetic,fixed-ry,16,16,0.01,64,2000,True,plus,True,False,0.3952694652788578,0.8170731707317073,0.3800969205610345,0.8559218559218559,0.8323170731707317,1534.298780487805,,1152.830373287201,,3600,16,65536,457b0468ba5f023a4a9f38816dbca0899481d04d,False
complete,synthetic,synthetic-singular__synthetic__fixed-ry__L16__lr0.01__bs64__seed17,results/runs/synthetic/synthetic-singular__synthetic__fixed-ry__L16__lr0.01__bs64__seed17_seed17,synthetic-singular,synthetic,fixed-ry,16,17,0.01,64,2000,True,plus,True,False,0.413306522041572,0.8079268292682927,0.4107713439929722,0.8290598290598291,0.8170731707317073,1522.1036585365853,,1156.0470600128174,,3600,16,65536,457b0468ba5f023a4a9f38816dbca0899481d04d,False
complete,synthetic,synthetic-singular__synthetic__fixed-ry__L16__lr0.01__bs64__seed18,results/runs/synthetic/synthetic-singular__synthetic__fixed-ry__L16__lr0.01__bs64__seed18_seed18,synthetic-singular,synthetic,fixed-ry,16,18,0.01,64,2000,True,plus,True,False,0.3777145694147795,0.8445121951219512,0.36923807698967215,0.8656898656898657,0.8536585365853658,1566.920731707317,,1156.1802399158478,,3600,16,65536,457b0468ba5f023a4a9f38816dbca0899481d04d,False
complete,synthetic,synthetic-singular__synthetic__fixed-ry__L16__lr0.01__bs64__seed19,results/runs/synthetic/synthetic-singular__synthetic__fixed-ry__L16__lr0.01__bs64__seed19_seed19,synthetic-singular,synthetic,fixed-ry,16,19,0.01,64,2000,True,plus,True,False,0.37725480418733637,0.8384146341463414,0.36991093861694174,0.8547008547008547,0.8475609756097561,1554.1158536585365,,1154.371707201004,,3600,16,65536,457b0468ba5f023a4a9f38816dbca0899481d04d,False
complete,synthetic,synthetic-singular__synthetic__fixed-ry__L16__lr0.01__bs64__seed1,results/runs/synthetic/synthetic-singular__synthetic__fixed-ry__L16__lr0.01__bs64__seed1_seed1,synthetic-singular,synthetic,fixed-ry,16,1,0.01,64,2000,True,plus,True,False,0.3786607750397203,0.823170731707317,0.3720144782832363,0.8571428571428571,0.8323170731707317,1536.8902439024387,,1260.0317070484161,,3600,16,65536,5d760ef42d71a06acce4efdc9ed931be057f16a6,False
complete,synthetic,synthetic-singular__synthetic__fixed-ry__L16__lr0.01__bs64__seed2,results/runs/synthetic/synthetic-singular__synthetic__fixed-ry__L16__lr0.01__bs64__seed2_seed2,synthetic-singular,synthetic,fixed-ry,16,2,0.01,64,2000,True,plus,True,False,0.408572958327615,0.801829268292683,0.3935287616297127,0.8437118437118437,0.8140243902439024,1508.2317073170732,,1161.6867411136627,,3600,16,65536,457b0468ba5f023a4a9f38816dbca0899481d04d,False
complete,synthetic,synthetic-singular__synthetic__fixed-ry__L16__lr0.01__bs64__seed3,results/runs/synthetic/synthetic-singular__synthetic__fixed-ry__L16__lr0.01__bs64__seed3_seed3,synthetic-singular,synthetic,fixed-ry,16,3,0.01,64,2000,True,plus,True,False,0.4073690012458304,0.823170731707317,0.39238127604942763,0.8400488400488401,0.823170731707317,1516.7682926829268,,1155.4797167778015,,3600,16,65536,457b0468ba5f023a4a9f38816dbca0899481d04d,False
complete,synthetic,synthetic-singular__synthetic__fixed-ry__L16__lr0.01__bs64__seed4,results/runs/synthetic/synthetic-singular__synthetic__fixed-ry__L16__lr0.01__bs64__seed4_seed4,synthetic-singular,synthetic,fixed-ry,16,4,0.01,64,2000,True,plus,True,False,0.407658643562988,0.8262195121951219,0.40034839664751515,0.8473748473748474,0.8292682926829268,1532.7743902439024,,1155.972032546997,,3600,16,65536,457b0468ba5f023a4a9f38816dbca0899481d04d,False
complete,synthetic,synthetic-singular__synthetic__fixed-ry__L16__lr0.01__bs64__seed5,results/runs/synthetic/synthetic-singular__synthetic__fixed-ry__L16__lr0.01__bs64__seed5_seed5,synthetic-singular,synthetic,fixed-ry,16,5,0.01,64,2000,True,plus,True,False,0.4108453588951483,0.7957317073170732,0.3932231440364257,0.8449328449328449,0.8323170731707317,1517.5304878048782,,1155.7141017913818,,3600,16,65536,457b0468ba5f023a4a9f38816dbca0899481d04d,False
complete,synthetic,synthetic-singular__synthetic__fixed-ry__L16__lr0.01__bs64__seed6,results/runs/synthetic/synthetic-singular__synthetic__fixed-ry__L16__lr0.01__bs64__seed6_seed6,synthetic-singular,synthetic,fixed-ry,16,6,0.01,64,2000,True,plus,True,False,0.37881121379481675,0.8384146341463414,0.3689420585967155,0.8632478632478633,0.8384146341463414,1551.9817073170732,,1156.355093717575,,3600,16,65536,457b0468ba5f023a4a9f38816dbca0899481d04d,False
complete,synthetic,synthetic-singular__synthetic__fixed-ry__L16__lr0.01__bs64__seed7,results/runs/synthetic/synthetic-singular__synthetic__fixed-ry__L16__lr0.01__bs64__seed7_seed7,synthetic-singular,synthetic,fixed-ry,16,7,0.01,64,2000,True,plus,True,False,0.37989958405182467,0.8323170731707317,0.37396085489178155,0.8595848595848596,0.850609756097561,1571.189024390244,,1156.3863854408264,,3600,16,65536,457b0468ba5f023a4a9f38816dbca0899481d04d,False
complete,synthetic,synthetic-singular__synthetic__fixed-ry__L16__lr0.01__bs64__seed8,results/runs/synthetic/synthetic-singular__synthetic__fixed-ry__L16__lr0.01__bs64__seed8_seed8,synthetic-singular,synthetic,fixed-ry,16,8,0.01,64,2000,True,plus,True,False,0.3652754010362523,0.8292682926829268,0.3545363813947567,0.8656898656898657,0.8414634146341463,1544.0548780487807,,1154.427181005478,,3600,16,65536,457b0468ba5f023a4a9f38816dbca0899481d04d,False
complete,synthetic,synthetic-singular__synthetic__fixed-ry__L16__lr0.01__bs64__seed9,results/runs/synthetic/synthetic-singular__synthetic__fixed-ry__L16__lr0.01__bs64__seed9_seed9,synthetic-singular,synthetic,fixed-ry,16,9,0.01,64,2000,True,plus,True,False,0.3921229723712513,0.8262195121951219,0.3858195998195021,0.8522588522588522,0.8262195121951219,1526.5243902439024,,1160.8214538097382,,3600,16,65536,457b0468ba5f023a4a9f38816dbca0899481d04d,False
complete,synthetic,synthetic-singular__synthetic__fixed-ry__L1__lr0.01__bs64__seed0,results/runs/synthetic/synthetic-singular__synthetic__fixed-ry__L1__lr0.01__bs64__seed0_seed0,synthetic-singular,synthetic,fixed-ry,1,0,0.01,64,2000,True,plus,True,False,0.6354930035724515,0.6951219512195121,0.6514299854147779,0.6483516483516484,0.6951219512195121,1286.5853658536585,,76.97088360786438,,225,16,65536,457b0468ba5f023a4a9f38816dbca0899481d04d,False
complete,synthetic,synthetic-singular__synthetic__fixed-ry__L1__lr0.01__bs64__seed10,results/runs/synthetic/synthetic-singular__synthetic__fixed-ry__L1__lr0.01__bs64__seed10_seed10,synthetic-singular,synthetic,fixed-ry,1,10,0.01,64,2000,True,plus,True,False,0.6346328427963007,0.676829268292683,0.6496133302451585,0.6410256410256411,0.6951219512195121,1284.2987804878048,,78.18610954284668,,225,16,65536,457b0468ba5f023a4a9f38816dbca0899481d04d,False
complete,synthetic,synthetic-singular__synthetic__fixed-ry__L1__lr0.01__bs64__seed11,results/runs/synthetic/synthetic-singular__synthetic__fixed-ry__L1__lr0.01__bs64__seed11_seed11,synthetic-singular,synthetic,fixed-ry,1,11,0.01,64,2000,True,plus,True,False,0.6373181004193744,0.6737804878048781,0.6528274726755752,0.6556776556776557,0.6920731707317073,1293.4451219512196,,76.67343831062317,,225,16,65536,457b0468ba5f023a4a9f38816dbca0899481d04d,False
complete,synthetic,synthetic-singular__synthetic__fixed-ry__L1__lr0.01__bs64__seed12,results/runs/synthetic/synthetic-singular__synthetic__fixed-ry__L1__lr0.01__bs64__seed12_seed12,synthetic-singular,synthetic,fixed-ry,1,12,0.01,64,2000,True,plus,True,False,0.6354194444985612,0.6859756097560976,0.6496017236761745,0.6544566544566545,0.6951219512195121,1285.6707317073174,,79.09216260910034,,225,16,65536,457b0468ba5f023a4a9f38816dbca0899481d04d,False
complete,synthetic,synthetic-singular__synthetic__fixed-ry__L1__lr0.01__bs64__seed13,results/runs/synthetic/synthetic-singular__synthetic__fixed-ry__L1__lr0.01__bs64__seed13_seed13,synthetic-singular,synthetic,fixed-ry,1,13,0.01,64,2000,True,plus,True,False,0.6369587081351861,0.6920731707317073,0.6499157942925844,0.6544566544566545,0.6920731707317073,1296.9512195121956,,77.83730340003967,,225,16,65536,457b0468ba5f023a4a9f38816dbca0899481d04d,False
complete,synthetic,synthetic-singular__synthetic__fixed-ry__L1__lr0.01__bs64__seed14,results/runs/synthetic/synthetic-singular__synthetic__fixed-ry__L1__lr0.01__bs64__seed14_seed14,synthetic-singular,synthetic,fixed-ry,1,14,0.01,64,2000,True,plus,True,False,0.6352765712311885,0.6920731707317073,0.6507528540399048,0.6581196581196581,0.6920731707317073,1276.371951219512,,76.47431302070618,,225,16,65536,457b0468ba5f023a4a9f38816dbca0899481d04d,False
complete,synthetic,synthetic-singular__synthetic__fixed-ry__L1__lr0.01__bs64__seed15,results/runs/synthetic/synthetic-singular__synthetic__fixed-ry__L1__lr0.01__bs64__seed15_seed15,synthetic-singular,synthetic,fixed-ry,1,15,0.01,64,2000,True,plus,True,False,0.6551478908947292,0.6371951219512195,0.66895697658616,0.6043956043956044,0.698170731707317,1289.7865853658536,,78.26580476760864,,225,16,65536,457b0468ba5f023a4a9f38816dbca0899481d04d,False
complete,synthetic,synthetic-singular__synthetic__fixed-ry__L1__lr0.01__bs64__seed16,results/runs/synthetic/synthetic-singular__synthetic__fixed-ry__L1__lr0.01__bs64__seed16_seed16,synthetic-singular,synthetic,fixed-ry,1,16,0.01,64,2000,True,plus,True,False,0.6356458128358375,0.6920731707317073,0.6491382517835561,0.6544566544566545,0.7012195121951219,1293.2926829268295,,76.53496313095093,,225,16,65536,457b0468ba5f023a4a9f38816dbca0899481d04d,False
complete,synthetic,synthetic-singular__synthetic__fixed-ry__L1__lr0.01__bs64__seed17,results/runs/synthetic/synthetic-singular__synthetic__fixed-ry__L1__lr0.01__bs64__seed17_seed17,synthetic-singular,synthetic,fixed-ry,1,17,0.01,64,2000,True,plus,True,False,0.6400565168792836,0.6798780487804879,0.6542189391898099,0.6434676434676435,0.6920731707317073,1289.4817073170736,,79.34847450256348,,225,16,65536,457b0468ba5f023a4a9f38816dbca0899481d04d,False
complete,synthetic,synthetic-singular__synthetic__fixed-ry__L1__lr0.01__bs64__seed18,results/runs/synthetic/synthetic-singular__synthetic__fixed-ry__L1__lr0.01__bs64__seed18_seed18,synthetic-singular,synthetic,fixed-ry,1,18,0.01,64,2000,True,plus,True,False,0.6414273818726569,0.676829268292683,0.6562813869008928,0.6361416361416361,0.698170731707317,1291.6158536585367,,78.72243452072144,,225,16,65536,457b0468ba5f023a4a9f38816dbca0899481d04d,False
complete,synthetic,synthetic-singular__synthetic__fixed-ry__L1__lr0.01__bs64__seed19,results/runs/synthetic/synthetic-singular__synthetic__fixed-ry__L1__lr0.01__bs64__seed19_seed19,synthetic-singular,synthetic,fixed-ry,1,19,0.01,64,2000,True,plus,True,False,0.6357243714825057,0.6829268292682927,0.6491132270012843,0.645909645909646,0.6920731707317073,1281.09756097561,,78.8981420993805,,225,16,65536,457b0468ba5f023a4a9f38816dbca0899481d04d,False
complete,synthetic,synthetic-singular__synthetic__fixed-ry__L1__lr0.01__bs64__seed1,results/runs/synthetic/synthetic-singular__synthetic__fixed-ry__L1__lr0.01__bs64__seed1_seed1,synthetic-singular,synthetic,fixed-ry,1,1,0.01,64,2000,True,plus,True,False,0.6378156589469653,0.6920731707317073,0.6513512075580692,0.6556776556776557,0.6951219512195121,1291.7682926829266,,76.78203535079956,,225,16,65536,457b0468ba5f023a4a9f38816dbca0899481d04d,False
complete,synthetic,synthetic-singular__synthetic__fixed-ry__L1__lr0.01__bs64__seed2,results/runs/synthetic/synthetic-singular__synthetic__fixed-ry__L1__lr0.01__bs64__seed2_seed2,synthetic-singular,synthetic,fixed-ry,1,2,0.01,64,2000,True,plus,True,False,0.6342041883289082,0.6920731707317073,0.6508341122041374,0.6593406593406593,0.6951219512195121,1290.7012195121952,,78.0728530883789,,225,16,65536,457b0468ba5f023a4a9f38816dbca0899481d04d,False
complete,synthetic,synthetic-singular__synthetic__fixed-ry__L1__lr0.01__bs64__seed3,results/runs/synthetic/synthetic-singular__synthetic__fixed-ry__L1__lr0.01__bs64__seed3_seed3,synthetic-singular,synthetic,fixed-ry,1,3,0.01,64,2000,True,plus,True,False,0.6334649613289252,0.6859756097560976,0.6491618326695211,0.652014652014652,0.6951219512195121,1299.0853658536585,,77.06701111793518,,225,16,65536,457b0468ba5f023a4a9f38816dbca0899481d04d,False
complete,synthetic,synthetic-singular__synthetic__fixed-ry__L1__lr0.01__bs64__seed4,results/runs/synthetic/synthetic-singular__synthetic__fixed-ry__L1__lr0.01__bs64__seed4_seed4,synthetic-singular,synthetic,fixed-ry,1,4,0.01,64,2000,True,plus,True,False,0.6380546621693307,0.6585365853658537,0.6506833617771639,0.6422466422466423,0.6951219512195121,1283.6890243902437,,76.51669096946716,,225,16,65536,457b0468ba5f023a4a9f38816dbca0899481d04d,False
complete,synthetic,synthetic-singular__synthetic__fixed-ry__L1__lr0.01__bs64__seed5,results/runs/synthetic/synthetic-singular__synthetic__fixed-ry__L1__lr0.01__bs64__seed5_seed5,synthetic-singular,synthetic,fixed-ry,1,5,0.01,64,2000,True,plus,True,False,0.6358478218859434,0.6859756097560976,0.6516435272402298,0.6385836385836385,0.698170731707317,1296.9512195121952,,78.93355059623718,,225,16,65536,457b0468ba5f023a4a9f38816dbca0899481d04d,False
complete,synthetic,synthetic-singular__synthetic__fixed-ry__L1__lr0.01__bs64__seed6,results/runs/synthetic/synthetic-singular__synthetic__fixed-ry__L1__lr0.01__bs64__seed6_seed6,synthetic-singular,synthetic,fixed-ry,1,6,0.01,64,2000,True,plus,True,False,0.6401870348868801,0.6798780487804879,0.6540049555270733,0.6422466422466423,0.6951219512195121,1288.719512195122,,76.65367913246155,,225,16,65536,457b0468ba5f023a4a9f38816dbca0899481d04d,False
complete,synthetic,synthetic-singular__synthetic__fixed-ry__L1__lr0.01__bs64__seed7,results/runs/synthetic/synthetic-singular__synthetic__fixed-ry__L1__lr0.01__bs64__seed7_seed7,synthetic-singular,synthetic,fixed-ry,1,7,0.01,64,2000,True,plus,True,False,0.6325102396254927,0.6890243902439024,0.6490269850652677,0.6385836385836385,0.6951219512195121,1297.1036585365853,,76.6613233089447,,225,16,65536,457b0468ba5f023a4a9f38816dbca0899481d04d,False
complete,synthetic,synthetic-singular__synthetic__fixed-ry__L1__lr0.01__bs64__seed8,results/runs/synthetic/synthetic-singular__synthetic__fixed-ry__L1__lr0.01__bs64__seed8_seed8,synthetic-singular,synthetic,fixed-ry,1,8,0.01,64,2000,True,plus,True,False,0.6383388965850169,0.6737804878048781,0.6523198981996852,0.6422466422466423,0.6890243902439024,1288.4146341463418,,76.90105104446411,,225,16,65536,457b0468ba5f023a4a9f38816dbca0899481d04d,False
complete,synthetic,synthetic-singular__synthetic__fixed-ry__L1__lr0.01__bs64__seed9,results/runs/synthetic/synthetic-singular__synthetic__fixed-ry__L1__lr0.01__bs64__seed9_seed9,synthetic-singular,synthetic,fixed-ry,1,9,0.01,64,2000,True,plus,True,False,0.6351146359034099,0.6859756097560976,0.6505783258644328,0.6556776556776557,0.6920731707317073,1288.8719512195123,,79.30300307273865,,225,16,65536,457b0468ba5f023a4a9f38816dbca0899481d04d,False
complete,synthetic,synthetic-singular__synthetic__fixed-ry__L2__lr0.01__bs64__seed0,results/runs/synthetic/synthetic-singular__synthetic__fixed-ry__L2__lr0.01__bs64__seed0_seed0,synthetic-singular,synthetic,fixed-ry,2,0,0.01,64,2000,True,plus,True,False,0.5412275669508012,0.7347560975609756,0.5585508192683454,0.717948717948718,0.7408536585365854,1380.487804878049,,225.91902446746826,,450,16,65536,c9975de69f8651d303bc6c90c5d2fe6e6ebd42c1,False
complete,synthetic,synthetic-singular__synthetic__fixed-ry__L2__lr0.01__bs64__seed10,results/runs/synthetic/synthetic-singular__synthetic__fixed-ry__L2__lr0.01__bs64__seed10_seed10,synthetic-singular,synthetic,fixed-ry,2,10,0.01,64,2000,True,plus,True,False,0.5479712448137233,0.7195121951219512,0.5637292649343041,0.6996336996336996,0.7591463414634146,1390.3963414634147,,145.09749579429626,,450,16,65536,457b0468ba5f023a4a9f38816dbca0899481d04d,False
complete,synthetic,synthetic-singular__synthetic__fixed-ry__L2__lr0.01__bs64__seed11,results/runs/synthetic/synthetic-singular__synthetic__fixed-ry__L2__lr0.01__bs64__seed11_seed11,synthetic-singular,synthetic,fixed-ry,2,11,0.01,64,2000,True,plus,True,False,0.5460464627201349,0.7195121951219512,0.5615573173076233,0.7032967032967034,0.7408536585365854,1375.4573170731705,,145.68185472488403,,450,16,65536,457b0468ba5f023a4a9f38816dbca0899481d04d,False
complete,synthetic,synthetic-singular__synthetic__fixed-ry__L2__lr0.01__bs64__seed12,results/runs/synthetic/synthetic-singular__synthetic__fixed-ry__L2__lr0.01__bs64__seed12_seed12,synthetic-singular,synthetic,fixed-ry,2,12,0.01,64,2000,True,plus,True,False,0.5428254419349496,0.7469512195121951,0.5592801741996272,0.7216117216117216,0.75,1380.1829268292684,,145.19197511672974,,450,16,65536,457b0468ba5f023a4a9f38816dbca0899481d04d,False
complete,synthetic,synthetic-singular__synthetic__fixed-ry__L2__lr0.01__bs64__seed13,results/runs/synthetic/synthetic-singular__synthetic__fixed-ry__L2__lr0.01__bs64__seed13_seed13,synthetic-singular,synthetic,fixed-ry,2,13,0.01,64,2000,True,plus,True,False,0.5469900333760765,0.7408536585365854,0.5624955830993227,0.73992673992674,0.7469512195121951,1380.1829268292686,,146.5053083896637,,450,16,65536,457b0468ba5f023a4a9f38816dbca0899481d04d,False
complete,synthetic,synthetic-singular__synthetic__fixed-ry__L2__lr0.01__bs64__seed14,results/runs/synthetic/synthetic-singular__synthetic__fixed-ry__L2__lr0.01__bs64__seed14_seed14,synthetic-singular,synthetic,fixed-ry,2,14,0.01,64,2000,True,plus,True,False,0.5434459128004163,0.7317073170731707,0.5578522330990621,0.7301587301587301,0.7621951219512195,1380.640243902439,,145.86571550369263,,450,16,65536,457b0468ba5f023a4a9f38816dbca0899481d04d,False
complete,synthetic,synthetic-singular__synthetic__fixed-ry__L2__lr0.01__bs64__seed15,results/runs/synthetic/synthetic-singular__synthetic__fixed-ry__L2__lr0.01__bs64__seed15_seed15,synthetic-singular,synthetic,fixed-ry,2,15,0.01,64,2000,True,plus,True,False,0.5616514934253073,0.698170731707317,0.5687235297314225,0.7057387057387058,0.7560975609756098,1384.7560975609756,,145.94681859016418,,450,16,65536,457b0468ba5f023a4a9f38816dbca0899481d04d,False
complete,synthetic,synthetic-singular__synthetic__fixed-ry__L2__lr0.01__bs64__seed16,results/runs/synthetic/synthetic-singular__synthetic__fixed-ry__L2__lr0.01__bs64__seed16_seed16,synthetic-singular,synthetic,fixed-ry,2,16,0.01,64,2000,True,plus,True,False,0.5501010093251681,0.7195121951219512,0.5660120838102237,0.7045177045177046,0.7439024390243902,1370.4268292682923,,145.77052521705627,,450,16,65536,457b0468ba5f023a4a9f38816dbca0899481d04d,False
complete,synthetic,synthetic-singular__synthetic__fixed-ry__L2__lr0.01__bs64__seed17,results/runs/synthetic/synthetic-singular__synthetic__fixed-ry__L2__lr0.01__bs64__seed17_seed17,synthetic-singular,synthetic,fixed-ry,2,17,0.01,64,2000,True,plus,True,False,0.5466996527985911,0.7195121951219512,0.5579937274849605,0.706959706959707,0.7591463414634146,1382.621951219512,,145.46310114860535,,450,16,65536,457b0468ba5f023a4a9f38816dbca0899481d04d,False
complete,synthetic,synthetic-singular__synthetic__fixed-ry__L2__lr0.01__bs64__seed18,results/runs/synthetic/synthetic-singular__synthetic__fixed-ry__L2__lr0.01__bs64__seed18_seed18,synthetic-singular,synthetic,fixed-ry,2,18,0.01,64,2000,True,plus,True,False,0.5484865928126903,0.725609756097561,0.5599413266988738,0.7032967032967034,0.7652439024390244,1387.3475609756097,,145.07195138931274,,450,16,65536,457b0468ba5f023a4a9f38816dbca0899481d04d,False
complete,synthetic,synthetic-singular__synthetic__fixed-ry__L2__lr0.01__bs64__seed19,results/runs/synthetic/synthetic-singular__synthetic__fixed-ry__L2__lr0.01__bs64__seed19_seed19,synthetic-singular,synthetic,fixed-ry,2,19,0.01,64,2000,True,plus,True,False,0.5479094202324296,0.7225609756097561,0.5617252510466995,0.7032967032967034,0.7469512195121951,1380.6402439024391,,146.03452038764954,,450,16,65536,457b0468ba5f023a4a9f38816dbca0899481d04d,False
complete,synthetic,synthetic-singular__synthetic__fixed-ry__L2__lr0.01__bs64__seed1,results/runs/synthetic/synthetic-singular__synthetic__fixed-ry__L2__lr0.01__bs64__seed1_seed1,synthetic-singular,synthetic,fixed-ry,2,1,0.01,64,2000,True,plus,True,False,0.5577651794093414,0.725609756097561,0.5655071086619538,0.7008547008547008,0.7439024390243902,1381.859756097561,,145.8856987953186,,450,16,65536,457b0468ba5f023a4a9f38816dbca0899481d04d,False
complete,synthetic,synthetic-singular__synthetic__fixed-ry__L2__lr0.01__bs64__seed2,results/runs/synthetic/synthetic-singular__synthetic__fixed-ry__L2__lr0.01__bs64__seed2_seed2,synthetic-singular,synthetic,fixed-ry,2,2,0.01,64,2000,True,plus,True,False,0.553972357031778,0.7042682926829268,0.5696521321488982,0.7057387057387058,0.7530487804878049,1387.3475609756097,,145.98965430259705,,450,16,65536,457b0468ba5f023a4a9f38816dbca0899481d04d,False
complete,synthetic,synthetic-singular__synthetic__fixed-ry__L2__lr0.01__bs64__seed3,results/runs/synthetic/synthetic-singular__synthetic__fixed-ry__L2__lr0.01__bs64__seed3_seed3,synthetic-singular,synthetic,fixed-ry,2,3,0.01,64,2000,True,plus,True,False,0.5445883345176679,0.725609756097561,0.5571992562839678,0.7277167277167277,0.7621951219512195,1382.469512195122,,145.88969016075134,,450,16,65536,457b0468ba5f023a4a9f38816dbca0899481d04d,False
complete,synthetic,synthetic-singular__synthetic__fixed-ry__L2__lr0.01__bs64__seed4,results/runs/synthetic/synthetic-singular__synthetic__fixed-ry__L2__lr0.01__bs64__seed4_seed4,synthetic-singular,synthetic,fixed-ry,2,4,0.01,64,2000,True,plus,True,False,0.5431639699163467,0.7286585365853658,0.557254438121443,0.7155067155067155,0.7469512195121951,1383.0792682926829,,145.78601121902466,,450,16,65536,457b0468ba5f023a4a9f38816dbca0899481d04d,False
complete,synthetic,synthetic-singular__synthetic__fixed-ry__L2__lr0.01__bs64__seed5,results/runs/synthetic/synthetic-singular__synthetic__fixed-ry__L2__lr0.01__bs64__seed5_seed5,synthetic-singular,synthetic,fixed-ry,2,5,0.01,64,2000,True,plus,True,False,0.5552781551980132,0.725609756097561,0.5646887457423386,0.7142857142857143,0.7560975609756098,1405.4878048780486,,145.54410314559937,,450,16,65536,457b0468ba5f023a4a9f38816dbca0899481d04d,False
complete,synthetic,synthetic-singular__synthetic__fixed-ry__L2__lr0.01__bs64__seed6,results/runs/synthetic/synthetic-singular__synthetic__fixed-ry__L2__lr0.01__bs64__seed6_seed6,synthetic-singular,synthetic,fixed-ry,2,6,0.01,64,2000,True,plus,True,False,0.5506269986557178,0.7286585365853658,0.5642381162856643,0.6984126984126984,0.75,1385.0609756097558,,145.95841789245605,,450,16,65536,457b0468ba5f023a4a9f38816dbca0899481d04d,False
complete,synthetic,synthetic-singular__synthetic__fixed-ry__L2__lr0.01__bs64__seed7,results/runs/synthetic/synthetic-singular__synthetic__fixed-ry__L2__lr0.01__bs64__seed7_seed7,synthetic-singular,synthetic,fixed-ry,2,7,0.01,64,2000,True,plus,True,False,0.5427399568708682,0.7286585365853658,0.5563262977947663,0.7203907203907204,0.75,1389.1768292682925,,146.7995867729187,,450,16,65536,457b0468ba5f023a4a9f38816dbca0899481d04d,False
complete,synthetic,synthetic-singular__synthetic__fixed-ry__L2__lr0.01__bs64__seed8,results/runs/synthetic/synthetic-singular__synthetic__fixed-ry__L2__lr0.01__bs64__seed8_seed8,synthetic-singular,synthetic,fixed-ry,2,8,0.01,64,2000,True,plus,True,False,0.5479489262342282,0.7195121951219512,0.5615198651546575,0.7008547008547008,0.7652439024390244,1383.384146341463,,145.46652364730835,,450,16,65536,457b0468ba5f023a4a9f38816dbca0899481d04d,False
complete,synthetic,synthetic-singular__synthetic__fixed-ry__L2__lr0.01__bs64__seed9,results/runs/synthetic/synthetic-singular__synthetic__fixed-ry__L2__lr0.01__bs64__seed9_seed9,synthetic-singular,synthetic,fixed-ry,2,9,0.01,64,2000,True,plus,True,False,0.5486364227144601,0.7195121951219512,0.5598106410787481,0.706959706959707,0.7560975609756098,1386.5853658536585,,145.8426628112793,,450,16,65536,457b0468ba5f023a4a9f38816dbca0899481d04d,False
complete,synthetic,synthetic-singular__synthetic__fixed-ry__L32__lr0.01__bs64__seed0,results/runs/synthetic/synthetic-singular__synthetic__fixed-ry__L32__lr0.01__bs64__seed0_seed0,synthetic-singular,synthetic,fixed-ry,32,0,0.01,64,2000,True,plus,True,False,0.4113213823421366,0.8079268292682927,0.4087175433306715,0.8253968253968254,0.8262195121951219,1505.9451219512196,,2538.490350008011,,7200,16,65536,457b0468ba5f023a4a9f38816dbca0899481d04d,False
complete,synthetic,synthetic-singular__synthetic__fixed-ry__L32__lr0.01__bs64__seed10,results/runs/synthetic/synthetic-singular__synthetic__fixed-ry__L32__lr0.01__bs64__seed10_seed10,synthetic-singular,synthetic,fixed-ry,32,10,0.01,64,2000,True,plus,True,False,0.37077843282943046,0.8353658536585366,0.36668319841430785,0.8571428571428571,0.8445121951219512,1533.9939024390242,,2523.8326137065887,,7200,16,65536,457b0468ba5f023a4a9f38816dbca0899481d04d,False
complete,synthetic,synthetic-singular__synthetic__fixed-ry__L32__lr0.01__bs64__seed11,results/runs/synthetic/synthetic-singular__synthetic__fixed-ry__L32__lr0.01__bs64__seed11_seed11,synthetic-singular,synthetic,fixed-ry,32,11,0.01,64,2000,True,plus,True,False,0.43302553390310256,0.8079268292682927,0.4180685355132552,0.8327228327228328,0.8323170731707317,1498.0182926829273,,2534.3224177360535,,7200,16,65536,457b0468ba5f023a4a9f38816dbca0899481d04d,True
complete,synthetic,synthetic-singular__synthetic__fixed-ry__L32__lr0.01__bs64__seed12,results/runs/synthetic/synthetic-singular__synthetic__fixed-ry__L32__lr0.01__bs64__seed12_seed12,synthetic-singular,synthetic,fixed-ry,32,12,0.01,64,2000,True,plus,True,False,0.43644712582056644,0.8079268292682927,0.41683645749475245,0.8253968253968254,0.823170731707317,1516.9207317073176,,2656.419874191284,,7200,16,65536,5d760ef42d71a06acce4efdc9ed931be057f16a6,False
complete,synthetic,synthetic-singular__synthetic__fixed-ry__L32__lr0.01__bs64__seed13,results/runs/synthetic/synthetic-singular__synthetic__fixed-ry__L32__lr0.01__bs64__seed13_seed13,synthetic-singular,synthetic,fixed-ry,32,13,0.01,64,2000,True,plus,True,False,0.40366035551869267,0.801829268292683,0.39347178928537957,0.8473748473748474,0.8323170731707317,1513.1097560975606,,2515.6791768074036,,7200,16,65536,457b0468ba5f023a4a9f38816dbca0899481d04d,False
complete,synthetic,synthetic-singular__synthetic__fixed-ry__L32__lr0.01__bs64__seed14,results/runs/synthetic/synthetic-singular__synthetic__fixed-ry__L32__lr0.01__bs64__seed14_seed14,synthetic-singular,synthetic,fixed-ry,32,14,0.01,64,2000,True,plus,True,False,0.4021261507271331,0.8170731707317073,0.39341818355639274,0.8400488400488401,0.8262195121951219,1502.896341463415,,2520.1788141727448,,7200,16,65536,457b0468ba5f023a4a9f38816dbca0899481d04d,False
complete,synthetic,synthetic-singular__synthetic__fixed-ry__L32__lr0.01__bs64__seed15,results/runs/synthetic/synthetic-singular__synthetic__fixed-ry__L32__lr0.01__bs64__seed15_seed15,synthetic-singular,synthetic,fixed-ry,32,15,0.01,64,2000,True,plus,True,False,0.39037602707916624,0.823170731707317,0.3858367180720481,0.8522588522588522,0.8475609756097561,1541.1585365853657,,2506.243538379669,,7200,16,65536,457b0468ba5f023a4a9f38816dbca0899481d04d,False
complete,synthetic,synthetic-singular__synthetic__fixed-ry__L32__lr0.01__bs64__seed16,results/runs/synthetic/synthetic-singular__synthetic__fixed-ry__L32__lr0.01__bs64__seed16_seed16,synthetic-singular,synthetic,fixed-ry,32,16,0.01,64,2000,True,plus,True,False,0.41353244615439444,0.7987804878048781,0.39495888585674205,0.8424908424908425,0.823170731707317,1493.5975609756097,,2502.164405822754,,7200,16,65536,457b0468ba5f023a4a9f38816dbca0899481d04d,False
complete,synthetic,synthetic-singular__synthetic__fixed-ry__L32__lr0.01__bs64__seed17,results/runs/synthetic/synthetic-singular__synthetic__fixed-ry__L32__lr0.01__bs64__seed17_seed17,synthetic-singular,synthetic,fixed-ry,32,17,0.01,64,2000,True,plus,True,False,0.4090784019220888,0.8201219512195121,0.41697228446399837,0.8302808302808303,0.8353658536585366,1526.829268292683,,2504.497990846634,,7200,16,65536,457b0468ba5f023a4a9f38816dbca0899481d04d,False
complete,synthetic,synthetic-singular__synthetic__fixed-ry__L32__lr0.01__bs64__seed18,results/runs/synthetic/synthetic-singular__synthetic__fixed-ry__L32__lr0.01__bs64__seed18_seed18,synthetic-singular,synthetic,fixed-ry,32,18,0.01,64,2000,True,plus,True,False,0.39932615017237405,0.8201219512195121,0.39634508319296713,0.833943833943834,0.8384146341463414,1509.1463414634147,,2511.2206902503967,,7200,16,65536,457b0468ba5f023a4a9f38816dbca0899481d04d,False
complete,synthetic,synthetic-singular__synthetic__fixed-ry__L32__lr0.01__bs64__seed19,results/runs/synthetic/synthetic-singular__synthetic__fixed-ry__L32__lr0.01__bs64__seed19_seed19,synthetic-singular,synthetic,fixed-ry,32,19,0.01,64,2000,True,plus,True,False,0.4311104987438581,0.801829268292683,0.4022846880897935,0.8290598290598291,0.8109756097560976,1497.8658536585365,,2509.7000348567963,,7200,16,65536,457b0468ba5f023a4a9f38816dbca0899481d04d,False
complete,synthetic,synthetic-singular__synthetic__fixed-ry__L32__lr0.01__bs64__seed1,results/runs/synthetic/synthetic-singular__synthetic__fixed-ry__L32__lr0.01__bs64__seed1_seed1,synthetic-singular,synthetic,fixed-ry,32,1,0.01,64,2000,True,plus,True,False,0.39022385098621465,0.8140243902439024,0.3929667042081766,0.8498168498168498,0.8292682926829268,1492.3780487804875,,2526.2777428627014,,7200,16,65536,457b0468ba5f023a4a9f38816dbca0899481d04d,False
complete,synthetic,synthetic-singular__synthetic__fixed-ry__L32__lr0.01__bs64__seed2,results/runs/synthetic/synthetic-singular__synthetic__fixed-ry__L32__lr0.01__bs64__seed2_seed2,synthetic-singular,synthetic,fixed-ry,32,2,0.01,64,2000,True,plus,True,False,0.4268267575815547,0.7835365853658537,0.4003023437373289,0.8302808302808303,0.8140243902439024,1495.8841463414633,,2501.0354177951813,,7200,16,65536,457b0468ba5f023a4a9f38816dbca0899481d04d,False
complete,synthetic,synthetic-singular__synthetic__fixed-ry__L32__lr0.01__bs64__seed3,results/runs/synthetic/synthetic-singular__synthetic__fixed-ry__L32__lr0.01__bs64__seed3_seed3,synthetic-singular,synthetic,fixed-ry,32,3,0.01,64,2000,True,plus,True,False,0.38900347232498694,0.8170731707317073,0.39253028288292807,0.8461538461538461,0.823170731707317,1511.8902439024391,,2524.6562292575836,,7200,16,65536,457b0468ba5f023a4a9f38816dbca0899481d04d,False
complete,synthetic,synthetic-singular__synthetic__fixed-ry__L32__lr0.01__bs64__seed4,results/runs/synthetic/synthetic-singular__synthetic__fixed-ry__L32__lr0.01__bs64__seed4_seed4,synthetic-singular,synthetic,fixed-ry,32,4,0.01,64,2000,True,plus,True,False,0.4238937957715055,0.7957317073170732,0.4075877337223633,0.8400488400488401,0.8201219512195121,1509.1463414634145,,2510.258071422577,,7200,16,65536,457b0468ba5f023a4a9f38816dbca0899481d04d,False
complete,synthetic,synthetic-singular__synthetic__fixed-ry__L32__lr0.01__bs64__seed5,results/runs/synthetic/synthetic-singular__synthetic__fixed-ry__L32__lr0.01__bs64__seed5_seed5,synthetic-singular,synthetic,fixed-ry,32,5,0.01,64,2000,True,plus,True,False,0.40408751494061274,0.8170731707317073,0.3858072821460408,0.8644688644688645,0.8292682926829268,1531.4024390243906,,2490.5197117328644,,7200,16,65536,457b0468ba5f023a4a9f38816dbca0899481d04d,False
complete,synthetic,synthetic-singular__synthetic__fixed-ry__L32__lr0.01__bs64__seed6,results/runs/synthetic/synthetic-singular__synthetic__fixed-ry__L32__lr0.01__bs64__seed6_seed6,synthetic-singular,synthetic,fixed-ry,32,6,0.01,64,2000,True,plus,True,False,0.3855851373404793,0.8201219512195121,0.3789348993609416,0.8608058608058609,0.8353658536585366,1529.7256097560974,,2521.605633497238,,7200,16,65536,457b0468ba5f023a4a9f38816dbca0899481d04d,False
complete,synthetic,synthetic-singular__synthetic__fixed-ry__L32__lr0.01__bs64__seed7,results/runs/synthetic/synthetic-singular__synthetic__fixed-ry__L32__lr0.01__bs64__seed7_seed7,synthetic-singular,synthetic,fixed-ry,32,7,0.01,64,2000,True,plus,True,False,0.42568623820477736,0.8140243902439024,0.4068380411962801,0.8461538461538461,0.8414634146341463,1502.4390243902437,,2509.1288714408875,,7200,16,65536,457b0468ba5f023a4a9f38816dbca0899481d04d,False
complete,synthetic,synthetic-singular__synthetic__fixed-ry__L32__lr0.01__bs64__seed8,results/runs/synthetic/synthetic-singular__synthetic__fixed-ry__L32__lr0.01__bs64__seed8_seed8,synthetic-singular,synthetic,fixed-ry,32,8,0.01,64,2000,True,plus,True,False,0.38422211105292897,0.8262195121951219,0.38035680094700597,0.8595848595848596,0.8292682926829268,1519.3597560975613,,2492.476874113083,,7200,16,65536,457b0468ba5f023a4a9f38816dbca0899481d04d,False
complete,synthetic,synthetic-singular__synthetic__fixed-ry__L32__lr0.01__bs64__seed9,results/runs/synthetic/synthetic-singular__synthetic__fixed-ry__L32__lr0.01__bs64__seed9_seed9,synthetic-singular,synthetic,fixed-ry,32,9,0.01,64,2000,True,plus,True,False,0.3912665071168272,0.8323170731707317,0.3871324286489318,0.8547008547008547,0.8323170731707317,1523.6280487804881,,2499.2238302230835,,7200,16,65536,457b0468ba5f023a4a9f38816dbca0899481d04d,False
complete,synthetic,synthetic-singular__synthetic__fixed-ry__L4__lr0.01__bs64__seed0,results/runs/synthetic/synthetic-singular__synthetic__fixed-ry__L4__lr0.01__bs64__seed0_seed0,synthetic-singular,synthetic,fixed-ry,4,0,0.01,64,2000,True,plus,True,False,0.4443298046017328,0.7926829268292683,0.42762639870385616,0.8241758241758241,0.7987804878048781,1488.2621951219514,,293.2201979160309,,900,16,65536,5d760ef42d71a06acce4efdc9ed931be057f16a6,False
complete,synthetic,synthetic-singular__synthetic__fixed-ry__L4__lr0.01__bs64__seed10,results/runs/synthetic/synthetic-singular__synthetic__fixed-ry__L4__lr0.01__bs64__seed10_seed10,synthetic-singular,synthetic,fixed-ry,4,10,0.01,64,2000,True,plus,True,False,0.45962505585607927,0.7591463414634146,0.44476290633182536,0.8046398046398047,0.8170731707317073,1491.9207317073171,,278.84434604644775,,900,16,65536,457b0468ba5f023a4a9f38816dbca0899481d04d,False
complete,synthetic,synthetic-singular__synthetic__fixed-ry__L4__lr0.01__bs64__seed11,results/runs/synthetic/synthetic-singular__synthetic__fixed-ry__L4__lr0.01__bs64__seed11_seed11,synthetic-singular,synthetic,fixed-ry,4,11,0.01,64,2000,True,plus,True,False,0.45828811387621265,0.7835365853658537,0.44454827720950363,0.8095238095238095,0.7926829268292683,1469.5121951219512,,275.3187952041626,,900,16,65536,457b0468ba5f023a4a9f38816dbca0899481d04d,False
complete,synthetic,synthetic-singular__synthetic__fixed-ry__L4__lr0.01__bs64__seed12,results/runs/synthetic/synthetic-singular__synthetic__fixed-ry__L4__lr0.01__bs64__seed12_seed12,synthetic-singular,synthetic,fixed-ry,4,12,0.01,64,2000,True,plus,True,False,0.4378798357322522,0.7926829268292683,0.4283250484783963,0.8046398046398047,0.8048780487804879,1498.4756097560974,,276.6860542297363,,900,16,65536,457b0468ba5f023a4a9f38816dbca0899481d04d,False
complete,synthetic,synthetic-singular__synthetic__fixed-ry__L4__lr0.01__bs64__seed13,results/runs/synthetic/synthetic-singular__synthetic__fixed-ry__L4__lr0.01__bs64__seed13_seed13,synthetic-singular,synthetic,fixed-ry,4,13,0.01,64,2000,True,plus,True,False,0.4463881713135999,0.7865853658536586,0.43434243513468335,0.8168498168498168,0.8170731707317073,1488.7195121951218,,281.88433027267456,,900,16,65536,457b0468ba5f023a4a9f38816dbca0899481d04d,False
complete,synthetic,synthetic-singular__synthetic__fixed-ry__L4__lr0.01__bs64__seed14,results/runs/synthetic/synthetic-singular__synthetic__fixed-ry__L4__lr0.01__bs64__seed14_seed14,synthetic-singular,synthetic,fixed-ry,4,14,0.01,64,2000,True,plus,True,False,0.44933641368493105,0.7865853658536586,0.43627983859326264,0.818070818070818,0.7957317073170732,1474.3902439024391,,277.27995467185974,,900,16,65536,457b0468ba5f023a4a9f38816dbca0899481d04d,False
complete,synthetic,synthetic-singular__synthetic__fixed-ry__L4__lr0.01__bs64__seed15,results/runs/synthetic/synthetic-singular__synthetic__fixed-ry__L4__lr0.01__bs64__seed15_seed15,synthetic-singular,synthetic,fixed-ry,4,15,0.01,64,2000,True,plus,True,False,0.4507167666508599,0.8079268292682927,0.44504887630081663,0.8253968253968254,0.8079268292682927,1480.1829268292686,,280.5194311141968,,900,16,65536,457b0468ba5f023a4a9f38816dbca0899481d04d,False
complete,synthetic,synthetic-singular__synthetic__fixed-ry__L4__lr0.01__bs64__seed16,results/runs/synthetic/synthetic-singular__synthetic__fixed-ry__L4__lr0.01__bs64__seed16_seed16,synthetic-singular,synthetic,fixed-ry,4,16,0.01,64,2000,True,plus,True,False,0.4394952189434107,0.7926829268292683,0.4285170411718667,0.8217338217338217,0.8109756097560976,1489.1768292682927,,279.0537655353546,,900,16,65536,457b0468ba5f023a4a9f38816dbca0899481d04d,False
complete,synthetic,synthetic-singular__synthetic__fixed-ry__L4__lr0.01__bs64__seed17,results/runs/synthetic/synthetic-singular__synthetic__fixed-ry__L4__lr0.01__bs64__seed17_seed17,synthetic-singular,synthetic,fixed-ry,4,17,0.01,64,2000,True,plus,True,False,0.4433257716679744,0.7957317073170732,0.43002533625660005,0.818070818070818,0.8048780487804879,1485.8231707317073,,275.7655334472656,,900,16,65536,457b0468ba5f023a4a9f38816dbca0899481d04d,False
complete,synthetic,synthetic-singular__synthetic__fixed-ry__L4__lr0.01__bs64__seed18,results/runs/synthetic/synthetic-singular__synthetic__fixed-ry__L4__lr0.01__bs64__seed18_seed18,synthetic-singular,synthetic,fixed-ry,4,18,0.01,64,2000,True,plus,True,False,0.4470351881589247,0.7957317073170732,0.4360465484308443,0.8229548229548229,0.7957317073170732,1477.7439024390244,,281.3326859474182,,900,16,65536,457b0468ba5f023a4a9f38816dbca0899481d04d,False
complete,synthetic,synthetic-singular__synthetic__fixed-ry__L4__lr0.01__bs64__seed19,results/runs/synthetic/synthetic-singular__synthetic__fixed-ry__L4__lr0.01__bs64__seed19_seed19,synthetic-singular,synthetic,fixed-ry,4,19,0.01,64,2000,True,plus,True,False,0.4508733179497326,0.7835365853658537,0.44189530276229694,0.8095238095238095,0.801829268292683,1493.2926829268292,,277.86421966552734,,900,16,65536,457b0468ba5f023a4a9f38816dbca0899481d04d,False
complete,synthetic,synthetic-singular__synthetic__fixed-ry__L4__lr0.01__bs64__seed1,results/runs/synthetic/synthetic-singular__synthetic__fixed-ry__L4__lr0.01__bs64__seed1_seed1,synthetic-singular,synthetic,fixed-ry,4,1,0.01,64,2000,True,plus,True,False,0.4402691797034837,0.7774390243902439,0.43379152019692013,0.8131868131868132,0.8048780487804879,1503.5060975609758,,277.9627695083618,,900,16,65536,457b0468ba5f023a4a9f38816dbca0899481d04d,False
complete,synthetic,synthetic-singular__synthetic__fixed-ry__L4__lr0.01__bs64__seed2,results/runs/synthetic/synthetic-singular__synthetic__fixed-ry__L4__lr0.01__bs64__seed2_seed2,synthetic-singular,synthetic,fixed-ry,4,2,0.01,64,2000,True,plus,True,False,0.4393273819308579,0.7896341463414634,0.43692427585099186,0.818070818070818,0.801829268292683,1499.6951219512198,,280.2222156524658,,900,16,65536,457b0468ba5f023a4a9f38816dbca0899481d04d,False
complete,synthetic,synthetic-singular__synthetic__fixed-ry__L4__lr0.01__bs64__seed3,results/runs/synthetic/synthetic-singular__synthetic__fixed-ry__L4__lr0.01__bs64__seed3_seed3,synthetic-singular,synthetic,fixed-ry,4,3,0.01,64,2000,True,plus,True,False,0.43398430507462954,0.7987804878048781,0.4367222164809135,0.8144078144078144,0.7987804878048781,1487.5,,278.83605456352234,,900,16,65536,457b0468ba5f023a4a9f38816dbca0899481d04d,False
complete,synthetic,synthetic-singular__synthetic__fixed-ry__L4__lr0.01__bs64__seed4,results/runs/synthetic/synthetic-singular__synthetic__fixed-ry__L4__lr0.01__bs64__seed4_seed4,synthetic-singular,synthetic,fixed-ry,4,4,0.01,64,2000,True,plus,True,False,0.4442530689924318,0.7774390243902439,0.4352387658974087,0.8156288156288156,0.8048780487804879,1481.5548780487807,,278.9560785293579,,900,16,65536,457b0468ba5f023a4a9f38816dbca0899481d04d,False
complete,synthetic,synthetic-singular__synthetic__fixed-ry__L4__lr0.01__bs64__seed5,results/runs/synthetic/synthetic-singular__synthetic__fixed-ry__L4__lr0.01__bs64__seed5_seed5,synthetic-singular,synthetic,fixed-ry,4,5,0.01,64,2000,True,plus,True,False,0.43971118818495203,0.7804878048780488,0.4311431299172088,0.8156288156288156,0.7926829268292683,1479.5731707317075,,276.36418294906616,,900,16,65536,457b0468ba5f023a4a9f38816dbca0899481d04d,False
complete,synthetic,synthetic-singular__synthetic__fixed-ry__L4__lr0.01__bs64__seed6,results/runs/synthetic/synthetic-singular__synthetic__fixed-ry__L4__lr0.01__bs64__seed6_seed6,synthetic-singular,synthetic,fixed-ry,4,6,0.01,64,2000,True,plus,True,False,0.4476288891008251,0.7713414634146342,0.43376641607355604,0.8131868131868132,0.8079268292682927,1491.7682926829266,,277.29078364372253,,900,16,65536,457b0468ba5f023a4a9f38816dbca0899481d04d,False
complete,synthetic,synthetic-singular__synthetic__fixed-ry__L4__lr0.01__bs64__seed7,results/runs/synthetic/synthetic-singular__synthetic__fixed-ry__L4__lr0.01__bs64__seed7_seed7,synthetic-singular,synthetic,fixed-ry,4,7,0.01,64,2000,True,plus,True,False,0.44552846503276705,0.7835365853658537,0.4274353183687462,0.8241758241758241,0.8048780487804879,1499.0853658536585,,279.38192796707153,,900,16,65536,457b0468ba5f023a4a9f38816dbca0899481d04d,False
complete,synthetic,synthetic-singular__synthetic__fixed-ry__L4__lr0.01__bs64__seed8,results/runs/synthetic/synthetic-singular__synthetic__fixed-ry__L4__lr0.01__bs64__seed8_seed8,synthetic-singular,synthetic,fixed-ry,4,8,0.01,64,2000,True,plus,True,False,0.44320986985915034,0.7896341463414634,0.4328547689034114,0.8070818070818071,0.7987804878048781,1477.1341463414635,,280.2398965358734,,900,16,65536,457b0468ba5f023a4a9f38816dbca0899481d04d,False
complete,synthetic,synthetic-singular__synthetic__fixed-ry__L4__lr0.01__bs64__seed9,results/runs/synthetic/synthetic-singular__synthetic__fixed-ry__L4__lr0.01__bs64__seed9_seed9,synthetic-singular,synthetic,fixed-ry,4,9,0.01,64,2000,True,plus,True,False,0.44114394484387087,0.7804878048780488,0.4339256466087251,0.8131868131868132,0.801829268292683,1490.3963414634147,,283.2541561126709,,900,16,65536,457b0468ba5f023a4a9f38816dbca0899481d04d,False
complete,synthetic,synthetic-singular__synthetic__fixed-ry__L8__lr0.01__bs64__seed0,results/runs/synthetic/synthetic-singular__synthetic__fixed-ry__L8__lr0.01__bs64__seed0_seed0,synthetic-singular,synthetic,fixed-ry,8,0,0.01,64,2000,True,plus,True,False,0.4057496624097838,0.8109756097560976,0.3927278157782391,0.8388278388278388,0.8414634146341463,1537.0426829268295,,564.4713373184204,,1800,16,65536,457b0468ba5f023a4a9f38816dbca0899481d04d,False
complete,synthetic,synthetic-singular__synthetic__fixed-ry__L8__lr0.01__bs64__seed10,results/runs/synthetic/synthetic-singular__synthetic__fixed-ry__L8__lr0.01__bs64__seed10_seed10,synthetic-singular,synthetic,fixed-ry,8,10,0.01,64,2000,True,plus,True,False,0.41533175194243227,0.7926829268292683,0.3947245176474838,0.8327228327228328,0.823170731707317,1522.408536585366,,567.6598222255707,,1800,16,65536,457b0468ba5f023a4a9f38816dbca0899481d04d,False
complete,synthetic,synthetic-singular__synthetic__fixed-ry__L8__lr0.01__bs64__seed11,results/runs/synthetic/synthetic-singular__synthetic__fixed-ry__L8__lr0.01__bs64__seed11_seed11,synthetic-singular,synthetic,fixed-ry,8,11,0.01,64,2000,True,plus,True,False,0.39327688914568976,0.823170731707317,0.3914288637782495,0.8473748473748474,0.8262195121951219,1525.1524390243906,,563.836585521698,,1800,16,65536,457b0468ba5f023a4a9f38816dbca0899481d04d,False
complete,synthetic,synthetic-singular__synthetic__fixed-ry__L8__lr0.01__bs64__seed12,results/runs/synthetic/synthetic-singular__synthetic__fixed-ry__L8__lr0.01__bs64__seed12_seed12,synthetic-singular,synthetic,fixed-ry,8,12,0.01,64,2000,True,plus,True,False,0.395653077951473,0.8201219512195121,0.38430296948545634,0.8461538461538461,0.8323170731707317,1537.9573170731708,,567.377209186554,,1800,16,65536,457b0468ba5f023a4a9f38816dbca0899481d04d,False
complete,synthetic,synthetic-singular__synthetic__fixed-ry__L8__lr0.01__bs64__seed13,results/runs/synthetic/synthetic-singular__synthetic__fixed-ry__L8__lr0.01__bs64__seed13_seed13,synthetic-singular,synthetic,fixed-ry,8,13,0.01,64,2000,True,plus,True,False,0.4018240820037616,0.8140243902439024,0.39076244712532104,0.8461538461538461,0.8323170731707317,1539.4817073170732,,564.1123394966125,,1800,16,65536,457b0468ba5f023a4a9f38816dbca0899481d04d,False
complete,synthetic,synthetic-singular__synthetic__fixed-ry__L8__lr0.01__bs64__seed14,results/runs/synthetic/synthetic-singular__synthetic__fixed-ry__L8__lr0.01__bs64__seed14_seed14,synthetic-singular,synthetic,fixed-ry,8,14,0.01,64,2000,True,plus,True,False,0.3973884584068541,0.8323170731707317,0.38470947215816637,0.8522588522588522,0.8414634146341463,1549.8475609756097,,570.3850762844086,,1800,16,65536,457b0468ba5f023a4a9f38816dbca0899481d04d,False
complete,synthetic,synthetic-singular__synthetic__fixed-ry__L8__lr0.01__bs64__seed15,results/runs/synthetic/synthetic-singular__synthetic__fixed-ry__L8__lr0.01__bs64__seed15_seed15,synthetic-singular,synthetic,fixed-ry,8,15,0.01,64,2000,True,plus,True,False,0.4145540946540635,0.8079268292682927,0.3956508371065527,0.8363858363858364,0.8353658536585366,1521.9512195121952,,566.5928757190704,,1800,16,65536,457b0468ba5f023a4a9f38816dbca0899481d04d,False
complete,synthetic,synthetic-singular__synthetic__fixed-ry__L8__lr0.01__bs64__seed16,results/runs/synthetic/synthetic-singular__synthetic__fixed-ry__L8__lr0.01__bs64__seed16_seed16,synthetic-singular,synthetic,fixed-ry,8,16,0.01,64,2000,True,plus,True,False,0.38392952689206605,0.8292682926829268,0.3770609265675452,0.8608058608058609,0.8292682926829268,1535.060975609756,,564.1223347187042,,1800,16,65536,457b0468ba5f023a4a9f38816dbca0899481d04d,False
complete,synthetic,synthetic-singular__synthetic__fixed-ry__L8__lr0.01__bs64__seed17,results/runs/synthetic/synthetic-singular__synthetic__fixed-ry__L8__lr0.01__bs64__seed17_seed17,synthetic-singular,synthetic,fixed-ry,8,17,0.01,64,2000,True,plus,True,False,0.4125954510259478,0.823170731707317,0.42891945500942946,0.8241758241758241,0.8353658536585366,1543.1402439024391,,562.829619884491,,1800,16,65536,457b0468ba5f023a4a9f38816dbca0899481d04d,False
complete,synthetic,synthetic-singular__synthetic__fixed-ry__L8__lr0.01__bs64__seed18,results/runs/synthetic/synthetic-singular__synthetic__fixed-ry__L8__lr0.01__bs64__seed18_seed18,synthetic-singular,synthetic,fixed-ry,8,18,0.01,64,2000,True,plus,True,False,0.39109781787943515,0.8292682926829268,0.3851513538241552,0.8559218559218559,0.8384146341463414,1524.8475609756097,,563.0815970897675,,1800,16,65536,457b0468ba5f023a4a9f38816dbca0899481d04d,False
complete,synthetic,synthetic-singular__synthetic__fixed-ry__L8__lr0.01__bs64__seed19,results/runs/synthetic/synthetic-singular__synthetic__fixed-ry__L8__lr0.01__bs64__seed19_seed19,synthetic-singular,synthetic,fixed-ry,8,19,0.01,64,2000,True,plus,True,False,0.40294387324043834,0.8079268292682927,0.38795617285547346,0.8534798534798534,0.823170731707317,1516.4634146341464,,565.4060797691345,,1800,16,65536,457b0468ba5f023a4a9f38816dbca0899481d04d,False
complete,synthetic,synthetic-singular__synthetic__fixed-ry__L8__lr0.01__bs64__seed1,results/runs/synthetic/synthetic-singular__synthetic__fixed-ry__L8__lr0.01__bs64__seed1_seed1,synthetic-singular,synthetic,fixed-ry,8,1,0.01,64,2000,True,plus,True,False,0.41812204968136263,0.801829268292683,0.40321221656718187,0.8437118437118437,0.8262195121951219,1516.920731707317,,569.7249681949615,,1800,16,65536,457b0468ba5f023a4a9f38816dbca0899481d04d,False
complete,synthetic,synthetic-singular__synthetic__fixed-ry__L8__lr0.01__bs64__seed2,results/runs/synthetic/synthetic-singular__synthetic__fixed-ry__L8__lr0.01__bs64__seed2_seed2,synthetic-singular,synthetic,fixed-ry,8,2,0.01,64,2000,True,plus,True,False,0.39069555408496415,0.8109756097560976,0.3769950268689806,0.8620268620268621,0.8445121951219512,1541.3109756097563,,561.5383977890015,,1800,16,65536,457b0468ba5f023a4a9f38816dbca0899481d04d,False
complete,synthetic,synthetic-singular__synthetic__fixed-ry__L8__lr0.01__bs64__seed3,results/runs/synthetic/synthetic-singular__synthetic__fixed-ry__L8__lr0.01__bs64__seed3_seed3,synthetic-singular,synthetic,fixed-ry,8,3,0.01,64,2000,True,plus,True,False,0.4123184540761949,0.8048780487804879,0.40976111671966126,0.833943833943834,0.8140243902439024,1517.9878048780488,,565.4561235904694,,1800,16,65536,457b0468ba5f023a4a9f38816dbca0899481d04d,False
complete,synthetic,synthetic-singular__synthetic__fixed-ry__L8__lr0.01__bs64__seed4,results/runs/synthetic/synthetic-singular__synthetic__fixed-ry__L8__lr0.01__bs64__seed4_seed4,synthetic-singular,synthetic,fixed-ry,8,4,0.01,64,2000,True,plus,True,False,0.4189132303090121,0.8079268292682927,0.40454359320692085,0.8412698412698413,0.8292682926829268,1533.5365853658539,,561.8019661903381,,1800,16,65536,457b0468ba5f023a4a9f38816dbca0899481d04d,False
complete,synthetic,synthetic-singular__synthetic__fixed-ry__L8__lr0.01__bs64__seed5,results/runs/synthetic/synthetic-singular__synthetic__fixed-ry__L8__lr0.01__bs64__seed5_seed5,synthetic-singular,synthetic,fixed-ry,8,5,0.01,64,2000,True,plus,True,False,0.41445170790968383,0.8079268292682927,0.4035355094825493,0.8388278388278388,0.8414634146341463,1531.2500000000002,,562.5443396568298,,1800,16,65536,457b0468ba5f023a4a9f38816dbca0899481d04d,False
complete,synthetic,synthetic-singular__synthetic__fixed-ry__L8__lr0.01__bs64__seed6,results/runs/synthetic/synthetic-singular__synthetic__fixed-ry__L8__lr0.01__bs64__seed6_seed6,synthetic-singular,synthetic,fixed-ry,8,6,0.01,64,2000,True,plus,True,False,0.4002541943892764,0.8048780487804879,0.38984536594033475,0.8437118437118437,0.8292682926829268,1535.8231707317075,,565.879184961319,,1800,16,65536,457b0468ba5f023a4a9f38816dbca0899481d04d,False
complete,synthetic,synthetic-singular__synthetic__fixed-ry__L8__lr0.01__bs64__seed7,results/runs/synthetic/synthetic-singular__synthetic__fixed-ry__L8__lr0.01__bs64__seed7_seed7,synthetic-singular,synthetic,fixed-ry,8,7,0.01,64,2000,True,plus,True,False,0.41123682614350626,0.8201219512195121,0.39856347143033627,0.8412698412698413,0.8292682926829268,1533.5365853658539,,566.7974212169647,,1800,16,65536,457b0468ba5f023a4a9f38816dbca0899481d04d,False
complete,synthetic,synthetic-singular__synthetic__fixed-ry__L8__lr0.01__bs64__seed8,results/runs/synthetic/synthetic-singular__synthetic__fixed-ry__L8__lr0.01__bs64__seed8_seed8,synthetic-singular,synthetic,fixed-ry,8,8,0.01,64,2000,True,plus,True,False,0.4059965702855996,0.8201219512195121,0.39919461151455565,0.8473748473748474,0.8353658536585366,1524.5426829268292,,565.0550882816315,,1800,16,65536,457b0468ba5f023a4a9f38816dbca0899481d04d,False
complete,synthetic,synthetic-singular__synthetic__fixed-ry__L8__lr0.01__bs64__seed9,results/runs/synthetic/synthetic-singular__synthetic__fixed-ry__L8__lr0.01__bs64__seed9_seed9,synthetic-singular,synthetic,fixed-ry,8,9,0.01,64,2000,True,plus,True,False,0.40877314461949094,0.8079268292682927,0.3884533092473259,0.8534798534798534,0.8170731707317073,1523.170731707317,,564.7035465240479,,1800,16,65536,457b0468ba5f023a4a9f38816dbca0899481d04d,False
complete,synthetic,synthetic-singular__synthetic__non-overlap-patch-block-hamiltonian__L16__lr0.01__bs64__seed0,results/runs/synthetic/synthetic-singular__synthetic__non-overlap-patch-block-hamiltonian__L16__lr0.01__bs64__seed0_seed0,synthetic-singular,synthetic,non-overlap-patch-block-hamiltonian,16,0,0.01,64,2000,True,plus,True,False,0.4024215863484028,0.823170731707317,0.395287383862381,0.8315018315018315,0.8384146341463414,1530.6402439024391,,332.79710149765015,,1744,8,256,5d760ef42d71a06acce4efdc9ed931be057f16a6,False
complete,synthetic,synthetic-singular__synthetic__non-overlap-patch-block-hamiltonian__L16__lr0.01__bs64__seed10,results/runs/synthetic/synthetic-singular__synthetic__non-overlap-patch-block-hamiltonian__L16__lr0.01__bs64__seed10_seed10,synthetic-singular,synthetic,non-overlap-patch-block-hamiltonian,16,10,0.01,64,2000,True,plus,True,False,0.33714093966167524,0.8658536585365854,0.3258380917988108,0.894993894993895,0.8932926829268293,1570.1219512195123,,226.78699469566345,,1744,8,256,457b0468ba5f023a4a9f38816dbca0899481d04d,False
complete,synthetic,synthetic-singular__synthetic__non-overlap-patch-block-hamiltonian__L16__lr0.01__bs64__seed11,results/runs/synthetic/synthetic-singular__synthetic__non-overlap-patch-block-hamiltonian__L16__lr0.01__bs64__seed11_seed11,synthetic-singular,synthetic,non-overlap-patch-block-hamiltonian,16,11,0.01,64,2000,True,plus,True,False,0.3434671267578544,0.8658536585365854,0.34983436917243,0.8778998778998779,0.8719512195121951,1583.689024390244,,223.2830948829651,,1744,8,256,457b0468ba5f023a4a9f38816dbca0899481d04d,False
complete,synthetic,synthetic-singular__synthetic__non-overlap-patch-block-hamiltonian__L16__lr0.01__bs64__seed12,results/runs/synthetic/synthetic-singular__synthetic__non-overlap-patch-block-hamiltonian__L16__lr0.01__bs64__seed12_seed12,synthetic-singular,synthetic,non-overlap-patch-block-hamiltonian,16,12,0.01,64,2000,True,plus,True,False,0.35544547786606995,0.8536585365853658,0.34382767029757405,0.8913308913308914,0.8567073170731707,1530.182926829268,,220.1023018360138,,1744,8,256,457b0468ba5f023a4a9f38816dbca0899481d04d,False
complete,synthetic,synthetic-singular__synthetic__non-overlap-patch-block-hamiltonian__L16__lr0.01__bs64__seed13,results/runs/synthetic/synthetic-singular__synthetic__non-overlap-patch-block-hamiltonian__L16__lr0.01__bs64__seed13_seed13,synthetic-singular,synthetic,non-overlap-patch-block-hamiltonian,16,13,0.01,64,2000,True,plus,True,False,0.3517032285683645,0.8780487804878049,0.3484920023132146,0.8962148962148963,0.8810975609756098,1561.8902439024391,,225.43475651741028,,1744,8,256,457b0468ba5f023a4a9f38816dbca0899481d04d,False
complete,synthetic,synthetic-singular__synthetic__non-overlap-patch-block-hamiltonian__L16__lr0.01__bs64__seed14,results/runs/synthetic/synthetic-singular__synthetic__non-overlap-patch-block-hamiltonian__L16__lr0.01__bs64__seed14_seed14,synthetic-singular,synthetic,non-overlap-patch-block-hamiltonian,16,14,0.01,64,2000,True,plus,True,False,0.36970421386123564,0.8384146341463414,0.37676370565854367,0.8534798534798534,0.8384146341463414,1528.353658536585,,230.47633337974548,,1744,8,256,457b0468ba5f023a4a9f38816dbca0899481d04d,False
complete,synthetic,synthetic-singular__synthetic__non-overlap-patch-block-hamiltonian__L16__lr0.01__bs64__seed15,results/runs/synthetic/synthetic-singular__synthetic__non-overlap-patch-block-hamiltonian__L16__lr0.01__bs64__seed15_seed15,synthetic-singular,synthetic,non-overlap-patch-block-hamiltonian,16,15,0.01,64,2000,True,plus,True,False,0.3263900418482012,0.875,0.3123424392436167,0.8913308913308914,0.8810975609756098,1594.8170731707319,,226.56821727752686,,1744,8,256,457b0468ba5f023a4a9f38816dbca0899481d04d,False
complete,synthetic,synthetic-singular__synthetic__non-overlap-patch-block-hamiltonian__L16__lr0.01__bs64__seed16,results/runs/synthetic/synthetic-singular__synthetic__non-overlap-patch-block-hamiltonian__L16__lr0.01__bs64__seed16_seed16,synthetic-singular,synthetic,non-overlap-patch-block-hamiltonian,16,16,0.01,64,2000,True,plus,True,False,0.36079757654671857,0.8628048780487805,0.3495184014848783,0.8876678876678876,0.8628048780487805,1516.4634146341464,,224.0630440711975,,1744,8,256,457b0468ba5f023a4a9f38816dbca0899481d04d,False
complete,synthetic,synthetic-singular__synthetic__non-overlap-patch-block-hamiltonian__L16__lr0.01__bs64__seed17,results/runs/synthetic/synthetic-singular__synthetic__non-overlap-patch-block-hamiltonian__L16__lr0.01__bs64__seed17_seed17,synthetic-singular,synthetic,non-overlap-patch-block-hamiltonian,16,17,0.01,64,2000,True,plus,True,False,0.36920258217886515,0.8689024390243902,0.3768408846764714,0.8766788766788767,0.8810975609756098,1518.9024390243903,,226.00554847717285,,1744,8,256,457b0468ba5f023a4a9f38816dbca0899481d04d,False
complete,synthetic,synthetic-singular__synthetic__non-overlap-patch-block-hamiltonian__L16__lr0.01__bs64__seed18,results/runs/synthetic/synthetic-singular__synthetic__non-overlap-patch-block-hamiltonian__L16__lr0.01__bs64__seed18_seed18,synthetic-singular,synthetic,non-overlap-patch-block-hamiltonian,16,18,0.01,64,2000,True,plus,True,False,0.33601851533611976,0.8902439024390244,0.33989811722084723,0.8876678876678876,0.9024390243902439,1626.0670731707319,,226.19525575637817,,1744,8,256,457b0468ba5f023a4a9f38816dbca0899481d04d,False
complete,synthetic,synthetic-singular__synthetic__non-overlap-patch-block-hamiltonian__L16__lr0.01__bs64__seed19,results/runs/synthetic/synthetic-singular__synthetic__non-overlap-patch-block-hamiltonian__L16__lr0.01__bs64__seed19_seed19,synthetic-singular,synthetic,non-overlap-patch-block-hamiltonian,16,19,0.01,64,2000,True,plus,True,False,0.36365752246734556,0.850609756097561,0.3740651905502878,0.8473748473748474,0.8689024390243902,1559.2987804878048,,223.9482581615448,,1744,8,256,457b0468ba5f023a4a9f38816dbca0899481d04d,False
complete,synthetic,synthetic-singular__synthetic__non-overlap-patch-block-hamiltonian__L16__lr0.01__bs64__seed1,results/runs/synthetic/synthetic-singular__synthetic__non-overlap-patch-block-hamiltonian__L16__lr0.01__bs64__seed1_seed1,synthetic-singular,synthetic,non-overlap-patch-block-hamiltonian,16,1,0.01,64,2000,True,plus,True,False,0.376545628454623,0.8536585365853658,0.38000268432947487,0.8571428571428571,0.8689024390243902,1518.140243902439,,373.225378036499,,1744,8,256,5d760ef42d71a06acce4efdc9ed931be057f16a6,False
complete,synthetic,synthetic-singular__synthetic__non-overlap-patch-block-hamiltonian__L16__lr0.01__bs64__seed2,results/runs/synthetic/synthetic-singular__synthetic__non-overlap-patch-block-hamiltonian__L16__lr0.01__bs64__seed2_seed2,synthetic-singular,synthetic,non-overlap-patch-block-hamiltonian,16,2,0.01,64,2000,True,plus,True,False,0.354916087389681,0.875,0.3571187351351657,0.8864468864468864,0.899390243902439,1559.2987804878048,,222.68247056007385,,1744,8,256,457b0468ba5f023a4a9f38816dbca0899481d04d,False
complete,synthetic,synthetic-singular__synthetic__non-overlap-patch-block-hamiltonian__L16__lr0.01__bs64__seed3,results/runs/synthetic/synthetic-singular__synthetic__non-overlap-patch-block-hamiltonian__L16__lr0.01__bs64__seed3_seed3,synthetic-singular,synthetic,non-overlap-patch-block-hamiltonian,16,3,0.01,64,2000,True,plus,True,False,0.37179622287007785,0.8414634146341463,0.3639887803742241,0.8742368742368742,0.8414634146341463,1530.9451219512196,,225.74543595314026,,1744,8,256,457b0468ba5f023a4a9f38816dbca0899481d04d,False
complete,synthetic,synthetic-singular__synthetic__non-overlap-patch-block-hamiltonian__L16__lr0.01__bs64__seed4,results/runs/synthetic/synthetic-singular__synthetic__non-overlap-patch-block-hamiltonian__L16__lr0.01__bs64__seed4_seed4,synthetic-singular,synthetic,non-overlap-patch-block-hamiltonian,16,4,0.01,64,2000,True,plus,True,False,0.3356181461450533,0.8658536585365854,0.3383661056204568,0.8974358974358975,0.8963414634146342,1599.0853658536582,,226.56560039520264,,1744,8,256,457b0468ba5f023a4a9f38816dbca0899481d04d,False
complete,synthetic,synthetic-singular__synthetic__non-overlap-patch-block-hamiltonian__L16__lr0.01__bs64__seed5,results/runs/synthetic/synthetic-singular__synthetic__non-overlap-patch-block-hamiltonian__L16__lr0.01__bs64__seed5_seed5,synthetic-singular,synthetic,non-overlap-patch-block-hamiltonian,16,5,0.01,64,2000,True,plus,True,False,0.3703657250459483,0.8567073170731707,0.36457490897510986,0.8754578754578755,0.8689024390243902,1566.0060975609758,,225.05310821533203,,1744,8,256,457b0468ba5f023a4a9f38816dbca0899481d04d,False
complete,synthetic,synthetic-singular__synthetic__non-overlap-patch-block-hamiltonian__L16__lr0.01__bs64__seed6,results/runs/synthetic/synthetic-singular__synthetic__non-overlap-patch-block-hamiltonian__L16__lr0.01__bs64__seed6_seed6,synthetic-singular,synthetic,non-overlap-patch-block-hamiltonian,16,6,0.01,64,2000,True,plus,True,False,0.40666166436002904,0.7987804878048781,0.39718082576229624,0.818070818070818,0.8536585365853658,1546.1890243902437,,222.30344080924988,,1744,8,256,457b0468ba5f023a4a9f38816dbca0899481d04d,False
complete,synthetic,synthetic-singular__synthetic__non-overlap-patch-block-hamiltonian__L16__lr0.01__bs64__seed7,results/runs/synthetic/synthetic-singular__synthetic__non-overlap-patch-block-hamiltonian__L16__lr0.01__bs64__seed7_seed7,synthetic-singular,synthetic,non-overlap-patch-block-hamiltonian,16,7,0.01,64,2000,True,plus,True,False,0.39543737036661375,0.8353658536585366,0.3950435214778193,0.851037851037851,0.8445121951219512,1514.6341463414635,,222.1820890903473,,1744,8,256,457b0468ba5f023a4a9f38816dbca0899481d04d,False
complete,synthetic,synthetic-singular__synthetic__non-overlap-patch-block-hamiltonian__L16__lr0.01__bs64__seed8,results/runs/synthetic/synthetic-singular__synthetic__non-overlap-patch-block-hamiltonian__L16__lr0.01__bs64__seed8_seed8,synthetic-singular,synthetic,non-overlap-patch-block-hamiltonian,16,8,0.01,64,2000,True,plus,True,False,0.33967995729915335,0.8841463414634146,0.3353028806329997,0.8901098901098901,0.8841463414634146,1547.2560975609758,,228.99517512321472,,1744,8,256,457b0468ba5f023a4a9f38816dbca0899481d04d,False
complete,synthetic,synthetic-singular__synthetic__non-overlap-patch-block-hamiltonian__L16__lr0.01__bs64__seed9,results/runs/synthetic/synthetic-singular__synthetic__non-overlap-patch-block-hamiltonian__L16__lr0.01__bs64__seed9_seed9,synthetic-singular,synthetic,non-overlap-patch-block-hamiltonian,16,9,0.01,64,2000,True,plus,True,False,0.36967700531110675,0.8567073170731707,0.36728352794180447,0.8656898656898657,0.8567073170731707,1551.0670731707319,,224.2873420715332,,1744,8,256,457b0468ba5f023a4a9f38816dbca0899481d04d,False
complete,synthetic,synthetic-singular__synthetic__non-overlap-patch-block-hamiltonian__L1__lr0.01__bs64__seed0,results/runs/synthetic/synthetic-singular__synthetic__non-overlap-patch-block-hamiltonian__L1__lr0.01__bs64__seed0_seed0,synthetic-singular,synthetic,non-overlap-patch-block-hamiltonian,1,0,0.01,64,2000,True,plus,True,False,0.6139019106289789,0.6676829268292683,0.6360445035055391,0.6654456654456654,0.6798780487804879,1263.8719512195123,,26.55681824684143,,109,8,256,457b0468ba5f023a4a9f38816dbca0899481d04d,False
complete,synthetic,synthetic-singular__synthetic__non-overlap-patch-block-hamiltonian__L1__lr0.01__bs64__seed10,results/runs/synthetic/synthetic-singular__synthetic__non-overlap-patch-block-hamiltonian__L1__lr0.01__bs64__seed10_seed10,synthetic-singular,synthetic,non-overlap-patch-block-hamiltonian,1,10,0.01,64,2000,True,plus,True,False,0.6404005080652454,0.649390243902439,0.6309929976350225,0.6654456654456654,0.6859756097560976,1247.1036585365855,,25.99436926841736,,109,8,256,457b0468ba5f023a4a9f38816dbca0899481d04d,False
complete,synthetic,synthetic-singular__synthetic__non-overlap-patch-block-hamiltonian__L1__lr0.01__bs64__seed11,results/runs/synthetic/synthetic-singular__synthetic__non-overlap-patch-block-hamiltonian__L1__lr0.01__bs64__seed11_seed11,synthetic-singular,synthetic,non-overlap-patch-block-hamiltonian,1,11,0.01,64,2000,True,plus,True,False,0.6142173875509662,0.6707317073170732,0.6357863876925284,0.6654456654456654,0.6829268292682927,1266.310975609756,,26.40455174446106,,109,8,256,457b0468ba5f023a4a9f38816dbca0899481d04d,False
complete,synthetic,synthetic-singular__synthetic__non-overlap-patch-block-hamiltonian__L1__lr0.01__bs64__seed12,results/runs/synthetic/synthetic-singular__synthetic__non-overlap-patch-block-hamiltonian__L1__lr0.01__bs64__seed12_seed12,synthetic-singular,synthetic,non-overlap-patch-block-hamiltonian,1,12,0.01,64,2000,True,plus,True,False,0.6160427181747117,0.6829268292682927,0.6348190576313706,0.6678876678876678,0.6829268292682927,1266.4634146341464,,23.888858556747437,,109,8,256,457b0468ba5f023a4a9f38816dbca0899481d04d,False
complete,synthetic,synthetic-singular__synthetic__non-overlap-patch-block-hamiltonian__L1__lr0.01__bs64__seed13,results/runs/synthetic/synthetic-singular__synthetic__non-overlap-patch-block-hamiltonian__L1__lr0.01__bs64__seed13_seed13,synthetic-singular,synthetic,non-overlap-patch-block-hamiltonian,1,13,0.01,64,2000,True,plus,True,False,0.6150397203068029,0.6676829268292683,0.6358764070211784,0.6593406593406593,0.6890243902439024,1278.9634146341464,,26.761927366256714,,109,8,256,457b0468ba5f023a4a9f38816dbca0899481d04d,False
complete,synthetic,synthetic-singular__synthetic__non-overlap-patch-block-hamiltonian__L1__lr0.01__bs64__seed14,results/runs/synthetic/synthetic-singular__synthetic__non-overlap-patch-block-hamiltonian__L1__lr0.01__bs64__seed14_seed14,synthetic-singular,synthetic,non-overlap-patch-block-hamiltonian,1,14,0.01,64,2000,True,plus,True,False,0.6405925130085071,0.6585365853658537,0.6319427854543719,0.6715506715506715,0.6829268292682927,1239.3292682926829,,24.429144859313965,,109,8,256,457b0468ba5f023a4a9f38816dbca0899481d04d,False
complete,synthetic,synthetic-singular__synthetic__non-overlap-patch-block-hamiltonian__L1__lr0.01__bs64__seed15,results/runs/synthetic/synthetic-singular__synthetic__non-overlap-patch-block-hamiltonian__L1__lr0.01__bs64__seed15_seed15,synthetic-singular,synthetic,non-overlap-patch-block-hamiltonian,1,15,0.01,64,2000,True,plus,True,False,0.6535953803081885,0.6432926829268293,0.6527108416382297,0.6434676434676435,0.6707317073170732,1245.579268292683,,25.136318683624268,,109,8,256,457b0468ba5f023a4a9f38816dbca0899481d04d,False
complete,synthetic,synthetic-singular__synthetic__non-overlap-patch-block-hamiltonian__L1__lr0.01__bs64__seed16,results/runs/synthetic/synthetic-singular__synthetic__non-overlap-patch-block-hamiltonian__L1__lr0.01__bs64__seed16_seed16,synthetic-singular,synthetic,non-overlap-patch-block-hamiltonian,1,16,0.01,64,2000,True,plus,True,False,0.636550906166586,0.649390243902439,0.6294366143367083,0.673992673992674,0.6798780487804879,1245.2743902439024,,27.215744972229004,,109,8,256,457b0468ba5f023a4a9f38816dbca0899481d04d,False
complete,synthetic,synthetic-singular__synthetic__non-overlap-patch-block-hamiltonian__L1__lr0.01__bs64__seed17,results/runs/synthetic/synthetic-singular__synthetic__non-overlap-patch-block-hamiltonian__L1__lr0.01__bs64__seed17_seed17,synthetic-singular,synthetic,non-overlap-patch-block-hamiltonian,1,17,0.01,64,2000,True,plus,True,False,0.6427958033872484,0.6524390243902439,0.6334319735995678,0.6544566544566545,0.6707317073170732,1248.6280487804877,,26.338141202926636,,109,8,256,457b0468ba5f023a4a9f38816dbca0899481d04d,False
complete,synthetic,synthetic-singular__synthetic__non-overlap-patch-block-hamiltonian__L1__lr0.01__bs64__seed18,results/runs/synthetic/synthetic-singular__synthetic__non-overlap-patch-block-hamiltonian__L1__lr0.01__bs64__seed18_seed18,synthetic-singular,synthetic,non-overlap-patch-block-hamiltonian,1,18,0.01,64,2000,True,plus,True,False,0.639866231823179,0.6615853658536586,0.6329621886283996,0.6532356532356532,0.676829268292683,1254.420731707317,,26.8284330368042,,109,8,256,457b0468ba5f023a4a9f38816dbca0899481d04d,False
complete,synthetic,synthetic-singular__synthetic__non-overlap-patch-block-hamiltonian__L1__lr0.01__bs64__seed19,results/runs/synthetic/synthetic-singular__synthetic__non-overlap-patch-block-hamiltonian__L1__lr0.01__bs64__seed19_seed19,synthetic-singular,synthetic,non-overlap-patch-block-hamiltonian,1,19,0.01,64,2000,True,plus,True,False,0.6176945749040504,0.6585365853658537,0.6345907069607148,0.6678876678876678,0.6859756097560976,1278.6585365853662,,24.495450019836426,,109,8,256,457b0468ba5f023a4a9f38816dbca0899481d04d,False
complete,synthetic,synthetic-singular__synthetic__non-overlap-patch-block-hamiltonian__L1__lr0.01__bs64__seed1,results/runs/synthetic/synthetic-singular__synthetic__non-overlap-patch-block-hamiltonian__L1__lr0.01__bs64__seed1_seed1,synthetic-singular,synthetic,non-overlap-patch-block-hamiltonian,1,1,0.01,64,2000,True,plus,True,False,0.6361255311376486,0.6554878048780488,0.6296426760118564,0.6666666666666666,0.6829268292682927,1248.018292682927,,24.668209314346313,,109,8,256,457b0468ba5f023a4a9f38816dbca0899481d04d,False
complete,synthetic,synthetic-singular__synthetic__non-overlap-patch-block-hamiltonian__L1__lr0.01__bs64__seed2,results/runs/synthetic/synthetic-singular__synthetic__non-overlap-patch-block-hamiltonian__L1__lr0.01__bs64__seed2_seed2,synthetic-singular,synthetic,non-overlap-patch-block-hamiltonian,1,2,0.01,64,2000,True,plus,True,False,0.6389831852837788,0.6463414634146342,0.6292683691912693,0.6593406593406593,0.6798780487804879,1246.9512195121952,,26.218647003173828,,109,8,256,457b0468ba5f023a4a9f38816dbca0899481d04d,False
complete,synthetic,synthetic-singular__synthetic__non-overlap-patch-block-hamiltonian__L1__lr0.01__bs64__seed3,results/runs/synthetic/synthetic-singular__synthetic__non-overlap-patch-block-hamiltonian__L1__lr0.01__bs64__seed3_seed3,synthetic-singular,synthetic,non-overlap-patch-block-hamiltonian,1,3,0.01,64,2000,True,plus,True,False,0.6154038364274587,0.6646341463414634,0.6354111264203877,0.6654456654456654,0.6829268292682927,1276.5243902439026,,25.65861415863037,,109,8,256,457b0468ba5f023a4a9f38816dbca0899481d04d,False
complete,synthetic,synthetic-singular__synthetic__non-overlap-patch-block-hamiltonian__L1__lr0.01__bs64__seed4,results/runs/synthetic/synthetic-singular__synthetic__non-overlap-patch-block-hamiltonian__L1__lr0.01__bs64__seed4_seed4,synthetic-singular,synthetic,non-overlap-patch-block-hamiltonian,1,4,0.01,64,2000,True,plus,True,False,0.6405231807839686,0.6615853658536586,0.627997902860067,0.6715506715506715,0.6829268292682927,1254.5731707317075,,24.644564628601074,,109,8,256,457b0468ba5f023a4a9f38816dbca0899481d04d,False
complete,synthetic,synthetic-singular__synthetic__non-overlap-patch-block-hamiltonian__L1__lr0.01__bs64__seed5,results/runs/synthetic/synthetic-singular__synthetic__non-overlap-patch-block-hamiltonian__L1__lr0.01__bs64__seed5_seed5,synthetic-singular,synthetic,non-overlap-patch-block-hamiltonian,1,5,0.01,64,2000,True,plus,True,False,0.6152992146314573,0.6676829268292683,0.6369855068692949,0.6605616605616605,0.6859756097560976,1269.9695121951222,,24.15302872657776,,109,8,256,457b0468ba5f023a4a9f38816dbca0899481d04d,False
complete,synthetic,synthetic-singular__synthetic__non-overlap-patch-block-hamiltonian__L1__lr0.01__bs64__seed6,results/runs/synthetic/synthetic-singular__synthetic__non-overlap-patch-block-hamiltonian__L1__lr0.01__bs64__seed6_seed6,synthetic-singular,synthetic,non-overlap-patch-block-hamiltonian,1,6,0.01,64,2000,True,plus,True,False,0.6402539147930251,0.6554878048780488,0.6303592239726129,0.6593406593406593,0.6859756097560976,1262.9573170731705,,27.563475131988525,,109,8,256,457b0468ba5f023a4a9f38816dbca0899481d04d,False
complete,synthetic,synthetic-singular__synthetic__non-overlap-patch-block-hamiltonian__L1__lr0.01__bs64__seed7,results/runs/synthetic/synthetic-singular__synthetic__non-overlap-patch-block-hamiltonian__L1__lr0.01__bs64__seed7_seed7,synthetic-singular,synthetic,non-overlap-patch-block-hamiltonian,1,7,0.01,64,2000,True,plus,True,False,0.6347474596045003,0.6707317073170732,0.6300516109790375,0.6654456654456654,0.676829268292683,1252.439024390244,,27.205690145492554,,109,8,256,457b0468ba5f023a4a9f38816dbca0899481d04d,False
complete,synthetic,synthetic-singular__synthetic__non-overlap-patch-block-hamiltonian__L1__lr0.01__bs64__seed8,results/runs/synthetic/synthetic-singular__synthetic__non-overlap-patch-block-hamiltonian__L1__lr0.01__bs64__seed8_seed8,synthetic-singular,synthetic,non-overlap-patch-block-hamiltonian,1,8,0.01,64,2000,True,plus,True,False,0.6412731483775698,0.6737804878048781,0.6306624140615867,0.663003663003663,0.6859756097560976,1260.6707317073171,,27.223022937774658,,109,8,256,457b0468ba5f023a4a9f38816dbca0899481d04d,False
complete,synthetic,synthetic-singular__synthetic__non-overlap-patch-block-hamiltonian__L1__lr0.01__bs64__seed9,results/runs/synthetic/synthetic-singular__synthetic__non-overlap-patch-block-hamiltonian__L1__lr0.01__bs64__seed9_seed9,synthetic-singular,synthetic,non-overlap-patch-block-hamiltonian,1,9,0.01,64,2000,True,plus,True,False,0.6184319853622752,0.6646341463414634,0.6374922440590668,0.6666666666666666,0.6798780487804879,1258.8414634146343,,25.631309509277344,,109,8,256,457b0468ba5f023a4a9f38816dbca0899481d04d,False
complete,synthetic,synthetic-singular__synthetic__non-overlap-patch-block-hamiltonian__L2__lr0.01__bs64__seed0,results/runs/synthetic/synthetic-singular__synthetic__non-overlap-patch-block-hamiltonian__L2__lr0.01__bs64__seed0_seed0,synthetic-singular,synthetic,non-overlap-patch-block-hamiltonian,2,0,0.01,64,2000,True,plus,True,False,0.471712722049782,0.75,0.45818203652199196,0.7924297924297924,0.7774390243902439,1437.3475609756097,,38.86881709098816,,218,8,256,457b0468ba5f023a4a9f38816dbca0899481d04d,False
complete,synthetic,synthetic-singular__synthetic__non-overlap-patch-block-hamiltonian__L2__lr0.01__bs64__seed10,results/runs/synthetic/synthetic-singular__synthetic__non-overlap-patch-block-hamiltonian__L2__lr0.01__bs64__seed10_seed10,synthetic-singular,synthetic,non-overlap-patch-block-hamiltonian,2,10,0.01,64,2000,True,plus,True,False,0.4719446592837799,0.7621951219512195,0.4524243423570314,0.7936507936507936,0.7713414634146342,1427.1341463414637,,38.1619610786438,,218,8,256,457b0468ba5f023a4a9f38816dbca0899481d04d,False
complete,synthetic,synthetic-singular__synthetic__non-overlap-patch-block-hamiltonian__L2__lr0.01__bs64__seed11,results/runs/synthetic/synthetic-singular__synthetic__non-overlap-patch-block-hamiltonian__L2__lr0.01__bs64__seed11_seed11,synthetic-singular,synthetic,non-overlap-patch-block-hamiltonian,2,11,0.01,64,2000,True,plus,True,False,0.4705321797159237,0.7560975609756098,0.45488062538676355,0.796092796092796,0.7713414634146342,1415.7012195121952,,39.94332218170166,,218,8,256,457b0468ba5f023a4a9f38816dbca0899481d04d,False
complete,synthetic,synthetic-singular__synthetic__non-overlap-patch-block-hamiltonian__L2__lr0.01__bs64__seed12,results/runs/synthetic/synthetic-singular__synthetic__non-overlap-patch-block-hamiltonian__L2__lr0.01__bs64__seed12_seed12,synthetic-singular,synthetic,non-overlap-patch-block-hamiltonian,2,12,0.01,64,2000,True,plus,True,False,0.46742812022617786,0.75,0.45542986248911427,0.7851037851037851,0.7682926829268293,1433.8414634146343,,38.27061581611633,,218,8,256,457b0468ba5f023a4a9f38816dbca0899481d04d,False
complete,synthetic,synthetic-singular__synthetic__non-overlap-patch-block-hamiltonian__L2__lr0.01__bs64__seed13,results/runs/synthetic/synthetic-singular__synthetic__non-overlap-patch-block-hamiltonian__L2__lr0.01__bs64__seed13_seed13,synthetic-singular,synthetic,non-overlap-patch-block-hamiltonian,2,13,0.01,64,2000,True,plus,True,False,0.46532169691416697,0.7682926829268293,0.4596709694265965,0.7838827838827839,0.774390243902439,1433.3841463414635,,37.303072690963745,,218,8,256,457b0468ba5f023a4a9f38816dbca0899481d04d,False
complete,synthetic,synthetic-singular__synthetic__non-overlap-patch-block-hamiltonian__L2__lr0.01__bs64__seed14,results/runs/synthetic/synthetic-singular__synthetic__non-overlap-patch-block-hamiltonian__L2__lr0.01__bs64__seed14_seed14,synthetic-singular,synthetic,non-overlap-patch-block-hamiltonian,2,14,0.01,64,2000,True,plus,True,False,0.4636817085420778,0.7560975609756098,0.45621376888879206,0.78998778998779,0.774390243902439,1428.201219512195,,38.39782094955444,,218,8,256,457b0468ba5f023a4a9f38816dbca0899481d04d,False
complete,synthetic,synthetic-singular__synthetic__non-overlap-patch-block-hamiltonian__L2__lr0.01__bs64__seed15,results/runs/synthetic/synthetic-singular__synthetic__non-overlap-patch-block-hamiltonian__L2__lr0.01__bs64__seed15_seed15,synthetic-singular,synthetic,non-overlap-patch-block-hamiltonian,2,15,0.01,64,2000,True,plus,True,False,0.4876337727630198,0.7560975609756098,0.46530424983530133,0.7777777777777778,0.7713414634146342,1417.0731707317073,,39.728071212768555,,218,8,256,457b0468ba5f023a4a9f38816dbca0899481d04d,False
complete,synthetic,synthetic-singular__synthetic__non-overlap-patch-block-hamiltonian__L2__lr0.01__bs64__seed16,results/runs/synthetic/synthetic-singular__synthetic__non-overlap-patch-block-hamiltonian__L2__lr0.01__bs64__seed16_seed16,synthetic-singular,synthetic,non-overlap-patch-block-hamiltonian,2,16,0.01,64,2000,True,plus,True,False,0.47126566515722446,0.7713414634146342,0.45703019061847944,0.78998778998779,0.7713414634146342,1429.4207317073171,,38.24647808074951,,218,8,256,457b0468ba5f023a4a9f38816dbca0899481d04d,False
complete,synthetic,synthetic-singular__synthetic__non-overlap-patch-block-hamiltonian__L2__lr0.01__bs64__seed17,results/runs/synthetic/synthetic-singular__synthetic__non-overlap-patch-block-hamiltonian__L2__lr0.01__bs64__seed17_seed17,synthetic-singular,synthetic,non-overlap-patch-block-hamiltonian,2,17,0.01,64,2000,True,plus,True,False,0.477113321203565,0.7469512195121951,0.45633387663236513,0.7875457875457875,0.7713414634146342,1422.4085365853662,,38.36819672584534,,218,8,256,457b0468ba5f023a4a9f38816dbca0899481d04d,False
complete,synthetic,synthetic-singular__synthetic__non-overlap-patch-block-hamiltonian__L2__lr0.01__bs64__seed18,results/runs/synthetic/synthetic-singular__synthetic__non-overlap-patch-block-hamiltonian__L2__lr0.01__bs64__seed18_seed18,synthetic-singular,synthetic,non-overlap-patch-block-hamiltonian,2,18,0.01,64,2000,True,plus,True,False,0.48065857687132113,0.7591463414634146,0.45943426555326006,0.7851037851037851,0.7682926829268293,1411.890243902439,,36.968146085739136,,218,8,256,457b0468ba5f023a4a9f38816dbca0899481d04d,False
complete,synthetic,synthetic-singular__synthetic__non-overlap-patch-block-hamiltonian__L2__lr0.01__bs64__seed19,results/runs/synthetic/synthetic-singular__synthetic__non-overlap-patch-block-hamiltonian__L2__lr0.01__bs64__seed19_seed19,synthetic-singular,synthetic,non-overlap-patch-block-hamiltonian,2,19,0.01,64,2000,True,plus,True,False,0.4714263437128624,0.75,0.45793213910730257,0.8034188034188035,0.7713414634146342,1432.3170731707319,,38.580883741378784,,218,8,256,457b0468ba5f023a4a9f38816dbca0899481d04d,False
complete,synthetic,synthetic-singular__synthetic__non-overlap-patch-block-hamiltonian__L2__lr0.01__bs64__seed1,results/runs/synthetic/synthetic-singular__synthetic__non-overlap-patch-block-hamiltonian__L2__lr0.01__bs64__seed1_seed1,synthetic-singular,synthetic,non-overlap-patch-block-hamiltonian,2,1,0.01,64,2000,True,plus,True,False,0.4694219694071182,0.7530487804878049,0.45404432470006895,0.7924297924297924,0.7804878048780488,1430.9451219512198,,38.93143582344055,,218,8,256,457b0468ba5f023a4a9f38816dbca0899481d04d,False
complete,synthetic,synthetic-singular__synthetic__non-overlap-patch-block-hamiltonian__L2__lr0.01__bs64__seed2,results/runs/synthetic/synthetic-singular__synthetic__non-overlap-patch-block-hamiltonian__L2__lr0.01__bs64__seed2_seed2,synthetic-singular,synthetic,non-overlap-patch-block-hamiltonian,2,2,0.01,64,2000,True,plus,True,False,0.47345948510460006,0.7560975609756098,0.45720237359132293,0.7851037851037851,0.7713414634146342,1437.1951219512193,,36.598872423172,,218,8,256,457b0468ba5f023a4a9f38816dbca0899481d04d,False
complete,synthetic,synthetic-singular__synthetic__non-overlap-patch-block-hamiltonian__L2__lr0.01__bs64__seed3,results/runs/synthetic/synthetic-singular__synthetic__non-overlap-patch-block-hamiltonian__L2__lr0.01__bs64__seed3_seed3,synthetic-singular,synthetic,non-overlap-patch-block-hamiltonian,2,3,0.01,64,2000,True,plus,True,False,0.4645876791872536,0.7560975609756098,0.45530919305727935,0.796092796092796,0.7804878048780488,1433.2317073170727,,38.798075675964355,,218,8,256,457b0468ba5f023a4a9f38816dbca0899481d04d,False
complete,synthetic,synthetic-singular__synthetic__non-overlap-patch-block-hamiltonian__L2__lr0.01__bs64__seed4,results/runs/synthetic/synthetic-singular__synthetic__non-overlap-patch-block-hamiltonian__L2__lr0.01__bs64__seed4_seed4,synthetic-singular,synthetic,non-overlap-patch-block-hamiltonian,2,4,0.01,64,2000,True,plus,True,False,0.4645018751045327,0.7469512195121951,0.45899645578960685,0.7863247863247863,0.7713414634146342,1420.2743902439022,,38.27920985221863,,218,8,256,457b0468ba5f023a4a9f38816dbca0899481d04d,False
complete,synthetic,synthetic-singular__synthetic__non-overlap-patch-block-hamiltonian__L2__lr0.01__bs64__seed5,results/runs/synthetic/synthetic-singular__synthetic__non-overlap-patch-block-hamiltonian__L2__lr0.01__bs64__seed5_seed5,synthetic-singular,synthetic,non-overlap-patch-block-hamiltonian,2,5,0.01,64,2000,True,plus,True,False,0.4770674898863251,0.7347560975609756,0.4592890458588228,0.778998778998779,0.7682926829268293,1432.469512195122,,38.309807538986206,,218,8,256,457b0468ba5f023a4a9f38816dbca0899481d04d,False
complete,synthetic,synthetic-singular__synthetic__non-overlap-patch-block-hamiltonian__L2__lr0.01__bs64__seed6,results/runs/synthetic/synthetic-singular__synthetic__non-overlap-patch-block-hamiltonian__L2__lr0.01__bs64__seed6_seed6,synthetic-singular,synthetic,non-overlap-patch-block-hamiltonian,2,6,0.01,64,2000,True,plus,True,False,0.48168024603602894,0.7530487804878049,0.46562848975440524,0.7863247863247863,0.7804878048780488,1437.0426829268292,,36.763936281204224,,218,8,256,457b0468ba5f023a4a9f38816dbca0899481d04d,False
complete,synthetic,synthetic-singular__synthetic__non-overlap-patch-block-hamiltonian__L2__lr0.01__bs64__seed7,results/runs/synthetic/synthetic-singular__synthetic__non-overlap-patch-block-hamiltonian__L2__lr0.01__bs64__seed7_seed7,synthetic-singular,synthetic,non-overlap-patch-block-hamiltonian,2,7,0.01,64,2000,True,plus,True,False,0.46206587738773724,0.7621951219512195,0.45459841970575326,0.7985347985347986,0.7774390243902439,1439.4817073170732,,37.90726280212402,,218,8,256,457b0468ba5f023a4a9f38816dbca0899481d04d,False
complete,synthetic,synthetic-singular__synthetic__non-overlap-patch-block-hamiltonian__L2__lr0.01__bs64__seed8,results/runs/synthetic/synthetic-singular__synthetic__non-overlap-patch-block-hamiltonian__L2__lr0.01__bs64__seed8_seed8,synthetic-singular,synthetic,non-overlap-patch-block-hamiltonian,2,8,0.01,64,2000,True,plus,True,False,0.4657033793393718,0.7682926829268293,0.46278242970007544,0.7912087912087912,0.7713414634146342,1424.237804878049,,38.48261761665344,,218,8,256,457b0468ba5f023a4a9f38816dbca0899481d04d,False
complete,synthetic,synthetic-singular__synthetic__non-overlap-patch-block-hamiltonian__L2__lr0.01__bs64__seed9,results/runs/synthetic/synthetic-singular__synthetic__non-overlap-patch-block-hamiltonian__L2__lr0.01__bs64__seed9_seed9,synthetic-singular,synthetic,non-overlap-patch-block-hamiltonian,2,9,0.01,64,2000,True,plus,True,False,0.4756129425349451,0.7530487804878049,0.45813560964645417,0.7826617826617827,0.774390243902439,1432.1646341463413,,38.29209780693054,,218,8,256,457b0468ba5f023a4a9f38816dbca0899481d04d,False
complete,synthetic,synthetic-singular__synthetic__non-overlap-patch-block-hamiltonian__L32__lr0.01__bs64__seed0,results/runs/synthetic/synthetic-singular__synthetic__non-overlap-patch-block-hamiltonian__L32__lr0.01__bs64__seed0_seed0,synthetic-singular,synthetic,non-overlap-patch-block-hamiltonian,32,0,0.01,64,2000,True,plus,True,False,0.3571280880241461,0.8719512195121951,0.3578789005761297,0.8705738705738706,0.8932926829268293,1603.9634146341461,,488.2689628601074,,3488,8,256,457b0468ba5f023a4a9f38816dbca0899481d04d,False
complete,synthetic,synthetic-singular__synthetic__non-overlap-patch-block-hamiltonian__L32__lr0.01__bs64__seed10,results/runs/synthetic/synthetic-singular__synthetic__non-overlap-patch-block-hamiltonian__L32__lr0.01__bs64__seed10_seed10,synthetic-singular,synthetic,non-overlap-patch-block-hamiltonian,32,10,0.01,64,2000,True,plus,True,False,0.30739487850442976,0.8963414634146342,0.2964667638486132,0.9157509157509157,0.899390243902439,1628.201219512195,,487.01770782470703,,3488,8,256,457b0468ba5f023a4a9f38816dbca0899481d04d,False
complete,synthetic,synthetic-singular__synthetic__non-overlap-patch-block-hamiltonian__L32__lr0.01__bs64__seed11,results/runs/synthetic/synthetic-singular__synthetic__non-overlap-patch-block-hamiltonian__L32__lr0.01__bs64__seed11_seed11,synthetic-singular,synthetic,non-overlap-patch-block-hamiltonian,32,11,0.01,64,2000,True,plus,True,False,0.332613129831507,0.8810975609756098,0.3310820803844284,0.8876678876678876,0.899390243902439,1615.701219512195,,485.06046080589294,,3488,8,256,457b0468ba5f023a4a9f38816dbca0899481d04d,False
complete,synthetic,synthetic-singular__synthetic__non-overlap-patch-block-hamiltonian__L32__lr0.01__bs64__seed12,results/runs/synthetic/synthetic-singular__synthetic__non-overlap-patch-block-hamiltonian__L32__lr0.01__bs64__seed12_seed12,synthetic-singular,synthetic,non-overlap-patch-block-hamiltonian,32,12,0.01,64,2000,True,plus,True,False,0.35346394505835216,0.8871951219512195,0.35345682810661505,0.894993894993895,0.8871951219512195,1567.2256097560974,,488.46683406829834,,3488,8,256,457b0468ba5f023a4a9f38816dbca0899481d04d,False
complete,synthetic,synthetic-singular__synthetic__non-overlap-patch-block-hamiltonian__L32__lr0.01__bs64__seed13,results/runs/synthetic/synthetic-singular__synthetic__non-overlap-patch-block-hamiltonian__L32__lr0.01__bs64__seed13_seed13,synthetic-singular,synthetic,non-overlap-patch-block-hamiltonian,32,13,0.01,64,2000,True,plus,True,False,0.3363299818264065,0.875,0.3392925331253905,0.8669108669108669,0.9024390243902439,1611.5853658536585,,487.04292917251587,,3488,8,256,457b0468ba5f023a4a9f38816dbca0899481d04d,False
complete,synthetic,synthetic-singular__synthetic__non-overlap-patch-block-hamiltonian__L32__lr0.01__bs64__seed14,results/runs/synthetic/synthetic-singular__synthetic__non-overlap-patch-block-hamiltonian__L32__lr0.01__bs64__seed14_seed14,synthetic-singular,synthetic,non-overlap-patch-block-hamiltonian,32,14,0.01,64,2000,True,plus,True,False,0.3697168962975171,0.8414634146341463,0.36419485596968026,0.8644688644688645,0.8719512195121951,1535.8231707317073,,489.4266445636749,,3488,8,256,457b0468ba5f023a4a9f38816dbca0899481d04d,False
complete,synthetic,synthetic-singular__synthetic__non-overlap-patch-block-hamiltonian__L32__lr0.01__bs64__seed15,results/runs/synthetic/synthetic-singular__synthetic__non-overlap-patch-block-hamiltonian__L32__lr0.01__bs64__seed15_seed15,synthetic-singular,synthetic,non-overlap-patch-block-hamiltonian,32,15,0.01,64,2000,True,plus,True,False,0.3352421680953143,0.8658536585365854,0.31120149853582474,0.9072039072039072,0.8719512195121951,1587.34756097561,,483.80510783195496,,3488,8,256,457b0468ba5f023a4a9f38816dbca0899481d04d,False
complete,synthetic,synthetic-singular__synthetic__non-overlap-patch-block-hamiltonian__L32__lr0.01__bs64__seed16,results/runs/synthetic/synthetic-singular__synthetic__non-overlap-patch-block-hamiltonian__L32__lr0.01__bs64__seed16_seed16,synthetic-singular,synthetic,non-overlap-patch-block-hamiltonian,32,16,0.01,64,2000,True,plus,True,False,0.3682972512501549,0.8475609756097561,0.3674083685318289,0.8644688644688645,0.8689024390243902,1512.1951219512193,,487.619042634964,,3488,8,256,457b0468ba5f023a4a9f38816dbca0899481d04d,False
complete,synthetic,synthetic-singular__synthetic__non-overlap-patch-block-hamiltonian__L32__lr0.01__bs64__seed17,results/runs/synthetic/synthetic-singular__synthetic__non-overlap-patch-block-hamiltonian__L32__lr0.01__bs64__seed17_seed17,synthetic-singular,synthetic,non-overlap-patch-block-hamiltonian,32,17,0.01,64,2000,True,plus,True,False,0.36206900542552833,0.8689024390243902,0.37726983067302244,0.8559218559218559,0.8689024390243902,1546.3414634146343,,484.0921833515167,,3488,8,256,457b0468ba5f023a4a9f38816dbca0899481d04d,False
complete,synthetic,synthetic-singular__synthetic__non-overlap-patch-block-hamiltonian__L32__lr0.01__bs64__seed18,results/runs/synthetic/synthetic-singular__synthetic__non-overlap-patch-block-hamiltonian__L32__lr0.01__bs64__seed18_seed18,synthetic-singular,synthetic,non-overlap-patch-block-hamiltonian,32,18,0.01,64,2000,True,plus,True,False,0.3514699666550676,0.8871951219512195,0.3648092742045175,0.8791208791208791,0.8871951219512195,1531.7073170731708,,483.9121789932251,,3488,8,256,457b0468ba5f023a4a9f38816dbca0899481d04d,False
complete,synthetic,synthetic-singular__synthetic__non-overlap-patch-block-hamiltonian__L32__lr0.01__bs64__seed19,results/runs/synthetic/synthetic-singular__synthetic__non-overlap-patch-block-hamiltonian__L32__lr0.01__bs64__seed19_seed19,synthetic-singular,synthetic,non-overlap-patch-block-hamiltonian,32,19,0.01,64,2000,True,plus,True,False,0.36425139941007195,0.8628048780487805,0.34779373443216005,0.8901098901098901,0.875,1556.0975609756097,,486.4797217845917,,3488,8,256,457b0468ba5f023a4a9f38816dbca0899481d04d,False
complete,synthetic,synthetic-singular__synthetic__non-overlap-patch-block-hamiltonian__L32__lr0.01__bs64__seed1,results/runs/synthetic/synthetic-singular__synthetic__non-overlap-patch-block-hamiltonian__L32__lr0.01__bs64__seed1_seed1,synthetic-singular,synthetic,non-overlap-patch-block-hamiltonian,32,1,0.01,64,2000,True,plus,True,False,0.37288633132522514,0.8597560975609756,0.3681559643425929,0.8583638583638583,0.8597560975609756,1532.4695121951218,,487.44369673728943,,3488,8,256,457b0468ba5f023a4a9f38816dbca0899481d04d,False
complete,synthetic,synthetic-singular__synthetic__non-overlap-patch-block-hamiltonian__L32__lr0.01__bs64__seed2,results/runs/synthetic/synthetic-singular__synthetic__non-overlap-patch-block-hamiltonian__L32__lr0.01__bs64__seed2_seed2,synthetic-singular,synthetic,non-overlap-patch-block-hamiltonian,32,2,0.01,64,2000,True,plus,True,False,0.37080447687014334,0.8414634146341463,0.3830772657879166,0.833943833943834,0.8414634146341463,1536.5853658536582,,481.69302582740784,,3488,8,256,457b0468ba5f023a4a9f38816dbca0899481d04d,False
complete,synthetic,synthetic-singular__synthetic__non-overlap-patch-block-hamiltonian__L32__lr0.01__bs64__seed3,results/runs/synthetic/synthetic-singular__synthetic__non-overlap-patch-block-hamiltonian__L32__lr0.01__bs64__seed3_seed3,synthetic-singular,synthetic,non-overlap-patch-block-hamiltonian,32,3,0.01,64,2000,True,plus,True,False,0.3577049045297925,0.8536585365853658,0.36607709068488664,0.8559218559218559,0.8536585365853658,1530.1829268292684,,483.32802271842957,,3488,8,256,457b0468ba5f023a4a9f38816dbca0899481d04d,False
complete,synthetic,synthetic-singular__synthetic__non-overlap-patch-block-hamiltonian__L32__lr0.01__bs64__seed4,results/runs/synthetic/synthetic-singular__synthetic__non-overlap-patch-block-hamiltonian__L32__lr0.01__bs64__seed4_seed4,synthetic-singular,synthetic,non-overlap-patch-block-hamiltonian,32,4,0.01,64,2000,True,plus,True,False,0.37713163124946775,0.8353658536585366,0.3816548764840613,0.8571428571428571,0.8536585365853658,1556.707317073171,,488.2720854282379,,3488,8,256,457b0468ba5f023a4a9f38816dbca0899481d04d,False
complete,synthetic,synthetic-singular__synthetic__non-overlap-patch-block-hamiltonian__L32__lr0.01__bs64__seed5,results/runs/synthetic/synthetic-singular__synthetic__non-overlap-patch-block-hamiltonian__L32__lr0.01__bs64__seed5_seed5,synthetic-singular,synthetic,non-overlap-patch-block-hamiltonian,32,5,0.01,64,2000,True,plus,True,False,0.3693485167704981,0.850609756097561,0.3640577973120047,0.8742368742368742,0.850609756097561,1524.3902439024391,,487.6083607673645,,3488,8,256,457b0468ba5f023a4a9f38816dbca0899481d04d,False
complete,synthetic,synthetic-singular__synthetic__non-overlap-patch-block-hamiltonian__L32__lr0.01__bs64__seed6,results/runs/synthetic/synthetic-singular__synthetic__non-overlap-patch-block-hamiltonian__L32__lr0.01__bs64__seed6_seed6,synthetic-singular,synthetic,non-overlap-patch-block-hamiltonian,32,6,0.01,64,2000,True,plus,True,False,0.3434821774972279,0.875,0.34429799547996387,0.8778998778998779,0.875,1588.8719512195125,,486.5397729873657,,3488,8,256,457b0468ba5f023a4a9f38816dbca0899481d04d,False
complete,synthetic,synthetic-singular__synthetic__non-overlap-patch-block-hamiltonian__L32__lr0.01__bs64__seed7,results/runs/synthetic/synthetic-singular__synthetic__non-overlap-patch-block-hamiltonian__L32__lr0.01__bs64__seed7_seed7,synthetic-singular,synthetic,non-overlap-patch-block-hamiltonian,32,7,0.01,64,2000,True,plus,True,False,0.36983942210406995,0.8658536585365854,0.35764546121623797,0.8803418803418803,0.9024390243902439,1587.9573170731708,,485.92790365219116,,3488,8,256,457b0468ba5f023a4a9f38816dbca0899481d04d,False
complete,synthetic,synthetic-singular__synthetic__non-overlap-patch-block-hamiltonian__L32__lr0.01__bs64__seed8,results/runs/synthetic/synthetic-singular__synthetic__non-overlap-patch-block-hamiltonian__L32__lr0.01__bs64__seed8_seed8,synthetic-singular,synthetic,non-overlap-patch-block-hamiltonian,32,8,0.01,64,2000,True,plus,True,False,0.36586625499147224,0.8932926829268293,0.3851139069106952,0.8583638583638583,0.8932926829268293,1586.5853658536582,,483.4877300262451,,3488,8,256,457b0468ba5f023a4a9f38816dbca0899481d04d,False
complete,synthetic,synthetic-singular__synthetic__non-overlap-patch-block-hamiltonian__L32__lr0.01__bs64__seed9,results/runs/synthetic/synthetic-singular__synthetic__non-overlap-patch-block-hamiltonian__L32__lr0.01__bs64__seed9_seed9,synthetic-singular,synthetic,non-overlap-patch-block-hamiltonian,32,9,0.01,64,2000,True,plus,True,False,0.34191812979876457,0.8871951219512195,0.34305140263556816,0.905982905982906,0.8932926829268293,1643.2926829268285,,488.09772753715515,,3488,8,256,457b0468ba5f023a4a9f38816dbca0899481d04d,False
complete,synthetic,synthetic-singular__synthetic__non-overlap-patch-block-hamiltonian__L4__lr0.01__bs64__seed0,results/runs/synthetic/synthetic-singular__synthetic__non-overlap-patch-block-hamiltonian__L4__lr0.01__bs64__seed0_seed0,synthetic-singular,synthetic,non-overlap-patch-block-hamiltonian,4,0,0.01,64,2000,True,plus,True,False,0.43724159936881307,0.7957317073170732,0.4327278771789755,0.8253968253968254,0.7957317073170732,1451.9817073170734,,62.27531862258911,,436,8,256,457b0468ba5f023a4a9f38816dbca0899481d04d,False
complete,synthetic,synthetic-singular__synthetic__non-overlap-patch-block-hamiltonian__L4__lr0.01__bs64__seed10,results/runs/synthetic/synthetic-singular__synthetic__non-overlap-patch-block-hamiltonian__L4__lr0.01__bs64__seed10_seed10,synthetic-singular,synthetic,non-overlap-patch-block-hamiltonian,4,10,0.01,64,2000,True,plus,True,False,0.41286541946150507,0.7774390243902439,0.4043167654617923,0.8278388278388278,0.823170731707317,1523.3231707317073,,60.21541094779968,,436,8,256,457b0468ba5f023a4a9f38816dbca0899481d04d,False
complete,synthetic,synthetic-singular__synthetic__non-overlap-patch-block-hamiltonian__L4__lr0.01__bs64__seed11,results/runs/synthetic/synthetic-singular__synthetic__non-overlap-patch-block-hamiltonian__L4__lr0.01__bs64__seed11_seed11,synthetic-singular,synthetic,non-overlap-patch-block-hamiltonian,4,11,0.01,64,2000,True,plus,True,False,0.43580913316844544,0.7957317073170732,0.420626565746615,0.8070818070818071,0.8170731707317073,1484.4512195121952,,61.683825731277466,,436,8,256,457b0468ba5f023a4a9f38816dbca0899481d04d,False
complete,synthetic,synthetic-singular__synthetic__non-overlap-patch-block-hamiltonian__L4__lr0.01__bs64__seed12,results/runs/synthetic/synthetic-singular__synthetic__non-overlap-patch-block-hamiltonian__L4__lr0.01__bs64__seed12_seed12,synthetic-singular,synthetic,non-overlap-patch-block-hamiltonian,4,12,0.01,64,2000,True,plus,True,False,0.41674543910841205,0.8109756097560976,0.40419354305435207,0.8168498168498168,0.8140243902439024,1508.2317073170734,,60.94579887390137,,436,8,256,457b0468ba5f023a4a9f38816dbca0899481d04d,False
complete,synthetic,synthetic-singular__synthetic__non-overlap-patch-block-hamiltonian__L4__lr0.01__bs64__seed13,results/runs/synthetic/synthetic-singular__synthetic__non-overlap-patch-block-hamiltonian__L4__lr0.01__bs64__seed13_seed13,synthetic-singular,synthetic,non-overlap-patch-block-hamiltonian,4,13,0.01,64,2000,True,plus,True,False,0.41718069081619674,0.8109756097560976,0.4117262579798375,0.8278388278388278,0.8170731707317073,1499.84756097561,,60.26856327056885,,436,8,256,457b0468ba5f023a4a9f38816dbca0899481d04d,False
complete,synthetic,synthetic-singular__synthetic__non-overlap-patch-block-hamiltonian__L4__lr0.01__bs64__seed14,results/runs/synthetic/synthetic-singular__synthetic__non-overlap-patch-block-hamiltonian__L4__lr0.01__bs64__seed14_seed14,synthetic-singular,synthetic,non-overlap-patch-block-hamiltonian,4,14,0.01,64,2000,True,plus,True,False,0.4166947640972454,0.8323170731707317,0.415028369606551,0.8485958485958486,0.8384146341463414,1517.378048780488,,62.18239498138428,,436,8,256,457b0468ba5f023a4a9f38816dbca0899481d04d,False
complete,synthetic,synthetic-singular__synthetic__non-overlap-patch-block-hamiltonian__L4__lr0.01__bs64__seed15,results/runs/synthetic/synthetic-singular__synthetic__non-overlap-patch-block-hamiltonian__L4__lr0.01__bs64__seed15_seed15,synthetic-singular,synthetic,non-overlap-patch-block-hamiltonian,4,15,0.01,64,2000,True,plus,True,False,0.43062528783040943,0.8170731707317073,0.4252676527274566,0.8290598290598291,0.823170731707317,1495.4268292682927,,61.40680932998657,,436,8,256,457b0468ba5f023a4a9f38816dbca0899481d04d,False
complete,synthetic,synthetic-singular__synthetic__non-overlap-patch-block-hamiltonian__L4__lr0.01__bs64__seed16,results/runs/synthetic/synthetic-singular__synthetic__non-overlap-patch-block-hamiltonian__L4__lr0.01__bs64__seed16_seed16,synthetic-singular,synthetic,non-overlap-patch-block-hamiltonian,4,16,0.01,64,2000,True,plus,True,False,0.41867538553026457,0.8170731707317073,0.41474782974070556,0.8278388278388278,0.823170731707317,1481.8597560975609,,63.82440662384033,,436,8,256,457b0468ba5f023a4a9f38816dbca0899481d04d,False
complete,synthetic,synthetic-singular__synthetic__non-overlap-patch-block-hamiltonian__L4__lr0.01__bs64__seed17,results/runs/synthetic/synthetic-singular__synthetic__non-overlap-patch-block-hamiltonian__L4__lr0.01__bs64__seed17_seed17,synthetic-singular,synthetic,non-overlap-patch-block-hamiltonian,4,17,0.01,64,2000,True,plus,True,False,0.4261012440498297,0.7957317073170732,0.42454862390403775,0.8278388278388278,0.8048780487804879,1472.1036585365855,,61.82398009300232,,436,8,256,457b0468ba5f023a4a9f38816dbca0899481d04d,False
complete,synthetic,synthetic-singular__synthetic__non-overlap-patch-block-hamiltonian__L4__lr0.01__bs64__seed18,results/runs/synthetic/synthetic-singular__synthetic__non-overlap-patch-block-hamiltonian__L4__lr0.01__bs64__seed18_seed18,synthetic-singular,synthetic,non-overlap-patch-block-hamiltonian,4,18,0.01,64,2000,True,plus,True,False,0.4096964274706901,0.8292682926829268,0.41233057480491936,0.8327228327228328,0.8353658536585366,1526.9817073170732,,63.1913537979126,,436,8,256,457b0468ba5f023a4a9f38816dbca0899481d04d,False
complete,synthetic,synthetic-singular__synthetic__non-overlap-patch-block-hamiltonian__L4__lr0.01__bs64__seed19,results/runs/synthetic/synthetic-singular__synthetic__non-overlap-patch-block-hamiltonian__L4__lr0.01__bs64__seed19_seed19,synthetic-singular,synthetic,non-overlap-patch-block-hamiltonian,4,19,0.01,64,2000,True,plus,True,False,0.41821289429330505,0.8048780487804879,0.4047971165428166,0.8363858363858364,0.8353658536585366,1508.5365853658536,,60.28637409210205,,436,8,256,457b0468ba5f023a4a9f38816dbca0899481d04d,False
complete,synthetic,synthetic-singular__synthetic__non-overlap-patch-block-hamiltonian__L4__lr0.01__bs64__seed1,results/runs/synthetic/synthetic-singular__synthetic__non-overlap-patch-block-hamiltonian__L4__lr0.01__bs64__seed1_seed1,synthetic-singular,synthetic,non-overlap-patch-block-hamiltonian,4,1,0.01,64,2000,True,plus,True,False,0.41352716059955746,0.8292682926829268,0.4080546033101943,0.8351648351648352,0.8384146341463414,1516.1585365853655,,60.47196888923645,,436,8,256,457b0468ba5f023a4a9f38816dbca0899481d04d,False
complete,synthetic,synthetic-singular__synthetic__non-overlap-patch-block-hamiltonian__L4__lr0.01__bs64__seed2,results/runs/synthetic/synthetic-singular__synthetic__non-overlap-patch-block-hamiltonian__L4__lr0.01__bs64__seed2_seed2,synthetic-singular,synthetic,non-overlap-patch-block-hamiltonian,4,2,0.01,64,2000,True,plus,True,False,0.41603874187382334,0.8079268292682927,0.409830959277135,0.8229548229548229,0.8109756097560976,1487.0426829268292,,61.957175970077515,,436,8,256,457b0468ba5f023a4a9f38816dbca0899481d04d,False
complete,synthetic,synthetic-singular__synthetic__non-overlap-patch-block-hamiltonian__L4__lr0.01__bs64__seed3,results/runs/synthetic/synthetic-singular__synthetic__non-overlap-patch-block-hamiltonian__L4__lr0.01__bs64__seed3_seed3,synthetic-singular,synthetic,non-overlap-patch-block-hamiltonian,4,3,0.01,64,2000,True,plus,True,False,0.40942691846101603,0.7957317073170732,0.40257533948824326,0.8241758241758241,0.823170731707317,1516.310975609756,,65.03555035591125,,436,8,256,457b0468ba5f023a4a9f38816dbca0899481d04d,False
complete,synthetic,synthetic-singular__synthetic__non-overlap-patch-block-hamiltonian__L4__lr0.01__bs64__seed4,results/runs/synthetic/synthetic-singular__synthetic__non-overlap-patch-block-hamiltonian__L4__lr0.01__bs64__seed4_seed4,synthetic-singular,synthetic,non-overlap-patch-block-hamiltonian,4,4,0.01,64,2000,True,plus,True,False,0.40902322030943145,0.801829268292683,0.40503884278998387,0.8192918192918193,0.8140243902439024,1485.3658536585365,,62.21793508529663,,436,8,256,457b0468ba5f023a4a9f38816dbca0899481d04d,False
complete,synthetic,synthetic-singular__synthetic__non-overlap-patch-block-hamiltonian__L4__lr0.01__bs64__seed5,results/runs/synthetic/synthetic-singular__synthetic__non-overlap-patch-block-hamiltonian__L4__lr0.01__bs64__seed5_seed5,synthetic-singular,synthetic,non-overlap-patch-block-hamiltonian,4,5,0.01,64,2000,True,plus,True,False,0.4193607367791095,0.7957317073170732,0.41148436459043247,0.8241758241758241,0.8201219512195121,1487.65243902439,,62.32480192184448,,436,8,256,457b0468ba5f023a4a9f38816dbca0899481d04d,False
complete,synthetic,synthetic-singular__synthetic__non-overlap-patch-block-hamiltonian__L4__lr0.01__bs64__seed6,results/runs/synthetic/synthetic-singular__synthetic__non-overlap-patch-block-hamiltonian__L4__lr0.01__bs64__seed6_seed6,synthetic-singular,synthetic,non-overlap-patch-block-hamiltonian,4,6,0.01,64,2000,True,plus,True,False,0.4230135887413499,0.7987804878048781,0.41163184062371644,0.818070818070818,0.823170731707317,1507.3170731707316,,60.90682411193848,,436,8,256,457b0468ba5f023a4a9f38816dbca0899481d04d,False
complete,synthetic,synthetic-singular__synthetic__non-overlap-patch-block-hamiltonian__L4__lr0.01__bs64__seed7,results/runs/synthetic/synthetic-singular__synthetic__non-overlap-patch-block-hamiltonian__L4__lr0.01__bs64__seed7_seed7,synthetic-singular,synthetic,non-overlap-patch-block-hamiltonian,4,7,0.01,64,2000,True,plus,True,False,0.4140327293692519,0.801829268292683,0.4141093043906449,0.8241758241758241,0.8140243902439024,1455.1829268292684,,63.459994316101074,,436,8,256,457b0468ba5f023a4a9f38816dbca0899481d04d,False
complete,synthetic,synthetic-singular__synthetic__non-overlap-patch-block-hamiltonian__L4__lr0.01__bs64__seed8,results/runs/synthetic/synthetic-singular__synthetic__non-overlap-patch-block-hamiltonian__L4__lr0.01__bs64__seed8_seed8,synthetic-singular,synthetic,non-overlap-patch-block-hamiltonian,4,8,0.01,64,2000,True,plus,True,False,0.41014768012132974,0.8079268292682927,0.4083189330094401,0.8168498168498168,0.8170731707317073,1506.4024390243906,,65.44638299942017,,436,8,256,457b0468ba5f023a4a9f38816dbca0899481d04d,False
complete,synthetic,synthetic-singular__synthetic__non-overlap-patch-block-hamiltonian__L4__lr0.01__bs64__seed9,results/runs/synthetic/synthetic-singular__synthetic__non-overlap-patch-block-hamiltonian__L4__lr0.01__bs64__seed9_seed9,synthetic-singular,synthetic,non-overlap-patch-block-hamiltonian,4,9,0.01,64,2000,True,plus,True,False,0.3755459542599802,0.8414634146341463,0.38346164083963263,0.851037851037851,0.8445121951219512,1536.128048780488,,62.46280574798584,,436,8,256,457b0468ba5f023a4a9f38816dbca0899481d04d,False
complete,synthetic,synthetic-singular__synthetic__non-overlap-patch-block-hamiltonian__L8__lr0.01__bs64__seed0,results/runs/synthetic/synthetic-singular__synthetic__non-overlap-patch-block-hamiltonian__L8__lr0.01__bs64__seed0_seed0,synthetic-singular,synthetic,non-overlap-patch-block-hamiltonian,8,0,0.01,64,2000,True,plus,True,False,0.36672555365009596,0.8475609756097561,0.3712622702370314,0.8498168498168498,0.8628048780487805,1580.030487804878,,113.57385993003845,,872,8,256,457b0468ba5f023a4a9f38816dbca0899481d04d,False
complete,synthetic,synthetic-singular__synthetic__non-overlap-patch-block-hamiltonian__L8__lr0.01__bs64__seed10,results/runs/synthetic/synthetic-singular__synthetic__non-overlap-patch-block-hamiltonian__L8__lr0.01__bs64__seed10_seed10,synthetic-singular,synthetic,non-overlap-patch-block-hamiltonian,8,10,0.01,64,2000,True,plus,True,False,0.36366398801975686,0.8871951219512195,0.35857247781674095,0.8925518925518926,0.8871951219512195,1538.2621951219512,,112.76216340065002,,872,8,256,457b0468ba5f023a4a9f38816dbca0899481d04d,False
complete,synthetic,synthetic-singular__synthetic__non-overlap-patch-block-hamiltonian__L8__lr0.01__bs64__seed11,results/runs/synthetic/synthetic-singular__synthetic__non-overlap-patch-block-hamiltonian__L8__lr0.01__bs64__seed11_seed11,synthetic-singular,synthetic,non-overlap-patch-block-hamiltonian,8,11,0.01,64,2000,True,plus,True,False,0.3661946156816028,0.8414634146341463,0.3676899814427102,0.8534798534798534,0.875,1498.0182926829266,,112.09272766113281,,872,8,256,457b0468ba5f023a4a9f38816dbca0899481d04d,False
complete,synthetic,synthetic-singular__synthetic__non-overlap-patch-block-hamiltonian__L8__lr0.01__bs64__seed12,results/runs/synthetic/synthetic-singular__synthetic__non-overlap-patch-block-hamiltonian__L8__lr0.01__bs64__seed12_seed12,synthetic-singular,synthetic,non-overlap-patch-block-hamiltonian,8,12,0.01,64,2000,True,plus,True,False,0.35652206868468317,0.850609756097561,0.35165436978822584,0.873015873015873,0.8628048780487805,1540.5487804878048,,113.0992784500122,,872,8,256,457b0468ba5f023a4a9f38816dbca0899481d04d,False
complete,synthetic,synthetic-singular__synthetic__non-overlap-patch-block-hamiltonian__L8__lr0.01__bs64__seed13,results/runs/synthetic/synthetic-singular__synthetic__non-overlap-patch-block-hamiltonian__L8__lr0.01__bs64__seed13_seed13,synthetic-singular,synthetic,non-overlap-patch-block-hamiltonian,8,13,0.01,64,2000,True,plus,True,False,0.3828838412731536,0.8689024390243902,0.37767550385612714,0.8681318681318682,0.8689024390243902,1566.4634146341457,,113.42916417121887,,872,8,256,457b0468ba5f023a4a9f38816dbca0899481d04d,False
complete,synthetic,synthetic-singular__synthetic__non-overlap-patch-block-hamiltonian__L8__lr0.01__bs64__seed14,results/runs/synthetic/synthetic-singular__synthetic__non-overlap-patch-block-hamiltonian__L8__lr0.01__bs64__seed14_seed14,synthetic-singular,synthetic,non-overlap-patch-block-hamiltonian,8,14,0.01,64,2000,True,plus,True,False,0.32873280970532726,0.8841463414634146,0.34312248217189656,0.8791208791208791,0.8841463414634146,1604.8780487804875,,112.2574245929718,,872,8,256,457b0468ba5f023a4a9f38816dbca0899481d04d,False
complete,synthetic,synthetic-singular__synthetic__non-overlap-patch-block-hamiltonian__L8__lr0.01__bs64__seed15,results/runs/synthetic/synthetic-singular__synthetic__non-overlap-patch-block-hamiltonian__L8__lr0.01__bs64__seed15_seed15,synthetic-singular,synthetic,non-overlap-patch-block-hamiltonian,8,15,0.01,64,2000,True,plus,True,False,0.394132492311434,0.8323170731707317,0.38556331789884357,0.8595848595848596,0.8445121951219512,1534.4512195121952,,112.74220705032349,,872,8,256,457b0468ba5f023a4a9f38816dbca0899481d04d,False
complete,synthetic,synthetic-singular__synthetic__non-overlap-patch-block-hamiltonian__L8__lr0.01__bs64__seed16,results/runs/synthetic/synthetic-singular__synthetic__non-overlap-patch-block-hamiltonian__L8__lr0.01__bs64__seed16_seed16,synthetic-singular,synthetic,non-overlap-patch-block-hamiltonian,8,16,0.01,64,2000,True,plus,True,False,0.38448627773416166,0.875,0.37489938247308374,0.894993894993895,0.875,1536.280487804878,,112.95381927490234,,872,8,256,457b0468ba5f023a4a9f38816dbca0899481d04d,False
complete,synthetic,synthetic-singular__synthetic__non-overlap-patch-block-hamiltonian__L8__lr0.01__bs64__seed17,results/runs/synthetic/synthetic-singular__synthetic__non-overlap-patch-block-hamiltonian__L8__lr0.01__bs64__seed17_seed17,synthetic-singular,synthetic,non-overlap-patch-block-hamiltonian,8,17,0.01,64,2000,True,plus,True,False,0.3946596320317905,0.8140243902439024,0.3857092835171862,0.8266178266178266,0.8353658536585366,1536.8902439024391,,111.32166719436646,,872,8,256,457b0468ba5f023a4a9f38816dbca0899481d04d,False
complete,synthetic,synthetic-singular__synthetic__non-overlap-patch-block-hamiltonian__L8__lr0.01__bs64__seed18,results/runs/synthetic/synthetic-singular__synthetic__non-overlap-patch-block-hamiltonian__L8__lr0.01__bs64__seed18_seed18,synthetic-singular,synthetic,non-overlap-patch-block-hamiltonian,8,18,0.01,64,2000,True,plus,True,False,0.3855872472813834,0.8536585365853658,0.3782546284110857,0.8534798534798534,0.8536585365853658,1505.792682926829,,112.98803281784058,,872,8,256,457b0468ba5f023a4a9f38816dbca0899481d04d,False
complete,synthetic,synthetic-singular__synthetic__non-overlap-patch-block-hamiltonian__L8__lr0.01__bs64__seed19,results/runs/synthetic/synthetic-singular__synthetic__non-overlap-patch-block-hamiltonian__L8__lr0.01__bs64__seed19_seed19,synthetic-singular,synthetic,non-overlap-patch-block-hamiltonian,8,19,0.01,64,2000,True,plus,True,False,0.34083267199702005,0.8810975609756098,0.34350189439420076,0.8742368742368742,0.8871951219512195,1583.9939024390244,,113.41770672798157,,872,8,256,457b0468ba5f023a4a9f38816dbca0899481d04d,False
complete,synthetic,synthetic-singular__synthetic__non-overlap-patch-block-hamiltonian__L8__lr0.01__bs64__seed1,results/runs/synthetic/synthetic-singular__synthetic__non-overlap-patch-block-hamiltonian__L8__lr0.01__bs64__seed1_seed1,synthetic-singular,synthetic,non-overlap-patch-block-hamiltonian,8,1,0.01,64,2000,True,plus,True,False,0.39088447147173505,0.8140243902439024,0.3818366666631502,0.8498168498168498,0.8323170731707317,1526.8292682926829,,115.06350016593933,,872,8,256,457b0468ba5f023a4a9f38816dbca0899481d04d,False
complete,synthetic,synthetic-singular__synthetic__non-overlap-patch-block-hamiltonian__L8__lr0.01__bs64__seed2,results/runs/synthetic/synthetic-singular__synthetic__non-overlap-patch-block-hamiltonian__L8__lr0.01__bs64__seed2_seed2,synthetic-singular,synthetic,non-overlap-patch-block-hamiltonian,8,2,0.01,64,2000,True,plus,True,False,0.4024968063050223,0.8140243902439024,0.37750703060275287,0.8547008547008547,0.8170731707317073,1508.3841463414635,,113.45428276062012,,872,8,256,457b0468ba5f023a4a9f38816dbca0899481d04d,False
complete,synthetic,synthetic-singular__synthetic__non-overlap-patch-block-hamiltonian__L8__lr0.01__bs64__seed3,results/runs/synthetic/synthetic-singular__synthetic__non-overlap-patch-block-hamiltonian__L8__lr0.01__bs64__seed3_seed3,synthetic-singular,synthetic,non-overlap-patch-block-hamiltonian,8,3,0.01,64,2000,True,plus,True,False,0.35115002995241656,0.8628048780487805,0.3722747119983476,0.851037851037851,0.8841463414634146,1564.0243902439024,,111.67418670654297,,872,8,256,457b0468ba5f023a4a9f38816dbca0899481d04d,False
complete,synthetic,synthetic-singular__synthetic__non-overlap-patch-block-hamiltonian__L8__lr0.01__bs64__seed4,results/runs/synthetic/synthetic-singular__synthetic__non-overlap-patch-block-hamiltonian__L8__lr0.01__bs64__seed4_seed4,synthetic-singular,synthetic,non-overlap-patch-block-hamiltonian,8,4,0.01,64,2000,True,plus,True,False,0.3914443527395264,0.8201219512195121,0.3903674665151368,0.8217338217338217,0.8292682926829268,1519.207317073171,,113.36192846298218,,872,8,256,457b0468ba5f023a4a9f38816dbca0899481d04d,False
complete,synthetic,synthetic-singular__synthetic__non-overlap-patch-block-hamiltonian__L8__lr0.01__bs64__seed5,results/runs/synthetic/synthetic-singular__synthetic__non-overlap-patch-block-hamiltonian__L8__lr0.01__bs64__seed5_seed5,synthetic-singular,synthetic,non-overlap-patch-block-hamiltonian,8,5,0.01,64,2000,True,plus,True,False,0.3945521653239365,0.850609756097561,0.39290737106313994,0.8778998778998779,0.8567073170731707,1501.3719512195123,,110.62885427474976,,872,8,256,457b0468ba5f023a4a9f38816dbca0899481d04d,False
complete,synthetic,synthetic-singular__synthetic__non-overlap-patch-block-hamiltonian__L8__lr0.01__bs64__seed6,results/runs/synthetic/synthetic-singular__synthetic__non-overlap-patch-block-hamiltonian__L8__lr0.01__bs64__seed6_seed6,synthetic-singular,synthetic,non-overlap-patch-block-hamiltonian,8,6,0.01,64,2000,True,plus,True,False,0.42289584465355184,0.801829268292683,0.41175428918434115,0.8229548229548229,0.8170731707317073,1508.841463414634,,113.36116695404053,,872,8,256,457b0468ba5f023a4a9f38816dbca0899481d04d,False
complete,synthetic,synthetic-singular__synthetic__non-overlap-patch-block-hamiltonian__L8__lr0.01__bs64__seed7,results/runs/synthetic/synthetic-singular__synthetic__non-overlap-patch-block-hamiltonian__L8__lr0.01__bs64__seed7_seed7,synthetic-singular,synthetic,non-overlap-patch-block-hamiltonian,8,7,0.01,64,2000,True,plus,True,False,0.36521862485905376,0.8536585365853658,0.3630205657229523,0.8681318681318682,0.8689024390243902,1576.9817073170734,,112.57660698890686,,872,8,256,457b0468ba5f023a4a9f38816dbca0899481d04d,False
complete,synthetic,synthetic-singular__synthetic__non-overlap-patch-block-hamiltonian__L8__lr0.01__bs64__seed8,results/runs/synthetic/synthetic-singular__synthetic__non-overlap-patch-block-hamiltonian__L8__lr0.01__bs64__seed8_seed8,synthetic-singular,synthetic,non-overlap-patch-block-hamiltonian,8,8,0.01,64,2000,True,plus,True,False,0.37575973250822575,0.8597560975609756,0.3868283915733642,0.8644688644688645,0.8628048780487805,1517.2256097560976,,113.62870597839355,,872,8,256,457b0468ba5f023a4a9f38816dbca0899481d04d,False
complete,synthetic,synthetic-singular__synthetic__non-overlap-patch-block-hamiltonian__L8__lr0.01__bs64__seed9,results/runs/synthetic/synthetic-singular__synthetic__non-overlap-patch-block-hamiltonian__L8__lr0.01__bs64__seed9_seed9,synthetic-singular,synthetic,non-overlap-patch-block-hamiltonian,8,9,0.01,64,2000,True,plus,True,False,0.3774392074856307,0.8567073170731707,0.3783680727817707,0.8791208791208791,0.8628048780487805,1505.3353658536587,,115.86515688896179,,872,8,256,457b0468ba5f023a4a9f38816dbca0899481d04d,False
complete,synthetic,synthetic-singular__synthetic__patch-su4__L16__lr0.01__bs64__seed0,results/runs/synthetic/synthetic-singular__synthetic__patch-su4__L16__lr0.01__bs64__seed0_seed0,synthetic-singular,synthetic,patch-su4,16,0,0.01,64,2000,True,plus,True,False,0.6196757665056764,0.6371951219512195,0.6084322359567215,0.6581196581196581,0.6707317073170732,1216.1585365853657,,244.2169966697693,,1680,8,256,5d760ef42d71a06acce4efdc9ed931be057f16a6,False
complete,synthetic,synthetic-singular__synthetic__patch-su4__L16__lr0.01__bs64__seed10,results/runs/synthetic/synthetic-singular__synthetic__patch-su4__L16__lr0.01__bs64__seed10_seed10,synthetic-singular,synthetic,patch-su4,16,10,0.01,64,2000,True,plus,True,False,0.5746795992816879,0.6890243902439024,0.5656743881725457,0.6886446886446886,0.6890243902439024,1248.9329268292681,,319.1950168609619,,1680,8,256,5d760ef42d71a06acce4efdc9ed931be057f16a6,False
complete,synthetic,synthetic-singular__synthetic__patch-su4__L16__lr0.01__bs64__seed11,results/runs/synthetic/synthetic-singular__synthetic__patch-su4__L16__lr0.01__bs64__seed11_seed11,synthetic-singular,synthetic,patch-su4,16,11,0.01,64,2000,True,plus,True,False,0.6044830161541923,0.6524390243902439,0.6334597959878808,0.6288156288156288,0.6646341463414634,1209.9085365853662,,382.46964955329895,,1680,8,256,5d760ef42d71a06acce4efdc9ed931be057f16a6,False
complete,synthetic,synthetic-singular__synthetic__patch-su4__L16__lr0.01__bs64__seed12,results/runs/synthetic/synthetic-singular__synthetic__patch-su4__L16__lr0.01__bs64__seed12_seed12,synthetic-singular,synthetic,patch-su4,16,12,0.01,64,2000,True,plus,True,False,0.6028210958312213,0.6554878048780488,0.5795050260379203,0.6800976800976801,0.6829268292682927,1198.780487804878,,281.40061831474304,,1680,8,256,5d760ef42d71a06acce4efdc9ed931be057f16a6,False
complete,synthetic,synthetic-singular__synthetic__patch-su4__L16__lr0.01__bs64__seed13,results/runs/synthetic/synthetic-singular__synthetic__patch-su4__L16__lr0.01__bs64__seed13_seed13,synthetic-singular,synthetic,patch-su4,16,13,0.01,64,2000,True,plus,True,False,0.6156048981031522,0.6432926829268293,0.6181216905152119,0.6507936507936508,0.6859756097560976,1239.1768292682927,,385.3303527832031,,1680,8,256,5d760ef42d71a06acce4efdc9ed931be057f16a6,False
complete,synthetic,synthetic-singular__synthetic__patch-su4__L16__lr0.01__bs64__seed14,results/runs/synthetic/synthetic-singular__synthetic__patch-su4__L16__lr0.01__bs64__seed14_seed14,synthetic-singular,synthetic,patch-su4,16,14,0.01,64,2000,True,plus,True,False,0.6122346350530034,0.6432926829268293,0.620307287893216,0.6385836385836385,0.676829268292683,1190.2439024390242,,399.8802809715271,,1680,8,256,5d760ef42d71a06acce4efdc9ed931be057f16a6,False
complete,synthetic,synthetic-singular__synthetic__patch-su4__L16__lr0.01__bs64__seed15,results/runs/synthetic/synthetic-singular__synthetic__patch-su4__L16__lr0.01__bs64__seed15_seed15,synthetic-singular,synthetic,patch-su4,16,15,0.01,64,2000,True,plus,True,False,0.5825918684702045,0.6585365853658537,0.573287684734888,0.6825396825396826,0.7042682926829268,1260.3658536585367,,403.09118270874023,,1680,8,256,5d760ef42d71a06acce4efdc9ed931be057f16a6,False
complete,synthetic,synthetic-singular__synthetic__patch-su4__L16__lr0.01__bs64__seed16,results/runs/synthetic/synthetic-singular__synthetic__patch-su4__L16__lr0.01__bs64__seed16_seed16,synthetic-singular,synthetic,patch-su4,16,16,0.01,64,2000,True,plus,True,False,0.6164716646837617,0.6280487804878049,0.5954860430765846,0.6483516483516484,0.6737804878048781,1195.1219512195123,,398.8762512207031,,1680,8,256,5d760ef42d71a06acce4efdc9ed931be057f16a6,False
complete,synthetic,synthetic-singular__synthetic__patch-su4__L16__lr0.01__bs64__seed17,results/runs/synthetic/synthetic-singular__synthetic__patch-su4__L16__lr0.01__bs64__seed17_seed17,synthetic-singular,synthetic,patch-su4,16,17,0.01,64,2000,True,plus,True,False,0.601240914648435,0.6737804878048781,0.6024213457866254,0.6605616605616605,0.7073170731707317,1220.2743902439024,,367.585725069046,,1680,8,256,5d760ef42d71a06acce4efdc9ed931be057f16a6,False
complete,synthetic,synthetic-singular__synthetic__patch-su4__L16__lr0.01__bs64__seed18,results/runs/synthetic/synthetic-singular__synthetic__patch-su4__L16__lr0.01__bs64__seed18_seed18,synthetic-singular,synthetic,patch-su4,16,18,0.01,64,2000,True,plus,True,False,0.5897272078946683,0.6554878048780488,0.5937480287247805,0.6764346764346765,0.6798780487804879,1221.9512195121952,,383.0380952358246,,1680,8,256,5d760ef42d71a06acce4efdc9ed931be057f16a6,False
complete,synthetic,synthetic-singular__synthetic__patch-su4__L16__lr0.01__bs64__seed19,results/runs/synthetic/synthetic-singular__synthetic__patch-su4__L16__lr0.01__bs64__seed19_seed19,synthetic-singular,synthetic,patch-su4,16,19,0.01,64,2000,True,plus,True,False,0.6400967669921411,0.6158536585365854,0.6094157289000174,0.652014652014652,0.6646341463414634,1201.0670731707319,,254.5676167011261,,1680,8,256,457b0468ba5f023a4a9f38816dbca0899481d04d,False
complete,synthetic,synthetic-singular__synthetic__patch-su4__L16__lr0.01__bs64__seed1,results/runs/synthetic/synthetic-singular__synthetic__patch-su4__L16__lr0.01__bs64__seed1_seed1,synthetic-singular,synthetic,patch-su4,16,1,0.01,64,2000,True,plus,True,False,0.62513288402765,0.6341463414634146,0.6084350740969606,0.6483516483516484,0.676829268292683,1208.0792682926829,,276.7109475135803,,1680,8,256,5d760ef42d71a06acce4efdc9ed931be057f16a6,False
complete,synthetic,synthetic-singular__synthetic__patch-su4__L16__lr0.01__bs64__seed2,results/runs/synthetic/synthetic-singular__synthetic__patch-su4__L16__lr0.01__bs64__seed2_seed2,synthetic-singular,synthetic,patch-su4,16,2,0.01,64,2000,True,plus,True,False,0.586337581284966,0.6951219512195121,0.6016587396294225,0.6642246642246642,0.7042682926829268,1240.091463414634,,251.37566542625427,,1680,8,256,457b0468ba5f023a4a9f38816dbca0899481d04d,False
complete,synthetic,synthetic-singular__synthetic__patch-su4__L16__lr0.01__bs64__seed3,results/runs/synthetic/synthetic-singular__synthetic__patch-su4__L16__lr0.01__bs64__seed3_seed3,synthetic-singular,synthetic,patch-su4,16,3,0.01,64,2000,True,plus,True,False,0.5982443105855622,0.6371951219512195,0.5990129812230558,0.6556776556776557,0.6859756097560976,1232.6219512195123,,255.9319622516632,,1680,8,256,457b0468ba5f023a4a9f38816dbca0899481d04d,False
complete,synthetic,synthetic-singular__synthetic__patch-su4__L16__lr0.01__bs64__seed4,results/runs/synthetic/synthetic-singular__synthetic__patch-su4__L16__lr0.01__bs64__seed4_seed4,synthetic-singular,synthetic,patch-su4,16,4,0.01,64,2000,True,plus,True,False,0.6085109570773923,0.6432926829268293,0.594540723586736,0.6703296703296703,0.6707317073170732,1223.3231707317073,,252.91679501533508,,1680,8,256,457b0468ba5f023a4a9f38816dbca0899481d04d,False
complete,synthetic,synthetic-singular__synthetic__patch-su4__L16__lr0.01__bs64__seed5,results/runs/synthetic/synthetic-singular__synthetic__patch-su4__L16__lr0.01__bs64__seed5_seed5,synthetic-singular,synthetic,patch-su4,16,5,0.01,64,2000,True,plus,True,False,0.5942607184898628,0.6676829268292683,0.5851188794693687,0.6691086691086691,0.6890243902439024,1231.0975609756101,,253.49234461784363,,1680,8,256,457b0468ba5f023a4a9f38816dbca0899481d04d,False
complete,synthetic,synthetic-singular__synthetic__patch-su4__L16__lr0.01__bs64__seed6,results/runs/synthetic/synthetic-singular__synthetic__patch-su4__L16__lr0.01__bs64__seed6_seed6,synthetic-singular,synthetic,patch-su4,16,6,0.01,64,2000,True,plus,True,False,0.6114337014101744,0.6310975609756098,0.617801721635898,0.6434676434676435,0.6829268292682927,1247.4085365853662,,249.11839628219604,,1680,8,256,457b0468ba5f023a4a9f38816dbca0899481d04d,False
complete,synthetic,synthetic-singular__synthetic__patch-su4__L16__lr0.01__bs64__seed7,results/runs/synthetic/synthetic-singular__synthetic__patch-su4__L16__lr0.01__bs64__seed7_seed7,synthetic-singular,synthetic,patch-su4,16,7,0.01,64,2000,True,plus,True,False,0.6076393789447521,0.6189024390243902,0.6036297132716021,0.645909645909646,0.6707317073170732,1201.9817073170734,,248.90228986740112,,1680,8,256,457b0468ba5f023a4a9f38816dbca0899481d04d,False
complete,synthetic,synthetic-singular__synthetic__patch-su4__L16__lr0.01__bs64__seed8,results/runs/synthetic/synthetic-singular__synthetic__patch-su4__L16__lr0.01__bs64__seed8_seed8,synthetic-singular,synthetic,patch-su4,16,8,0.01,64,2000,True,plus,True,False,0.5879686622454422,0.6859756097560976,0.6127715393744528,0.6593406593406593,0.6920731707317073,1231.4024390243903,,242.28599500656128,,1680,8,256,457b0468ba5f023a4a9f38816dbca0899481d04d,False
complete,synthetic,synthetic-singular__synthetic__patch-su4__L16__lr0.01__bs64__seed9,results/runs/synthetic/synthetic-singular__synthetic__patch-su4__L16__lr0.01__bs64__seed9_seed9,synthetic-singular,synthetic,patch-su4,16,9,0.01,64,2000,True,plus,True,False,0.5743675990194084,0.6615853658536586,0.6051670401952871,0.6507936507936508,0.6829268292682927,1246.9512195121952,,244.765784740448,,1680,8,256,457b0468ba5f023a4a9f38816dbca0899481d04d,False
complete,synthetic,synthetic-singular__synthetic__patch-su4__L1__lr0.01__bs64__seed0,results/runs/synthetic/synthetic-singular__synthetic__patch-su4__L1__lr0.01__bs64__seed0_seed0,synthetic-singular,synthetic,patch-su4,1,0,0.01,64,2000,True,plus,True,False,0.5527723374303483,0.7042682926829268,0.5186794044629813,0.7387057387057387,0.7225609756097561,1336.280487804878,,25.212936401367188,,105,8,256,457b0468ba5f023a4a9f38816dbca0899481d04d,False
complete,synthetic,synthetic-singular__synthetic__patch-su4__L1__lr0.01__bs64__seed10,results/runs/synthetic/synthetic-singular__synthetic__patch-su4__L1__lr0.01__bs64__seed10_seed10,synthetic-singular,synthetic,patch-su4,1,10,0.01,64,2000,True,plus,True,False,0.5560489659228222,0.698170731707317,0.5166631965540722,0.7435897435897436,0.7134146341463414,1331.5548780487807,,22.95271944999695,,105,8,256,457b0468ba5f023a4a9f38816dbca0899481d04d,False
complete,synthetic,synthetic-singular__synthetic__patch-su4__L1__lr0.01__bs64__seed11,results/runs/synthetic/synthetic-singular__synthetic__patch-su4__L1__lr0.01__bs64__seed11_seed11,synthetic-singular,synthetic,patch-su4,1,11,0.01,64,2000,True,plus,True,False,0.5560929160879353,0.7012195121951219,0.517990739253244,0.7411477411477412,0.7164634146341463,1331.8597560975609,,24.67151403427124,,105,8,256,457b0468ba5f023a4a9f38816dbca0899481d04d,False
complete,synthetic,synthetic-singular__synthetic__patch-su4__L1__lr0.01__bs64__seed12,results/runs/synthetic/synthetic-singular__synthetic__patch-su4__L1__lr0.01__bs64__seed12_seed12,synthetic-singular,synthetic,patch-su4,1,12,0.01,64,2000,True,plus,True,False,0.5610484179608901,0.6890243902439024,0.5193099621775263,0.7435897435897436,0.7164634146341463,1326.6768292682927,,24.53511071205139,,105,8,256,457b0468ba5f023a4a9f38816dbca0899481d04d,False
complete,synthetic,synthetic-singular__synthetic__patch-su4__L1__lr0.01__bs64__seed13,results/runs/synthetic/synthetic-singular__synthetic__patch-su4__L1__lr0.01__bs64__seed13_seed13,synthetic-singular,synthetic,patch-su4,1,13,0.01,64,2000,True,plus,True,False,0.5541905794139872,0.6951219512195121,0.5167435427177061,0.7484737484737485,0.7164634146341463,1329.1158536585365,,23.43835997581482,,105,8,256,457b0468ba5f023a4a9f38816dbca0899481d04d,False
complete,synthetic,synthetic-singular__synthetic__patch-su4__L1__lr0.01__bs64__seed14,results/runs/synthetic/synthetic-singular__synthetic__patch-su4__L1__lr0.01__bs64__seed14_seed14,synthetic-singular,synthetic,patch-su4,1,14,0.01,64,2000,True,plus,True,False,0.5560993224642716,0.7073170731707317,0.5181254503737335,0.7411477411477412,0.7134146341463414,1323.1707317073171,,24.627551078796387,,105,8,256,457b0468ba5f023a4a9f38816dbca0899481d04d,False
complete,synthetic,synthetic-singular__synthetic__patch-su4__L1__lr0.01__bs64__seed15,results/runs/synthetic/synthetic-singular__synthetic__patch-su4__L1__lr0.01__bs64__seed15_seed15,synthetic-singular,synthetic,patch-su4,1,15,0.01,64,2000,True,plus,True,False,0.5609612750211088,0.6951219512195121,0.5194117662895222,0.7313797313797313,0.725609756097561,1334.6036585365855,,25.849820613861084,,105,8,256,457b0468ba5f023a4a9f38816dbca0899481d04d,False
complete,synthetic,synthetic-singular__synthetic__patch-su4__L1__lr0.01__bs64__seed16,results/runs/synthetic/synthetic-singular__synthetic__patch-su4__L1__lr0.01__bs64__seed16_seed16,synthetic-singular,synthetic,patch-su4,1,16,0.01,64,2000,True,plus,True,False,0.5559705209736734,0.7164634146341463,0.5183053073471741,0.7521367521367521,0.7164634146341463,1325.6097560975609,,24.88460898399353,,105,8,256,457b0468ba5f023a4a9f38816dbca0899481d04d,False
complete,synthetic,synthetic-singular__synthetic__patch-su4__L1__lr0.01__bs64__seed17,results/runs/synthetic/synthetic-singular__synthetic__patch-su4__L1__lr0.01__bs64__seed17_seed17,synthetic-singular,synthetic,patch-su4,1,17,0.01,64,2000,True,plus,True,False,0.5526527117492214,0.6951219512195121,0.5182379755299511,0.7472527472527473,0.7225609756097561,1333.384146341463,,24.836456775665283,,105,8,256,457b0468ba5f023a4a9f38816dbca0899481d04d,False
complete,synthetic,synthetic-singular__synthetic__patch-su4__L1__lr0.01__bs64__seed18,results/runs/synthetic/synthetic-singular__synthetic__patch-su4__L1__lr0.01__bs64__seed18_seed18,synthetic-singular,synthetic,patch-su4,1,18,0.01,64,2000,True,plus,True,False,0.5592590822445984,0.6920731707317073,0.5192168082960977,0.7423687423687424,0.7134146341463414,1327.2865853658536,,24.67894196510315,,105,8,256,457b0468ba5f023a4a9f38816dbca0899481d04d,False
complete,synthetic,synthetic-singular__synthetic__patch-su4__L1__lr0.01__bs64__seed19,results/runs/synthetic/synthetic-singular__synthetic__patch-su4__L1__lr0.01__bs64__seed19_seed19,synthetic-singular,synthetic,patch-su4,1,19,0.01,64,2000,True,plus,True,False,0.5548446048625436,0.7103658536585366,0.5175262262257574,0.7472527472527473,0.7134146341463414,1329.268292682927,,24.775498151779175,,105,8,256,457b0468ba5f023a4a9f38816dbca0899481d04d,False
complete,synthetic,synthetic-singular__synthetic__patch-su4__L1__lr0.01__bs64__seed1,results/runs/synthetic/synthetic-singular__synthetic__patch-su4__L1__lr0.01__bs64__seed1_seed1,synthetic-singular,synthetic,patch-su4,1,1,0.01,64,2000,True,plus,True,False,0.5616955909489949,0.6920731707317073,0.5193001086675971,0.7411477411477412,0.7103658536585366,1328.5060975609756,,25.267463445663452,,105,8,256,457b0468ba5f023a4a9f38816dbca0899481d04d,False
complete,synthetic,synthetic-singular__synthetic__patch-su4__L1__lr0.01__bs64__seed2,results/runs/synthetic/synthetic-singular__synthetic__patch-su4__L1__lr0.01__bs64__seed2_seed2,synthetic-singular,synthetic,patch-su4,1,2,0.01,64,2000,True,plus,True,False,0.5580492660437795,0.6951219512195121,0.5175153843181776,0.7484737484737485,0.7134146341463414,1328.048780487805,,22.969243049621582,,105,8,256,457b0468ba5f023a4a9f38816dbca0899481d04d,False
complete,synthetic,synthetic-singular__synthetic__patch-su4__L1__lr0.01__bs64__seed3,results/runs/synthetic/synthetic-singular__synthetic__patch-su4__L1__lr0.01__bs64__seed3_seed3,synthetic-singular,synthetic,patch-su4,1,3,0.01,64,2000,True,plus,True,False,0.5521455116006365,0.7073170731707317,0.5174633326226139,0.7448107448107448,0.7195121951219512,1330.4878048780488,,24.822378396987915,,105,8,256,457b0468ba5f023a4a9f38816dbca0899481d04d,False
complete,synthetic,synthetic-singular__synthetic__patch-su4__L1__lr0.01__bs64__seed4,results/runs/synthetic/synthetic-singular__synthetic__patch-su4__L1__lr0.01__bs64__seed4_seed4,synthetic-singular,synthetic,patch-su4,1,4,0.01,64,2000,True,plus,True,False,0.557494208567475,0.698170731707317,0.5200636795475905,0.7435897435897436,0.7164634146341463,1326.6768292682925,,23.48558473587036,,105,8,256,457b0468ba5f023a4a9f38816dbca0899481d04d,False
complete,synthetic,synthetic-singular__synthetic__patch-su4__L1__lr0.01__bs64__seed5,results/runs/synthetic/synthetic-singular__synthetic__patch-su4__L1__lr0.01__bs64__seed5_seed5,synthetic-singular,synthetic,patch-su4,1,5,0.01,64,2000,True,plus,True,False,0.5554756273166477,0.7103658536585366,0.5174165845295795,0.7509157509157509,0.7103658536585366,1328.5060975609754,,23.535640239715576,,105,8,256,457b0468ba5f023a4a9f38816dbca0899481d04d,False
complete,synthetic,synthetic-singular__synthetic__patch-su4__L1__lr0.01__bs64__seed6,results/runs/synthetic/synthetic-singular__synthetic__patch-su4__L1__lr0.01__bs64__seed6_seed6,synthetic-singular,synthetic,patch-su4,1,6,0.01,64,2000,True,plus,True,False,0.5609931493446927,0.7073170731707317,0.5180849149949258,0.7472527472527473,0.7134146341463414,1331.2499999999998,,24.515347719192505,,105,8,256,457b0468ba5f023a4a9f38816dbca0899481d04d,False
complete,synthetic,synthetic-singular__synthetic__patch-su4__L1__lr0.01__bs64__seed7,results/runs/synthetic/synthetic-singular__synthetic__patch-su4__L1__lr0.01__bs64__seed7_seed7,synthetic-singular,synthetic,patch-su4,1,7,0.01,64,2000,True,plus,True,False,0.5536957111332367,0.7012195121951219,0.5164222281635753,0.7496947496947497,0.7134146341463414,1324.84756097561,,23.242334604263306,,105,8,256,457b0468ba5f023a4a9f38816dbca0899481d04d,False
complete,synthetic,synthetic-singular__synthetic__patch-su4__L1__lr0.01__bs64__seed8,results/runs/synthetic/synthetic-singular__synthetic__patch-su4__L1__lr0.01__bs64__seed8_seed8,synthetic-singular,synthetic,patch-su4,1,8,0.01,64,2000,True,plus,True,False,0.5566177240799884,0.7073170731707317,0.5192654860646267,0.7435897435897436,0.7134146341463414,1332.6219512195119,,24.537605047225952,,105,8,256,457b0468ba5f023a4a9f38816dbca0899481d04d,False
complete,synthetic,synthetic-singular__synthetic__patch-su4__L1__lr0.01__bs64__seed9,results/runs/synthetic/synthetic-singular__synthetic__patch-su4__L1__lr0.01__bs64__seed9_seed9,synthetic-singular,synthetic,patch-su4,1,9,0.01,64,2000,True,plus,True,False,0.5545606003811538,0.7164634146341463,0.5187110073189946,0.7484737484737485,0.7164634146341463,1330.0304878048782,,22.853813648223877,,105,8,256,457b0468ba5f023a4a9f38816dbca0899481d04d,False
complete,synthetic,synthetic-singular__synthetic__patch-su4__L2__lr0.01__bs64__seed0,results/runs/synthetic/synthetic-singular__synthetic__patch-su4__L2__lr0.01__bs64__seed0_seed0,synthetic-singular,synthetic,patch-su4,2,0,0.01,64,2000,True,plus,True,False,0.5085656535345282,0.7439024390243902,0.49403415587485366,0.7606837606837606,0.7835365853658537,1413.2621951219514,,35.89121770858765,,210,8,256,457b0468ba5f023a4a9f38816dbca0899481d04d,False
complete,synthetic,synthetic-singular__synthetic__patch-su4__L2__lr0.01__bs64__seed10,results/runs/synthetic/synthetic-singular__synthetic__patch-su4__L2__lr0.01__bs64__seed10_seed10,synthetic-singular,synthetic,patch-su4,2,10,0.01,64,2000,True,plus,True,False,0.5003507437300699,0.7378048780487805,0.48609639757962414,0.7606837606837606,0.7713414634146342,1412.6524390243903,,33.63597822189331,,210,8,256,457b0468ba5f023a4a9f38816dbca0899481d04d,False
complete,synthetic,synthetic-singular__synthetic__patch-su4__L2__lr0.01__bs64__seed11,results/runs/synthetic/synthetic-singular__synthetic__patch-su4__L2__lr0.01__bs64__seed11_seed11,synthetic-singular,synthetic,patch-su4,2,11,0.01,64,2000,True,plus,True,False,0.5155715390062389,0.75,0.4959299420131247,0.7667887667887668,0.7560975609756098,1410.2134146341464,,33.90583419799805,,210,8,256,457b0468ba5f023a4a9f38816dbca0899481d04d,False
complete,synthetic,synthetic-singular__synthetic__patch-su4__L2__lr0.01__bs64__seed12,results/runs/synthetic/synthetic-singular__synthetic__patch-su4__L2__lr0.01__bs64__seed12_seed12,synthetic-singular,synthetic,patch-su4,2,12,0.01,64,2000,True,plus,True,False,0.5069526113908615,0.75,0.49443604328199,0.746031746031746,0.774390243902439,1414.7865853658539,,35.47025513648987,,210,8,256,457b0468ba5f023a4a9f38816dbca0899481d04d,False
complete,synthetic,synthetic-singular__synthetic__patch-su4__L2__lr0.01__bs64__seed13,results/runs/synthetic/synthetic-singular__synthetic__patch-su4__L2__lr0.01__bs64__seed13_seed13,synthetic-singular,synthetic,patch-su4,2,13,0.01,64,2000,True,plus,True,False,0.5139306797826134,0.7652439024390244,0.49702013207354906,0.7692307692307693,0.7652439024390244,1385.0609756097556,,35.59365391731262,,210,8,256,457b0468ba5f023a4a9f38816dbca0899481d04d,False
complete,synthetic,synthetic-singular__synthetic__patch-su4__L2__lr0.01__bs64__seed14,results/runs/synthetic/synthetic-singular__synthetic__patch-su4__L2__lr0.01__bs64__seed14_seed14,synthetic-singular,synthetic,patch-su4,2,14,0.01,64,2000,True,plus,True,False,0.5059836476377888,0.725609756097561,0.49126118671496216,0.7643467643467643,0.7682926829268293,1397.103658536585,,35.80644726753235,,210,8,256,457b0468ba5f023a4a9f38816dbca0899481d04d,False
complete,synthetic,synthetic-singular__synthetic__patch-su4__L2__lr0.01__bs64__seed15,results/runs/synthetic/synthetic-singular__synthetic__patch-su4__L2__lr0.01__bs64__seed15_seed15,synthetic-singular,synthetic,patch-su4,2,15,0.01,64,2000,True,plus,True,False,0.5150340860117226,0.7408536585365854,0.49548735828269685,0.7533577533577533,0.7682926829268293,1415.2439024390246,,35.847315311431885,,210,8,256,457b0468ba5f023a4a9f38816dbca0899481d04d,False
complete,synthetic,synthetic-singular__synthetic__patch-su4__L2__lr0.01__bs64__seed16,results/runs/synthetic/synthetic-singular__synthetic__patch-su4__L2__lr0.01__bs64__seed16_seed16,synthetic-singular,synthetic,patch-su4,2,16,0.01,64,2000,True,plus,True,False,0.48524303252636164,0.7652439024390244,0.48262871622930614,0.7777777777777778,0.7804878048780488,1421.9512195121952,,35.81097602844238,,210,8,256,457b0468ba5f023a4a9f38816dbca0899481d04d,False
complete,synthetic,synthetic-singular__synthetic__patch-su4__L2__lr0.01__bs64__seed17,results/runs/synthetic/synthetic-singular__synthetic__patch-su4__L2__lr0.01__bs64__seed17_seed17,synthetic-singular,synthetic,patch-su4,2,17,0.01,64,2000,True,plus,True,False,0.5146965552269258,0.75,0.4968974147621944,0.7533577533577533,0.7621951219512195,1417.2256097560978,,35.931981801986694,,210,8,256,457b0468ba5f023a4a9f38816dbca0899481d04d,False
complete,synthetic,synthetic-singular__synthetic__patch-su4__L2__lr0.01__bs64__seed18,results/runs/synthetic/synthetic-singular__synthetic__patch-su4__L2__lr0.01__bs64__seed18_seed18,synthetic-singular,synthetic,patch-su4,2,18,0.01,64,2000,True,plus,True,False,0.5098412315809655,0.725609756097561,0.49585506951830627,0.757020757020757,0.7591463414634146,1398.9329268292681,,35.29024362564087,,210,8,256,457b0468ba5f023a4a9f38816dbca0899481d04d,False
complete,synthetic,synthetic-singular__synthetic__patch-su4__L2__lr0.01__bs64__seed19,results/runs/synthetic/synthetic-singular__synthetic__patch-su4__L2__lr0.01__bs64__seed19_seed19,synthetic-singular,synthetic,patch-su4,2,19,0.01,64,2000,True,plus,True,False,0.5017835449253832,0.7469512195121951,0.49632058067234724,0.7631257631257631,0.7591463414634146,1405.1829268292686,,35.78087043762207,,210,8,256,457b0468ba5f023a4a9f38816dbca0899481d04d,False
complete,synthetic,synthetic-singular__synthetic__patch-su4__L2__lr0.01__bs64__seed1,results/runs/synthetic/synthetic-singular__synthetic__patch-su4__L2__lr0.01__bs64__seed1_seed1,synthetic-singular,synthetic,patch-su4,2,1,0.01,64,2000,True,plus,True,False,0.5095390041498472,0.7378048780487805,0.49360986735340817,0.757020757020757,0.7682926829268293,1419.8170731707319,,36.40248942375183,,210,8,256,457b0468ba5f023a4a9f38816dbca0899481d04d,False
complete,synthetic,synthetic-singular__synthetic__patch-su4__L2__lr0.01__bs64__seed2,results/runs/synthetic/synthetic-singular__synthetic__patch-su4__L2__lr0.01__bs64__seed2_seed2,synthetic-singular,synthetic,patch-su4,2,2,0.01,64,2000,True,plus,True,False,0.5101409286802182,0.75,0.4956682300036042,0.7557997557997558,0.774390243902439,1425.15243902439,,35.69376587867737,,210,8,256,457b0468ba5f023a4a9f38816dbca0899481d04d,False
complete,synthetic,synthetic-singular__synthetic__patch-su4__L2__lr0.01__bs64__seed3,results/runs/synthetic/synthetic-singular__synthetic__patch-su4__L2__lr0.01__bs64__seed3_seed3,synthetic-singular,synthetic,patch-su4,2,3,0.01,64,2000,True,plus,True,False,0.5074630512594636,0.7439024390243902,0.5002957594753676,0.7594627594627594,0.7713414634146342,1392.8353658536587,,34.92200326919556,,210,8,256,457b0468ba5f023a4a9f38816dbca0899481d04d,False
complete,synthetic,synthetic-singular__synthetic__patch-su4__L2__lr0.01__bs64__seed4,results/runs/synthetic/synthetic-singular__synthetic__patch-su4__L2__lr0.01__bs64__seed4_seed4,synthetic-singular,synthetic,patch-su4,2,4,0.01,64,2000,True,plus,True,False,0.503583669898766,0.7286585365853658,0.4982127550067004,0.7594627594627594,0.7621951219512195,1400.6097560975606,,35.798009157180786,,210,8,256,457b0468ba5f023a4a9f38816dbca0899481d04d,False
complete,synthetic,synthetic-singular__synthetic__patch-su4__L2__lr0.01__bs64__seed5,results/runs/synthetic/synthetic-singular__synthetic__patch-su4__L2__lr0.01__bs64__seed5_seed5,synthetic-singular,synthetic,patch-su4,2,5,0.01,64,2000,True,plus,True,False,0.5001319070091597,0.7439024390243902,0.48994410436521024,0.7655677655677655,0.7713414634146342,1409.4512195121952,,35.52724814414978,,210,8,256,457b0468ba5f023a4a9f38816dbca0899481d04d,False
complete,synthetic,synthetic-singular__synthetic__patch-su4__L2__lr0.01__bs64__seed6,results/runs/synthetic/synthetic-singular__synthetic__patch-su4__L2__lr0.01__bs64__seed6_seed6,synthetic-singular,synthetic,patch-su4,2,6,0.01,64,2000,True,plus,True,False,0.5051498005548587,0.7378048780487805,0.48975081614896765,0.7582417582417582,0.7621951219512195,1398.170731707317,,35.1229465007782,,210,8,256,457b0468ba5f023a4a9f38816dbca0899481d04d,False
complete,synthetic,synthetic-singular__synthetic__patch-su4__L2__lr0.01__bs64__seed7,results/runs/synthetic/synthetic-singular__synthetic__patch-su4__L2__lr0.01__bs64__seed7_seed7,synthetic-singular,synthetic,patch-su4,2,7,0.01,64,2000,True,plus,True,False,0.501096403650828,0.7530487804878049,0.4933286474785921,0.7753357753357754,0.7774390243902439,1419.2073170731705,,35.31535029411316,,210,8,256,457b0468ba5f023a4a9f38816dbca0899481d04d,False
complete,synthetic,synthetic-singular__synthetic__patch-su4__L2__lr0.01__bs64__seed8,results/runs/synthetic/synthetic-singular__synthetic__patch-su4__L2__lr0.01__bs64__seed8_seed8,synthetic-singular,synthetic,patch-su4,2,8,0.01,64,2000,True,plus,True,False,0.5118810401893108,0.7408536585365854,0.5059567155808111,0.7521367521367521,0.7682926829268293,1421.798780487805,,35.387635231018066,,210,8,256,457b0468ba5f023a4a9f38816dbca0899481d04d,False
complete,synthetic,synthetic-singular__synthetic__patch-su4__L2__lr0.01__bs64__seed9,results/runs/synthetic/synthetic-singular__synthetic__patch-su4__L2__lr0.01__bs64__seed9_seed9,synthetic-singular,synthetic,patch-su4,2,9,0.01,64,2000,True,plus,True,False,0.5058047148784859,0.7621951219512195,0.49041603303729775,0.7619047619047619,0.7682926829268293,1416.1585365853662,,34.28395485877991,,210,8,256,457b0468ba5f023a4a9f38816dbca0899481d04d,False
complete,synthetic,synthetic-singular__synthetic__patch-su4__L32__lr0.01__bs64__seed0,results/runs/synthetic/synthetic-singular__synthetic__patch-su4__L32__lr0.01__bs64__seed0_seed0,synthetic-singular,synthetic,patch-su4,32,0,0.01,64,2000,True,plus,True,False,0.6271676833436989,0.6707317073170732,0.6196859245175124,0.6324786324786325,0.6798780487804879,1150.0000000000005,,467.3006181716919,,3360,8,256,457b0468ba5f023a4a9f38816dbca0899481d04d,False
complete,synthetic,synthetic-singular__synthetic__patch-su4__L32__lr0.01__bs64__seed10,results/runs/synthetic/synthetic-singular__synthetic__patch-su4__L32__lr0.01__bs64__seed10_seed10,synthetic-singular,synthetic,patch-su4,32,10,0.01,64,2000,True,plus,True,False,0.6292398621119646,0.6128048780487805,0.626696782697156,0.5946275946275946,0.6463414634146342,1139.0243902439022,,463.9715542793274,,3360,8,256,457b0468ba5f023a4a9f38816dbca0899481d04d,False
complete,synthetic,synthetic-singular__synthetic__patch-su4__L32__lr0.01__bs64__seed11,results/runs/synthetic/synthetic-singular__synthetic__patch-su4__L32__lr0.01__bs64__seed11_seed11,synthetic-singular,synthetic,patch-su4,32,11,0.01,64,2000,True,plus,True,False,0.6116734786124176,0.6432926829268293,0.6024095878264896,0.645909645909646,0.6829268292682927,1175.4573170731703,,469.58329248428345,,3360,8,256,457b0468ba5f023a4a9f38816dbca0899481d04d,False
complete,synthetic,synthetic-singular__synthetic__patch-su4__L32__lr0.01__bs64__seed12,results/runs/synthetic/synthetic-singular__synthetic__patch-su4__L32__lr0.01__bs64__seed12_seed12,synthetic-singular,synthetic,patch-su4,32,12,0.01,64,2000,True,plus,True,False,0.5981459974899499,0.6402439024390244,0.6118735975515086,0.6385836385836385,0.6859756097560976,1129.878048780488,,468.40186619758606,,3360,8,256,457b0468ba5f023a4a9f38816dbca0899481d04d,False
complete,synthetic,synthetic-singular__synthetic__patch-su4__L32__lr0.01__bs64__seed13,results/runs/synthetic/synthetic-singular__synthetic__patch-su4__L32__lr0.01__bs64__seed13_seed13,synthetic-singular,synthetic,patch-su4,32,13,0.01,64,2000,True,plus,True,False,0.6131037844339411,0.6646341463414634,0.591984937003534,0.6666666666666666,0.6951219512195121,1152.8963414634147,,463.80497908592224,,3360,8,256,457b0468ba5f023a4a9f38816dbca0899481d04d,False
complete,synthetic,synthetic-singular__synthetic__patch-su4__L32__lr0.01__bs64__seed14,results/runs/synthetic/synthetic-singular__synthetic__patch-su4__L32__lr0.01__bs64__seed14_seed14,synthetic-singular,synthetic,patch-su4,32,14,0.01,64,2000,True,plus,True,False,0.603080854206694,0.6554878048780488,0.5908445805257864,0.6581196581196581,0.6951219512195121,1167.3780487804877,,465.59705662727356,,3360,8,256,457b0468ba5f023a4a9f38816dbca0899481d04d,False
complete,synthetic,synthetic-singular__synthetic__patch-su4__L32__lr0.01__bs64__seed15,results/runs/synthetic/synthetic-singular__synthetic__patch-su4__L32__lr0.01__bs64__seed15_seed15,synthetic-singular,synthetic,patch-su4,32,15,0.01,64,2000,True,plus,True,False,0.6146566371387674,0.6371951219512195,0.6005526659896012,0.6410256410256411,0.649390243902439,1152.1341463414635,,465.4220039844513,,3360,8,256,457b0468ba5f023a4a9f38816dbca0899481d04d,False
complete,synthetic,synthetic-singular__synthetic__patch-su4__L32__lr0.01__bs64__seed16,results/runs/synthetic/synthetic-singular__synthetic__patch-su4__L32__lr0.01__bs64__seed16_seed16,synthetic-singular,synthetic,patch-su4,32,16,0.01,64,2000,True,plus,True,False,0.6305643260482401,0.6189024390243902,0.5894155056020581,0.6617826617826618,0.6676829268292683,1150.762195121951,,465.77303314208984,,3360,8,256,457b0468ba5f023a4a9f38816dbca0899481d04d,False
complete,synthetic,synthetic-singular__synthetic__patch-su4__L32__lr0.01__bs64__seed17,results/runs/synthetic/synthetic-singular__synthetic__patch-su4__L32__lr0.01__bs64__seed17_seed17,synthetic-singular,synthetic,patch-su4,32,17,0.01,64,2000,True,plus,True,False,0.6369435814454295,0.5792682926829268,0.6273652352251698,0.612942612942613,0.649390243902439,1148.780487804878,,468.0996286869049,,3360,8,256,457b0468ba5f023a4a9f38816dbca0899481d04d,False
complete,synthetic,synthetic-singular__synthetic__patch-su4__L32__lr0.01__bs64__seed18,results/runs/synthetic/synthetic-singular__synthetic__patch-su4__L32__lr0.01__bs64__seed18_seed18,synthetic-singular,synthetic,patch-su4,32,18,0.01,64,2000,True,plus,True,False,0.6139750128294879,0.6402439024390244,0.6292660888630783,0.6275946275946276,0.6463414634146342,1142.8353658536587,,465.9101719856262,,3360,8,256,457b0468ba5f023a4a9f38816dbca0899481d04d,False
complete,synthetic,synthetic-singular__synthetic__patch-su4__L32__lr0.01__bs64__seed19,results/runs/synthetic/synthetic-singular__synthetic__patch-su4__L32__lr0.01__bs64__seed19_seed19,synthetic-singular,synthetic,patch-su4,32,19,0.01,64,2000,True,plus,True,False,0.60948017655259,0.6463414634146342,0.6289853235006138,0.6178266178266179,0.6463414634146342,1133.6890243902437,,469.4358456134796,,3360,8,256,457b0468ba5f023a4a9f38816dbca0899481d04d,False
complete,synthetic,synthetic-singular__synthetic__patch-su4__L32__lr0.01__bs64__seed1,results/runs/synthetic/synthetic-singular__synthetic__patch-su4__L32__lr0.01__bs64__seed1_seed1,synthetic-singular,synthetic,patch-su4,32,1,0.01,64,2000,True,plus,True,False,0.6356888949950336,0.5853658536585366,0.6192387805762088,0.6446886446886447,0.6402439024390244,1133.9939024390242,,466.52866649627686,,3360,8,256,457b0468ba5f023a4a9f38816dbca0899481d04d,False
complete,synthetic,synthetic-singular__synthetic__patch-su4__L32__lr0.01__bs64__seed2,results/runs/synthetic/synthetic-singular__synthetic__patch-su4__L32__lr0.01__bs64__seed2_seed2,synthetic-singular,synthetic,patch-su4,32,2,0.01,64,2000,True,plus,True,False,0.6184626263798032,0.6067073170731707,0.6170555978437966,0.6202686202686203,0.676829268292683,1137.1951219512196,,465.1910619735718,,3360,8,256,457b0468ba5f023a4a9f38816dbca0899481d04d,False
complete,synthetic,synthetic-singular__synthetic__patch-su4__L32__lr0.01__bs64__seed3,results/runs/synthetic/synthetic-singular__synthetic__patch-su4__L32__lr0.01__bs64__seed3_seed3,synthetic-singular,synthetic,patch-su4,32,3,0.01,64,2000,True,plus,True,False,0.6434461983336094,0.6615853658536586,0.6405609535632439,0.5885225885225885,0.6615853658536586,1156.4024390243903,,465.81671690940857,,3360,8,256,457b0468ba5f023a4a9f38816dbca0899481d04d,False
complete,synthetic,synthetic-singular__synthetic__patch-su4__L32__lr0.01__bs64__seed4,results/runs/synthetic/synthetic-singular__synthetic__patch-su4__L32__lr0.01__bs64__seed4_seed4,synthetic-singular,synthetic,patch-su4,32,4,0.01,64,2000,True,plus,True,False,0.6286605477488204,0.6158536585365854,0.6269283203901594,0.6385836385836385,0.6676829268292683,1135.5182926829268,,467.9036102294922,,3360,8,256,457b0468ba5f023a4a9f38816dbca0899481d04d,False
complete,synthetic,synthetic-singular__synthetic__patch-su4__L32__lr0.01__bs64__seed5,results/runs/synthetic/synthetic-singular__synthetic__patch-su4__L32__lr0.01__bs64__seed5_seed5,synthetic-singular,synthetic,patch-su4,32,5,0.01,64,2000,True,plus,True,False,0.6018995769268534,0.625,0.5924584770734524,0.6483516483516484,0.6951219512195121,1131.5548780487807,,461.5252583026886,,3360,8,256,457b0468ba5f023a4a9f38816dbca0899481d04d,False
complete,synthetic,synthetic-singular__synthetic__patch-su4__L32__lr0.01__bs64__seed6,results/runs/synthetic/synthetic-singular__synthetic__patch-su4__L32__lr0.01__bs64__seed6_seed6,synthetic-singular,synthetic,patch-su4,32,6,0.01,64,2000,True,plus,True,False,0.6065826058549026,0.625,0.6086304798201098,0.6483516483516484,0.6829268292682927,1142.3780487804877,,467.83763313293457,,3360,8,256,457b0468ba5f023a4a9f38816dbca0899481d04d,False
complete,synthetic,synthetic-singular__synthetic__patch-su4__L32__lr0.01__bs64__seed7,results/runs/synthetic/synthetic-singular__synthetic__patch-su4__L32__lr0.01__bs64__seed7_seed7,synthetic-singular,synthetic,patch-su4,32,7,0.01,64,2000,True,plus,True,False,0.6014133181321356,0.6402439024390244,0.6124090901795525,0.6263736263736264,0.6707317073170732,1133.689024390244,,466.7723891735077,,3360,8,256,457b0468ba5f023a4a9f38816dbca0899481d04d,False
complete,synthetic,synthetic-singular__synthetic__patch-su4__L32__lr0.01__bs64__seed8,results/runs/synthetic/synthetic-singular__synthetic__patch-su4__L32__lr0.01__bs64__seed8_seed8,synthetic-singular,synthetic,patch-su4,32,8,0.01,64,2000,True,plus,True,False,0.6038545153074439,0.6585365853658537,0.6015392384304526,0.6361416361416361,0.676829268292683,1162.9573170731708,,467.3419609069824,,3360,8,256,457b0468ba5f023a4a9f38816dbca0899481d04d,False
complete,synthetic,synthetic-singular__synthetic__patch-su4__L32__lr0.01__bs64__seed9,results/runs/synthetic/synthetic-singular__synthetic__patch-su4__L32__lr0.01__bs64__seed9_seed9,synthetic-singular,synthetic,patch-su4,32,9,0.01,64,2000,True,plus,True,False,0.5945722895221205,0.6402439024390244,0.613760146390443,0.6324786324786325,0.6524390243902439,1137.0426829268292,,466.8873941898346,,3360,8,256,457b0468ba5f023a4a9f38816dbca0899481d04d,False
complete,synthetic,synthetic-singular__synthetic__patch-su4__L4__lr0.01__bs64__seed0,results/runs/synthetic/synthetic-singular__synthetic__patch-su4__L4__lr0.01__bs64__seed0_seed0,synthetic-singular,synthetic,patch-su4,4,0,0.01,64,2000,True,plus,True,False,0.4809300204243197,0.7652439024390244,0.4727464730088871,0.7924297924297924,0.7774390243902439,1425.9146341463415,,59.02766966819763,,420,8,256,457b0468ba5f023a4a9f38816dbca0899481d04d,False
complete,synthetic,synthetic-singular__synthetic__patch-su4__L4__lr0.01__bs64__seed10,results/runs/synthetic/synthetic-singular__synthetic__patch-su4__L4__lr0.01__bs64__seed10_seed10,synthetic-singular,synthetic,patch-su4,4,10,0.01,64,2000,True,plus,True,False,0.509958630259223,0.725609756097561,0.47670133326449027,0.7716727716727717,0.7713414634146342,1401.219512195122,,59.32310962677002,,420,8,256,457b0468ba5f023a4a9f38816dbca0899481d04d,False
complete,synthetic,synthetic-singular__synthetic__patch-su4__L4__lr0.01__bs64__seed11,results/runs/synthetic/synthetic-singular__synthetic__patch-su4__L4__lr0.01__bs64__seed11_seed11,synthetic-singular,synthetic,patch-su4,4,11,0.01,64,2000,True,plus,True,False,0.4973994711809244,0.75,0.4585415229291335,0.7887667887667887,0.7652439024390244,1419.2073170731708,,57.5620219707489,,420,8,256,457b0468ba5f023a4a9f38816dbca0899481d04d,False
complete,synthetic,synthetic-singular__synthetic__patch-su4__L4__lr0.01__bs64__seed12,results/runs/synthetic/synthetic-singular__synthetic__patch-su4__L4__lr0.01__bs64__seed12_seed12,synthetic-singular,synthetic,patch-su4,4,12,0.01,64,2000,True,plus,True,False,0.5069147714523442,0.7439024390243902,0.486721532182201,0.78998778998779,0.7621951219512195,1388.8719512195123,,58.68391823768616,,420,8,256,457b0468ba5f023a4a9f38816dbca0899481d04d,False
complete,synthetic,synthetic-singular__synthetic__patch-su4__L4__lr0.01__bs64__seed13,results/runs/synthetic/synthetic-singular__synthetic__patch-su4__L4__lr0.01__bs64__seed13_seed13,synthetic-singular,synthetic,patch-su4,4,13,0.01,64,2000,True,plus,True,False,0.5068207232242405,0.7439024390243902,0.501429942743534,0.7484737484737485,0.7469512195121951,1358.841463414634,,58.57180857658386,,420,8,256,457b0468ba5f023a4a9f38816dbca0899481d04d,False
complete,synthetic,synthetic-singular__synthetic__patch-su4__L4__lr0.01__bs64__seed14,results/runs/synthetic/synthetic-singular__synthetic__patch-su4__L4__lr0.01__bs64__seed14_seed14,synthetic-singular,synthetic,patch-su4,4,14,0.01,64,2000,True,plus,True,False,0.4681199537661441,0.7530487804878049,0.4503169778787035,0.8095238095238095,0.7713414634146342,1410.0609756097556,,59.13490843772888,,420,8,256,457b0468ba5f023a4a9f38816dbca0899481d04d,False
complete,synthetic,synthetic-singular__synthetic__patch-su4__L4__lr0.01__bs64__seed15,results/runs/synthetic/synthetic-singular__synthetic__patch-su4__L4__lr0.01__bs64__seed15_seed15,synthetic-singular,synthetic,patch-su4,4,15,0.01,64,2000,True,plus,True,False,0.5210906645780449,0.75,0.5011410474216872,0.7350427350427351,0.7621951219512195,1393.2926829268295,,59.34857177734375,,420,8,256,457b0468ba5f023a4a9f38816dbca0899481d04d,False
complete,synthetic,synthetic-singular__synthetic__patch-su4__L4__lr0.01__bs64__seed16,results/runs/synthetic/synthetic-singular__synthetic__patch-su4__L4__lr0.01__bs64__seed16_seed16,synthetic-singular,synthetic,patch-su4,4,16,0.01,64,2000,True,plus,True,False,0.49727564876499386,0.75,0.47467104574267427,0.7753357753357754,0.7621951219512195,1401.9817073170732,,59.39251708984375,,420,8,256,457b0468ba5f023a4a9f38816dbca0899481d04d,False
complete,synthetic,synthetic-singular__synthetic__patch-su4__L4__lr0.01__bs64__seed17,results/runs/synthetic/synthetic-singular__synthetic__patch-su4__L4__lr0.01__bs64__seed17_seed17,synthetic-singular,synthetic,patch-su4,4,17,0.01,64,2000,True,plus,True,False,0.49046150871097605,0.7469512195121951,0.46427985182109516,0.7826617826617827,0.7713414634146342,1419.0548780487807,,57.68295168876648,,420,8,256,457b0468ba5f023a4a9f38816dbca0899481d04d,False
complete,synthetic,synthetic-singular__synthetic__patch-su4__L4__lr0.01__bs64__seed18,results/runs/synthetic/synthetic-singular__synthetic__patch-su4__L4__lr0.01__bs64__seed18_seed18,synthetic-singular,synthetic,patch-su4,4,18,0.01,64,2000,True,plus,True,False,0.4740419035676586,0.7621951219512195,0.4764435548863169,0.7631257631257631,0.7713414634146342,1422.4085365853657,,57.43482565879822,,420,8,256,457b0468ba5f023a4a9f38816dbca0899481d04d,False
complete,synthetic,synthetic-singular__synthetic__patch-su4__L4__lr0.01__bs64__seed19,results/runs/synthetic/synthetic-singular__synthetic__patch-su4__L4__lr0.01__bs64__seed19_seed19,synthetic-singular,synthetic,patch-su4,4,19,0.01,64,2000,True,plus,True,False,0.47935843205581613,0.7926829268292683,0.4828175544973435,0.7631257631257631,0.7926829268292683,1414.0243902439026,,59.14333939552307,,420,8,256,457b0468ba5f023a4a9f38816dbca0899481d04d,False
complete,synthetic,synthetic-singular__synthetic__patch-su4__L4__lr0.01__bs64__seed1,results/runs/synthetic/synthetic-singular__synthetic__patch-su4__L4__lr0.01__bs64__seed1_seed1,synthetic-singular,synthetic,patch-su4,4,1,0.01,64,2000,True,plus,True,False,0.5015269776902268,0.7530487804878049,0.4926772734753746,0.7741147741147741,0.7652439024390244,1393.4451219512196,,57.1665141582489,,420,8,256,457b0468ba5f023a4a9f38816dbca0899481d04d,False
complete,synthetic,synthetic-singular__synthetic__patch-su4__L4__lr0.01__bs64__seed2,results/runs/synthetic/synthetic-singular__synthetic__patch-su4__L4__lr0.01__bs64__seed2_seed2,synthetic-singular,synthetic,patch-su4,4,2,0.01,64,2000,True,plus,True,False,0.48426123999352944,0.7682926829268293,0.4937983892600758,0.7655677655677655,0.7774390243902439,1426.6768292682927,,58.03558945655823,,420,8,256,457b0468ba5f023a4a9f38816dbca0899481d04d,False
complete,synthetic,synthetic-singular__synthetic__patch-su4__L4__lr0.01__bs64__seed3,results/runs/synthetic/synthetic-singular__synthetic__patch-su4__L4__lr0.01__bs64__seed3_seed3,synthetic-singular,synthetic,patch-su4,4,3,0.01,64,2000,True,plus,True,False,0.4972094021959404,0.7408536585365854,0.4759376011339526,0.7582417582417582,0.7774390243902439,1414.6341463414633,,58.38594579696655,,420,8,256,457b0468ba5f023a4a9f38816dbca0899481d04d,False
complete,synthetic,synthetic-singular__synthetic__patch-su4__L4__lr0.01__bs64__seed4,results/runs/synthetic/synthetic-singular__synthetic__patch-su4__L4__lr0.01__bs64__seed4_seed4,synthetic-singular,synthetic,patch-su4,4,4,0.01,64,2000,True,plus,True,False,0.48471781626208166,0.7835365853658537,0.4551879893017699,0.8058608058608059,0.7957317073170732,1431.2499999999998,,57.25806903839111,,420,8,256,457b0468ba5f023a4a9f38816dbca0899481d04d,False
complete,synthetic,synthetic-singular__synthetic__patch-su4__L4__lr0.01__bs64__seed5,results/runs/synthetic/synthetic-singular__synthetic__patch-su4__L4__lr0.01__bs64__seed5_seed5,synthetic-singular,synthetic,patch-su4,4,5,0.01,64,2000,True,plus,True,False,0.4915608526071876,0.7439024390243902,0.48492156735690345,0.7643467643467643,0.774390243902439,1419.6646341463413,,59.7035858631134,,420,8,256,457b0468ba5f023a4a9f38816dbca0899481d04d,False
complete,synthetic,synthetic-singular__synthetic__patch-su4__L4__lr0.01__bs64__seed6,results/runs/synthetic/synthetic-singular__synthetic__patch-su4__L4__lr0.01__bs64__seed6_seed6,synthetic-singular,synthetic,patch-su4,4,6,0.01,64,2000,True,plus,True,False,0.5190570167743198,0.7164634146341463,0.49121419409065503,0.7557997557997558,0.75,1386.128048780488,,58.83385896682739,,420,8,256,457b0468ba5f023a4a9f38816dbca0899481d04d,False
complete,synthetic,synthetic-singular__synthetic__patch-su4__L4__lr0.01__bs64__seed7,results/runs/synthetic/synthetic-singular__synthetic__patch-su4__L4__lr0.01__bs64__seed7_seed7,synthetic-singular,synthetic,patch-su4,4,7,0.01,64,2000,True,plus,True,False,0.5115272366092289,0.725609756097561,0.4904279319518701,0.7619047619047619,0.7621951219512195,1383.2317073170732,,57.64306044578552,,420,8,256,457b0468ba5f023a4a9f38816dbca0899481d04d,False
complete,synthetic,synthetic-singular__synthetic__patch-su4__L4__lr0.01__bs64__seed8,results/runs/synthetic/synthetic-singular__synthetic__patch-su4__L4__lr0.01__bs64__seed8_seed8,synthetic-singular,synthetic,patch-su4,4,8,0.01,64,2000,True,plus,True,False,0.47115025948087413,0.7865853658536586,0.4534396323051425,0.8034188034188035,0.7865853658536586,1390.7012195121952,,60.79405093193054,,420,8,256,457b0468ba5f023a4a9f38816dbca0899481d04d,False
complete,synthetic,synthetic-singular__synthetic__patch-su4__L4__lr0.01__bs64__seed9,results/runs/synthetic/synthetic-singular__synthetic__patch-su4__L4__lr0.01__bs64__seed9_seed9,synthetic-singular,synthetic,patch-su4,4,9,0.01,64,2000,True,plus,True,False,0.48061806915136546,0.7530487804878049,0.4617453079342187,0.78998778998779,0.774390243902439,1421.4939024390244,,57.79343366622925,,420,8,256,457b0468ba5f023a4a9f38816dbca0899481d04d,False
complete,synthetic,synthetic-singular__synthetic__patch-su4__L8__lr0.01__bs64__seed0,results/runs/synthetic/synthetic-singular__synthetic__patch-su4__L8__lr0.01__bs64__seed0_seed0,synthetic-singular,synthetic,patch-su4,8,0,0.01,64,2000,True,plus,True,False,0.5560777912705959,0.7012195121951219,0.5240474784254994,0.7301587301587301,0.7134146341463414,1291.9207317073171,,165.6481227874756,,840,8,256,c9975de69f8651d303bc6c90c5d2fe6e6ebd42c1,False
complete,synthetic,synthetic-singular__synthetic__patch-su4__L8__lr0.01__bs64__seed10,results/runs/synthetic/synthetic-singular__synthetic__patch-su4__L8__lr0.01__bs64__seed10_seed10,synthetic-singular,synthetic,patch-su4,8,10,0.01,64,2000,True,plus,True,False,0.5616440662742689,0.6829268292682927,0.5564391630763207,0.702075702075702,0.7012195121951219,1294.8170731707316,,173.21783137321472,,840,8,256,c9975de69f8651d303bc6c90c5d2fe6e6ebd42c1,False
complete,synthetic,synthetic-singular__synthetic__patch-su4__L8__lr0.01__bs64__seed11,results/runs/synthetic/synthetic-singular__synthetic__patch-su4__L8__lr0.01__bs64__seed11_seed11,synthetic-singular,synthetic,patch-su4,8,11,0.01,64,2000,True,plus,True,False,0.5630425964697497,0.6707317073170732,0.5432094394957296,0.7191697191697192,0.6951219512195121,1267.5304878048778,,158.36861872673035,,840,8,256,c9975de69f8651d303bc6c90c5d2fe6e6ebd42c1,True
complete,synthetic,synthetic-singular__synthetic__patch-su4__L8__lr0.01__bs64__seed12,results/runs/synthetic/synthetic-singular__synthetic__patch-su4__L8__lr0.01__bs64__seed12_seed12,synthetic-singular,synthetic,patch-su4,8,12,0.01,64,2000,True,plus,True,False,0.5368279477456481,0.7225609756097561,0.5373445655790937,0.717948717948718,0.7286585365853658,1301.8292682926829,,155.0478277206421,,840,8,256,c9975de69f8651d303bc6c90c5d2fe6e6ebd42c1,False
complete,synthetic,synthetic-singular__synthetic__patch-su4__L8__lr0.01__bs64__seed13,results/runs/synthetic/synthetic-singular__synthetic__patch-su4__L8__lr0.01__bs64__seed13_seed13,synthetic-singular,synthetic,patch-su4,8,13,0.01,64,2000,True,plus,True,False,0.5349939665017163,0.7134146341463414,0.5346210420488422,0.7130647130647131,0.7347560975609756,1308.231707317073,,131.51653027534485,,840,8,256,c9975de69f8651d303bc6c90c5d2fe6e6ebd42c1,False
complete,synthetic,synthetic-singular__synthetic__patch-su4__L8__lr0.01__bs64__seed14,results/runs/synthetic/synthetic-singular__synthetic__patch-su4__L8__lr0.01__bs64__seed14_seed14,synthetic-singular,synthetic,patch-su4,8,14,0.01,64,2000,True,plus,True,False,0.5260507829439445,0.7225609756097561,0.520878847927154,0.7326007326007326,0.7225609756097561,1329.1158536585365,,129.78547883033752,,840,8,256,c9975de69f8651d303bc6c90c5d2fe6e6ebd42c1,False
complete,synthetic,synthetic-singular__synthetic__patch-su4__L8__lr0.01__bs64__seed15,results/runs/synthetic/synthetic-singular__synthetic__patch-su4__L8__lr0.01__bs64__seed15_seed15,synthetic-singular,synthetic,patch-su4,8,15,0.01,64,2000,True,plus,True,False,0.5587343564977336,0.6829268292682927,0.5267497048062549,0.73992673992674,0.7042682926829268,1287.8048780487804,,113.89441680908203,,840,8,256,c9975de69f8651d303bc6c90c5d2fe6e6ebd42c1,False
complete,synthetic,synthetic-singular__synthetic__patch-su4__L8__lr0.01__bs64__seed16,results/runs/synthetic/synthetic-singular__synthetic__patch-su4__L8__lr0.01__bs64__seed16_seed16,synthetic-singular,synthetic,patch-su4,8,16,0.01,64,2000,True,plus,True,False,0.5498031001861348,0.6798780487804879,0.5388421759670704,0.7057387057387058,0.7195121951219512,1314.1768292682927,,107.14919543266296,,840,8,256,c9975de69f8651d303bc6c90c5d2fe6e6ebd42c1,False
complete,synthetic,synthetic-singular__synthetic__patch-su4__L8__lr0.01__bs64__seed17,results/runs/synthetic/synthetic-singular__synthetic__patch-su4__L8__lr0.01__bs64__seed17_seed17,synthetic-singular,synthetic,patch-su4,8,17,0.01,64,2000,True,plus,True,False,0.5384871596067878,0.7134146341463414,0.5231742723198596,0.746031746031746,0.7317073170731707,1340.0914634146338,,102.052494764328,,840,8,256,c9975de69f8651d303bc6c90c5d2fe6e6ebd42c1,False
complete,synthetic,synthetic-singular__synthetic__patch-su4__L8__lr0.01__bs64__seed18,results/runs/synthetic/synthetic-singular__synthetic__patch-su4__L8__lr0.01__bs64__seed18_seed18,synthetic-singular,synthetic,patch-su4,8,18,0.01,64,2000,True,plus,True,False,0.5594631378014522,0.6798780487804879,0.5443441471418932,0.6923076923076923,0.725609756097561,1324.2378048780486,,104.06116890907288,,840,8,256,c9975de69f8651d303bc6c90c5d2fe6e6ebd42c1,False
complete,synthetic,synthetic-singular__synthetic__patch-su4__L8__lr0.01__bs64__seed19,results/runs/synthetic/synthetic-singular__synthetic__patch-su4__L8__lr0.01__bs64__seed19_seed19,synthetic-singular,synthetic,patch-su4,8,19,0.01,64,2000,True,plus,True,False,0.5470884359381795,0.6951219512195121,0.5323512881620613,0.7191697191697192,0.7195121951219512,1323.9329268292686,,105.67509412765503,,840,8,256,c9975de69f8651d303bc6c90c5d2fe6e6ebd42c1,False
complete,synthetic,synthetic-singular__synthetic__patch-su4__L8__lr0.01__bs64__seed1,results/runs/synthetic/synthetic-singular__synthetic__patch-su4__L8__lr0.01__bs64__seed1_seed1,synthetic-singular,synthetic,patch-su4,8,1,0.01,64,2000,True,plus,True,False,0.5451060922055161,0.7317073170731707,0.5184962813658686,0.7362637362637363,0.7408536585365854,1355.1829268292681,,200.4568657875061,,840,8,256,5d760ef42d71a06acce4efdc9ed931be057f16a6,False
complete,synthetic,synthetic-singular__synthetic__patch-su4__L8__lr0.01__bs64__seed2,results/runs/synthetic/synthetic-singular__synthetic__patch-su4__L8__lr0.01__bs64__seed2_seed2,synthetic-singular,synthetic,patch-su4,8,2,0.01,64,2000,True,plus,True,False,0.5662100816607383,0.6737804878048781,0.5384476147990421,0.7326007326007326,0.7164634146341463,1305.7926829268295,,104.62736344337463,,840,8,256,c9975de69f8651d303bc6c90c5d2fe6e6ebd42c1,False
complete,synthetic,synthetic-singular__synthetic__patch-su4__L8__lr0.01__bs64__seed3,results/runs/synthetic/synthetic-singular__synthetic__patch-su4__L8__lr0.01__bs64__seed3_seed3,synthetic-singular,synthetic,patch-su4,8,3,0.01,64,2000,True,plus,True,False,0.5736262488685836,0.6615853658536586,0.5277961528167634,0.7387057387057387,0.6951219512195121,1256.8597560975609,,103.3416166305542,,840,8,256,c9975de69f8651d303bc6c90c5d2fe6e6ebd42c1,False
complete,synthetic,synthetic-singular__synthetic__patch-su4__L8__lr0.01__bs64__seed4,results/runs/synthetic/synthetic-singular__synthetic__patch-su4__L8__lr0.01__bs64__seed4_seed4,synthetic-singular,synthetic,patch-su4,8,4,0.01,64,2000,True,plus,True,False,0.5406578926475697,0.7042682926829268,0.5017444431941978,0.7557997557997558,0.7073170731707317,1288.5670731707319,,103.38384461402893,,840,8,256,c9975de69f8651d303bc6c90c5d2fe6e6ebd42c1,False
complete,synthetic,synthetic-singular__synthetic__patch-su4__L8__lr0.01__bs64__seed5,results/runs/synthetic/synthetic-singular__synthetic__patch-su4__L8__lr0.01__bs64__seed5_seed5,synthetic-singular,synthetic,patch-su4,8,5,0.01,64,2000,True,plus,True,False,0.5332069638490228,0.7134146341463414,0.5278046323597441,0.7228327228327228,0.7286585365853658,1322.5609756097563,,104.55287766456604,,840,8,256,c9975de69f8651d303bc6c90c5d2fe6e6ebd42c1,False
complete,synthetic,synthetic-singular__synthetic__patch-su4__L8__lr0.01__bs64__seed6,results/runs/synthetic/synthetic-singular__synthetic__patch-su4__L8__lr0.01__bs64__seed6_seed6,synthetic-singular,synthetic,patch-su4,8,6,0.01,64,2000,True,plus,True,False,0.5767943051368721,0.6798780487804879,0.537755275616491,0.7094017094017094,0.7164634146341463,1295.4268292682927,,103.63729166984558,,840,8,256,c9975de69f8651d303bc6c90c5d2fe6e6ebd42c1,False
complete,synthetic,synthetic-singular__synthetic__patch-su4__L8__lr0.01__bs64__seed7,results/runs/synthetic/synthetic-singular__synthetic__patch-su4__L8__lr0.01__bs64__seed7_seed7,synthetic-singular,synthetic,patch-su4,8,7,0.01,64,2000,True,plus,True,False,0.5429019603838176,0.7042682926829268,0.555600035041571,0.702075702075702,0.7225609756097561,1312.0426829268292,,102.42605137825012,,840,8,256,c9975de69f8651d303bc6c90c5d2fe6e6ebd42c1,False
complete,synthetic,synthetic-singular__synthetic__patch-su4__L8__lr0.01__bs64__seed8,results/runs/synthetic/synthetic-singular__synthetic__patch-su4__L8__lr0.01__bs64__seed8_seed8,synthetic-singular,synthetic,patch-su4,8,8,0.01,64,2000,True,plus,True,False,0.5285477295595564,0.7286585365853658,0.5234632817488919,0.757020757020757,0.7317073170731707,1348.0182926829268,,102.08019709587097,,840,8,256,c9975de69f8651d303bc6c90c5d2fe6e6ebd42c1,False
complete,synthetic,synthetic-singular__synthetic__patch-su4__L8__lr0.01__bs64__seed9,results/runs/synthetic/synthetic-singular__synthetic__patch-su4__L8__lr0.01__bs64__seed9_seed9,synthetic-singular,synthetic,patch-su4,8,9,0.01,64,2000,True,plus,True,False,0.5627442139103994,0.6920731707317073,0.5589259698580539,0.684981684981685,0.7073170731707317,1277.439024390244,,100.43854999542236,,840,8,256,457b0468ba5f023a4a9f38816dbca0899481d04d,False
complete,synthetic,synthetic-singular__synthetic__symmetric-hamiltonian__L16__lr0.01__bs64__seed0,results/runs/synthetic/synthetic-singular__synthetic__symmetric-hamiltonian__L16__lr0.01__bs64__seed0_seed0,synthetic-singular,synthetic,symmetric-hamiltonian,16,0,0.01,64,2000,True,plus,True,False,0.3283118832893866,0.8841463414634146,0.30480623168151055,0.8998778998778999,0.9237804878048781,1665.0914634146343,,70.09261441230774,,496,3,8,457b0468ba5f023a4a9f38816dbca0899481d04d,False
complete,synthetic,synthetic-singular__synthetic__symmetric-hamiltonian__L16__lr0.01__bs64__seed10,results/runs/synthetic/synthetic-singular__synthetic__symmetric-hamiltonian__L16__lr0.01__bs64__seed10_seed10,synthetic-singular,synthetic,symmetric-hamiltonian,16,10,0.01,64,2000,True,plus,True,False,0.3117862712627874,0.9054878048780488,0.31044514057003664,0.8962148962148963,0.9085365853658537,1642.9878048780486,,68.4951274394989,,496,3,8,457b0468ba5f023a4a9f38816dbca0899481d04d,False
complete,synthetic,synthetic-singular__synthetic__symmetric-hamiltonian__L16__lr0.01__bs64__seed11,results/runs/synthetic/synthetic-singular__synthetic__symmetric-hamiltonian__L16__lr0.01__bs64__seed11_seed11,synthetic-singular,synthetic,symmetric-hamiltonian,16,11,0.01,64,2000,True,plus,True,False,0.31730247700678205,0.9115853658536586,0.31819996178189847,0.905982905982906,0.9115853658536586,1628.0487804878048,,66.55357336997986,,496,3,8,457b0468ba5f023a4a9f38816dbca0899481d04d,False
complete,synthetic,synthetic-singular__synthetic__symmetric-hamiltonian__L16__lr0.01__bs64__seed12,results/runs/synthetic/synthetic-singular__synthetic__symmetric-hamiltonian__L16__lr0.01__bs64__seed12_seed12,synthetic-singular,synthetic,symmetric-hamiltonian,16,12,0.01,64,2000,True,plus,True,False,0.29412504398084627,0.9085365853658537,0.3002895028219597,0.9157509157509157,0.9207317073170732,1655.3353658536585,,68.35328197479248,,496,3,8,457b0468ba5f023a4a9f38816dbca0899481d04d,False
complete,synthetic,synthetic-singular__synthetic__symmetric-hamiltonian__L16__lr0.01__bs64__seed13,results/runs/synthetic/synthetic-singular__synthetic__symmetric-hamiltonian__L16__lr0.01__bs64__seed13_seed13,synthetic-singular,synthetic,symmetric-hamiltonian,16,13,0.01,64,2000,True,plus,True,False,0.30235810151872466,0.9085365853658537,0.29787309122110933,0.9157509157509157,0.9115853658536586,1641.6158536585367,,66.60952925682068,,496,3,8,457b0468ba5f023a4a9f38816dbca0899481d04d,False
complete,synthetic,synthetic-singular__synthetic__symmetric-hamiltonian__L16__lr0.01__bs64__seed14,results/runs/synthetic/synthetic-singular__synthetic__symmetric-hamiltonian__L16__lr0.01__bs64__seed14_seed14,synthetic-singular,synthetic,symmetric-hamiltonian,16,14,0.01,64,2000,True,plus,True,False,0.3277826782351883,0.875,0.3462817418080235,0.8656898656898657,0.9146341463414634,1638.5670731707316,,69.00093865394592,,496,3,8,457b0468ba5f023a4a9f38816dbca0899481d04d,False
complete,synthetic,synthetic-singular__synthetic__symmetric-hamiltonian__L16__lr0.01__bs64__seed15,results/runs/synthetic/synthetic-singular__synthetic__symmetric-hamiltonian__L16__lr0.01__bs64__seed15_seed15,synthetic-singular,synthetic,symmetric-hamiltonian,16,15,0.01,64,2000,True,plus,True,False,0.3417513786798954,0.899390243902439,0.33984682666633614,0.884004884004884,0.899390243902439,1638.871951219512,,68.09105348587036,,496,3,8,457b0468ba5f023a4a9f38816dbca0899481d04d,False
complete,synthetic,synthetic-singular__synthetic__symmetric-hamiltonian__L16__lr0.01__bs64__seed16,results/runs/synthetic/synthetic-singular__synthetic__symmetric-hamiltonian__L16__lr0.01__bs64__seed16_seed16,synthetic-singular,synthetic,symmetric-hamiltonian,16,16,0.01,64,2000,True,plus,True,False,0.30969609341849,0.9024390243902439,0.30557301642445384,0.8986568986568987,0.9024390243902439,1645.8841463414633,,65.97412943840027,,496,3,8,457b0468ba5f023a4a9f38816dbca0899481d04d,False
complete,synthetic,synthetic-singular__synthetic__symmetric-hamiltonian__L16__lr0.01__bs64__seed17,results/runs/synthetic/synthetic-singular__synthetic__symmetric-hamiltonian__L16__lr0.01__bs64__seed17_seed17,synthetic-singular,synthetic,symmetric-hamiltonian,16,17,0.01,64,2000,True,plus,True,False,0.3478371849158596,0.8932926829268293,0.34972040535104865,0.9023199023199023,0.8932926829268293,1615.3963414634147,,69.2706835269928,,496,3,8,457b0468ba5f023a4a9f38816dbca0899481d04d,False
complete,synthetic,synthetic-singular__synthetic__symmetric-hamiltonian__L16__lr0.01__bs64__seed18,results/runs/synthetic/synthetic-singular__synthetic__symmetric-hamiltonian__L16__lr0.01__bs64__seed18_seed18,synthetic-singular,synthetic,symmetric-hamiltonian,16,18,0.01,64,2000,True,plus,True,False,0.3309245623780793,0.9054878048780488,0.32960464538131296,0.9096459096459096,0.9085365853658537,1651.5243902439026,,67.86120796203613,,496,3,8,457b0468ba5f023a4a9f38816dbca0899481d04d,False
complete,synthetic,synthetic-singular__synthetic__symmetric-hamiltonian__L16__lr0.01__bs64__seed19,results/runs/synthetic/synthetic-singular__synthetic__symmetric-hamiltonian__L16__lr0.01__bs64__seed19_seed19,synthetic-singular,synthetic,symmetric-hamiltonian,16,19,0.01,64,2000,True,plus,True,False,0.34575752497952905,0.8841463414634146,0.35532284033051637,0.8669108669108669,0.8841463414634146,1560.365853658537,,66.64385485649109,,496,3,8,457b0468ba5f023a4a9f38816dbca0899481d04d,False
complete,synthetic,synthetic-singular__synthetic__symmetric-hamiltonian__L16__lr0.01__bs64__seed1,results/runs/synthetic/synthetic-singular__synthetic__symmetric-hamiltonian__L16__lr0.01__bs64__seed1_seed1,synthetic-singular,synthetic,symmetric-hamiltonian,16,1,0.01,64,2000,True,plus,True,False,0.2994970246871036,0.9054878048780488,0.2991006801095776,0.9352869352869353,0.9298780487804879,1667.2256097560974,,66.85430550575256,,496,3,8,457b0468ba5f023a4a9f38816dbca0899481d04d,False
complete,synthetic,synthetic-singular__synthetic__symmetric-hamiltonian__L16__lr0.01__bs64__seed2,results/runs/synthetic/synthetic-singular__synthetic__symmetric-hamiltonian__L16__lr0.01__bs64__seed2_seed2,synthetic-singular,synthetic,symmetric-hamiltonian,16,2,0.01,64,2000,True,plus,True,False,0.28604206793921494,0.9298780487804879,0.29921643250442687,0.9145299145299145,0.9329268292682927,1671.9512195121952,,67.01589870452881,,496,3,8,457b0468ba5f023a4a9f38816dbca0899481d04d,False
complete,synthetic,synthetic-singular__synthetic__symmetric-hamiltonian__L16__lr0.01__bs64__seed3,results/runs/synthetic/synthetic-singular__synthetic__symmetric-hamiltonian__L16__lr0.01__bs64__seed3_seed3,synthetic-singular,synthetic,symmetric-hamiltonian,16,3,0.01,64,2000,True,plus,True,False,0.3308128940150473,0.899390243902439,0.3443827852136571,0.8986568986568987,0.9054878048780488,1607.0121951219512,,67.5418632030487,,496,3,8,457b0468ba5f023a4a9f38816dbca0899481d04d,False
complete,synthetic,synthetic-singular__synthetic__symmetric-hamiltonian__L16__lr0.01__bs64__seed4,results/runs/synthetic/synthetic-singular__synthetic__symmetric-hamiltonian__L16__lr0.01__bs64__seed4_seed4,synthetic-singular,synthetic,symmetric-hamiltonian,16,4,0.01,64,2000,True,plus,True,False,0.36796300315693153,0.8810975609756098,0.35972952459953783,0.8754578754578755,0.8932926829268293,1601.9817073170734,,67.11784505844116,,496,3,8,457b0468ba5f023a4a9f38816dbca0899481d04d,False
complete,synthetic,synthetic-singular__synthetic__symmetric-hamiltonian__L16__lr0.01__bs64__seed5,results/runs/synthetic/synthetic-singular__synthetic__symmetric-hamiltonian__L16__lr0.01__bs64__seed5_seed5,synthetic-singular,synthetic,symmetric-hamiltonian,16,5,0.01,64,2000,True,plus,True,False,0.3167082765906731,0.8902439024390244,0.30771453827058304,0.9108669108669109,0.9115853658536586,1658.6890243902437,,67.63633799552917,,496,3,8,457b0468ba5f023a4a9f38816dbca0899481d04d,False
complete,synthetic,synthetic-singular__synthetic__symmetric-hamiltonian__L16__lr0.01__bs64__seed6,results/runs/synthetic/synthetic-singular__synthetic__symmetric-hamiltonian__L16__lr0.01__bs64__seed6_seed6,synthetic-singular,synthetic,symmetric-hamiltonian,16,6,0.01,64,2000,True,plus,True,False,0.322191484224869,0.9115853658536586,0.3261287934456499,0.905982905982906,0.9115853658536586,1644.8170731707319,,68.09057068824768,,496,3,8,457b0468ba5f023a4a9f38816dbca0899481d04d,False
complete,synthetic,synthetic-singular__synthetic__symmetric-hamiltonian__L16__lr0.01__bs64__seed7,results/runs/synthetic/synthetic-singular__synthetic__symmetric-hamiltonian__L16__lr0.01__bs64__seed7_seed7,synthetic-singular,synthetic,symmetric-hamiltonian,16,7,0.01,64,2000,True,plus,True,False,0.3262414928942691,0.8841463414634146,0.3218455843720326,0.894993894993895,0.8932926829268293,1602.2865853658539,,65.57535147666931,,496,3,8,457b0468ba5f023a4a9f38816dbca0899481d04d,False
complete,synthetic,synthetic-singular__synthetic__symmetric-hamiltonian__L16__lr0.01__bs64__seed8,results/runs/synthetic/synthetic-singular__synthetic__symmetric-hamiltonian__L16__lr0.01__bs64__seed8_seed8,synthetic-singular,synthetic,symmetric-hamiltonian,16,8,0.01,64,2000,True,plus,True,False,0.30315783232026133,0.9024390243902439,0.30363412496505043,0.9145299145299145,0.9085365853658537,1644.0548780487804,,68.06038451194763,,496,3,8,457b0468ba5f023a4a9f38816dbca0899481d04d,False
complete,synthetic,synthetic-singular__synthetic__symmetric-hamiltonian__L16__lr0.01__bs64__seed9,results/runs/synthetic/synthetic-singular__synthetic__symmetric-hamiltonian__L16__lr0.01__bs64__seed9_seed9,synthetic-singular,synthetic,symmetric-hamiltonian,16,9,0.01,64,2000,True,plus,True,False,0.32691507749166826,0.8841463414634146,0.3197040708986781,0.8986568986568987,0.9085365853658537,1662.9573170731708,,65.37135767936707,,496,3,8,457b0468ba5f023a4a9f38816dbca0899481d04d,False
complete,synthetic,synthetic-singular__synthetic__symmetric-hamiltonian__L1__lr0.01__bs64__seed0,results/runs/synthetic/synthetic-singular__synthetic__symmetric-hamiltonian__L1__lr0.01__bs64__seed0_seed0,synthetic-singular,synthetic,symmetric-hamiltonian,1,0,0.01,64,2000,True,plus,True,False,0.5465117120579637,0.7012195121951219,0.5512801407443879,0.7313797313797313,0.7103658536585366,1325.9146341463413,,17.717469692230225,,31,3,8,5d760ef42d71a06acce4efdc9ed931be057f16a6,False
complete,synthetic,synthetic-singular__synthetic__symmetric-hamiltonian__L1__lr0.01__bs64__seed10,results/runs/synthetic/synthetic-singular__synthetic__symmetric-hamiltonian__L1__lr0.01__bs64__seed10_seed10,synthetic-singular,synthetic,symmetric-hamiltonian,1,10,0.01,64,2000,True,plus,True,False,0.5517396027697212,0.7073170731707317,0.5542863761538916,0.7277167277167277,0.7103658536585366,1317.987804878049,,18.06947660446167,,31,3,8,5d760ef42d71a06acce4efdc9ed931be057f16a6,False
complete,synthetic,synthetic-singular__synthetic__symmetric-hamiltonian__L1__lr0.01__bs64__seed11,results/runs/synthetic/synthetic-singular__synthetic__symmetric-hamiltonian__L1__lr0.01__bs64__seed11_seed11,synthetic-singular,synthetic,symmetric-hamiltonian,1,11,0.01,64,2000,True,plus,True,False,0.5502848329672118,0.7042682926829268,0.5534428293672293,0.7301587301587301,0.7103658536585366,1319.3597560975609,,16.540100812911987,,31,3,8,5d760ef42d71a06acce4efdc9ed931be057f16a6,False
complete,synthetic,synthetic-singular__synthetic__symmetric-hamiltonian__L1__lr0.01__bs64__seed12,results/runs/synthetic/synthetic-singular__synthetic__symmetric-hamiltonian__L1__lr0.01__bs64__seed12_seed12,synthetic-singular,synthetic,symmetric-hamiltonian,1,12,0.01,64,2000,True,plus,True,False,0.5476420342544326,0.7073170731707317,0.5516578389148836,0.7289377289377289,0.7134146341463414,1322.2560975609758,,16.60196805000305,,31,3,8,5d760ef42d71a06acce4efdc9ed931be057f16a6,False
complete,synthetic,synthetic-singular__synthetic__symmetric-hamiltonian__L1__lr0.01__bs64__seed13,results/runs/synthetic/synthetic-singular__synthetic__symmetric-hamiltonian__L1__lr0.01__bs64__seed13_seed13,synthetic-singular,synthetic,symmetric-hamiltonian,1,13,0.01,64,2000,True,plus,True,False,0.5609138825820796,0.6951219512195121,0.5583933322502842,0.7228327228327228,0.7103658536585366,1314.481707317073,,15.63281536102295,,31,3,8,5d760ef42d71a06acce4efdc9ed931be057f16a6,False
complete,synthetic,synthetic-singular__synthetic__symmetric-hamiltonian__L1__lr0.01__bs64__seed14,results/runs/synthetic/synthetic-singular__synthetic__symmetric-hamiltonian__L1__lr0.01__bs64__seed14_seed14,synthetic-singular,synthetic,symmetric-hamiltonian,1,14,0.01,64,2000,True,plus,True,False,0.5518402104863029,0.698170731707317,0.560720598561322,0.7106227106227107,0.7103658536585366,1319.0548780487804,,16.519855260849,,31,3,8,5d760ef42d71a06acce4efdc9ed931be057f16a6,False
complete,synthetic,synthetic-singular__synthetic__symmetric-hamiltonian__L1__lr0.01__bs64__seed15,results/runs/synthetic/synthetic-singular__synthetic__symmetric-hamiltonian__L1__lr0.01__bs64__seed15_seed15,synthetic-singular,synthetic,symmetric-hamiltonian,1,15,0.01,64,2000,True,plus,True,False,0.5622480363651631,0.6737804878048781,0.5734280265881194,0.6886446886446886,0.7103658536585366,1313.5670731707314,,17.687163829803467,,31,3,8,5d760ef42d71a06acce4efdc9ed931be057f16a6,False
complete,synthetic,synthetic-singular__synthetic__symmetric-hamiltonian__L1__lr0.01__bs64__seed16,results/runs/synthetic/synthetic-singular__synthetic__symmetric-hamiltonian__L1__lr0.01__bs64__seed16_seed16,synthetic-singular,synthetic,symmetric-hamiltonian,1,16,0.01,64,2000,True,plus,True,False,0.5477263355772756,0.7042682926829268,0.5508908683576316,0.7301587301587301,0.7103658536585366,1318.4451219512198,,15.616430044174194,,31,3,8,5d760ef42d71a06acce4efdc9ed931be057f16a6,False
complete,synthetic,synthetic-singular__synthetic__symmetric-hamiltonian__L1__lr0.01__bs64__seed17,results/runs/synthetic/synthetic-singular__synthetic__symmetric-hamiltonian__L1__lr0.01__bs64__seed17_seed17,synthetic-singular,synthetic,symmetric-hamiltonian,1,17,0.01,64,2000,True,plus,True,False,0.5522974969279738,0.7042682926829268,0.5564032169982215,0.7277167277167277,0.7195121951219512,1316.1585365853657,,16.417240858078003,,31,3,8,5d760ef42d71a06acce4efdc9ed931be057f16a6,False
complete,synthetic,synthetic-singular__synthetic__symmetric-hamiltonian__L1__lr0.01__bs64__seed18,results/runs/synthetic/synthetic-singular__synthetic__symmetric-hamiltonian__L1__lr0.01__bs64__seed18_seed18,synthetic-singular,synthetic,symmetric-hamiltonian,1,18,0.01,64,2000,True,plus,True,False,0.5565612995687637,0.6920731707317073,0.5603567651440531,0.7142857142857143,0.7103658536585366,1329.7256097560976,,17.591636657714844,,31,3,8,5d760ef42d71a06acce4efdc9ed931be057f16a6,False
complete,synthetic,synthetic-singular__synthetic__symmetric-hamiltonian__L1__lr0.01__bs64__seed19,results/runs/synthetic/synthetic-singular__synthetic__symmetric-hamiltonian__L1__lr0.01__bs64__seed19_seed19,synthetic-singular,synthetic,symmetric-hamiltonian,1,19,0.01,64,2000,True,plus,True,False,0.5492111008309593,0.6920731707317073,0.5495819031367755,0.7374847374847375,0.7134146341463414,1319.207317073171,,17.17414355278015,,31,3,8,5d760ef42d71a06acce4efdc9ed931be057f16a6,False
complete,synthetic,synthetic-singular__synthetic__symmetric-hamiltonian__L1__lr0.01__bs64__seed1,results/runs/synthetic/synthetic-singular__synthetic__symmetric-hamiltonian__L1__lr0.01__bs64__seed1_seed1,synthetic-singular,synthetic,symmetric-hamiltonian,1,1,0.01,64,2000,True,plus,True,False,0.5520666440462237,0.7012195121951219,0.553528091797401,0.7313797313797313,0.7134146341463414,1325.0,,16.357994318008423,,31,3,8,5d760ef42d71a06acce4efdc9ed931be057f16a6,False
complete,synthetic,synthetic-singular__synthetic__symmetric-hamiltonian__L1__lr0.01__bs64__seed2,results/runs/synthetic/synthetic-singular__synthetic__symmetric-hamiltonian__L1__lr0.01__bs64__seed2_seed2,synthetic-singular,synthetic,symmetric-hamiltonian,1,2,0.01,64,2000,True,plus,True,False,0.5472487723303527,0.6951219512195121,0.552111501115143,0.7326007326007326,0.7042682926829268,1317.3780487804877,,16.588143587112427,,31,3,8,5d760ef42d71a06acce4efdc9ed931be057f16a6,False
complete,synthetic,synthetic-singular__synthetic__symmetric-hamiltonian__L1__lr0.01__bs64__seed3,results/runs/synthetic/synthetic-singular__synthetic__symmetric-hamiltonian__L1__lr0.01__bs64__seed3_seed3,synthetic-singular,synthetic,symmetric-hamiltonian,1,3,0.01,64,2000,True,plus,True,False,0.5488398543660934,0.6951219512195121,0.5505532887786193,0.7350427350427351,0.7134146341463414,1322.408536585366,,16.366430044174194,,31,3,8,5d760ef42d71a06acce4efdc9ed931be057f16a6,False
complete,synthetic,synthetic-singular__synthetic__symmetric-hamiltonian__L1__lr0.01__bs64__seed4,results/runs/synthetic/synthetic-singular__synthetic__symmetric-hamiltonian__L1__lr0.01__bs64__seed4_seed4,synthetic-singular,synthetic,symmetric-hamiltonian,1,4,0.01,64,2000,True,plus,True,False,0.5495685527560387,0.698170731707317,0.5494979224699108,0.7411477411477412,0.7103658536585366,1317.2256097560978,,17.304107427597046,,31,3,8,5d760ef42d71a06acce4efdc9ed931be057f16a6,False
complete,synthetic,synthetic-singular__synthetic__symmetric-hamiltonian__L1__lr0.01__bs64__seed5,results/runs/synthetic/synthetic-singular__synthetic__symmetric-hamiltonian__L1__lr0.01__bs64__seed5_seed5,synthetic-singular,synthetic,symmetric-hamiltonian,1,5,0.01,64,2000,True,plus,True,False,0.5518752513575189,0.698170731707317,0.5582641935205636,0.717948717948718,0.7134146341463414,1328.810975609756,,16.274872064590454,,31,3,8,5d760ef42d71a06acce4efdc9ed931be057f16a6,False
complete,synthetic,synthetic-singular__synthetic__symmetric-hamiltonian__L1__lr0.01__bs64__seed6,results/runs/synthetic/synthetic-singular__synthetic__symmetric-hamiltonian__L1__lr0.01__bs64__seed6_seed6,synthetic-singular,synthetic,symmetric-hamiltonian,1,6,0.01,64,2000,True,plus,True,False,0.5515685566489947,0.7042682926829268,0.5547275993610036,0.7277167277167277,0.7134146341463414,1326.0670731707316,,16.773888111114502,,31,3,8,5d760ef42d71a06acce4efdc9ed931be057f16a6,False
complete,synthetic,synthetic-singular__synthetic__symmetric-hamiltonian__L1__lr0.01__bs64__seed7,results/runs/synthetic/synthetic-singular__synthetic__symmetric-hamiltonian__L1__lr0.01__bs64__seed7_seed7,synthetic-singular,synthetic,symmetric-hamiltonian,1,7,0.01,64,2000,True,plus,True,False,0.5476855190837536,0.698170731707317,0.5521827492764965,0.7374847374847375,0.7164634146341463,1331.2499999999995,,16.02867102622986,,31,3,8,5d760ef42d71a06acce4efdc9ed931be057f16a6,False
complete,synthetic,synthetic-singular__synthetic__symmetric-hamiltonian__L1__lr0.01__bs64__seed8,results/runs/synthetic/synthetic-singular__synthetic__symmetric-hamiltonian__L1__lr0.01__bs64__seed8_seed8,synthetic-singular,synthetic,symmetric-hamiltonian,1,8,0.01,64,2000,True,plus,True,False,0.5452522928765373,0.7042682926829268,0.5475615615299587,0.7435897435897436,0.7134146341463414,1317.378048780488,,17.30033826828003,,31,3,8,5d760ef42d71a06acce4efdc9ed931be057f16a6,False
complete,synthetic,synthetic-singular__synthetic__symmetric-hamiltonian__L1__lr0.01__bs64__seed9,results/runs/synthetic/synthetic-singular__synthetic__symmetric-hamiltonian__L1__lr0.01__bs64__seed9_seed9,synthetic-singular,synthetic,symmetric-hamiltonian,1,9,0.01,64,2000,True,plus,True,False,0.5495747488887613,0.698170731707317,0.5518581381824498,0.7313797313797313,0.7378048780487805,1330.640243902439,,16.16665029525757,,31,3,8,5d760ef42d71a06acce4efdc9ed931be057f16a6,False
complete,synthetic,synthetic-singular__synthetic__symmetric-hamiltonian__L2__lr0.01__bs64__seed0,results/runs/synthetic/synthetic-singular__synthetic__symmetric-hamiltonian__L2__lr0.01__bs64__seed0_seed0,synthetic-singular,synthetic,symmetric-hamiltonian,2,0,0.01,64,2000,True,plus,True,False,0.4752293212324192,0.7621951219512195,0.4654867604769267,0.8046398046398047,0.774390243902439,1441.6158536585367,,21.457603931427002,,62,3,8,5d760ef42d71a06acce4efdc9ed931be057f16a6,False
complete,synthetic,synthetic-singular__synthetic__symmetric-hamiltonian__L2__lr0.01__bs64__seed10,results/runs/synthetic/synthetic-singular__synthetic__symmetric-hamiltonian__L2__lr0.01__bs64__seed10_seed10,synthetic-singular,synthetic,symmetric-hamiltonian,2,10,0.01,64,2000,True,plus,True,False,0.47317134948378414,0.7896341463414634,0.46354402273498163,0.8083028083028083,0.8201219512195121,1457.3170731707319,,20.630173444747925,,62,3,8,5d760ef42d71a06acce4efdc9ed931be057f16a6,False
complete,synthetic,synthetic-singular__synthetic__symmetric-hamiltonian__L2__lr0.01__bs64__seed11,results/runs/synthetic/synthetic-singular__synthetic__symmetric-hamiltonian__L2__lr0.01__bs64__seed11_seed11,synthetic-singular,synthetic,symmetric-hamiltonian,2,11,0.01,64,2000,True,plus,True,False,0.4739483560281937,0.7682926829268293,0.46822399893746103,0.8058608058608059,0.7774390243902439,1438.7195121951218,,21.928760528564453,,62,3,8,5d760ef42d71a06acce4efdc9ed931be057f16a6,False
complete,synthetic,synthetic-singular__synthetic__symmetric-hamiltonian__L2__lr0.01__bs64__seed12,results/runs/synthetic/synthetic-singular__synthetic__symmetric-hamiltonian__L2__lr0.01__bs64__seed12_seed12,synthetic-singular,synthetic,symmetric-hamiltonian,2,12,0.01,64,2000,True,plus,True,False,0.4721082410400774,0.7713414634146342,0.46388085280461927,0.8058608058608059,0.7804878048780488,1441.7682926829268,,19.421229600906372,,62,3,8,5d760ef42d71a06acce4efdc9ed931be057f16a6,False
complete,synthetic,synthetic-singular__synthetic__symmetric-hamiltonian__L2__lr0.01__bs64__seed13,results/runs/synthetic/synthetic-singular__synthetic__symmetric-hamiltonian__L2__lr0.01__bs64__seed13_seed13,synthetic-singular,synthetic,symmetric-hamiltonian,2,13,0.01,64,2000,True,plus,True,False,0.46852029629727776,0.7835365853658537,0.4633726086356429,0.8095238095238095,0.7835365853658537,1435.9756097560976,,21.008676767349243,,62,3,8,5d760ef42d71a06acce4efdc9ed931be057f16a6,False
complete,synthetic,synthetic-singular__synthetic__symmetric-hamiltonian__L2__lr0.01__bs64__seed14,results/runs/synthetic/synthetic-singular__synthetic__symmetric-hamiltonian__L2__lr0.01__bs64__seed14_seed14,synthetic-singular,synthetic,symmetric-hamiltonian,2,14,0.01,64,2000,True,plus,True,False,0.464218165071926,0.7865853658536586,0.46098040034106846,0.800976800976801,0.8140243902439024,1479.7256097560976,,19.30272650718689,,62,3,8,5d760ef42d71a06acce4efdc9ed931be057f16a6,False
complete,synthetic,synthetic-singular__synthetic__symmetric-hamiltonian__L2__lr0.01__bs64__seed15,results/runs/synthetic/synthetic-singular__synthetic__symmetric-hamiltonian__L2__lr0.01__bs64__seed15_seed15,synthetic-singular,synthetic,symmetric-hamiltonian,2,15,0.01,64,2000,True,plus,True,False,0.4711741761861376,0.774390243902439,0.4605545044810364,0.7912087912087912,0.7957317073170732,1445.2743902439024,,20.695703268051147,,62,3,8,5d760ef42d71a06acce4efdc9ed931be057f16a6,False
complete,synthetic,synthetic-singular__synthetic__symmetric-hamiltonian__L2__lr0.01__bs64__seed16,results/runs/synthetic/synthetic-singular__synthetic__symmetric-hamiltonian__L2__lr0.01__bs64__seed16_seed16,synthetic-singular,synthetic,symmetric-hamiltonian,2,16,0.01,64,2000,True,plus,True,False,0.47625607340035603,0.7621951219512195,0.4700322298529265,0.8021978021978022,0.7804878048780488,1431.8597560975609,,19.461977243423462,,62,3,8,5d760ef42d71a06acce4efdc9ed931be057f16a6,False
complete,synthetic,synthetic-singular__synthetic__symmetric-hamiltonian__L2__lr0.01__bs64__seed17,results/runs/synthetic/synthetic-singular__synthetic__symmetric-hamiltonian__L2__lr0.01__bs64__seed17_seed17,synthetic-singular,synthetic,symmetric-hamiltonian,2,17,0.01,64,2000,True,plus,True,False,0.46472405268237976,0.7987804878048781,0.45408794813642506,0.8070818070818071,0.8140243902439024,1494.5121951219512,,18.992706298828125,,62,3,8,5d760ef42d71a06acce4efdc9ed931be057f16a6,False
complete,synthetic,synthetic-singular__synthetic__symmetric-hamiltonian__L2__lr0.01__bs64__seed18,results/runs/synthetic/synthetic-singular__synthetic__symmetric-hamiltonian__L2__lr0.01__bs64__seed18_seed18,synthetic-singular,synthetic,symmetric-hamiltonian,2,18,0.01,64,2000,True,plus,True,False,0.47488675318103873,0.7652439024390244,0.4653671648902049,0.8021978021978022,0.7804878048780488,1436.280487804878,,20.26280903816223,,62,3,8,5d760ef42d71a06acce4efdc9ed931be057f16a6,False
complete,synthetic,synthetic-singular__synthetic__symmetric-hamiltonian__L2__lr0.01__bs64__seed19,results/runs/synthetic/synthetic-singular__synthetic__symmetric-hamiltonian__L2__lr0.01__bs64__seed19_seed19,synthetic-singular,synthetic,symmetric-hamiltonian,2,19,0.01,64,2000,True,plus,True,False,0.47154596446850683,0.7774390243902439,0.460753158417204,0.8107448107448108,0.7774390243902439,1434.6036585365857,,19.35445523262024,,62,3,8,5d760ef42d71a06acce4efdc9ed931be057f16a6,False
complete,synthetic,synthetic-singular__synthetic__symmetric-hamiltonian__L2__lr0.01__bs64__seed1,results/runs/synthetic/synthetic-singular__synthetic__symmetric-hamiltonian__L2__lr0.01__bs64__seed1_seed1,synthetic-singular,synthetic,symmetric-hamiltonian,2,1,0.01,64,2000,True,plus,True,False,0.47932359857494244,0.7713414634146342,0.46525254116694753,0.7863247863247863,0.7835365853658537,1441.0060975609758,,19.25015664100647,,62,3,8,5d760ef42d71a06acce4efdc9ed931be057f16a6,False
complete,synthetic,synthetic-singular__synthetic__symmetric-hamiltonian__L2__lr0.01__bs64__seed2,results/runs/synthetic/synthetic-singular__synthetic__symmetric-hamiltonian__L2__lr0.01__bs64__seed2_seed2,synthetic-singular,synthetic,symmetric-hamiltonian,2,2,0.01,64,2000,True,plus,True,False,0.4697245977582884,0.7926829268292683,0.4574957162991051,0.8070818070818071,0.7926829268292683,1447.2560975609756,,21.99193549156189,,62,3,8,5d760ef42d71a06acce4efdc9ed931be057f16a6,False
complete,synthetic,synthetic-singular__synthetic__symmetric-hamiltonian__L2__lr0.01__bs64__seed3,results/runs/synthetic/synthetic-singular__synthetic__symmetric-hamiltonian__L2__lr0.01__bs64__seed3_seed3,synthetic-singular,synthetic,symmetric-hamiltonian,2,3,0.01,64,2000,True,plus,True,False,0.47429943182375767,0.7713414634146342,0.4675994211276051,0.8070818070818071,0.7774390243902439,1437.1951219512198,,19.538333892822266,,62,3,8,5d760ef42d71a06acce4efdc9ed931be057f16a6,False
complete,synthetic,synthetic-singular__synthetic__symmetric-hamiltonian__L2__lr0.01__bs64__seed4,results/runs/synthetic/synthetic-singular__synthetic__symmetric-hamiltonian__L2__lr0.01__bs64__seed4_seed4,synthetic-singular,synthetic,symmetric-hamiltonian,2,4,0.01,64,2000,True,plus,True,False,0.45906412852868506,0.7896341463414634,0.45642794222565675,0.7924297924297924,0.8048780487804879,1464.6341463414633,,20.900893688201904,,62,3,8,5d760ef42d71a06acce4efdc9ed931be057f16a6,False
complete,synthetic,synthetic-singular__synthetic__symmetric-hamiltonian__L2__lr0.01__bs64__seed5,results/runs/synthetic/synthetic-singular__synthetic__symmetric-hamiltonian__L2__lr0.01__bs64__seed5_seed5,synthetic-singular,synthetic,symmetric-hamiltonian,2,5,0.01,64,2000,True,plus,True,False,0.46445938234157524,0.8140243902439024,0.4564033495483257,0.8131868131868132,0.8140243902439024,1469.3597560975609,,19.161651611328125,,62,3,8,5d760ef42d71a06acce4efdc9ed931be057f16a6,False
complete,synthetic,synthetic-singular__synthetic__symmetric-hamiltonian__L2__lr0.01__bs64__seed6,results/runs/synthetic/synthetic-singular__synthetic__symmetric-hamiltonian__L2__lr0.01__bs64__seed6_seed6,synthetic-singular,synthetic,symmetric-hamiltonian,2,6,0.01,64,2000,True,plus,True,False,0.4611384204000073,0.7957317073170732,0.4635832960853583,0.7863247863247863,0.7987804878048781,1455.1829268292684,,19.90792226791382,,62,3,8,5d760ef42d71a06acce4efdc9ed931be057f16a6,False
complete,synthetic,synthetic-singular__synthetic__symmetric-hamiltonian__L2__lr0.01__bs64__seed7,results/runs/synthetic/synthetic-singular__synthetic__symmetric-hamiltonian__L2__lr0.01__bs64__seed7_seed7,synthetic-singular,synthetic,symmetric-hamiltonian,2,7,0.01,64,2000,True,plus,True,False,0.4712932741846888,0.7804878048780488,0.4618696742487062,0.8107448107448108,0.7804878048780488,1442.2256097560976,,20.965903520584106,,62,3,8,5d760ef42d71a06acce4efdc9ed931be057f16a6,False
complete,synthetic,synthetic-singular__synthetic__symmetric-hamiltonian__L2__lr0.01__bs64__seed8,results/runs/synthetic/synthetic-singular__synthetic__symmetric-hamiltonian__L2__lr0.01__bs64__seed8_seed8,synthetic-singular,synthetic,symmetric-hamiltonian,2,8,0.01,64,2000,True,plus,True,False,0.47085337811555816,0.7774390243902439,0.46458769054369553,0.800976800976801,0.7896341463414634,1443.2926829268295,,19.2713885307312,,62,3,8,5d760ef42d71a06acce4efdc9ed931be057f16a6,False
complete,synthetic,synthetic-singular__synthetic__symmetric-hamiltonian__L2__lr0.01__bs64__seed9,results/runs/synthetic/synthetic-singular__synthetic__symmetric-hamiltonian__L2__lr0.01__bs64__seed9_seed9,synthetic-singular,synthetic,symmetric-hamiltonian,2,9,0.01,64,2000,True,plus,True,False,0.4717034378665775,0.8048780487804879,0.45918166631030977,0.7997557997557998,0.8048780487804879,1449.6951219512198,,20.959807634353638,,62,3,8,5d760ef42d71a06acce4efdc9ed931be057f16a6,False
complete,synthetic,synthetic-singular__synthetic__symmetric-hamiltonian__L32__lr0.01__bs64__seed0,results/runs/synthetic/synthetic-singular__synthetic__symmetric-hamiltonian__L32__lr0.01__bs64__seed0_seed0,synthetic-singular,synthetic,symmetric-hamiltonian,32,0,0.01,64,2000,True,plus,True,False,0.3771251736649014,0.8567073170731707,0.36560257487933345,0.8571428571428571,0.9237804878048781,1626.5243902439022,,118.83399939537048,,992,3,8,457b0468ba5f023a4a9f38816dbca0899481d04d,False
complete,synthetic,synthetic-singular__synthetic__symmetric-hamiltonian__L32__lr0.01__bs64__seed10,results/runs/synthetic/synthetic-singular__synthetic__symmetric-hamiltonian__L32__lr0.01__bs64__seed10_seed10,synthetic-singular,synthetic,symmetric-hamiltonian,32,10,0.01,64,2000,True,plus,True,False,0.3038449353177913,0.8963414634146342,0.31567370142286116,0.894993894993895,0.9024390243902439,1654.5731707317073,,116.63139605522156,,992,3,8,457b0468ba5f023a4a9f38816dbca0899481d04d,False
complete,synthetic,synthetic-singular__synthetic__symmetric-hamiltonian__L32__lr0.01__bs64__seed11,results/runs/synthetic/synthetic-singular__synthetic__symmetric-hamiltonian__L32__lr0.01__bs64__seed11_seed11,synthetic-singular,synthetic,symmetric-hamiltonian,32,11,0.01,64,2000,True,plus,True,False,0.29694233041906787,0.9054878048780488,0.30167270770677845,0.8962148962148963,0.9207317073170732,1662.3475609756097,,117.12449145317078,,992,3,8,457b0468ba5f023a4a9f38816dbca0899481d04d,False
complete,synthetic,synthetic-singular__synthetic__symmetric-hamiltonian__L32__lr0.01__bs64__seed12,results/runs/synthetic/synthetic-singular__synthetic__symmetric-hamiltonian__L32__lr0.01__bs64__seed12_seed12,synthetic-singular,synthetic,symmetric-hamiltonian,32,12,0.01,64,2000,True,plus,True,False,0.34571728807046564,0.8567073170731707,0.33506557377960466,0.8766788766788767,0.9176829268292683,1655.7926829268292,,119.52258563041687,,992,3,8,457b0468ba5f023a4a9f38816dbca0899481d04d,False
complete,synthetic,synthetic-singular__synthetic__symmetric-hamiltonian__L32__lr0.01__bs64__seed13,results/runs/synthetic/synthetic-singular__synthetic__symmetric-hamiltonian__L32__lr0.01__bs64__seed13_seed13,synthetic-singular,synthetic,symmetric-hamiltonian,32,13,0.01,64,2000,True,plus,True,False,0.3280869372130419,0.8932926829268293,0.32104331475818343,0.9035409035409036,0.8932926829268293,1622.2560975609751,,118.7225444316864,,992,3,8,457b0468ba5f023a4a9f38816dbca0899481d04d,False
complete,synthetic,synthetic-singular__synthetic__symmetric-hamiltonian__L32__lr0.01__bs64__seed14,results/runs/synthetic/synthetic-singular__synthetic__symmetric-hamiltonian__L32__lr0.01__bs64__seed14_seed14,synthetic-singular,synthetic,symmetric-hamiltonian,32,14,0.01,64,2000,True,plus,True,False,0.3494637506127897,0.8871951219512195,0.33215787995030527,0.9108669108669109,0.8932926829268293,1596.9512195121952,,119.73237109184265,,992,3,8,457b0468ba5f023a4a9f38816dbca0899481d04d,False
complete,synthetic,synthetic-singular__synthetic__symmetric-hamiltonian__L32__lr0.01__bs64__seed15,results/runs/synthetic/synthetic-singular__synthetic__symmetric-hamiltonian__L32__lr0.01__bs64__seed15_seed15,synthetic-singular,synthetic,symmetric-hamiltonian,32,15,0.01,64,2000,True,plus,True,False,0.3663283998660912,0.8810975609756098,0.3511726772380829,0.8998778998778999,0.899390243902439,1623.7804878048782,,116.75838041305542,,992,3,8,457b0468ba5f023a4a9f38816dbca0899481d04d,False
complete,synthetic,synthetic-singular__synthetic__symmetric-hamiltonian__L32__lr0.01__bs64__seed16,results/runs/synthetic/synthetic-singular__synthetic__symmetric-hamiltonian__L32__lr0.01__bs64__seed16_seed16,synthetic-singular,synthetic,symmetric-hamiltonian,32,16,0.01,64,2000,True,plus,True,False,0.3251915769815477,0.8841463414634146,0.31595567769033645,0.9023199023199023,0.8841463414634146,1613.719512195122,,119.01977634429932,,992,3,8,457b0468ba5f023a4a9f38816dbca0899481d04d,False
complete,synthetic,synthetic-singular__synthetic__symmetric-hamiltonian__L32__lr0.01__bs64__seed17,results/runs/synthetic/synthetic-singular__synthetic__symmetric-hamiltonian__L32__lr0.01__bs64__seed17_seed17,synthetic-singular,synthetic,symmetric-hamiltonian,32,17,0.01,64,2000,True,plus,True,False,0.31591536780398055,0.9176829268292683,0.32302069956833307,0.9010989010989011,0.9176829268292683,1601.981707317073,,118.48337268829346,,992,3,8,457b0468ba5f023a4a9f38816dbca0899481d04d,False
complete,synthetic,synthetic-singular__synthetic__symmetric-hamiltonian__L32__lr0.01__bs64__seed18,results/runs/synthetic/synthetic-singular__synthetic__symmetric-hamiltonian__L32__lr0.01__bs64__seed18_seed18,synthetic-singular,synthetic,symmetric-hamiltonian,32,18,0.01,64,2000,True,plus,True,False,0.3263303159280539,0.9024390243902439,0.32464279920973266,0.9023199023199023,0.9207317073170732,1652.7439024390244,,118.77741122245789,,992,3,8,457b0468ba5f023a4a9f38816dbca0899481d04d,False
complete,synthetic,synthetic-singular__synthetic__symmetric-hamiltonian__L32__lr0.01__bs64__seed19,results/runs/synthetic/synthetic-singular__synthetic__symmetric-hamiltonian__L32__lr0.01__bs64__seed19_seed19,synthetic-singular,synthetic,symmetric-hamiltonian,32,19,0.01,64,2000,True,plus,True,False,0.37546766040430163,0.8445121951219512,0.36619679634666913,0.8925518925518926,0.8719512195121951,1552.4390243902442,,119.85785984992981,,992,3,8,457b0468ba5f023a4a9f38816dbca0899481d04d,False
complete,synthetic,synthetic-singular__synthetic__symmetric-hamiltonian__L32__lr0.01__bs64__seed1,results/runs/synthetic/synthetic-singular__synthetic__symmetric-hamiltonian__L32__lr0.01__bs64__seed1_seed1,synthetic-singular,synthetic,symmetric-hamiltonian,32,1,0.01,64,2000,True,plus,True,False,0.34171155556638044,0.8719512195121951,0.3270780371196313,0.8962148962148963,0.8963414634146342,1607.7743902439026,,116.9970715045929,,992,3,8,457b0468ba5f023a4a9f38816dbca0899481d04d,False
complete,synthetic,synthetic-singular__synthetic__symmetric-hamiltonian__L32__lr0.01__bs64__seed2,results/runs/synthetic/synthetic-singular__synthetic__symmetric-hamiltonian__L32__lr0.01__bs64__seed2_seed2,synthetic-singular,synthetic,symmetric-hamiltonian,32,2,0.01,64,2000,True,plus,True,False,0.3887219585681892,0.8628048780487805,0.3671402522561299,0.8815628815628815,0.9024390243902439,1610.8231707317077,,121.76433873176575,,992,3,8,457b0468ba5f023a4a9f38816dbca0899481d04d,False
complete,synthetic,synthetic-singular__synthetic__symmetric-hamiltonian__L32__lr0.01__bs64__seed3,results/runs/synthetic/synthetic-singular__synthetic__symmetric-hamiltonian__L32__lr0.01__bs64__seed3_seed3,synthetic-singular,synthetic,symmetric-hamiltonian,32,3,0.01,64,2000,True,plus,True,False,0.32156328221732466,0.8963414634146342,0.3201402793791349,0.8925518925518926,0.9054878048780488,1613.4146341463415,,123.30510640144348,,992,3,8,457b0468ba5f023a4a9f38816dbca0899481d04d,False
complete,synthetic,synthetic-singular__synthetic__symmetric-hamiltonian__L32__lr0.01__bs64__seed4,results/runs/synthetic/synthetic-singular__synthetic__symmetric-hamiltonian__L32__lr0.01__bs64__seed4_seed4,synthetic-singular,synthetic,symmetric-hamiltonian,32,4,0.01,64,2000,True,plus,True,False,0.32787179280950546,0.8932926829268293,0.3202916561600605,0.905982905982906,0.9085365853658537,1643.4451219512196,,121.77541399002075,,992,3,8,457b0468ba5f023a4a9f38816dbca0899481d04d,False
complete,synthetic,synthetic-singular__synthetic__symmetric-hamiltonian__L32__lr0.01__bs64__seed5,results/runs/synthetic/synthetic-singular__synthetic__symmetric-hamiltonian__L32__lr0.01__bs64__seed5_seed5,synthetic-singular,synthetic,symmetric-hamiltonian,32,5,0.01,64,2000,True,plus,True,False,0.46991700364945105,0.7926829268292683,0.4499806394076877,0.8095238095238095,0.8353658536585366,1514.6341463414637,,124.32033228874207,,992,3,8,457b0468ba5f023a4a9f38816dbca0899481d04d,False
complete,synthetic,synthetic-singular__synthetic__symmetric-hamiltonian__L32__lr0.01__bs64__seed6,results/runs/synthetic/synthetic-singular__synthetic__symmetric-hamiltonian__L32__lr0.01__bs64__seed6_seed6,synthetic-singular,synthetic,symmetric-hamiltonian,32,6,0.01,64,2000,True,plus,True,False,0.33344451404512515,0.8963414634146342,0.32703180726791237,0.9072039072039072,0.8963414634146342,1586.1280487804881,,125.05222010612488,,992,3,8,457b0468ba5f023a4a9f38816dbca0899481d04d,False
complete,synthetic,synthetic-singular__synthetic__symmetric-hamiltonian__L32__lr0.01__bs64__seed7,results/runs/synthetic/synthetic-singular__synthetic__symmetric-hamiltonian__L32__lr0.01__bs64__seed7_seed7,synthetic-singular,synthetic,symmetric-hamiltonian,32,7,0.01,64,2000,True,plus,True,False,0.34365723193220465,0.8963414634146342,0.3370715128259215,0.8827838827838828,0.9054878048780488,1656.09756097561,,124.73549842834473,,992,3,8,457b0468ba5f023a4a9f38816dbca0899481d04d,False
complete,synthetic,synthetic-singular__synthetic__symmetric-hamiltonian__L32__lr0.01__bs64__seed8,results/runs/synthetic/synthetic-singular__synthetic__symmetric-hamiltonian__L32__lr0.01__bs64__seed8_seed8,synthetic-singular,synthetic,symmetric-hamiltonian,32,8,0.01,64,2000,True,plus,True,False,0.3210513584985213,0.8902439024390244,0.29753968703889594,0.9084249084249084,0.9085365853658537,1648.3231707317073,,123.33041524887085,,992,3,8,457b0468ba5f023a4a9f38816dbca0899481d04d,False
complete,synthetic,synthetic-singular__synthetic__symmetric-hamiltonian__L32__lr0.01__bs64__seed9,results/runs/synthetic/synthetic-singular__synthetic__symmetric-hamiltonian__L32__lr0.01__bs64__seed9_seed9,synthetic-singular,synthetic,symmetric-hamiltonian,32,9,0.01,64,2000,True,plus,True,False,0.4404042311895748,0.8353658536585366,0.42776343340193584,0.8278388278388278,0.8628048780487805,1521.0365853658536,,125.47007584571838,,992,3,8,457b0468ba5f023a4a9f38816dbca0899481d04d,False
complete,synthetic,synthetic-singular__synthetic__symmetric-hamiltonian__L4__lr0.01__bs64__seed0,results/runs/synthetic/synthetic-singular__synthetic__symmetric-hamiltonian__L4__lr0.01__bs64__seed0_seed0,synthetic-singular,synthetic,symmetric-hamiltonian,4,0,0.01,64,2000,True,plus,True,False,0.38770103073507256,0.8689024390243902,0.37934289527458515,0.8754578754578755,0.899390243902439,1635.2134146341464,,48.49298906326294,,124,3,8,5d760ef42d71a06acce4efdc9ed931be057f16a6,False
complete,synthetic,synthetic-singular__synthetic__symmetric-hamiltonian__L4__lr0.01__bs64__seed10,results/runs/synthetic/synthetic-singular__synthetic__symmetric-hamiltonian__L4__lr0.01__bs64__seed10_seed10,synthetic-singular,synthetic,symmetric-hamiltonian,4,10,0.01,64,2000,True,plus,True,False,0.360884067817973,0.8780487804878049,0.36902197109059975,0.8608058608058609,0.8932926829268293,1610.823170731707,,26.5277316570282,,124,3,8,457b0468ba5f023a4a9f38816dbca0899481d04d,False
complete,synthetic,synthetic-singular__synthetic__symmetric-hamiltonian__L4__lr0.01__bs64__seed11,results/runs/synthetic/synthetic-singular__synthetic__symmetric-hamiltonian__L4__lr0.01__bs64__seed11_seed11,synthetic-singular,synthetic,symmetric-hamiltonian,4,11,0.01,64,2000,True,plus,True,False,0.37768323792522757,0.8780487804878049,0.36237156917201974,0.8681318681318682,0.8780487804878049,1568.140243902439,,27.579640865325928,,124,3,8,457b0468ba5f023a4a9f38816dbca0899481d04d,False
complete,synthetic,synthetic-singular__synthetic__symmetric-hamiltonian__L4__lr0.01__bs64__seed12,results/runs/synthetic/synthetic-singular__synthetic__symmetric-hamiltonian__L4__lr0.01__bs64__seed12_seed12,synthetic-singular,synthetic,symmetric-hamiltonian,4,12,0.01,64,2000,True,plus,True,False,0.3683647759441686,0.8597560975609756,0.36260557626111223,0.8681318681318682,0.8658536585365854,1578.5060975609754,,27.842732429504395,,124,3,8,457b0468ba5f023a4a9f38816dbca0899481d04d,False
complete,synthetic,synthetic-singular__synthetic__symmetric-hamiltonian__L4__lr0.01__bs64__seed13,results/runs/synthetic/synthetic-singular__synthetic__symmetric-hamiltonian__L4__lr0.01__bs64__seed13_seed13,synthetic-singular,synthetic,symmetric-hamiltonian,4,13,0.01,64,2000,True,plus,True,False,0.3823119629358195,0.8323170731707317,0.3653255021939353,0.8742368742368742,0.8719512195121951,1592.530487804878,,25.111408710479736,,124,3,8,457b0468ba5f023a4a9f38816dbca0899481d04d,False
complete,synthetic,synthetic-singular__synthetic__symmetric-hamiltonian__L4__lr0.01__bs64__seed14,results/runs/synthetic/synthetic-singular__synthetic__symmetric-hamiltonian__L4__lr0.01__bs64__seed14_seed14,synthetic-singular,synthetic,symmetric-hamiltonian,4,14,0.01,64,2000,True,plus,True,False,0.3747531915958712,0.8445121951219512,0.3511107754122507,0.8937728937728938,0.8689024390243902,1594.359756097561,,26.883904695510864,,124,3,8,457b0468ba5f023a4a9f38816dbca0899481d04d,False
complete,synthetic,synthetic-singular__synthetic__symmetric-hamiltonian__L4__lr0.01__bs64__seed15,results/runs/synthetic/synthetic-singular__synthetic__symmetric-hamiltonian__L4__lr0.01__bs64__seed15_seed15,synthetic-singular,synthetic,symmetric-hamiltonian,4,15,0.01,64,2000,True,plus,True,False,0.376166111020396,0.8597560975609756,0.3640286484368558,0.8681318681318682,0.8597560975609756,1591.6158536585367,,27.50379490852356,,124,3,8,457b0468ba5f023a4a9f38816dbca0899481d04d,False
complete,synthetic,synthetic-singular__synthetic__symmetric-hamiltonian__L4__lr0.01__bs64__seed16,results/runs/synthetic/synthetic-singular__synthetic__symmetric-hamiltonian__L4__lr0.01__bs64__seed16_seed16,synthetic-singular,synthetic,symmetric-hamiltonian,4,16,0.01,64,2000,True,plus,True,False,0.3756334717391763,0.8597560975609756,0.36284939553616014,0.8827838827838828,0.8810975609756098,1604.4207317073167,,26.313612937927246,,124,3,8,457b0468ba5f023a4a9f38816dbca0899481d04d,False
complete,synthetic,synthetic-singular__synthetic__symmetric-hamiltonian__L4__lr0.01__bs64__seed17,results/runs/synthetic/synthetic-singular__synthetic__symmetric-hamiltonian__L4__lr0.01__bs64__seed17_seed17,synthetic-singular,synthetic,symmetric-hamiltonian,4,17,0.01,64,2000,True,plus,True,False,0.37176659769392306,0.8719512195121951,0.36592742822562174,0.8595848595848596,0.8780487804878049,1605.9451219512196,,27.522763967514038,,124,3,8,457b0468ba5f023a4a9f38816dbca0899481d04d,False
complete,synthetic,synthetic-singular__synthetic__symmetric-hamiltonian__L4__lr0.01__bs64__seed18,results/runs/synthetic/synthetic-singular__synthetic__symmetric-hamiltonian__L4__lr0.01__bs64__seed18_seed18,synthetic-singular,synthetic,symmetric-hamiltonian,4,18,0.01,64,2000,True,plus,True,False,0.39631052272648143,0.8536585365853658,0.3735720655670458,0.873015873015873,0.8536585365853658,1567.8353658536587,,26.364123344421387,,124,3,8,457b0468ba5f023a4a9f38816dbca0899481d04d,False
complete,synthetic,synthetic-singular__synthetic__symmetric-hamiltonian__L4__lr0.01__bs64__seed19,results/runs/synthetic/synthetic-singular__synthetic__symmetric-hamiltonian__L4__lr0.01__bs64__seed19_seed19,synthetic-singular,synthetic,symmetric-hamiltonian,4,19,0.01,64,2000,True,plus,True,False,0.3918416223765826,0.8658536585365854,0.37852260879195276,0.8803418803418803,0.8780487804878049,1626.0670731707314,,26.65067481994629,,124,3,8,457b0468ba5f023a4a9f38816dbca0899481d04d,False
complete,synthetic,synthetic-singular__synthetic__symmetric-hamiltonian__L4__lr0.01__bs64__seed1,results/runs/synthetic/synthetic-singular__synthetic__symmetric-hamiltonian__L4__lr0.01__bs64__seed1_seed1,synthetic-singular,synthetic,symmetric-hamiltonian,4,1,0.01,64,2000,True,plus,True,False,0.3656561402447153,0.8658536585365854,0.3532788582543955,0.8644688644688645,0.8841463414634146,1590.548780487805,,26.098087549209595,,124,3,8,457b0468ba5f023a4a9f38816dbca0899481d04d,False
complete,synthetic,synthetic-singular__synthetic__symmetric-hamiltonian__L4__lr0.01__bs64__seed2,results/runs/synthetic/synthetic-singular__synthetic__symmetric-hamiltonian__L4__lr0.01__bs64__seed2_seed2,synthetic-singular,synthetic,symmetric-hamiltonian,4,2,0.01,64,2000,True,plus,True,False,0.3755054521213184,0.8536585365853658,0.35599941697648696,0.8815628815628815,0.8658536585365854,1601.6768292682923,,24.334826469421387,,124,3,8,457b0468ba5f023a4a9f38816dbca0899481d04d,False
complete,synthetic,synthetic-singular__synthetic__symmetric-hamiltonian__L4__lr0.01__bs64__seed3,results/runs/synthetic/synthetic-singular__synthetic__symmetric-hamiltonian__L4__lr0.01__bs64__seed3_seed3,synthetic-singular,synthetic,symmetric-hamiltonian,4,3,0.01,64,2000,True,plus,True,False,0.36499075682444676,0.8628048780487805,0.36384855265526417,0.8815628815628815,0.8902439024390244,1605.9451219512196,,26.36228060722351,,124,3,8,457b0468ba5f023a4a9f38816dbca0899481d04d,False
complete,synthetic,synthetic-singular__synthetic__symmetric-hamiltonian__L4__lr0.01__bs64__seed4,results/runs/synthetic/synthetic-singular__synthetic__symmetric-hamiltonian__L4__lr0.01__bs64__seed4_seed4,synthetic-singular,synthetic,symmetric-hamiltonian,4,4,0.01,64,2000,True,plus,True,False,0.37179384528954806,0.8689024390243902,0.3683568270696589,0.8644688644688645,0.8902439024390244,1601.6768292682925,,25.984194040298462,,124,3,8,457b0468ba5f023a4a9f38816dbca0899481d04d,False
complete,synthetic,synthetic-singular__synthetic__symmetric-hamiltonian__L4__lr0.01__bs64__seed5,results/runs/synthetic/synthetic-singular__synthetic__symmetric-hamiltonian__L4__lr0.01__bs64__seed5_seed5,synthetic-singular,synthetic,symmetric-hamiltonian,4,5,0.01,64,2000,True,plus,True,False,0.3781726034932727,0.8353658536585366,0.3522230565622216,0.894993894993895,0.8689024390243902,1599.5426829268288,,26.15520739555359,,124,3,8,457b0468ba5f023a4a9f38816dbca0899481d04d,False
complete,synthetic,synthetic-singular__synthetic__symmetric-hamiltonian__L4__lr0.01__bs64__seed6,results/runs/synthetic/synthetic-singular__synthetic__symmetric-hamiltonian__L4__lr0.01__bs64__seed6_seed6,synthetic-singular,synthetic,symmetric-hamiltonian,4,6,0.01,64,2000,True,plus,True,False,0.4040317796683563,0.8109756097560976,0.36954694834851726,0.8705738705738706,0.8658536585365854,1578.6585365853662,,25.06520366668701,,124,3,8,457b0468ba5f023a4a9f38816dbca0899481d04d,False
complete,synthetic,synthetic-singular__synthetic__symmetric-hamiltonian__L4__lr0.01__bs64__seed7,results/runs/synthetic/synthetic-singular__synthetic__symmetric-hamiltonian__L4__lr0.01__bs64__seed7_seed7,synthetic-singular,synthetic,symmetric-hamiltonian,4,7,0.01,64,2000,True,plus,True,False,0.3820139695519056,0.8384146341463414,0.36483005939472524,0.894993894993895,0.8597560975609756,1600.3048780487804,,27.038174390792847,,124,3,8,457b0468ba5f023a4a9f38816dbca0899481d04d,False
complete,synthetic,synthetic-singular__synthetic__symmetric-hamiltonian__L4__lr0.01__bs64__seed8,results/runs/synthetic/synthetic-singular__synthetic__symmetric-hamiltonian__L4__lr0.01__bs64__seed8_seed8,synthetic-singular,synthetic,symmetric-hamiltonian,4,8,0.01,64,2000,True,plus,True,False,0.3754337498404496,0.8689024390243902,0.3789067272214269,0.8669108669108669,0.8871951219512195,1614.7865853658534,,26.18953251838684,,124,3,8,457b0468ba5f023a4a9f38816dbca0899481d04d,False
complete,synthetic,synthetic-singular__synthetic__symmetric-hamiltonian__L4__lr0.01__bs64__seed9,results/runs/synthetic/synthetic-singular__synthetic__symmetric-hamiltonian__L4__lr0.01__bs64__seed9_seed9,synthetic-singular,synthetic,symmetric-hamiltonian,4,9,0.01,64,2000,True,plus,True,False,0.3920040681088647,0.8658536585365854,0.3824052692015687,0.8717948717948718,0.8658536585365854,1600.7621951219512,,26.531720638275146,,124,3,8,457b0468ba5f023a4a9f38816dbca0899481d04d,False
complete,synthetic,synthetic-singular__synthetic__symmetric-hamiltonian__L8__lr0.01__bs64__seed0,results/runs/synthetic/synthetic-singular__synthetic__symmetric-hamiltonian__L8__lr0.01__bs64__seed0_seed0,synthetic-singular,synthetic,symmetric-hamiltonian,8,0,0.01,64,2000,True,plus,True,False,0.3176183091014316,0.9115853658536586,0.3155077008638612,0.905982905982906,0.9115853658536586,1669.9695121951222,,40.312309980392456,,248,3,8,457b0468ba5f023a4a9f38816dbca0899481d04d,False
complete,synthetic,synthetic-singular__synthetic__symmetric-hamiltonian__L8__lr0.01__bs64__seed10,results/runs/synthetic/synthetic-singular__synthetic__symmetric-hamiltonian__L8__lr0.01__bs64__seed10_seed10,synthetic-singular,synthetic,symmetric-hamiltonian,8,10,0.01,64,2000,True,plus,True,False,0.33777550080585134,0.8871951219512195,0.33255159210200197,0.894993894993895,0.9176829268292683,1680.9451219512193,,40.41160488128662,,248,3,8,457b0468ba5f023a4a9f38816dbca0899481d04d,False
complete,synthetic,synthetic-singular__synthetic__symmetric-hamiltonian__L8__lr0.01__bs64__seed11,results/runs/synthetic/synthetic-singular__synthetic__symmetric-hamiltonian__L8__lr0.01__bs64__seed11_seed11,synthetic-singular,synthetic,symmetric-hamiltonian,8,11,0.01,64,2000,True,plus,True,False,0.32284115802994684,0.9054878048780488,0.3206078542346354,0.8913308913308914,0.9054878048780488,1657.3170731707319,,39.08569264411926,,248,3,8,457b0468ba5f023a4a9f38816dbca0899481d04d,False
complete,synthetic,synthetic-singular__synthetic__symmetric-hamiltonian__L8__lr0.01__bs64__seed12,results/runs/synthetic/synthetic-singular__synthetic__symmetric-hamiltonian__L8__lr0.01__bs64__seed12_seed12,synthetic-singular,synthetic,symmetric-hamiltonian,8,12,0.01,64,2000,True,plus,True,False,0.33404804664728455,0.9054878048780488,0.3277977353225533,0.9194139194139194,0.9176829268292683,1677.8963414634145,,40.299662351608276,,248,3,8,457b0468ba5f023a4a9f38816dbca0899481d04d,False
complete,synthetic,synthetic-singular__synthetic__symmetric-hamiltonian__L8__lr0.01__bs64__seed13,results/runs/synthetic/synthetic-singular__synthetic__symmetric-hamiltonian__L8__lr0.01__bs64__seed13_seed13,synthetic-singular,synthetic,symmetric-hamiltonian,8,13,0.01,64,2000,True,plus,True,False,0.325518724770411,0.8963414634146342,0.31455658523047236,0.9084249084249084,0.8963414634146342,1623.3231707317075,,38.69332456588745,,248,3,8,457b0468ba5f023a4a9f38816dbca0899481d04d,False
complete,synthetic,synthetic-singular__synthetic__symmetric-hamiltonian__L8__lr0.01__bs64__seed14,results/runs/synthetic/synthetic-singular__synthetic__symmetric-hamiltonian__L8__lr0.01__bs64__seed14_seed14,synthetic-singular,synthetic,symmetric-hamiltonian,8,14,0.01,64,2000,True,plus,True,False,0.3151330748099627,0.9115853658536586,0.3215130918385773,0.9096459096459096,0.9115853658536586,1664.1768292682927,,38.61793231964111,,248,3,8,457b0468ba5f023a4a9f38816dbca0899481d04d,False
complete,synthetic,synthetic-singular__synthetic__symmetric-hamiltonian__L8__lr0.01__bs64__seed15,results/runs/synthetic/synthetic-singular__synthetic__symmetric-hamiltonian__L8__lr0.01__bs64__seed15_seed15,synthetic-singular,synthetic,symmetric-hamiltonian,8,15,0.01,64,2000,True,plus,True,False,0.326447747034834,0.9054878048780488,0.321702324154357,0.9108669108669109,0.9085365853658537,1650.1524390243903,,38.15546131134033,,248,3,8,457b0468ba5f023a4a9f38816dbca0899481d04d,False
complete,synthetic,synthetic-singular__synthetic__symmetric-hamiltonian__L8__lr0.01__bs64__seed16,results/runs/synthetic/synthetic-singular__synthetic__symmetric-hamiltonian__L8__lr0.01__bs64__seed16_seed16,synthetic-singular,synthetic,symmetric-hamiltonian,8,16,0.01,64,2000,True,plus,True,False,0.30360052381536595,0.9085365853658537,0.3011307805078571,0.9047619047619048,0.9146341463414634,1680.3353658536587,,39.148109912872314,,248,3,8,457b0468ba5f023a4a9f38816dbca0899481d04d,False
complete,synthetic,synthetic-singular__synthetic__symmetric-hamiltonian__L8__lr0.01__bs64__seed17,results/runs/synthetic/synthetic-singular__synthetic__symmetric-hamiltonian__L8__lr0.01__bs64__seed17_seed17,synthetic-singular,synthetic,symmetric-hamiltonian,8,17,0.01,64,2000,True,plus,True,False,0.3405642274412222,0.8963414634146342,0.3364562387192595,0.884004884004884,0.9024390243902439,1642.530487804878,,40.73396825790405,,248,3,8,457b0468ba5f023a4a9f38816dbca0899481d04d,False
complete,synthetic,synthetic-singular__synthetic__symmetric-hamiltonian__L8__lr0.01__bs64__seed18,results/runs/synthetic/synthetic-singular__synthetic__symmetric-hamiltonian__L8__lr0.01__bs64__seed18_seed18,synthetic-singular,synthetic,symmetric-hamiltonian,8,18,0.01,64,2000,True,plus,True,False,0.3315811716188722,0.9115853658536586,0.3431945389826003,0.8815628815628815,0.9176829268292683,1658.0792682926829,,38.886226177215576,,248,3,8,457b0468ba5f023a4a9f38816dbca0899481d04d,False
complete,synthetic,synthetic-singular__synthetic__symmetric-hamiltonian__L8__lr0.01__bs64__seed19,results/runs/synthetic/synthetic-singular__synthetic__symmetric-hamiltonian__L8__lr0.01__bs64__seed19_seed19,synthetic-singular,synthetic,symmetric-hamiltonian,8,19,0.01,64,2000,True,plus,True,False,0.3234482486950155,0.8871951219512195,0.3074342535085763,0.8986568986568987,0.9115853658536586,1657.317073170732,,40.441328287124634,,248,3,8,457b0468ba5f023a4a9f38816dbca0899481d04d,False
complete,synthetic,synthetic-singular__synthetic__symmetric-hamiltonian__L8__lr0.01__bs64__seed1,results/runs/synthetic/synthetic-singular__synthetic__symmetric-hamiltonian__L8__lr0.01__bs64__seed1_seed1,synthetic-singular,synthetic,symmetric-hamiltonian,8,1,0.01,64,2000,True,plus,True,False,0.31536397114928316,0.8932926829268293,0.3243631016612387,0.894993894993895,0.9176829268292683,1678.8109756097563,,38.552000284194946,,248,3,8,457b0468ba5f023a4a9f38816dbca0899481d04d,False
complete,synthetic,synthetic-singular__synthetic__symmetric-hamiltonian__L8__lr0.01__bs64__seed2,results/runs/synthetic/synthetic-singular__synthetic__symmetric-hamiltonian__L8__lr0.01__bs64__seed2_seed2,synthetic-singular,synthetic,symmetric-hamiltonian,8,2,0.01,64,2000,True,plus,True,False,0.32150461356511617,0.9115853658536586,0.3405277883269177,0.9108669108669109,0.9146341463414634,1624.3902439024387,,38.96704721450806,,248,3,8,457b0468ba5f023a4a9f38816dbca0899481d04d,False
complete,synthetic,synthetic-singular__synthetic__symmetric-hamiltonian__L8__lr0.01__bs64__seed3,results/runs/synthetic/synthetic-singular__synthetic__symmetric-hamiltonian__L8__lr0.01__bs64__seed3_seed3,synthetic-singular,synthetic,symmetric-hamiltonian,8,3,0.01,64,2000,True,plus,True,False,0.3223756126894423,0.899390243902439,0.3198151515428258,0.9157509157509157,0.9024390243902439,1631.5548780487807,,38.7915997505188,,248,3,8,457b0468ba5f023a4a9f38816dbca0899481d04d,False
complete,synthetic,synthetic-singular__synthetic__symmetric-hamiltonian__L8__lr0.01__bs64__seed4,results/runs/synthetic/synthetic-singular__synthetic__symmetric-hamiltonian__L8__lr0.01__bs64__seed4_seed4,synthetic-singular,synthetic,symmetric-hamiltonian,8,4,0.01,64,2000,True,plus,True,False,0.315538659286661,0.8963414634146342,0.3068087597234743,0.9120879120879121,0.9115853658536586,1671.6463414634147,,39.01340675354004,,248,3,8,457b0468ba5f023a4a9f38816dbca0899481d04d,False
complete,synthetic,synthetic-singular__synthetic__symmetric-hamiltonian__L8__lr0.01__bs64__seed5,results/runs/synthetic/synthetic-singular__synthetic__symmetric-hamiltonian__L8__lr0.01__bs64__seed5_seed5,synthetic-singular,synthetic,symmetric-hamiltonian,8,5,0.01,64,2000,True,plus,True,False,0.3425979229773584,0.8658536585365854,0.3322795487201467,0.9096459096459096,0.8932926829268293,1631.5548780487807,,40.41246461868286,,248,3,8,457b0468ba5f023a4a9f38816dbca0899481d04d,False
complete,synthetic,synthetic-singular__synthetic__symmetric-hamiltonian__L8__lr0.01__bs64__seed6,results/runs/synthetic/synthetic-singular__synthetic__symmetric-hamiltonian__L8__lr0.01__bs64__seed6_seed6,synthetic-singular,synthetic,symmetric-hamiltonian,8,6,0.01,64,2000,True,plus,True,False,0.3416326473006639,0.8719512195121951,0.34439488290314313,0.8974358974358975,0.8963414634146342,1632.3170731707316,,38.70385408401489,,248,3,8,457b0468ba5f023a4a9f38816dbca0899481d04d,False
complete,synthetic,synthetic-singular__synthetic__symmetric-hamiltonian__L8__lr0.01__bs64__seed7,results/runs/synthetic/synthetic-singular__synthetic__symmetric-hamiltonian__L8__lr0.01__bs64__seed7_seed7,synthetic-singular,synthetic,symmetric-hamiltonian,8,7,0.01,64,2000,True,plus,True,False,0.3371490304846821,0.8810975609756098,0.3199551164424985,0.8998778998778999,0.8963414634146342,1652.8963414634147,,38.5568962097168,,248,3,8,457b0468ba5f023a4a9f38816dbca0899481d04d,False
complete,synthetic,synthetic-singular__synthetic__symmetric-hamiltonian__L8__lr0.01__bs64__seed8,results/runs/synthetic/synthetic-singular__synthetic__symmetric-hamiltonian__L8__lr0.01__bs64__seed8_seed8,synthetic-singular,synthetic,symmetric-hamiltonian,8,8,0.01,64,2000,True,plus,True,False,0.32201863271963416,0.9207317073170732,0.3310930745908263,0.8974358974358975,0.9207317073170732,1654.878048780488,,41.16509127616882,,248,3,8,457b0468ba5f023a4a9f38816dbca0899481d04d,False
complete,synthetic,synthetic-singular__synthetic__symmetric-hamiltonian__L8__lr0.01__bs64__seed9,results/runs/synthetic/synthetic-singular__synthetic__symmetric-hamiltonian__L8__lr0.01__bs64__seed9_seed9,synthetic-singular,synthetic,symmetric-hamiltonian,8,9,0.01,64,2000,True,plus,True,False,0.324590443070958,0.8902439024390244,0.32171774955533566,0.8852258852258852,0.8963414634146342,1644.207317073171,,38.69337344169617,,248,3,8,457b0468ba5f023a4a9f38816dbca0899481d04d,False
complete,synthetic,synthetic-singular__synthetic__trainable-frequency-ry__L16__lr0.01__bs64__seed0,results/runs/synthetic/synthetic-singular__synthetic__trainable-frequency-ry__L16__lr0.01__bs64__seed0_seed0,synthetic-singular,synthetic,trainable-frequency-ry,16,0,0.01,64,2000,True,plus,True,False,0.3680515886181317,0.8292682926829268,0.36800949484780376,0.8534798534798534,0.8414634146341463,1556.4024390243903,,1463.701950788498,,3856,16,65536,457b0468ba5f023a4a9f38816dbca0899481d04d,False
complete,synthetic,synthetic-singular__synthetic__trainable-frequency-ry__L16__lr0.01__bs64__seed10,results/runs/synthetic/synthetic-singular__synthetic__trainable-frequency-ry__L16__lr0.01__bs64__seed10_seed10,synthetic-singular,synthetic,trainable-frequency-ry,16,10,0.01,64,2000,True,plus,True,False,0.3716536318451927,0.8445121951219512,0.3623587669111062,0.8498168498168498,0.8536585365853658,1548.9329268292681,,1466.9571194648743,,3856,16,65536,457b0468ba5f023a4a9f38816dbca0899481d04d,False
complete,synthetic,synthetic-singular__synthetic__trainable-frequency-ry__L16__lr0.01__bs64__seed11,results/runs/synthetic/synthetic-singular__synthetic__trainable-frequency-ry__L16__lr0.01__bs64__seed11_seed11,synthetic-singular,synthetic,trainable-frequency-ry,16,11,0.01,64,2000,True,plus,True,False,0.3749572869957021,0.8292682926829268,0.3716246776039261,0.8547008547008547,0.8292682926829268,1534.1463414634145,,1460.0635304450989,,3856,16,65536,457b0468ba5f023a4a9f38816dbca0899481d04d,False
complete,synthetic,synthetic-singular__synthetic__trainable-frequency-ry__L16__lr0.01__bs64__seed12,results/runs/synthetic/synthetic-singular__synthetic__trainable-frequency-ry__L16__lr0.01__bs64__seed12_seed12,synthetic-singular,synthetic,trainable-frequency-ry,16,12,0.01,64,2000,True,plus,True,False,0.3860278149769776,0.823170731707317,0.3747823164685362,0.8485958485958486,0.8384146341463414,1543.9024390243906,,1465.9595572948456,,3856,16,65536,457b0468ba5f023a4a9f38816dbca0899481d04d,False
complete,synthetic,synthetic-singular__synthetic__trainable-frequency-ry__L16__lr0.01__bs64__seed13,results/runs/synthetic/synthetic-singular__synthetic__trainable-frequency-ry__L16__lr0.01__bs64__seed13_seed13,synthetic-singular,synthetic,trainable-frequency-ry,16,13,0.01,64,2000,True,plus,True,False,0.39585126698822815,0.8323170731707317,0.37843225871930536,0.8400488400488401,0.8414634146341463,1548.4756097560978,,1465.7411642074585,,3856,16,65536,457b0468ba5f023a4a9f38816dbca0899481d04d,False
complete,synthetic,synthetic-singular__synthetic__trainable-frequency-ry__L16__lr0.01__bs64__seed14,results/runs/synthetic/synthetic-singular__synthetic__trainable-frequency-ry__L16__lr0.01__bs64__seed14_seed14,synthetic-singular,synthetic,trainable-frequency-ry,16,14,0.01,64,2000,True,plus,True,False,0.41655935003285366,0.8262195121951219,0.41395205861980905,0.8315018315018315,0.8353658536585366,1544.0548780487804,,1460.878805398941,,3856,16,65536,457b0468ba5f023a4a9f38816dbca0899481d04d,False
complete,synthetic,synthetic-singular__synthetic__trainable-frequency-ry__L16__lr0.01__bs64__seed15,results/runs/synthetic/synthetic-singular__synthetic__trainable-frequency-ry__L16__lr0.01__bs64__seed15_seed15,synthetic-singular,synthetic,trainable-frequency-ry,16,15,0.01,64,2000,True,plus,True,False,0.37346342950028866,0.8353658536585366,0.3770657627791751,0.8461538461538461,0.8384146341463414,1557.7743902439026,,1461.9471781253815,,3856,16,65536,457b0468ba5f023a4a9f38816dbca0899481d04d,False
complete,synthetic,synthetic-singular__synthetic__trainable-frequency-ry__L16__lr0.01__bs64__seed16,results/runs/synthetic/synthetic-singular__synthetic__trainable-frequency-ry__L16__lr0.01__bs64__seed16_seed16,synthetic-singular,synthetic,trainable-frequency-ry,16,16,0.01,64,2000,True,plus,True,False,0.38883437042536034,0.8201219512195121,0.37251518186139104,0.8571428571428571,0.8414634146341463,1550.304878048781,,1457.800755739212,,3856,16,65536,457b0468ba5f023a4a9f38816dbca0899481d04d,False
complete,synthetic,synthetic-singular__synthetic__trainable-frequency-ry__L16__lr0.01__bs64__seed17,results/runs/synthetic/synthetic-singular__synthetic__trainable-frequency-ry__L16__lr0.01__bs64__seed17_seed17,synthetic-singular,synthetic,trainable-frequency-ry,16,17,0.01,64,2000,True,plus,True,False,0.38046632414219506,0.8475609756097561,0.38258890558363606,0.8583638583638583,0.8658536585365854,1575.4573170731708,,1451.9576783180237,,3856,16,65536,457b0468ba5f023a4a9f38816dbca0899481d04d,False
complete,synthetic,synthetic-singular__synthetic__trainable-frequency-ry__L16__lr0.01__bs64__seed18,results/runs/synthetic/synthetic-singular__synthetic__trainable-frequency-ry__L16__lr0.01__bs64__seed18_seed18,synthetic-singular,synthetic,trainable-frequency-ry,16,18,0.01,64,2000,True,plus,True,False,0.3513295868301786,0.8445121951219512,0.3572044095035431,0.8766788766788767,0.850609756097561,1570.4268292682925,,1447.0239899158478,,3856,16,65536,457b0468ba5f023a4a9f38816dbca0899481d04d,False
complete,synthetic,synthetic-singular__synthetic__trainable-frequency-ry__L16__lr0.01__bs64__seed19,results/runs/synthetic/synthetic-singular__synthetic__trainable-frequency-ry__L16__lr0.01__bs64__seed19_seed19,synthetic-singular,synthetic,trainable-frequency-ry,16,19,0.01,64,2000,True,plus,True,False,0.3655715562680804,0.8384146341463414,0.36030515277226494,0.8583638583638583,0.850609756097561,1562.042682926829,,1455.6069207191467,,3856,16,65536,457b0468ba5f023a4a9f38816dbca0899481d04d,False
complete,synthetic,synthetic-singular__synthetic__trainable-frequency-ry__L16__lr0.01__bs64__seed1,results/runs/synthetic/synthetic-singular__synthetic__trainable-frequency-ry__L16__lr0.01__bs64__seed1_seed1,synthetic-singular,synthetic,trainable-frequency-ry,16,1,0.01,64,2000,True,plus,True,False,0.3649845885361719,0.8353658536585366,0.3688657930772642,0.8522588522588522,0.8353658536585366,1552.4390243902437,,1463.6183581352234,,3856,16,65536,457b0468ba5f023a4a9f38816dbca0899481d04d,False
complete,synthetic,synthetic-singular__synthetic__trainable-frequency-ry__L16__lr0.01__bs64__seed2,results/runs/synthetic/synthetic-singular__synthetic__trainable-frequency-ry__L16__lr0.01__bs64__seed2_seed2,synthetic-singular,synthetic,trainable-frequency-ry,16,2,0.01,64,2000,True,plus,True,False,0.3565124723585836,0.8384146341463414,0.36095505483961554,0.8608058608058609,0.8445121951219512,1566.4634146341464,,1474.5828793048859,,3856,16,65536,457b0468ba5f023a4a9f38816dbca0899481d04d,False
complete,synthetic,synthetic-singular__synthetic__trainable-frequency-ry__L16__lr0.01__bs64__seed3,results/runs/synthetic/synthetic-singular__synthetic__trainable-frequency-ry__L16__lr0.01__bs64__seed3_seed3,synthetic-singular,synthetic,trainable-frequency-ry,16,3,0.01,64,2000,True,plus,True,False,0.3779185331703695,0.8323170731707317,0.37415080907110315,0.8498168498168498,0.8475609756097561,1545.2743902439024,,1469.6543114185333,,3856,16,65536,457b0468ba5f023a4a9f38816dbca0899481d04d,False
complete,synthetic,synthetic-singular__synthetic__trainable-frequency-ry__L16__lr0.01__bs64__seed4,results/runs/synthetic/synthetic-singular__synthetic__trainable-frequency-ry__L16__lr0.01__bs64__seed4_seed4,synthetic-singular,synthetic,trainable-frequency-ry,16,4,0.01,64,2000,True,plus,True,False,0.39758503102600184,0.823170731707317,0.3912349391203972,0.8534798534798534,0.8475609756097561,1552.8963414634145,,1448.8900327682495,,3856,16,65536,457b0468ba5f023a4a9f38816dbca0899481d04d,False
complete,synthetic,synthetic-singular__synthetic__trainable-frequency-ry__L16__lr0.01__bs64__seed5,results/runs/synthetic/synthetic-singular__synthetic__trainable-frequency-ry__L16__lr0.01__bs64__seed5_seed5,synthetic-singular,synthetic,trainable-frequency-ry,16,5,0.01,64,2000,True,plus,True,False,0.40172300116607434,0.8109756097560976,0.3978071286990804,0.8400488400488401,0.8475609756097561,1544.2073170731703,,1446.941044807434,,3856,16,65536,457b0468ba5f023a4a9f38816dbca0899481d04d,False
complete,synthetic,synthetic-singular__synthetic__trainable-frequency-ry__L16__lr0.01__bs64__seed6,results/runs/synthetic/synthetic-singular__synthetic__trainable-frequency-ry__L16__lr0.01__bs64__seed6_seed6,synthetic-singular,synthetic,trainable-frequency-ry,16,6,0.01,64,2000,True,plus,True,False,0.3661821841063869,0.8414634146341463,0.3685260738244537,0.8559218559218559,0.8567073170731707,1570.5792682926833,,1453.7887012958527,,3856,16,65536,457b0468ba5f023a4a9f38816dbca0899481d04d,False
complete,synthetic,synthetic-singular__synthetic__trainable-frequency-ry__L16__lr0.01__bs64__seed7,results/runs/synthetic/synthetic-singular__synthetic__trainable-frequency-ry__L16__lr0.01__bs64__seed7_seed7,synthetic-singular,synthetic,trainable-frequency-ry,16,7,0.01,64,2000,True,plus,True,False,0.36615346871440047,0.8353658536585366,0.3687246295491283,0.8608058608058609,0.8445121951219512,1571.9512195121952,,1453.420599937439,,3856,16,65536,457b0468ba5f023a4a9f38816dbca0899481d04d,False
complete,synthetic,synthetic-singular__synthetic__trainable-frequency-ry__L16__lr0.01__bs64__seed8,results/runs/synthetic/synthetic-singular__synthetic__trainable-frequency-ry__L16__lr0.01__bs64__seed8_seed8,synthetic-singular,synthetic,trainable-frequency-ry,16,8,0.01,64,2000,True,plus,True,False,0.35717069859089384,0.8323170731707317,0.36530560377448007,0.8571428571428571,0.8384146341463414,1551.981707317073,,1460.4051280021667,,3856,16,65536,457b0468ba5f023a4a9f38816dbca0899481d04d,False
complete,synthetic,synthetic-singular__synthetic__trainable-frequency-ry__L16__lr0.01__bs64__seed9,results/runs/synthetic/synthetic-singular__synthetic__trainable-frequency-ry__L16__lr0.01__bs64__seed9_seed9,synthetic-singular,synthetic,trainable-frequency-ry,16,9,0.01,64,2000,True,plus,True,False,0.3767746034196042,0.8323170731707317,0.3773930565772126,0.8571428571428571,0.8445121951219512,1556.0975609756092,,1477.4622898101807,,3856,16,65536,457b0468ba5f023a4a9f38816dbca0899481d04d,False
complete,synthetic,synthetic-singular__synthetic__trainable-frequency-ry__L1__lr0.01__bs64__seed0,results/runs/synthetic/synthetic-singular__synthetic__trainable-frequency-ry__L1__lr0.01__bs64__seed0_seed0,synthetic-singular,synthetic,trainable-frequency-ry,1,0,0.01,64,2000,True,plus,True,False,0.5930648897245588,0.7073170731707317,0.6090494013043299,0.673992673992674,0.7195121951219512,1337.8048780487804,,100.62463784217834,,241,16,65536,5d760ef42d71a06acce4efdc9ed931be057f16a6,True
complete,synthetic,synthetic-singular__synthetic__trainable-frequency-ry__L1__lr0.01__bs64__seed10,results/runs/synthetic/synthetic-singular__synthetic__trainable-frequency-ry__L1__lr0.01__bs64__seed10_seed10,synthetic-singular,synthetic,trainable-frequency-ry,1,10,0.01,64,2000,True,plus,True,False,0.5929130758122202,0.7103658536585366,0.6086597482313659,0.6678876678876678,0.725609756097561,1337.0426829268295,,103.16642618179321,,241,16,65536,5d760ef42d71a06acce4efdc9ed931be057f16a6,False
complete,synthetic,synthetic-singular__synthetic__trainable-frequency-ry__L1__lr0.01__bs64__seed11,results/runs/synthetic/synthetic-singular__synthetic__trainable-frequency-ry__L1__lr0.01__bs64__seed11_seed11,synthetic-singular,synthetic,trainable-frequency-ry,1,11,0.01,64,2000,True,plus,True,False,0.5936923147066897,0.7134146341463414,0.6080941698650354,0.6727716727716728,0.7286585365853658,1332.926829268293,,103.25963377952576,,241,16,65536,5d760ef42d71a06acce4efdc9ed931be057f16a6,False
complete,synthetic,synthetic-singular__synthetic__trainable-frequency-ry__L1__lr0.01__bs64__seed12,results/runs/synthetic/synthetic-singular__synthetic__trainable-frequency-ry__L1__lr0.01__bs64__seed12_seed12,synthetic-singular,synthetic,trainable-frequency-ry,1,12,0.01,64,2000,True,plus,True,False,0.5935246487862961,0.7164634146341463,0.6093112491914299,0.6703296703296703,0.7317073170731707,1333.079268292683,,102.67864966392517,,241,16,65536,5d760ef42d71a06acce4efdc9ed931be057f16a6,False
complete,synthetic,synthetic-singular__synthetic__trainable-frequency-ry__L1__lr0.01__bs64__seed13,results/runs/synthetic/synthetic-singular__synthetic__trainable-frequency-ry__L1__lr0.01__bs64__seed13_seed13,synthetic-singular,synthetic,trainable-frequency-ry,1,13,0.01,64,2000,True,plus,True,False,0.5933456549206597,0.7134146341463414,0.6083883301405927,0.6727716727716728,0.7286585365853658,1336.7378048780486,,103.93957829475403,,241,16,65536,5d760ef42d71a06acce4efdc9ed931be057f16a6,False
complete,synthetic,synthetic-singular__synthetic__trainable-frequency-ry__L1__lr0.01__bs64__seed14,results/runs/synthetic/synthetic-singular__synthetic__trainable-frequency-ry__L1__lr0.01__bs64__seed14_seed14,synthetic-singular,synthetic,trainable-frequency-ry,1,14,0.01,64,2000,True,plus,True,False,0.5930902450022749,0.7073170731707317,0.6093553001195718,0.673992673992674,0.7225609756097561,1330.1829268292684,,101.94554567337036,,241,16,65536,5d760ef42d71a06acce4efdc9ed931be057f16a6,False
complete,synthetic,synthetic-singular__synthetic__trainable-frequency-ry__L1__lr0.01__bs64__seed15,results/runs/synthetic/synthetic-singular__synthetic__trainable-frequency-ry__L1__lr0.01__bs64__seed15_seed15,synthetic-singular,synthetic,trainable-frequency-ry,1,15,0.01,64,2000,True,plus,True,False,0.5982040165261294,0.6798780487804879,0.6157031523663073,0.6703296703296703,0.7286585365853658,1337.4999999999998,,100.90034317970276,,241,16,65536,5d760ef42d71a06acce4efdc9ed931be057f16a6,False
complete,synthetic,synthetic-singular__synthetic__trainable-frequency-ry__L1__lr0.01__bs64__seed16,results/runs/synthetic/synthetic-singular__synthetic__trainable-frequency-ry__L1__lr0.01__bs64__seed16_seed16,synthetic-singular,synthetic,trainable-frequency-ry,1,16,0.01,64,2000,True,plus,True,False,0.5932037906038156,0.7103658536585366,0.6077476074300521,0.6752136752136753,0.7195121951219512,1332.0121951219512,,103.35099720954895,,241,16,65536,5d760ef42d71a06acce4efdc9ed931be057f16a6,False
complete,synthetic,synthetic-singular__synthetic__trainable-frequency-ry__L1__lr0.01__bs64__seed17,results/runs/synthetic/synthetic-singular__synthetic__trainable-frequency-ry__L1__lr0.01__bs64__seed17_seed17,synthetic-singular,synthetic,trainable-frequency-ry,1,17,0.01,64,2000,True,plus,True,False,0.5932467184568736,0.7012195121951219,0.608981980499684,0.6715506715506715,0.725609756097561,1336.280487804878,,101.78928971290588,,241,16,65536,5d760ef42d71a06acce4efdc9ed931be057f16a6,False
complete,synthetic,synthetic-singular__synthetic__trainable-frequency-ry__L1__lr0.01__bs64__seed18,results/runs/synthetic/synthetic-singular__synthetic__trainable-frequency-ry__L1__lr0.01__bs64__seed18_seed18,synthetic-singular,synthetic,trainable-frequency-ry,1,18,0.01,64,2000,True,plus,True,False,0.5959674672453019,0.6798780487804879,0.6129650896183091,0.6727716727716728,0.7225609756097561,1338.7195121951218,,101.96581387519836,,241,16,65536,5d760ef42d71a06acce4efdc9ed931be057f16a6,False
complete,synthetic,synthetic-singular__synthetic__trainable-frequency-ry__L1__lr0.01__bs64__seed19,results/runs/synthetic/synthetic-singular__synthetic__trainable-frequency-ry__L1__lr0.01__bs64__seed19_seed19,synthetic-singular,synthetic,trainable-frequency-ry,1,19,0.01,64,2000,True,plus,True,False,0.5915889012388911,0.7134146341463414,0.6077179701361544,0.6727716727716728,0.725609756097561,1347.560975609756,,102.5537679195404,,241,16,65536,5d760ef42d71a06acce4efdc9ed931be057f16a6,False
complete,synthetic,synthetic-singular__synthetic__trainable-frequency-ry__L1__lr0.01__bs64__seed1,results/runs/synthetic/synthetic-singular__synthetic__trainable-frequency-ry__L1__lr0.01__bs64__seed1_seed1,synthetic-singular,synthetic,trainable-frequency-ry,1,1,0.01,64,2000,True,plus,True,False,0.5910552868579237,0.7134146341463414,0.608169345385843,0.6752136752136753,0.7317073170731707,1346.0365853658539,,102.2582619190216,,241,16,65536,5d760ef42d71a06acce4efdc9ed931be057f16a6,False
complete,synthetic,synthetic-singular__synthetic__trainable-frequency-ry__L1__lr0.01__bs64__seed2,results/runs/synthetic/synthetic-singular__synthetic__trainable-frequency-ry__L1__lr0.01__bs64__seed2_seed2,synthetic-singular,synthetic,trainable-frequency-ry,1,2,0.01,64,2000,True,plus,True,False,0.5957776410353,0.7195121951219512,0.6091346526744987,0.673992673992674,0.725609756097561,1342.5304878048778,,103.38981580734253,,241,16,65536,5d760ef42d71a06acce4efdc9ed931be057f16a6,False
complete,synthetic,synthetic-singular__synthetic__trainable-frequency-ry__L1__lr0.01__bs64__seed3,results/runs/synthetic/synthetic-singular__synthetic__trainable-frequency-ry__L1__lr0.01__bs64__seed3_seed3,synthetic-singular,synthetic,trainable-frequency-ry,1,3,0.01,64,2000,True,plus,True,False,0.5921634963963234,0.7103658536585366,0.6086567146061374,0.6764346764346765,0.7317073170731707,1348.6280487804875,,103.30326342582703,,241,16,65536,5d760ef42d71a06acce4efdc9ed931be057f16a6,False
complete,synthetic,synthetic-singular__synthetic__trainable-frequency-ry__L1__lr0.01__bs64__seed4,results/runs/synthetic/synthetic-singular__synthetic__trainable-frequency-ry__L1__lr0.01__bs64__seed4_seed4,synthetic-singular,synthetic,trainable-frequency-ry,1,4,0.01,64,2000,True,plus,True,False,0.5955490365334902,0.7317073170731707,0.6130905253168729,0.6764346764346765,0.7317073170731707,1350.4573170731708,,102.95541834831238,,241,16,65536,5d760ef42d71a06acce4efdc9ed931be057f16a6,False
complete,synthetic,synthetic-singular__synthetic__trainable-frequency-ry__L1__lr0.01__bs64__seed5,results/runs/synthetic/synthetic-singular__synthetic__trainable-frequency-ry__L1__lr0.01__bs64__seed5_seed5,synthetic-singular,synthetic,trainable-frequency-ry,1,5,0.01,64,2000,True,plus,True,False,0.5927127478987774,0.7042682926829268,0.6095658750475552,0.6703296703296703,0.725609756097561,1348.3231707317073,,103.37721562385559,,241,16,65536,5d760ef42d71a06acce4efdc9ed931be057f16a6,False
complete,synthetic,synthetic-singular__synthetic__trainable-frequency-ry__L1__lr0.01__bs64__seed6,results/runs/synthetic/synthetic-singular__synthetic__trainable-frequency-ry__L1__lr0.01__bs64__seed6_seed6,synthetic-singular,synthetic,trainable-frequency-ry,1,6,0.01,64,2000,True,plus,True,False,0.5934335684684829,0.6951219512195121,0.6117319782990089,0.6788766788766789,0.7286585365853658,1345.2743902439024,,103.31214141845703,,241,16,65536,5d760ef42d71a06acce4efdc9ed931be057f16a6,False
complete,synthetic,synthetic-singular__synthetic__trainable-frequency-ry__L1__lr0.01__bs64__seed7,results/runs/synthetic/synthetic-singular__synthetic__trainable-frequency-ry__L1__lr0.01__bs64__seed7_seed7,synthetic-singular,synthetic,trainable-frequency-ry,1,7,0.01,64,2000,True,plus,True,False,0.5914228776051053,0.7134146341463414,0.6090771606332114,0.673992673992674,0.7347560975609756,1340.0914634146338,,103.37332797050476,,241,16,65536,5d760ef42d71a06acce4efdc9ed931be057f16a6,False
complete,synthetic,synthetic-singular__synthetic__trainable-frequency-ry__L1__lr0.01__bs64__seed8,results/runs/synthetic/synthetic-singular__synthetic__trainable-frequency-ry__L1__lr0.01__bs64__seed8_seed8,synthetic-singular,synthetic,trainable-frequency-ry,1,8,0.01,64,2000,True,plus,True,False,0.591745953447566,0.7317073170731707,0.6100330817351107,0.6727716727716728,0.7317073170731707,1334.9085365853657,,103.21296548843384,,241,16,65536,5d760ef42d71a06acce4efdc9ed931be057f16a6,False
complete,synthetic,synthetic-singular__synthetic__trainable-frequency-ry__L1__lr0.01__bs64__seed9,results/runs/synthetic/synthetic-singular__synthetic__trainable-frequency-ry__L1__lr0.01__bs64__seed9_seed9,synthetic-singular,synthetic,trainable-frequency-ry,1,9,0.01,64,2000,True,plus,True,False,0.5938335285935398,0.7164634146341463,0.6082449135922039,0.6752136752136753,0.7225609756097561,1338.4146341463413,,103.19993424415588,,241,16,65536,5d760ef42d71a06acce4efdc9ed931be057f16a6,False
complete,synthetic,synthetic-singular__synthetic__trainable-frequency-ry__L2__lr0.01__bs64__seed0,results/runs/synthetic/synthetic-singular__synthetic__trainable-frequency-ry__L2__lr0.01__bs64__seed0_seed0,synthetic-singular,synthetic,trainable-frequency-ry,2,0,0.01,64,2000,True,plus,True,False,0.49196436983784025,0.7469512195121951,0.4806347121906262,0.7643467643467643,0.7621951219512195,1425.6097560975606,,187.6545970439911,,482,16,65536,457b0468ba5f023a4a9f38816dbca0899481d04d,False
complete,synthetic,synthetic-singular__synthetic__trainable-frequency-ry__L2__lr0.01__bs64__seed10,results/runs/synthetic/synthetic-singular__synthetic__trainable-frequency-ry__L2__lr0.01__bs64__seed10_seed10,synthetic-singular,synthetic,trainable-frequency-ry,2,10,0.01,64,2000,True,plus,True,False,0.4949363649421745,0.7530487804878049,0.4796945997626531,0.7692307692307693,0.7591463414634146,1421.6463414634145,,186.43369436264038,,482,16,65536,457b0468ba5f023a4a9f38816dbca0899481d04d,False
complete,synthetic,synthetic-singular__synthetic__trainable-frequency-ry__L2__lr0.01__bs64__seed11,results/runs/synthetic/synthetic-singular__synthetic__trainable-frequency-ry__L2__lr0.01__bs64__seed11_seed11,synthetic-singular,synthetic,trainable-frequency-ry,2,11,0.01,64,2000,True,plus,True,False,0.508526729556336,0.7378048780487805,0.47844141609084795,0.7680097680097681,0.7408536585365854,1386.1280487804877,,185.74504017829895,,482,16,65536,457b0468ba5f023a4a9f38816dbca0899481d04d,False
complete,synthetic,synthetic-singular__synthetic__trainable-frequency-ry__L2__lr0.01__bs64__seed12,results/runs/synthetic/synthetic-singular__synthetic__trainable-frequency-ry__L2__lr0.01__bs64__seed12_seed12,synthetic-singular,synthetic,trainable-frequency-ry,2,12,0.01,64,2000,True,plus,True,False,0.49305551180806234,0.7469512195121951,0.4780144856560432,0.7692307692307693,0.7621951219512195,1415.5487804878048,,186.59184861183167,,482,16,65536,457b0468ba5f023a4a9f38816dbca0899481d04d,False
complete,synthetic,synthetic-singular__synthetic__trainable-frequency-ry__L2__lr0.01__bs64__seed13,results/runs/synthetic/synthetic-singular__synthetic__trainable-frequency-ry__L2__lr0.01__bs64__seed13_seed13,synthetic-singular,synthetic,trainable-frequency-ry,2,13,0.01,64,2000,True,plus,True,False,0.4964333268948491,0.75,0.48157121700151834,0.7667887667887668,0.7621951219512195,1414.0243902439024,,186.31581354141235,,482,16,65536,457b0468ba5f023a4a9f38816dbca0899481d04d,False
complete,synthetic,synthetic-singular__synthetic__trainable-frequency-ry__L2__lr0.01__bs64__seed14,results/runs/synthetic/synthetic-singular__synthetic__trainable-frequency-ry__L2__lr0.01__bs64__seed14_seed14,synthetic-singular,synthetic,trainable-frequency-ry,2,14,0.01,64,2000,True,plus,True,False,0.49723887625299656,0.7469512195121951,0.4802068304803605,0.7692307692307693,0.7682926829268293,1403.5060975609758,,186.15081191062927,,482,16,65536,457b0468ba5f023a4a9f38816dbca0899481d04d,False
complete,synthetic,synthetic-singular__synthetic__trainable-frequency-ry__L2__lr0.01__bs64__seed15,results/runs/synthetic/synthetic-singular__synthetic__trainable-frequency-ry__L2__lr0.01__bs64__seed15_seed15,synthetic-singular,synthetic,trainable-frequency-ry,2,15,0.01,64,2000,True,plus,True,False,0.5066299765933376,0.7469512195121951,0.49046186808751124,0.7753357753357754,0.7682926829268293,1417.2256097560976,,186.10276317596436,,482,16,65536,457b0468ba5f023a4a9f38816dbca0899481d04d,False
complete,synthetic,synthetic-singular__synthetic__trainable-frequency-ry__L2__lr0.01__bs64__seed16,results/runs/synthetic/synthetic-singular__synthetic__trainable-frequency-ry__L2__lr0.01__bs64__seed16_seed16,synthetic-singular,synthetic,trainable-frequency-ry,2,16,0.01,64,2000,True,plus,True,False,0.49838961599826537,0.7530487804878049,0.4797291269204227,0.7741147741147741,0.7682926829268293,1412.1951219512193,,186.24870252609253,,482,16,65536,457b0468ba5f023a4a9f38816dbca0899481d04d,False
complete,synthetic,synthetic-singular__synthetic__trainable-frequency-ry__L2__lr0.01__bs64__seed17,results/runs/synthetic/synthetic-singular__synthetic__trainable-frequency-ry__L2__lr0.01__bs64__seed17_seed17,synthetic-singular,synthetic,trainable-frequency-ry,2,17,0.01,64,2000,True,plus,True,False,0.4947945411610603,0.7408536585365854,0.48025292666125113,0.7692307692307693,0.7621951219512195,1424.6951219512193,,185.79145765304565,,482,16,65536,457b0468ba5f023a4a9f38816dbca0899481d04d,False
complete,synthetic,synthetic-singular__synthetic__trainable-frequency-ry__L2__lr0.01__bs64__seed18,results/runs/synthetic/synthetic-singular__synthetic__trainable-frequency-ry__L2__lr0.01__bs64__seed18_seed18,synthetic-singular,synthetic,trainable-frequency-ry,2,18,0.01,64,2000,True,plus,True,False,0.4973421996937611,0.75,0.4797127720262795,0.7582417582417582,0.774390243902439,1418.1402439024391,,187.09672737121582,,482,16,65536,457b0468ba5f023a4a9f38816dbca0899481d04d,False
complete,synthetic,synthetic-singular__synthetic__trainable-frequency-ry__L2__lr0.01__bs64__seed19,results/runs/synthetic/synthetic-singular__synthetic__trainable-frequency-ry__L2__lr0.01__bs64__seed19_seed19,synthetic-singular,synthetic,trainable-frequency-ry,2,19,0.01,64,2000,True,plus,True,False,0.4998701123739741,0.75,0.48185173212648175,0.7692307692307693,0.7621951219512195,1407.9268292682925,,186.01618218421936,,482,16,65536,457b0468ba5f023a4a9f38816dbca0899481d04d,False
complete,synthetic,synthetic-singular__synthetic__trainable-frequency-ry__L2__lr0.01__bs64__seed1,results/runs/synthetic/synthetic-singular__synthetic__trainable-frequency-ry__L2__lr0.01__bs64__seed1_seed1,synthetic-singular,synthetic,trainable-frequency-ry,2,1,0.01,64,2000,True,plus,True,False,0.4992438764860077,0.7347560975609756,0.4805753808871528,0.7643467643467643,0.7713414634146342,1417.6829268292684,,185.74647188186646,,482,16,65536,457b0468ba5f023a4a9f38816dbca0899481d04d,False
complete,synthetic,synthetic-singular__synthetic__trainable-frequency-ry__L2__lr0.01__bs64__seed2,results/runs/synthetic/synthetic-singular__synthetic__trainable-frequency-ry__L2__lr0.01__bs64__seed2_seed2,synthetic-singular,synthetic,trainable-frequency-ry,2,2,0.01,64,2000,True,plus,True,False,0.5053869925914243,0.7530487804878049,0.48475188488926085,0.7741147741147741,0.7682926829268293,1417.8353658536587,,185.54037714004517,,482,16,65536,457b0468ba5f023a4a9f38816dbca0899481d04d,False
complete,synthetic,synthetic-singular__synthetic__trainable-frequency-ry__L2__lr0.01__bs64__seed3,results/runs/synthetic/synthetic-singular__synthetic__trainable-frequency-ry__L2__lr0.01__bs64__seed3_seed3,synthetic-singular,synthetic,trainable-frequency-ry,2,3,0.01,64,2000,True,plus,True,False,0.4945650728019436,0.7560975609756098,0.4785589731501362,0.7728937728937729,0.7591463414634146,1414.6341463414633,,186.3349645137787,,482,16,65536,457b0468ba5f023a4a9f38816dbca0899481d04d,False
complete,synthetic,synthetic-singular__synthetic__trainable-frequency-ry__L2__lr0.01__bs64__seed4,results/runs/synthetic/synthetic-singular__synthetic__trainable-frequency-ry__L2__lr0.01__bs64__seed4_seed4,synthetic-singular,synthetic,trainable-frequency-ry,2,4,0.01,64,2000,True,plus,True,False,0.4954487958868975,0.7439024390243902,0.48263069314909485,0.7606837606837606,0.7682926829268293,1414.7865853658534,,186.59435081481934,,482,16,65536,457b0468ba5f023a4a9f38816dbca0899481d04d,False
complete,synthetic,synthetic-singular__synthetic__trainable-frequency-ry__L2__lr0.01__bs64__seed5,results/runs/synthetic/synthetic-singular__synthetic__trainable-frequency-ry__L2__lr0.01__bs64__seed5_seed5,synthetic-singular,synthetic,trainable-frequency-ry,2,5,0.01,64,2000,True,plus,True,False,0.5042654370662376,0.7378048780487805,0.49251648386717267,0.757020757020757,0.7621951219512195,1424.6951219512196,,186.2952160835266,,482,16,65536,457b0468ba5f023a4a9f38816dbca0899481d04d,False
complete,synthetic,synthetic-singular__synthetic__trainable-frequency-ry__L2__lr0.01__bs64__seed6,results/runs/synthetic/synthetic-singular__synthetic__trainable-frequency-ry__L2__lr0.01__bs64__seed6_seed6,synthetic-singular,synthetic,trainable-frequency-ry,2,6,0.01,64,2000,True,plus,True,False,0.5057803132993245,0.7439024390243902,0.4866478299597129,0.7582417582417582,0.7682926829268293,1415.5487804878046,,186.55371522903442,,482,16,65536,457b0468ba5f023a4a9f38816dbca0899481d04d,False
complete,synthetic,synthetic-singular__synthetic__trainable-frequency-ry__L2__lr0.01__bs64__seed7,results/runs/synthetic/synthetic-singular__synthetic__trainable-frequency-ry__L2__lr0.01__bs64__seed7_seed7,synthetic-singular,synthetic,trainable-frequency-ry,2,7,0.01,64,2000,True,plus,True,False,0.4934455654088527,0.7560975609756098,0.4781316038580604,0.7753357753357754,0.7591463414634146,1423.0182926829264,,187.36656308174133,,482,16,65536,457b0468ba5f023a4a9f38816dbca0899481d04d,False
complete,synthetic,synthetic-singular__synthetic__trainable-frequency-ry__L2__lr0.01__bs64__seed8,results/runs/synthetic/synthetic-singular__synthetic__trainable-frequency-ry__L2__lr0.01__bs64__seed8_seed8,synthetic-singular,synthetic,trainable-frequency-ry,2,8,0.01,64,2000,True,plus,True,False,0.48854225453673317,0.7530487804878049,0.48306779155010254,0.7765567765567766,0.7713414634146342,1419.5121951219512,,186.87638807296753,,482,16,65536,457b0468ba5f023a4a9f38816dbca0899481d04d,False
complete,synthetic,synthetic-singular__synthetic__trainable-frequency-ry__L2__lr0.01__bs64__seed9,results/runs/synthetic/synthetic-singular__synthetic__trainable-frequency-ry__L2__lr0.01__bs64__seed9_seed9,synthetic-singular,synthetic,trainable-frequency-ry,2,9,0.01,64,2000,True,plus,True,False,0.5011153032955337,0.7439024390243902,0.48130434691055585,0.7631257631257631,0.7621951219512195,1420.8841463414633,,185.69242024421692,,482,16,65536,457b0468ba5f023a4a9f38816dbca0899481d04d,False
complete,synthetic,synthetic-singular__synthetic__trainable-frequency-ry__L32__lr0.01__bs64__seed0,results/runs/synthetic/synthetic-singular__synthetic__trainable-frequency-ry__L32__lr0.01__bs64__seed0_seed0,synthetic-singular,synthetic,trainable-frequency-ry,32,0,0.01,64,2000,True,plus,True,False,0.3803489515994131,0.8536585365853658,0.37704193241472694,0.8583638583638583,0.8567073170731707,1561.128048780488,,3107.5324590206146,,7712,16,65536,457b0468ba5f023a4a9f38816dbca0899481d04d,False
complete,synthetic,synthetic-singular__synthetic__trainable-frequency-ry__L32__lr0.01__bs64__seed10,results/runs/synthetic/synthetic-singular__synthetic__trainable-frequency-ry__L32__lr0.01__bs64__seed10_seed10,synthetic-singular,synthetic,trainable-frequency-ry,32,10,0.01,64,2000,True,plus,True,False,0.3932015877616849,0.8048780487804879,0.378318423788143,0.851037851037851,0.8536585365853658,1511.5853658536587,,3087.1410822868347,,7712,16,65536,457b0468ba5f023a4a9f38816dbca0899481d04d,False
complete,synthetic,synthetic-singular__synthetic__trainable-frequency-ry__L32__lr0.01__bs64__seed11,results/runs/synthetic/synthetic-singular__synthetic__trainable-frequency-ry__L32__lr0.01__bs64__seed11_seed11,synthetic-singular,synthetic,trainable-frequency-ry,32,11,0.01,64,2000,True,plus,True,False,0.3651622089278657,0.8353658536585366,0.37192170504810823,0.8620268620268621,0.8536585365853658,1539.1768292682927,,3081.374960422516,,7712,16,65536,457b0468ba5f023a4a9f38816dbca0899481d04d,False
complete,synthetic,synthetic-singular__synthetic__trainable-frequency-ry__L32__lr0.01__bs64__seed12,results/runs/synthetic/synthetic-singular__synthetic__trainable-frequency-ry__L32__lr0.01__bs64__seed12_seed12,synthetic-singular,synthetic,trainable-frequency-ry,32,12,0.01,64,2000,True,plus,True,False,0.40640971484659505,0.823170731707317,0.39495336885123083,0.851037851037851,0.8475609756097561,1525.1524390243906,,3090.1184458732605,,7712,16,65536,457b0468ba5f023a4a9f38816dbca0899481d04d,False
complete,synthetic,synthetic-singular__synthetic__trainable-frequency-ry__L32__lr0.01__bs64__seed13,results/runs/synthetic/synthetic-singular__synthetic__trainable-frequency-ry__L32__lr0.01__bs64__seed13_seed13,synthetic-singular,synthetic,trainable-frequency-ry,32,13,0.01,64,2000,True,plus,True,False,0.38336354407377815,0.8323170731707317,0.3737719010283752,0.8534798534798534,0.8414634146341463,1530.792682926829,,3083.3592936992645,,7712,16,65536,457b0468ba5f023a4a9f38816dbca0899481d04d,False
complete,synthetic,synthetic-singular__synthetic__trainable-frequency-ry__L32__lr0.01__bs64__seed14,results/runs/synthetic/synthetic-singular__synthetic__trainable-frequency-ry__L32__lr0.01__bs64__seed14_seed14,synthetic-singular,synthetic,trainable-frequency-ry,32,14,0.01,64,2000,True,plus,True,False,0.4084247765675615,0.8201219512195121,0.40426974614252653,0.8449328449328449,0.8201219512195121,1499.390243902439,,3086.175978422165,,7712,16,65536,457b0468ba5f023a4a9f38816dbca0899481d04d,False
complete,synthetic,synthetic-singular__synthetic__trainable-frequency-ry__L32__lr0.01__bs64__seed15,results/runs/synthetic/synthetic-singular__synthetic__trainable-frequency-ry__L32__lr0.01__bs64__seed15_seed15,synthetic-singular,synthetic,trainable-frequency-ry,32,15,0.01,64,2000,True,plus,True,False,0.3733678144413058,0.8353658536585366,0.37041837247632103,0.8583638583638583,0.8353658536585366,1518.75,,3097.0879793167114,,7712,16,65536,457b0468ba5f023a4a9f38816dbca0899481d04d,False
complete,synthetic,synthetic-singular__synthetic__trainable-frequency-ry__L32__lr0.01__bs64__seed16,results/runs/synthetic/synthetic-singular__synthetic__trainable-frequency-ry__L32__lr0.01__bs64__seed16_seed16,synthetic-singular,synthetic,trainable-frequency-ry,32,16,0.01,64,2000,True,plus,True,False,0.39021563200868886,0.8140243902439024,0.38657365621162654,0.8534798534798534,0.8414634146341463,1505.6402439024391,,3087.7505276203156,,7712,16,65536,457b0468ba5f023a4a9f38816dbca0899481d04d,False
complete,synthetic,synthetic-singular__synthetic__trainable-frequency-ry__L32__lr0.01__bs64__seed17,results/runs/synthetic/synthetic-singular__synthetic__trainable-frequency-ry__L32__lr0.01__bs64__seed17_seed17,synthetic-singular,synthetic,trainable-frequency-ry,32,17,0.01,64,2000,True,plus,True,False,0.3982646993489507,0.823170731707317,0.4021980704287215,0.8424908424908425,0.8628048780487805,1570.5792682926829,,3088.000540494919,,7712,16,65536,457b0468ba5f023a4a9f38816dbca0899481d04d,False
complete,synthetic,synthetic-singular__synthetic__trainable-frequency-ry__L32__lr0.01__bs64__seed18,results/runs/synthetic/synthetic-singular__synthetic__trainable-frequency-ry__L32__lr0.01__bs64__seed18_seed18,synthetic-singular,synthetic,trainable-frequency-ry,32,18,0.01,64,2000,True,plus,True,False,0.3940922154565567,0.850609756097561,0.39610509790506654,0.8595848595848596,0.8628048780487805,1545.4268292682925,,3079.403951883316,,7712,16,65536,457b0468ba5f023a4a9f38816dbca0899481d04d,False
complete,synthetic,synthetic-singular__synthetic__trainable-frequency-ry__L32__lr0.01__bs64__seed19,results/runs/synthetic/synthetic-singular__synthetic__trainable-frequency-ry__L32__lr0.01__bs64__seed19_seed19,synthetic-singular,synthetic,trainable-frequency-ry,32,19,0.01,64,2000,True,plus,True,False,0.393708054600003,0.8201219512195121,0.3774105816955033,0.8571428571428571,0.8353658536585366,1514.6341463414635,,3077.5246987342834,,7712,16,65536,457b0468ba5f023a4a9f38816dbca0899481d04d,False
complete,synthetic,synthetic-singular__synthetic__trainable-frequency-ry__L32__lr0.01__bs64__seed1,results/runs/synthetic/synthetic-singular__synthetic__trainable-frequency-ry__L32__lr0.01__bs64__seed1_seed1,synthetic-singular,synthetic,trainable-frequency-ry,32,1,0.01,64,2000,True,plus,True,False,0.3767002162857426,0.8414634146341463,0.3711548514368775,0.8571428571428571,0.8445121951219512,1540.2439024390246,,3092.763951778412,,7712,16,65536,457b0468ba5f023a4a9f38816dbca0899481d04d,False
complete,synthetic,synthetic-singular__synthetic__trainable-frequency-ry__L32__lr0.01__bs64__seed2,results/runs/synthetic/synthetic-singular__synthetic__trainable-frequency-ry__L32__lr0.01__bs64__seed2_seed2,synthetic-singular,synthetic,trainable-frequency-ry,32,2,0.01,64,2000,True,plus,True,False,0.38474209315562635,0.8262195121951219,0.380150604009041,0.8498168498168498,0.8475609756097561,1541.4634146341461,,3080.67618727684,,7712,16,65536,457b0468ba5f023a4a9f38816dbca0899481d04d,False
complete,synthetic,synthetic-singular__synthetic__trainable-frequency-ry__L32__lr0.01__bs64__seed3,results/runs/synthetic/synthetic-singular__synthetic__trainable-frequency-ry__L32__lr0.01__bs64__seed3_seed3,synthetic-singular,synthetic,trainable-frequency-ry,32,3,0.01,64,2000,True,plus,True,False,0.36312714943508406,0.8475609756097561,0.36248031292633603,0.8656898656898657,0.8475609756097561,1522.8658536585367,,3139.425700902939,,7712,16,65536,5d760ef42d71a06acce4efdc9ed931be057f16a6,False
complete,synthetic,synthetic-singular__synthetic__trainable-frequency-ry__L32__lr0.01__bs64__seed4,results/runs/synthetic/synthetic-singular__synthetic__trainable-frequency-ry__L32__lr0.01__bs64__seed4_seed4,synthetic-singular,synthetic,trainable-frequency-ry,32,4,0.01,64,2000,True,plus,True,False,0.3956569692501904,0.8140243902439024,0.3898822357584671,0.8485958485958486,0.8384146341463414,1525.1524390243903,,3082.573972225189,,7712,16,65536,457b0468ba5f023a4a9f38816dbca0899481d04d,False
complete,synthetic,synthetic-singular__synthetic__trainable-frequency-ry__L32__lr0.01__bs64__seed5,results/runs/synthetic/synthetic-singular__synthetic__trainable-frequency-ry__L32__lr0.01__bs64__seed5_seed5,synthetic-singular,synthetic,trainable-frequency-ry,32,5,0.01,64,2000,True,plus,True,False,0.3941084577552845,0.8323170731707317,0.39023520613084095,0.8473748473748474,0.850609756097561,1539.7865853658534,,3061.6830863952637,,7712,16,65536,457b0468ba5f023a4a9f38816dbca0899481d04d,False
complete,synthetic,synthetic-singular__synthetic__trainable-frequency-ry__L32__lr0.01__bs64__seed6,results/runs/synthetic/synthetic-singular__synthetic__trainable-frequency-ry__L32__lr0.01__bs64__seed6_seed6,synthetic-singular,synthetic,trainable-frequency-ry,32,6,0.01,64,2000,True,plus,True,False,0.37235192918073823,0.8445121951219512,0.3791104125734973,0.8644688644688645,0.8597560975609756,1550.609756097561,,3057.8517348766327,,7712,16,65536,457b0468ba5f023a4a9f38816dbca0899481d04d,False
complete,synthetic,synthetic-singular__synthetic__trainable-frequency-ry__L32__lr0.01__bs64__seed7,results/runs/synthetic/synthetic-singular__synthetic__trainable-frequency-ry__L32__lr0.01__bs64__seed7_seed7,synthetic-singular,synthetic,trainable-frequency-ry,32,7,0.01,64,2000,True,plus,True,False,0.3911915229885691,0.8262195121951219,0.39455257614432104,0.8522588522588522,0.8323170731707317,1525.914634146341,,3054.528206348419,,7712,16,65536,457b0468ba5f023a4a9f38816dbca0899481d04d,False
complete,synthetic,synthetic-singular__synthetic__trainable-frequency-ry__L32__lr0.01__bs64__seed8,results/runs/synthetic/synthetic-singular__synthetic__trainable-frequency-ry__L32__lr0.01__bs64__seed8_seed8,synthetic-singular,synthetic,trainable-frequency-ry,32,8,0.01,64,2000,True,plus,True,False,0.36028299782992973,0.823170731707317,0.3634593186034126,0.851037851037851,0.8567073170731707,1549.2378048780488,,3062.1211874485016,,7712,16,65536,457b0468ba5f023a4a9f38816dbca0899481d04d,False
complete,synthetic,synthetic-singular__synthetic__trainable-frequency-ry__L32__lr0.01__bs64__seed9,results/runs/synthetic/synthetic-singular__synthetic__trainable-frequency-ry__L32__lr0.01__bs64__seed9_seed9,synthetic-singular,synthetic,trainable-frequency-ry,32,9,0.01,64,2000,True,plus,True,False,0.3911981675185513,0.8323170731707317,0.3910747184440261,0.851037851037851,0.8323170731707317,1517.530487804878,,3067.2359573841095,,7712,16,65536,457b0468ba5f023a4a9f38816dbca0899481d04d,False
complete,synthetic,synthetic-singular__synthetic__trainable-frequency-ry__L4__lr0.01__bs64__seed0,results/runs/synthetic/synthetic-singular__synthetic__trainable-frequency-ry__L4__lr0.01__bs64__seed0_seed0,synthetic-singular,synthetic,trainable-frequency-ry,4,0,0.01,64,2000,True,plus,True,False,0.42182547690622424,0.8140243902439024,0.422280305850216,0.8278388278388278,0.8140243902439024,1525.9146341463415,,430.9107530117035,,964,16,65536,5d760ef42d71a06acce4efdc9ed931be057f16a6,False
complete,synthetic,synthetic-singular__synthetic__trainable-frequency-ry__L4__lr0.01__bs64__seed10,results/runs/synthetic/synthetic-singular__synthetic__trainable-frequency-ry__L4__lr0.01__bs64__seed10_seed10,synthetic-singular,synthetic,trainable-frequency-ry,4,10,0.01,64,2000,True,plus,True,False,0.4279952479388637,0.7987804878048781,0.4137768817283813,0.833943833943834,0.8109756097560976,1506.554878048781,,366.93994307518005,,964,16,65536,457b0468ba5f023a4a9f38816dbca0899481d04d,False
complete,synthetic,synthetic-singular__synthetic__trainable-frequency-ry__L4__lr0.01__bs64__seed11,results/runs/synthetic/synthetic-singular__synthetic__trainable-frequency-ry__L4__lr0.01__bs64__seed11_seed11,synthetic-singular,synthetic,trainable-frequency-ry,4,11,0.01,64,2000,True,plus,True,False,0.4350625448660732,0.7896341463414634,0.42336491195595616,0.8241758241758241,0.8140243902439024,1510.9756097560976,,366.64611554145813,,964,16,65536,457b0468ba5f023a4a9f38816dbca0899481d04d,False
complete,synthetic,synthetic-singular__synthetic__trainable-frequency-ry__L4__lr0.01__bs64__seed12,results/runs/synthetic/synthetic-singular__synthetic__trainable-frequency-ry__L4__lr0.01__bs64__seed12_seed12,synthetic-singular,synthetic,trainable-frequency-ry,4,12,0.01,64,2000,True,plus,True,False,0.42713201782865345,0.7682926829268293,0.41936119737851346,0.8156288156288156,0.8079268292682927,1478.8109756097563,,367.29631185531616,,964,16,65536,457b0468ba5f023a4a9f38816dbca0899481d04d,False
complete,synthetic,synthetic-singular__synthetic__trainable-frequency-ry__L4__lr0.01__bs64__seed13,results/runs/synthetic/synthetic-singular__synthetic__trainable-frequency-ry__L4__lr0.01__bs64__seed13_seed13,synthetic-singular,synthetic,trainable-frequency-ry,4,13,0.01,64,2000,True,plus,True,False,0.43082550837808115,0.7926829268292683,0.4171716624374334,0.8192918192918193,0.8140243902439024,1513.7195121951222,,365.98634457588196,,964,16,65536,457b0468ba5f023a4a9f38816dbca0899481d04d,False
complete,synthetic,synthetic-singular__synthetic__trainable-frequency-ry__L4__lr0.01__bs64__seed14,results/runs/synthetic/synthetic-singular__synthetic__trainable-frequency-ry__L4__lr0.01__bs64__seed14_seed14,synthetic-singular,synthetic,trainable-frequency-ry,4,14,0.01,64,2000,True,plus,True,False,0.41883088582586253,0.8048780487804879,0.42125497504655973,0.8266178266178266,0.8140243902439024,1500.3048780487804,,366.1064031124115,,964,16,65536,457b0468ba5f023a4a9f38816dbca0899481d04d,False
complete,synthetic,synthetic-singular__synthetic__trainable-frequency-ry__L4__lr0.01__bs64__seed15,results/runs/synthetic/synthetic-singular__synthetic__trainable-frequency-ry__L4__lr0.01__bs64__seed15_seed15,synthetic-singular,synthetic,trainable-frequency-ry,4,15,0.01,64,2000,True,plus,True,False,0.45196076615530534,0.7896341463414634,0.44540118463736567,0.8034188034188035,0.801829268292683,1495.731707317073,,367.0273060798645,,964,16,65536,457b0468ba5f023a4a9f38816dbca0899481d04d,False
complete,synthetic,synthetic-singular__synthetic__trainable-frequency-ry__L4__lr0.01__bs64__seed16,results/runs/synthetic/synthetic-singular__synthetic__trainable-frequency-ry__L4__lr0.01__bs64__seed16_seed16,synthetic-singular,synthetic,trainable-frequency-ry,4,16,0.01,64,2000,True,plus,True,False,0.4193864173273324,0.8079268292682927,0.41470076373427983,0.8253968253968254,0.8109756097560976,1508.0792682926829,,369.3018980026245,,964,16,65536,457b0468ba5f023a4a9f38816dbca0899481d04d,False
complete,synthetic,synthetic-singular__synthetic__trainable-frequency-ry__L4__lr0.01__bs64__seed17,results/runs/synthetic/synthetic-singular__synthetic__trainable-frequency-ry__L4__lr0.01__bs64__seed17_seed17,synthetic-singular,synthetic,trainable-frequency-ry,4,17,0.01,64,2000,True,plus,True,False,0.4236565772650293,0.7957317073170732,0.4117078516570027,0.8302808302808303,0.8140243902439024,1518.7500000000005,,367.7820029258728,,964,16,65536,457b0468ba5f023a4a9f38816dbca0899481d04d,False
complete,synthetic,synthetic-singular__synthetic__trainable-frequency-ry__L4__lr0.01__bs64__seed18,results/runs/synthetic/synthetic-singular__synthetic__trainable-frequency-ry__L4__lr0.01__bs64__seed18_seed18,synthetic-singular,synthetic,trainable-frequency-ry,4,18,0.01,64,2000,True,plus,True,False,0.4267740566968798,0.7987804878048781,0.42724987481148824,0.8217338217338217,0.8262195121951219,1525.457317073171,,365.72761702537537,,964,16,65536,457b0468ba5f023a4a9f38816dbca0899481d04d,False
complete,synthetic,synthetic-singular__synthetic__trainable-frequency-ry__L4__lr0.01__bs64__seed19,results/runs/synthetic/synthetic-singular__synthetic__trainable-frequency-ry__L4__lr0.01__bs64__seed19_seed19,synthetic-singular,synthetic,trainable-frequency-ry,4,19,0.01,64,2000,True,plus,True,False,0.43423639530567937,0.8048780487804879,0.4153269432836882,0.8290598290598291,0.8048780487804879,1502.1341463414633,,368.0942451953888,,964,16,65536,457b0468ba5f023a4a9f38816dbca0899481d04d,False
complete,synthetic,synthetic-singular__synthetic__trainable-frequency-ry__L4__lr0.01__bs64__seed1,results/runs/synthetic/synthetic-singular__synthetic__trainable-frequency-ry__L4__lr0.01__bs64__seed1_seed1,synthetic-singular,synthetic,trainable-frequency-ry,4,1,0.01,64,2000,True,plus,True,False,0.43045370608295375,0.7804878048780488,0.4153877451771444,0.8278388278388278,0.8079268292682927,1510.9756097560974,,369.2411456108093,,964,16,65536,457b0468ba5f023a4a9f38816dbca0899481d04d,False
complete,synthetic,synthetic-singular__synthetic__trainable-frequency-ry__L4__lr0.01__bs64__seed2,results/runs/synthetic/synthetic-singular__synthetic__trainable-frequency-ry__L4__lr0.01__bs64__seed2_seed2,synthetic-singular,synthetic,trainable-frequency-ry,4,2,0.01,64,2000,True,plus,True,False,0.41421375300135765,0.801829268292683,0.4099263121831612,0.8278388278388278,0.8170731707317073,1522.5609756097565,,368.80314207077026,,964,16,65536,457b0468ba5f023a4a9f38816dbca0899481d04d,False
complete,synthetic,synthetic-singular__synthetic__trainable-frequency-ry__L4__lr0.01__bs64__seed3,results/runs/synthetic/synthetic-singular__synthetic__trainable-frequency-ry__L4__lr0.01__bs64__seed3_seed3,synthetic-singular,synthetic,trainable-frequency-ry,4,3,0.01,64,2000,True,plus,True,False,0.4211399388733186,0.8109756097560976,0.41453847826882717,0.8241758241758241,0.8262195121951219,1522.1036585365855,,368.3574149608612,,964,16,65536,457b0468ba5f023a4a9f38816dbca0899481d04d,False
complete,synthetic,synthetic-singular__synthetic__trainable-frequency-ry__L4__lr0.01__bs64__seed4,results/runs/synthetic/synthetic-singular__synthetic__trainable-frequency-ry__L4__lr0.01__bs64__seed4_seed4,synthetic-singular,synthetic,trainable-frequency-ry,4,4,0.01,64,2000,True,plus,True,False,0.4242903890181636,0.7713414634146342,0.416355394777863,0.8241758241758241,0.8079268292682927,1496.0365853658536,,365.81367206573486,,964,16,65536,457b0468ba5f023a4a9f38816dbca0899481d04d,False
complete,synthetic,synthetic-singular__synthetic__trainable-frequency-ry__L4__lr0.01__bs64__seed5,results/runs/synthetic/synthetic-singular__synthetic__trainable-frequency-ry__L4__lr0.01__bs64__seed5_seed5,synthetic-singular,synthetic,trainable-frequency-ry,4,5,0.01,64,2000,True,plus,True,False,0.4199930837669504,0.7957317073170732,0.417018312016343,0.8168498168498168,0.8048780487804879,1497.4085365853657,,371.29303526878357,,964,16,65536,457b0468ba5f023a4a9f38816dbca0899481d04d,False
complete,synthetic,synthetic-singular__synthetic__trainable-frequency-ry__L4__lr0.01__bs64__seed6,results/runs/synthetic/synthetic-singular__synthetic__trainable-frequency-ry__L4__lr0.01__bs64__seed6_seed6,synthetic-singular,synthetic,trainable-frequency-ry,4,6,0.01,64,2000,True,plus,True,False,0.4259752206851695,0.7987804878048781,0.4198499274364987,0.8144078144078144,0.8170731707317073,1530.1829268292686,,367.85168623924255,,964,16,65536,457b0468ba5f023a4a9f38816dbca0899481d04d,False
complete,synthetic,synthetic-singular__synthetic__trainable-frequency-ry__L4__lr0.01__bs64__seed7,results/runs/synthetic/synthetic-singular__synthetic__trainable-frequency-ry__L4__lr0.01__bs64__seed7_seed7,synthetic-singular,synthetic,trainable-frequency-ry,4,7,0.01,64,2000,True,plus,True,False,0.41388844073832665,0.7926829268292683,0.41077489939108186,0.8266178266178266,0.8109756097560976,1520.8841463414633,,368.70123314857483,,964,16,65536,457b0468ba5f023a4a9f38816dbca0899481d04d,False
complete,synthetic,synthetic-singular__synthetic__trainable-frequency-ry__L4__lr0.01__bs64__seed8,results/runs/synthetic/synthetic-singular__synthetic__trainable-frequency-ry__L4__lr0.01__bs64__seed8_seed8,synthetic-singular,synthetic,trainable-frequency-ry,4,8,0.01,64,2000,True,plus,True,False,0.42875723342488326,0.7957317073170732,0.4217003404875281,0.8253968253968254,0.8140243902439024,1515.8536585365853,,368.8891212940216,,964,16,65536,457b0468ba5f023a4a9f38816dbca0899481d04d,False
complete,synthetic,synthetic-singular__synthetic__trainable-frequency-ry__L4__lr0.01__bs64__seed9,results/runs/synthetic/synthetic-singular__synthetic__trainable-frequency-ry__L4__lr0.01__bs64__seed9_seed9,synthetic-singular,synthetic,trainable-frequency-ry,4,9,0.01,64,2000,True,plus,True,False,0.42072714284147095,0.8109756097560976,0.41799388076597765,0.8241758241758241,0.8170731707317073,1530.9451219512198,,367.5256884098053,,964,16,65536,457b0468ba5f023a4a9f38816dbca0899481d04d,False
complete,synthetic,synthetic-singular__synthetic__trainable-frequency-ry__L8__lr0.01__bs64__seed0,results/runs/synthetic/synthetic-singular__synthetic__trainable-frequency-ry__L8__lr0.01__bs64__seed0_seed0,synthetic-singular,synthetic,trainable-frequency-ry,8,0,0.01,64,2000,True,plus,True,False,0.3784623719317732,0.823170731707317,0.37146833289198955,0.851037851037851,0.8384146341463414,1543.1402439024391,,798.4130125045776,,1928,16,65536,5d760ef42d71a06acce4efdc9ed931be057f16a6,False
complete,synthetic,synthetic-singular__synthetic__trainable-frequency-ry__L8__lr0.01__bs64__seed10,results/runs/synthetic/synthetic-singular__synthetic__trainable-frequency-ry__L8__lr0.01__bs64__seed10_seed10,synthetic-singular,synthetic,trainable-frequency-ry,8,10,0.01,64,2000,True,plus,True,False,0.39725456954806515,0.823170731707317,0.3841417274676674,0.8437118437118437,0.8353658536585366,1532.0121951219512,,717.1559977531433,,1928,16,65536,457b0468ba5f023a4a9f38816dbca0899481d04d,False
complete,synthetic,synthetic-singular__synthetic__trainable-frequency-ry__L8__lr0.01__bs64__seed11,results/runs/synthetic/synthetic-singular__synthetic__trainable-frequency-ry__L8__lr0.01__bs64__seed11_seed11,synthetic-singular,synthetic,trainable-frequency-ry,8,11,0.01,64,2000,True,plus,True,False,0.3779817793593393,0.8262195121951219,0.3776325184578016,0.8547008547008547,0.8262195121951219,1532.4695121951222,,720.2295298576355,,1928,16,65536,457b0468ba5f023a4a9f38816dbca0899481d04d,False
complete,synthetic,synthetic-singular__synthetic__trainable-frequency-ry__L8__lr0.01__bs64__seed12,results/runs/synthetic/synthetic-singular__synthetic__trainable-frequency-ry__L8__lr0.01__bs64__seed12_seed12,synthetic-singular,synthetic,trainable-frequency-ry,8,12,0.01,64,2000,True,plus,True,False,0.39378805340427536,0.8140243902439024,0.3819200319151772,0.8571428571428571,0.8170731707317073,1526.829268292683,,718.6144902706146,,1928,16,65536,457b0468ba5f023a4a9f38816dbca0899481d04d,False
complete,synthetic,synthetic-singular__synthetic__trainable-frequency-ry__L8__lr0.01__bs64__seed13,results/runs/synthetic/synthetic-singular__synthetic__trainable-frequency-ry__L8__lr0.01__bs64__seed13_seed13,synthetic-singular,synthetic,trainable-frequency-ry,8,13,0.01,64,2000,True,plus,True,False,0.3742306207985806,0.8323170731707317,0.36724008450920037,0.8522588522588522,0.8475609756097561,1573.1707317073174,,715.1559567451477,,1928,16,65536,457b0468ba5f023a4a9f38816dbca0899481d04d,False
complete,synthetic,synthetic-singular__synthetic__trainable-frequency-ry__L8__lr0.01__bs64__seed14,results/runs/synthetic/synthetic-singular__synthetic__trainable-frequency-ry__L8__lr0.01__bs64__seed14_seed14,synthetic-singular,synthetic,trainable-frequency-ry,8,14,0.01,64,2000,True,plus,True,False,0.3818826668932937,0.8414634146341463,0.3881488641302539,0.8437118437118437,0.8445121951219512,1566.7682926829266,,715.8174381256104,,1928,16,65536,457b0468ba5f023a4a9f38816dbca0899481d04d,False
complete,synthetic,synthetic-singular__synthetic__trainable-frequency-ry__L8__lr0.01__bs64__seed15,results/runs/synthetic/synthetic-singular__synthetic__trainable-frequency-ry__L8__lr0.01__bs64__seed15_seed15,synthetic-singular,synthetic,trainable-frequency-ry,8,15,0.01,64,2000,True,plus,True,False,0.3796326154261738,0.8475609756097561,0.3721289138232905,0.8522588522588522,0.8567073170731707,1583.0792682926829,,716.9612889289856,,1928,16,65536,457b0468ba5f023a4a9f38816dbca0899481d04d,False
complete,synthetic,synthetic-singular__synthetic__trainable-frequency-ry__L8__lr0.01__bs64__seed16,results/runs/synthetic/synthetic-singular__synthetic__trainable-frequency-ry__L8__lr0.01__bs64__seed16_seed16,synthetic-singular,synthetic,trainable-frequency-ry,8,16,0.01,64,2000,True,plus,True,False,0.3747978622027104,0.8323170731707317,0.3583854129688553,0.8669108669108669,0.8445121951219512,1553.3536585365855,,717.4604403972626,,1928,16,65536,457b0468ba5f023a4a9f38816dbca0899481d04d,False
complete,synthetic,synthetic-singular__synthetic__trainable-frequency-ry__L8__lr0.01__bs64__seed17,results/runs/synthetic/synthetic-singular__synthetic__trainable-frequency-ry__L8__lr0.01__bs64__seed17_seed17,synthetic-singular,synthetic,trainable-frequency-ry,8,17,0.01,64,2000,True,plus,True,False,0.4134225548686438,0.8140243902439024,0.40432789194140417,0.8412698412698413,0.8445121951219512,1558.2317073170732,,717.1512086391449,,1928,16,65536,457b0468ba5f023a4a9f38816dbca0899481d04d,False
complete,synthetic,synthetic-singular__synthetic__trainable-frequency-ry__L8__lr0.01__bs64__seed18,results/runs/synthetic/synthetic-singular__synthetic__trainable-frequency-ry__L8__lr0.01__bs64__seed18_seed18,synthetic-singular,synthetic,trainable-frequency-ry,8,18,0.01,64,2000,True,plus,True,False,0.38126215828762766,0.8658536585365854,0.3829994561089894,0.8559218559218559,0.8658536585365854,1572.560975609756,,719.4540250301361,,1928,16,65536,457b0468ba5f023a4a9f38816dbca0899481d04d,False
complete,synthetic,synthetic-singular__synthetic__trainable-frequency-ry__L8__lr0.01__bs64__seed19,results/runs/synthetic/synthetic-singular__synthetic__trainable-frequency-ry__L8__lr0.01__bs64__seed19_seed19,synthetic-singular,synthetic,trainable-frequency-ry,8,19,0.01,64,2000,True,plus,True,False,0.38762992794213175,0.8201219512195121,0.3807305443004446,0.8559218559218559,0.8292682926829268,1546.189024390244,,716.2802374362946,,1928,16,65536,457b0468ba5f023a4a9f38816dbca0899481d04d,False
complete,synthetic,synthetic-singular__synthetic__trainable-frequency-ry__L8__lr0.01__bs64__seed1,results/runs/synthetic/synthetic-singular__synthetic__trainable-frequency-ry__L8__lr0.01__bs64__seed1_seed1,synthetic-singular,synthetic,trainable-frequency-ry,8,1,0.01,64,2000,True,plus,True,False,0.3830371519109379,0.8079268292682927,0.3759907881457321,0.8485958485958486,0.8384146341463414,1559.451219512195,,715.8047630786896,,1928,16,65536,5d760ef42d71a06acce4efdc9ed931be057f16a6,False
complete,synthetic,synthetic-singular__synthetic__trainable-frequency-ry__L8__lr0.01__bs64__seed2,results/runs/synthetic/synthetic-singular__synthetic__trainable-frequency-ry__L8__lr0.01__bs64__seed2_seed2,synthetic-singular,synthetic,trainable-frequency-ry,8,2,0.01,64,2000,True,plus,True,False,0.37160355688436797,0.8445121951219512,0.3717882431465078,0.8571428571428571,0.8475609756097561,1563.8719512195123,,714.2797980308533,,1928,16,65536,457b0468ba5f023a4a9f38816dbca0899481d04d,False
complete,synthetic,synthetic-singular__synthetic__trainable-frequency-ry__L8__lr0.01__bs64__seed3,results/runs/synthetic/synthetic-singular__synthetic__trainable-frequency-ry__L8__lr0.01__bs64__seed3_seed3,synthetic-singular,synthetic,trainable-frequency-ry,8,3,0.01,64,2000,True,plus,True,False,0.39100460606640963,0.8262195121951219,0.3920291055279378,0.8437118437118437,0.8414634146341463,1546.3414634146343,,723.283111333847,,1928,16,65536,457b0468ba5f023a4a9f38816dbca0899481d04d,False
complete,synthetic,synthetic-singular__synthetic__trainable-frequency-ry__L8__lr0.01__bs64__seed4,results/runs/synthetic/synthetic-singular__synthetic__trainable-frequency-ry__L8__lr0.01__bs64__seed4_seed4,synthetic-singular,synthetic,trainable-frequency-ry,8,4,0.01,64,2000,True,plus,True,False,0.38836165741469375,0.8292682926829268,0.3806775700407856,0.8571428571428571,0.8414634146341463,1566.310975609756,,721.1159584522247,,1928,16,65536,457b0468ba5f023a4a9f38816dbca0899481d04d,False
complete,synthetic,synthetic-singular__synthetic__trainable-frequency-ry__L8__lr0.01__bs64__seed5,results/runs/synthetic/synthetic-singular__synthetic__trainable-frequency-ry__L8__lr0.01__bs64__seed5_seed5,synthetic-singular,synthetic,trainable-frequency-ry,8,5,0.01,64,2000,True,plus,True,False,0.3918857533288342,0.8109756097560976,0.38705290047059715,0.8400488400488401,0.8384146341463414,1551.5243902439026,,718.8539462089539,,1928,16,65536,457b0468ba5f023a4a9f38816dbca0899481d04d,False
complete,synthetic,synthetic-singular__synthetic__trainable-frequency-ry__L8__lr0.01__bs64__seed6,results/runs/synthetic/synthetic-singular__synthetic__trainable-frequency-ry__L8__lr0.01__bs64__seed6_seed6,synthetic-singular,synthetic,trainable-frequency-ry,8,6,0.01,64,2000,True,plus,True,False,0.3808831002096349,0.8414634146341463,0.3741567238536983,0.8498168498168498,0.8414634146341463,1561.5853658536585,,718.4205875396729,,1928,16,65536,457b0468ba5f023a4a9f38816dbca0899481d04d,False
complete,synthetic,synthetic-singular__synthetic__trainable-frequency-ry__L8__lr0.01__bs64__seed7,results/runs/synthetic/synthetic-singular__synthetic__trainable-frequency-ry__L8__lr0.01__bs64__seed7_seed7,synthetic-singular,synthetic,trainable-frequency-ry,8,7,0.01,64,2000,True,plus,True,False,0.3917479076852191,0.823170731707317,0.3849133613079213,0.8424908424908425,0.8384146341463414,1557.469512195122,,718.3444111347198,,1928,16,65536,457b0468ba5f023a4a9f38816dbca0899481d04d,False
complete,synthetic,synthetic-singular__synthetic__trainable-frequency-ry__L8__lr0.01__bs64__seed8,results/runs/synthetic/synthetic-singular__synthetic__trainable-frequency-ry__L8__lr0.01__bs64__seed8_seed8,synthetic-singular,synthetic,trainable-frequency-ry,8,8,0.01,64,2000,True,plus,True,False,0.3613697670202252,0.850609756097561,0.3784954251482546,0.8559218559218559,0.8567073170731707,1560.060975609756,,715.9646632671356,,1928,16,65536,457b0468ba5f023a4a9f38816dbca0899481d04d,False
complete,synthetic,synthetic-singular__synthetic__trainable-frequency-ry__L8__lr0.01__bs64__seed9,results/runs/synthetic/synthetic-singular__synthetic__trainable-frequency-ry__L8__lr0.01__bs64__seed9_seed9,synthetic-singular,synthetic,trainable-frequency-ry,8,9,0.01,64,2000,True,plus,True,False,0.38540756846961316,0.8536585365853658,0.38282774563009764,0.8473748473748474,0.8536585365853658,1568.75,,717.9497570991516,,1928,16,65536,457b0468ba5f023a4a9f38816dbca0899481d04d,False
complete,synthetic,synthetic-singular__synthetic__trainable-patch-su4__L16__lr0.01__bs64__seed0,results/runs/synthetic/synthetic-singular__synthetic__trainable-patch-su4__L16__lr0.01__bs64__seed0_seed0,synthetic-singular,synthetic,trainable-patch-su4,16,0,0.01,64,2000,True,plus,True,False,0.532837867790135,0.7164634146341463,0.5018140559494989,0.7631257631257631,0.7164634146341463,1252.1341463414635,,277.25987458229065,,5520,8,256,fe55492d59dea43f07862ecc1a80bebd9838d7fe,True
complete,synthetic,synthetic-singular__synthetic__trainable-patch-su4__L16__lr0.01__bs64__seed10,results/runs/synthetic/synthetic-singular__synthetic__trainable-patch-su4__L16__lr0.01__bs64__seed10_seed10,synthetic-singular,synthetic,trainable-patch-su4,16,10,0.01,64,2000,True,plus,True,False,0.5670507625371543,0.6463414634146342,0.5577600508218492,0.6984126984126984,0.7103658536585366,1235.3658536585367,,279.1044189929962,,5520,8,256,fe55492d59dea43f07862ecc1a80bebd9838d7fe,True
complete,synthetic,synthetic-singular__synthetic__trainable-patch-su4__L16__lr0.01__bs64__seed11,results/runs/synthetic/synthetic-singular__synthetic__trainable-patch-su4__L16__lr0.01__bs64__seed11_seed11,synthetic-singular,synthetic,trainable-patch-su4,16,11,0.01,64,2000,True,plus,True,False,0.5162870347140365,0.7378048780487805,0.5103851179189575,0.7313797313797313,0.7378048780487805,1236.280487804878,,276.00466871261597,,5520,8,256,fe55492d59dea43f07862ecc1a80bebd9838d7fe,True
complete,synthetic,synthetic-singular__synthetic__trainable-patch-su4__L16__lr0.01__bs64__seed12,results/runs/synthetic/synthetic-singular__synthetic__trainable-patch-su4__L16__lr0.01__bs64__seed12_seed12,synthetic-singular,synthetic,trainable-patch-su4,16,12,0.01,64,2000,True,plus,True,False,0.5060085825140006,0.7408536585365854,0.4719172938055131,0.7765567765567766,0.75,1299.2378048780488,,270.4798195362091,,5520,8,256,fe55492d59dea43f07862ecc1a80bebd9838d7fe,True
complete,synthetic,synthetic-singular__synthetic__trainable-patch-su4__L16__lr0.01__bs64__seed13,results/runs/synthetic/synthetic-singular__synthetic__trainable-patch-su4__L16__lr0.01__bs64__seed13_seed13,synthetic-singular,synthetic,trainable-patch-su4,16,13,0.01,64,2000,True,plus,True,False,0.5568359079934699,0.7134146341463414,0.5697484919964155,0.6825396825396826,0.7134146341463414,1225.609756097561,,276.8970925807953,,5520,8,256,fe55492d59dea43f07862ecc1a80bebd9838d7fe,True
complete,synthetic,synthetic-singular__synthetic__trainable-patch-su4__L16__lr0.01__bs64__seed14,results/runs/synthetic/synthetic-singular__synthetic__trainable-patch-su4__L16__lr0.01__bs64__seed14_seed14,synthetic-singular,synthetic,trainable-patch-su4,16,14,0.01,64,2000,True,plus,True,False,0.5738709911147817,0.6829268292682927,0.5398109092734351,0.7106227106227107,0.7195121951219512,1247.5609756097563,,274.0588369369507,,5520,8,256,fe55492d59dea43f07862ecc1a80bebd9838d7fe,True
complete,synthetic,synthetic-singular__synthetic__trainable-patch-su4__L16__lr0.01__bs64__seed15,results/runs/synthetic/synthetic-singular__synthetic__trainable-patch-su4__L16__lr0.01__bs64__seed15_seed15,synthetic-singular,synthetic,trainable-patch-su4,16,15,0.01,64,2000,True,plus,True,False,0.5232207647860524,0.7317073170731707,0.525241769029738,0.7264957264957265,0.7317073170731707,1279.420731707317,,276.0028269290924,,5520,8,256,fe55492d59dea43f07862ecc1a80bebd9838d7fe,True
complete,synthetic,synthetic-singular__synthetic__trainable-patch-su4__L16__lr0.01__bs64__seed16,results/runs/synthetic/synthetic-singular__synthetic__trainable-patch-su4__L16__lr0.01__bs64__seed16_seed16,synthetic-singular,synthetic,trainable-patch-su4,16,16,0.01,64,2000,True,plus,True,False,0.547534834829129,0.6890243902439024,0.537673998960035,0.7032967032967034,0.7012195121951219,1250.9146341463418,,276.0160551071167,,5520,8,256,fe55492d59dea43f07862ecc1a80bebd9838d7fe,True
complete,synthetic,synthetic-singular__synthetic__trainable-patch-su4__L16__lr0.01__bs64__seed17,results/runs/synthetic/synthetic-singular__synthetic__trainable-patch-su4__L16__lr0.01__bs64__seed17_seed17,synthetic-singular,synthetic,trainable-patch-su4,16,17,0.01,64,2000,True,plus,True,False,0.5760886698709522,0.6646341463414634,0.5454808481711004,0.684981684981685,0.6798780487804879,1214.4817073170734,,274.2954931259155,,5520,8,256,fe55492d59dea43f07862ecc1a80bebd9838d7fe,True
complete,synthetic,synthetic-singular__synthetic__trainable-patch-su4__L16__lr0.01__bs64__seed18,results/runs/synthetic/synthetic-singular__synthetic__trainable-patch-su4__L16__lr0.01__bs64__seed18_seed18,synthetic-singular,synthetic,trainable-patch-su4,16,18,0.01,64,2000,True,plus,True,False,0.5834232323985132,0.6676829268292683,0.5504773197580579,0.7167277167277167,0.7012195121951219,1244.512195121951,,274.92170882225037,,5520,8,256,fe55492d59dea43f07862ecc1a80bebd9838d7fe,True
complete,synthetic,synthetic-singular__synthetic__trainable-patch-su4__L16__lr0.01__bs64__seed19,results/runs/synthetic/synthetic-singular__synthetic__trainable-patch-su4__L16__lr0.01__bs64__seed19_seed19,synthetic-singular,synthetic,trainable-patch-su4,16,19,0.01,64,2000,True,plus,True,False,0.5484099459534854,0.7317073170731707,0.5549084868785109,0.7118437118437119,0.7317073170731707,1250.0000000000005,,275.53524446487427,,5520,8,256,fe55492d59dea43f07862ecc1a80bebd9838d7fe,True
complete,synthetic,synthetic-singular__synthetic__trainable-patch-su4__L16__lr0.01__bs64__seed1,results/runs/synthetic/synthetic-singular__synthetic__trainable-patch-su4__L16__lr0.01__bs64__seed1_seed1,synthetic-singular,synthetic,trainable-patch-su4,16,1,0.01,64,2000,True,plus,True,False,0.5373149435056906,0.7073170731707317,0.5615835167524261,0.6813186813186813,0.7073170731707317,1258.3841463414635,,276.2167999744415,,5520,8,256,fe55492d59dea43f07862ecc1a80bebd9838d7fe,True
complete,synthetic,synthetic-singular__synthetic__trainable-patch-su4__L16__lr0.01__bs64__seed2,results/runs/synthetic/synthetic-singular__synthetic__trainable-patch-su4__L16__lr0.01__bs64__seed2_seed2,synthetic-singular,synthetic,trainable-patch-su4,16,2,0.01,64,2000,True,plus,True,False,0.5387186800598545,0.7347560975609756,0.5077676476548605,0.7716727716727717,0.7347560975609756,1254.4207317073171,,276.65988850593567,,5520,8,256,fe55492d59dea43f07862ecc1a80bebd9838d7fe,True
complete,synthetic,synthetic-singular__synthetic__trainable-patch-su4__L16__lr0.01__bs64__seed3,results/runs/synthetic/synthetic-singular__synthetic__trainable-patch-su4__L16__lr0.01__bs64__seed3_seed3,synthetic-singular,synthetic,trainable-patch-su4,16,3,0.01,64,2000,True,plus,True,False,0.6019825853297613,0.6341463414634146,0.5671021529152319,0.6825396825396826,0.7347560975609756,1243.90243902439,,277.6522755622864,,5520,8,256,fe55492d59dea43f07862ecc1a80bebd9838d7fe,True
complete,synthetic,synthetic-singular__synthetic__trainable-patch-su4__L16__lr0.01__bs64__seed4,results/runs/synthetic/synthetic-singular__synthetic__trainable-patch-su4__L16__lr0.01__bs64__seed4_seed4,synthetic-singular,synthetic,trainable-patch-su4,16,4,0.01,64,2000,True,plus,True,False,0.5200048779458835,0.725609756097561,0.4922698593401528,0.7619047619047619,0.7286585365853658,1264.9390243902437,,273.71561002731323,,5520,8,256,fe55492d59dea43f07862ecc1a80bebd9838d7fe,True
complete,synthetic,synthetic-singular__synthetic__trainable-patch-su4__L16__lr0.01__bs64__seed5,results/runs/synthetic/synthetic-singular__synthetic__trainable-patch-su4__L16__lr0.01__bs64__seed5_seed5,synthetic-singular,synthetic,trainable-patch-su4,16,5,0.01,64,2000,True,plus,True,False,0.4831163317808787,0.7713414634146342,0.48285865157017827,0.7619047619047619,0.7713414634146342,1287.5,,273.8552680015564,,5520,8,256,fe55492d59dea43f07862ecc1a80bebd9838d7fe,True
complete,synthetic,synthetic-singular__synthetic__trainable-patch-su4__L16__lr0.01__bs64__seed6,results/runs/synthetic/synthetic-singular__synthetic__trainable-patch-su4__L16__lr0.01__bs64__seed6_seed6,synthetic-singular,synthetic,trainable-patch-su4,16,6,0.01,64,2000,True,plus,True,False,0.550419009562015,0.6829268292682927,0.56886678380442,0.6825396825396826,0.7042682926829268,1240.091463414634,,276.39831352233887,,5520,8,256,fe55492d59dea43f07862ecc1a80bebd9838d7fe,True
complete,synthetic,synthetic-singular__synthetic__trainable-patch-su4__L16__lr0.01__bs64__seed7,results/runs/synthetic/synthetic-singular__synthetic__trainable-patch-su4__L16__lr0.01__bs64__seed7_seed7,synthetic-singular,synthetic,trainable-patch-su4,16,7,0.01,64,2000,True,plus,True,False,0.5135043998055753,0.75,0.5002762395470861,0.7496947496947497,0.7560975609756098,1257.7743902439024,,275.4348804950714,,5520,8,256,fe55492d59dea43f07862ecc1a80bebd9838d7fe,True
complete,synthetic,synthetic-singular__synthetic__trainable-patch-su4__L16__lr0.01__bs64__seed8,results/runs/synthetic/synthetic-singular__synthetic__trainable-patch-su4__L16__lr0.01__bs64__seed8_seed8,synthetic-singular,synthetic,trainable-patch-su4,16,8,0.01,64,2000,True,plus,True,False,0.5466699107802863,0.7134146341463414,0.5704087687990216,0.6752136752136753,0.7134146341463414,1242.5304878048778,,274.3835983276367,,5520,8,256,fe55492d59dea43f07862ecc1a80bebd9838d7fe,True
complete,synthetic,synthetic-singular__synthetic__trainable-patch-su4__L16__lr0.01__bs64__seed9,results/runs/synthetic/synthetic-singular__synthetic__trainable-patch-su4__L16__lr0.01__bs64__seed9_seed9,synthetic-singular,synthetic,trainable-patch-su4,16,9,0.01,64,2000,True,plus,True,False,0.5540275198053447,0.7195121951219512,0.5568486098093629,0.6947496947496947,0.7195121951219512,1235.060975609756,,274.2846040725708,,5520,8,256,fe55492d59dea43f07862ecc1a80bebd9838d7fe,True
complete,synthetic,synthetic-singular__synthetic__trainable-patch-su4__L1__lr0.01__bs64__seed0,results/runs/synthetic/synthetic-singular__synthetic__trainable-patch-su4__L1__lr0.01__bs64__seed0_seed0,synthetic-singular,synthetic,trainable-patch-su4,1,0,0.01,64,2000,True,plus,True,False,0.4887410273387893,0.7469512195121951,0.4643421450821099,0.7777777777777778,0.7560975609756098,1405.3353658536582,,28.84495258331299,,345,8,256,fe55492d59dea43f07862ecc1a80bebd9838d7fe,False
complete,synthetic,synthetic-singular__synthetic__trainable-patch-su4__L1__lr0.01__bs64__seed10,results/runs/synthetic/synthetic-singular__synthetic__trainable-patch-su4__L1__lr0.01__bs64__seed10_seed10,synthetic-singular,synthetic,trainable-patch-su4,1,10,0.01,64,2000,True,plus,True,False,0.4857950585842293,0.7439024390243902,0.460726546219163,0.7838827838827839,0.7530487804878049,1405.9451219512196,,31.346869468688965,,345,8,256,fe55492d59dea43f07862ecc1a80bebd9838d7fe,False
complete,synthetic,synthetic-singular__synthetic__trainable-patch-su4__L1__lr0.01__bs64__seed11,results/runs/synthetic/synthetic-singular__synthetic__trainable-patch-su4__L1__lr0.01__bs64__seed11_seed11,synthetic-singular,synthetic,trainable-patch-su4,1,11,0.01,64,2000,True,plus,True,False,0.48290887006707606,0.725609756097561,0.46603183443798907,0.7802197802197802,0.7652439024390244,1410.6707317073171,,30.303303241729736,,345,8,256,fe55492d59dea43f07862ecc1a80bebd9838d7fe,False
complete,synthetic,synthetic-singular__synthetic__trainable-patch-su4__L1__lr0.01__bs64__seed12,results/runs/synthetic/synthetic-singular__synthetic__trainable-patch-su4__L1__lr0.01__bs64__seed12_seed12,synthetic-singular,synthetic,trainable-patch-su4,1,12,0.01,64,2000,True,plus,True,False,0.48760377620606543,0.7347560975609756,0.4568713440761603,0.7814407814407814,0.7591463414634146,1400.3048780487802,,28.674005270004272,,345,8,256,fe55492d59dea43f07862ecc1a80bebd9838d7fe,False
complete,synthetic,synthetic-singular__synthetic__trainable-patch-su4__L1__lr0.01__bs64__seed13,results/runs/synthetic/synthetic-singular__synthetic__trainable-patch-su4__L1__lr0.01__bs64__seed13_seed13,synthetic-singular,synthetic,trainable-patch-su4,1,13,0.01,64,2000,True,plus,True,False,0.4794843359808037,0.7317073170731707,0.46011866937377094,0.7863247863247863,0.7560975609756098,1405.4878048780488,,29.048397064208984,,345,8,256,fe55492d59dea43f07862ecc1a80bebd9838d7fe,False
complete,synthetic,synthetic-singular__synthetic__trainable-patch-su4__L1__lr0.01__bs64__seed14,results/runs/synthetic/synthetic-singular__synthetic__trainable-patch-su4__L1__lr0.01__bs64__seed14_seed14,synthetic-singular,synthetic,trainable-patch-su4,1,14,0.01,64,2000,True,plus,True,False,0.48629051159261816,0.7286585365853658,0.4608190831894496,0.7851037851037851,0.7469512195121951,1399.0853658536582,,27.488465309143066,,345,8,256,fe55492d59dea43f07862ecc1a80bebd9838d7fe,False
complete,synthetic,synthetic-singular__synthetic__trainable-patch-su4__L1__lr0.01__bs64__seed15,results/runs/synthetic/synthetic-singular__synthetic__trainable-patch-su4__L1__lr0.01__bs64__seed15_seed15,synthetic-singular,synthetic,trainable-patch-su4,1,15,0.01,64,2000,True,plus,True,False,0.49652332186817216,0.7347560975609756,0.4717413100713098,0.7753357753357754,0.75,1401.2195121951218,,26.85336399078369,,345,8,256,fe55492d59dea43f07862ecc1a80bebd9838d7fe,False
complete,synthetic,synthetic-singular__synthetic__trainable-patch-su4__L1__lr0.01__bs64__seed16,results/runs/synthetic/synthetic-singular__synthetic__trainable-patch-su4__L1__lr0.01__bs64__seed16_seed16,synthetic-singular,synthetic,trainable-patch-su4,1,16,0.01,64,2000,True,plus,True,False,0.48316405785546324,0.7286585365853658,0.4621880777872181,0.7838827838827839,0.7530487804878049,1397.2560975609756,,30.23035955429077,,345,8,256,fe55492d59dea43f07862ecc1a80bebd9838d7fe,False
complete,synthetic,synthetic-singular__synthetic__trainable-patch-su4__L1__lr0.01__bs64__seed17,results/runs/synthetic/synthetic-singular__synthetic__trainable-patch-su4__L1__lr0.01__bs64__seed17_seed17,synthetic-singular,synthetic,trainable-patch-su4,1,17,0.01,64,2000,True,plus,True,False,0.4873396558589041,0.7317073170731707,0.46807612110320546,0.7875457875457875,0.7560975609756098,1402.1341463414633,,27.997725248336792,,345,8,256,fe55492d59dea43f07862ecc1a80bebd9838d7fe,False
complete,synthetic,synthetic-singular__synthetic__trainable-patch-su4__L1__lr0.01__bs64__seed18,results/runs/synthetic/synthetic-singular__synthetic__trainable-patch-su4__L1__lr0.01__bs64__seed18_seed18,synthetic-singular,synthetic,trainable-patch-su4,1,18,0.01,64,2000,True,plus,True,False,0.494670957453462,0.7378048780487805,0.4708480852064166,0.7643467643467643,0.7530487804878049,1399.6951219512198,,31.25565814971924,,345,8,256,fe55492d59dea43f07862ecc1a80bebd9838d7fe,False
complete,synthetic,synthetic-singular__synthetic__trainable-patch-su4__L1__lr0.01__bs64__seed19,results/runs/synthetic/synthetic-singular__synthetic__trainable-patch-su4__L1__lr0.01__bs64__seed19_seed19,synthetic-singular,synthetic,trainable-patch-su4,1,19,0.01,64,2000,True,plus,True,False,0.4841335097227965,0.7408536585365854,0.45948795822280447,0.7863247863247863,0.7591463414634146,1403.810975609756,,29.830071926116943,,345,8,256,fe55492d59dea43f07862ecc1a80bebd9838d7fe,False
complete,synthetic,synthetic-singular__synthetic__trainable-patch-su4__L1__lr0.01__bs64__seed1,results/runs/synthetic/synthetic-singular__synthetic__trainable-patch-su4__L1__lr0.01__bs64__seed1_seed1,synthetic-singular,synthetic,trainable-patch-su4,1,1,0.01,64,2000,True,plus,True,False,0.4785422461348843,0.7317073170731707,0.45944623876823226,0.7875457875457875,0.7530487804878049,1395.8841463414633,,27.950775146484375,,345,8,256,fe55492d59dea43f07862ecc1a80bebd9838d7fe,False
complete,synthetic,synthetic-singular__synthetic__trainable-patch-su4__L1__lr0.01__bs64__seed2,results/runs/synthetic/synthetic-singular__synthetic__trainable-patch-su4__L1__lr0.01__bs64__seed2_seed2,synthetic-singular,synthetic,trainable-patch-su4,1,2,0.01,64,2000,True,plus,True,False,0.4868628019115993,0.7378048780487805,0.4628245198645579,0.7936507936507936,0.7469512195121951,1400.6097560975609,,29.707335710525513,,345,8,256,fe55492d59dea43f07862ecc1a80bebd9838d7fe,False
complete,synthetic,synthetic-singular__synthetic__trainable-patch-su4__L1__lr0.01__bs64__seed3,results/runs/synthetic/synthetic-singular__synthetic__trainable-patch-su4__L1__lr0.01__bs64__seed3_seed3,synthetic-singular,synthetic,trainable-patch-su4,1,3,0.01,64,2000,True,plus,True,False,0.47738534887495604,0.7317073170731707,0.4605262614625197,0.7924297924297924,0.7530487804878049,1396.341463414634,,29.97112512588501,,345,8,256,fe55492d59dea43f07862ecc1a80bebd9838d7fe,False
complete,synthetic,synthetic-singular__synthetic__trainable-patch-su4__L1__lr0.01__bs64__seed4,results/runs/synthetic/synthetic-singular__synthetic__trainable-patch-su4__L1__lr0.01__bs64__seed4_seed4,synthetic-singular,synthetic,trainable-patch-su4,1,4,0.01,64,2000,True,plus,True,False,0.48571166752810147,0.7317073170731707,0.4610266447049453,0.7728937728937729,0.774390243902439,1405.1829268292684,,29.358309984207153,,345,8,256,fe55492d59dea43f07862ecc1a80bebd9838d7fe,False
complete,synthetic,synthetic-singular__synthetic__trainable-patch-su4__L1__lr0.01__bs64__seed5,results/runs/synthetic/synthetic-singular__synthetic__trainable-patch-su4__L1__lr0.01__bs64__seed5_seed5,synthetic-singular,synthetic,trainable-patch-su4,1,5,0.01,64,2000,True,plus,True,False,0.48310684259364234,0.7378048780487805,0.46188488402124656,0.7741147741147741,0.7591463414634146,1397.7134146341461,,30.2264564037323,,345,8,256,fe55492d59dea43f07862ecc1a80bebd9838d7fe,False
complete,synthetic,synthetic-singular__synthetic__trainable-patch-su4__L1__lr0.01__bs64__seed6,results/runs/synthetic/synthetic-singular__synthetic__trainable-patch-su4__L1__lr0.01__bs64__seed6_seed6,synthetic-singular,synthetic,trainable-patch-su4,1,6,0.01,64,2000,True,plus,True,False,0.48502107987508236,0.7286585365853658,0.4574393399999422,0.7863247863247863,0.7652439024390244,1402.8963414634143,,30.096312522888184,,345,8,256,fe55492d59dea43f07862ecc1a80bebd9838d7fe,False
complete,synthetic,synthetic-singular__synthetic__trainable-patch-su4__L1__lr0.01__bs64__seed7,results/runs/synthetic/synthetic-singular__synthetic__trainable-patch-su4__L1__lr0.01__bs64__seed7_seed7,synthetic-singular,synthetic,trainable-patch-su4,1,7,0.01,64,2000,True,plus,True,False,0.482152079434798,0.7378048780487805,0.46012806266281153,0.7838827838827839,0.7560975609756098,1399.5426829268292,,28.207451581954956,,345,8,256,fe55492d59dea43f07862ecc1a80bebd9838d7fe,False
complete,synthetic,synthetic-singular__synthetic__trainable-patch-su4__L1__lr0.01__bs64__seed8,results/runs/synthetic/synthetic-singular__synthetic__trainable-patch-su4__L1__lr0.01__bs64__seed8_seed8,synthetic-singular,synthetic,trainable-patch-su4,1,8,0.01,64,2000,True,plus,True,False,0.482420497835512,0.7439024390243902,0.4668387562417703,0.7863247863247863,0.7621951219512195,1402.743902439024,,29.549348831176758,,345,8,256,fe55492d59dea43f07862ecc1a80bebd9838d7fe,False
complete,synthetic,synthetic-singular__synthetic__trainable-patch-su4__L1__lr0.01__bs64__seed9,results/runs/synthetic/synthetic-singular__synthetic__trainable-patch-su4__L1__lr0.01__bs64__seed9_seed9,synthetic-singular,synthetic,trainable-patch-su4,1,9,0.01,64,2000,True,plus,True,False,0.48204989171110757,0.7469512195121951,0.46504276951074025,0.7802197802197802,0.7621951219512195,1405.030487804878,,27.98406171798706,,345,8,256,fe55492d59dea43f07862ecc1a80bebd9838d7fe,False
complete,synthetic,synthetic-singular__synthetic__trainable-patch-su4__L2__lr0.01__bs64__seed0,results/runs/synthetic/synthetic-singular__synthetic__trainable-patch-su4__L2__lr0.01__bs64__seed0_seed0,synthetic-singular,synthetic,trainable-patch-su4,2,0,0.01,64,2000,True,plus,True,False,0.3929237139552351,0.8170731707317073,0.3736217927847604,0.833943833943834,0.823170731707317,1531.7073170731708,,37.98694348335266,,690,8,256,fe55492d59dea43f07862ecc1a80bebd9838d7fe,True
complete,synthetic,synthetic-singular__synthetic__trainable-patch-su4__L2__lr0.01__bs64__seed10,results/runs/synthetic/synthetic-singular__synthetic__trainable-patch-su4__L2__lr0.01__bs64__seed10_seed10,synthetic-singular,synthetic,trainable-patch-su4,2,10,0.01,64,2000,True,plus,True,False,0.3994067791672541,0.8048780487804879,0.37431701906564974,0.833943833943834,0.8262195121951219,1530.487804878049,,37.90137553215027,,690,8,256,fe55492d59dea43f07862ecc1a80bebd9838d7fe,True
complete,synthetic,synthetic-singular__synthetic__trainable-patch-su4__L2__lr0.01__bs64__seed11,results/runs/synthetic/synthetic-singular__synthetic__trainable-patch-su4__L2__lr0.01__bs64__seed11_seed11,synthetic-singular,synthetic,trainable-patch-su4,2,11,0.01,64,2000,True,plus,True,False,0.40320392988631343,0.7896341463414634,0.38532332417641335,0.8229548229548229,0.8262195121951219,1536.7378048780486,,41.073299169540405,,690,8,256,fe55492d59dea43f07862ecc1a80bebd9838d7fe,False
complete,synthetic,synthetic-singular__synthetic__trainable-patch-su4__L2__lr0.01__bs64__seed12,results/runs/synthetic/synthetic-singular__synthetic__trainable-patch-su4__L2__lr0.01__bs64__seed12_seed12,synthetic-singular,synthetic,trainable-patch-su4,2,12,0.01,64,2000,True,plus,True,False,0.3836842855992595,0.8170731707317073,0.37840370213480634,0.8266178266178266,0.8201219512195121,1526.8292682926829,,38.94601631164551,,690,8,256,fe55492d59dea43f07862ecc1a80bebd9838d7fe,False
complete,synthetic,synthetic-singular__synthetic__trainable-patch-su4__L2__lr0.01__bs64__seed13,results/runs/synthetic/synthetic-singular__synthetic__trainable-patch-su4__L2__lr0.01__bs64__seed13_seed13,synthetic-singular,synthetic,trainable-patch-su4,2,13,0.01,64,2000,True,plus,True,False,0.38359510160601906,0.823170731707317,0.3771587600868628,0.818070818070818,0.8353658536585366,1560.3658536585367,,39.71210050582886,,690,8,256,fe55492d59dea43f07862ecc1a80bebd9838d7fe,False
complete,synthetic,synthetic-singular__synthetic__trainable-patch-su4__L2__lr0.01__bs64__seed14,results/runs/synthetic/synthetic-singular__synthetic__trainable-patch-su4__L2__lr0.01__bs64__seed14_seed14,synthetic-singular,synthetic,trainable-patch-su4,2,14,0.01,64,2000,True,plus,True,False,0.3879914203625232,0.8170731707317073,0.37605801725969834,0.8278388278388278,0.8292682926829268,1525.0,,41.79797959327698,,690,8,256,fe55492d59dea43f07862ecc1a80bebd9838d7fe,False
complete,synthetic,synthetic-singular__synthetic__trainable-patch-su4__L2__lr0.01__bs64__seed15,results/runs/synthetic/synthetic-singular__synthetic__trainable-patch-su4__L2__lr0.01__bs64__seed15_seed15,synthetic-singular,synthetic,trainable-patch-su4,2,15,0.01,64,2000,True,plus,True,False,0.4070112247970233,0.8079268292682927,0.3849449145826032,0.8192918192918193,0.823170731707317,1535.2134146341464,,39.170711517333984,,690,8,256,fe55492d59dea43f07862ecc1a80bebd9838d7fe,False
complete,synthetic,synthetic-singular__synthetic__trainable-patch-su4__L2__lr0.01__bs64__seed16,results/runs/synthetic/synthetic-singular__synthetic__trainable-patch-su4__L2__lr0.01__bs64__seed16_seed16,synthetic-singular,synthetic,trainable-patch-su4,2,16,0.01,64,2000,True,plus,True,False,0.39366957667486235,0.8109756097560976,0.3728776607704461,0.8290598290598291,0.8292682926829268,1537.9573170731708,,39.07709860801697,,690,8,256,fe55492d59dea43f07862ecc1a80bebd9838d7fe,False
complete,synthetic,synthetic-singular__synthetic__trainable-patch-su4__L2__lr0.01__bs64__seed17,results/runs/synthetic/synthetic-singular__synthetic__trainable-patch-su4__L2__lr0.01__bs64__seed17_seed17,synthetic-singular,synthetic,trainable-patch-su4,2,17,0.01,64,2000,True,plus,True,False,0.4016330175477744,0.8201219512195121,0.37604074905795337,0.8278388278388278,0.8384146341463414,1543.4451219512193,,42.88576316833496,,690,8,256,fe55492d59dea43f07862ecc1a80bebd9838d7fe,False
complete,synthetic,synthetic-singular__synthetic__trainable-patch-su4__L2__lr0.01__bs64__seed18,results/runs/synthetic/synthetic-singular__synthetic__trainable-patch-su4__L2__lr0.01__bs64__seed18_seed18,synthetic-singular,synthetic,trainable-patch-su4,2,18,0.01,64,2000,True,plus,True,False,0.3931803425366796,0.8262195121951219,0.38285519724243544,0.8315018315018315,0.8353658536585366,1547.7134146341461,,39.61545157432556,,690,8,256,fe55492d59dea43f07862ecc1a80bebd9838d7fe,False
complete,synthetic,synthetic-singular__synthetic__trainable-patch-su4__L2__lr0.01__bs64__seed19,results/runs/synthetic/synthetic-singular__synthetic__trainable-patch-su4__L2__lr0.01__bs64__seed19_seed19,synthetic-singular,synthetic,trainable-patch-su4,2,19,0.01,64,2000,True,plus,True,False,0.4014310865028707,0.7987804878048781,0.3775140195597856,0.8278388278388278,0.823170731707317,1519.5121951219512,,38.80699682235718,,690,8,256,fe55492d59dea43f07862ecc1a80bebd9838d7fe,False
complete,synthetic,synthetic-singular__synthetic__trainable-patch-su4__L2__lr0.01__bs64__seed1,results/runs/synthetic/synthetic-singular__synthetic__trainable-patch-su4__L2__lr0.01__bs64__seed1_seed1,synthetic-singular,synthetic,trainable-patch-su4,2,1,0.01,64,2000,True,plus,True,False,0.38057029013423826,0.8079268292682927,0.37574223098377507,0.8290598290598291,0.8262195121951219,1522.2560975609758,,38.49077844619751,,690,8,256,fe55492d59dea43f07862ecc1a80bebd9838d7fe,True
complete,synthetic,synthetic-singular__synthetic__trainable-patch-su4__L2__lr0.01__bs64__seed2,results/runs/synthetic/synthetic-singular__synthetic__trainable-patch-su4__L2__lr0.01__bs64__seed2_seed2,synthetic-singular,synthetic,trainable-patch-su4,2,2,0.01,64,2000,True,plus,True,False,0.3988642342206648,0.8140243902439024,0.3813305007070055,0.8266178266178266,0.8353658536585366,1543.1402439024391,,39.67608880996704,,690,8,256,fe55492d59dea43f07862ecc1a80bebd9838d7fe,False
complete,synthetic,synthetic-singular__synthetic__trainable-patch-su4__L2__lr0.01__bs64__seed3,results/runs/synthetic/synthetic-singular__synthetic__trainable-patch-su4__L2__lr0.01__bs64__seed3_seed3,synthetic-singular,synthetic,trainable-patch-su4,2,3,0.01,64,2000,True,plus,True,False,0.39161261930925384,0.8048780487804879,0.3833902980709199,0.8253968253968254,0.8170731707317073,1528.5060975609758,,40.08007454872131,,690,8,256,fe55492d59dea43f07862ecc1a80bebd9838d7fe,False
complete,synthetic,synthetic-singular__synthetic__trainable-patch-su4__L2__lr0.01__bs64__seed4,results/runs/synthetic/synthetic-singular__synthetic__trainable-patch-su4__L2__lr0.01__bs64__seed4_seed4,synthetic-singular,synthetic,trainable-patch-su4,2,4,0.01,64,2000,True,plus,True,False,0.3870405932928466,0.801829268292683,0.3848413895305353,0.8217338217338217,0.8262195121951219,1535.365853658537,,40.14064574241638,,690,8,256,fe55492d59dea43f07862ecc1a80bebd9838d7fe,False
complete,synthetic,synthetic-singular__synthetic__trainable-patch-su4__L2__lr0.01__bs64__seed5,results/runs/synthetic/synthetic-singular__synthetic__trainable-patch-su4__L2__lr0.01__bs64__seed5_seed5,synthetic-singular,synthetic,trainable-patch-su4,2,5,0.01,64,2000,True,plus,True,False,0.3870188062232311,0.8079268292682927,0.3748290544469425,0.8302808302808303,0.823170731707317,1531.40243902439,,39.129374265670776,,690,8,256,fe55492d59dea43f07862ecc1a80bebd9838d7fe,False
complete,synthetic,synthetic-singular__synthetic__trainable-patch-su4__L2__lr0.01__bs64__seed6,results/runs/synthetic/synthetic-singular__synthetic__trainable-patch-su4__L2__lr0.01__bs64__seed6_seed6,synthetic-singular,synthetic,trainable-patch-su4,2,6,0.01,64,2000,True,plus,True,False,0.3900233643540432,0.8140243902439024,0.3813265141449726,0.8156288156288156,0.8323170731707317,1534.603658536585,,43.57684898376465,,690,8,256,fe55492d59dea43f07862ecc1a80bebd9838d7fe,False
complete,synthetic,synthetic-singular__synthetic__trainable-patch-su4__L2__lr0.01__bs64__seed7,results/runs/synthetic/synthetic-singular__synthetic__trainable-patch-su4__L2__lr0.01__bs64__seed7_seed7,synthetic-singular,synthetic,trainable-patch-su4,2,7,0.01,64,2000,True,plus,True,False,0.3940016519755109,0.7957317073170732,0.38289849066781073,0.8315018315018315,0.823170731707317,1521.6463414634145,,42.58786749839783,,690,8,256,fe55492d59dea43f07862ecc1a80bebd9838d7fe,False
complete,synthetic,synthetic-singular__synthetic__trainable-patch-su4__L2__lr0.01__bs64__seed8,results/runs/synthetic/synthetic-singular__synthetic__trainable-patch-su4__L2__lr0.01__bs64__seed8_seed8,synthetic-singular,synthetic,trainable-patch-su4,2,8,0.01,64,2000,True,plus,True,False,0.3775156848133317,0.8323170731707317,0.3769490208295449,0.8266178266178266,0.8323170731707317,1531.5548780487802,,39.57855725288391,,690,8,256,fe55492d59dea43f07862ecc1a80bebd9838d7fe,False
complete,synthetic,synthetic-singular__synthetic__trainable-patch-su4__L2__lr0.01__bs64__seed9,results/runs/synthetic/synthetic-singular__synthetic__trainable-patch-su4__L2__lr0.01__bs64__seed9_seed9,synthetic-singular,synthetic,trainable-patch-su4,2,9,0.01,64,2000,True,plus,True,False,0.39404702722767326,0.8201219512195121,0.37748570968918227,0.833943833943834,0.8262195121951219,1540.0914634146338,,39.62268924713135,,690,8,256,fe55492d59dea43f07862ecc1a80bebd9838d7fe,False
complete,synthetic,synthetic-singular__synthetic__trainable-patch-su4__L32__lr0.01__bs64__seed0,results/runs/synthetic/synthetic-singular__synthetic__trainable-patch-su4__L32__lr0.01__bs64__seed0_seed0,synthetic-singular,synthetic,trainable-patch-su4,32,0,0.01,64,2000,True,plus,True,False,0.6142421317267373,0.600609756097561,0.6202303241275943,0.6227106227106227,0.6463414634146342,1144.969512195122,,553.2968862056732,,11040,8,256,fe55492d59dea43f07862ecc1a80bebd9838d7fe,False
complete,synthetic,synthetic-singular__synthetic__trainable-patch-su4__L32__lr0.01__bs64__seed10,results/runs/synthetic/synthetic-singular__synthetic__trainable-patch-su4__L32__lr0.01__bs64__seed10_seed10,synthetic-singular,synthetic,trainable-patch-su4,32,10,0.01,64,2000,True,plus,True,False,0.6055959892249165,0.6280487804878049,0.6079457289427889,0.6227106227106227,0.6646341463414634,1124.6951219512196,,549.7737545967102,,11040,8,256,fe55492d59dea43f07862ecc1a80bebd9838d7fe,False
complete,synthetic,synthetic-singular__synthetic__trainable-patch-su4__L32__lr0.01__bs64__seed11,results/runs/synthetic/synthetic-singular__synthetic__trainable-patch-su4__L32__lr0.01__bs64__seed11_seed11,synthetic-singular,synthetic,trainable-patch-su4,32,11,0.01,64,2000,True,plus,True,False,0.6170316305333206,0.6219512195121951,0.6337802005328081,0.6105006105006106,0.6676829268292683,1144.2073170731708,,555.1833505630493,,11040,8,256,fe55492d59dea43f07862ecc1a80bebd9838d7fe,False
complete,synthetic,synthetic-singular__synthetic__trainable-patch-su4__L32__lr0.01__bs64__seed12,results/runs/synthetic/synthetic-singular__synthetic__trainable-patch-su4__L32__lr0.01__bs64__seed12_seed12,synthetic-singular,synthetic,trainable-patch-su4,32,12,0.01,64,2000,True,plus,True,False,0.6105551245310258,0.6097560975609756,0.6062826889073023,0.6398046398046398,0.6554878048780488,1152.439024390244,,553.4015278816223,,11040,8,256,fe55492d59dea43f07862ecc1a80bebd9838d7fe,False
complete,synthetic,synthetic-singular__synthetic__trainable-patch-su4__L32__lr0.01__bs64__seed13,results/runs/synthetic/synthetic-singular__synthetic__trainable-patch-su4__L32__lr0.01__bs64__seed13_seed13,synthetic-singular,synthetic,trainable-patch-su4,32,13,0.01,64,2000,True,plus,True,False,0.6080207184460446,0.6128048780487805,0.6036137061057852,0.6373626373626373,0.6524390243902439,1137.65243902439,,554.0816013813019,,11040,8,256,fe55492d59dea43f07862ecc1a80bebd9838d7fe,False
complete,synthetic,synthetic-singular__synthetic__trainable-patch-su4__L32__lr0.01__bs64__seed14,results/runs/synthetic/synthetic-singular__synthetic__trainable-patch-su4__L32__lr0.01__bs64__seed14_seed14,synthetic-singular,synthetic,trainable-patch-su4,32,14,0.01,64,2000,True,plus,True,False,0.6131802251545889,0.625,0.6246500245701816,0.6227106227106227,0.6463414634146342,1130.4878048780488,,554.8200476169586,,11040,8,256,fe55492d59dea43f07862ecc1a80bebd9838d7fe,False
complete,synthetic,synthetic-singular__synthetic__trainable-patch-su4__L32__lr0.01__bs64__seed15,results/runs/synthetic/synthetic-singular__synthetic__trainable-patch-su4__L32__lr0.01__bs64__seed15_seed15,synthetic-singular,synthetic,trainable-patch-su4,32,15,0.01,64,2000,True,plus,True,False,0.6345425457666026,0.573170731707317,0.6238697531250704,0.608058608058608,0.649390243902439,1151.8292682926829,,556.0850710868835,,11040,8,256,fe55492d59dea43f07862ecc1a80bebd9838d7fe,False
complete,synthetic,synthetic-singular__synthetic__trainable-patch-su4__L32__lr0.01__bs64__seed16,results/runs/synthetic/synthetic-singular__synthetic__trainable-patch-su4__L32__lr0.01__bs64__seed16_seed16,synthetic-singular,synthetic,trainable-patch-su4,32,16,0.01,64,2000,True,plus,True,False,0.6014362737755038,0.6371951219512195,0.6225215118715978,0.6166056166056166,0.6432926829268293,1137.3475609756097,,560.5062689781189,,11040,8,256,fe55492d59dea43f07862ecc1a80bebd9838d7fe,False
complete,synthetic,synthetic-singular__synthetic__trainable-patch-su4__L32__lr0.01__bs64__seed17,results/runs/synthetic/synthetic-singular__synthetic__trainable-patch-su4__L32__lr0.01__bs64__seed17_seed17,synthetic-singular,synthetic,trainable-patch-su4,32,17,0.01,64,2000,True,plus,True,False,0.6215497463135662,0.6128048780487805,0.6224574777005075,0.6043956043956044,0.649390243902439,1168.2926829268295,,555.8573293685913,,11040,8,256,fe55492d59dea43f07862ecc1a80bebd9838d7fe,False
complete,synthetic,synthetic-singular__synthetic__trainable-patch-su4__L32__lr0.01__bs64__seed18,results/runs/synthetic/synthetic-singular__synthetic__trainable-patch-su4__L32__lr0.01__bs64__seed18_seed18,synthetic-singular,synthetic,trainable-patch-su4,32,18,0.01,64,2000,True,plus,True,False,0.6117210551996464,0.5945121951219512,0.6144717613489658,0.6312576312576312,0.6432926829268293,1130.030487804878,,555.9762146472931,,11040,8,256,fe55492d59dea43f07862ecc1a80bebd9838d7fe,False
complete,synthetic,synthetic-singular__synthetic__trainable-patch-su4__L32__lr0.01__bs64__seed19,results/runs/synthetic/synthetic-singular__synthetic__trainable-patch-su4__L32__lr0.01__bs64__seed19_seed19,synthetic-singular,synthetic,trainable-patch-su4,32,19,0.01,64,2000,True,plus,True,False,0.6031975224789535,0.5945121951219512,0.6273050263522446,0.6166056166056166,0.649390243902439,1148.7804878048778,,559.277681350708,,11040,8,256,fe55492d59dea43f07862ecc1a80bebd9838d7fe,False
complete,synthetic,synthetic-singular__synthetic__trainable-patch-su4__L32__lr0.01__bs64__seed1,results/runs/synthetic/synthetic-singular__synthetic__trainable-patch-su4__L32__lr0.01__bs64__seed1_seed1,synthetic-singular,synthetic,trainable-patch-su4,32,1,0.01,64,2000,True,plus,True,False,0.6009900060933685,0.5914634146341463,0.6078798215678884,0.6288156288156288,0.676829268292683,1147.8658536585365,,556.2557187080383,,11040,8,256,fe55492d59dea43f07862ecc1a80bebd9838d7fe,False
complete,synthetic,synthetic-singular__synthetic__trainable-patch-su4__L32__lr0.01__bs64__seed2,results/runs/synthetic/synthetic-singular__synthetic__trainable-patch-su4__L32__lr0.01__bs64__seed2_seed2,synthetic-singular,synthetic,trainable-patch-su4,32,2,0.01,64,2000,True,plus,True,False,0.6234342353575888,0.5975609756097561,0.6373159239390876,0.6031746031746031,0.6463414634146342,1102.7439024390246,,556.9809436798096,,11040,8,256,fe55492d59dea43f07862ecc1a80bebd9838d7fe,False
complete,synthetic,synthetic-singular__synthetic__trainable-patch-su4__L32__lr0.01__bs64__seed3,results/runs/synthetic/synthetic-singular__synthetic__trainable-patch-su4__L32__lr0.01__bs64__seed3_seed3,synthetic-singular,synthetic,trainable-patch-su4,32,3,0.01,64,2000,True,plus,True,False,0.6614307030149048,0.5640243902439024,0.6599797011439589,0.5811965811965812,0.6646341463414634,1121.6463414634147,,558.3805058002472,,11040,8,256,fe55492d59dea43f07862ecc1a80bebd9838d7fe,True
complete,synthetic,synthetic-singular__synthetic__trainable-patch-su4__L32__lr0.01__bs64__seed4,results/runs/synthetic/synthetic-singular__synthetic__trainable-patch-su4__L32__lr0.01__bs64__seed4_seed4,synthetic-singular,synthetic,trainable-patch-su4,32,4,0.01,64,2000,True,plus,True,False,0.6088025352166571,0.6189024390243902,0.6063730288900248,0.6166056166056166,0.6585365853658537,1158.5365853658534,,556.9170014858246,,11040,8,256,fe55492d59dea43f07862ecc1a80bebd9838d7fe,True
complete,synthetic,synthetic-singular__synthetic__trainable-patch-su4__L32__lr0.01__bs64__seed5,results/runs/synthetic/synthetic-singular__synthetic__trainable-patch-su4__L32__lr0.01__bs64__seed5_seed5,synthetic-singular,synthetic,trainable-patch-su4,32,5,0.01,64,2000,True,plus,True,False,0.6067608994549402,0.625,0.6234307237859331,0.590964590964591,0.6615853658536586,1125.4573170731708,,557.847246170044,,11040,8,256,fe55492d59dea43f07862ecc1a80bebd9838d7fe,True
complete,synthetic,synthetic-singular__synthetic__trainable-patch-su4__L32__lr0.01__bs64__seed6,results/runs/synthetic/synthetic-singular__synthetic__trainable-patch-su4__L32__lr0.01__bs64__seed6_seed6,synthetic-singular,synthetic,trainable-patch-su4,32,6,0.01,64,2000,True,plus,True,False,0.6106845645514178,0.6036585365853658,0.6002808746962899,0.6703296703296703,0.6646341463414634,1141.4634146341461,,553.2417683601379,,11040,8,256,fe55492d59dea43f07862ecc1a80bebd9838d7fe,True
complete,synthetic,synthetic-singular__synthetic__trainable-patch-su4__L32__lr0.01__bs64__seed7,results/runs/synthetic/synthetic-singular__synthetic__trainable-patch-su4__L32__lr0.01__bs64__seed7_seed7,synthetic-singular,synthetic,trainable-patch-su4,32,7,0.01,64,2000,True,plus,True,False,0.6265096235237224,0.5884146341463414,0.6244947056835065,0.6043956043956044,0.6707317073170732,1145.579268292683,,561.4809498786926,,11040,8,256,fe55492d59dea43f07862ecc1a80bebd9838d7fe,True
complete,synthetic,synthetic-singular__synthetic__trainable-patch-su4__L32__lr0.01__bs64__seed8,results/runs/synthetic/synthetic-singular__synthetic__trainable-patch-su4__L32__lr0.01__bs64__seed8_seed8,synthetic-singular,synthetic,trainable-patch-su4,32,8,0.01,64,2000,True,plus,True,False,0.6041314366505435,0.6371951219512195,0.6259478666980085,0.6056166056166056,0.6371951219512195,1130.3353658536582,,558.1456644535065,,11040,8,256,fe55492d59dea43f07862ecc1a80bebd9838d7fe,True
complete,synthetic,synthetic-singular__synthetic__trainable-patch-su4__L32__lr0.01__bs64__seed9,results/runs/synthetic/synthetic-singular__synthetic__trainable-patch-su4__L32__lr0.01__bs64__seed9_seed9,synthetic-singular,synthetic,trainable-patch-su4,32,9,0.01,64,2000,True,plus,True,False,0.6098725894315411,0.6402439024390244,0.6144728314939545,0.6166056166056166,0.6615853658536586,1164.481707317073,,555.3242244720459,,11040,8,256,fe55492d59dea43f07862ecc1a80bebd9838d7fe,True
complete,synthetic,synthetic-singular__synthetic__trainable-patch-su4__L4__lr0.01__bs64__seed0,results/runs/synthetic/synthetic-singular__synthetic__trainable-patch-su4__L4__lr0.01__bs64__seed0_seed0,synthetic-singular,synthetic,trainable-patch-su4,4,0,0.01,64,2000,True,plus,True,False,0.32226066003510523,0.8658536585365854,0.3167848393460717,0.8681318681318682,0.8780487804878049,1587.9573170731708,,65.4223051071167,,1380,8,256,fe55492d59dea43f07862ecc1a80bebd9838d7fe,True
complete,synthetic,synthetic-singular__synthetic__trainable-patch-su4__L4__lr0.01__bs64__seed10,results/runs/synthetic/synthetic-singular__synthetic__trainable-patch-su4__L4__lr0.01__bs64__seed10_seed10,synthetic-singular,synthetic,trainable-patch-su4,4,10,0.01,64,2000,True,plus,True,False,0.36153625595541555,0.8475609756097561,0.3572770896941577,0.8461538461538461,0.8536585365853658,1576.2195121951218,,63.61808204650879,,1380,8,256,fe55492d59dea43f07862ecc1a80bebd9838d7fe,True
complete,synthetic,synthetic-singular__synthetic__trainable-patch-su4__L4__lr0.01__bs64__seed11,results/runs/synthetic/synthetic-singular__synthetic__trainable-patch-su4__L4__lr0.01__bs64__seed11_seed11,synthetic-singular,synthetic,trainable-patch-su4,4,11,0.01,64,2000,True,plus,True,False,0.34123520830729753,0.8536585365853658,0.3466198736280369,0.8608058608058609,0.8536585365853658,1563.262195121951,,63.99942326545715,,1380,8,256,fe55492d59dea43f07862ecc1a80bebd9838d7fe,True
complete,synthetic,synthetic-singular__synthetic__trainable-patch-su4__L4__lr0.01__bs64__seed12,results/runs/synthetic/synthetic-singular__synthetic__trainable-patch-su4__L4__lr0.01__bs64__seed12_seed12,synthetic-singular,synthetic,trainable-patch-su4,4,12,0.01,64,2000,True,plus,True,False,0.32534394369923675,0.8658536585365854,0.33319467336830777,0.8583638583638583,0.8658536585365854,1601.0670731707316,,59.67013716697693,,1380,8,256,fe55492d59dea43f07862ecc1a80bebd9838d7fe,True
complete,synthetic,synthetic-singular__synthetic__trainable-patch-su4__L4__lr0.01__bs64__seed13,results/runs/synthetic/synthetic-singular__synthetic__trainable-patch-su4__L4__lr0.01__bs64__seed13_seed13,synthetic-singular,synthetic,trainable-patch-su4,4,13,0.01,64,2000,True,plus,True,False,0.31823970575943494,0.8597560975609756,0.3357080708740699,0.8595848595848596,0.8689024390243902,1592.8353658536587,,62.99995231628418,,1380,8,256,fe55492d59dea43f07862ecc1a80bebd9838d7fe,True
complete,synthetic,synthetic-singular__synthetic__trainable-patch-su4__L4__lr0.01__bs64__seed14,results/runs/synthetic/synthetic-singular__synthetic__trainable-patch-su4__L4__lr0.01__bs64__seed14_seed14,synthetic-singular,synthetic,trainable-patch-su4,4,14,0.01,64,2000,True,plus,True,False,0.34393610994761775,0.850609756097561,0.3431242802195639,0.8522588522588522,0.8719512195121951,1607.1646341463415,,60.838324546813965,,1380,8,256,fe55492d59dea43f07862ecc1a80bebd9838d7fe,True
complete,synthetic,synthetic-singular__synthetic__trainable-patch-su4__L4__lr0.01__bs64__seed15,results/runs/synthetic/synthetic-singular__synthetic__trainable-patch-su4__L4__lr0.01__bs64__seed15_seed15,synthetic-singular,synthetic,trainable-patch-su4,4,15,0.01,64,2000,True,plus,True,False,0.3181020293848585,0.8384146341463414,0.32858275840311835,0.8632478632478633,0.8689024390243902,1600.7621951219512,,60.58332586288452,,1380,8,256,fe55492d59dea43f07862ecc1a80bebd9838d7fe,True
complete,synthetic,synthetic-singular__synthetic__trainable-patch-su4__L4__lr0.01__bs64__seed16,results/runs/synthetic/synthetic-singular__synthetic__trainable-patch-su4__L4__lr0.01__bs64__seed16_seed16,synthetic-singular,synthetic,trainable-patch-su4,4,16,0.01,64,2000,True,plus,True,False,0.36355731202367775,0.8262195121951219,0.3420713947194578,0.8583638583638583,0.8475609756097561,1567.987804878049,,60.760413646698,,1380,8,256,fe55492d59dea43f07862ecc1a80bebd9838d7fe,True
complete,synthetic,synthetic-singular__synthetic__trainable-patch-su4__L4__lr0.01__bs64__seed17,results/runs/synthetic/synthetic-singular__synthetic__trainable-patch-su4__L4__lr0.01__bs64__seed17_seed17,synthetic-singular,synthetic,trainable-patch-su4,4,17,0.01,64,2000,True,plus,True,False,0.3153305506541187,0.8689024390243902,0.3182612863124378,0.8827838827838828,0.8719512195121951,1578.2012195121952,,63.539795875549316,,1380,8,256,fe55492d59dea43f07862ecc1a80bebd9838d7fe,True
complete,synthetic,synthetic-singular__synthetic__trainable-patch-su4__L4__lr0.01__bs64__seed18,results/runs/synthetic/synthetic-singular__synthetic__trainable-patch-su4__L4__lr0.01__bs64__seed18_seed18,synthetic-singular,synthetic,trainable-patch-su4,4,18,0.01,64,2000,True,plus,True,False,0.3477702810660757,0.8384146341463414,0.3541536724629701,0.8412698412698413,0.8597560975609756,1579.1158536585365,,61.429566860198975,,1380,8,256,fe55492d59dea43f07862ecc1a80bebd9838d7fe,True
complete,synthetic,synthetic-singular__synthetic__trainable-patch-su4__L4__lr0.01__bs64__seed19,results/runs/synthetic/synthetic-singular__synthetic__trainable-patch-su4__L4__lr0.01__bs64__seed19_seed19,synthetic-singular,synthetic,trainable-patch-su4,4,19,0.01,64,2000,True,plus,True,False,0.3249707873927255,0.8719512195121951,0.3236644659456405,0.873015873015873,0.8719512195121951,1598.3231707317068,,60.90068960189819,,1380,8,256,fe55492d59dea43f07862ecc1a80bebd9838d7fe,True
complete,synthetic,synthetic-singular__synthetic__trainable-patch-su4__L4__lr0.01__bs64__seed1,results/runs/synthetic/synthetic-singular__synthetic__trainable-patch-su4__L4__lr0.01__bs64__seed1_seed1,synthetic-singular,synthetic,trainable-patch-su4,4,1,0.01,64,2000,True,plus,True,False,0.30055311801856327,0.8780487804878049,0.3024575745513315,0.8962148962148963,0.8841463414634146,1619.969512195122,,65.24330711364746,,1380,8,256,fe55492d59dea43f07862ecc1a80bebd9838d7fe,True
complete,synthetic,synthetic-singular__synthetic__trainable-patch-su4__L4__lr0.01__bs64__seed2,results/runs/synthetic/synthetic-singular__synthetic__trainable-patch-su4__L4__lr0.01__bs64__seed2_seed2,synthetic-singular,synthetic,trainable-patch-su4,4,2,0.01,64,2000,True,plus,True,False,0.34137064070361206,0.8414634146341463,0.3528369481737888,0.8473748473748474,0.8536585365853658,1583.8414634146338,,60.096434354782104,,1380,8,256,fe55492d59dea43f07862ecc1a80bebd9838d7fe,True
complete,synthetic,synthetic-singular__synthetic__trainable-patch-su4__L4__lr0.01__bs64__seed3,results/runs/synthetic/synthetic-singular__synthetic__trainable-patch-su4__L4__lr0.01__bs64__seed3_seed3,synthetic-singular,synthetic,trainable-patch-su4,4,3,0.01,64,2000,True,plus,True,False,0.34907035042075796,0.8262195121951219,0.3451186155084629,0.8693528693528694,0.8445121951219512,1564.1768292682927,,61.10732674598694,,1380,8,256,fe55492d59dea43f07862ecc1a80bebd9838d7fe,True
complete,synthetic,synthetic-singular__synthetic__trainable-patch-su4__L4__lr0.01__bs64__seed4,results/runs/synthetic/synthetic-singular__synthetic__trainable-patch-su4__L4__lr0.01__bs64__seed4_seed4,synthetic-singular,synthetic,trainable-patch-su4,4,4,0.01,64,2000,True,plus,True,False,0.35921073381193014,0.8353658536585366,0.34606369365911893,0.8583638583638583,0.850609756097561,1577.1341463414633,,60.19487977027893,,1380,8,256,fe55492d59dea43f07862ecc1a80bebd9838d7fe,True
complete,synthetic,synthetic-singular__synthetic__trainable-patch-su4__L4__lr0.01__bs64__seed5,results/runs/synthetic/synthetic-singular__synthetic__trainable-patch-su4__L4__lr0.01__bs64__seed5_seed5,synthetic-singular,synthetic,trainable-patch-su4,4,5,0.01,64,2000,True,plus,True,False,0.3158024969432568,0.8689024390243902,0.3088647257883916,0.8937728937728938,0.8871951219512195,1611.280487804878,,61.88180160522461,,1380,8,256,fe55492d59dea43f07862ecc1a80bebd9838d7fe,True
complete,synthetic,synthetic-singular__synthetic__trainable-patch-su4__L4__lr0.01__bs64__seed6,results/runs/synthetic/synthetic-singular__synthetic__trainable-patch-su4__L4__lr0.01__bs64__seed6_seed6,synthetic-singular,synthetic,trainable-patch-su4,4,6,0.01,64,2000,True,plus,True,False,0.3287918402660904,0.8597560975609756,0.3454840738066489,0.8595848595848596,0.875,1606.8597560975609,,62.932496547698975,,1380,8,256,fe55492d59dea43f07862ecc1a80bebd9838d7fe,True
complete,synthetic,synthetic-singular__synthetic__trainable-patch-su4__L4__lr0.01__bs64__seed7,results/runs/synthetic/synthetic-singular__synthetic__trainable-patch-su4__L4__lr0.01__bs64__seed7_seed7,synthetic-singular,synthetic,trainable-patch-su4,4,7,0.01,64,2000,True,plus,True,False,0.3006575457158015,0.8719512195121951,0.3046864801734652,0.8852258852258852,0.8932926829268293,1621.189024390244,,62.17360758781433,,1380,8,256,fe55492d59dea43f07862ecc1a80bebd9838d7fe,True
complete,synthetic,synthetic-singular__synthetic__trainable-patch-su4__L4__lr0.01__bs64__seed8,results/runs/synthetic/synthetic-singular__synthetic__trainable-patch-su4__L4__lr0.01__bs64__seed8_seed8,synthetic-singular,synthetic,trainable-patch-su4,4,8,0.01,64,2000,True,plus,True,False,0.3096266288158455,0.8719512195121951,0.32526107214707767,0.8656898656898657,0.8780487804878049,1611.4329268292684,,63.430880546569824,,1380,8,256,fe55492d59dea43f07862ecc1a80bebd9838d7fe,True
complete,synthetic,synthetic-singular__synthetic__trainable-patch-su4__L4__lr0.01__bs64__seed9,results/runs/synthetic/synthetic-singular__synthetic__trainable-patch-su4__L4__lr0.01__bs64__seed9_seed9,synthetic-singular,synthetic,trainable-patch-su4,4,9,0.01,64,2000,True,plus,True,False,0.3417674252900235,0.8384146341463414,0.3366101774059968,0.851037851037851,0.8567073170731707,1573.9329268292686,,63.37393116950989,,1380,8,256,fe55492d59dea43f07862ecc1a80bebd9838d7fe,True
complete,synthetic,synthetic-singular__synthetic__trainable-patch-su4__L8__lr0.01__bs64__seed0,results/runs/synthetic/synthetic-singular__synthetic__trainable-patch-su4__L8__lr0.01__bs64__seed0_seed0,synthetic-singular,synthetic,trainable-patch-su4,8,0,0.01,64,2000,True,plus,True,False,0.46505964219131646,0.7774390243902439,0.43903288344934394,0.8107448107448108,0.7774390243902439,1425.762195121951,,121.87912893295288,,2760,8,256,fe55492d59dea43f07862ecc1a80bebd9838d7fe,True
complete,synthetic,synthetic-singular__synthetic__trainable-patch-su4__L8__lr0.01__bs64__seed10,results/runs/synthetic/synthetic-singular__synthetic__trainable-patch-su4__L8__lr0.01__bs64__seed10_seed10,synthetic-singular,synthetic,trainable-patch-su4,8,10,0.01,64,2000,True,plus,True,False,0.4309571720873183,0.7987804878048781,0.41239269749179414,0.8095238095238095,0.7987804878048781,1443.9024390243903,,122.4338128566742,,2760,8,256,fe55492d59dea43f07862ecc1a80bebd9838d7fe,True
complete,synthetic,synthetic-singular__synthetic__trainable-patch-su4__L8__lr0.01__bs64__seed11,results/runs/synthetic/synthetic-singular__synthetic__trainable-patch-su4__L8__lr0.01__bs64__seed11_seed11,synthetic-singular,synthetic,trainable-patch-su4,8,11,0.01,64,2000,True,plus,True,False,0.4921442413678182,0.725609756097561,0.4528350212721265,0.7887667887667887,0.7652439024390244,1376.0670731707319,,121.39705085754395,,2760,8,256,fe55492d59dea43f07862ecc1a80bebd9838d7fe,True
complete,synthetic,synthetic-singular__synthetic__trainable-patch-su4__L8__lr0.01__bs64__seed12,results/runs/synthetic/synthetic-singular__synthetic__trainable-patch-su4__L8__lr0.01__bs64__seed12_seed12,synthetic-singular,synthetic,trainable-patch-su4,8,12,0.01,64,2000,True,plus,True,False,0.4290272156778525,0.8140243902439024,0.4418087221856054,0.800976800976801,0.8140243902439024,1461.585365853659,,121.4374783039093,,2760,8,256,fe55492d59dea43f07862ecc1a80bebd9838d7fe,True
complete,synthetic,synthetic-singular__synthetic__trainable-patch-su4__L8__lr0.01__bs64__seed13,results/runs/synthetic/synthetic-singular__synthetic__trainable-patch-su4__L8__lr0.01__bs64__seed13_seed13,synthetic-singular,synthetic,trainable-patch-su4,8,13,0.01,64,2000,True,plus,True,False,0.40824080225055664,0.8048780487804879,0.39589923578724334,0.833943833943834,0.8262195121951219,1489.7865853658534,,120.9268045425415,,2760,8,256,fe55492d59dea43f07862ecc1a80bebd9838d7fe,True
complete,synthetic,synthetic-singular__synthetic__trainable-patch-su4__L8__lr0.01__bs64__seed14,results/runs/synthetic/synthetic-singular__synthetic__trainable-patch-su4__L8__lr0.01__bs64__seed14_seed14,synthetic-singular,synthetic,trainable-patch-su4,8,14,0.01,64,2000,True,plus,True,False,0.4308524060301892,0.7987804878048781,0.42851694303119825,0.8034188034188035,0.8170731707317073,1483.9939024390244,,120.83147668838501,,2760,8,256,fe55492d59dea43f07862ecc1a80bebd9838d7fe,True
complete,synthetic,synthetic-singular__synthetic__trainable-patch-su4__L8__lr0.01__bs64__seed15,results/runs/synthetic/synthetic-singular__synthetic__trainable-patch-su4__L8__lr0.01__bs64__seed15_seed15,synthetic-singular,synthetic,trainable-patch-su4,8,15,0.01,64,2000,True,plus,True,False,0.46790943130174156,0.7530487804878049,0.4679626284800683,0.7753357753357754,0.7926829268292683,1418.5975609756097,,120.82583451271057,,2760,8,256,fe55492d59dea43f07862ecc1a80bebd9838d7fe,True
complete,synthetic,synthetic-singular__synthetic__trainable-patch-su4__L8__lr0.01__bs64__seed16,results/runs/synthetic/synthetic-singular__synthetic__trainable-patch-su4__L8__lr0.01__bs64__seed16_seed16,synthetic-singular,synthetic,trainable-patch-su4,8,16,0.01,64,2000,True,plus,True,False,0.4213932981401214,0.7987804878048781,0.41480258148571897,0.8205128205128205,0.8109756097560976,1455.4878048780488,,119.42159032821655,,2760,8,256,fe55492d59dea43f07862ecc1a80bebd9838d7fe,True
complete,synthetic,synthetic-singular__synthetic__trainable-patch-su4__L8__lr0.01__bs64__seed17,results/runs/synthetic/synthetic-singular__synthetic__trainable-patch-su4__L8__lr0.01__bs64__seed17_seed17,synthetic-singular,synthetic,trainable-patch-su4,8,17,0.01,64,2000,True,plus,True,False,0.4732549976869054,0.7652439024390244,0.45986955158131,0.78998778998779,0.7774390243902439,1412.65243902439,,121.14979696273804,,2760,8,256,fe55492d59dea43f07862ecc1a80bebd9838d7fe,True
complete,synthetic,synthetic-singular__synthetic__trainable-patch-su4__L8__lr0.01__bs64__seed18,results/runs/synthetic/synthetic-singular__synthetic__trainable-patch-su4__L8__lr0.01__bs64__seed18_seed18,synthetic-singular,synthetic,trainable-patch-su4,8,18,0.01,64,2000,True,plus,True,False,0.42995993265450944,0.8109756097560976,0.40563758819965673,0.8205128205128205,0.8109756097560976,1473.0182926829268,,120.53019618988037,,2760,8,256,fe55492d59dea43f07862ecc1a80bebd9838d7fe,True
complete,synthetic,synthetic-singular__synthetic__trainable-patch-su4__L8__lr0.01__bs64__seed19,results/runs/synthetic/synthetic-singular__synthetic__trainable-patch-su4__L8__lr0.01__bs64__seed19_seed19,synthetic-singular,synthetic,trainable-patch-su4,8,19,0.01,64,2000,True,plus,True,False,0.443379637004215,0.7926829268292683,0.4366293426323033,0.8144078144078144,0.7987804878048781,1462.9573170731703,,120.09903621673584,,2760,8,256,fe55492d59dea43f07862ecc1a80bebd9838d7fe,True
complete,synthetic,synthetic-singular__synthetic__trainable-patch-su4__L8__lr0.01__bs64__seed1,results/runs/synthetic/synthetic-singular__synthetic__trainable-patch-su4__L8__lr0.01__bs64__seed1_seed1,synthetic-singular,synthetic,trainable-patch-su4,8,1,0.01,64,2000,True,plus,True,False,0.4388883414304625,0.7896341463414634,0.420329232871598,0.811965811965812,0.7957317073170732,1412.34756097561,,121.57808256149292,,2760,8,256,fe55492d59dea43f07862ecc1a80bebd9838d7fe,True
complete,synthetic,synthetic-singular__synthetic__trainable-patch-su4__L8__lr0.01__bs64__seed2,results/runs/synthetic/synthetic-singular__synthetic__trainable-patch-su4__L8__lr0.01__bs64__seed2_seed2,synthetic-singular,synthetic,trainable-patch-su4,8,2,0.01,64,2000,True,plus,True,False,0.47487893843463846,0.7987804878048781,0.4813175127252271,0.7728937728937729,0.7987804878048781,1429.420731707317,,121.16341543197632,,2760,8,256,fe55492d59dea43f07862ecc1a80bebd9838d7fe,True
complete,synthetic,synthetic-singular__synthetic__trainable-patch-su4__L8__lr0.01__bs64__seed3,results/runs/synthetic/synthetic-singular__synthetic__trainable-patch-su4__L8__lr0.01__bs64__seed3_seed3,synthetic-singular,synthetic,trainable-patch-su4,8,3,0.01,64,2000,True,plus,True,False,0.39167286665343337,0.8262195121951219,0.3928404990167594,0.8327228327228328,0.8262195121951219,1469.6646341463415,,121.74438190460205,,2760,8,256,fe55492d59dea43f07862ecc1a80bebd9838d7fe,True
complete,synthetic,synthetic-singular__synthetic__trainable-patch-su4__L8__lr0.01__bs64__seed4,results/runs/synthetic/synthetic-singular__synthetic__trainable-patch-su4__L8__lr0.01__bs64__seed4_seed4,synthetic-singular,synthetic,trainable-patch-su4,8,4,0.01,64,2000,True,plus,True,False,0.41485450486760267,0.8079268292682927,0.39917324199926696,0.8351648351648352,0.8262195121951219,1460.6707317073171,,121.68996119499207,,2760,8,256,fe55492d59dea43f07862ecc1a80bebd9838d7fe,True
complete,synthetic,synthetic-singular__synthetic__trainable-patch-su4__L8__lr0.01__bs64__seed5,results/runs/synthetic/synthetic-singular__synthetic__trainable-patch-su4__L8__lr0.01__bs64__seed5_seed5,synthetic-singular,synthetic,trainable-patch-su4,8,5,0.01,64,2000,True,plus,True,False,0.41322958372307156,0.8353658536585366,0.4137445698044122,0.8144078144078144,0.8353658536585366,1478.658536585366,,120.56923294067383,,2760,8,256,fe55492d59dea43f07862ecc1a80bebd9838d7fe,True
complete,synthetic,synthetic-singular__synthetic__trainable-patch-su4__L8__lr0.01__bs64__seed6,results/runs/synthetic/synthetic-singular__synthetic__trainable-patch-su4__L8__lr0.01__bs64__seed6_seed6,synthetic-singular,synthetic,trainable-patch-su4,8,6,0.01,64,2000,True,plus,True,False,0.4400586515197969,0.774390243902439,0.39919761605963905,0.8302808302808303,0.7896341463414634,1411.585365853659,,123.15174913406372,,2760,8,256,fe55492d59dea43f07862ecc1a80bebd9838d7fe,True
complete,synthetic,synthetic-singular__synthetic__trainable-patch-su4__L8__lr0.01__bs64__seed7,results/runs/synthetic/synthetic-singular__synthetic__trainable-patch-su4__L8__lr0.01__bs64__seed7_seed7,synthetic-singular,synthetic,trainable-patch-su4,8,7,0.01,64,2000,True,plus,True,False,0.48189484949287625,0.7804878048780488,0.4773512159524268,0.7802197802197802,0.7804878048780488,1385.3658536585367,,121.454660654068,,2760,8,256,fe55492d59dea43f07862ecc1a80bebd9838d7fe,True
complete,synthetic,synthetic-singular__synthetic__trainable-patch-su4__L8__lr0.01__bs64__seed8,results/runs/synthetic/synthetic-singular__synthetic__trainable-patch-su4__L8__lr0.01__bs64__seed8_seed8,synthetic-singular,synthetic,trainable-patch-su4,8,8,0.01,64,2000,True,plus,True,False,0.4167138657749111,0.8079268292682927,0.4251998266509804,0.8083028083028083,0.8079268292682927,1441.7682926829268,,121.75070357322693,,2760,8,256,fe55492d59dea43f07862ecc1a80bebd9838d7fe,True
complete,synthetic,synthetic-singular__synthetic__trainable-patch-su4__L8__lr0.01__bs64__seed9,results/runs/synthetic/synthetic-singular__synthetic__trainable-patch-su4__L8__lr0.01__bs64__seed9_seed9,synthetic-singular,synthetic,trainable-patch-su4,8,9,0.01,64,2000,True,plus,True,False,0.4392822832316821,0.801829268292683,0.43782480071735475,0.8046398046398047,0.801829268292683,1437.8048780487804,,122.81823134422302,,2760,8,256,fe55492d59dea43f07862ecc1a80bebd9838d7fe,True
