status,manifest_id,job_slug,run_dir,dataset,representation,encoder,depth,seed,learning_rate,batch_size,steps,standardize,initial_state,projector_renormalize,track_readout_leakage,final_validation_loss,final_validation_accuracy,final_test_loss,final_test_accuracy,best_validation_accuracy,validation_accuracy_auc,time_to_target_step,wall_time_seconds,mean_readout_leakage_mass,parameter_count,n_qubits,hilbert_dim,git_commit,git_dirty
complete,pendigits,pendigits__dyn__block-hamiltonian__L16__lr0.01__bs32__seed0,results/runs/pendigits_ablation_singular-spectrum-only/pendigits__dyn__block-hamiltonian__L16__lr0.01__bs32__seed0_seed0,pendigits,dyn,block-hamiltonian,16,0,0.01,32,2000,True,plus,True,False,1.7746732411307136,0.3,1.8576920270327009,0.2827329902801601,0.332,516.1333333333332,,96.14445686340332,,736,4,16,6e3df8c2ae7503394992a62eaa877ace7721f2bc,False
complete,pendigits,pendigits__dyn__block-hamiltonian__L16__lr0.01__bs32__seed10,results/runs/pendigits_ablation_singular-spectrum-only/pendigits__dyn__block-hamiltonian__L16__lr0.01__bs32__seed10_seed10,pendigits,dyn,block-hamiltonian,16,10,0.01,32,2000,True,plus,True,False,1.8099499392386618,0.36666666666666664,1.9004140982130426,0.33562035448827904,0.36666666666666664,505.0,,93.00576639175415,,736,4,16,6e3df8c2ae7503394992a62eaa877ace7721f2bc,False
complete,pendigits,pendigits__dyn__block-hamiltonian__L16__lr0.01__bs32__seed11,results/runs/pendigits_ablation_singular-spectrum-only/pendigits__dyn__block-hamiltonian__L16__lr0.01__bs32__seed11_seed11,pendigits,dyn,block-hamiltonian,16,11,0.01,32,2000,True,plus,True,False,1.9099844862888364,0.292,1.9815812047587524,0.2670097198399085,0.3426666666666667,527.3333333333334,,92.47608470916748,,736,4,16,6e3df8c2ae7503394992a62eaa877ace7721f2bc,False
complete,pendigits,pendigits__dyn__block-hamiltonian__L16__lr0.01__bs32__seed12,results/runs/pendigits_ablation_singular-spectrum-only/pendigits__dyn__block-hamiltonian__L16__lr0.01__bs32__seed12_seed12,pendigits,dyn,block-hamiltonian,16,12,0.01,32,2000,True,plus,True,False,1.7419775777233137,0.332,1.8383467355857883,0.32275586049170957,0.348,509.1333333333335,,97.61235165596008,,736,4,16,6e3df8c2ae7503394992a62eaa877ace7721f2bc,False
complete,pendigits,pendigits__dyn__block-hamiltonian__L16__lr0.01__bs32__seed13,results/runs/pendigits_ablation_singular-spectrum-only/pendigits__dyn__block-hamiltonian__L16__lr0.01__bs32__seed13_seed13,pendigits,dyn,block-hamiltonian,16,13,0.01,32,2000,True,plus,True,False,1.8730347479625082,0.336,1.9376378388198199,0.3210405946255003,0.38666666666666666,545.6666666666666,,91.4698371887207,,736,4,16,6e3df8c2ae7503394992a62eaa877ace7721f2bc,False
complete,pendigits,pendigits__dyn__block-hamiltonian__L16__lr0.01__bs32__seed14,results/runs/pendigits_ablation_singular-spectrum-only/pendigits__dyn__block-hamiltonian__L16__lr0.01__bs32__seed14_seed14,pendigits,dyn,block-hamiltonian,16,14,0.01,32,2000,True,plus,True,False,1.71565782881158,0.34,1.8613895853236002,0.2918810748999428,0.37733333333333335,560.2666666666667,,92.39821076393127,,736,4,16,6e3df8c2ae7503394992a62eaa877ace7721f2bc,False
complete,pendigits,pendigits__dyn__block-hamiltonian__L16__lr0.01__bs32__seed15,results/runs/pendigits_ablation_singular-spectrum-only/pendigits__dyn__block-hamiltonian__L16__lr0.01__bs32__seed15_seed15,pendigits,dyn,block-hamiltonian,16,15,0.01,32,2000,True,plus,True,False,1.867305583379188,0.36,1.931297203749443,0.31761006289308175,0.36,528.9333333333333,,94.35447812080383,,736,4,16,6e3df8c2ae7503394992a62eaa877ace7721f2bc,False
complete,pendigits,pendigits__dyn__block-hamiltonian__L16__lr0.01__bs32__seed16,results/runs/pendigits_ablation_singular-spectrum-only/pendigits__dyn__block-hamiltonian__L16__lr0.01__bs32__seed16_seed16,pendigits,dyn,block-hamiltonian,16,16,0.01,32,2000,True,plus,True,False,1.8685148405548337,0.2906666666666667,1.9207020281000904,0.25614636935391655,0.384,522.3333333333335,,94.07209968566895,,736,4,16,6e3df8c2ae7503394992a62eaa877ace7721f2bc,False
complete,pendigits,pendigits__dyn__block-hamiltonian__L16__lr0.01__bs32__seed17,results/runs/pendigits_ablation_singular-spectrum-only/pendigits__dyn__block-hamiltonian__L16__lr0.01__bs32__seed17_seed17,pendigits,dyn,block-hamiltonian,16,17,0.01,32,2000,True,plus,True,False,2.033422767846856,0.28933333333333333,2.1295964780464045,0.2864493996569468,0.364,537.7333333333333,,96.13006901741028,,736,4,16,6e3df8c2ae7503394992a62eaa877ace7721f2bc,False
complete,pendigits,pendigits__dyn__block-hamiltonian__L16__lr0.01__bs32__seed18,results/runs/pendigits_ablation_singular-spectrum-only/pendigits__dyn__block-hamiltonian__L16__lr0.01__bs32__seed18_seed18,pendigits,dyn,block-hamiltonian,16,18,0.01,32,2000,True,plus,True,False,1.874322386634238,0.312,1.9688581247291306,0.30646083476272157,0.3453333333333333,523.6666666666667,,93.11216568946838,,736,4,16,6e3df8c2ae7503394992a62eaa877ace7721f2bc,False
complete,pendigits,pendigits__dyn__block-hamiltonian__L16__lr0.01__bs32__seed19,results/runs/pendigits_ablation_singular-spectrum-only/pendigits__dyn__block-hamiltonian__L16__lr0.01__bs32__seed19_seed19,pendigits,dyn,block-hamiltonian,16,19,0.01,32,2000,True,plus,True,False,1.7243940028618763,0.33066666666666666,1.8273141482945032,0.3187535734705546,0.388,548.5333333333333,,93.95804476737976,,736,4,16,6e3df8c2ae7503394992a62eaa877ace7721f2bc,False
complete,pendigits,pendigits__dyn__block-hamiltonian__L16__lr0.01__bs32__seed1,results/runs/pendigits_ablation_singular-spectrum-only/pendigits__dyn__block-hamiltonian__L16__lr0.01__bs32__seed1_seed1,pendigits,dyn,block-hamiltonian,16,1,0.01,32,2000,True,plus,True,False,2.1077695209996996,0.2826666666666667,2.165302618301904,0.2638650657518582,0.368,495.6666666666668,,94.58313274383545,,736,4,16,6e3df8c2ae7503394992a62eaa877ace7721f2bc,False
complete,pendigits,pendigits__dyn__block-hamiltonian__L16__lr0.01__bs32__seed2,results/runs/pendigits_ablation_singular-spectrum-only/pendigits__dyn__block-hamiltonian__L16__lr0.01__bs32__seed2_seed2,pendigits,dyn,block-hamiltonian,16,2,0.01,32,2000,True,plus,True,False,1.929655186111756,0.292,1.9476114154305717,0.27358490566037735,0.35333333333333333,506.0,,94.78462886810303,,736,4,16,6e3df8c2ae7503394992a62eaa877ace7721f2bc,False
complete,pendigits,pendigits__dyn__block-hamiltonian__L16__lr0.01__bs32__seed3,results/runs/pendigits_ablation_singular-spectrum-only/pendigits__dyn__block-hamiltonian__L16__lr0.01__bs32__seed3_seed3,pendigits,dyn,block-hamiltonian,16,3,0.01,32,2000,True,plus,True,False,1.7319551008357006,0.36,1.8277635047817395,0.3570611778158948,0.36666666666666664,531.8666666666666,,93.88077664375305,,736,4,16,6e3df8c2ae7503394992a62eaa877ace7721f2bc,False
complete,pendigits,pendigits__dyn__block-hamiltonian__L16__lr0.01__bs32__seed4,results/runs/pendigits_ablation_singular-spectrum-only/pendigits__dyn__block-hamiltonian__L16__lr0.01__bs32__seed4_seed4,pendigits,dyn,block-hamiltonian,16,4,0.01,32,2000,True,plus,True,False,1.8496932280044496,0.33866666666666667,1.9104284449638498,0.32790165809033733,0.344,540.1333333333333,,94.97201037406921,,736,4,16,6e3df8c2ae7503394992a62eaa877ace7721f2bc,False
complete,pendigits,pendigits__dyn__block-hamiltonian__L16__lr0.01__bs32__seed5,results/runs/pendigits_ablation_singular-spectrum-only/pendigits__dyn__block-hamiltonian__L16__lr0.01__bs32__seed5_seed5,pendigits,dyn,block-hamiltonian,16,5,0.01,32,2000,True,plus,True,False,2.005247709242147,0.24666666666666667,2.1326692757752115,0.22955974842767296,0.35333333333333333,544.2666666666667,,96.51011967658997,,736,4,16,6e3df8c2ae7503394992a62eaa877ace7721f2bc,False
complete,pendigits,pendigits__dyn__block-hamiltonian__L16__lr0.01__bs32__seed6,results/runs/pendigits_ablation_singular-spectrum-only/pendigits__dyn__block-hamiltonian__L16__lr0.01__bs32__seed6_seed6,pendigits,dyn,block-hamiltonian,16,6,0.01,32,2000,True,plus,True,False,1.9087007340943132,0.24266666666666667,1.9781660985014893,0.24871355060034306,0.36933333333333335,562.6,,93.01667761802673,,736,4,16,6e3df8c2ae7503394992a62eaa877ace7721f2bc,False
complete,pendigits,pendigits__dyn__block-hamiltonian__L16__lr0.01__bs32__seed7,results/runs/pendigits_ablation_singular-spectrum-only/pendigits__dyn__block-hamiltonian__L16__lr0.01__bs32__seed7_seed7,pendigits,dyn,block-hamiltonian,16,7,0.01,32,2000,True,plus,True,False,1.8282303416696553,0.2773333333333333,1.918495693605748,0.2507146941109205,0.3626666666666667,511.46666666666664,,93.18029546737671,,736,4,16,6e3df8c2ae7503394992a62eaa877ace7721f2bc,False
complete,pendigits,pendigits__dyn__block-hamiltonian__L16__lr0.01__bs32__seed8,results/runs/pendigits_ablation_singular-spectrum-only/pendigits__dyn__block-hamiltonian__L16__lr0.01__bs32__seed8_seed8,pendigits,dyn,block-hamiltonian,16,8,0.01,32,2000,True,plus,True,False,2.1477623579089467,0.252,2.2466816053639462,0.22384219554030874,0.348,526.2666666666667,,93.28412652015686,,736,4,16,6e3df8c2ae7503394992a62eaa877ace7721f2bc,False
complete,pendigits,pendigits__dyn__block-hamiltonian__L16__lr0.01__bs32__seed9,results/runs/pendigits_ablation_singular-spectrum-only/pendigits__dyn__block-hamiltonian__L16__lr0.01__bs32__seed9_seed9,pendigits,dyn,block-hamiltonian,16,9,0.01,32,2000,True,plus,True,False,1.8524380371397868,0.30933333333333335,1.934787597990547,0.30588907947398514,0.35333333333333333,514.2,,95.01585412025452,,736,4,16,6e3df8c2ae7503394992a62eaa877ace7721f2bc,False
complete,pendigits,pendigits__dyn__block-hamiltonian__L1__lr0.01__bs32__seed0,results/runs/pendigits_ablation_singular-spectrum-only/pendigits__dyn__block-hamiltonian__L1__lr0.01__bs32__seed0_seed0,pendigits,dyn,block-hamiltonian,1,0,0.01,32,2000,True,plus,True,False,1.9843288495859404,0.27066666666666667,1.9983597256052306,0.25900514579759865,0.30533333333333335,453.80000000000007,,19.418182373046875,,46,4,16,6e3df8c2ae7503394992a62eaa877ace7721f2bc,False
complete,pendigits,pendigits__dyn__block-hamiltonian__L1__lr0.01__bs32__seed10,results/runs/pendigits_ablation_singular-spectrum-only/pendigits__dyn__block-hamiltonian__L1__lr0.01__bs32__seed10_seed10,pendigits,dyn,block-hamiltonian,1,10,0.01,32,2000,True,plus,True,False,2.008458375669848,0.22933333333333333,2.019365150555071,0.23413379073756432,0.30266666666666664,464.93333333333334,,20.27952218055725,,46,4,16,6e3df8c2ae7503394992a62eaa877ace7721f2bc,False
complete,pendigits,pendigits__dyn__block-hamiltonian__L1__lr0.01__bs32__seed11,results/runs/pendigits_ablation_singular-spectrum-only/pendigits__dyn__block-hamiltonian__L1__lr0.01__bs32__seed11_seed11,pendigits,dyn,block-hamiltonian,1,11,0.01,32,2000,True,plus,True,False,1.9984121669424733,0.27066666666666667,2.0107214929519133,0.27215551743853633,0.292,466.8666666666667,,19.877935886383057,,46,4,16,6e3df8c2ae7503394992a62eaa877ace7721f2bc,False
complete,pendigits,pendigits__dyn__block-hamiltonian__L1__lr0.01__bs32__seed12,results/runs/pendigits_ablation_singular-spectrum-only/pendigits__dyn__block-hamiltonian__L1__lr0.01__bs32__seed12_seed12,pendigits,dyn,block-hamiltonian,1,12,0.01,32,2000,True,plus,True,False,1.990514888130604,0.2826666666666667,2.0045954465009217,0.258147512864494,0.30266666666666664,466.0666666666667,,18.15101432800293,,46,4,16,6e3df8c2ae7503394992a62eaa877ace7721f2bc,False
complete,pendigits,pendigits__dyn__block-hamiltonian__L1__lr0.01__bs32__seed13,results/runs/pendigits_ablation_singular-spectrum-only/pendigits__dyn__block-hamiltonian__L1__lr0.01__bs32__seed13_seed13,pendigits,dyn,block-hamiltonian,1,13,0.01,32,2000,True,plus,True,False,1.9921289047575952,0.2733333333333333,2.006508447702715,0.24528301886792453,0.30266666666666664,463.80000000000007,,20.270009756088257,,46,4,16,6e3df8c2ae7503394992a62eaa877ace7721f2bc,False
complete,pendigits,pendigits__dyn__block-hamiltonian__L1__lr0.01__bs32__seed14,results/runs/pendigits_ablation_singular-spectrum-only/pendigits__dyn__block-hamiltonian__L1__lr0.01__bs32__seed14_seed14,pendigits,dyn,block-hamiltonian,1,14,0.01,32,2000,True,plus,True,False,1.9956073239559131,0.2786666666666667,2.009193719461712,0.27044025157232704,0.30133333333333334,442.33333333333337,,19.963094234466553,,46,4,16,6e3df8c2ae7503394992a62eaa877ace7721f2bc,False
complete,pendigits,pendigits__dyn__block-hamiltonian__L1__lr0.01__bs32__seed15,results/runs/pendigits_ablation_singular-spectrum-only/pendigits__dyn__block-hamiltonian__L1__lr0.01__bs32__seed15_seed15,pendigits,dyn,block-hamiltonian,1,15,0.01,32,2000,True,plus,True,False,1.9976358607968863,0.22266666666666668,2.008171356661118,0.20697541452258433,0.296,465.4,,19.660534858703613,,46,4,16,6e3df8c2ae7503394992a62eaa877ace7721f2bc,False
complete,pendigits,pendigits__dyn__block-hamiltonian__L1__lr0.01__bs32__seed16,results/runs/pendigits_ablation_singular-spectrum-only/pendigits__dyn__block-hamiltonian__L1__lr0.01__bs32__seed16_seed16,pendigits,dyn,block-hamiltonian,1,16,0.01,32,2000,True,plus,True,False,2.019983794959562,0.20933333333333334,2.0435744334300376,0.20811892510005717,0.3,444.80000000000007,,19.262149810791016,,46,4,16,6e3df8c2ae7503394992a62eaa877ace7721f2bc,False
complete,pendigits,pendigits__dyn__block-hamiltonian__L1__lr0.01__bs32__seed17,results/runs/pendigits_ablation_singular-spectrum-only/pendigits__dyn__block-hamiltonian__L1__lr0.01__bs32__seed17_seed17,pendigits,dyn,block-hamiltonian,1,17,0.01,32,2000,True,plus,True,False,1.9972436099692619,0.24266666666666667,2.007962139966606,0.22755860491709548,0.2813333333333333,461.1333333333333,,19.79036593437195,,46,4,16,6e3df8c2ae7503394992a62eaa877ace7721f2bc,False
complete,pendigits,pendigits__dyn__block-hamiltonian__L1__lr0.01__bs32__seed18,results/runs/pendigits_ablation_singular-spectrum-only/pendigits__dyn__block-hamiltonian__L1__lr0.01__bs32__seed18_seed18,pendigits,dyn,block-hamiltonian,1,18,0.01,32,2000,True,plus,True,False,1.979286247483406,0.30533333333333335,1.994059805289495,0.3127501429388222,0.30533333333333335,444.9333333333334,,19.403017282485962,,46,4,16,6e3df8c2ae7503394992a62eaa877ace7721f2bc,False
complete,pendigits,pendigits__dyn__block-hamiltonian__L1__lr0.01__bs32__seed19,results/runs/pendigits_ablation_singular-spectrum-only/pendigits__dyn__block-hamiltonian__L1__lr0.01__bs32__seed19_seed19,pendigits,dyn,block-hamiltonian,1,19,0.01,32,2000,True,plus,True,False,1.998520701275104,0.2613333333333333,2.018970584633228,0.24013722126929674,0.31466666666666665,468.99999999999994,,19.702253341674805,,46,4,16,6e3df8c2ae7503394992a62eaa877ace7721f2bc,False
complete,pendigits,pendigits__dyn__block-hamiltonian__L1__lr0.01__bs32__seed1,results/runs/pendigits_ablation_singular-spectrum-only/pendigits__dyn__block-hamiltonian__L1__lr0.01__bs32__seed1_seed1,pendigits,dyn,block-hamiltonian,1,1,0.01,32,2000,True,plus,True,False,1.989231154803894,0.232,2.0035915790606813,0.2307032590051458,0.2786666666666667,453.93333333333334,,18.590797662734985,,46,4,16,6e3df8c2ae7503394992a62eaa877ace7721f2bc,False
complete,pendigits,pendigits__dyn__block-hamiltonian__L1__lr0.01__bs32__seed2,results/runs/pendigits_ablation_singular-spectrum-only/pendigits__dyn__block-hamiltonian__L1__lr0.01__bs32__seed2_seed2,pendigits,dyn,block-hamiltonian,1,2,0.01,32,2000,True,plus,True,False,2.0183487800151263,0.23866666666666667,2.0357851506574236,0.23041738136077758,0.284,469.53333333333336,,18.234681844711304,,46,4,16,6e3df8c2ae7503394992a62eaa877ace7721f2bc,False
complete,pendigits,pendigits__dyn__block-hamiltonian__L1__lr0.01__bs32__seed3,results/runs/pendigits_ablation_singular-spectrum-only/pendigits__dyn__block-hamiltonian__L1__lr0.01__bs32__seed3_seed3,pendigits,dyn,block-hamiltonian,1,3,0.01,32,2000,True,plus,True,False,1.9826857477425321,0.24133333333333334,1.994295191195341,0.23556317895940537,0.2906666666666667,459.4,,19.78224515914917,,46,4,16,6e3df8c2ae7503394992a62eaa877ace7721f2bc,False
complete,pendigits,pendigits__dyn__block-hamiltonian__L1__lr0.01__bs32__seed4,results/runs/pendigits_ablation_singular-spectrum-only/pendigits__dyn__block-hamiltonian__L1__lr0.01__bs32__seed4_seed4,pendigits,dyn,block-hamiltonian,1,4,0.01,32,2000,True,plus,True,False,2.0009792580455907,0.26666666666666666,2.010704966474411,0.2447112635791881,0.2826666666666667,471.86666666666673,,19.446268320083618,,46,4,16,6e3df8c2ae7503394992a62eaa877ace7721f2bc,False
complete,pendigits,pendigits__dyn__block-hamiltonian__L1__lr0.01__bs32__seed5,results/runs/pendigits_ablation_singular-spectrum-only/pendigits__dyn__block-hamiltonian__L1__lr0.01__bs32__seed5_seed5,pendigits,dyn,block-hamiltonian,1,5,0.01,32,2000,True,plus,True,False,2.0124816139474784,0.2613333333333333,2.0264151522855927,0.2567181246426529,0.31333333333333335,478.9999999999999,,20.117419958114624,,46,4,16,6e3df8c2ae7503394992a62eaa877ace7721f2bc,False
complete,pendigits,pendigits__dyn__block-hamiltonian__L1__lr0.01__bs32__seed6,results/runs/pendigits_ablation_singular-spectrum-only/pendigits__dyn__block-hamiltonian__L1__lr0.01__bs32__seed6_seed6,pendigits,dyn,block-hamiltonian,1,6,0.01,32,2000,True,plus,True,False,2.0303200368307084,0.24666666666666667,2.0435263863985282,0.23041738136077758,0.30666666666666664,464.46666666666664,,21.09788417816162,,46,4,16,6e3df8c2ae7503394992a62eaa877ace7721f2bc,False
complete,pendigits,pendigits__dyn__block-hamiltonian__L1__lr0.01__bs32__seed7,results/runs/pendigits_ablation_singular-spectrum-only/pendigits__dyn__block-hamiltonian__L1__lr0.01__bs32__seed7_seed7,pendigits,dyn,block-hamiltonian,1,7,0.01,32,2000,True,plus,True,False,1.9816950489345984,0.25333333333333335,1.9935181417855135,0.2672955974842767,0.312,481.9333333333332,,19.724196910858154,,46,4,16,6e3df8c2ae7503394992a62eaa877ace7721f2bc,False
complete,pendigits,pendigits__dyn__block-hamiltonian__L1__lr0.01__bs32__seed8,results/runs/pendigits_ablation_singular-spectrum-only/pendigits__dyn__block-hamiltonian__L1__lr0.01__bs32__seed8_seed8,pendigits,dyn,block-hamiltonian,1,8,0.01,32,2000,True,plus,True,False,1.9782406986427516,0.256,1.9928717448407318,0.25586049170954833,0.29333333333333333,446.5333333333333,,19.929916858673096,,46,4,16,6e3df8c2ae7503394992a62eaa877ace7721f2bc,False
complete,pendigits,pendigits__dyn__block-hamiltonian__L1__lr0.01__bs32__seed9,results/runs/pendigits_ablation_singular-spectrum-only/pendigits__dyn__block-hamiltonian__L1__lr0.01__bs32__seed9_seed9,pendigits,dyn,block-hamiltonian,1,9,0.01,32,2000,True,plus,True,False,2.000827223498201,0.19733333333333333,2.020698518938514,0.19096626643796455,0.292,432.2666666666666,,19.79762578010559,,46,4,16,6e3df8c2ae7503394992a62eaa877ace7721f2bc,False
complete,pendigits,pendigits__dyn__block-hamiltonian__L2__lr0.01__bs32__seed0,results/runs/pendigits_ablation_singular-spectrum-only/pendigits__dyn__block-hamiltonian__L2__lr0.01__bs32__seed0_seed0,pendigits,dyn,block-hamiltonian,2,0,0.01,32,2000,True,plus,True,False,1.7515382892977687,0.324,1.8436796343899444,0.31217838765008576,0.34,573.7333333333335,,23.77334976196289,,92,4,16,6e3df8c2ae7503394992a62eaa877ace7721f2bc,False
complete,pendigits,pendigits__dyn__block-hamiltonian__L2__lr0.01__bs32__seed10,results/runs/pendigits_ablation_singular-spectrum-only/pendigits__dyn__block-hamiltonian__L2__lr0.01__bs32__seed10_seed10,pendigits,dyn,block-hamiltonian,2,10,0.01,32,2000,True,plus,True,False,1.7744102974872242,0.25066666666666665,1.8573189319678314,0.2815894797026873,0.3453333333333333,555.4666666666667,,23.83493685722351,,92,4,16,6e3df8c2ae7503394992a62eaa877ace7721f2bc,False
complete,pendigits,pendigits__dyn__block-hamiltonian__L2__lr0.01__bs32__seed11,results/runs/pendigits_ablation_singular-spectrum-only/pendigits__dyn__block-hamiltonian__L2__lr0.01__bs32__seed11_seed11,pendigits,dyn,block-hamiltonian,2,11,0.01,32,2000,True,plus,True,False,1.7792834790276362,0.31333333333333335,1.8935140687479344,0.2773013150371641,0.352,563.3333333333333,,23.684995889663696,,92,4,16,6e3df8c2ae7503394992a62eaa877ace7721f2bc,False
complete,pendigits,pendigits__dyn__block-hamiltonian__L2__lr0.01__bs32__seed12,results/runs/pendigits_ablation_singular-spectrum-only/pendigits__dyn__block-hamiltonian__L2__lr0.01__bs32__seed12_seed12,pendigits,dyn,block-hamiltonian,2,12,0.01,32,2000,True,plus,True,False,1.7908534677348205,0.32666666666666666,1.8867211885691748,0.29874213836477986,0.3333333333333333,565.8000000000001,,23.644545078277588,,92,4,16,6e3df8c2ae7503394992a62eaa877ace7721f2bc,False
complete,pendigits,pendigits__dyn__block-hamiltonian__L2__lr0.01__bs32__seed13,results/runs/pendigits_ablation_singular-spectrum-only/pendigits__dyn__block-hamiltonian__L2__lr0.01__bs32__seed13_seed13,pendigits,dyn,block-hamiltonian,2,13,0.01,32,2000,True,plus,True,False,1.7639472159202805,0.30533333333333335,1.8560032734517475,0.30045740423098916,0.368,584.5333333333333,,24.140568017959595,,92,4,16,6e3df8c2ae7503394992a62eaa877ace7721f2bc,False
complete,pendigits,pendigits__dyn__block-hamiltonian__L2__lr0.01__bs32__seed14,results/runs/pendigits_ablation_singular-spectrum-only/pendigits__dyn__block-hamiltonian__L2__lr0.01__bs32__seed14_seed14,pendigits,dyn,block-hamiltonian,2,14,0.01,32,2000,True,plus,True,False,1.7581032684321436,0.33066666666666666,1.884911417856039,0.3050314465408805,0.33066666666666666,561.4666666666667,,24.247713327407837,,92,4,16,6e3df8c2ae7503394992a62eaa877ace7721f2bc,False
complete,pendigits,pendigits__dyn__block-hamiltonian__L2__lr0.01__bs32__seed15,results/runs/pendigits_ablation_singular-spectrum-only/pendigits__dyn__block-hamiltonian__L2__lr0.01__bs32__seed15_seed15,pendigits,dyn,block-hamiltonian,2,15,0.01,32,2000,True,plus,True,False,1.866732197763308,0.312,1.9118491047890331,0.2755860491709548,0.33466666666666667,523.0666666666667,,24.22635531425476,,92,4,16,6e3df8c2ae7503394992a62eaa877ace7721f2bc,False
complete,pendigits,pendigits__dyn__block-hamiltonian__L2__lr0.01__bs32__seed16,results/runs/pendigits_ablation_singular-spectrum-only/pendigits__dyn__block-hamiltonian__L2__lr0.01__bs32__seed16_seed16,pendigits,dyn,block-hamiltonian,2,16,0.01,32,2000,True,plus,True,False,1.8314991221697765,0.276,1.9123474324640264,0.26357918810749,0.3466666666666667,578.0,,24.438390493392944,,92,4,16,6e3df8c2ae7503394992a62eaa877ace7721f2bc,False
complete,pendigits,pendigits__dyn__block-hamiltonian__L2__lr0.01__bs32__seed17,results/runs/pendigits_ablation_singular-spectrum-only/pendigits__dyn__block-hamiltonian__L2__lr0.01__bs32__seed17_seed17,pendigits,dyn,block-hamiltonian,2,17,0.01,32,2000,True,plus,True,False,1.7564212277624374,0.30666666666666664,1.8563849782169464,0.28187535734705543,0.35733333333333334,576.7333333333332,,24.19806408882141,,92,4,16,6e3df8c2ae7503394992a62eaa877ace7721f2bc,False
complete,pendigits,pendigits__dyn__block-hamiltonian__L2__lr0.01__bs32__seed18,results/runs/pendigits_ablation_singular-spectrum-only/pendigits__dyn__block-hamiltonian__L2__lr0.01__bs32__seed18_seed18,pendigits,dyn,block-hamiltonian,2,18,0.01,32,2000,True,plus,True,False,1.7579434800191194,0.2853333333333333,1.8640980519281463,0.28130360205831906,0.344,562.3333333333334,,25.576802492141724,,92,4,16,6e3df8c2ae7503394992a62eaa877ace7721f2bc,False
complete,pendigits,pendigits__dyn__block-hamiltonian__L2__lr0.01__bs32__seed19,results/runs/pendigits_ablation_singular-spectrum-only/pendigits__dyn__block-hamiltonian__L2__lr0.01__bs32__seed19_seed19,pendigits,dyn,block-hamiltonian,2,19,0.01,32,2000,True,plus,True,False,1.778188258381611,0.33066666666666666,1.8758560283171328,0.2938822184105203,0.33066666666666666,559.5333333333333,,24.464293003082275,,92,4,16,6e3df8c2ae7503394992a62eaa877ace7721f2bc,False
complete,pendigits,pendigits__dyn__block-hamiltonian__L2__lr0.01__bs32__seed1,results/runs/pendigits_ablation_singular-spectrum-only/pendigits__dyn__block-hamiltonian__L2__lr0.01__bs32__seed1_seed1,pendigits,dyn,block-hamiltonian,2,1,0.01,32,2000,True,plus,True,False,1.7912541349566424,0.296,1.8839983254179848,0.25986277873070324,0.364,575.9333333333333,,24.031447410583496,,92,4,16,6e3df8c2ae7503394992a62eaa877ace7721f2bc,False
complete,pendigits,pendigits__dyn__block-hamiltonian__L2__lr0.01__bs32__seed2,results/runs/pendigits_ablation_singular-spectrum-only/pendigits__dyn__block-hamiltonian__L2__lr0.01__bs32__seed2_seed2,pendigits,dyn,block-hamiltonian,2,2,0.01,32,2000,True,plus,True,False,1.8017900369886697,0.328,1.9207887928708014,0.30074328187535737,0.33866666666666667,574.6,,24.584012985229492,,92,4,16,6e3df8c2ae7503394992a62eaa877ace7721f2bc,False
complete,pendigits,pendigits__dyn__block-hamiltonian__L2__lr0.01__bs32__seed3,results/runs/pendigits_ablation_singular-spectrum-only/pendigits__dyn__block-hamiltonian__L2__lr0.01__bs32__seed3_seed3,pendigits,dyn,block-hamiltonian,2,3,0.01,32,2000,True,plus,True,False,1.7595281081804264,0.2946666666666667,1.8685710724024855,0.2855917667238422,0.33466666666666667,570.0,,24.37065839767456,,92,4,16,6e3df8c2ae7503394992a62eaa877ace7721f2bc,False
complete,pendigits,pendigits__dyn__block-hamiltonian__L2__lr0.01__bs32__seed4,results/runs/pendigits_ablation_singular-spectrum-only/pendigits__dyn__block-hamiltonian__L2__lr0.01__bs32__seed4_seed4,pendigits,dyn,block-hamiltonian,2,4,0.01,32,2000,True,plus,True,False,1.7709225895623477,0.296,1.8479626306079575,0.269010863350486,0.34,561.3333333333333,,24.571259021759033,,92,4,16,6e3df8c2ae7503394992a62eaa877ace7721f2bc,False
complete,pendigits,pendigits__dyn__block-hamiltonian__L2__lr0.01__bs32__seed5,results/runs/pendigits_ablation_singular-spectrum-only/pendigits__dyn__block-hamiltonian__L2__lr0.01__bs32__seed5_seed5,pendigits,dyn,block-hamiltonian,2,5,0.01,32,2000,True,plus,True,False,1.798079427556533,0.296,1.9143952119707786,0.2655803316180675,0.336,568.9333333333334,,24.4436936378479,,92,4,16,6e3df8c2ae7503394992a62eaa877ace7721f2bc,False
complete,pendigits,pendigits__dyn__block-hamiltonian__L2__lr0.01__bs32__seed6,results/runs/pendigits_ablation_singular-spectrum-only/pendigits__dyn__block-hamiltonian__L2__lr0.01__bs32__seed6_seed6,pendigits,dyn,block-hamiltonian,2,6,0.01,32,2000,True,plus,True,False,1.7119087604431291,0.36666666666666664,1.8203260495509046,0.3304745568896512,0.36933333333333335,579.6000000000001,,24.54633927345276,,92,4,16,6e3df8c2ae7503394992a62eaa877ace7721f2bc,False
complete,pendigits,pendigits__dyn__block-hamiltonian__L2__lr0.01__bs32__seed7,results/runs/pendigits_ablation_singular-spectrum-only/pendigits__dyn__block-hamiltonian__L2__lr0.01__bs32__seed7_seed7,pendigits,dyn,block-hamiltonian,2,7,0.01,32,2000,True,plus,True,False,1.7517233190826877,0.316,1.8456546074885223,0.27644368210405945,0.328,564.0666666666666,,24.643008947372437,,92,4,16,6e3df8c2ae7503394992a62eaa877ace7721f2bc,False
complete,pendigits,pendigits__dyn__block-hamiltonian__L2__lr0.01__bs32__seed8,results/runs/pendigits_ablation_singular-spectrum-only/pendigits__dyn__block-hamiltonian__L2__lr0.01__bs32__seed8_seed8,pendigits,dyn,block-hamiltonian,2,8,0.01,32,2000,True,plus,True,False,1.7633939750000973,0.27466666666666667,1.868586105108089,0.2770154373927959,0.3373333333333333,554.8666666666667,,24.288424253463745,,92,4,16,6e3df8c2ae7503394992a62eaa877ace7721f2bc,False
complete,pendigits,pendigits__dyn__block-hamiltonian__L2__lr0.01__bs32__seed9,results/runs/pendigits_ablation_singular-spectrum-only/pendigits__dyn__block-hamiltonian__L2__lr0.01__bs32__seed9_seed9,pendigits,dyn,block-hamiltonian,2,9,0.01,32,2000,True,plus,True,False,1.7876693159987942,0.30266666666666664,1.9005681121633378,0.27958833619210977,0.352,562.2666666666667,,24.17718505859375,,92,4,16,6e3df8c2ae7503394992a62eaa877ace7721f2bc,False
complete,pendigits,pendigits__dyn__block-hamiltonian__L32__lr0.01__bs32__seed0,results/runs/pendigits_ablation_singular-spectrum-only/pendigits__dyn__block-hamiltonian__L32__lr0.01__bs32__seed0_seed0,pendigits,dyn,block-hamiltonian,32,0,0.01,32,2000,True,plus,True,False,2.0279299337900443,0.29733333333333334,2.053351552911517,0.3053173241852487,0.3546666666666667,410.7333333333334,,191.49098825454712,,1472,4,16,0e89babf303b6e108f9a6e4687213f88b28c4e9d,True
complete,pendigits,pendigits__dyn__block-hamiltonian__L32__lr0.01__bs32__seed10,results/runs/pendigits_ablation_singular-spectrum-only/pendigits__dyn__block-hamiltonian__L32__lr0.01__bs32__seed10_seed10,pendigits,dyn,block-hamiltonian,32,10,0.01,32,2000,True,plus,True,False,2.8458509679577224,0.148,2.8504658500001923,0.16895368782161235,0.35333333333333333,438.53333333333336,,189.93947339057922,,1472,4,16,6e3df8c2ae7503394992a62eaa877ace7721f2bc,False
complete,pendigits,pendigits__dyn__block-hamiltonian__L32__lr0.01__bs32__seed11,results/runs/pendigits_ablation_singular-spectrum-only/pendigits__dyn__block-hamiltonian__L32__lr0.01__bs32__seed11_seed11,pendigits,dyn,block-hamiltonian,32,11,0.01,32,2000,True,plus,True,False,1.9040389770505717,0.332,1.9753217618083823,0.3244711263579188,0.332,442.99999999999994,,190.6299958229065,,1472,4,16,6e3df8c2ae7503394992a62eaa877ace7721f2bc,False
complete,pendigits,pendigits__dyn__block-hamiltonian__L32__lr0.01__bs32__seed12,results/runs/pendigits_ablation_singular-spectrum-only/pendigits__dyn__block-hamiltonian__L32__lr0.01__bs32__seed12_seed12,pendigits,dyn,block-hamiltonian,32,12,0.01,32,2000,True,plus,True,False,2.0251658571188993,0.292,2.1036802870279865,0.269010863350486,0.31066666666666665,433.73333333333335,,189.37807774543762,,1472,4,16,6e3df8c2ae7503394992a62eaa877ace7721f2bc,False
complete,pendigits,pendigits__dyn__block-hamiltonian__L32__lr0.01__bs32__seed13,results/runs/pendigits_ablation_singular-spectrum-only/pendigits__dyn__block-hamiltonian__L32__lr0.01__bs32__seed13_seed13,pendigits,dyn,block-hamiltonian,32,13,0.01,32,2000,True,plus,True,False,1.870764852721104,0.26666666666666666,1.9533249831391661,0.27101200686106347,0.3466666666666667,447.59999999999997,,177.54635739326477,,1472,4,16,6e3df8c2ae7503394992a62eaa877ace7721f2bc,False
complete,pendigits,pendigits__dyn__block-hamiltonian__L32__lr0.01__bs32__seed14,results/runs/pendigits_ablation_singular-spectrum-only/pendigits__dyn__block-hamiltonian__L32__lr0.01__bs32__seed14_seed14,pendigits,dyn,block-hamiltonian,32,14,0.01,32,2000,True,plus,True,False,1.7638661797148512,0.3373333333333333,1.8698744908865517,0.2990280160091481,0.3893333333333333,491.13333333333327,,178.7836103439331,,1472,4,16,6e3df8c2ae7503394992a62eaa877ace7721f2bc,False
complete,pendigits,pendigits__dyn__block-hamiltonian__L32__lr0.01__bs32__seed15,results/runs/pendigits_ablation_singular-spectrum-only/pendigits__dyn__block-hamiltonian__L32__lr0.01__bs32__seed15_seed15,pendigits,dyn,block-hamiltonian,32,15,0.01,32,2000,True,plus,True,False,1.9458477703215489,0.304,2.004797108279146,0.29302458547741567,0.3373333333333333,465.2666666666667,,174.75648045539856,,1472,4,16,6e3df8c2ae7503394992a62eaa877ace7721f2bc,False
complete,pendigits,pendigits__dyn__block-hamiltonian__L32__lr0.01__bs32__seed16,results/runs/pendigits_ablation_singular-spectrum-only/pendigits__dyn__block-hamiltonian__L32__lr0.01__bs32__seed16_seed16,pendigits,dyn,block-hamiltonian,32,16,0.01,32,2000,True,plus,True,False,1.8184680666496431,0.3626666666666667,1.9124142609254056,0.3210405946255003,0.3626666666666667,504.6000000000001,,177.08962774276733,,1472,4,16,6e3df8c2ae7503394992a62eaa877ace7721f2bc,False
complete,pendigits,pendigits__dyn__block-hamiltonian__L32__lr0.01__bs32__seed17,results/runs/pendigits_ablation_singular-spectrum-only/pendigits__dyn__block-hamiltonian__L32__lr0.01__bs32__seed17_seed17,pendigits,dyn,block-hamiltonian,32,17,0.01,32,2000,True,plus,True,False,2.16902043600178,0.24533333333333332,2.225351392549816,0.2278444825614637,0.31066666666666665,423.4,,176.61728620529175,,1472,4,16,6e3df8c2ae7503394992a62eaa877ace7721f2bc,False
complete,pendigits,pendigits__dyn__block-hamiltonian__L32__lr0.01__bs32__seed18,results/runs/pendigits_ablation_singular-spectrum-only/pendigits__dyn__block-hamiltonian__L32__lr0.01__bs32__seed18_seed18,pendigits,dyn,block-hamiltonian,32,18,0.01,32,2000,True,plus,True,False,1.8368956158449725,0.3453333333333333,1.9163965457070884,0.33990851915380216,0.3453333333333333,437.80000000000007,,175.9816930294037,,1472,4,16,6e3df8c2ae7503394992a62eaa877ace7721f2bc,False
complete,pendigits,pendigits__dyn__block-hamiltonian__L32__lr0.01__bs32__seed19,results/runs/pendigits_ablation_singular-spectrum-only/pendigits__dyn__block-hamiltonian__L32__lr0.01__bs32__seed19_seed19,pendigits,dyn,block-hamiltonian,32,19,0.01,32,2000,True,plus,True,False,1.871992058402218,0.2653333333333333,1.921188095056535,0.2447112635791881,0.324,441.9333333333334,,179.25151014328003,,1472,4,16,6e3df8c2ae7503394992a62eaa877ace7721f2bc,False
complete,pendigits,pendigits__dyn__block-hamiltonian__L32__lr0.01__bs32__seed1,results/runs/pendigits_ablation_singular-spectrum-only/pendigits__dyn__block-hamiltonian__L32__lr0.01__bs32__seed1_seed1,pendigits,dyn,block-hamiltonian,32,1,0.01,32,2000,True,plus,True,False,2.1031983209994753,0.19066666666666668,2.161370867242471,0.17981703830760434,0.312,429.06666666666666,,188.87874627113342,,1472,4,16,0e89babf303b6e108f9a6e4687213f88b28c4e9d,True
complete,pendigits,pendigits__dyn__block-hamiltonian__L32__lr0.01__bs32__seed2,results/runs/pendigits_ablation_singular-spectrum-only/pendigits__dyn__block-hamiltonian__L32__lr0.01__bs32__seed2_seed2,pendigits,dyn,block-hamiltonian,32,2,0.01,32,2000,True,plus,True,False,1.9470723664977265,0.2853333333333333,2.031108162810842,0.24070897655803317,0.328,456.13333333333327,,180.42117762565613,,1472,4,16,6e3df8c2ae7503394992a62eaa877ace7721f2bc,False
complete,pendigits,pendigits__dyn__block-hamiltonian__L32__lr0.01__bs32__seed3,results/runs/pendigits_ablation_singular-spectrum-only/pendigits__dyn__block-hamiltonian__L32__lr0.01__bs32__seed3_seed3,pendigits,dyn,block-hamiltonian,32,3,0.01,32,2000,True,plus,True,False,2.0355813006389654,0.296,2.110604243944553,0.2850200114351058,0.3253333333333333,468.00000000000006,,176.28050112724304,,1472,4,16,6e3df8c2ae7503394992a62eaa877ace7721f2bc,False
complete,pendigits,pendigits__dyn__block-hamiltonian__L32__lr0.01__bs32__seed4,results/runs/pendigits_ablation_singular-spectrum-only/pendigits__dyn__block-hamiltonian__L32__lr0.01__bs32__seed4_seed4,pendigits,dyn,block-hamiltonian,32,4,0.01,32,2000,True,plus,True,False,2.5976603813548977,0.14133333333333334,2.6628821382351386,0.1432246998284734,0.3293333333333333,477.40000000000003,,177.3665633201599,,1472,4,16,6e3df8c2ae7503394992a62eaa877ace7721f2bc,False
complete,pendigits,pendigits__dyn__block-hamiltonian__L32__lr0.01__bs32__seed5,results/runs/pendigits_ablation_singular-spectrum-only/pendigits__dyn__block-hamiltonian__L32__lr0.01__bs32__seed5_seed5,pendigits,dyn,block-hamiltonian,32,5,0.01,32,2000,True,plus,True,False,1.987776282343094,0.2773333333333333,2.07544644363677,0.28101772441395084,0.336,452.33333333333337,,179.0363531112671,,1472,4,16,6e3df8c2ae7503394992a62eaa877ace7721f2bc,False
complete,pendigits,pendigits__dyn__block-hamiltonian__L32__lr0.01__bs32__seed6,results/runs/pendigits_ablation_singular-spectrum-only/pendigits__dyn__block-hamiltonian__L32__lr0.01__bs32__seed6_seed6,pendigits,dyn,block-hamiltonian,32,6,0.01,32,2000,True,plus,True,False,1.8905266034663615,0.30133333333333334,1.9916310938894415,0.2835906232132647,0.30133333333333334,427.0666666666666,,177.0665328502655,,1472,4,16,6e3df8c2ae7503394992a62eaa877ace7721f2bc,False
complete,pendigits,pendigits__dyn__block-hamiltonian__L32__lr0.01__bs32__seed7,results/runs/pendigits_ablation_singular-spectrum-only/pendigits__dyn__block-hamiltonian__L32__lr0.01__bs32__seed7_seed7,pendigits,dyn,block-hamiltonian,32,7,0.01,32,2000,True,plus,True,False,2.1140056962995266,0.256,2.151630151670965,0.23699256718124642,0.3453333333333333,463.0000000000001,,175.10974621772766,,1472,4,16,6e3df8c2ae7503394992a62eaa877ace7721f2bc,False
complete,pendigits,pendigits__dyn__block-hamiltonian__L32__lr0.01__bs32__seed8,results/runs/pendigits_ablation_singular-spectrum-only/pendigits__dyn__block-hamiltonian__L32__lr0.01__bs32__seed8_seed8,pendigits,dyn,block-hamiltonian,32,8,0.01,32,2000,True,plus,True,False,1.9105842383704486,0.3466666666666667,1.9530179529127407,0.33361921097770153,0.3466666666666667,420.3333333333333,,176.61428689956665,,1472,4,16,6e3df8c2ae7503394992a62eaa877ace7721f2bc,False
complete,pendigits,pendigits__dyn__block-hamiltonian__L32__lr0.01__bs32__seed9,results/runs/pendigits_ablation_singular-spectrum-only/pendigits__dyn__block-hamiltonian__L32__lr0.01__bs32__seed9_seed9,pendigits,dyn,block-hamiltonian,32,9,0.01,32,2000,True,plus,True,False,2.4769873533506375,0.18266666666666667,2.5347210504468327,0.15494568324757005,0.31866666666666665,411.6000000000001,,174.4074206352234,,1472,4,16,6e3df8c2ae7503394992a62eaa877ace7721f2bc,False
complete,pendigits,pendigits__dyn__block-hamiltonian__L4__lr0.01__bs32__seed0,results/runs/pendigits_ablation_singular-spectrum-only/pendigits__dyn__block-hamiltonian__L4__lr0.01__bs32__seed0_seed0,pendigits,dyn,block-hamiltonian,4,0,0.01,32,2000,True,plus,True,False,1.6715543699551125,0.36133333333333334,1.7733876978348961,0.346483704974271,0.37866666666666665,603.4666666666667,,33.09147071838379,,184,4,16,6e3df8c2ae7503394992a62eaa877ace7721f2bc,False
complete,pendigits,pendigits__dyn__block-hamiltonian__L4__lr0.01__bs32__seed10,results/runs/pendigits_ablation_singular-spectrum-only/pendigits__dyn__block-hamiltonian__L4__lr0.01__bs32__seed10_seed10,pendigits,dyn,block-hamiltonian,4,10,0.01,32,2000,True,plus,True,False,1.793839674082373,0.33066666666666666,1.872130414391393,0.33647798742138363,0.384,615.1333333333333,,34.38240098953247,,184,4,16,6e3df8c2ae7503394992a62eaa877ace7721f2bc,False
complete,pendigits,pendigits__dyn__block-hamiltonian__L4__lr0.01__bs32__seed11,results/runs/pendigits_ablation_singular-spectrum-only/pendigits__dyn__block-hamiltonian__L4__lr0.01__bs32__seed11_seed11,pendigits,dyn,block-hamiltonian,4,11,0.01,32,2000,True,plus,True,False,1.746497968084305,0.36666666666666664,1.8183908831124806,0.3373356203544883,0.38666666666666666,611.4,,34.79570174217224,,184,4,16,6e3df8c2ae7503394992a62eaa877ace7721f2bc,False
complete,pendigits,pendigits__dyn__block-hamiltonian__L4__lr0.01__bs32__seed12,results/runs/pendigits_ablation_singular-spectrum-only/pendigits__dyn__block-hamiltonian__L4__lr0.01__bs32__seed12_seed12,pendigits,dyn,block-hamiltonian,4,12,0.01,32,2000,True,plus,True,False,1.7416394014350463,0.33066666666666666,1.8431186527726946,0.31475128644939965,0.33466666666666667,595.0000000000001,,35.22978329658508,,184,4,16,6e3df8c2ae7503394992a62eaa877ace7721f2bc,False
complete,pendigits,pendigits__dyn__block-hamiltonian__L4__lr0.01__bs32__seed13,results/runs/pendigits_ablation_singular-spectrum-only/pendigits__dyn__block-hamiltonian__L4__lr0.01__bs32__seed13_seed13,pendigits,dyn,block-hamiltonian,4,13,0.01,32,2000,True,plus,True,False,1.7907098795278156,0.312,1.8753218258261712,0.30331618067467125,0.364,608.9333333333332,,32.15365743637085,,184,4,16,6e3df8c2ae7503394992a62eaa877ace7721f2bc,False
complete,pendigits,pendigits__dyn__block-hamiltonian__L4__lr0.01__bs32__seed14,results/runs/pendigits_ablation_singular-spectrum-only/pendigits__dyn__block-hamiltonian__L4__lr0.01__bs32__seed14_seed14,pendigits,dyn,block-hamiltonian,4,14,0.01,32,2000,True,plus,True,False,1.7029397384893243,0.33466666666666667,1.8006833367061619,0.3190394511149228,0.38533333333333336,557.6666666666665,,33.93754267692566,,184,4,16,6e3df8c2ae7503394992a62eaa877ace7721f2bc,False
complete,pendigits,pendigits__dyn__block-hamiltonian__L4__lr0.01__bs32__seed15,results/runs/pendigits_ablation_singular-spectrum-only/pendigits__dyn__block-hamiltonian__L4__lr0.01__bs32__seed15_seed15,pendigits,dyn,block-hamiltonian,4,15,0.01,32,2000,True,plus,True,False,1.7509276907999847,0.33066666666666666,1.8497446769809915,0.3379073756432247,0.34933333333333333,586.0666666666667,,34.239890813827515,,184,4,16,6e3df8c2ae7503394992a62eaa877ace7721f2bc,False
complete,pendigits,pendigits__dyn__block-hamiltonian__L4__lr0.01__bs32__seed16,results/runs/pendigits_ablation_singular-spectrum-only/pendigits__dyn__block-hamiltonian__L4__lr0.01__bs32__seed16_seed16,pendigits,dyn,block-hamiltonian,4,16,0.01,32,2000,True,plus,True,False,1.7538501136767999,0.34,1.8601842679248526,0.34505431675243,0.37466666666666665,607.5333333333333,,32.19461965560913,,184,4,16,6e3df8c2ae7503394992a62eaa877ace7721f2bc,False
complete,pendigits,pendigits__dyn__block-hamiltonian__L4__lr0.01__bs32__seed17,results/runs/pendigits_ablation_singular-spectrum-only/pendigits__dyn__block-hamiltonian__L4__lr0.01__bs32__seed17_seed17,pendigits,dyn,block-hamiltonian,4,17,0.01,32,2000,True,plus,True,False,1.73538003446591,0.324,1.8322760612960556,0.3184676958261864,0.36133333333333334,574.5999999999999,,33.6239652633667,,184,4,16,6e3df8c2ae7503394992a62eaa877ace7721f2bc,False
complete,pendigits,pendigits__dyn__block-hamiltonian__L4__lr0.01__bs32__seed18,results/runs/pendigits_ablation_singular-spectrum-only/pendigits__dyn__block-hamiltonian__L4__lr0.01__bs32__seed18_seed18,pendigits,dyn,block-hamiltonian,4,18,0.01,32,2000,True,plus,True,False,1.708351712124606,0.3546666666666667,1.8152677767318335,0.33704974271012006,0.38533333333333336,602.0666666666667,,32.66127252578735,,184,4,16,6e3df8c2ae7503394992a62eaa877ace7721f2bc,False
complete,pendigits,pendigits__dyn__block-hamiltonian__L4__lr0.01__bs32__seed19,results/runs/pendigits_ablation_singular-spectrum-only/pendigits__dyn__block-hamiltonian__L4__lr0.01__bs32__seed19_seed19,pendigits,dyn,block-hamiltonian,4,19,0.01,32,2000,True,plus,True,False,1.7342639622032665,0.3333333333333333,1.8445151183142388,0.2875929102344197,0.352,583.1999999999999,,34.25765943527222,,184,4,16,6e3df8c2ae7503394992a62eaa877ace7721f2bc,False
complete,pendigits,pendigits__dyn__block-hamiltonian__L4__lr0.01__bs32__seed1,results/runs/pendigits_ablation_singular-spectrum-only/pendigits__dyn__block-hamiltonian__L4__lr0.01__bs32__seed1_seed1,pendigits,dyn,block-hamiltonian,4,1,0.01,32,2000,True,plus,True,False,1.735108257270371,0.35333333333333333,1.8349098893084856,0.32504288164665524,0.38266666666666665,607.8666666666668,,33.56641626358032,,184,4,16,6e3df8c2ae7503394992a62eaa877ace7721f2bc,False
complete,pendigits,pendigits__dyn__block-hamiltonian__L4__lr0.01__bs32__seed2,results/runs/pendigits_ablation_singular-spectrum-only/pendigits__dyn__block-hamiltonian__L4__lr0.01__bs32__seed2_seed2,pendigits,dyn,block-hamiltonian,4,2,0.01,32,2000,True,plus,True,False,1.9121488637440864,0.29333333333333333,1.9704073236131316,0.30617495711835335,0.364,609.3333333333333,,33.706581354141235,,184,4,16,6e3df8c2ae7503394992a62eaa877ace7721f2bc,False
complete,pendigits,pendigits__dyn__block-hamiltonian__L4__lr0.01__bs32__seed3,results/runs/pendigits_ablation_singular-spectrum-only/pendigits__dyn__block-hamiltonian__L4__lr0.01__bs32__seed3_seed3,pendigits,dyn,block-hamiltonian,4,3,0.01,32,2000,True,plus,True,False,1.6924995235946414,0.30533333333333335,1.7769400076177786,0.31189251000571755,0.37333333333333335,562.8666666666667,,33.55523228645325,,184,4,16,6e3df8c2ae7503394992a62eaa877ace7721f2bc,False
complete,pendigits,pendigits__dyn__block-hamiltonian__L4__lr0.01__bs32__seed4,results/runs/pendigits_ablation_singular-spectrum-only/pendigits__dyn__block-hamiltonian__L4__lr0.01__bs32__seed4_seed4,pendigits,dyn,block-hamiltonian,4,4,0.01,32,2000,True,plus,True,False,1.7353377640090633,0.344,1.8123621640320702,0.31446540880503143,0.372,598.0666666666666,,33.412484645843506,,184,4,16,6e3df8c2ae7503394992a62eaa877ace7721f2bc,False
complete,pendigits,pendigits__dyn__block-hamiltonian__L4__lr0.01__bs32__seed5,results/runs/pendigits_ablation_singular-spectrum-only/pendigits__dyn__block-hamiltonian__L4__lr0.01__bs32__seed5_seed5,pendigits,dyn,block-hamiltonian,4,5,0.01,32,2000,True,plus,True,False,1.8830398240989585,0.2613333333333333,1.9473224451734117,0.2532875929102344,0.36,540.8,,34.092499017715454,,184,4,16,6e3df8c2ae7503394992a62eaa877ace7721f2bc,False
complete,pendigits,pendigits__dyn__block-hamiltonian__L4__lr0.01__bs32__seed6,results/runs/pendigits_ablation_singular-spectrum-only/pendigits__dyn__block-hamiltonian__L4__lr0.01__bs32__seed6_seed6,pendigits,dyn,block-hamiltonian,4,6,0.01,32,2000,True,plus,True,False,1.7471945121820065,0.3253333333333333,1.866817934106903,0.30160091480846196,0.3466666666666667,581.0,,34.7163827419281,,184,4,16,6e3df8c2ae7503394992a62eaa877ace7721f2bc,False
complete,pendigits,pendigits__dyn__block-hamiltonian__L4__lr0.01__bs32__seed7,results/runs/pendigits_ablation_singular-spectrum-only/pendigits__dyn__block-hamiltonian__L4__lr0.01__bs32__seed7_seed7,pendigits,dyn,block-hamiltonian,4,7,0.01,32,2000,True,plus,True,False,1.7550280428709921,0.2866666666666667,1.8201930076527084,0.28244711263579186,0.36533333333333334,597.4666666666667,,35.906744718551636,,184,4,16,6e3df8c2ae7503394992a62eaa877ace7721f2bc,False
complete,pendigits,pendigits__dyn__block-hamiltonian__L4__lr0.01__bs32__seed8,results/runs/pendigits_ablation_singular-spectrum-only/pendigits__dyn__block-hamiltonian__L4__lr0.01__bs32__seed8_seed8,pendigits,dyn,block-hamiltonian,4,8,0.01,32,2000,True,plus,True,False,1.6649410749275446,0.35733333333333334,1.7886995801558148,0.3496283590623213,0.39066666666666666,627.5333333333333,,34.31039810180664,,184,4,16,6e3df8c2ae7503394992a62eaa877ace7721f2bc,False
complete,pendigits,pendigits__dyn__block-hamiltonian__L4__lr0.01__bs32__seed9,results/runs/pendigits_ablation_singular-spectrum-only/pendigits__dyn__block-hamiltonian__L4__lr0.01__bs32__seed9_seed9,pendigits,dyn,block-hamiltonian,4,9,0.01,32,2000,True,plus,True,False,1.7151471158217952,0.31466666666666665,1.8268445398573971,0.30160091480846196,0.3626666666666667,596.7333333333333,,33.540634632110596,,184,4,16,6e3df8c2ae7503394992a62eaa877ace7721f2bc,False
complete,pendigits,pendigits__dyn__block-hamiltonian__L8__lr0.01__bs32__seed0,results/runs/pendigits_ablation_singular-spectrum-only/pendigits__dyn__block-hamiltonian__L8__lr0.01__bs32__seed0_seed0,pendigits,dyn,block-hamiltonian,8,0,0.01,32,2000,True,plus,True,False,1.8276507418824985,0.29733333333333334,1.9204146555795862,0.2938822184105203,0.36933333333333335,551.1333333333334,,54.18469524383545,,368,4,16,6e3df8c2ae7503394992a62eaa877ace7721f2bc,False
complete,pendigits,pendigits__dyn__block-hamiltonian__L8__lr0.01__bs32__seed10,results/runs/pendigits_ablation_singular-spectrum-only/pendigits__dyn__block-hamiltonian__L8__lr0.01__bs32__seed10_seed10,pendigits,dyn,block-hamiltonian,8,10,0.01,32,2000,True,plus,True,False,1.7768684940017048,0.33066666666666666,1.8766066147358524,0.3101772441395083,0.35733333333333334,594.9999999999999,,52.99080848693848,,368,4,16,6e3df8c2ae7503394992a62eaa877ace7721f2bc,False
complete,pendigits,pendigits__dyn__block-hamiltonian__L8__lr0.01__bs32__seed11,results/runs/pendigits_ablation_singular-spectrum-only/pendigits__dyn__block-hamiltonian__L8__lr0.01__bs32__seed11_seed11,pendigits,dyn,block-hamiltonian,8,11,0.01,32,2000,True,plus,True,False,2.067257521548584,0.228,2.0891575203305557,0.2141223556317896,0.38133333333333336,585.8666666666667,,54.33915066719055,,368,4,16,6e3df8c2ae7503394992a62eaa877ace7721f2bc,False
complete,pendigits,pendigits__dyn__block-hamiltonian__L8__lr0.01__bs32__seed12,results/runs/pendigits_ablation_singular-spectrum-only/pendigits__dyn__block-hamiltonian__L8__lr0.01__bs32__seed12_seed12,pendigits,dyn,block-hamiltonian,8,12,0.01,32,2000,True,plus,True,False,1.7419989393730204,0.3413333333333333,1.838464853543445,0.3181818181818182,0.37733333333333335,581.0,,53.64757585525513,,368,4,16,6e3df8c2ae7503394992a62eaa877ace7721f2bc,False
complete,pendigits,pendigits__dyn__block-hamiltonian__L8__lr0.01__bs32__seed13,results/runs/pendigits_ablation_singular-spectrum-only/pendigits__dyn__block-hamiltonian__L8__lr0.01__bs32__seed13_seed13,pendigits,dyn,block-hamiltonian,8,13,0.01,32,2000,True,plus,True,False,1.7478308301600551,0.324,1.8112455695438212,0.3156089193825043,0.4066666666666667,602.5333333333333,,52.09021329879761,,368,4,16,6e3df8c2ae7503394992a62eaa877ace7721f2bc,False
complete,pendigits,pendigits__dyn__block-hamiltonian__L8__lr0.01__bs32__seed14,results/runs/pendigits_ablation_singular-spectrum-only/pendigits__dyn__block-hamiltonian__L8__lr0.01__bs32__seed14_seed14,pendigits,dyn,block-hamiltonian,8,14,0.01,32,2000,True,plus,True,False,1.7848350137016733,0.31333333333333335,1.8513176525852468,0.28730703259005147,0.37066666666666664,545.9333333333333,,50.5048406124115,,368,4,16,6e3df8c2ae7503394992a62eaa877ace7721f2bc,False
complete,pendigits,pendigits__dyn__block-hamiltonian__L8__lr0.01__bs32__seed15,results/runs/pendigits_ablation_singular-spectrum-only/pendigits__dyn__block-hamiltonian__L8__lr0.01__bs32__seed15_seed15,pendigits,dyn,block-hamiltonian,8,15,0.01,32,2000,True,plus,True,False,1.7572270949525894,0.3546666666666667,1.8661095123415168,0.3353344768439108,0.37066666666666664,575.6,,54.01965951919556,,368,4,16,6e3df8c2ae7503394992a62eaa877ace7721f2bc,False
complete,pendigits,pendigits__dyn__block-hamiltonian__L8__lr0.01__bs32__seed16,results/runs/pendigits_ablation_singular-spectrum-only/pendigits__dyn__block-hamiltonian__L8__lr0.01__bs32__seed16_seed16,pendigits,dyn,block-hamiltonian,8,16,0.01,32,2000,True,plus,True,False,1.7782334616260935,0.31733333333333336,1.8904632990735102,0.29588336192109777,0.372,566.5999999999999,,53.54974150657654,,368,4,16,6e3df8c2ae7503394992a62eaa877ace7721f2bc,False
complete,pendigits,pendigits__dyn__block-hamiltonian__L8__lr0.01__bs32__seed17,results/runs/pendigits_ablation_singular-spectrum-only/pendigits__dyn__block-hamiltonian__L8__lr0.01__bs32__seed17_seed17,pendigits,dyn,block-hamiltonian,8,17,0.01,32,2000,True,plus,True,False,1.8758585473300493,0.27466666666666667,1.9498252608533129,0.2687249857061178,0.36933333333333335,614.9333333333335,,53.64760780334473,,368,4,16,6e3df8c2ae7503394992a62eaa877ace7721f2bc,False
complete,pendigits,pendigits__dyn__block-hamiltonian__L8__lr0.01__bs32__seed18,results/runs/pendigits_ablation_singular-spectrum-only/pendigits__dyn__block-hamiltonian__L8__lr0.01__bs32__seed18_seed18,pendigits,dyn,block-hamiltonian,8,18,0.01,32,2000,True,plus,True,False,1.6993760227217631,0.3373333333333333,1.8160913601421451,0.3479130931961121,0.4026666666666667,575.8,,52.9071569442749,,368,4,16,6e3df8c2ae7503394992a62eaa877ace7721f2bc,False
complete,pendigits,pendigits__dyn__block-hamiltonian__L8__lr0.01__bs32__seed19,results/runs/pendigits_ablation_singular-spectrum-only/pendigits__dyn__block-hamiltonian__L8__lr0.01__bs32__seed19_seed19,pendigits,dyn,block-hamiltonian,8,19,0.01,32,2000,True,plus,True,False,1.7001615523427953,0.368,1.7941256485200723,0.3439108061749571,0.372,590.0,,54.187662839889526,,368,4,16,6e3df8c2ae7503394992a62eaa877ace7721f2bc,False
complete,pendigits,pendigits__dyn__block-hamiltonian__L8__lr0.01__bs32__seed1,results/runs/pendigits_ablation_singular-spectrum-only/pendigits__dyn__block-hamiltonian__L8__lr0.01__bs32__seed1_seed1,pendigits,dyn,block-hamiltonian,8,1,0.01,32,2000,True,plus,True,False,1.8595078300600425,0.304,1.9381478890387986,0.28530588907947396,0.36533333333333334,566.2666666666665,,51.51130676269531,,368,4,16,6e3df8c2ae7503394992a62eaa877ace7721f2bc,False
complete,pendigits,pendigits__dyn__block-hamiltonian__L8__lr0.01__bs32__seed2,results/runs/pendigits_ablation_singular-spectrum-only/pendigits__dyn__block-hamiltonian__L8__lr0.01__bs32__seed2_seed2,pendigits,dyn,block-hamiltonian,8,2,0.01,32,2000,True,plus,True,False,1.74310147511883,0.36533333333333334,1.8387200937914765,0.3687821612349914,0.38133333333333336,619.0,,55.202354431152344,,368,4,16,6e3df8c2ae7503394992a62eaa877ace7721f2bc,False
complete,pendigits,pendigits__dyn__block-hamiltonian__L8__lr0.01__bs32__seed3,results/runs/pendigits_ablation_singular-spectrum-only/pendigits__dyn__block-hamiltonian__L8__lr0.01__bs32__seed3_seed3,pendigits,dyn,block-hamiltonian,8,3,0.01,32,2000,True,plus,True,False,1.6616696781521936,0.37733333333333335,1.7664537836001248,0.361349342481418,0.37733333333333335,604.8000000000001,,55.31111717224121,,368,4,16,6e3df8c2ae7503394992a62eaa877ace7721f2bc,False
complete,pendigits,pendigits__dyn__block-hamiltonian__L8__lr0.01__bs32__seed4,results/runs/pendigits_ablation_singular-spectrum-only/pendigits__dyn__block-hamiltonian__L8__lr0.01__bs32__seed4_seed4,pendigits,dyn,block-hamiltonian,8,4,0.01,32,2000,True,plus,True,False,1.71984900153734,0.3426666666666667,1.8099505175937172,0.3516295025728988,0.3893333333333333,598.9999999999999,,51.766030073165894,,368,4,16,6e3df8c2ae7503394992a62eaa877ace7721f2bc,False
complete,pendigits,pendigits__dyn__block-hamiltonian__L8__lr0.01__bs32__seed5,results/runs/pendigits_ablation_singular-spectrum-only/pendigits__dyn__block-hamiltonian__L8__lr0.01__bs32__seed5_seed5,pendigits,dyn,block-hamiltonian,8,5,0.01,32,2000,True,plus,True,False,1.7324405971204058,0.38533333333333336,1.8810050495247286,0.35048599199542596,0.38533333333333336,556.8666666666668,,53.05188989639282,,368,4,16,6e3df8c2ae7503394992a62eaa877ace7721f2bc,False
complete,pendigits,pendigits__dyn__block-hamiltonian__L8__lr0.01__bs32__seed6,results/runs/pendigits_ablation_singular-spectrum-only/pendigits__dyn__block-hamiltonian__L8__lr0.01__bs32__seed6_seed6,pendigits,dyn,block-hamiltonian,8,6,0.01,32,2000,True,plus,True,False,1.78950005801486,0.31066666666666665,1.8604861651237543,0.29874213836477986,0.364,599.7333333333332,,52.83481287956238,,368,4,16,6e3df8c2ae7503394992a62eaa877ace7721f2bc,False
complete,pendigits,pendigits__dyn__block-hamiltonian__L8__lr0.01__bs32__seed7,results/runs/pendigits_ablation_singular-spectrum-only/pendigits__dyn__block-hamiltonian__L8__lr0.01__bs32__seed7_seed7,pendigits,dyn,block-hamiltonian,8,7,0.01,32,2000,True,plus,True,False,1.9070047354877413,0.2986666666666667,1.9680405104047904,0.2638650657518582,0.3586666666666667,550.9333333333333,,52.38044190406799,,368,4,16,6e3df8c2ae7503394992a62eaa877ace7721f2bc,False
complete,pendigits,pendigits__dyn__block-hamiltonian__L8__lr0.01__bs32__seed8,results/runs/pendigits_ablation_singular-spectrum-only/pendigits__dyn__block-hamiltonian__L8__lr0.01__bs32__seed8_seed8,pendigits,dyn,block-hamiltonian,8,8,0.01,32,2000,True,plus,True,False,2.310422503596878,0.16933333333333334,2.3917791638543133,0.1320754716981132,0.356,556.3999999999999,,54.07206416130066,,368,4,16,6e3df8c2ae7503394992a62eaa877ace7721f2bc,False
complete,pendigits,pendigits__dyn__block-hamiltonian__L8__lr0.01__bs32__seed9,results/runs/pendigits_ablation_singular-spectrum-only/pendigits__dyn__block-hamiltonian__L8__lr0.01__bs32__seed9_seed9,pendigits,dyn,block-hamiltonian,8,9,0.01,32,2000,True,plus,True,False,1.8134865589045248,0.31466666666666665,1.9221412079607894,0.3053173241852487,0.3546666666666667,562.2,,54.02029609680176,,368,4,16,6e3df8c2ae7503394992a62eaa877ace7721f2bc,False
complete,pendigits,pendigits__sta4__block-hamiltonian__L16__lr0.01__bs32__seed0,results/runs/pendigits_ablation_singular-spectrum-only/pendigits__sta4__block-hamiltonian__L16__lr0.01__bs32__seed0_seed0,pendigits,sta4,block-hamiltonian,16,0,0.01,32,2000,True,plus,True,False,2.2658328881412135,0.22533333333333333,2.223784120486179,0.24271012006861065,0.2733333333333333,371.8,,94.64680624008179,,736,4,16,6e3df8c2ae7503394992a62eaa877ace7721f2bc,False
complete,pendigits,pendigits__sta4__block-hamiltonian__L16__lr0.01__bs32__seed10,results/runs/pendigits_ablation_singular-spectrum-only/pendigits__sta4__block-hamiltonian__L16__lr0.01__bs32__seed10_seed10,pendigits,sta4,block-hamiltonian,16,10,0.01,32,2000,True,plus,True,False,2.6429275242116086,0.12,2.701250586841965,0.1126357918810749,0.25733333333333336,369.26666666666677,,94.27862811088562,,736,4,16,6e3df8c2ae7503394992a62eaa877ace7721f2bc,False
complete,pendigits,pendigits__sta4__block-hamiltonian__L16__lr0.01__bs32__seed11,results/runs/pendigits_ablation_singular-spectrum-only/pendigits__sta4__block-hamiltonian__L16__lr0.01__bs32__seed11_seed11,pendigits,sta4,block-hamiltonian,16,11,0.01,32,2000,True,plus,True,False,2.2385240028816336,0.208,2.233028338204819,0.1949685534591195,0.272,360.6,,96.32740330696106,,736,4,16,6e3df8c2ae7503394992a62eaa877ace7721f2bc,False
complete,pendigits,pendigits__sta4__block-hamiltonian__L16__lr0.01__bs32__seed12,results/runs/pendigits_ablation_singular-spectrum-only/pendigits__sta4__block-hamiltonian__L16__lr0.01__bs32__seed12_seed12,pendigits,sta4,block-hamiltonian,16,12,0.01,32,2000,True,plus,True,False,2.133779046857344,0.244,2.1556598512231457,0.24128073184676957,0.26266666666666666,351.26666666666665,,94.28569674491882,,736,4,16,6e3df8c2ae7503394992a62eaa877ace7721f2bc,False
complete,pendigits,pendigits__sta4__block-hamiltonian__L16__lr0.01__bs32__seed13,results/runs/pendigits_ablation_singular-spectrum-only/pendigits__sta4__block-hamiltonian__L16__lr0.01__bs32__seed13_seed13,pendigits,sta4,block-hamiltonian,16,13,0.01,32,2000,True,plus,True,False,2.243554164222921,0.192,2.2516771356120633,0.20154373927958832,0.248,377.0,,94.04676961898804,,736,4,16,6e3df8c2ae7503394992a62eaa877ace7721f2bc,False
complete,pendigits,pendigits__sta4__block-hamiltonian__L16__lr0.01__bs32__seed14,results/runs/pendigits_ablation_singular-spectrum-only/pendigits__sta4__block-hamiltonian__L16__lr0.01__bs32__seed14_seed14,pendigits,sta4,block-hamiltonian,16,14,0.01,32,2000,True,plus,True,False,2.2022220453872094,0.20533333333333334,2.2428522032046785,0.1946826758147513,0.256,378.26666666666665,,93.63484525680542,,736,4,16,6e3df8c2ae7503394992a62eaa877ace7721f2bc,False
complete,pendigits,pendigits__sta4__block-hamiltonian__L16__lr0.01__bs32__seed15,results/runs/pendigits_ablation_singular-spectrum-only/pendigits__sta4__block-hamiltonian__L16__lr0.01__bs32__seed15_seed15,pendigits,sta4,block-hamiltonian,16,15,0.01,32,2000,True,plus,True,False,2.299378773270799,0.144,2.295394777643554,0.15008576329331047,0.26666666666666666,383.6,,94.00332450866699,,736,4,16,6e3df8c2ae7503394992a62eaa877ace7721f2bc,False
complete,pendigits,pendigits__sta4__block-hamiltonian__L16__lr0.01__bs32__seed16,results/runs/pendigits_ablation_singular-spectrum-only/pendigits__sta4__block-hamiltonian__L16__lr0.01__bs32__seed16_seed16,pendigits,sta4,block-hamiltonian,16,16,0.01,32,2000,True,plus,True,False,2.2520983895229807,0.196,2.228223094342603,0.19068038879359633,0.25066666666666665,370.33333333333326,,95.21366429328918,,736,4,16,6e3df8c2ae7503394992a62eaa877ace7721f2bc,False
complete,pendigits,pendigits__sta4__block-hamiltonian__L16__lr0.01__bs32__seed17,results/runs/pendigits_ablation_singular-spectrum-only/pendigits__sta4__block-hamiltonian__L16__lr0.01__bs32__seed17_seed17,pendigits,sta4,block-hamiltonian,16,17,0.01,32,2000,True,plus,True,False,2.1585172338529564,0.276,2.179568872961391,0.2555746140651801,0.276,305.33333333333337,,95.15779185295105,,736,4,16,6e3df8c2ae7503394992a62eaa877ace7721f2bc,False
complete,pendigits,pendigits__sta4__block-hamiltonian__L16__lr0.01__bs32__seed18,results/runs/pendigits_ablation_singular-spectrum-only/pendigits__sta4__block-hamiltonian__L16__lr0.01__bs32__seed18_seed18,pendigits,sta4,block-hamiltonian,16,18,0.01,32,2000,True,plus,True,False,2.1591489396571917,0.23466666666666666,2.1591247068750525,0.2278444825614637,0.248,371.6666666666667,,95.25577020645142,,736,4,16,6e3df8c2ae7503394992a62eaa877ace7721f2bc,False
complete,pendigits,pendigits__sta4__block-hamiltonian__L16__lr0.01__bs32__seed19,results/runs/pendigits_ablation_singular-spectrum-only/pendigits__sta4__block-hamiltonian__L16__lr0.01__bs32__seed19_seed19,pendigits,sta4,block-hamiltonian,16,19,0.01,32,2000,True,plus,True,False,2.163248424385882,0.23333333333333334,2.1708163399205587,0.2224128073184677,0.25866666666666666,357.2666666666666,,94.5706102848053,,736,4,16,6e3df8c2ae7503394992a62eaa877ace7721f2bc,False
complete,pendigits,pendigits__sta4__block-hamiltonian__L16__lr0.01__bs32__seed1,results/runs/pendigits_ablation_singular-spectrum-only/pendigits__sta4__block-hamiltonian__L16__lr0.01__bs32__seed1_seed1,pendigits,sta4,block-hamiltonian,16,1,0.01,32,2000,True,plus,True,False,2.2213612040327786,0.24666666666666667,2.2083248770640114,0.20811892510005717,0.2733333333333333,386.26666666666665,,95.74112725257874,,736,4,16,6e3df8c2ae7503394992a62eaa877ace7721f2bc,False
complete,pendigits,pendigits__sta4__block-hamiltonian__L16__lr0.01__bs32__seed2,results/runs/pendigits_ablation_singular-spectrum-only/pendigits__sta4__block-hamiltonian__L16__lr0.01__bs32__seed2_seed2,pendigits,sta4,block-hamiltonian,16,2,0.01,32,2000,True,plus,True,False,2.252958791011343,0.22,2.287816728782834,0.20811892510005717,0.244,353.3333333333333,,96.16991448402405,,736,4,16,6e3df8c2ae7503394992a62eaa877ace7721f2bc,False
complete,pendigits,pendigits__sta4__block-hamiltonian__L16__lr0.01__bs32__seed3,results/runs/pendigits_ablation_singular-spectrum-only/pendigits__sta4__block-hamiltonian__L16__lr0.01__bs32__seed3_seed3,pendigits,sta4,block-hamiltonian,16,3,0.01,32,2000,True,plus,True,False,2.1640002625193033,0.20133333333333334,2.150853141156413,0.2109777015437393,0.248,370.9333333333334,,96.1253547668457,,736,4,16,6e3df8c2ae7503394992a62eaa877ace7721f2bc,False
complete,pendigits,pendigits__sta4__block-hamiltonian__L16__lr0.01__bs32__seed4,results/runs/pendigits_ablation_singular-spectrum-only/pendigits__sta4__block-hamiltonian__L16__lr0.01__bs32__seed4_seed4,pendigits,sta4,block-hamiltonian,16,4,0.01,32,2000,True,plus,True,False,2.2244370093796393,0.18,2.2380254664098986,0.16923956546598057,0.264,396.73333333333335,,94.42658519744873,,736,4,16,6e3df8c2ae7503394992a62eaa877ace7721f2bc,False
complete,pendigits,pendigits__sta4__block-hamiltonian__L16__lr0.01__bs32__seed5,results/runs/pendigits_ablation_singular-spectrum-only/pendigits__sta4__block-hamiltonian__L16__lr0.01__bs32__seed5_seed5,pendigits,sta4,block-hamiltonian,16,5,0.01,32,2000,True,plus,True,False,2.2068559017745413,0.192,2.2073173453563877,0.19010863350485993,0.244,359.13333333333327,,96.46516394615173,,736,4,16,6e3df8c2ae7503394992a62eaa877ace7721f2bc,False
complete,pendigits,pendigits__sta4__block-hamiltonian__L16__lr0.01__bs32__seed6,results/runs/pendigits_ablation_singular-spectrum-only/pendigits__sta4__block-hamiltonian__L16__lr0.01__bs32__seed6_seed6,pendigits,sta4,block-hamiltonian,16,6,0.01,32,2000,True,plus,True,False,2.194512683735785,0.208,2.166137143581149,0.20954831332189822,0.24266666666666667,370.66666666666674,,94.90125751495361,,736,4,16,6e3df8c2ae7503394992a62eaa877ace7721f2bc,False
complete,pendigits,pendigits__sta4__block-hamiltonian__L16__lr0.01__bs32__seed7,results/runs/pendigits_ablation_singular-spectrum-only/pendigits__sta4__block-hamiltonian__L16__lr0.01__bs32__seed7_seed7,pendigits,sta4,block-hamiltonian,16,7,0.01,32,2000,True,plus,True,False,2.4245673994675156,0.168,2.48538007283475,0.18010291595197256,0.23066666666666666,342.66666666666663,,94.48459315299988,,736,4,16,6e3df8c2ae7503394992a62eaa877ace7721f2bc,False
complete,pendigits,pendigits__sta4__block-hamiltonian__L16__lr0.01__bs32__seed8,results/runs/pendigits_ablation_singular-spectrum-only/pendigits__sta4__block-hamiltonian__L16__lr0.01__bs32__seed8_seed8,pendigits,sta4,block-hamiltonian,16,8,0.01,32,2000,True,plus,True,False,2.307768672996219,0.15066666666666667,2.328191558849021,0.15065751858204687,0.25066666666666665,339.53333333333336,,94.34799909591675,,736,4,16,6e3df8c2ae7503394992a62eaa877ace7721f2bc,False
complete,pendigits,pendigits__sta4__block-hamiltonian__L16__lr0.01__bs32__seed9,results/runs/pendigits_ablation_singular-spectrum-only/pendigits__sta4__block-hamiltonian__L16__lr0.01__bs32__seed9_seed9,pendigits,sta4,block-hamiltonian,16,9,0.01,32,2000,True,plus,True,False,2.406091903693891,0.11066666666666666,2.416201384300238,0.12435677530017153,0.24,337.6666666666667,,93.04486799240112,,736,4,16,6e3df8c2ae7503394992a62eaa877ace7721f2bc,False
complete,pendigits,pendigits__sta4__block-hamiltonian__L1__lr0.01__bs32__seed0,results/runs/pendigits_ablation_singular-spectrum-only/pendigits__sta4__block-hamiltonian__L1__lr0.01__bs32__seed0_seed0,pendigits,sta4,block-hamiltonian,1,0,0.01,32,2000,True,plus,True,False,2.1102866146980404,0.236,2.109665332784543,0.2338479130931961,0.26,413.5333333333333,,19.08682918548584,,46,4,16,6e3df8c2ae7503394992a62eaa877ace7721f2bc,False
complete,pendigits,pendigits__sta4__block-hamiltonian__L1__lr0.01__bs32__seed10,results/runs/pendigits_ablation_singular-spectrum-only/pendigits__sta4__block-hamiltonian__L1__lr0.01__bs32__seed10_seed10,pendigits,sta4,block-hamiltonian,1,10,0.01,32,2000,True,plus,True,False,2.1428378289474614,0.22933333333333333,2.1176143303939114,0.21640937678673527,0.25866666666666666,413.4000000000001,,19.767971992492676,,46,4,16,6e3df8c2ae7503394992a62eaa877ace7721f2bc,False
complete,pendigits,pendigits__sta4__block-hamiltonian__L1__lr0.01__bs32__seed11,results/runs/pendigits_ablation_singular-spectrum-only/pendigits__sta4__block-hamiltonian__L1__lr0.01__bs32__seed11_seed11,pendigits,sta4,block-hamiltonian,1,11,0.01,32,2000,True,plus,True,False,2.121658845225902,0.24,2.0927292198164413,0.2498570611778159,0.272,421.13333333333327,,19.796459913253784,,46,4,16,6e3df8c2ae7503394992a62eaa877ace7721f2bc,False
complete,pendigits,pendigits__sta4__block-hamiltonian__L1__lr0.01__bs32__seed12,results/runs/pendigits_ablation_singular-spectrum-only/pendigits__sta4__block-hamiltonian__L1__lr0.01__bs32__seed12_seed12,pendigits,sta4,block-hamiltonian,1,12,0.01,32,2000,True,plus,True,False,2.1264678241445103,0.22,2.0924849443317552,0.2361349342481418,0.2653333333333333,411.66666666666674,,20.29591131210327,,46,4,16,6e3df8c2ae7503394992a62eaa877ace7721f2bc,False
complete,pendigits,pendigits__sta4__block-hamiltonian__L1__lr0.01__bs32__seed13,results/runs/pendigits_ablation_singular-spectrum-only/pendigits__sta4__block-hamiltonian__L1__lr0.01__bs32__seed13_seed13,pendigits,sta4,block-hamiltonian,1,13,0.01,32,2000,True,plus,True,False,2.10586744963137,0.22666666666666666,2.10102958185432,0.23785020011435107,0.264,412.7333333333333,,18.887507677078247,,46,4,16,6e3df8c2ae7503394992a62eaa877ace7721f2bc,False
complete,pendigits,pendigits__sta4__block-hamiltonian__L1__lr0.01__bs32__seed14,results/runs/pendigits_ablation_singular-spectrum-only/pendigits__sta4__block-hamiltonian__L1__lr0.01__bs32__seed14_seed14,pendigits,sta4,block-hamiltonian,1,14,0.01,32,2000,True,plus,True,False,2.1252549403627374,0.24933333333333332,2.1134180274776746,0.2510005717552887,0.252,410.7333333333333,,20.003451585769653,,46,4,16,6e3df8c2ae7503394992a62eaa877ace7721f2bc,False
complete,pendigits,pendigits__sta4__block-hamiltonian__L1__lr0.01__bs32__seed15,results/runs/pendigits_ablation_singular-spectrum-only/pendigits__sta4__block-hamiltonian__L1__lr0.01__bs32__seed15_seed15,pendigits,sta4,block-hamiltonian,1,15,0.01,32,2000,True,plus,True,False,2.1452923013231304,0.236,2.1290237251801285,0.24556889651229274,0.24533333333333332,412.73333333333335,,19.481708765029907,,46,4,16,6e3df8c2ae7503394992a62eaa877ace7721f2bc,False
complete,pendigits,pendigits__sta4__block-hamiltonian__L1__lr0.01__bs32__seed16,results/runs/pendigits_ablation_singular-spectrum-only/pendigits__sta4__block-hamiltonian__L1__lr0.01__bs32__seed16_seed16,pendigits,sta4,block-hamiltonian,1,16,0.01,32,2000,True,plus,True,False,2.1410303670275272,0.23466666666666666,2.1231187076550184,0.23013150371640936,0.252,417.6,,19.536372900009155,,46,4,16,6e3df8c2ae7503394992a62eaa877ace7721f2bc,False
complete,pendigits,pendigits__sta4__block-hamiltonian__L1__lr0.01__bs32__seed17,results/runs/pendigits_ablation_singular-spectrum-only/pendigits__sta4__block-hamiltonian__L1__lr0.01__bs32__seed17_seed17,pendigits,sta4,block-hamiltonian,1,17,0.01,32,2000,True,plus,True,False,2.1185483113524683,0.22533333333333333,2.120637695951847,0.2361349342481418,0.24266666666666667,392.59999999999997,,20.01773428916931,,46,4,16,6e3df8c2ae7503394992a62eaa877ace7721f2bc,False
complete,pendigits,pendigits__sta4__block-hamiltonian__L1__lr0.01__bs32__seed18,results/runs/pendigits_ablation_singular-spectrum-only/pendigits__sta4__block-hamiltonian__L1__lr0.01__bs32__seed18_seed18,pendigits,sta4,block-hamiltonian,1,18,0.01,32,2000,True,plus,True,False,2.1000292621154615,0.25466666666666665,2.088237810117986,0.2535734705546026,0.264,392.13333333333327,,19.84499740600586,,46,4,16,6e3df8c2ae7503394992a62eaa877ace7721f2bc,False
complete,pendigits,pendigits__sta4__block-hamiltonian__L1__lr0.01__bs32__seed19,results/runs/pendigits_ablation_singular-spectrum-only/pendigits__sta4__block-hamiltonian__L1__lr0.01__bs32__seed19_seed19,pendigits,sta4,block-hamiltonian,1,19,0.01,32,2000,True,plus,True,False,2.130426404713397,0.224,2.129286152539253,0.1949685534591195,0.244,410.0,,19.91929316520691,,46,4,16,6e3df8c2ae7503394992a62eaa877ace7721f2bc,False
complete,pendigits,pendigits__sta4__block-hamiltonian__L1__lr0.01__bs32__seed1,results/runs/pendigits_ablation_singular-spectrum-only/pendigits__sta4__block-hamiltonian__L1__lr0.01__bs32__seed1_seed1,pendigits,sta4,block-hamiltonian,1,1,0.01,32,2000,True,plus,True,False,2.374129873427783,0.10266666666666667,2.3464491652896564,0.0931961120640366,0.25733333333333336,412.99999999999994,,19.900075674057007,,46,4,16,6e3df8c2ae7503394992a62eaa877ace7721f2bc,False
complete,pendigits,pendigits__sta4__block-hamiltonian__L1__lr0.01__bs32__seed2,results/runs/pendigits_ablation_singular-spectrum-only/pendigits__sta4__block-hamiltonian__L1__lr0.01__bs32__seed2_seed2,pendigits,sta4,block-hamiltonian,1,2,0.01,32,2000,True,plus,True,False,2.1099371475367614,0.228,2.0862957146456385,0.2389937106918239,0.252,413.9333333333333,,19.46776294708252,,46,4,16,6e3df8c2ae7503394992a62eaa877ace7721f2bc,False
complete,pendigits,pendigits__sta4__block-hamiltonian__L1__lr0.01__bs32__seed3,results/runs/pendigits_ablation_singular-spectrum-only/pendigits__sta4__block-hamiltonian__L1__lr0.01__bs32__seed3_seed3,pendigits,sta4,block-hamiltonian,1,3,0.01,32,2000,True,plus,True,False,2.121780647641549,0.244,2.1189302905396374,0.225557461406518,0.244,394.0,,19.84682559967041,,46,4,16,6e3df8c2ae7503394992a62eaa877ace7721f2bc,False
complete,pendigits,pendigits__sta4__block-hamiltonian__L1__lr0.01__bs32__seed4,results/runs/pendigits_ablation_singular-spectrum-only/pendigits__sta4__block-hamiltonian__L1__lr0.01__bs32__seed4_seed4,pendigits,sta4,block-hamiltonian,1,4,0.01,32,2000,True,plus,True,False,2.135381794432664,0.21733333333333332,2.1160611901043267,0.21783876500857632,0.268,410.4,,19.96518301963806,,46,4,16,6e3df8c2ae7503394992a62eaa877ace7721f2bc,False
complete,pendigits,pendigits__sta4__block-hamiltonian__L1__lr0.01__bs32__seed5,results/runs/pendigits_ablation_singular-spectrum-only/pendigits__sta4__block-hamiltonian__L1__lr0.01__bs32__seed5_seed5,pendigits,sta4,block-hamiltonian,1,5,0.01,32,2000,True,plus,True,False,2.1752200146731977,0.19333333333333333,2.1528157038151203,0.1926815323041738,0.264,421.9999999999999,,20.02554154396057,,46,4,16,6e3df8c2ae7503394992a62eaa877ace7721f2bc,False
complete,pendigits,pendigits__sta4__block-hamiltonian__L1__lr0.01__bs32__seed6,results/runs/pendigits_ablation_singular-spectrum-only/pendigits__sta4__block-hamiltonian__L1__lr0.01__bs32__seed6_seed6,pendigits,sta4,block-hamiltonian,1,6,0.01,32,2000,True,plus,True,False,2.14407274928331,0.24133333333333334,2.134787623106041,0.22155517438536307,0.24133333333333334,391.06666666666655,,19.50621485710144,,46,4,16,6e3df8c2ae7503394992a62eaa877ace7721f2bc,False
complete,pendigits,pendigits__sta4__block-hamiltonian__L1__lr0.01__bs32__seed7,results/runs/pendigits_ablation_singular-spectrum-only/pendigits__sta4__block-hamiltonian__L1__lr0.01__bs32__seed7_seed7,pendigits,sta4,block-hamiltonian,1,7,0.01,32,2000,True,plus,True,False,2.1030329027759573,0.256,2.0967197013616214,0.24385363064608348,0.2653333333333333,425.80000000000007,,19.78049874305725,,46,4,16,6e3df8c2ae7503394992a62eaa877ace7721f2bc,False
complete,pendigits,pendigits__sta4__block-hamiltonian__L1__lr0.01__bs32__seed8,results/runs/pendigits_ablation_singular-spectrum-only/pendigits__sta4__block-hamiltonian__L1__lr0.01__bs32__seed8_seed8,pendigits,sta4,block-hamiltonian,1,8,0.01,32,2000,True,plus,True,False,2.123178541402684,0.23333333333333334,2.113268975003636,0.2478559176672384,0.24133333333333334,407.8,,19.962666273117065,,46,4,16,6e3df8c2ae7503394992a62eaa877ace7721f2bc,False
complete,pendigits,pendigits__sta4__block-hamiltonian__L1__lr0.01__bs32__seed9,results/runs/pendigits_ablation_singular-spectrum-only/pendigits__sta4__block-hamiltonian__L1__lr0.01__bs32__seed9_seed9,pendigits,sta4,block-hamiltonian,1,9,0.01,32,2000,True,plus,True,False,2.153616154104609,0.22133333333333333,2.135768100774152,0.20125786163522014,0.2613333333333333,395.2,,19.52103352546692,,46,4,16,6e3df8c2ae7503394992a62eaa877ace7721f2bc,False
complete,pendigits,pendigits__sta4__block-hamiltonian__L2__lr0.01__bs32__seed0,results/runs/pendigits_ablation_singular-spectrum-only/pendigits__sta4__block-hamiltonian__L2__lr0.01__bs32__seed0_seed0,pendigits,sta4,block-hamiltonian,2,0,0.01,32,2000,True,plus,True,False,2.068076658477767,0.2613333333333333,2.074322471022194,0.2607204116638079,0.2813333333333333,472.26666666666665,,23.03170919418335,,92,4,16,6e3df8c2ae7503394992a62eaa877ace7721f2bc,False
complete,pendigits,pendigits__sta4__block-hamiltonian__L2__lr0.01__bs32__seed10,results/runs/pendigits_ablation_singular-spectrum-only/pendigits__sta4__block-hamiltonian__L2__lr0.01__bs32__seed10_seed10,pendigits,sta4,block-hamiltonian,2,10,0.01,32,2000,True,plus,True,False,2.0998827751737936,0.24533333333333332,2.0882563532028553,0.23699256718124642,0.296,467.4,,22.86113214492798,,92,4,16,6e3df8c2ae7503394992a62eaa877ace7721f2bc,False
complete,pendigits,pendigits__sta4__block-hamiltonian__L2__lr0.01__bs32__seed11,results/runs/pendigits_ablation_singular-spectrum-only/pendigits__sta4__block-hamiltonian__L2__lr0.01__bs32__seed11_seed11,pendigits,sta4,block-hamiltonian,2,11,0.01,32,2000,True,plus,True,False,2.058395547009543,0.272,2.045762232607549,0.27644368210405945,0.29333333333333333,468.6666666666667,,25.064952611923218,,92,4,16,6e3df8c2ae7503394992a62eaa877ace7721f2bc,False
complete,pendigits,pendigits__sta4__block-hamiltonian__L2__lr0.01__bs32__seed12,results/runs/pendigits_ablation_singular-spectrum-only/pendigits__sta4__block-hamiltonian__L2__lr0.01__bs32__seed12_seed12,pendigits,sta4,block-hamiltonian,2,12,0.01,32,2000,True,plus,True,False,2.087105707355499,0.236,2.08549149264457,0.25614636935391655,0.2866666666666667,447.0666666666667,,22.968196153640747,,92,4,16,6e3df8c2ae7503394992a62eaa877ace7721f2bc,False
complete,pendigits,pendigits__sta4__block-hamiltonian__L2__lr0.01__bs32__seed13,results/runs/pendigits_ablation_singular-spectrum-only/pendigits__sta4__block-hamiltonian__L2__lr0.01__bs32__seed13_seed13,pendigits,sta4,block-hamiltonian,2,13,0.01,32,2000,True,plus,True,False,2.2008947022532572,0.17866666666666667,2.2141278973620215,0.15551743853630645,0.2733333333333333,453.4666666666666,,22.518956899642944,,92,4,16,6e3df8c2ae7503394992a62eaa877ace7721f2bc,False
complete,pendigits,pendigits__sta4__block-hamiltonian__L2__lr0.01__bs32__seed14,results/runs/pendigits_ablation_singular-spectrum-only/pendigits__sta4__block-hamiltonian__L2__lr0.01__bs32__seed14_seed14,pendigits,sta4,block-hamiltonian,2,14,0.01,32,2000,True,plus,True,False,2.0605060372894153,0.2733333333333333,2.0545046646168763,0.2555746140651801,0.2906666666666667,468.2666666666667,,22.33600354194641,,92,4,16,6e3df8c2ae7503394992a62eaa877ace7721f2bc,False
complete,pendigits,pendigits__sta4__block-hamiltonian__L2__lr0.01__bs32__seed15,results/runs/pendigits_ablation_singular-spectrum-only/pendigits__sta4__block-hamiltonian__L2__lr0.01__bs32__seed15_seed15,pendigits,sta4,block-hamiltonian,2,15,0.01,32,2000,True,plus,True,False,2.1075735657461085,0.27066666666666667,2.1096186311776046,0.24213836477987422,0.292,493.46666666666664,,25.756425857543945,,92,4,16,6e3df8c2ae7503394992a62eaa877ace7721f2bc,False
complete,pendigits,pendigits__sta4__block-hamiltonian__L2__lr0.01__bs32__seed16,results/runs/pendigits_ablation_singular-spectrum-only/pendigits__sta4__block-hamiltonian__L2__lr0.01__bs32__seed16_seed16,pendigits,sta4,block-hamiltonian,2,16,0.01,32,2000,True,plus,True,False,2.0609421934598386,0.2906666666666667,2.0486371337883735,0.28673527730131504,0.2906666666666667,465.3333333333333,,22.90045166015625,,92,4,16,6e3df8c2ae7503394992a62eaa877ace7721f2bc,False
complete,pendigits,pendigits__sta4__block-hamiltonian__L2__lr0.01__bs32__seed17,results/runs/pendigits_ablation_singular-spectrum-only/pendigits__sta4__block-hamiltonian__L2__lr0.01__bs32__seed17_seed17,pendigits,sta4,block-hamiltonian,2,17,0.01,32,2000,True,plus,True,False,2.0854891397182342,0.25866666666666666,2.0826016991559833,0.24842767295597484,0.284,464.2,,22.5527560710907,,92,4,16,6e3df8c2ae7503394992a62eaa877ace7721f2bc,False
complete,pendigits,pendigits__sta4__block-hamiltonian__L2__lr0.01__bs32__seed18,results/runs/pendigits_ablation_singular-spectrum-only/pendigits__sta4__block-hamiltonian__L2__lr0.01__bs32__seed18_seed18,pendigits,sta4,block-hamiltonian,2,18,0.01,32,2000,True,plus,True,False,2.0687448208886816,0.2613333333333333,2.0738835718153372,0.21898227558604916,0.2693333333333333,440.6666666666667,,22.82711148262024,,92,4,16,6e3df8c2ae7503394992a62eaa877ace7721f2bc,False
complete,pendigits,pendigits__sta4__block-hamiltonian__L2__lr0.01__bs32__seed19,results/runs/pendigits_ablation_singular-spectrum-only/pendigits__sta4__block-hamiltonian__L2__lr0.01__bs32__seed19_seed19,pendigits,sta4,block-hamiltonian,2,19,0.01,32,2000,True,plus,True,False,2.062237898552377,0.27066666666666667,2.071342067381531,0.25986277873070324,0.29733333333333334,471.6000000000001,,23.77450966835022,,92,4,16,6e3df8c2ae7503394992a62eaa877ace7721f2bc,False
complete,pendigits,pendigits__sta4__block-hamiltonian__L2__lr0.01__bs32__seed1,results/runs/pendigits_ablation_singular-spectrum-only/pendigits__sta4__block-hamiltonian__L2__lr0.01__bs32__seed1_seed1,pendigits,sta4,block-hamiltonian,2,1,0.01,32,2000,True,plus,True,False,2.0586703142421405,0.29333333333333333,2.0486574112939473,0.279874213836478,0.29333333333333333,465.0666666666667,,22.8610098361969,,92,4,16,6e3df8c2ae7503394992a62eaa877ace7721f2bc,False
complete,pendigits,pendigits__sta4__block-hamiltonian__L2__lr0.01__bs32__seed2,results/runs/pendigits_ablation_singular-spectrum-only/pendigits__sta4__block-hamiltonian__L2__lr0.01__bs32__seed2_seed2,pendigits,sta4,block-hamiltonian,2,2,0.01,32,2000,True,plus,True,False,2.0931672252487856,0.25066666666666665,2.0872773195680376,0.23956546598056033,0.2653333333333333,453.5333333333333,,24.478663206100464,,92,4,16,6e3df8c2ae7503394992a62eaa877ace7721f2bc,False
complete,pendigits,pendigits__sta4__block-hamiltonian__L2__lr0.01__bs32__seed3,results/runs/pendigits_ablation_singular-spectrum-only/pendigits__sta4__block-hamiltonian__L2__lr0.01__bs32__seed3_seed3,pendigits,sta4,block-hamiltonian,2,3,0.01,32,2000,True,plus,True,False,2.065042818448818,0.252,2.063090506874817,0.2501429388221841,0.26666666666666666,454.33333333333326,,23.748372554779053,,92,4,16,6e3df8c2ae7503394992a62eaa877ace7721f2bc,False
complete,pendigits,pendigits__sta4__block-hamiltonian__L2__lr0.01__bs32__seed4,results/runs/pendigits_ablation_singular-spectrum-only/pendigits__sta4__block-hamiltonian__L2__lr0.01__bs32__seed4_seed4,pendigits,sta4,block-hamiltonian,2,4,0.01,32,2000,True,plus,True,False,2.0934251314761485,0.23866666666666667,2.0909698963846437,0.22698684962835905,0.27466666666666667,450.13333333333327,,24.06834602355957,,92,4,16,6e3df8c2ae7503394992a62eaa877ace7721f2bc,False
complete,pendigits,pendigits__sta4__block-hamiltonian__L2__lr0.01__bs32__seed5,results/runs/pendigits_ablation_singular-spectrum-only/pendigits__sta4__block-hamiltonian__L2__lr0.01__bs32__seed5_seed5,pendigits,sta4,block-hamiltonian,2,5,0.01,32,2000,True,plus,True,False,2.100470189083938,0.22533333333333333,2.0916323349947823,0.21212121212121213,0.2853333333333333,471.8666666666667,,24.152565002441406,,92,4,16,6e3df8c2ae7503394992a62eaa877ace7721f2bc,False
complete,pendigits,pendigits__sta4__block-hamiltonian__L2__lr0.01__bs32__seed6,results/runs/pendigits_ablation_singular-spectrum-only/pendigits__sta4__block-hamiltonian__L2__lr0.01__bs32__seed6_seed6,pendigits,sta4,block-hamiltonian,2,6,0.01,32,2000,True,plus,True,False,2.054050703468101,0.2773333333333333,2.0477218120242675,0.24528301886792453,0.2866666666666667,470.8666666666667,,24.32969069480896,,92,4,16,6e3df8c2ae7503394992a62eaa877ace7721f2bc,False
complete,pendigits,pendigits__sta4__block-hamiltonian__L2__lr0.01__bs32__seed7,results/runs/pendigits_ablation_singular-spectrum-only/pendigits__sta4__block-hamiltonian__L2__lr0.01__bs32__seed7_seed7,pendigits,sta4,block-hamiltonian,2,7,0.01,32,2000,True,plus,True,False,2.0592555516036777,0.26,2.0728399822021215,0.2447112635791881,0.2853333333333333,467.0666666666666,,24.297685861587524,,92,4,16,6e3df8c2ae7503394992a62eaa877ace7721f2bc,False
complete,pendigits,pendigits__sta4__block-hamiltonian__L2__lr0.01__bs32__seed8,results/runs/pendigits_ablation_singular-spectrum-only/pendigits__sta4__block-hamiltonian__L2__lr0.01__bs32__seed8_seed8,pendigits,sta4,block-hamiltonian,2,8,0.01,32,2000,True,plus,True,False,2.0541301770094704,0.2786666666666667,2.0513397191543055,0.26300743281875355,0.296,474.93333333333334,,24.344115734100342,,92,4,16,6e3df8c2ae7503394992a62eaa877ace7721f2bc,False
complete,pendigits,pendigits__sta4__block-hamiltonian__L2__lr0.01__bs32__seed9,results/runs/pendigits_ablation_singular-spectrum-only/pendigits__sta4__block-hamiltonian__L2__lr0.01__bs32__seed9_seed9,pendigits,sta4,block-hamiltonian,2,9,0.01,32,2000,True,plus,True,False,2.1113534417593014,0.23066666666666666,2.117495543882861,0.22098341909662664,0.28,459.3333333333333,,22.953753232955933,,92,4,16,6e3df8c2ae7503394992a62eaa877ace7721f2bc,False
complete,pendigits,pendigits__sta4__block-hamiltonian__L32__lr0.01__bs32__seed0,results/runs/pendigits_ablation_singular-spectrum-only/pendigits__sta4__block-hamiltonian__L32__lr0.01__bs32__seed0_seed0,pendigits,sta4,block-hamiltonian,32,0,0.01,32,2000,True,plus,True,False,2.3190439081061953,0.24266666666666667,2.3242034041962243,0.21497998856489423,0.264,318.53333333333336,,191.16596937179565,,1472,4,16,0e89babf303b6e108f9a6e4687213f88b28c4e9d,False
complete,pendigits,pendigits__sta4__block-hamiltonian__L32__lr0.01__bs32__seed10,results/runs/pendigits_ablation_singular-spectrum-only/pendigits__sta4__block-hamiltonian__L32__lr0.01__bs32__seed10_seed10,pendigits,sta4,block-hamiltonian,32,10,0.01,32,2000,True,plus,True,False,2.3976114399092423,0.14133333333333334,2.4463236216072386,0.12464265294453973,0.23866666666666667,319.40000000000003,,189.51310324668884,,1472,4,16,0e89babf303b6e108f9a6e4687213f88b28c4e9d,False
complete,pendigits,pendigits__sta4__block-hamiltonian__L32__lr0.01__bs32__seed11,results/runs/pendigits_ablation_singular-spectrum-only/pendigits__sta4__block-hamiltonian__L32__lr0.01__bs32__seed11_seed11,pendigits,sta4,block-hamiltonian,32,11,0.01,32,2000,True,plus,True,False,2.3796052027196777,0.168,2.376778719888631,0.16409376786735277,0.26,321.8666666666667,,192.47714948654175,,1472,4,16,0e89babf303b6e108f9a6e4687213f88b28c4e9d,False
complete,pendigits,pendigits__sta4__block-hamiltonian__L32__lr0.01__bs32__seed12,results/runs/pendigits_ablation_singular-spectrum-only/pendigits__sta4__block-hamiltonian__L32__lr0.01__bs32__seed12_seed12,pendigits,sta4,block-hamiltonian,32,12,0.01,32,2000,True,plus,True,False,2.3453600066740035,0.136,2.3247026292198445,0.11692395654659805,0.228,314.2666666666667,,200.2437195777893,,1472,4,16,0e89babf303b6e108f9a6e4687213f88b28c4e9d,False
complete,pendigits,pendigits__sta4__block-hamiltonian__L32__lr0.01__bs32__seed13,results/runs/pendigits_ablation_singular-spectrum-only/pendigits__sta4__block-hamiltonian__L32__lr0.01__bs32__seed13_seed13,pendigits,sta4,block-hamiltonian,32,13,0.01,32,2000,True,plus,True,False,2.441070205450973,0.19866666666666666,2.411159486975873,0.19210977701543738,0.23466666666666666,343.8,,199.30355834960938,,1472,4,16,0e89babf303b6e108f9a6e4687213f88b28c4e9d,False
complete,pendigits,pendigits__sta4__block-hamiltonian__L32__lr0.01__bs32__seed14,results/runs/pendigits_ablation_singular-spectrum-only/pendigits__sta4__block-hamiltonian__L32__lr0.01__bs32__seed14_seed14,pendigits,sta4,block-hamiltonian,32,14,0.01,32,2000,True,plus,True,False,2.4934309288984133,0.21066666666666667,2.440942484050049,0.20526014865637507,0.23466666666666666,297.26666666666665,,189.66934084892273,,1472,4,16,0e89babf303b6e108f9a6e4687213f88b28c4e9d,False
complete,pendigits,pendigits__sta4__block-hamiltonian__L32__lr0.01__bs32__seed15,results/runs/pendigits_ablation_singular-spectrum-only/pendigits__sta4__block-hamiltonian__L32__lr0.01__bs32__seed15_seed15,pendigits,sta4,block-hamiltonian,32,15,0.01,32,2000,True,plus,True,False,2.315056586750308,0.20533333333333334,2.248244095748969,0.2115494568324757,0.21866666666666668,265.8666666666667,,191.96126675605774,,1472,4,16,0e89babf303b6e108f9a6e4687213f88b28c4e9d,False
complete,pendigits,pendigits__sta4__block-hamiltonian__L32__lr0.01__bs32__seed16,results/runs/pendigits_ablation_singular-spectrum-only/pendigits__sta4__block-hamiltonian__L32__lr0.01__bs32__seed16_seed16,pendigits,sta4,block-hamiltonian,32,16,0.01,32,2000,True,plus,True,False,2.4443711688175367,0.172,2.4614128155213764,0.17667238421955403,0.25866666666666666,298.33333333333326,,193.75742840766907,,1472,4,16,0e89babf303b6e108f9a6e4687213f88b28c4e9d,False
complete,pendigits,pendigits__sta4__block-hamiltonian__L32__lr0.01__bs32__seed17,results/runs/pendigits_ablation_singular-spectrum-only/pendigits__sta4__block-hamiltonian__L32__lr0.01__bs32__seed17_seed17,pendigits,sta4,block-hamiltonian,32,17,0.01,32,2000,True,plus,True,False,2.514570286281714,0.15066666666666667,2.504120657144691,0.14922813036020582,0.23333333333333334,312.93333333333334,,194.96021461486816,,1472,4,16,0e89babf303b6e108f9a6e4687213f88b28c4e9d,False
complete,pendigits,pendigits__sta4__block-hamiltonian__L32__lr0.01__bs32__seed18,results/runs/pendigits_ablation_singular-spectrum-only/pendigits__sta4__block-hamiltonian__L32__lr0.01__bs32__seed18_seed18,pendigits,sta4,block-hamiltonian,32,18,0.01,32,2000,True,plus,True,False,2.5994057891563935,0.12933333333333333,2.625577352829822,0.10606060606060606,0.23866666666666667,305.13333333333344,,194.70749187469482,,1472,4,16,0e89babf303b6e108f9a6e4687213f88b28c4e9d,False
complete,pendigits,pendigits__sta4__block-hamiltonian__L32__lr0.01__bs32__seed19,results/runs/pendigits_ablation_singular-spectrum-only/pendigits__sta4__block-hamiltonian__L32__lr0.01__bs32__seed19_seed19,pendigits,sta4,block-hamiltonian,32,19,0.01,32,2000,True,plus,True,False,2.308646657072544,0.176,2.3428281130494883,0.19325328759291024,0.2693333333333333,266.8,,195.57119035720825,,1472,4,16,0e89babf303b6e108f9a6e4687213f88b28c4e9d,False
complete,pendigits,pendigits__sta4__block-hamiltonian__L32__lr0.01__bs32__seed1,results/runs/pendigits_ablation_singular-spectrum-only/pendigits__sta4__block-hamiltonian__L32__lr0.01__bs32__seed1_seed1,pendigits,sta4,block-hamiltonian,32,1,0.01,32,2000,True,plus,True,False,2.176886068828625,0.24666666666666667,2.1672346189963787,0.22412807318467695,0.24666666666666667,298.6,,188.16780638694763,,1472,4,16,0e89babf303b6e108f9a6e4687213f88b28c4e9d,False
complete,pendigits,pendigits__sta4__block-hamiltonian__L32__lr0.01__bs32__seed2,results/runs/pendigits_ablation_singular-spectrum-only/pendigits__sta4__block-hamiltonian__L32__lr0.01__bs32__seed2_seed2,pendigits,sta4,block-hamiltonian,32,2,0.01,32,2000,True,plus,True,False,2.2846385311885284,0.172,2.275068235765832,0.1732418524871355,0.216,322.9333333333333,,195.37687921524048,,1472,4,16,0e89babf303b6e108f9a6e4687213f88b28c4e9d,False
complete,pendigits,pendigits__sta4__block-hamiltonian__L32__lr0.01__bs32__seed3,results/runs/pendigits_ablation_singular-spectrum-only/pendigits__sta4__block-hamiltonian__L32__lr0.01__bs32__seed3_seed3,pendigits,sta4,block-hamiltonian,32,3,0.01,32,2000,True,plus,True,False,2.2679437388021095,0.21333333333333335,2.333093486879457,0.18982275586049172,0.22,283.4666666666667,,193.20481753349304,,1472,4,16,0e89babf303b6e108f9a6e4687213f88b28c4e9d,False
complete,pendigits,pendigits__sta4__block-hamiltonian__L32__lr0.01__bs32__seed4,results/runs/pendigits_ablation_singular-spectrum-only/pendigits__sta4__block-hamiltonian__L32__lr0.01__bs32__seed4_seed4,pendigits,sta4,block-hamiltonian,32,4,0.01,32,2000,True,plus,True,False,2.347563268777924,0.20133333333333334,2.345350250139137,0.19954259576901087,0.24666666666666667,298.26666666666665,,191.40432691574097,,1472,4,16,0e89babf303b6e108f9a6e4687213f88b28c4e9d,False
complete,pendigits,pendigits__sta4__block-hamiltonian__L32__lr0.01__bs32__seed5,results/runs/pendigits_ablation_singular-spectrum-only/pendigits__sta4__block-hamiltonian__L32__lr0.01__bs32__seed5_seed5,pendigits,sta4,block-hamiltonian,32,5,0.01,32,2000,True,plus,True,False,2.748642054106799,0.124,2.773791879230755,0.11120640365923384,0.20266666666666666,307.5333333333333,,193.1423110961914,,1472,4,16,0e89babf303b6e108f9a6e4687213f88b28c4e9d,False
complete,pendigits,pendigits__sta4__block-hamiltonian__L32__lr0.01__bs32__seed6,results/runs/pendigits_ablation_singular-spectrum-only/pendigits__sta4__block-hamiltonian__L32__lr0.01__bs32__seed6_seed6,pendigits,sta4,block-hamiltonian,32,6,0.01,32,2000,True,plus,True,False,2.673895322876132,0.136,2.6492228259588515,0.1512292738707833,0.22933333333333333,292.9333333333333,,194.62517786026,,1472,4,16,0e89babf303b6e108f9a6e4687213f88b28c4e9d,False
complete,pendigits,pendigits__sta4__block-hamiltonian__L32__lr0.01__bs32__seed7,results/runs/pendigits_ablation_singular-spectrum-only/pendigits__sta4__block-hamiltonian__L32__lr0.01__bs32__seed7_seed7,pendigits,sta4,block-hamiltonian,32,7,0.01,32,2000,True,plus,True,False,2.5286185775957155,0.104,2.5584497589789525,0.08862206975414523,0.23333333333333334,306.2666666666667,,195.28468894958496,,1472,4,16,0e89babf303b6e108f9a6e4687213f88b28c4e9d,False
complete,pendigits,pendigits__sta4__block-hamiltonian__L32__lr0.01__bs32__seed8,results/runs/pendigits_ablation_singular-spectrum-only/pendigits__sta4__block-hamiltonian__L32__lr0.01__bs32__seed8_seed8,pendigits,sta4,block-hamiltonian,32,8,0.01,32,2000,True,plus,True,False,2.607438644472147,0.12666666666666668,2.5704368109412528,0.10634648370497427,0.216,282.8666666666667,,195.46918511390686,,1472,4,16,0e89babf303b6e108f9a6e4687213f88b28c4e9d,False
complete,pendigits,pendigits__sta4__block-hamiltonian__L32__lr0.01__bs32__seed9,results/runs/pendigits_ablation_singular-spectrum-only/pendigits__sta4__block-hamiltonian__L32__lr0.01__bs32__seed9_seed9,pendigits,sta4,block-hamiltonian,32,9,0.01,32,2000,True,plus,True,False,2.545544046702583,0.16666666666666666,2.4673185222548226,0.16580903373356204,0.24133333333333334,301.1333333333333,,193.21842646598816,,1472,4,16,0e89babf303b6e108f9a6e4687213f88b28c4e9d,False
complete,pendigits,pendigits__sta4__block-hamiltonian__L4__lr0.01__bs32__seed0,results/runs/pendigits_ablation_singular-spectrum-only/pendigits__sta4__block-hamiltonian__L4__lr0.01__bs32__seed0_seed0,pendigits,sta4,block-hamiltonian,4,0,0.01,32,2000,True,plus,True,False,2.0721178684977937,0.26266666666666666,2.0768444965506947,0.2510005717552887,0.29333333333333333,485.4666666666667,,34.104416370391846,,184,4,16,6e3df8c2ae7503394992a62eaa877ace7721f2bc,False
complete,pendigits,pendigits__sta4__block-hamiltonian__L4__lr0.01__bs32__seed10,results/runs/pendigits_ablation_singular-spectrum-only/pendigits__sta4__block-hamiltonian__L4__lr0.01__bs32__seed10_seed10,pendigits,sta4,block-hamiltonian,4,10,0.01,32,2000,True,plus,True,False,2.1088232259631368,0.256,2.0882948817315303,0.24842767295597484,0.2853333333333333,464.0666666666667,,34.85393023490906,,184,4,16,6e3df8c2ae7503394992a62eaa877ace7721f2bc,False
complete,pendigits,pendigits__sta4__block-hamiltonian__L4__lr0.01__bs32__seed11,results/runs/pendigits_ablation_singular-spectrum-only/pendigits__sta4__block-hamiltonian__L4__lr0.01__bs32__seed11_seed11,pendigits,sta4,block-hamiltonian,4,11,0.01,32,2000,True,plus,True,False,2.051168558198322,0.28,2.0467495439776013,0.2521440823327616,0.2906666666666667,456.0666666666666,,33.435325384140015,,184,4,16,6e3df8c2ae7503394992a62eaa877ace7721f2bc,False
complete,pendigits,pendigits__sta4__block-hamiltonian__L4__lr0.01__bs32__seed12,results/runs/pendigits_ablation_singular-spectrum-only/pendigits__sta4__block-hamiltonian__L4__lr0.01__bs32__seed12_seed12,pendigits,sta4,block-hamiltonian,4,12,0.01,32,2000,True,plus,True,False,2.051866558083267,0.27066666666666667,2.0831953641015626,0.2538593481989708,0.30266666666666664,483.1333333333333,,33.79083800315857,,184,4,16,6e3df8c2ae7503394992a62eaa877ace7721f2bc,False
complete,pendigits,pendigits__sta4__block-hamiltonian__L4__lr0.01__bs32__seed13,results/runs/pendigits_ablation_singular-spectrum-only/pendigits__sta4__block-hamiltonian__L4__lr0.01__bs32__seed13_seed13,pendigits,sta4,block-hamiltonian,4,13,0.01,32,2000,True,plus,True,False,2.062377056837565,0.26666666666666666,2.061306531199803,0.25471698113207547,0.2946666666666667,471.4666666666666,,33.6216299533844,,184,4,16,6e3df8c2ae7503394992a62eaa877ace7721f2bc,False
complete,pendigits,pendigits__sta4__block-hamiltonian__L4__lr0.01__bs32__seed14,results/runs/pendigits_ablation_singular-spectrum-only/pendigits__sta4__block-hamiltonian__L4__lr0.01__bs32__seed14_seed14,pendigits,sta4,block-hamiltonian,4,14,0.01,32,2000,True,plus,True,False,2.0639249786605856,0.27066666666666667,2.0534701253190937,0.2807318467695826,0.28,464.79999999999995,,34.25826835632324,,184,4,16,6e3df8c2ae7503394992a62eaa877ace7721f2bc,False
complete,pendigits,pendigits__sta4__block-hamiltonian__L4__lr0.01__bs32__seed15,results/runs/pendigits_ablation_singular-spectrum-only/pendigits__sta4__block-hamiltonian__L4__lr0.01__bs32__seed15_seed15,pendigits,sta4,block-hamiltonian,4,15,0.01,32,2000,True,plus,True,False,2.064922400502611,0.264,2.0811909014193275,0.25614636935391655,0.284,458.7333333333333,,36.494848012924194,,184,4,16,6e3df8c2ae7503394992a62eaa877ace7721f2bc,False
complete,pendigits,pendigits__sta4__block-hamiltonian__L4__lr0.01__bs32__seed16,results/runs/pendigits_ablation_singular-spectrum-only/pendigits__sta4__block-hamiltonian__L4__lr0.01__bs32__seed16_seed16,pendigits,sta4,block-hamiltonian,4,16,0.01,32,2000,True,plus,True,False,2.1535877011782736,0.232,2.1119840890010724,0.24042309891366495,0.29333333333333333,457.6,,35.03986692428589,,184,4,16,6e3df8c2ae7503394992a62eaa877ace7721f2bc,False
complete,pendigits,pendigits__sta4__block-hamiltonian__L4__lr0.01__bs32__seed17,results/runs/pendigits_ablation_singular-spectrum-only/pendigits__sta4__block-hamiltonian__L4__lr0.01__bs32__seed17_seed17,pendigits,sta4,block-hamiltonian,4,17,0.01,32,2000,True,plus,True,False,2.041820119094167,0.276,2.048626867446588,0.2504288164665523,0.292,469.8666666666667,,33.06685733795166,,184,4,16,6e3df8c2ae7503394992a62eaa877ace7721f2bc,False
complete,pendigits,pendigits__sta4__block-hamiltonian__L4__lr0.01__bs32__seed18,results/runs/pendigits_ablation_singular-spectrum-only/pendigits__sta4__block-hamiltonian__L4__lr0.01__bs32__seed18_seed18,pendigits,sta4,block-hamiltonian,4,18,0.01,32,2000,True,plus,True,False,2.0851239849562733,0.2786666666666667,2.050256114509018,0.2701543739279588,0.2946666666666667,472.86666666666673,,33.92910385131836,,184,4,16,6e3df8c2ae7503394992a62eaa877ace7721f2bc,False
complete,pendigits,pendigits__sta4__block-hamiltonian__L4__lr0.01__bs32__seed19,results/runs/pendigits_ablation_singular-spectrum-only/pendigits__sta4__block-hamiltonian__L4__lr0.01__bs32__seed19_seed19,pendigits,sta4,block-hamiltonian,4,19,0.01,32,2000,True,plus,True,False,2.070329146928,0.268,2.085766244659773,0.2532875929102344,0.29333333333333333,463.8666666666667,,33.783116579055786,,184,4,16,6e3df8c2ae7503394992a62eaa877ace7721f2bc,False
complete,pendigits,pendigits__sta4__block-hamiltonian__L4__lr0.01__bs32__seed1,results/runs/pendigits_ablation_singular-spectrum-only/pendigits__sta4__block-hamiltonian__L4__lr0.01__bs32__seed1_seed1,pendigits,sta4,block-hamiltonian,4,1,0.01,32,2000,True,plus,True,False,2.0770263125894126,0.25866666666666666,2.0708076823353414,0.25728987993138935,0.29333333333333333,459.5333333333333,,34.43959879875183,,184,4,16,6e3df8c2ae7503394992a62eaa877ace7721f2bc,False
complete,pendigits,pendigits__sta4__block-hamiltonian__L4__lr0.01__bs32__seed2,results/runs/pendigits_ablation_singular-spectrum-only/pendigits__sta4__block-hamiltonian__L4__lr0.01__bs32__seed2_seed2,pendigits,sta4,block-hamiltonian,4,2,0.01,32,2000,True,plus,True,False,2.113084854333807,0.26266666666666666,2.075594552966822,0.2478559176672384,0.30533333333333335,486.8666666666667,,33.948119163513184,,184,4,16,6e3df8c2ae7503394992a62eaa877ace7721f2bc,False
complete,pendigits,pendigits__sta4__block-hamiltonian__L4__lr0.01__bs32__seed3,results/runs/pendigits_ablation_singular-spectrum-only/pendigits__sta4__block-hamiltonian__L4__lr0.01__bs32__seed3_seed3,pendigits,sta4,block-hamiltonian,4,3,0.01,32,2000,True,plus,True,False,2.0340464400321157,0.284,2.0219431969004957,0.27615780445969124,0.30533333333333335,479.8666666666668,,34.38046360015869,,184,4,16,6e3df8c2ae7503394992a62eaa877ace7721f2bc,False
complete,pendigits,pendigits__sta4__block-hamiltonian__L4__lr0.01__bs32__seed4,results/runs/pendigits_ablation_singular-spectrum-only/pendigits__sta4__block-hamiltonian__L4__lr0.01__bs32__seed4_seed4,pendigits,sta4,block-hamiltonian,4,4,0.01,32,2000,True,plus,True,False,2.069010857178238,0.26,2.044810716090622,0.26157804459691253,0.30266666666666664,457.79999999999995,,34.49134278297424,,184,4,16,6e3df8c2ae7503394992a62eaa877ace7721f2bc,False
complete,pendigits,pendigits__sta4__block-hamiltonian__L4__lr0.01__bs32__seed5,results/runs/pendigits_ablation_singular-spectrum-only/pendigits__sta4__block-hamiltonian__L4__lr0.01__bs32__seed5_seed5,pendigits,sta4,block-hamiltonian,4,5,0.01,32,2000,True,plus,True,False,2.1179168126268197,0.2,2.10668069848566,0.19639794168096056,0.28,464.9333333333333,,34.463054180145264,,184,4,16,6e3df8c2ae7503394992a62eaa877ace7721f2bc,False
complete,pendigits,pendigits__sta4__block-hamiltonian__L4__lr0.01__bs32__seed6,results/runs/pendigits_ablation_singular-spectrum-only/pendigits__sta4__block-hamiltonian__L4__lr0.01__bs32__seed6_seed6,pendigits,sta4,block-hamiltonian,4,6,0.01,32,2000,True,plus,True,False,2.081650474492936,0.296,2.0529948595770176,0.27358490566037735,0.296,473.4,,34.100831270217896,,184,4,16,6e3df8c2ae7503394992a62eaa877ace7721f2bc,False
complete,pendigits,pendigits__sta4__block-hamiltonian__L4__lr0.01__bs32__seed7,results/runs/pendigits_ablation_singular-spectrum-only/pendigits__sta4__block-hamiltonian__L4__lr0.01__bs32__seed7_seed7,pendigits,sta4,block-hamiltonian,4,7,0.01,32,2000,True,plus,True,False,2.045707247705934,0.27466666666666667,2.080924099216632,0.2532875929102344,0.284,460.79999999999995,,34.04809093475342,,184,4,16,6e3df8c2ae7503394992a62eaa877ace7721f2bc,False
complete,pendigits,pendigits__sta4__block-hamiltonian__L4__lr0.01__bs32__seed8,results/runs/pendigits_ablation_singular-spectrum-only/pendigits__sta4__block-hamiltonian__L4__lr0.01__bs32__seed8_seed8,pendigits,sta4,block-hamiltonian,4,8,0.01,32,2000,True,plus,True,False,2.0436477281720746,0.2786666666666667,2.0599014280121266,0.26500857632933106,0.304,457.66666666666674,,35.10497522354126,,184,4,16,6e3df8c2ae7503394992a62eaa877ace7721f2bc,False
complete,pendigits,pendigits__sta4__block-hamiltonian__L4__lr0.01__bs32__seed9,results/runs/pendigits_ablation_singular-spectrum-only/pendigits__sta4__block-hamiltonian__L4__lr0.01__bs32__seed9_seed9,pendigits,sta4,block-hamiltonian,4,9,0.01,32,2000,True,plus,True,False,2.1371658989025746,0.24133333333333334,2.1432523823659366,0.20726129216695255,0.288,478.66666666666663,,33.65707755088806,,184,4,16,6e3df8c2ae7503394992a62eaa877ace7721f2bc,False
complete,pendigits,pendigits__sta4__block-hamiltonian__L8__lr0.01__bs32__seed0,results/runs/pendigits_ablation_singular-spectrum-only/pendigits__sta4__block-hamiltonian__L8__lr0.01__bs32__seed0_seed0,pendigits,sta4,block-hamiltonian,8,0,0.01,32,2000,True,plus,True,False,2.122302852830334,0.2826666666666667,2.1089037802599604,0.2612921669525443,0.2826666666666667,417.2,,53.49031662940979,,368,4,16,6e3df8c2ae7503394992a62eaa877ace7721f2bc,False
complete,pendigits,pendigits__sta4__block-hamiltonian__L8__lr0.01__bs32__seed10,results/runs/pendigits_ablation_singular-spectrum-only/pendigits__sta4__block-hamiltonian__L8__lr0.01__bs32__seed10_seed10,pendigits,sta4,block-hamiltonian,8,10,0.01,32,2000,True,plus,True,False,2.247343909519631,0.212,2.190342937937322,0.20011435105774728,0.2613333333333333,421.73333333333335,,52.48124122619629,,368,4,16,6e3df8c2ae7503394992a62eaa877ace7721f2bc,False
complete,pendigits,pendigits__sta4__block-hamiltonian__L8__lr0.01__bs32__seed11,results/runs/pendigits_ablation_singular-spectrum-only/pendigits__sta4__block-hamiltonian__L8__lr0.01__bs32__seed11_seed11,pendigits,sta4,block-hamiltonian,8,11,0.01,32,2000,True,plus,True,False,2.1665792147404463,0.19466666666666665,2.174464844340033,0.1843910806174957,0.2813333333333333,425.4,,52.4105269908905,,368,4,16,6e3df8c2ae7503394992a62eaa877ace7721f2bc,False
complete,pendigits,pendigits__sta4__block-hamiltonian__L8__lr0.01__bs32__seed12,results/runs/pendigits_ablation_singular-spectrum-only/pendigits__sta4__block-hamiltonian__L8__lr0.01__bs32__seed12_seed12,pendigits,sta4,block-hamiltonian,8,12,0.01,32,2000,True,plus,True,False,2.2081970626473484,0.22266666666666668,2.249816189464844,0.20211549456832476,0.2906666666666667,426.33333333333337,,55.19249773025513,,368,4,16,6e3df8c2ae7503394992a62eaa877ace7721f2bc,False
complete,pendigits,pendigits__sta4__block-hamiltonian__L8__lr0.01__bs32__seed13,results/runs/pendigits_ablation_singular-spectrum-only/pendigits__sta4__block-hamiltonian__L8__lr0.01__bs32__seed13_seed13,pendigits,sta4,block-hamiltonian,8,13,0.01,32,2000,True,plus,True,False,2.0754947142263056,0.26266666666666666,2.0707498594716656,0.23756432246998285,0.28,425.2666666666667,,54.51218819618225,,368,4,16,6e3df8c2ae7503394992a62eaa877ace7721f2bc,False
complete,pendigits,pendigits__sta4__block-hamiltonian__L8__lr0.01__bs32__seed14,results/runs/pendigits_ablation_singular-spectrum-only/pendigits__sta4__block-hamiltonian__L8__lr0.01__bs32__seed14_seed14,pendigits,sta4,block-hamiltonian,8,14,0.01,32,2000,True,plus,True,False,2.128573143782019,0.2613333333333333,2.133555576879593,0.2507146941109205,0.2653333333333333,405.73333333333335,,53.993624687194824,,368,4,16,6e3df8c2ae7503394992a62eaa877ace7721f2bc,False
complete,pendigits,pendigits__sta4__block-hamiltonian__L8__lr0.01__bs32__seed15,results/runs/pendigits_ablation_singular-spectrum-only/pendigits__sta4__block-hamiltonian__L8__lr0.01__bs32__seed15_seed15,pendigits,sta4,block-hamiltonian,8,15,0.01,32,2000,True,plus,True,False,2.224635414069259,0.23066666666666666,2.209817015865286,0.2278444825614637,0.272,430.73333333333335,,55.38739514350891,,368,4,16,6e3df8c2ae7503394992a62eaa877ace7721f2bc,False
complete,pendigits,pendigits__sta4__block-hamiltonian__L8__lr0.01__bs32__seed16,results/runs/pendigits_ablation_singular-spectrum-only/pendigits__sta4__block-hamiltonian__L8__lr0.01__bs32__seed16_seed16,pendigits,sta4,block-hamiltonian,8,16,0.01,32,2000,True,plus,True,False,2.2105993401039936,0.272,2.1483792906791,0.24356775300171526,0.2773333333333333,426.66666666666674,,52.738906145095825,,368,4,16,6e3df8c2ae7503394992a62eaa877ace7721f2bc,False
complete,pendigits,pendigits__sta4__block-hamiltonian__L8__lr0.01__bs32__seed17,results/runs/pendigits_ablation_singular-spectrum-only/pendigits__sta4__block-hamiltonian__L8__lr0.01__bs32__seed17_seed17,pendigits,sta4,block-hamiltonian,8,17,0.01,32,2000,True,plus,True,False,2.2936618242273203,0.18933333333333333,2.2882506656548336,0.17781589479702686,0.292,427.46666666666664,,54.469422817230225,,368,4,16,6e3df8c2ae7503394992a62eaa877ace7721f2bc,False
complete,pendigits,pendigits__sta4__block-hamiltonian__L8__lr0.01__bs32__seed18,results/runs/pendigits_ablation_singular-spectrum-only/pendigits__sta4__block-hamiltonian__L8__lr0.01__bs32__seed18_seed18,pendigits,sta4,block-hamiltonian,8,18,0.01,32,2000,True,plus,True,False,2.095994319054665,0.264,2.0912877945722266,0.241852487135506,0.3,428.13333333333327,,52.60957360267639,,368,4,16,6e3df8c2ae7503394992a62eaa877ace7721f2bc,False
complete,pendigits,pendigits__sta4__block-hamiltonian__L8__lr0.01__bs32__seed19,results/runs/pendigits_ablation_singular-spectrum-only/pendigits__sta4__block-hamiltonian__L8__lr0.01__bs32__seed19_seed19,pendigits,sta4,block-hamiltonian,8,19,0.01,32,2000,True,plus,True,False,2.19485399536499,0.25066666666666665,2.2316881882837842,0.23270440251572327,0.2866666666666667,427.5999999999999,,54.54448437690735,,368,4,16,6e3df8c2ae7503394992a62eaa877ace7721f2bc,False
complete,pendigits,pendigits__sta4__block-hamiltonian__L8__lr0.01__bs32__seed1,results/runs/pendigits_ablation_singular-spectrum-only/pendigits__sta4__block-hamiltonian__L8__lr0.01__bs32__seed1_seed1,pendigits,sta4,block-hamiltonian,8,1,0.01,32,2000,True,plus,True,False,2.1384500040775767,0.232,2.1226622506546935,0.23985134362492852,0.2733333333333333,411.40000000000003,,55.24652934074402,,368,4,16,6e3df8c2ae7503394992a62eaa877ace7721f2bc,False
complete,pendigits,pendigits__sta4__block-hamiltonian__L8__lr0.01__bs32__seed2,results/runs/pendigits_ablation_singular-spectrum-only/pendigits__sta4__block-hamiltonian__L8__lr0.01__bs32__seed2_seed2,pendigits,sta4,block-hamiltonian,8,2,0.01,32,2000,True,plus,True,False,2.3035438962737564,0.2653333333333333,2.31455759168662,0.24070897655803317,0.2786666666666667,428.4666666666667,,53.74456310272217,,368,4,16,6e3df8c2ae7503394992a62eaa877ace7721f2bc,False
complete,pendigits,pendigits__sta4__block-hamiltonian__L8__lr0.01__bs32__seed3,results/runs/pendigits_ablation_singular-spectrum-only/pendigits__sta4__block-hamiltonian__L8__lr0.01__bs32__seed3_seed3,pendigits,sta4,block-hamiltonian,8,3,0.01,32,2000,True,plus,True,False,2.2174166715268595,0.21466666666666667,2.2205974675537905,0.214694110920526,0.2826666666666667,417.8,,52.39826011657715,,368,4,16,6e3df8c2ae7503394992a62eaa877ace7721f2bc,False
complete,pendigits,pendigits__sta4__block-hamiltonian__L8__lr0.01__bs32__seed4,results/runs/pendigits_ablation_singular-spectrum-only/pendigits__sta4__block-hamiltonian__L8__lr0.01__bs32__seed4_seed4,pendigits,sta4,block-hamiltonian,8,4,0.01,32,2000,True,plus,True,False,2.1143763487948597,0.24533333333333332,2.109772835837525,0.23556317895940537,0.2866666666666667,413.33333333333337,,53.949647665023804,,368,4,16,6e3df8c2ae7503394992a62eaa877ace7721f2bc,False
complete,pendigits,pendigits__sta4__block-hamiltonian__L8__lr0.01__bs32__seed5,results/runs/pendigits_ablation_singular-spectrum-only/pendigits__sta4__block-hamiltonian__L8__lr0.01__bs32__seed5_seed5,pendigits,sta4,block-hamiltonian,8,5,0.01,32,2000,True,plus,True,False,2.2562312503712283,0.18533333333333332,2.2323732047067026,0.17524299599771298,0.2693333333333333,394.4,,55.8331253528595,,368,4,16,6e3df8c2ae7503394992a62eaa877ace7721f2bc,False
complete,pendigits,pendigits__sta4__block-hamiltonian__L8__lr0.01__bs32__seed6,results/runs/pendigits_ablation_singular-spectrum-only/pendigits__sta4__block-hamiltonian__L8__lr0.01__bs32__seed6_seed6,pendigits,sta4,block-hamiltonian,8,6,0.01,32,2000,True,plus,True,False,2.1567163194356715,0.232,2.1665951719231624,0.22698684962835905,0.25333333333333335,394.26666666666665,,53.71442747116089,,368,4,16,6e3df8c2ae7503394992a62eaa877ace7721f2bc,False
complete,pendigits,pendigits__sta4__block-hamiltonian__L8__lr0.01__bs32__seed7,results/runs/pendigits_ablation_singular-spectrum-only/pendigits__sta4__block-hamiltonian__L8__lr0.01__bs32__seed7_seed7,pendigits,sta4,block-hamiltonian,8,7,0.01,32,2000,True,plus,True,False,2.09969103113914,0.26666666666666666,2.0992153729040584,0.24642652944539736,0.26666666666666666,405.19999999999993,,54.21531558036804,,368,4,16,6e3df8c2ae7503394992a62eaa877ace7721f2bc,False
complete,pendigits,pendigits__sta4__block-hamiltonian__L8__lr0.01__bs32__seed8,results/runs/pendigits_ablation_singular-spectrum-only/pendigits__sta4__block-hamiltonian__L8__lr0.01__bs32__seed8_seed8,pendigits,sta4,block-hamiltonian,8,8,0.01,32,2000,True,plus,True,False,2.09230296284632,0.25866666666666666,2.0761329535334645,0.24013722126929674,0.268,436.0,,51.98923301696777,,368,4,16,6e3df8c2ae7503394992a62eaa877ace7721f2bc,False
complete,pendigits,pendigits__sta4__block-hamiltonian__L8__lr0.01__bs32__seed9,results/runs/pendigits_ablation_singular-spectrum-only/pendigits__sta4__block-hamiltonian__L8__lr0.01__bs32__seed9_seed9,pendigits,sta4,block-hamiltonian,8,9,0.01,32,2000,True,plus,True,False,2.1118572603621995,0.25466666666666665,2.12480892685969,0.24614065180102915,0.2693333333333333,435.2,,54.98729205131531,,368,4,16,6e3df8c2ae7503394992a62eaa877ace7721f2bc,False
