status,manifest_id,job_slug,run_dir,dataset,representation,encoder,depth,seed,learning_rate,batch_size,steps,standardize,initial_state,projector_renormalize,track_readout_leakage,final_validation_loss,final_validation_accuracy,final_test_loss,final_test_accuracy,best_validation_accuracy,validation_accuracy_auc,time_to_target_step,wall_time_seconds,mean_readout_leakage_mass,parameter_count,n_qubits,hilbert_dim,git_commit,git_dirty
complete,pendigits,pendigits__dyn__block-hamiltonian__L16__lr0.01__bs32__seed0,results/runs/pendigits_ablation_singular-vector-only/pendigits__dyn__block-hamiltonian__L16__lr0.01__bs32__seed0_seed0,pendigits,dyn,block-hamiltonian,16,0,0.01,32,2000,True,plus,True,False,0.3392951965934308,0.96,0.3780761579763404,0.9391080617495712,0.9653333333333334,1776.6,,90.56347227096558,,736,4,16,6e3df8c2ae7503394992a62eaa877ace7721f2bc,False
complete,pendigits,pendigits__dyn__block-hamiltonian__L16__lr0.01__bs32__seed10,results/runs/pendigits_ablation_singular-vector-only/pendigits__dyn__block-hamiltonian__L16__lr0.01__bs32__seed10_seed10,pendigits,dyn,block-hamiltonian,16,10,0.01,32,2000,True,plus,True,False,0.3674380762821617,0.948,0.420648341859805,0.9365351629502573,0.9613333333333334,1779.1333333333332,,95.26629614830017,,736,4,16,6e3df8c2ae7503394992a62eaa877ace7721f2bc,False
complete,pendigits,pendigits__dyn__block-hamiltonian__L16__lr0.01__bs32__seed11,results/runs/pendigits_ablation_singular-vector-only/pendigits__dyn__block-hamiltonian__L16__lr0.01__bs32__seed11_seed11,pendigits,dyn,block-hamiltonian,16,11,0.01,32,2000,True,plus,True,False,0.3251317944135122,0.9586666666666667,0.38038693110680205,0.9439679817038308,0.9666666666666667,1755.7333333333333,,92.27353978157043,,736,4,16,6e3df8c2ae7503394992a62eaa877ace7721f2bc,False
complete,pendigits,pendigits__dyn__block-hamiltonian__L16__lr0.01__bs32__seed12,results/runs/pendigits_ablation_singular-vector-only/pendigits__dyn__block-hamiltonian__L16__lr0.01__bs32__seed12_seed12,pendigits,dyn,block-hamiltonian,16,12,0.01,32,2000,True,plus,True,False,0.33112215335744594,0.9706666666666667,0.4018933969319626,0.9233847913093196,0.976,1808.0000000000002,,93.37218165397644,,736,4,16,6e3df8c2ae7503394992a62eaa877ace7721f2bc,False
complete,pendigits,pendigits__dyn__block-hamiltonian__L16__lr0.01__bs32__seed13,results/runs/pendigits_ablation_singular-vector-only/pendigits__dyn__block-hamiltonian__L16__lr0.01__bs32__seed13_seed13,pendigits,dyn,block-hamiltonian,16,13,0.01,32,2000,True,plus,True,False,0.3946303015226571,0.9586666666666667,0.4390170514610352,0.9345340194396798,0.96,1757.4666666666667,,92.0463171005249,,736,4,16,6e3df8c2ae7503394992a62eaa877ace7721f2bc,False
complete,pendigits,pendigits__dyn__block-hamiltonian__L16__lr0.01__bs32__seed14,results/runs/pendigits_ablation_singular-vector-only/pendigits__dyn__block-hamiltonian__L16__lr0.01__bs32__seed14_seed14,pendigits,dyn,block-hamiltonian,16,14,0.01,32,2000,True,plus,True,False,0.33994264395804663,0.9506666666666667,0.40064964749871185,0.9328187535734705,0.956,1757.8666666666663,,92.74551272392273,,736,4,16,6e3df8c2ae7503394992a62eaa877ace7721f2bc,False
complete,pendigits,pendigits__dyn__block-hamiltonian__L16__lr0.01__bs32__seed15,results/runs/pendigits_ablation_singular-vector-only/pendigits__dyn__block-hamiltonian__L16__lr0.01__bs32__seed15_seed15,pendigits,dyn,block-hamiltonian,16,15,0.01,32,2000,True,plus,True,False,0.32758853690822204,0.968,0.40555489420362134,0.9331046312178388,0.968,1778.6000000000001,,90.66543245315552,,736,4,16,6e3df8c2ae7503394992a62eaa877ace7721f2bc,False
complete,pendigits,pendigits__dyn__block-hamiltonian__L16__lr0.01__bs32__seed16,results/runs/pendigits_ablation_singular-vector-only/pendigits__dyn__block-hamiltonian__L16__lr0.01__bs32__seed16_seed16,pendigits,dyn,block-hamiltonian,16,16,0.01,32,2000,True,plus,True,False,0.342912848306286,0.9586666666666667,0.40235172471668595,0.9210977701543739,0.9586666666666667,1774.2666666666669,,93.7085771560669,,736,4,16,6e3df8c2ae7503394992a62eaa877ace7721f2bc,False
complete,pendigits,pendigits__dyn__block-hamiltonian__L16__lr0.01__bs32__seed17,results/runs/pendigits_ablation_singular-vector-only/pendigits__dyn__block-hamiltonian__L16__lr0.01__bs32__seed17_seed17,pendigits,dyn,block-hamiltonian,16,17,0.01,32,2000,True,plus,True,False,0.30833963846252554,0.96,0.366340404241298,0.9396798170383076,0.96,1775.5333333333333,,92.77333426475525,,736,4,16,6e3df8c2ae7503394992a62eaa877ace7721f2bc,False
complete,pendigits,pendigits__dyn__block-hamiltonian__L16__lr0.01__bs32__seed18,results/runs/pendigits_ablation_singular-vector-only/pendigits__dyn__block-hamiltonian__L16__lr0.01__bs32__seed18_seed18,pendigits,dyn,block-hamiltonian,16,18,0.01,32,2000,True,plus,True,False,0.341149845304651,0.9533333333333334,0.4041334707342473,0.9396798170383076,0.9653333333333334,1758.0666666666668,,92.99733400344849,,736,4,16,6e3df8c2ae7503394992a62eaa877ace7721f2bc,False
complete,pendigits,pendigits__dyn__block-hamiltonian__L16__lr0.01__bs32__seed19,results/runs/pendigits_ablation_singular-vector-only/pendigits__dyn__block-hamiltonian__L16__lr0.01__bs32__seed19_seed19,pendigits,dyn,block-hamiltonian,16,19,0.01,32,2000,True,plus,True,False,0.3395259654977214,0.9626666666666667,0.42377030493551593,0.9399656946826758,0.9626666666666667,1783.3999999999999,,91.6542763710022,,736,4,16,6e3df8c2ae7503394992a62eaa877ace7721f2bc,False
complete,pendigits,pendigits__dyn__block-hamiltonian__L16__lr0.01__bs32__seed1,results/runs/pendigits_ablation_singular-vector-only/pendigits__dyn__block-hamiltonian__L16__lr0.01__bs32__seed1_seed1,pendigits,dyn,block-hamiltonian,16,1,0.01,32,2000,True,plus,True,False,0.32311762531727484,0.9626666666666667,0.3616458493460222,0.9468267581475128,0.964,1779.4666666666667,,90.60313081741333,,736,4,16,6e3df8c2ae7503394992a62eaa877ace7721f2bc,False
complete,pendigits,pendigits__dyn__block-hamiltonian__L16__lr0.01__bs32__seed2,results/runs/pendigits_ablation_singular-vector-only/pendigits__dyn__block-hamiltonian__L16__lr0.01__bs32__seed2_seed2,pendigits,dyn,block-hamiltonian,16,2,0.01,32,2000,True,plus,True,False,0.34292445045014,0.9653333333333334,0.428771539478657,0.9259576901086335,0.9666666666666667,1788.3999999999996,,92.29678201675415,,736,4,16,6e3df8c2ae7503394992a62eaa877ace7721f2bc,False
complete,pendigits,pendigits__dyn__block-hamiltonian__L16__lr0.01__bs32__seed3,results/runs/pendigits_ablation_singular-vector-only/pendigits__dyn__block-hamiltonian__L16__lr0.01__bs32__seed3_seed3,pendigits,dyn,block-hamiltonian,16,3,0.01,32,2000,True,plus,True,False,0.3146742178066547,0.9586666666666667,0.3539951548090017,0.9391080617495712,0.9666666666666667,1758.0,,92.34885835647583,,736,4,16,6e3df8c2ae7503394992a62eaa877ace7721f2bc,False
complete,pendigits,pendigits__dyn__block-hamiltonian__L16__lr0.01__bs32__seed4,results/runs/pendigits_ablation_singular-vector-only/pendigits__dyn__block-hamiltonian__L16__lr0.01__bs32__seed4_seed4,pendigits,dyn,block-hamiltonian,16,4,0.01,32,2000,True,plus,True,False,0.33949749215926,0.9626666666666667,0.40458233097794216,0.9376786735277302,0.968,1772.0000000000002,,92.08805203437805,,736,4,16,6e3df8c2ae7503394992a62eaa877ace7721f2bc,False
complete,pendigits,pendigits__dyn__block-hamiltonian__L16__lr0.01__bs32__seed5,results/runs/pendigits_ablation_singular-vector-only/pendigits__dyn__block-hamiltonian__L16__lr0.01__bs32__seed5_seed5,pendigits,dyn,block-hamiltonian,16,5,0.01,32,2000,True,plus,True,False,0.3437764590476179,0.9466666666666667,0.42016836912470806,0.9150943396226415,0.9586666666666667,1737.7333333333333,,90.74992537498474,,736,4,16,6e3df8c2ae7503394992a62eaa877ace7721f2bc,False
complete,pendigits,pendigits__dyn__block-hamiltonian__L16__lr0.01__bs32__seed6,results/runs/pendigits_ablation_singular-vector-only/pendigits__dyn__block-hamiltonian__L16__lr0.01__bs32__seed6_seed6,pendigits,dyn,block-hamiltonian,16,6,0.01,32,2000,True,plus,True,False,0.31846710781982834,0.9506666666666667,0.353337275316491,0.9462550028587764,0.9573333333333334,1747.466666666667,,93.47088623046875,,736,4,16,6e3df8c2ae7503394992a62eaa877ace7721f2bc,False
complete,pendigits,pendigits__dyn__block-hamiltonian__L16__lr0.01__bs32__seed7,results/runs/pendigits_ablation_singular-vector-only/pendigits__dyn__block-hamiltonian__L16__lr0.01__bs32__seed7_seed7,pendigits,dyn,block-hamiltonian,16,7,0.01,32,2000,True,plus,True,False,0.3152457326124013,0.9586666666666667,0.37147935847727126,0.9365351629502573,0.9586666666666667,1768.3333333333333,,88.97674608230591,,736,4,16,6e3df8c2ae7503394992a62eaa877ace7721f2bc,False
complete,pendigits,pendigits__dyn__block-hamiltonian__L16__lr0.01__bs32__seed8,results/runs/pendigits_ablation_singular-vector-only/pendigits__dyn__block-hamiltonian__L16__lr0.01__bs32__seed8_seed8,pendigits,dyn,block-hamiltonian,16,8,0.01,32,2000,True,plus,True,False,0.325331483719345,0.96,0.381191377527425,0.9376786735277302,0.9626666666666667,1766.7333333333333,,91.77091884613037,,736,4,16,6e3df8c2ae7503394992a62eaa877ace7721f2bc,False
complete,pendigits,pendigits__dyn__block-hamiltonian__L16__lr0.01__bs32__seed9,results/runs/pendigits_ablation_singular-vector-only/pendigits__dyn__block-hamiltonian__L16__lr0.01__bs32__seed9_seed9,pendigits,dyn,block-hamiltonian,16,9,0.01,32,2000,True,plus,True,False,0.32435088736013606,0.956,0.3560119893319368,0.9433962264150944,0.956,1766.9333333333334,,91.2490587234497,,736,4,16,6e3df8c2ae7503394992a62eaa877ace7721f2bc,False
complete,pendigits,pendigits__dyn__block-hamiltonian__L1__lr0.01__bs32__seed0,results/runs/pendigits_ablation_singular-vector-only/pendigits__dyn__block-hamiltonian__L1__lr0.01__bs32__seed0_seed0,pendigits,dyn,block-hamiltonian,1,0,0.01,32,2000,True,plus,True,False,1.4251915292822237,0.5466666666666666,1.4327299257989339,0.5145797598627787,0.5693333333333334,993.2666666666667,,18.52512550354004,,46,4,16,6e3df8c2ae7503394992a62eaa877ace7721f2bc,False
complete,pendigits,pendigits__dyn__block-hamiltonian__L1__lr0.01__bs32__seed10,results/runs/pendigits_ablation_singular-vector-only/pendigits__dyn__block-hamiltonian__L1__lr0.01__bs32__seed10_seed10,pendigits,dyn,block-hamiltonian,1,10,0.01,32,2000,True,plus,True,False,1.448124285277179,0.5693333333333334,1.5131098016979245,0.5277301315037164,0.62,1068.3333333333335,,19.256857872009277,,46,4,16,6e3df8c2ae7503394992a62eaa877ace7721f2bc,False
complete,pendigits,pendigits__dyn__block-hamiltonian__L1__lr0.01__bs32__seed11,results/runs/pendigits_ablation_singular-vector-only/pendigits__dyn__block-hamiltonian__L1__lr0.01__bs32__seed11_seed11,pendigits,dyn,block-hamiltonian,1,11,0.01,32,2000,True,plus,True,False,1.4500800824085378,0.5773333333333334,1.5049238049709768,0.5574614065180102,0.656,1055.3999999999999,,18.060317039489746,,46,4,16,6e3df8c2ae7503394992a62eaa877ace7721f2bc,False
complete,pendigits,pendigits__dyn__block-hamiltonian__L1__lr0.01__bs32__seed12,results/runs/pendigits_ablation_singular-vector-only/pendigits__dyn__block-hamiltonian__L1__lr0.01__bs32__seed12_seed12,pendigits,dyn,block-hamiltonian,1,12,0.01,32,2000,True,plus,True,False,1.4553341243085525,0.64,1.5075017060933043,0.5820468839336764,0.6466666666666666,1077.5333333333333,,19.2580828666687,,46,4,16,6e3df8c2ae7503394992a62eaa877ace7721f2bc,False
complete,pendigits,pendigits__dyn__block-hamiltonian__L1__lr0.01__bs32__seed13,results/runs/pendigits_ablation_singular-vector-only/pendigits__dyn__block-hamiltonian__L1__lr0.01__bs32__seed13_seed13,pendigits,dyn,block-hamiltonian,1,13,0.01,32,2000,True,plus,True,False,1.4645260418944115,0.588,1.5270773250220437,0.5408805031446541,0.624,1093.0000000000002,,18.71036648750305,,46,4,16,6e3df8c2ae7503394992a62eaa877ace7721f2bc,False
complete,pendigits,pendigits__dyn__block-hamiltonian__L1__lr0.01__bs32__seed14,results/runs/pendigits_ablation_singular-vector-only/pendigits__dyn__block-hamiltonian__L1__lr0.01__bs32__seed14_seed14,pendigits,dyn,block-hamiltonian,1,14,0.01,32,2000,True,plus,True,False,1.4471579471002152,0.6453333333333333,1.5358058195994273,0.5914808461978274,0.6453333333333333,1057.5333333333335,,18.71887755393982,,46,4,16,6e3df8c2ae7503394992a62eaa877ace7721f2bc,False
complete,pendigits,pendigits__dyn__block-hamiltonian__L1__lr0.01__bs32__seed15,results/runs/pendigits_ablation_singular-vector-only/pendigits__dyn__block-hamiltonian__L1__lr0.01__bs32__seed15_seed15,pendigits,dyn,block-hamiltonian,1,15,0.01,32,2000,True,plus,True,False,1.442768822992549,0.6053333333333333,1.5076490490196057,0.5574614065180102,0.6333333333333333,1074.1999999999998,,19.16619873046875,,46,4,16,6e3df8c2ae7503394992a62eaa877ace7721f2bc,False
complete,pendigits,pendigits__dyn__block-hamiltonian__L1__lr0.01__bs32__seed16,results/runs/pendigits_ablation_singular-vector-only/pendigits__dyn__block-hamiltonian__L1__lr0.01__bs32__seed16_seed16,pendigits,dyn,block-hamiltonian,1,16,0.01,32,2000,True,plus,True,False,1.4504718168887873,0.5613333333333334,1.494660315876882,0.5251572327044025,0.644,1036.0666666666666,,19.996009826660156,,46,4,16,6e3df8c2ae7503394992a62eaa877ace7721f2bc,False
complete,pendigits,pendigits__dyn__block-hamiltonian__L1__lr0.01__bs32__seed17,results/runs/pendigits_ablation_singular-vector-only/pendigits__dyn__block-hamiltonian__L1__lr0.01__bs32__seed17_seed17,pendigits,dyn,block-hamiltonian,1,17,0.01,32,2000,True,plus,True,False,1.4562009467635093,0.568,1.505474917315942,0.5200114351057747,0.64,1086.7333333333336,,19.150019884109497,,46,4,16,6e3df8c2ae7503394992a62eaa877ace7721f2bc,False
complete,pendigits,pendigits__dyn__block-hamiltonian__L1__lr0.01__bs32__seed18,results/runs/pendigits_ablation_singular-vector-only/pendigits__dyn__block-hamiltonian__L1__lr0.01__bs32__seed18_seed18,pendigits,dyn,block-hamiltonian,1,18,0.01,32,2000,True,plus,True,False,1.4412773237590484,0.5853333333333334,1.5051627241134073,0.5240137221269296,0.648,1084.8666666666666,,18.342323303222656,,46,4,16,6e3df8c2ae7503394992a62eaa877ace7721f2bc,False
complete,pendigits,pendigits__dyn__block-hamiltonian__L1__lr0.01__bs32__seed19,results/runs/pendigits_ablation_singular-vector-only/pendigits__dyn__block-hamiltonian__L1__lr0.01__bs32__seed19_seed19,pendigits,dyn,block-hamiltonian,1,19,0.01,32,2000,True,plus,True,False,1.444095266306696,0.6173333333333333,1.5105771697848538,0.5809033733562036,0.6346666666666667,1076.1333333333332,,18.288255214691162,,46,4,16,6e3df8c2ae7503394992a62eaa877ace7721f2bc,False
complete,pendigits,pendigits__dyn__block-hamiltonian__L1__lr0.01__bs32__seed1,results/runs/pendigits_ablation_singular-vector-only/pendigits__dyn__block-hamiltonian__L1__lr0.01__bs32__seed1_seed1,pendigits,dyn,block-hamiltonian,1,1,0.01,32,2000,True,plus,True,False,1.4604377152035917,0.616,1.533081826556527,0.5789022298456261,0.636,1089.0666666666666,,18.110844373703003,,46,4,16,6e3df8c2ae7503394992a62eaa877ace7721f2bc,False
complete,pendigits,pendigits__dyn__block-hamiltonian__L1__lr0.01__bs32__seed2,results/runs/pendigits_ablation_singular-vector-only/pendigits__dyn__block-hamiltonian__L1__lr0.01__bs32__seed2_seed2,pendigits,dyn,block-hamiltonian,1,2,0.01,32,2000,True,plus,True,False,1.4486392411157096,0.6053333333333333,1.5083100861397267,0.5628930817610063,0.6173333333333333,1068.8666666666663,,19.40345811843872,,46,4,16,6e3df8c2ae7503394992a62eaa877ace7721f2bc,False
complete,pendigits,pendigits__dyn__block-hamiltonian__L1__lr0.01__bs32__seed3,results/runs/pendigits_ablation_singular-vector-only/pendigits__dyn__block-hamiltonian__L1__lr0.01__bs32__seed3_seed3,pendigits,dyn,block-hamiltonian,1,3,0.01,32,2000,True,plus,True,False,1.4489987155775255,0.5826666666666667,1.514084220355012,0.5548885077186964,0.636,1085.8666666666666,,19.88203454017639,,46,4,16,6e3df8c2ae7503394992a62eaa877ace7721f2bc,False
complete,pendigits,pendigits__dyn__block-hamiltonian__L1__lr0.01__bs32__seed4,results/runs/pendigits_ablation_singular-vector-only/pendigits__dyn__block-hamiltonian__L1__lr0.01__bs32__seed4_seed4,pendigits,dyn,block-hamiltonian,1,4,0.01,32,2000,True,plus,True,False,1.4437162547576647,0.584,1.50316456729867,0.5583190394511149,0.6133333333333333,1067.0,,19.553816556930542,,46,4,16,6e3df8c2ae7503394992a62eaa877ace7721f2bc,False
complete,pendigits,pendigits__dyn__block-hamiltonian__L1__lr0.01__bs32__seed5,results/runs/pendigits_ablation_singular-vector-only/pendigits__dyn__block-hamiltonian__L1__lr0.01__bs32__seed5_seed5,pendigits,dyn,block-hamiltonian,1,5,0.01,32,2000,True,plus,True,False,1.4405721445000312,0.596,1.5012316551818783,0.5417381360777587,0.6453333333333333,1073.0,,18.385804176330566,,46,4,16,6e3df8c2ae7503394992a62eaa877ace7721f2bc,False
complete,pendigits,pendigits__dyn__block-hamiltonian__L1__lr0.01__bs32__seed6,results/runs/pendigits_ablation_singular-vector-only/pendigits__dyn__block-hamiltonian__L1__lr0.01__bs32__seed6_seed6,pendigits,dyn,block-hamiltonian,1,6,0.01,32,2000,True,plus,True,False,1.4681720597684014,0.636,1.5281993519562787,0.5731846769582619,0.636,1074.0666666666666,,18.292128324508667,,46,4,16,6e3df8c2ae7503394992a62eaa877ace7721f2bc,False
complete,pendigits,pendigits__dyn__block-hamiltonian__L1__lr0.01__bs32__seed7,results/runs/pendigits_ablation_singular-vector-only/pendigits__dyn__block-hamiltonian__L1__lr0.01__bs32__seed7_seed7,pendigits,dyn,block-hamiltonian,1,7,0.01,32,2000,True,plus,True,False,1.4447479758283808,0.6133333333333333,1.5137210984577991,0.5648942252715837,0.6266666666666667,1087.1333333333334,,19.63076114654541,,46,4,16,6e3df8c2ae7503394992a62eaa877ace7721f2bc,False
complete,pendigits,pendigits__dyn__block-hamiltonian__L1__lr0.01__bs32__seed8,results/runs/pendigits_ablation_singular-vector-only/pendigits__dyn__block-hamiltonian__L1__lr0.01__bs32__seed8_seed8,pendigits,dyn,block-hamiltonian,1,8,0.01,32,2000,True,plus,True,False,1.4411872464511113,0.5973333333333334,1.5078017604943497,0.5494568324757004,0.6333333333333333,1086.2,,18.110151529312134,,46,4,16,6e3df8c2ae7503394992a62eaa877ace7721f2bc,False
complete,pendigits,pendigits__dyn__block-hamiltonian__L1__lr0.01__bs32__seed9,results/runs/pendigits_ablation_singular-vector-only/pendigits__dyn__block-hamiltonian__L1__lr0.01__bs32__seed9_seed9,pendigits,dyn,block-hamiltonian,1,9,0.01,32,2000,True,plus,True,False,1.4540697652335755,0.564,1.507707975557227,0.5145797598627787,0.6413333333333333,1082.1333333333334,,18.775229454040527,,46,4,16,6e3df8c2ae7503394992a62eaa877ace7721f2bc,False
complete,pendigits,pendigits__dyn__block-hamiltonian__L2__lr0.01__bs32__seed0,results/runs/pendigits_ablation_singular-vector-only/pendigits__dyn__block-hamiltonian__L2__lr0.01__bs32__seed0_seed0,pendigits,dyn,block-hamiltonian,2,0,0.01,32,2000,True,plus,True,False,1.0162977892609297,0.8026666666666666,1.0926569096761853,0.7415666094911378,0.8226666666666667,1462.2666666666667,,22.374816179275513,,92,4,16,6e3df8c2ae7503394992a62eaa877ace7721f2bc,False
complete,pendigits,pendigits__dyn__block-hamiltonian__L2__lr0.01__bs32__seed10,results/runs/pendigits_ablation_singular-vector-only/pendigits__dyn__block-hamiltonian__L2__lr0.01__bs32__seed10_seed10,pendigits,dyn,block-hamiltonian,2,10,0.01,32,2000,True,plus,True,False,1.028354967168251,0.796,1.0810579413478625,0.7807318467695826,0.8133333333333334,1477.4666666666667,,22.77579116821289,,92,4,16,6e3df8c2ae7503394992a62eaa877ace7721f2bc,False
complete,pendigits,pendigits__dyn__block-hamiltonian__L2__lr0.01__bs32__seed11,results/runs/pendigits_ablation_singular-vector-only/pendigits__dyn__block-hamiltonian__L2__lr0.01__bs32__seed11_seed11,pendigits,dyn,block-hamiltonian,2,11,0.01,32,2000,True,plus,True,False,1.058228765398614,0.756,1.0917492245810718,0.7155517438536306,0.7893333333333333,1413.8666666666666,,23.284731149673462,,92,4,16,6e3df8c2ae7503394992a62eaa877ace7721f2bc,False
complete,pendigits,pendigits__dyn__block-hamiltonian__L2__lr0.01__bs32__seed12,results/runs/pendigits_ablation_singular-vector-only/pendigits__dyn__block-hamiltonian__L2__lr0.01__bs32__seed12_seed12,pendigits,dyn,block-hamiltonian,2,12,0.01,32,2000,True,plus,True,False,1.1253243876109298,0.7666666666666667,1.1766217739060654,0.7427101200686106,0.7706666666666667,1399.0666666666666,,23.89641809463501,,92,4,16,6e3df8c2ae7503394992a62eaa877ace7721f2bc,False
complete,pendigits,pendigits__dyn__block-hamiltonian__L2__lr0.01__bs32__seed13,results/runs/pendigits_ablation_singular-vector-only/pendigits__dyn__block-hamiltonian__L2__lr0.01__bs32__seed13_seed13,pendigits,dyn,block-hamiltonian,2,13,0.01,32,2000,True,plus,True,False,1.0166633456460652,0.8133333333333334,1.0662254516319292,0.7701543739279588,0.8133333333333334,1473.6000000000001,,24.02625608444214,,92,4,16,6e3df8c2ae7503394992a62eaa877ace7721f2bc,False
complete,pendigits,pendigits__dyn__block-hamiltonian__L2__lr0.01__bs32__seed14,results/runs/pendigits_ablation_singular-vector-only/pendigits__dyn__block-hamiltonian__L2__lr0.01__bs32__seed14_seed14,pendigits,dyn,block-hamiltonian,2,14,0.01,32,2000,True,plus,True,False,0.9893470451203886,0.8013333333333333,1.087863560606683,0.7235563178959405,0.8146666666666667,1459.133333333333,,22.931573390960693,,92,4,16,6e3df8c2ae7503394992a62eaa877ace7721f2bc,False
complete,pendigits,pendigits__dyn__block-hamiltonian__L2__lr0.01__bs32__seed15,results/runs/pendigits_ablation_singular-vector-only/pendigits__dyn__block-hamiltonian__L2__lr0.01__bs32__seed15_seed15,pendigits,dyn,block-hamiltonian,2,15,0.01,32,2000,True,plus,True,False,1.0146541254452857,0.7786666666666666,1.048705608164866,0.7489994282447112,0.8026666666666666,1429.2666666666669,,23.332796335220337,,92,4,16,6e3df8c2ae7503394992a62eaa877ace7721f2bc,False
complete,pendigits,pendigits__dyn__block-hamiltonian__L2__lr0.01__bs32__seed16,results/runs/pendigits_ablation_singular-vector-only/pendigits__dyn__block-hamiltonian__L2__lr0.01__bs32__seed16_seed16,pendigits,dyn,block-hamiltonian,2,16,0.01,32,2000,True,plus,True,False,1.0405748067440537,0.7706666666666667,1.100369297368736,0.7144082332761578,0.8173333333333334,1499.5333333333333,,22.54892086982727,,92,4,16,6e3df8c2ae7503394992a62eaa877ace7721f2bc,False
complete,pendigits,pendigits__dyn__block-hamiltonian__L2__lr0.01__bs32__seed17,results/runs/pendigits_ablation_singular-vector-only/pendigits__dyn__block-hamiltonian__L2__lr0.01__bs32__seed17_seed17,pendigits,dyn,block-hamiltonian,2,17,0.01,32,2000,True,plus,True,False,1.0260184701872666,0.836,1.053716699073413,0.7901658090337336,0.836,1456.4000000000003,,22.359736680984497,,92,4,16,6e3df8c2ae7503394992a62eaa877ace7721f2bc,False
complete,pendigits,pendigits__dyn__block-hamiltonian__L2__lr0.01__bs32__seed18,results/runs/pendigits_ablation_singular-vector-only/pendigits__dyn__block-hamiltonian__L2__lr0.01__bs32__seed18_seed18,pendigits,dyn,block-hamiltonian,2,18,0.01,32,2000,True,plus,True,False,1.0406331263043849,0.8066666666666666,1.0776161594786884,0.7732990280160091,0.8133333333333334,1462.6666666666667,,23.37920618057251,,92,4,16,6e3df8c2ae7503394992a62eaa877ace7721f2bc,False
complete,pendigits,pendigits__dyn__block-hamiltonian__L2__lr0.01__bs32__seed19,results/runs/pendigits_ablation_singular-vector-only/pendigits__dyn__block-hamiltonian__L2__lr0.01__bs32__seed19_seed19,pendigits,dyn,block-hamiltonian,2,19,0.01,32,2000,True,plus,True,False,1.0148697012385652,0.8066666666666666,1.0718390145412047,0.7821612349914236,0.8093333333333333,1469.6666666666667,,23.143240690231323,,92,4,16,6e3df8c2ae7503394992a62eaa877ace7721f2bc,False
complete,pendigits,pendigits__dyn__block-hamiltonian__L2__lr0.01__bs32__seed1,results/runs/pendigits_ablation_singular-vector-only/pendigits__dyn__block-hamiltonian__L2__lr0.01__bs32__seed1_seed1,pendigits,dyn,block-hamiltonian,2,1,0.01,32,2000,True,plus,True,False,1.0759558003925407,0.7373333333333333,1.118036952080044,0.7001143510577473,0.776,1397.4666666666667,,22.79156994819641,,92,4,16,6e3df8c2ae7503394992a62eaa877ace7721f2bc,False
complete,pendigits,pendigits__dyn__block-hamiltonian__L2__lr0.01__bs32__seed2,results/runs/pendigits_ablation_singular-vector-only/pendigits__dyn__block-hamiltonian__L2__lr0.01__bs32__seed2_seed2,pendigits,dyn,block-hamiltonian,2,2,0.01,32,2000,True,plus,True,False,1.021070218427764,0.8133333333333334,1.0806427516198258,0.7550028587764437,0.8133333333333334,1499.8000000000002,,23.778692960739136,,92,4,16,6e3df8c2ae7503394992a62eaa877ace7721f2bc,False
complete,pendigits,pendigits__dyn__block-hamiltonian__L2__lr0.01__bs32__seed3,results/runs/pendigits_ablation_singular-vector-only/pendigits__dyn__block-hamiltonian__L2__lr0.01__bs32__seed3_seed3,pendigits,dyn,block-hamiltonian,2,3,0.01,32,2000,True,plus,True,False,0.9736337036380125,0.804,1.0461956305070035,0.7541452258433391,0.8173333333333334,1487.2666666666667,,23.51291275024414,,92,4,16,6e3df8c2ae7503394992a62eaa877ace7721f2bc,False
complete,pendigits,pendigits__dyn__block-hamiltonian__L2__lr0.01__bs32__seed4,results/runs/pendigits_ablation_singular-vector-only/pendigits__dyn__block-hamiltonian__L2__lr0.01__bs32__seed4_seed4,pendigits,dyn,block-hamiltonian,2,4,0.01,32,2000,True,plus,True,False,0.9702760872833149,0.8133333333333334,1.0452878738735414,0.7481417953116066,0.8253333333333334,1483.6666666666667,,23.22678279876709,,92,4,16,6e3df8c2ae7503394992a62eaa877ace7721f2bc,False
complete,pendigits,pendigits__dyn__block-hamiltonian__L2__lr0.01__bs32__seed5,results/runs/pendigits_ablation_singular-vector-only/pendigits__dyn__block-hamiltonian__L2__lr0.01__bs32__seed5_seed5,pendigits,dyn,block-hamiltonian,2,5,0.01,32,2000,True,plus,True,False,0.9672303242815216,0.8066666666666666,1.0220245223202626,0.7604345340194397,0.8226666666666667,1504.3333333333333,,22.91231083869934,,92,4,16,6e3df8c2ae7503394992a62eaa877ace7721f2bc,False
complete,pendigits,pendigits__dyn__block-hamiltonian__L2__lr0.01__bs32__seed6,results/runs/pendigits_ablation_singular-vector-only/pendigits__dyn__block-hamiltonian__L2__lr0.01__bs32__seed6_seed6,pendigits,dyn,block-hamiltonian,2,6,0.01,32,2000,True,plus,True,False,1.000518491205083,0.8066666666666666,1.0711516906568153,0.7878787878787878,0.84,1509.5999999999997,,22.52595853805542,,92,4,16,6e3df8c2ae7503394992a62eaa877ace7721f2bc,False
complete,pendigits,pendigits__dyn__block-hamiltonian__L2__lr0.01__bs32__seed7,results/runs/pendigits_ablation_singular-vector-only/pendigits__dyn__block-hamiltonian__L2__lr0.01__bs32__seed7_seed7,pendigits,dyn,block-hamiltonian,2,7,0.01,32,2000,True,plus,True,False,1.093412153230486,0.804,1.1613860995206717,0.7409948542024014,0.8213333333333334,1462.4666666666665,,22.37947988510132,,92,4,16,6e3df8c2ae7503394992a62eaa877ace7721f2bc,False
complete,pendigits,pendigits__dyn__block-hamiltonian__L2__lr0.01__bs32__seed8,results/runs/pendigits_ablation_singular-vector-only/pendigits__dyn__block-hamiltonian__L2__lr0.01__bs32__seed8_seed8,pendigits,dyn,block-hamiltonian,2,8,0.01,32,2000,True,plus,True,False,1.0119686736879268,0.8093333333333333,1.0601040246985243,0.7604345340194397,0.8186666666666667,1492.7333333333331,,23.38658857345581,,92,4,16,6e3df8c2ae7503394992a62eaa877ace7721f2bc,False
complete,pendigits,pendigits__dyn__block-hamiltonian__L2__lr0.01__bs32__seed9,results/runs/pendigits_ablation_singular-vector-only/pendigits__dyn__block-hamiltonian__L2__lr0.01__bs32__seed9_seed9,pendigits,dyn,block-hamiltonian,2,9,0.01,32,2000,True,plus,True,False,1.0321177002235993,0.7946666666666666,1.1105245757321318,0.7487135506003431,0.804,1418.0666666666666,,23.73124074935913,,92,4,16,6e3df8c2ae7503394992a62eaa877ace7721f2bc,False
complete,pendigits,pendigits__dyn__block-hamiltonian__L32__lr0.01__bs32__seed0,results/runs/pendigits_ablation_singular-vector-only/pendigits__dyn__block-hamiltonian__L32__lr0.01__bs32__seed0_seed0,pendigits,dyn,block-hamiltonian,32,0,0.01,32,2000,True,plus,True,False,0.2750373272903584,0.964,0.34187265182333654,0.9456832475700401,0.9733333333333334,1795.1333333333332,,175.49673438072205,,1472,4,16,0e89babf303b6e108f9a6e4687213f88b28c4e9d,True
complete,pendigits,pendigits__dyn__block-hamiltonian__L32__lr0.01__bs32__seed10,results/runs/pendigits_ablation_singular-vector-only/pendigits__dyn__block-hamiltonian__L32__lr0.01__bs32__seed10_seed10,pendigits,dyn,block-hamiltonian,32,10,0.01,32,2000,True,plus,True,False,0.49230727815573977,0.9306666666666666,0.5360854075430425,0.9013722126929674,0.968,1780.1333333333332,,172.8314723968506,,1472,4,16,6e3df8c2ae7503394992a62eaa877ace7721f2bc,False
complete,pendigits,pendigits__dyn__block-hamiltonian__L32__lr0.01__bs32__seed11,results/runs/pendigits_ablation_singular-vector-only/pendigits__dyn__block-hamiltonian__L32__lr0.01__bs32__seed11_seed11,pendigits,dyn,block-hamiltonian,32,11,0.01,32,2000,True,plus,True,False,0.31598733117030453,0.9706666666666667,0.35141298878389443,0.9582618639222413,0.9733333333333334,1789.0,,181.23005151748657,,1472,4,16,6e3df8c2ae7503394992a62eaa877ace7721f2bc,False
complete,pendigits,pendigits__dyn__block-hamiltonian__L32__lr0.01__bs32__seed12,results/runs/pendigits_ablation_singular-vector-only/pendigits__dyn__block-hamiltonian__L32__lr0.01__bs32__seed12_seed12,pendigits,dyn,block-hamiltonian,32,12,0.01,32,2000,True,plus,True,False,0.2811937132894128,0.9586666666666667,0.3366096252825631,0.9271012006861064,0.9613333333333334,1781.2,,173.47043085098267,,1472,4,16,6e3df8c2ae7503394992a62eaa877ace7721f2bc,False
complete,pendigits,pendigits__dyn__block-hamiltonian__L32__lr0.01__bs32__seed13,results/runs/pendigits_ablation_singular-vector-only/pendigits__dyn__block-hamiltonian__L32__lr0.01__bs32__seed13_seed13,pendigits,dyn,block-hamiltonian,32,13,0.01,32,2000,True,plus,True,False,0.35542616170650354,0.964,0.43867134539160363,0.931961120640366,0.9693333333333334,1790.933333333333,,174.60803771018982,,1472,4,16,6e3df8c2ae7503394992a62eaa877ace7721f2bc,False
complete,pendigits,pendigits__dyn__block-hamiltonian__L32__lr0.01__bs32__seed14,results/runs/pendigits_ablation_singular-vector-only/pendigits__dyn__block-hamiltonian__L32__lr0.01__bs32__seed14_seed14,pendigits,dyn,block-hamiltonian,32,14,0.01,32,2000,True,plus,True,False,0.3046111196581277,0.9626666666666667,0.3538620395164109,0.9485420240137221,0.984,1806.4666666666665,,176.70809626579285,,1472,4,16,6e3df8c2ae7503394992a62eaa877ace7721f2bc,False
complete,pendigits,pendigits__dyn__block-hamiltonian__L32__lr0.01__bs32__seed15,results/runs/pendigits_ablation_singular-vector-only/pendigits__dyn__block-hamiltonian__L32__lr0.01__bs32__seed15_seed15,pendigits,dyn,block-hamiltonian,32,15,0.01,32,2000,True,plus,True,False,1.1511416805170864,0.7586666666666667,1.280655990892577,0.6875357347055461,0.976,1759.2000000000003,,177.9033272266388,,1472,4,16,6e3df8c2ae7503394992a62eaa877ace7721f2bc,False
complete,pendigits,pendigits__dyn__block-hamiltonian__L32__lr0.01__bs32__seed16,results/runs/pendigits_ablation_singular-vector-only/pendigits__dyn__block-hamiltonian__L32__lr0.01__bs32__seed16_seed16,pendigits,dyn,block-hamiltonian,32,16,0.01,32,2000,True,plus,True,False,2.109194952631847,0.24933333333333332,2.212803855999514,0.23241852487135506,0.9693333333333334,1730.3333333333335,,175.60799264907837,,1472,4,16,6e3df8c2ae7503394992a62eaa877ace7721f2bc,False
complete,pendigits,pendigits__dyn__block-hamiltonian__L32__lr0.01__bs32__seed17,results/runs/pendigits_ablation_singular-vector-only/pendigits__dyn__block-hamiltonian__L32__lr0.01__bs32__seed17_seed17,pendigits,dyn,block-hamiltonian,32,17,0.01,32,2000,True,plus,True,False,0.32970440659187666,0.9613333333333334,0.38061778033980276,0.9299599771297884,0.9613333333333334,1767.4666666666665,,175.72032856941223,,1472,4,16,6e3df8c2ae7503394992a62eaa877ace7721f2bc,False
complete,pendigits,pendigits__dyn__block-hamiltonian__L32__lr0.01__bs32__seed18,results/runs/pendigits_ablation_singular-vector-only/pendigits__dyn__block-hamiltonian__L32__lr0.01__bs32__seed18_seed18,pendigits,dyn,block-hamiltonian,32,18,0.01,32,2000,True,plus,True,False,0.33095357973124806,0.972,0.38176276618468025,0.9554030874785592,0.9746666666666667,1802.5333333333333,,177.41564559936523,,1472,4,16,6e3df8c2ae7503394992a62eaa877ace7721f2bc,False
complete,pendigits,pendigits__dyn__block-hamiltonian__L32__lr0.01__bs32__seed19,results/runs/pendigits_ablation_singular-vector-only/pendigits__dyn__block-hamiltonian__L32__lr0.01__bs32__seed19_seed19,pendigits,dyn,block-hamiltonian,32,19,0.01,32,2000,True,plus,True,False,0.3201071856772744,0.9746666666666667,0.3609414571422378,0.9522584333905089,0.9746666666666667,1751.8666666666668,,173.2740535736084,,1472,4,16,6e3df8c2ae7503394992a62eaa877ace7721f2bc,False
complete,pendigits,pendigits__dyn__block-hamiltonian__L32__lr0.01__bs32__seed1,results/runs/pendigits_ablation_singular-vector-only/pendigits__dyn__block-hamiltonian__L32__lr0.01__bs32__seed1_seed1,pendigits,dyn,block-hamiltonian,32,1,0.01,32,2000,True,plus,True,False,0.2786902672081282,0.976,0.3388308179917423,0.9516866781017724,0.976,1773.8,,177.1586730480194,,1472,4,16,0e89babf303b6e108f9a6e4687213f88b28c4e9d,True
complete,pendigits,pendigits__dyn__block-hamiltonian__L32__lr0.01__bs32__seed2,results/runs/pendigits_ablation_singular-vector-only/pendigits__dyn__block-hamiltonian__L32__lr0.01__bs32__seed2_seed2,pendigits,dyn,block-hamiltonian,32,2,0.01,32,2000,True,plus,True,False,0.28042621106822757,0.968,0.34157513819003055,0.9465408805031447,0.9693333333333334,1746.1333333333332,,180.0597140789032,,1472,4,16,6e3df8c2ae7503394992a62eaa877ace7721f2bc,False
complete,pendigits,pendigits__dyn__block-hamiltonian__L32__lr0.01__bs32__seed3,results/runs/pendigits_ablation_singular-vector-only/pendigits__dyn__block-hamiltonian__L32__lr0.01__bs32__seed3_seed3,pendigits,dyn,block-hamiltonian,32,3,0.01,32,2000,True,plus,True,False,0.4969692333119848,0.9333333333333333,0.5744768947842293,0.8847913093196113,0.9813333333333333,1789.2,,176.20914030075073,,1472,4,16,6e3df8c2ae7503394992a62eaa877ace7721f2bc,False
complete,pendigits,pendigits__dyn__block-hamiltonian__L32__lr0.01__bs32__seed4,results/runs/pendigits_ablation_singular-vector-only/pendigits__dyn__block-hamiltonian__L32__lr0.01__bs32__seed4_seed4,pendigits,dyn,block-hamiltonian,32,4,0.01,32,2000,True,plus,True,False,0.38222994083599693,0.9506666666666667,0.44725217671124573,0.9236706689536878,0.964,1783.3999999999999,,176.86429595947266,,1472,4,16,6e3df8c2ae7503394992a62eaa877ace7721f2bc,False
complete,pendigits,pendigits__dyn__block-hamiltonian__L32__lr0.01__bs32__seed5,results/runs/pendigits_ablation_singular-vector-only/pendigits__dyn__block-hamiltonian__L32__lr0.01__bs32__seed5_seed5,pendigits,dyn,block-hamiltonian,32,5,0.01,32,2000,True,plus,True,False,0.34703663164774906,0.96,0.4247903176913966,0.9188107489994283,0.9693333333333334,1696.2666666666667,,176.80290055274963,,1472,4,16,6e3df8c2ae7503394992a62eaa877ace7721f2bc,False
complete,pendigits,pendigits__dyn__block-hamiltonian__L32__lr0.01__bs32__seed6,results/runs/pendigits_ablation_singular-vector-only/pendigits__dyn__block-hamiltonian__L32__lr0.01__bs32__seed6_seed6,pendigits,dyn,block-hamiltonian,32,6,0.01,32,2000,True,plus,True,False,0.26028491747158156,0.9773333333333334,0.31309325224162565,0.9599771297884505,0.98,1794.8,,173.17259979248047,,1472,4,16,6e3df8c2ae7503394992a62eaa877ace7721f2bc,False
complete,pendigits,pendigits__dyn__block-hamiltonian__L32__lr0.01__bs32__seed7,results/runs/pendigits_ablation_singular-vector-only/pendigits__dyn__block-hamiltonian__L32__lr0.01__bs32__seed7_seed7,pendigits,dyn,block-hamiltonian,32,7,0.01,32,2000,True,plus,True,False,0.23595347909708728,0.976,0.29530958632851156,0.9431103487707261,0.984,1789.3999999999996,,175.2508864402771,,1472,4,16,6e3df8c2ae7503394992a62eaa877ace7721f2bc,False
complete,pendigits,pendigits__dyn__block-hamiltonian__L32__lr0.01__bs32__seed8,results/runs/pendigits_ablation_singular-vector-only/pendigits__dyn__block-hamiltonian__L32__lr0.01__bs32__seed8_seed8,pendigits,dyn,block-hamiltonian,32,8,0.01,32,2000,True,plus,True,False,0.33141847400841107,0.9546666666666667,0.3712260715213439,0.9336763865065751,0.9746666666666667,1793.5333333333333,,175.9586899280548,,1472,4,16,6e3df8c2ae7503394992a62eaa877ace7721f2bc,False
complete,pendigits,pendigits__dyn__block-hamiltonian__L32__lr0.01__bs32__seed9,results/runs/pendigits_ablation_singular-vector-only/pendigits__dyn__block-hamiltonian__L32__lr0.01__bs32__seed9_seed9,pendigits,dyn,block-hamiltonian,32,9,0.01,32,2000,True,plus,True,False,0.28755262560444883,0.9666666666666667,0.3432909276882015,0.9459691252144082,0.9666666666666667,1741.4666666666672,,175.676025390625,,1472,4,16,6e3df8c2ae7503394992a62eaa877ace7721f2bc,False
complete,pendigits,pendigits__dyn__block-hamiltonian__L4__lr0.01__bs32__seed0,results/runs/pendigits_ablation_singular-vector-only/pendigits__dyn__block-hamiltonian__L4__lr0.01__bs32__seed0_seed0,pendigits,dyn,block-hamiltonian,4,0,0.01,32,2000,True,plus,True,False,0.6865352906922783,0.8933333333333333,0.7373853633222683,0.8524871355060034,0.8986666666666666,1649.7333333333336,,33.61960029602051,,184,4,16,6e3df8c2ae7503394992a62eaa877ace7721f2bc,False
complete,pendigits,pendigits__dyn__block-hamiltonian__L4__lr0.01__bs32__seed10,results/runs/pendigits_ablation_singular-vector-only/pendigits__dyn__block-hamiltonian__L4__lr0.01__bs32__seed10_seed10,pendigits,dyn,block-hamiltonian,4,10,0.01,32,2000,True,plus,True,False,0.6565192793785463,0.9,0.7023807464129881,0.8702115494568324,0.9146666666666666,1650.2666666666667,,31.659552335739136,,184,4,16,6e3df8c2ae7503394992a62eaa877ace7721f2bc,False
complete,pendigits,pendigits__dyn__block-hamiltonian__L4__lr0.01__bs32__seed11,results/runs/pendigits_ablation_singular-vector-only/pendigits__dyn__block-hamiltonian__L4__lr0.01__bs32__seed11_seed11,pendigits,dyn,block-hamiltonian,4,11,0.01,32,2000,True,plus,True,False,0.6748436927999387,0.8786666666666667,0.7397600845629138,0.839622641509434,0.8933333333333333,1631.3333333333335,,32.884904623031616,,184,4,16,6e3df8c2ae7503394992a62eaa877ace7721f2bc,False
complete,pendigits,pendigits__dyn__block-hamiltonian__L4__lr0.01__bs32__seed12,results/runs/pendigits_ablation_singular-vector-only/pendigits__dyn__block-hamiltonian__L4__lr0.01__bs32__seed12_seed12,pendigits,dyn,block-hamiltonian,4,12,0.01,32,2000,True,plus,True,False,0.71658036696526,0.8866666666666667,0.775775219752962,0.8384791309319611,0.8946666666666667,1637.4,,32.839733362197876,,184,4,16,6e3df8c2ae7503394992a62eaa877ace7721f2bc,False
complete,pendigits,pendigits__dyn__block-hamiltonian__L4__lr0.01__bs32__seed13,results/runs/pendigits_ablation_singular-vector-only/pendigits__dyn__block-hamiltonian__L4__lr0.01__bs32__seed13_seed13,pendigits,dyn,block-hamiltonian,4,13,0.01,32,2000,True,plus,True,False,1.2301279389353508,0.68,1.274884341466862,0.6778158947970269,0.904,1658.3333333333335,,32.59729290008545,,184,4,16,6e3df8c2ae7503394992a62eaa877ace7721f2bc,False
complete,pendigits,pendigits__dyn__block-hamiltonian__L4__lr0.01__bs32__seed14,results/runs/pendigits_ablation_singular-vector-only/pendigits__dyn__block-hamiltonian__L4__lr0.01__bs32__seed14_seed14,pendigits,dyn,block-hamiltonian,4,14,0.01,32,2000,True,plus,True,False,0.7409727653754147,0.86,0.8346618500881274,0.8256146369353916,0.912,1626.7333333333331,,33.75243353843689,,184,4,16,6e3df8c2ae7503394992a62eaa877ace7721f2bc,False
complete,pendigits,pendigits__dyn__block-hamiltonian__L4__lr0.01__bs32__seed15,results/runs/pendigits_ablation_singular-vector-only/pendigits__dyn__block-hamiltonian__L4__lr0.01__bs32__seed15_seed15,pendigits,dyn,block-hamiltonian,4,15,0.01,32,2000,True,plus,True,False,0.6690421061044105,0.8786666666666667,0.7406809047923962,0.8450543167524299,0.884,1625.2,,31.91585421562195,,184,4,16,6e3df8c2ae7503394992a62eaa877ace7721f2bc,False
complete,pendigits,pendigits__dyn__block-hamiltonian__L4__lr0.01__bs32__seed16,results/runs/pendigits_ablation_singular-vector-only/pendigits__dyn__block-hamiltonian__L4__lr0.01__bs32__seed16_seed16,pendigits,dyn,block-hamiltonian,4,16,0.01,32,2000,True,plus,True,False,0.6481515931201297,0.8986666666666666,0.7162235604318378,0.8459119496855346,0.908,1667.3999999999999,,32.28951334953308,,184,4,16,6e3df8c2ae7503394992a62eaa877ace7721f2bc,False
complete,pendigits,pendigits__dyn__block-hamiltonian__L4__lr0.01__bs32__seed17,results/runs/pendigits_ablation_singular-vector-only/pendigits__dyn__block-hamiltonian__L4__lr0.01__bs32__seed17_seed17,pendigits,dyn,block-hamiltonian,4,17,0.01,32,2000,True,plus,True,False,0.6668348586266168,0.8986666666666666,0.7346901721372269,0.8636363636363636,0.9093333333333333,1675.3333333333333,,31.554107189178467,,184,4,16,6e3df8c2ae7503394992a62eaa877ace7721f2bc,False
complete,pendigits,pendigits__dyn__block-hamiltonian__L4__lr0.01__bs32__seed18,results/runs/pendigits_ablation_singular-vector-only/pendigits__dyn__block-hamiltonian__L4__lr0.01__bs32__seed18_seed18,pendigits,dyn,block-hamiltonian,4,18,0.01,32,2000,True,plus,True,False,0.6722249951310638,0.9013333333333333,0.7215350502173571,0.8662092624356775,0.908,1670.3333333333333,,34.71379566192627,,184,4,16,6e3df8c2ae7503394992a62eaa877ace7721f2bc,False
complete,pendigits,pendigits__dyn__block-hamiltonian__L4__lr0.01__bs32__seed19,results/runs/pendigits_ablation_singular-vector-only/pendigits__dyn__block-hamiltonian__L4__lr0.01__bs32__seed19_seed19,pendigits,dyn,block-hamiltonian,4,19,0.01,32,2000,True,plus,True,False,0.7005651212288632,0.8893333333333333,0.7505633657650653,0.8513436249285306,0.8893333333333333,1640.0666666666666,,33.044623374938965,,184,4,16,6e3df8c2ae7503394992a62eaa877ace7721f2bc,False
complete,pendigits,pendigits__dyn__block-hamiltonian__L4__lr0.01__bs32__seed1,results/runs/pendigits_ablation_singular-vector-only/pendigits__dyn__block-hamiltonian__L4__lr0.01__bs32__seed1_seed1,pendigits,dyn,block-hamiltonian,4,1,0.01,32,2000,True,plus,True,False,0.9130185644162084,0.8173333333333334,0.959976178854931,0.7990280160091481,0.9066666666666666,1659.0,,34.857110261917114,,184,4,16,6e3df8c2ae7503394992a62eaa877ace7721f2bc,False
complete,pendigits,pendigits__dyn__block-hamiltonian__L4__lr0.01__bs32__seed2,results/runs/pendigits_ablation_singular-vector-only/pendigits__dyn__block-hamiltonian__L4__lr0.01__bs32__seed2_seed2,pendigits,dyn,block-hamiltonian,4,2,0.01,32,2000,True,plus,True,False,0.6343471017619714,0.912,0.7295967856288537,0.8770726129216695,0.9133333333333333,1671.6000000000004,,33.96956658363342,,184,4,16,6e3df8c2ae7503394992a62eaa877ace7721f2bc,False
complete,pendigits,pendigits__dyn__block-hamiltonian__L4__lr0.01__bs32__seed3,results/runs/pendigits_ablation_singular-vector-only/pendigits__dyn__block-hamiltonian__L4__lr0.01__bs32__seed3_seed3,pendigits,dyn,block-hamiltonian,4,3,0.01,32,2000,True,plus,True,False,0.6671612306527063,0.904,0.6983965997089093,0.89136649514008,0.9066666666666666,1651.0666666666664,,31.080426454544067,,184,4,16,6e3df8c2ae7503394992a62eaa877ace7721f2bc,False
complete,pendigits,pendigits__dyn__block-hamiltonian__L4__lr0.01__bs32__seed4,results/runs/pendigits_ablation_singular-vector-only/pendigits__dyn__block-hamiltonian__L4__lr0.01__bs32__seed4_seed4,pendigits,dyn,block-hamiltonian,4,4,0.01,32,2000,True,plus,True,False,0.6552914613183709,0.8906666666666667,0.7212282308421619,0.8564894225271584,0.9013333333333333,1636.1333333333334,,32.368736028671265,,184,4,16,6e3df8c2ae7503394992a62eaa877ace7721f2bc,False
complete,pendigits,pendigits__dyn__block-hamiltonian__L4__lr0.01__bs32__seed5,results/runs/pendigits_ablation_singular-vector-only/pendigits__dyn__block-hamiltonian__L4__lr0.01__bs32__seed5_seed5,pendigits,dyn,block-hamiltonian,4,5,0.01,32,2000,True,plus,True,False,0.6865658773188379,0.8986666666666666,0.7620550592028534,0.8513436249285306,0.912,1637.6000000000001,,33.8667426109314,,184,4,16,6e3df8c2ae7503394992a62eaa877ace7721f2bc,False
complete,pendigits,pendigits__dyn__block-hamiltonian__L4__lr0.01__bs32__seed6,results/runs/pendigits_ablation_singular-vector-only/pendigits__dyn__block-hamiltonian__L4__lr0.01__bs32__seed6_seed6,pendigits,dyn,block-hamiltonian,4,6,0.01,32,2000,True,plus,True,False,0.6456874795281786,0.916,0.6899662007495149,0.8890794739851343,0.916,1658.9333333333336,,33.5605251789093,,184,4,16,6e3df8c2ae7503394992a62eaa877ace7721f2bc,False
complete,pendigits,pendigits__dyn__block-hamiltonian__L4__lr0.01__bs32__seed7,results/runs/pendigits_ablation_singular-vector-only/pendigits__dyn__block-hamiltonian__L4__lr0.01__bs32__seed7_seed7,pendigits,dyn,block-hamiltonian,4,7,0.01,32,2000,True,plus,True,False,0.6649799711450725,0.912,0.7328206144538374,0.8499142367066895,0.9226666666666666,1693.5333333333333,,33.89283108711243,,184,4,16,6e3df8c2ae7503394992a62eaa877ace7721f2bc,False
complete,pendigits,pendigits__dyn__block-hamiltonian__L4__lr0.01__bs32__seed8,results/runs/pendigits_ablation_singular-vector-only/pendigits__dyn__block-hamiltonian__L4__lr0.01__bs32__seed8_seed8,pendigits,dyn,block-hamiltonian,4,8,0.01,32,2000,True,plus,True,False,0.6629913735424241,0.912,0.7226274685318314,0.8796455117209834,0.9173333333333333,1683.5999999999995,,32.89491367340088,,184,4,16,6e3df8c2ae7503394992a62eaa877ace7721f2bc,False
complete,pendigits,pendigits__dyn__block-hamiltonian__L4__lr0.01__bs32__seed9,results/runs/pendigits_ablation_singular-vector-only/pendigits__dyn__block-hamiltonian__L4__lr0.01__bs32__seed9_seed9,pendigits,dyn,block-hamiltonian,4,9,0.01,32,2000,True,plus,True,False,0.6491084346375194,0.9013333333333333,0.7014029196355215,0.8693539165237278,0.9066666666666666,1619.2,,32.62242293357849,,184,4,16,6e3df8c2ae7503394992a62eaa877ace7721f2bc,False
complete,pendigits,pendigits__dyn__block-hamiltonian__L8__lr0.01__bs32__seed0,results/runs/pendigits_ablation_singular-vector-only/pendigits__dyn__block-hamiltonian__L8__lr0.01__bs32__seed0_seed0,pendigits,dyn,block-hamiltonian,8,0,0.01,32,2000,True,plus,True,False,0.4252401195653225,0.944,0.4746766390230417,0.9199542595769011,0.9506666666666667,1726.1333333333334,,52.58730506896973,,368,4,16,6e3df8c2ae7503394992a62eaa877ace7721f2bc,False
complete,pendigits,pendigits__dyn__block-hamiltonian__L8__lr0.01__bs32__seed10,results/runs/pendigits_ablation_singular-vector-only/pendigits__dyn__block-hamiltonian__L8__lr0.01__bs32__seed10_seed10,pendigits,dyn,block-hamiltonian,8,10,0.01,32,2000,True,plus,True,False,0.46015278958588796,0.94,0.49405322651619704,0.9313893653516295,0.952,1749.2,,51.761361837387085,,368,4,16,6e3df8c2ae7503394992a62eaa877ace7721f2bc,False
complete,pendigits,pendigits__dyn__block-hamiltonian__L8__lr0.01__bs32__seed11,results/runs/pendigits_ablation_singular-vector-only/pendigits__dyn__block-hamiltonian__L8__lr0.01__bs32__seed11_seed11,pendigits,dyn,block-hamiltonian,8,11,0.01,32,2000,True,plus,True,False,0.44584015888257733,0.928,0.4907549944884804,0.9088050314465409,0.9346666666666666,1717.5333333333333,,50.81934213638306,,368,4,16,6e3df8c2ae7503394992a62eaa877ace7721f2bc,False
complete,pendigits,pendigits__dyn__block-hamiltonian__L8__lr0.01__bs32__seed12,results/runs/pendigits_ablation_singular-vector-only/pendigits__dyn__block-hamiltonian__L8__lr0.01__bs32__seed12_seed12,pendigits,dyn,block-hamiltonian,8,12,0.01,32,2000,True,plus,True,False,0.4413616283326067,0.9506666666666667,0.4896448704933038,0.9213836477987422,0.9506666666666667,1706.466666666667,,52.9917094707489,,368,4,16,6e3df8c2ae7503394992a62eaa877ace7721f2bc,False
complete,pendigits,pendigits__dyn__block-hamiltonian__L8__lr0.01__bs32__seed13,results/runs/pendigits_ablation_singular-vector-only/pendigits__dyn__block-hamiltonian__L8__lr0.01__bs32__seed13_seed13,pendigits,dyn,block-hamiltonian,8,13,0.01,32,2000,True,plus,True,False,0.4396338358018199,0.936,0.5257022066484317,0.8967981703830761,0.9386666666666666,1725.5333333333333,,51.20745086669922,,368,4,16,6e3df8c2ae7503394992a62eaa877ace7721f2bc,False
complete,pendigits,pendigits__dyn__block-hamiltonian__L8__lr0.01__bs32__seed14,results/runs/pendigits_ablation_singular-vector-only/pendigits__dyn__block-hamiltonian__L8__lr0.01__bs32__seed14_seed14,pendigits,dyn,block-hamiltonian,8,14,0.01,32,2000,True,plus,True,False,0.4373168830859892,0.9346666666666666,0.4918063706828687,0.8962264150943396,0.9413333333333334,1731.4666666666665,,51.42763924598694,,368,4,16,6e3df8c2ae7503394992a62eaa877ace7721f2bc,False
complete,pendigits,pendigits__dyn__block-hamiltonian__L8__lr0.01__bs32__seed15,results/runs/pendigits_ablation_singular-vector-only/pendigits__dyn__block-hamiltonian__L8__lr0.01__bs32__seed15_seed15,pendigits,dyn,block-hamiltonian,8,15,0.01,32,2000,True,plus,True,False,0.44964205029974685,0.932,0.5026647355038006,0.9056603773584906,0.9426666666666667,1733.4666666666667,,50.69305396080017,,368,4,16,6e3df8c2ae7503394992a62eaa877ace7721f2bc,False
complete,pendigits,pendigits__dyn__block-hamiltonian__L8__lr0.01__bs32__seed16,results/runs/pendigits_ablation_singular-vector-only/pendigits__dyn__block-hamiltonian__L8__lr0.01__bs32__seed16_seed16,pendigits,dyn,block-hamiltonian,8,16,0.01,32,2000,True,plus,True,False,0.4479494629218986,0.9346666666666666,0.49482275289581557,0.9196683819325329,0.94,1720.7333333333333,,52.424657106399536,,368,4,16,6e3df8c2ae7503394992a62eaa877ace7721f2bc,False
complete,pendigits,pendigits__dyn__block-hamiltonian__L8__lr0.01__bs32__seed17,results/runs/pendigits_ablation_singular-vector-only/pendigits__dyn__block-hamiltonian__L8__lr0.01__bs32__seed17_seed17,pendigits,dyn,block-hamiltonian,8,17,0.01,32,2000,True,plus,True,False,0.4485105733539503,0.94,0.5355624451207879,0.8847913093196113,0.94,1742.3333333333333,,50.69032669067383,,368,4,16,6e3df8c2ae7503394992a62eaa877ace7721f2bc,False
complete,pendigits,pendigits__dyn__block-hamiltonian__L8__lr0.01__bs32__seed18,results/runs/pendigits_ablation_singular-vector-only/pendigits__dyn__block-hamiltonian__L8__lr0.01__bs32__seed18_seed18,pendigits,dyn,block-hamiltonian,8,18,0.01,32,2000,True,plus,True,False,0.4494594058921879,0.928,0.5029305678050928,0.9053744997141223,0.9373333333333334,1732.6000000000004,,52.33112692832947,,368,4,16,6e3df8c2ae7503394992a62eaa877ace7721f2bc,False
complete,pendigits,pendigits__dyn__block-hamiltonian__L8__lr0.01__bs32__seed19,results/runs/pendigits_ablation_singular-vector-only/pendigits__dyn__block-hamiltonian__L8__lr0.01__bs32__seed19_seed19,pendigits,dyn,block-hamiltonian,8,19,0.01,32,2000,True,plus,True,False,0.46101006673812994,0.9346666666666666,0.5291213913436515,0.9030874785591767,0.94,1735.7333333333333,,50.592658281326294,,368,4,16,6e3df8c2ae7503394992a62eaa877ace7721f2bc,False
complete,pendigits,pendigits__dyn__block-hamiltonian__L8__lr0.01__bs32__seed1,results/runs/pendigits_ablation_singular-vector-only/pendigits__dyn__block-hamiltonian__L8__lr0.01__bs32__seed1_seed1,pendigits,dyn,block-hamiltonian,8,1,0.01,32,2000,True,plus,True,False,0.42550630809637946,0.9346666666666666,0.47857879328861214,0.9153802172670097,0.948,1749.0666666666668,,51.24060797691345,,368,4,16,6e3df8c2ae7503394992a62eaa877ace7721f2bc,False
complete,pendigits,pendigits__dyn__block-hamiltonian__L8__lr0.01__bs32__seed2,results/runs/pendigits_ablation_singular-vector-only/pendigits__dyn__block-hamiltonian__L8__lr0.01__bs32__seed2_seed2,pendigits,dyn,block-hamiltonian,8,2,0.01,32,2000,True,plus,True,False,0.4423796096184907,0.9346666666666666,0.5223128597052678,0.888507718696398,0.9453333333333334,1732.4666666666667,,54.891937017440796,,368,4,16,6e3df8c2ae7503394992a62eaa877ace7721f2bc,False
complete,pendigits,pendigits__dyn__block-hamiltonian__L8__lr0.01__bs32__seed3,results/runs/pendigits_ablation_singular-vector-only/pendigits__dyn__block-hamiltonian__L8__lr0.01__bs32__seed3_seed3,pendigits,dyn,block-hamiltonian,8,3,0.01,32,2000,True,plus,True,False,0.43560297670192144,0.94,0.48706577675591717,0.8945111492281304,0.94,1733.6,,52.548301458358765,,368,4,16,6e3df8c2ae7503394992a62eaa877ace7721f2bc,False
complete,pendigits,pendigits__dyn__block-hamiltonian__L8__lr0.01__bs32__seed4,results/runs/pendigits_ablation_singular-vector-only/pendigits__dyn__block-hamiltonian__L8__lr0.01__bs32__seed4_seed4,pendigits,dyn,block-hamiltonian,8,4,0.01,32,2000,True,plus,True,False,0.44254948824349005,0.9493333333333334,0.520143686484949,0.9088050314465409,0.9533333333333334,1754.4666666666665,,53.5125949382782,,368,4,16,6e3df8c2ae7503394992a62eaa877ace7721f2bc,False
complete,pendigits,pendigits__dyn__block-hamiltonian__L8__lr0.01__bs32__seed5,results/runs/pendigits_ablation_singular-vector-only/pendigits__dyn__block-hamiltonian__L8__lr0.01__bs32__seed5_seed5,pendigits,dyn,block-hamiltonian,8,5,0.01,32,2000,True,plus,True,False,0.4888084507579265,0.932,0.5718992221320203,0.8670668953687821,0.9386666666666666,1697.1333333333332,,50.401920318603516,,368,4,16,6e3df8c2ae7503394992a62eaa877ace7721f2bc,False
complete,pendigits,pendigits__dyn__block-hamiltonian__L8__lr0.01__bs32__seed6,results/runs/pendigits_ablation_singular-vector-only/pendigits__dyn__block-hamiltonian__L8__lr0.01__bs32__seed6_seed6,pendigits,dyn,block-hamiltonian,8,6,0.01,32,2000,True,plus,True,False,0.42056160610322324,0.9453333333333334,0.47557209418068225,0.9245283018867925,0.9506666666666667,1747.9333333333338,,54.10607671737671,,368,4,16,6e3df8c2ae7503394992a62eaa877ace7721f2bc,False
complete,pendigits,pendigits__dyn__block-hamiltonian__L8__lr0.01__bs32__seed7,results/runs/pendigits_ablation_singular-vector-only/pendigits__dyn__block-hamiltonian__L8__lr0.01__bs32__seed7_seed7,pendigits,dyn,block-hamiltonian,8,7,0.01,32,2000,True,plus,True,False,0.42256608900786824,0.9373333333333334,0.4785181968130941,0.9068038879359634,0.9466666666666667,1725.4666666666665,,50.991825103759766,,368,4,16,6e3df8c2ae7503394992a62eaa877ace7721f2bc,False
complete,pendigits,pendigits__dyn__block-hamiltonian__L8__lr0.01__bs32__seed8,results/runs/pendigits_ablation_singular-vector-only/pendigits__dyn__block-hamiltonian__L8__lr0.01__bs32__seed8_seed8,pendigits,dyn,block-hamiltonian,8,8,0.01,32,2000,True,plus,True,False,0.43781132149014124,0.936,0.5184027647461953,0.89136649514008,0.9386666666666666,1723.3333333333335,,52.71167969703674,,368,4,16,6e3df8c2ae7503394992a62eaa877ace7721f2bc,False
complete,pendigits,pendigits__dyn__block-hamiltonian__L8__lr0.01__bs32__seed9,results/runs/pendigits_ablation_singular-vector-only/pendigits__dyn__block-hamiltonian__L8__lr0.01__bs32__seed9_seed9,pendigits,dyn,block-hamiltonian,8,9,0.01,32,2000,True,plus,True,False,0.43339506346352674,0.9413333333333334,0.5083972847211377,0.9050886220697542,0.9426666666666667,1745.2,,51.652467012405396,,368,4,16,6e3df8c2ae7503394992a62eaa877ace7721f2bc,False
complete,pendigits,pendigits__sta4__block-hamiltonian__L16__lr0.01__bs32__seed0,results/runs/pendigits_ablation_singular-vector-only/pendigits__sta4__block-hamiltonian__L16__lr0.01__bs32__seed0_seed0,pendigits,sta4,block-hamiltonian,16,0,0.01,32,2000,True,plus,True,False,0.5970466302027643,0.908,0.6720321639197747,0.8664951400800457,0.9106666666666666,1623.333333333333,,93.3952841758728,,736,4,16,6e3df8c2ae7503394992a62eaa877ace7721f2bc,False
complete,pendigits,pendigits__sta4__block-hamiltonian__L16__lr0.01__bs32__seed10,results/runs/pendigits_ablation_singular-vector-only/pendigits__sta4__block-hamiltonian__L16__lr0.01__bs32__seed10_seed10,pendigits,sta4,block-hamiltonian,16,10,0.01,32,2000,True,plus,True,False,0.6055418984100666,0.8906666666666667,0.6697706476758726,0.8593481989708405,0.896,1588.866666666667,,94.17797040939331,,736,4,16,6e3df8c2ae7503394992a62eaa877ace7721f2bc,False
complete,pendigits,pendigits__sta4__block-hamiltonian__L16__lr0.01__bs32__seed11,results/runs/pendigits_ablation_singular-vector-only/pendigits__sta4__block-hamiltonian__L16__lr0.01__bs32__seed11_seed11,pendigits,sta4,block-hamiltonian,16,11,0.01,32,2000,True,plus,True,False,0.634441026012545,0.8906666666666667,0.682054006432177,0.855917667238422,0.8986666666666666,1610.6666666666667,,94.13532280921936,,736,4,16,6e3df8c2ae7503394992a62eaa877ace7721f2bc,False
complete,pendigits,pendigits__sta4__block-hamiltonian__L16__lr0.01__bs32__seed12,results/runs/pendigits_ablation_singular-vector-only/pendigits__sta4__block-hamiltonian__L16__lr0.01__bs32__seed12_seed12,pendigits,sta4,block-hamiltonian,16,12,0.01,32,2000,True,plus,True,False,0.608636515467094,0.9133333333333333,0.6913459209613758,0.8613493424814179,0.9133333333333333,1633.1333333333337,,94.3043315410614,,736,4,16,6e3df8c2ae7503394992a62eaa877ace7721f2bc,False
complete,pendigits,pendigits__sta4__block-hamiltonian__L16__lr0.01__bs32__seed13,results/runs/pendigits_ablation_singular-vector-only/pendigits__sta4__block-hamiltonian__L16__lr0.01__bs32__seed13_seed13,pendigits,sta4,block-hamiltonian,16,13,0.01,32,2000,True,plus,True,False,0.6249027522999322,0.9,0.7019175444295387,0.8616352201257862,0.9,1622.7333333333331,,93.83609986305237,,736,4,16,6e3df8c2ae7503394992a62eaa877ace7721f2bc,False
complete,pendigits,pendigits__sta4__block-hamiltonian__L16__lr0.01__bs32__seed14,results/runs/pendigits_ablation_singular-vector-only/pendigits__sta4__block-hamiltonian__L16__lr0.01__bs32__seed14_seed14,pendigits,sta4,block-hamiltonian,16,14,0.01,32,2000,True,plus,True,False,0.6621410730044609,0.892,0.718443432269787,0.8510577472841624,0.892,1604.4000000000003,,96.61526417732239,,736,4,16,6e3df8c2ae7503394992a62eaa877ace7721f2bc,False
complete,pendigits,pendigits__sta4__block-hamiltonian__L16__lr0.01__bs32__seed15,results/runs/pendigits_ablation_singular-vector-only/pendigits__sta4__block-hamiltonian__L16__lr0.01__bs32__seed15_seed15,pendigits,sta4,block-hamiltonian,16,15,0.01,32,2000,True,plus,True,False,0.6143116375988239,0.9133333333333333,0.6990515460030574,0.8687821612349914,0.9133333333333333,1621.0666666666666,,91.8306405544281,,736,4,16,6e3df8c2ae7503394992a62eaa877ace7721f2bc,False
complete,pendigits,pendigits__sta4__block-hamiltonian__L16__lr0.01__bs32__seed16,results/runs/pendigits_ablation_singular-vector-only/pendigits__sta4__block-hamiltonian__L16__lr0.01__bs32__seed16_seed16,pendigits,sta4,block-hamiltonian,16,16,0.01,32,2000,True,plus,True,False,0.6443633902661678,0.8946666666666667,0.7358723425662073,0.8407661520869067,0.9173333333333333,1628.9333333333334,,95.67058515548706,,736,4,16,6e3df8c2ae7503394992a62eaa877ace7721f2bc,False
complete,pendigits,pendigits__sta4__block-hamiltonian__L16__lr0.01__bs32__seed17,results/runs/pendigits_ablation_singular-vector-only/pendigits__sta4__block-hamiltonian__L16__lr0.01__bs32__seed17_seed17,pendigits,sta4,block-hamiltonian,16,17,0.01,32,2000,True,plus,True,False,0.6710876941881831,0.8973333333333333,0.7339248322262985,0.8502001143510578,0.924,1646.0666666666668,,94.49483251571655,,736,4,16,6e3df8c2ae7503394992a62eaa877ace7721f2bc,False
complete,pendigits,pendigits__sta4__block-hamiltonian__L16__lr0.01__bs32__seed18,results/runs/pendigits_ablation_singular-vector-only/pendigits__sta4__block-hamiltonian__L16__lr0.01__bs32__seed18_seed18,pendigits,sta4,block-hamiltonian,16,18,0.01,32,2000,True,plus,True,False,0.6862487408070135,0.892,0.7407266393442814,0.8530588907947398,0.912,1642.3333333333333,,98.13179755210876,,736,4,16,6e3df8c2ae7503394992a62eaa877ace7721f2bc,False
complete,pendigits,pendigits__sta4__block-hamiltonian__L16__lr0.01__bs32__seed19,results/runs/pendigits_ablation_singular-vector-only/pendigits__sta4__block-hamiltonian__L16__lr0.01__bs32__seed19_seed19,pendigits,sta4,block-hamiltonian,16,19,0.01,32,2000,True,plus,True,False,1.427714253845196,0.6586666666666666,1.412155986886719,0.6669525443110349,0.8986666666666666,1577.2666666666667,,94.76780319213867,,736,4,16,6e3df8c2ae7503394992a62eaa877ace7721f2bc,False
complete,pendigits,pendigits__sta4__block-hamiltonian__L16__lr0.01__bs32__seed1,results/runs/pendigits_ablation_singular-vector-only/pendigits__sta4__block-hamiltonian__L16__lr0.01__bs32__seed1_seed1,pendigits,sta4,block-hamiltonian,16,1,0.01,32,2000,True,plus,True,False,0.6178910987879628,0.88,0.6816129581724106,0.8427672955974843,0.9026666666666666,1645.2666666666669,,95.66228222846985,,736,4,16,6e3df8c2ae7503394992a62eaa877ace7721f2bc,False
complete,pendigits,pendigits__sta4__block-hamiltonian__L16__lr0.01__bs32__seed2,results/runs/pendigits_ablation_singular-vector-only/pendigits__sta4__block-hamiltonian__L16__lr0.01__bs32__seed2_seed2,pendigits,sta4,block-hamiltonian,16,2,0.01,32,2000,True,plus,True,False,0.6040295107215626,0.896,0.6616408336326335,0.8644939965694682,0.904,1573.4,,99.07247066497803,,736,4,16,6e3df8c2ae7503394992a62eaa877ace7721f2bc,False
complete,pendigits,pendigits__sta4__block-hamiltonian__L16__lr0.01__bs32__seed3,results/runs/pendigits_ablation_singular-vector-only/pendigits__sta4__block-hamiltonian__L16__lr0.01__bs32__seed3_seed3,pendigits,sta4,block-hamiltonian,16,3,0.01,32,2000,True,plus,True,False,0.6588473705483124,0.8866666666666667,0.7316794002149872,0.8439108061749572,0.904,1625.0666666666668,,93.5361840724945,,736,4,16,6e3df8c2ae7503394992a62eaa877ace7721f2bc,False
complete,pendigits,pendigits__sta4__block-hamiltonian__L16__lr0.01__bs32__seed4,results/runs/pendigits_ablation_singular-vector-only/pendigits__sta4__block-hamiltonian__L16__lr0.01__bs32__seed4_seed4,pendigits,sta4,block-hamiltonian,16,4,0.01,32,2000,True,plus,True,False,0.6252814782544025,0.8946666666666667,0.6653183691355131,0.8739279588336192,0.9106666666666666,1627.2666666666669,,117.33881831169128,,736,4,16,6e3df8c2ae7503394992a62eaa877ace7721f2bc,False
complete,pendigits,pendigits__sta4__block-hamiltonian__L16__lr0.01__bs32__seed5,results/runs/pendigits_ablation_singular-vector-only/pendigits__sta4__block-hamiltonian__L16__lr0.01__bs32__seed5_seed5,pendigits,sta4,block-hamiltonian,16,5,0.01,32,2000,True,plus,True,False,0.5956276324993419,0.9093333333333333,0.6764223468394112,0.8496283590623214,0.9093333333333333,1613.3333333333335,,94.0739848613739,,736,4,16,6e3df8c2ae7503394992a62eaa877ace7721f2bc,False
complete,pendigits,pendigits__sta4__block-hamiltonian__L16__lr0.01__bs32__seed6,results/runs/pendigits_ablation_singular-vector-only/pendigits__sta4__block-hamiltonian__L16__lr0.01__bs32__seed6_seed6,pendigits,sta4,block-hamiltonian,16,6,0.01,32,2000,True,plus,True,False,0.8836345508201915,0.856,0.9243933352041391,0.8144654088050315,0.9026666666666666,1583.6666666666667,,95.14155077934265,,736,4,16,6e3df8c2ae7503394992a62eaa877ace7721f2bc,False
complete,pendigits,pendigits__sta4__block-hamiltonian__L16__lr0.01__bs32__seed7,results/runs/pendigits_ablation_singular-vector-only/pendigits__sta4__block-hamiltonian__L16__lr0.01__bs32__seed7_seed7,pendigits,sta4,block-hamiltonian,16,7,0.01,32,2000,True,plus,True,False,0.6133671633485192,0.9093333333333333,0.6793158869142405,0.8616352201257862,0.9093333333333333,1654.2,,93.87460541725159,,736,4,16,6e3df8c2ae7503394992a62eaa877ace7721f2bc,False
complete,pendigits,pendigits__sta4__block-hamiltonian__L16__lr0.01__bs32__seed8,results/runs/pendigits_ablation_singular-vector-only/pendigits__sta4__block-hamiltonian__L16__lr0.01__bs32__seed8_seed8,pendigits,sta4,block-hamiltonian,16,8,0.01,32,2000,True,plus,True,False,0.559700030798504,0.9146666666666666,0.6373970790766861,0.8802172670097198,0.9146666666666666,1607.7333333333333,,90.93087601661682,,736,4,16,6e3df8c2ae7503394992a62eaa877ace7721f2bc,False
complete,pendigits,pendigits__sta4__block-hamiltonian__L16__lr0.01__bs32__seed9,results/runs/pendigits_ablation_singular-vector-only/pendigits__sta4__block-hamiltonian__L16__lr0.01__bs32__seed9_seed9,pendigits,sta4,block-hamiltonian,16,9,0.01,32,2000,True,plus,True,False,0.5907794483136547,0.9186666666666666,0.6395964210528351,0.8819325328759291,0.9226666666666666,1674.3999999999999,,94.83640694618225,,736,4,16,6e3df8c2ae7503394992a62eaa877ace7721f2bc,False
complete,pendigits,pendigits__sta4__block-hamiltonian__L1__lr0.01__bs32__seed0,results/runs/pendigits_ablation_singular-vector-only/pendigits__sta4__block-hamiltonian__L1__lr0.01__bs32__seed0_seed0,pendigits,sta4,block-hamiltonian,1,0,0.01,32,2000,True,plus,True,False,1.4695876565731594,0.5773333333333334,1.4994332019198386,0.5803316180674671,0.5893333333333334,1010.4666666666667,,18.88076376914978,,46,4,16,6e3df8c2ae7503394992a62eaa877ace7721f2bc,False
complete,pendigits,pendigits__sta4__block-hamiltonian__L1__lr0.01__bs32__seed10,results/runs/pendigits_ablation_singular-vector-only/pendigits__sta4__block-hamiltonian__L1__lr0.01__bs32__seed10_seed10,pendigits,sta4,block-hamiltonian,1,10,0.01,32,2000,True,plus,True,False,1.489179560663046,0.5253333333333333,1.5352307096549254,0.49885648942252714,0.5733333333333334,994.7333333333336,,19.19210124015808,,46,4,16,6e3df8c2ae7503394992a62eaa877ace7721f2bc,False
complete,pendigits,pendigits__sta4__block-hamiltonian__L1__lr0.01__bs32__seed11,results/runs/pendigits_ablation_singular-vector-only/pendigits__sta4__block-hamiltonian__L1__lr0.01__bs32__seed11_seed11,pendigits,sta4,block-hamiltonian,1,11,0.01,32,2000,True,plus,True,False,1.4762073660078725,0.5306666666666666,1.530809630368367,0.5168667810177244,0.5973333333333334,1003.7333333333331,,19.13806700706482,,46,4,16,6e3df8c2ae7503394992a62eaa877ace7721f2bc,False
complete,pendigits,pendigits__sta4__block-hamiltonian__L1__lr0.01__bs32__seed12,results/runs/pendigits_ablation_singular-vector-only/pendigits__sta4__block-hamiltonian__L1__lr0.01__bs32__seed12_seed12,pendigits,sta4,block-hamiltonian,1,12,0.01,32,2000,True,plus,True,False,1.4683575832145028,0.5586666666666666,1.5409694544063388,0.5308747855917667,0.5933333333333334,979.3333333333333,,18.785698890686035,,46,4,16,6e3df8c2ae7503394992a62eaa877ace7721f2bc,False
complete,pendigits,pendigits__sta4__block-hamiltonian__L1__lr0.01__bs32__seed13,results/runs/pendigits_ablation_singular-vector-only/pendigits__sta4__block-hamiltonian__L1__lr0.01__bs32__seed13_seed13,pendigits,sta4,block-hamiltonian,1,13,0.01,32,2000,True,plus,True,False,1.4960484940512788,0.5213333333333333,1.5640709014706005,0.49485420240137223,0.5733333333333334,1004.2666666666665,,17.82805371284485,,46,4,16,6e3df8c2ae7503394992a62eaa877ace7721f2bc,False
complete,pendigits,pendigits__sta4__block-hamiltonian__L1__lr0.01__bs32__seed14,results/runs/pendigits_ablation_singular-vector-only/pendigits__sta4__block-hamiltonian__L1__lr0.01__bs32__seed14_seed14,pendigits,sta4,block-hamiltonian,1,14,0.01,32,2000,True,plus,True,False,1.4715817460688863,0.5746666666666667,1.5016581173220613,0.5754716981132075,0.5826666666666667,980.9333333333333,,18.760687589645386,,46,4,16,6e3df8c2ae7503394992a62eaa877ace7721f2bc,False
complete,pendigits,pendigits__sta4__block-hamiltonian__L1__lr0.01__bs32__seed15,results/runs/pendigits_ablation_singular-vector-only/pendigits__sta4__block-hamiltonian__L1__lr0.01__bs32__seed15_seed15,pendigits,sta4,block-hamiltonian,1,15,0.01,32,2000,True,plus,True,False,1.4957585856434625,0.5493333333333333,1.5417153105729182,0.5308747855917667,0.5933333333333334,987.3333333333333,,19.259764671325684,,46,4,16,6e3df8c2ae7503394992a62eaa877ace7721f2bc,False
complete,pendigits,pendigits__sta4__block-hamiltonian__L1__lr0.01__bs32__seed16,results/runs/pendigits_ablation_singular-vector-only/pendigits__sta4__block-hamiltonian__L1__lr0.01__bs32__seed16_seed16,pendigits,sta4,block-hamiltonian,1,16,0.01,32,2000,True,plus,True,False,1.478294563128515,0.5253333333333333,1.5691135664348388,0.49828473413379076,0.5586666666666666,957.9333333333332,,19.51579260826111,,46,4,16,6e3df8c2ae7503394992a62eaa877ace7721f2bc,False
complete,pendigits,pendigits__sta4__block-hamiltonian__L1__lr0.01__bs32__seed17,results/runs/pendigits_ablation_singular-vector-only/pendigits__sta4__block-hamiltonian__L1__lr0.01__bs32__seed17_seed17,pendigits,sta4,block-hamiltonian,1,17,0.01,32,2000,True,plus,True,False,1.477689383659265,0.5853333333333334,1.5040996138423728,0.5763293310463122,0.5853333333333334,942.7999999999998,,19.164624452590942,,46,4,16,6e3df8c2ae7503394992a62eaa877ace7721f2bc,False
complete,pendigits,pendigits__sta4__block-hamiltonian__L1__lr0.01__bs32__seed18,results/runs/pendigits_ablation_singular-vector-only/pendigits__sta4__block-hamiltonian__L1__lr0.01__bs32__seed18_seed18,pendigits,sta4,block-hamiltonian,1,18,0.01,32,2000,True,plus,True,False,1.4853199196430495,0.5293333333333333,1.5372694741112658,0.5194396798170383,0.58,975.1333333333333,,19.62172269821167,,46,4,16,6e3df8c2ae7503394992a62eaa877ace7721f2bc,False
complete,pendigits,pendigits__sta4__block-hamiltonian__L1__lr0.01__bs32__seed19,results/runs/pendigits_ablation_singular-vector-only/pendigits__sta4__block-hamiltonian__L1__lr0.01__bs32__seed19_seed19,pendigits,sta4,block-hamiltonian,1,19,0.01,32,2000,True,plus,True,False,1.7543000778597748,0.3373333333333333,1.7594044434987641,0.36220697541452257,0.5813333333333334,975.8666666666666,,17.855934381484985,,46,4,16,6e3df8c2ae7503394992a62eaa877ace7721f2bc,False
complete,pendigits,pendigits__sta4__block-hamiltonian__L1__lr0.01__bs32__seed1,results/runs/pendigits_ablation_singular-vector-only/pendigits__sta4__block-hamiltonian__L1__lr0.01__bs32__seed1_seed1,pendigits,sta4,block-hamiltonian,1,1,0.01,32,2000,True,plus,True,False,1.4879400961005431,0.528,1.526791591223742,0.5240137221269296,0.5773333333333334,981.8666666666667,,19.09299874305725,,46,4,16,6e3df8c2ae7503394992a62eaa877ace7721f2bc,False
complete,pendigits,pendigits__sta4__block-hamiltonian__L1__lr0.01__bs32__seed2,results/runs/pendigits_ablation_singular-vector-only/pendigits__sta4__block-hamiltonian__L1__lr0.01__bs32__seed2_seed2,pendigits,sta4,block-hamiltonian,1,2,0.01,32,2000,True,plus,True,False,1.47445862409209,0.576,1.5081860407854208,0.5706117781589479,0.576,980.8,,18.055782079696655,,46,4,16,6e3df8c2ae7503394992a62eaa877ace7721f2bc,False
complete,pendigits,pendigits__sta4__block-hamiltonian__L1__lr0.01__bs32__seed3,results/runs/pendigits_ablation_singular-vector-only/pendigits__sta4__block-hamiltonian__L1__lr0.01__bs32__seed3_seed3,pendigits,sta4,block-hamiltonian,1,3,0.01,32,2000,True,plus,True,False,1.5048546907887728,0.532,1.517814818783515,0.521726700971984,0.5893333333333334,1000.0000000000001,,18.102415800094604,,46,4,16,6e3df8c2ae7503394992a62eaa877ace7721f2bc,False
complete,pendigits,pendigits__sta4__block-hamiltonian__L1__lr0.01__bs32__seed4,results/runs/pendigits_ablation_singular-vector-only/pendigits__sta4__block-hamiltonian__L1__lr0.01__bs32__seed4_seed4,pendigits,sta4,block-hamiltonian,1,4,0.01,32,2000,True,plus,True,False,1.4965624894260279,0.5666666666666667,1.5090358321265458,0.5714694110920526,0.5973333333333334,1053.5333333333335,,19.45751643180847,,46,4,16,6e3df8c2ae7503394992a62eaa877ace7721f2bc,False
complete,pendigits,pendigits__sta4__block-hamiltonian__L1__lr0.01__bs32__seed5,results/runs/pendigits_ablation_singular-vector-only/pendigits__sta4__block-hamiltonian__L1__lr0.01__bs32__seed5_seed5,pendigits,sta4,block-hamiltonian,1,5,0.01,32,2000,True,plus,True,False,1.478996406469469,0.5186666666666667,1.533610168687773,0.5111492281303602,0.5706666666666667,990.4,,17.81986379623413,,46,4,16,6e3df8c2ae7503394992a62eaa877ace7721f2bc,False
complete,pendigits,pendigits__sta4__block-hamiltonian__L1__lr0.01__bs32__seed6,results/runs/pendigits_ablation_singular-vector-only/pendigits__sta4__block-hamiltonian__L1__lr0.01__bs32__seed6_seed6,pendigits,sta4,block-hamiltonian,1,6,0.01,32,2000,True,plus,True,False,1.4671186337533446,0.576,1.4995184928727383,0.5763293310463122,0.6026666666666667,1051.7333333333333,,18.542906761169434,,46,4,16,6e3df8c2ae7503394992a62eaa877ace7721f2bc,False
complete,pendigits,pendigits__sta4__block-hamiltonian__L1__lr0.01__bs32__seed7,results/runs/pendigits_ablation_singular-vector-only/pendigits__sta4__block-hamiltonian__L1__lr0.01__bs32__seed7_seed7,pendigits,sta4,block-hamiltonian,1,7,0.01,32,2000,True,plus,True,False,1.4912814379976804,0.496,1.5341152610334583,0.5062893081761006,0.576,978.1333333333332,,18.088784217834473,,46,4,16,6e3df8c2ae7503394992a62eaa877ace7721f2bc,False
complete,pendigits,pendigits__sta4__block-hamiltonian__L1__lr0.01__bs32__seed8,results/runs/pendigits_ablation_singular-vector-only/pendigits__sta4__block-hamiltonian__L1__lr0.01__bs32__seed8_seed8,pendigits,sta4,block-hamiltonian,1,8,0.01,32,2000,True,plus,True,False,1.4736430164210763,0.5266666666666666,1.5338776411533248,0.5174385363064609,0.5906666666666667,990.3999999999999,,18.613498210906982,,46,4,16,6e3df8c2ae7503394992a62eaa877ace7721f2bc,False
complete,pendigits,pendigits__sta4__block-hamiltonian__L1__lr0.01__bs32__seed9,results/runs/pendigits_ablation_singular-vector-only/pendigits__sta4__block-hamiltonian__L1__lr0.01__bs32__seed9_seed9,pendigits,sta4,block-hamiltonian,1,9,0.01,32,2000,True,plus,True,False,1.4810647121379503,0.5386666666666666,1.5601734972499994,0.516295025728988,0.5813333333333334,1021.7333333333333,,19.295987606048584,,46,4,16,6e3df8c2ae7503394992a62eaa877ace7721f2bc,False
complete,pendigits,pendigits__sta4__block-hamiltonian__L2__lr0.01__bs32__seed0,results/runs/pendigits_ablation_singular-vector-only/pendigits__sta4__block-hamiltonian__L2__lr0.01__bs32__seed0_seed0,pendigits,sta4,block-hamiltonian,2,0,0.01,32,2000,True,plus,True,False,1.083362813170401,0.7506666666666667,1.1436936499485715,0.7221269296740995,0.7506666666666667,1346.8,,23.24882197380066,,92,4,16,6e3df8c2ae7503394992a62eaa877ace7721f2bc,False
complete,pendigits,pendigits__sta4__block-hamiltonian__L2__lr0.01__bs32__seed10,results/runs/pendigits_ablation_singular-vector-only/pendigits__sta4__block-hamiltonian__L2__lr0.01__bs32__seed10_seed10,pendigits,sta4,block-hamiltonian,2,10,0.01,32,2000,True,plus,True,False,1.0846792547381787,0.764,1.094359680817323,0.7421383647798742,0.796,1412.8000000000002,,21.56734585762024,,92,4,16,6e3df8c2ae7503394992a62eaa877ace7721f2bc,False
complete,pendigits,pendigits__sta4__block-hamiltonian__L2__lr0.01__bs32__seed11,results/runs/pendigits_ablation_singular-vector-only/pendigits__sta4__block-hamiltonian__L2__lr0.01__bs32__seed11_seed11,pendigits,sta4,block-hamiltonian,2,11,0.01,32,2000,True,plus,True,False,1.0750890141723652,0.8,1.1575967457321241,0.7395654659805603,0.8,1388.2666666666669,,23.240968704223633,,92,4,16,6e3df8c2ae7503394992a62eaa877ace7721f2bc,False
complete,pendigits,pendigits__sta4__block-hamiltonian__L2__lr0.01__bs32__seed12,results/runs/pendigits_ablation_singular-vector-only/pendigits__sta4__block-hamiltonian__L2__lr0.01__bs32__seed12_seed12,pendigits,sta4,block-hamiltonian,2,12,0.01,32,2000,True,plus,True,False,1.0626109150058385,0.7826666666666666,1.1351090897599498,0.7735849056603774,0.8053333333333333,1405.3999999999996,,22.306118488311768,,92,4,16,6e3df8c2ae7503394992a62eaa877ace7721f2bc,False
complete,pendigits,pendigits__sta4__block-hamiltonian__L2__lr0.01__bs32__seed13,results/runs/pendigits_ablation_singular-vector-only/pendigits__sta4__block-hamiltonian__L2__lr0.01__bs32__seed13_seed13,pendigits,sta4,block-hamiltonian,2,13,0.01,32,2000,True,plus,True,False,1.124739068204898,0.7346666666666667,1.2050733227180248,0.7084048027444254,0.7453333333333333,1325.4666666666665,,22.68556571006775,,92,4,16,6e3df8c2ae7503394992a62eaa877ace7721f2bc,False
complete,pendigits,pendigits__sta4__block-hamiltonian__L2__lr0.01__bs32__seed14,results/runs/pendigits_ablation_singular-vector-only/pendigits__sta4__block-hamiltonian__L2__lr0.01__bs32__seed14_seed14,pendigits,sta4,block-hamiltonian,2,14,0.01,32,2000,True,plus,True,False,1.1056714593821535,0.7293333333333333,1.1752388762030026,0.6952544311034877,0.7533333333333333,1240.4666666666665,,23.781298637390137,,92,4,16,6e3df8c2ae7503394992a62eaa877ace7721f2bc,False
complete,pendigits,pendigits__sta4__block-hamiltonian__L2__lr0.01__bs32__seed15,results/runs/pendigits_ablation_singular-vector-only/pendigits__sta4__block-hamiltonian__L2__lr0.01__bs32__seed15_seed15,pendigits,sta4,block-hamiltonian,2,15,0.01,32,2000,True,plus,True,False,1.1653706861308029,0.7666666666666667,1.1848468318330228,0.7655803316180675,0.7666666666666667,1344.9333333333334,,22.44318151473999,,92,4,16,6e3df8c2ae7503394992a62eaa877ace7721f2bc,False
complete,pendigits,pendigits__sta4__block-hamiltonian__L2__lr0.01__bs32__seed16,results/runs/pendigits_ablation_singular-vector-only/pendigits__sta4__block-hamiltonian__L2__lr0.01__bs32__seed16_seed16,pendigits,sta4,block-hamiltonian,2,16,0.01,32,2000,True,plus,True,False,1.0802234972782496,0.7626666666666667,1.1633511140181905,0.7272727272727273,0.768,1357.2,,22.67042350769043,,92,4,16,6e3df8c2ae7503394992a62eaa877ace7721f2bc,False
complete,pendigits,pendigits__sta4__block-hamiltonian__L2__lr0.01__bs32__seed17,results/runs/pendigits_ablation_singular-vector-only/pendigits__sta4__block-hamiltonian__L2__lr0.01__bs32__seed17_seed17,pendigits,sta4,block-hamiltonian,2,17,0.01,32,2000,True,plus,True,False,1.1171286063628707,0.7453333333333333,1.182368470334688,0.7212692967409948,0.7653333333333333,1386.9333333333334,,22.155835390090942,,92,4,16,6e3df8c2ae7503394992a62eaa877ace7721f2bc,False
complete,pendigits,pendigits__sta4__block-hamiltonian__L2__lr0.01__bs32__seed18,results/runs/pendigits_ablation_singular-vector-only/pendigits__sta4__block-hamiltonian__L2__lr0.01__bs32__seed18_seed18,pendigits,sta4,block-hamiltonian,2,18,0.01,32,2000,True,plus,True,False,1.1289786389435577,0.7506666666666667,1.1679070933263598,0.7072612921669525,0.768,1368.8666666666668,,22.47400140762329,,92,4,16,6e3df8c2ae7503394992a62eaa877ace7721f2bc,False
complete,pendigits,pendigits__sta4__block-hamiltonian__L2__lr0.01__bs32__seed19,results/runs/pendigits_ablation_singular-vector-only/pendigits__sta4__block-hamiltonian__L2__lr0.01__bs32__seed19_seed19,pendigits,sta4,block-hamiltonian,2,19,0.01,32,2000,True,plus,True,False,1.0857919030853884,0.756,1.1477792946997163,0.7312750142938822,0.7653333333333333,1350.3333333333333,,23.528629302978516,,92,4,16,6e3df8c2ae7503394992a62eaa877ace7721f2bc,False
complete,pendigits,pendigits__sta4__block-hamiltonian__L2__lr0.01__bs32__seed1,results/runs/pendigits_ablation_singular-vector-only/pendigits__sta4__block-hamiltonian__L2__lr0.01__bs32__seed1_seed1,pendigits,sta4,block-hamiltonian,2,1,0.01,32,2000,True,plus,True,False,1.1452261983565792,0.784,1.1895812843459024,0.7475700400228702,0.8173333333333334,1413.0666666666666,,23.953882932662964,,92,4,16,6e3df8c2ae7503394992a62eaa877ace7721f2bc,False
complete,pendigits,pendigits__sta4__block-hamiltonian__L2__lr0.01__bs32__seed2,results/runs/pendigits_ablation_singular-vector-only/pendigits__sta4__block-hamiltonian__L2__lr0.01__bs32__seed2_seed2,pendigits,sta4,block-hamiltonian,2,2,0.01,32,2000,True,plus,True,False,1.0734204432964647,0.768,1.115742588365026,0.7481417953116066,0.7773333333333333,1372.1333333333334,,22.442527055740356,,92,4,16,6e3df8c2ae7503394992a62eaa877ace7721f2bc,False
complete,pendigits,pendigits__sta4__block-hamiltonian__L2__lr0.01__bs32__seed3,results/runs/pendigits_ablation_singular-vector-only/pendigits__sta4__block-hamiltonian__L2__lr0.01__bs32__seed3_seed3,pendigits,sta4,block-hamiltonian,2,3,0.01,32,2000,True,plus,True,False,1.0698208138417487,0.7653333333333333,1.134452748267035,0.7441395082904517,0.7653333333333333,1337.4666666666665,,23.998915910720825,,92,4,16,6e3df8c2ae7503394992a62eaa877ace7721f2bc,False
complete,pendigits,pendigits__sta4__block-hamiltonian__L2__lr0.01__bs32__seed4,results/runs/pendigits_ablation_singular-vector-only/pendigits__sta4__block-hamiltonian__L2__lr0.01__bs32__seed4_seed4,pendigits,sta4,block-hamiltonian,2,4,0.01,32,2000,True,plus,True,False,1.0969061385202021,0.744,1.1404942497708581,0.7298456260720412,0.8053333333333333,1424.3333333333335,,23.881572008132935,,92,4,16,6e3df8c2ae7503394992a62eaa877ace7721f2bc,False
complete,pendigits,pendigits__sta4__block-hamiltonian__L2__lr0.01__bs32__seed5,results/runs/pendigits_ablation_singular-vector-only/pendigits__sta4__block-hamiltonian__L2__lr0.01__bs32__seed5_seed5,pendigits,sta4,block-hamiltonian,2,5,0.01,32,2000,True,plus,True,False,1.106077589296477,0.7533333333333333,1.193482005597152,0.7264150943396226,0.8,1417.0666666666668,,23.40475082397461,,92,4,16,6e3df8c2ae7503394992a62eaa877ace7721f2bc,False
complete,pendigits,pendigits__sta4__block-hamiltonian__L2__lr0.01__bs32__seed6,results/runs/pendigits_ablation_singular-vector-only/pendigits__sta4__block-hamiltonian__L2__lr0.01__bs32__seed6_seed6,pendigits,sta4,block-hamiltonian,2,6,0.01,32,2000,True,plus,True,False,1.054753276468269,0.7813333333333333,1.1309519579345089,0.7372784448256147,0.792,1410.3333333333333,,22.043156623840332,,92,4,16,6e3df8c2ae7503394992a62eaa877ace7721f2bc,False
complete,pendigits,pendigits__sta4__block-hamiltonian__L2__lr0.01__bs32__seed7,results/runs/pendigits_ablation_singular-vector-only/pendigits__sta4__block-hamiltonian__L2__lr0.01__bs32__seed7_seed7,pendigits,sta4,block-hamiltonian,2,7,0.01,32,2000,True,plus,True,False,1.1029447725666153,0.7413333333333333,1.1674697807403662,0.7172670097198399,0.7626666666666667,1361.4,,23.542839765548706,,92,4,16,6e3df8c2ae7503394992a62eaa877ace7721f2bc,False
complete,pendigits,pendigits__sta4__block-hamiltonian__L2__lr0.01__bs32__seed8,results/runs/pendigits_ablation_singular-vector-only/pendigits__sta4__block-hamiltonian__L2__lr0.01__bs32__seed8_seed8,pendigits,sta4,block-hamiltonian,2,8,0.01,32,2000,True,plus,True,False,1.065570144738335,0.7773333333333333,1.1330912756440423,0.7452830188679245,0.7773333333333333,1367.1333333333332,,22.44226884841919,,92,4,16,6e3df8c2ae7503394992a62eaa877ace7721f2bc,False
complete,pendigits,pendigits__sta4__block-hamiltonian__L2__lr0.01__bs32__seed9,results/runs/pendigits_ablation_singular-vector-only/pendigits__sta4__block-hamiltonian__L2__lr0.01__bs32__seed9_seed9,pendigits,sta4,block-hamiltonian,2,9,0.01,32,2000,True,plus,True,False,1.087579218192767,0.7773333333333333,1.1963891583076651,0.722698684962836,0.7773333333333333,1351.1999999999998,,22.628167867660522,,92,4,16,6e3df8c2ae7503394992a62eaa877ace7721f2bc,False
complete,pendigits,pendigits__sta4__block-hamiltonian__L32__lr0.01__bs32__seed0,results/runs/pendigits_ablation_singular-vector-only/pendigits__sta4__block-hamiltonian__L32__lr0.01__bs32__seed0_seed0,pendigits,sta4,block-hamiltonian,32,0,0.01,32,2000,True,plus,True,False,0.5763939572999174,0.92,0.6408766246072738,0.8767867352773013,0.92,1521.8666666666666,,181.39577794075012,,1472,4,16,0e89babf303b6e108f9a6e4687213f88b28c4e9d,False
complete,pendigits,pendigits__sta4__block-hamiltonian__L32__lr0.01__bs32__seed10,results/runs/pendigits_ablation_singular-vector-only/pendigits__sta4__block-hamiltonian__L32__lr0.01__bs32__seed10_seed10,pendigits,sta4,block-hamiltonian,32,10,0.01,32,2000,True,plus,True,False,0.52772761710497,0.924,0.6000252710952508,0.8776443682104059,0.9306666666666666,1623.4,,177.16270542144775,,1472,4,16,0e89babf303b6e108f9a6e4687213f88b28c4e9d,False
complete,pendigits,pendigits__sta4__block-hamiltonian__L32__lr0.01__bs32__seed11,results/runs/pendigits_ablation_singular-vector-only/pendigits__sta4__block-hamiltonian__L32__lr0.01__bs32__seed11_seed11,pendigits,sta4,block-hamiltonian,32,11,0.01,32,2000,True,plus,True,False,0.6562269944749395,0.8946666666666667,0.7164633532767974,0.8513436249285306,0.9066666666666666,1559.6,,178.81585502624512,,1472,4,16,0e89babf303b6e108f9a6e4687213f88b28c4e9d,False
complete,pendigits,pendigits__sta4__block-hamiltonian__L32__lr0.01__bs32__seed12,results/runs/pendigits_ablation_singular-vector-only/pendigits__sta4__block-hamiltonian__L32__lr0.01__bs32__seed12_seed12,pendigits,sta4,block-hamiltonian,32,12,0.01,32,2000,True,plus,True,False,0.5476400532743734,0.916,0.6171536541185357,0.8759291023441966,0.916,1605.1333333333337,,176.68962454795837,,1472,4,16,0e89babf303b6e108f9a6e4687213f88b28c4e9d,False
complete,pendigits,pendigits__sta4__block-hamiltonian__L32__lr0.01__bs32__seed13,results/runs/pendigits_ablation_singular-vector-only/pendigits__sta4__block-hamiltonian__L32__lr0.01__bs32__seed13_seed13,pendigits,sta4,block-hamiltonian,32,13,0.01,32,2000,True,plus,True,False,1.4957026172202441,0.5653333333333334,1.5177167777344727,0.5591766723842195,0.8933333333333333,1536.1333333333332,,176.85016894340515,,1472,4,16,0e89babf303b6e108f9a6e4687213f88b28c4e9d,False
complete,pendigits,pendigits__sta4__block-hamiltonian__L32__lr0.01__bs32__seed14,results/runs/pendigits_ablation_singular-vector-only/pendigits__sta4__block-hamiltonian__L32__lr0.01__bs32__seed14_seed14,pendigits,sta4,block-hamiltonian,32,14,0.01,32,2000,True,plus,True,False,0.9627448617548988,0.812,0.9820869954320834,0.7978845054316752,0.9066666666666666,1595.8666666666668,,180.93874263763428,,1472,4,16,0e89babf303b6e108f9a6e4687213f88b28c4e9d,False
complete,pendigits,pendigits__sta4__block-hamiltonian__L32__lr0.01__bs32__seed15,results/runs/pendigits_ablation_singular-vector-only/pendigits__sta4__block-hamiltonian__L32__lr0.01__bs32__seed15_seed15,pendigits,sta4,block-hamiltonian,32,15,0.01,32,2000,True,plus,True,False,0.583176710206918,0.896,0.6659825471645753,0.857347055460263,0.9026666666666666,1535.4,,175.66094827651978,,1472,4,16,0e89babf303b6e108f9a6e4687213f88b28c4e9d,False
complete,pendigits,pendigits__sta4__block-hamiltonian__L32__lr0.01__bs32__seed16,results/runs/pendigits_ablation_singular-vector-only/pendigits__sta4__block-hamiltonian__L32__lr0.01__bs32__seed16_seed16,pendigits,sta4,block-hamiltonian,32,16,0.01,32,2000,True,plus,True,False,1.3353819375448195,0.6146666666666667,1.3400704043280973,0.6200686106346484,0.916,1611.6666666666667,,179.24739956855774,,1472,4,16,0e89babf303b6e108f9a6e4687213f88b28c4e9d,False
complete,pendigits,pendigits__sta4__block-hamiltonian__L32__lr0.01__bs32__seed17,results/runs/pendigits_ablation_singular-vector-only/pendigits__sta4__block-hamiltonian__L32__lr0.01__bs32__seed17_seed17,pendigits,sta4,block-hamiltonian,32,17,0.01,32,2000,True,plus,True,False,0.6153869909745439,0.908,0.6814219123215591,0.8613493424814179,0.912,1624.0,,185.32486724853516,,1472,4,16,0e89babf303b6e108f9a6e4687213f88b28c4e9d,False
complete,pendigits,pendigits__sta4__block-hamiltonian__L32__lr0.01__bs32__seed18,results/runs/pendigits_ablation_singular-vector-only/pendigits__sta4__block-hamiltonian__L32__lr0.01__bs32__seed18_seed18,pendigits,sta4,block-hamiltonian,32,18,0.01,32,2000,True,plus,True,False,0.786001569690437,0.8413333333333334,0.8336458369691416,0.8130360205831904,0.9133333333333333,1569.0,,180.85671305656433,,1472,4,16,0e89babf303b6e108f9a6e4687213f88b28c4e9d,False
complete,pendigits,pendigits__sta4__block-hamiltonian__L32__lr0.01__bs32__seed19,results/runs/pendigits_ablation_singular-vector-only/pendigits__sta4__block-hamiltonian__L32__lr0.01__bs32__seed19_seed19,pendigits,sta4,block-hamiltonian,32,19,0.01,32,2000,True,plus,True,False,0.7520892464165372,0.8906666666666667,0.8215978653749614,0.8502001143510578,0.932,1566.9333333333334,,178.34052395820618,,1472,4,16,0e89babf303b6e108f9a6e4687213f88b28c4e9d,False
complete,pendigits,pendigits__sta4__block-hamiltonian__L32__lr0.01__bs32__seed1,results/runs/pendigits_ablation_singular-vector-only/pendigits__sta4__block-hamiltonian__L32__lr0.01__bs32__seed1_seed1,pendigits,sta4,block-hamiltonian,32,1,0.01,32,2000,True,plus,True,False,0.5717770015861025,0.908,0.6654442484138475,0.8579188107489994,0.908,1507.9333333333332,,179.44107937812805,,1472,4,16,0e89babf303b6e108f9a6e4687213f88b28c4e9d,False
complete,pendigits,pendigits__sta4__block-hamiltonian__L32__lr0.01__bs32__seed2,results/runs/pendigits_ablation_singular-vector-only/pendigits__sta4__block-hamiltonian__L32__lr0.01__bs32__seed2_seed2,pendigits,sta4,block-hamiltonian,32,2,0.01,32,2000,True,plus,True,False,0.8355199726077728,0.8573333333333333,0.958712757986524,0.7841623785020011,0.8933333333333333,1617.2666666666664,,179.54039788246155,,1472,4,16,0e89babf303b6e108f9a6e4687213f88b28c4e9d,False
complete,pendigits,pendigits__sta4__block-hamiltonian__L32__lr0.01__bs32__seed3,results/runs/pendigits_ablation_singular-vector-only/pendigits__sta4__block-hamiltonian__L32__lr0.01__bs32__seed3_seed3,pendigits,sta4,block-hamiltonian,32,3,0.01,32,2000,True,plus,True,False,0.8779750776948846,0.8466666666666667,0.9750085662983917,0.8096054888507719,0.8986666666666666,1518.8666666666666,,176.70618724822998,,1472,4,16,0e89babf303b6e108f9a6e4687213f88b28c4e9d,False
complete,pendigits,pendigits__sta4__block-hamiltonian__L32__lr0.01__bs32__seed4,results/runs/pendigits_ablation_singular-vector-only/pendigits__sta4__block-hamiltonian__L32__lr0.01__bs32__seed4_seed4,pendigits,sta4,block-hamiltonian,32,4,0.01,32,2000,True,plus,True,False,0.6084996059702902,0.9066666666666666,0.6854715585039579,0.8670668953687821,0.9066666666666666,1583.8666666666663,,177.69376850128174,,1472,4,16,0e89babf303b6e108f9a6e4687213f88b28c4e9d,False
complete,pendigits,pendigits__sta4__block-hamiltonian__L32__lr0.01__bs32__seed5,results/runs/pendigits_ablation_singular-vector-only/pendigits__sta4__block-hamiltonian__L32__lr0.01__bs32__seed5_seed5,pendigits,sta4,block-hamiltonian,32,5,0.01,32,2000,True,plus,True,False,0.6796702408896682,0.8826666666666667,0.7462264221925126,0.8444825614636935,0.9133333333333333,1532.2000000000005,,184.7428493499756,,1472,4,16,0e89babf303b6e108f9a6e4687213f88b28c4e9d,False
complete,pendigits,pendigits__sta4__block-hamiltonian__L32__lr0.01__bs32__seed6,results/runs/pendigits_ablation_singular-vector-only/pendigits__sta4__block-hamiltonian__L32__lr0.01__bs32__seed6_seed6,pendigits,sta4,block-hamiltonian,32,6,0.01,32,2000,True,plus,True,False,0.5535405805066316,0.9186666666666666,0.6364562476011788,0.8839336763865066,0.9186666666666666,1661.1333333333334,,178.87609434127808,,1472,4,16,0e89babf303b6e108f9a6e4687213f88b28c4e9d,False
complete,pendigits,pendigits__sta4__block-hamiltonian__L32__lr0.01__bs32__seed7,results/runs/pendigits_ablation_singular-vector-only/pendigits__sta4__block-hamiltonian__L32__lr0.01__bs32__seed7_seed7,pendigits,sta4,block-hamiltonian,32,7,0.01,32,2000,True,plus,True,False,1.9826413042140996,0.37466666666666665,1.9578943880267807,0.3567753001715266,0.9213333333333333,1527.4,,178.5305724143982,,1472,4,16,0e89babf303b6e108f9a6e4687213f88b28c4e9d,False
complete,pendigits,pendigits__sta4__block-hamiltonian__L32__lr0.01__bs32__seed8,results/runs/pendigits_ablation_singular-vector-only/pendigits__sta4__block-hamiltonian__L32__lr0.01__bs32__seed8_seed8,pendigits,sta4,block-hamiltonian,32,8,0.01,32,2000,True,plus,True,False,0.6674142655919607,0.888,0.7443025162639326,0.8447684391080618,0.8946666666666667,1466.2,,180.25438404083252,,1472,4,16,0e89babf303b6e108f9a6e4687213f88b28c4e9d,False
complete,pendigits,pendigits__sta4__block-hamiltonian__L32__lr0.01__bs32__seed9,results/runs/pendigits_ablation_singular-vector-only/pendigits__sta4__block-hamiltonian__L32__lr0.01__bs32__seed9_seed9,pendigits,sta4,block-hamiltonian,32,9,0.01,32,2000,True,plus,True,False,0.6222356710178846,0.9053333333333333,0.6761549346296849,0.8716409376786736,0.9173333333333333,1587.7333333333333,,177.77388381958008,,1472,4,16,0e89babf303b6e108f9a6e4687213f88b28c4e9d,False
complete,pendigits,pendigits__sta4__block-hamiltonian__L4__lr0.01__bs32__seed0,results/runs/pendigits_ablation_singular-vector-only/pendigits__sta4__block-hamiltonian__L4__lr0.01__bs32__seed0_seed0,pendigits,sta4,block-hamiltonian,4,0,0.01,32,2000,True,plus,True,False,0.8661060665526493,0.86,0.9401039256740257,0.8067467124070897,0.8626666666666667,1567.7333333333331,,32.59543180465698,,184,4,16,6e3df8c2ae7503394992a62eaa877ace7721f2bc,False
complete,pendigits,pendigits__sta4__block-hamiltonian__L4__lr0.01__bs32__seed10,results/runs/pendigits_ablation_singular-vector-only/pendigits__sta4__block-hamiltonian__L4__lr0.01__bs32__seed10_seed10,pendigits,sta4,block-hamiltonian,4,10,0.01,32,2000,True,plus,True,False,0.9142864185017758,0.832,0.9407310014808077,0.8104631217838765,0.8506666666666667,1552.7333333333333,,32.974910259246826,,184,4,16,6e3df8c2ae7503394992a62eaa877ace7721f2bc,False
complete,pendigits,pendigits__sta4__block-hamiltonian__L4__lr0.01__bs32__seed11,results/runs/pendigits_ablation_singular-vector-only/pendigits__sta4__block-hamiltonian__L4__lr0.01__bs32__seed11_seed11,pendigits,sta4,block-hamiltonian,4,11,0.01,32,2000,True,plus,True,False,0.8972780944554157,0.82,0.963780438490116,0.7930245854774156,0.8466666666666667,1496.8,,33.6278600692749,,184,4,16,6e3df8c2ae7503394992a62eaa877ace7721f2bc,False
complete,pendigits,pendigits__sta4__block-hamiltonian__L4__lr0.01__bs32__seed12,results/runs/pendigits_ablation_singular-vector-only/pendigits__sta4__block-hamiltonian__L4__lr0.01__bs32__seed12_seed12,pendigits,sta4,block-hamiltonian,4,12,0.01,32,2000,True,plus,True,False,0.8366564702998621,0.864,0.9168953364809037,0.8096054888507719,0.8666666666666667,1556.4000000000005,,31.92207407951355,,184,4,16,6e3df8c2ae7503394992a62eaa877ace7721f2bc,False
complete,pendigits,pendigits__sta4__block-hamiltonian__L4__lr0.01__bs32__seed13,results/runs/pendigits_ablation_singular-vector-only/pendigits__sta4__block-hamiltonian__L4__lr0.01__bs32__seed13_seed13,pendigits,sta4,block-hamiltonian,4,13,0.01,32,2000,True,plus,True,False,1.0388033332803113,0.8133333333333334,1.0893568588618845,0.7810177244139508,0.86,1538.0666666666668,,32.21004056930542,,184,4,16,6e3df8c2ae7503394992a62eaa877ace7721f2bc,False
complete,pendigits,pendigits__sta4__block-hamiltonian__L4__lr0.01__bs32__seed14,results/runs/pendigits_ablation_singular-vector-only/pendigits__sta4__block-hamiltonian__L4__lr0.01__bs32__seed14_seed14,pendigits,sta4,block-hamiltonian,4,14,0.01,32,2000,True,plus,True,False,0.9034598239170955,0.844,0.9525566342444081,0.7998856489422527,0.864,1561.0666666666666,,32.66039991378784,,184,4,16,6e3df8c2ae7503394992a62eaa877ace7721f2bc,False
complete,pendigits,pendigits__sta4__block-hamiltonian__L4__lr0.01__bs32__seed15,results/runs/pendigits_ablation_singular-vector-only/pendigits__sta4__block-hamiltonian__L4__lr0.01__bs32__seed15_seed15,pendigits,sta4,block-hamiltonian,4,15,0.01,32,2000,True,plus,True,False,0.883712096622992,0.8493333333333334,0.9591385188618069,0.8038879359634077,0.8586666666666667,1562.0,,33.858856439590454,,184,4,16,6e3df8c2ae7503394992a62eaa877ace7721f2bc,False
complete,pendigits,pendigits__sta4__block-hamiltonian__L4__lr0.01__bs32__seed16,results/runs/pendigits_ablation_singular-vector-only/pendigits__sta4__block-hamiltonian__L4__lr0.01__bs32__seed16_seed16,pendigits,sta4,block-hamiltonian,4,16,0.01,32,2000,True,plus,True,False,0.9277406732122309,0.8453333333333334,0.9849896608615173,0.805603201829617,0.8453333333333334,1517.5333333333333,,32.68781495094299,,184,4,16,6e3df8c2ae7503394992a62eaa877ace7721f2bc,False
complete,pendigits,pendigits__sta4__block-hamiltonian__L4__lr0.01__bs32__seed17,results/runs/pendigits_ablation_singular-vector-only/pendigits__sta4__block-hamiltonian__L4__lr0.01__bs32__seed17_seed17,pendigits,sta4,block-hamiltonian,4,17,0.01,32,2000,True,plus,True,False,0.8953030535515764,0.832,0.9227361453416263,0.8087478559176673,0.848,1479.9999999999998,,31.5457820892334,,184,4,16,6e3df8c2ae7503394992a62eaa877ace7721f2bc,False
complete,pendigits,pendigits__sta4__block-hamiltonian__L4__lr0.01__bs32__seed18,results/runs/pendigits_ablation_singular-vector-only/pendigits__sta4__block-hamiltonian__L4__lr0.01__bs32__seed18_seed18,pendigits,sta4,block-hamiltonian,4,18,0.01,32,2000,True,plus,True,False,0.9007288813229339,0.832,0.9582968436483834,0.8044596912521441,0.8373333333333334,1498.9333333333334,,32.61401128768921,,184,4,16,6e3df8c2ae7503394992a62eaa877ace7721f2bc,False
complete,pendigits,pendigits__sta4__block-hamiltonian__L4__lr0.01__bs32__seed19,results/runs/pendigits_ablation_singular-vector-only/pendigits__sta4__block-hamiltonian__L4__lr0.01__bs32__seed19_seed19,pendigits,sta4,block-hamiltonian,4,19,0.01,32,2000,True,plus,True,False,0.9711663208572828,0.812,1.0232128419808062,0.7781589479702687,0.8533333333333334,1542.8000000000002,,33.194292306900024,,184,4,16,6e3df8c2ae7503394992a62eaa877ace7721f2bc,False
complete,pendigits,pendigits__sta4__block-hamiltonian__L4__lr0.01__bs32__seed1,results/runs/pendigits_ablation_singular-vector-only/pendigits__sta4__block-hamiltonian__L4__lr0.01__bs32__seed1_seed1,pendigits,sta4,block-hamiltonian,4,1,0.01,32,2000,True,plus,True,False,0.8950636542837456,0.828,0.9544549219867469,0.7995997712978845,0.8386666666666667,1517.6,,33.66640567779541,,184,4,16,6e3df8c2ae7503394992a62eaa877ace7721f2bc,False
complete,pendigits,pendigits__sta4__block-hamiltonian__L4__lr0.01__bs32__seed2,results/runs/pendigits_ablation_singular-vector-only/pendigits__sta4__block-hamiltonian__L4__lr0.01__bs32__seed2_seed2,pendigits,sta4,block-hamiltonian,4,2,0.01,32,2000,True,plus,True,False,1.077868046516971,0.7786666666666666,1.1731393338285505,0.7195540308747856,0.86,1512.1999999999998,,33.12967658042908,,184,4,16,6e3df8c2ae7503394992a62eaa877ace7721f2bc,False
complete,pendigits,pendigits__sta4__block-hamiltonian__L4__lr0.01__bs32__seed3,results/runs/pendigits_ablation_singular-vector-only/pendigits__sta4__block-hamiltonian__L4__lr0.01__bs32__seed3_seed3,pendigits,sta4,block-hamiltonian,4,3,0.01,32,2000,True,plus,True,False,0.8587603736690168,0.8466666666666667,0.8993524986978183,0.8027444253859348,0.8693333333333333,1591.2666666666664,,34.22078609466553,,184,4,16,6e3df8c2ae7503394992a62eaa877ace7721f2bc,False
complete,pendigits,pendigits__sta4__block-hamiltonian__L4__lr0.01__bs32__seed4,results/runs/pendigits_ablation_singular-vector-only/pendigits__sta4__block-hamiltonian__L4__lr0.01__bs32__seed4_seed4,pendigits,sta4,block-hamiltonian,4,4,0.01,32,2000,True,plus,True,False,0.8922515729063782,0.8426666666666667,0.9498512895948568,0.803030303030303,0.8426666666666667,1496.533333333333,,32.908430337905884,,184,4,16,6e3df8c2ae7503394992a62eaa877ace7721f2bc,False
complete,pendigits,pendigits__sta4__block-hamiltonian__L4__lr0.01__bs32__seed5,results/runs/pendigits_ablation_singular-vector-only/pendigits__sta4__block-hamiltonian__L4__lr0.01__bs32__seed5_seed5,pendigits,sta4,block-hamiltonian,4,5,0.01,32,2000,True,plus,True,False,0.8536605952628068,0.828,0.9359781841058362,0.7778730703259005,0.8426666666666667,1532.866666666667,,31.43821907043457,,184,4,16,6e3df8c2ae7503394992a62eaa877ace7721f2bc,False
complete,pendigits,pendigits__sta4__block-hamiltonian__L4__lr0.01__bs32__seed6,results/runs/pendigits_ablation_singular-vector-only/pendigits__sta4__block-hamiltonian__L4__lr0.01__bs32__seed6_seed6,pendigits,sta4,block-hamiltonian,4,6,0.01,32,2000,True,plus,True,False,0.8697324341002253,0.8426666666666667,0.927134793048385,0.8161806746712407,0.8466666666666667,1533.2000000000003,,32.64552426338196,,184,4,16,6e3df8c2ae7503394992a62eaa877ace7721f2bc,False
complete,pendigits,pendigits__sta4__block-hamiltonian__L4__lr0.01__bs32__seed7,results/runs/pendigits_ablation_singular-vector-only/pendigits__sta4__block-hamiltonian__L4__lr0.01__bs32__seed7_seed7,pendigits,sta4,block-hamiltonian,4,7,0.01,32,2000,True,plus,True,False,0.8353289570154224,0.844,0.9353368678983884,0.8064608347627216,0.852,1550.3999999999999,,32.65543818473816,,184,4,16,6e3df8c2ae7503394992a62eaa877ace7721f2bc,False
complete,pendigits,pendigits__sta4__block-hamiltonian__L4__lr0.01__bs32__seed8,results/runs/pendigits_ablation_singular-vector-only/pendigits__sta4__block-hamiltonian__L4__lr0.01__bs32__seed8_seed8,pendigits,sta4,block-hamiltonian,4,8,0.01,32,2000,True,plus,True,False,0.8751359352098419,0.8493333333333334,0.9446673912884496,0.8033161806746713,0.856,1489.9333333333334,,32.31133008003235,,184,4,16,6e3df8c2ae7503394992a62eaa877ace7721f2bc,False
complete,pendigits,pendigits__sta4__block-hamiltonian__L4__lr0.01__bs32__seed9,results/runs/pendigits_ablation_singular-vector-only/pendigits__sta4__block-hamiltonian__L4__lr0.01__bs32__seed9_seed9,pendigits,sta4,block-hamiltonian,4,9,0.01,32,2000,True,plus,True,False,0.8391667683025288,0.8626666666666667,0.9206139050732128,0.8033161806746713,0.8746666666666667,1566.0666666666664,,33.370349645614624,,184,4,16,6e3df8c2ae7503394992a62eaa877ace7721f2bc,False
complete,pendigits,pendigits__sta4__block-hamiltonian__L8__lr0.01__bs32__seed0,results/runs/pendigits_ablation_singular-vector-only/pendigits__sta4__block-hamiltonian__L8__lr0.01__bs32__seed0_seed0,pendigits,sta4,block-hamiltonian,8,0,0.01,32,2000,True,plus,True,False,0.7477201701198819,0.8786666666666667,0.8200630821937888,0.8241852487135506,0.8786666666666667,1518.3333333333333,,54.18939566612244,,368,4,16,6e3df8c2ae7503394992a62eaa877ace7721f2bc,False
complete,pendigits,pendigits__sta4__block-hamiltonian__L8__lr0.01__bs32__seed10,results/runs/pendigits_ablation_singular-vector-only/pendigits__sta4__block-hamiltonian__L8__lr0.01__bs32__seed10_seed10,pendigits,sta4,block-hamiltonian,8,10,0.01,32,2000,True,plus,True,False,0.795148992840219,0.8626666666666667,0.8386444163442505,0.8293310463121784,0.8866666666666667,1583.0000000000002,,50.95981740951538,,368,4,16,6e3df8c2ae7503394992a62eaa877ace7721f2bc,False
complete,pendigits,pendigits__sta4__block-hamiltonian__L8__lr0.01__bs32__seed11,results/runs/pendigits_ablation_singular-vector-only/pendigits__sta4__block-hamiltonian__L8__lr0.01__bs32__seed11_seed11,pendigits,sta4,block-hamiltonian,8,11,0.01,32,2000,True,plus,True,False,1.1429922222764863,0.752,1.1661934949604253,0.7469982847341338,0.888,1538.2666666666667,,53.2628493309021,,368,4,16,6e3df8c2ae7503394992a62eaa877ace7721f2bc,False
complete,pendigits,pendigits__sta4__block-hamiltonian__L8__lr0.01__bs32__seed12,results/runs/pendigits_ablation_singular-vector-only/pendigits__sta4__block-hamiltonian__L8__lr0.01__bs32__seed12_seed12,pendigits,sta4,block-hamiltonian,8,12,0.01,32,2000,True,plus,True,False,0.8176790837416166,0.872,0.8830814660056404,0.8253287592910235,0.88,1582.0666666666666,,53.67091703414917,,368,4,16,6e3df8c2ae7503394992a62eaa877ace7721f2bc,False
complete,pendigits,pendigits__sta4__block-hamiltonian__L8__lr0.01__bs32__seed13,results/runs/pendigits_ablation_singular-vector-only/pendigits__sta4__block-hamiltonian__L8__lr0.01__bs32__seed13_seed13,pendigits,sta4,block-hamiltonian,8,13,0.01,32,2000,True,plus,True,False,0.6809510451482239,0.908,0.7535545026745744,0.8570611778158947,0.908,1646.9333333333334,,53.228759765625,,368,4,16,6e3df8c2ae7503394992a62eaa877ace7721f2bc,False
complete,pendigits,pendigits__sta4__block-hamiltonian__L8__lr0.01__bs32__seed14,results/runs/pendigits_ablation_singular-vector-only/pendigits__sta4__block-hamiltonian__L8__lr0.01__bs32__seed14_seed14,pendigits,sta4,block-hamiltonian,8,14,0.01,32,2000,True,plus,True,False,0.6578956877455133,0.896,0.7390903570018769,0.8433390508862207,0.896,1635.9333333333334,,50.72119092941284,,368,4,16,6e3df8c2ae7503394992a62eaa877ace7721f2bc,False
complete,pendigits,pendigits__sta4__block-hamiltonian__L8__lr0.01__bs32__seed15,results/runs/pendigits_ablation_singular-vector-only/pendigits__sta4__block-hamiltonian__L8__lr0.01__bs32__seed15_seed15,pendigits,sta4,block-hamiltonian,8,15,0.01,32,2000,True,plus,True,False,0.746244383186549,0.864,0.8384400012185788,0.8279016580903373,0.8853333333333333,1584.7333333333331,,51.16157102584839,,368,4,16,6e3df8c2ae7503394992a62eaa877ace7721f2bc,False
complete,pendigits,pendigits__sta4__block-hamiltonian__L8__lr0.01__bs32__seed16,results/runs/pendigits_ablation_singular-vector-only/pendigits__sta4__block-hamiltonian__L8__lr0.01__bs32__seed16_seed16,pendigits,sta4,block-hamiltonian,8,16,0.01,32,2000,True,plus,True,False,0.7567384475703696,0.868,0.8270154176579151,0.8413379073756432,0.8906666666666667,1622.3333333333333,,51.63077235221863,,368,4,16,6e3df8c2ae7503394992a62eaa877ace7721f2bc,False
complete,pendigits,pendigits__sta4__block-hamiltonian__L8__lr0.01__bs32__seed17,results/runs/pendigits_ablation_singular-vector-only/pendigits__sta4__block-hamiltonian__L8__lr0.01__bs32__seed17_seed17,pendigits,sta4,block-hamiltonian,8,17,0.01,32,2000,True,plus,True,False,0.8761405839520203,0.848,0.9276238884101954,0.8096054888507719,0.892,1595.6000000000004,,51.693238258361816,,368,4,16,6e3df8c2ae7503394992a62eaa877ace7721f2bc,False
complete,pendigits,pendigits__sta4__block-hamiltonian__L8__lr0.01__bs32__seed18,results/runs/pendigits_ablation_singular-vector-only/pendigits__sta4__block-hamiltonian__L8__lr0.01__bs32__seed18_seed18,pendigits,sta4,block-hamiltonian,8,18,0.01,32,2000,True,plus,True,False,0.6912200727459512,0.8853333333333333,0.737691091023979,0.8507718696397941,0.896,1635.3999999999999,,53.24857497215271,,368,4,16,6e3df8c2ae7503394992a62eaa877ace7721f2bc,False
complete,pendigits,pendigits__sta4__block-hamiltonian__L8__lr0.01__bs32__seed19,results/runs/pendigits_ablation_singular-vector-only/pendigits__sta4__block-hamiltonian__L8__lr0.01__bs32__seed19_seed19,pendigits,sta4,block-hamiltonian,8,19,0.01,32,2000,True,plus,True,False,0.7043825792800019,0.8853333333333333,0.7403637585270135,0.8579188107489994,0.888,1609.3333333333333,,52.61836242675781,,368,4,16,6e3df8c2ae7503394992a62eaa877ace7721f2bc,False
complete,pendigits,pendigits__sta4__block-hamiltonian__L8__lr0.01__bs32__seed1,results/runs/pendigits_ablation_singular-vector-only/pendigits__sta4__block-hamiltonian__L8__lr0.01__bs32__seed1_seed1,pendigits,sta4,block-hamiltonian,8,1,0.01,32,2000,True,plus,True,False,0.6792506509559959,0.8826666666666667,0.759342154036995,0.8433390508862207,0.8946666666666667,1630.8,,54.214295387268066,,368,4,16,6e3df8c2ae7503394992a62eaa877ace7721f2bc,False
complete,pendigits,pendigits__sta4__block-hamiltonian__L8__lr0.01__bs32__seed2,results/runs/pendigits_ablation_singular-vector-only/pendigits__sta4__block-hamiltonian__L8__lr0.01__bs32__seed2_seed2,pendigits,sta4,block-hamiltonian,8,2,0.01,32,2000,True,plus,True,False,0.6687418034784132,0.9013333333333333,0.7677610628196484,0.8459119496855346,0.9013333333333333,1616.3333333333335,,51.48553800582886,,368,4,16,6e3df8c2ae7503394992a62eaa877ace7721f2bc,False
complete,pendigits,pendigits__sta4__block-hamiltonian__L8__lr0.01__bs32__seed3,results/runs/pendigits_ablation_singular-vector-only/pendigits__sta4__block-hamiltonian__L8__lr0.01__bs32__seed3_seed3,pendigits,sta4,block-hamiltonian,8,3,0.01,32,2000,True,plus,True,False,0.7581424577069459,0.8746666666666667,0.8133861428180463,0.8373356203544883,0.8946666666666667,1608.9333333333332,,53.22102999687195,,368,4,16,6e3df8c2ae7503394992a62eaa877ace7721f2bc,False
complete,pendigits,pendigits__sta4__block-hamiltonian__L8__lr0.01__bs32__seed4,results/runs/pendigits_ablation_singular-vector-only/pendigits__sta4__block-hamiltonian__L8__lr0.01__bs32__seed4_seed4,pendigits,sta4,block-hamiltonian,8,4,0.01,32,2000,True,plus,True,False,0.7650406604986744,0.8933333333333333,0.8209331675849141,0.8361921097770154,0.8933333333333333,1625.8,,51.873825788497925,,368,4,16,6e3df8c2ae7503394992a62eaa877ace7721f2bc,False
complete,pendigits,pendigits__sta4__block-hamiltonian__L8__lr0.01__bs32__seed5,results/runs/pendigits_ablation_singular-vector-only/pendigits__sta4__block-hamiltonian__L8__lr0.01__bs32__seed5_seed5,pendigits,sta4,block-hamiltonian,8,5,0.01,32,2000,True,plus,True,False,0.6979656352944762,0.884,0.7666134233239733,0.8393367638650657,0.884,1598.6666666666665,,50.97295904159546,,368,4,16,6e3df8c2ae7503394992a62eaa877ace7721f2bc,False
complete,pendigits,pendigits__sta4__block-hamiltonian__L8__lr0.01__bs32__seed6,results/runs/pendigits_ablation_singular-vector-only/pendigits__sta4__block-hamiltonian__L8__lr0.01__bs32__seed6_seed6,pendigits,sta4,block-hamiltonian,8,6,0.01,32,2000,True,plus,True,False,0.6579548229433936,0.9013333333333333,0.7315647742162735,0.8564894225271584,0.9013333333333333,1622.7999999999997,,54.49913024902344,,368,4,16,6e3df8c2ae7503394992a62eaa877ace7721f2bc,False
complete,pendigits,pendigits__sta4__block-hamiltonian__L8__lr0.01__bs32__seed7,results/runs/pendigits_ablation_singular-vector-only/pendigits__sta4__block-hamiltonian__L8__lr0.01__bs32__seed7_seed7,pendigits,sta4,block-hamiltonian,8,7,0.01,32,2000,True,plus,True,False,0.7501101587656175,0.8746666666666667,0.8146327130568607,0.8347627215551744,0.892,1613.2,,54.346115827560425,,368,4,16,6e3df8c2ae7503394992a62eaa877ace7721f2bc,False
complete,pendigits,pendigits__sta4__block-hamiltonian__L8__lr0.01__bs32__seed8,results/runs/pendigits_ablation_singular-vector-only/pendigits__sta4__block-hamiltonian__L8__lr0.01__bs32__seed8_seed8,pendigits,sta4,block-hamiltonian,8,8,0.01,32,2000,True,plus,True,False,0.6872457477939748,0.892,0.755579125337306,0.8553459119496856,0.892,1594.8666666666666,,51.74641299247742,,368,4,16,6e3df8c2ae7503394992a62eaa877ace7721f2bc,False
complete,pendigits,pendigits__sta4__block-hamiltonian__L8__lr0.01__bs32__seed9,results/runs/pendigits_ablation_singular-vector-only/pendigits__sta4__block-hamiltonian__L8__lr0.01__bs32__seed9_seed9,pendigits,sta4,block-hamiltonian,8,9,0.01,32,2000,True,plus,True,False,0.701630803358928,0.88,0.770940459945934,0.8476272155517438,0.888,1613.3333333333333,,51.80939054489136,,368,4,16,6e3df8c2ae7503394992a62eaa877ace7721f2bc,False
