status,manifest_id,job_slug,run_dir,dataset,representation,encoder,depth,seed,learning_rate,batch_size,steps,standardize,initial_state,projector_renormalize,track_readout_leakage,final_validation_loss,final_validation_accuracy,final_test_loss,final_test_accuracy,best_validation_accuracy,validation_accuracy_auc,time_to_target_step,wall_time_seconds,mean_readout_leakage_mass,parameter_count,n_qubits,hilbert_dim,git_commit,git_dirty
complete,synthetic,synthetic-eigengap__synthetic__block-hamiltonian__L16__lr0.01__bs64__seed0,results/runs/synthetic_ablation_singular-spectrum-only/synthetic-eigengap__synthetic__block-hamiltonian__L16__lr0.01__bs64__seed0_seed0,synthetic-eigengap,synthetic,block-hamiltonian,16,0,0.01,64,2000,True,plus,True,False,0.5901322261820678,0.7073170731707317,0.6175791013853508,0.6446886446886447,0.7225609756097561,1289.4817073170732,,63.539748668670654,,496,3,8,6e3df8c2ae7503394992a62eaa877ace7721f2bc,False
complete,synthetic,synthetic-eigengap__synthetic__block-hamiltonian__L16__lr0.01__bs64__seed10,results/runs/synthetic_ablation_singular-spectrum-only/synthetic-eigengap__synthetic__block-hamiltonian__L16__lr0.01__bs64__seed10_seed10,synthetic-eigengap,synthetic,block-hamiltonian,16,10,0.01,64,2000,True,plus,True,False,0.5885566064190958,0.6920731707317073,0.6071461953735652,0.6544566544566545,0.7225609756097561,1291.6158536585365,,66.252268075943,,496,3,8,6e3df8c2ae7503394992a62eaa877ace7721f2bc,False
complete,synthetic,synthetic-eigengap__synthetic__block-hamiltonian__L16__lr0.01__bs64__seed11,results/runs/synthetic_ablation_singular-spectrum-only/synthetic-eigengap__synthetic__block-hamiltonian__L16__lr0.01__bs64__seed11_seed11,synthetic-eigengap,synthetic,block-hamiltonian,16,11,0.01,64,2000,True,plus,True,False,0.5895371527178169,0.698170731707317,0.6131944234327441,0.652014652014652,0.7225609756097561,1274.8475609756094,,66.80204844474792,,496,3,8,6e3df8c2ae7503394992a62eaa877ace7721f2bc,False
complete,synthetic,synthetic-eigengap__synthetic__block-hamiltonian__L16__lr0.01__bs64__seed12,results/runs/synthetic_ablation_singular-spectrum-only/synthetic-eigengap__synthetic__block-hamiltonian__L16__lr0.01__bs64__seed12_seed12,synthetic-eigengap,synthetic,block-hamiltonian,16,12,0.01,64,2000,True,plus,True,False,0.5830997816193325,0.6737804878048781,0.6002930022982416,0.6654456654456654,0.7347560975609756,1312.65243902439,,64.86590027809143,,496,3,8,6e3df8c2ae7503394992a62eaa877ace7721f2bc,False
complete,synthetic,synthetic-eigengap__synthetic__block-hamiltonian__L16__lr0.01__bs64__seed13,results/runs/synthetic_ablation_singular-spectrum-only/synthetic-eigengap__synthetic__block-hamiltonian__L16__lr0.01__bs64__seed13_seed13,synthetic-eigengap,synthetic,block-hamiltonian,16,13,0.01,64,2000,True,plus,True,False,0.5773850950137942,0.6737804878048781,0.5956358535021969,0.6666666666666666,0.7347560975609756,1294.512195121951,,64.65935158729553,,496,3,8,6e3df8c2ae7503394992a62eaa877ace7721f2bc,False
complete,synthetic,synthetic-eigengap__synthetic__block-hamiltonian__L16__lr0.01__bs64__seed14,results/runs/synthetic_ablation_singular-spectrum-only/synthetic-eigengap__synthetic__block-hamiltonian__L16__lr0.01__bs64__seed14_seed14,synthetic-eigengap,synthetic,block-hamiltonian,16,14,0.01,64,2000,True,plus,True,False,0.5910181216001286,0.649390243902439,0.6073241246190674,0.6568986568986569,0.7195121951219512,1293.2926829268295,,64.19725108146667,,496,3,8,6e3df8c2ae7503394992a62eaa877ace7721f2bc,False
complete,synthetic,synthetic-eigengap__synthetic__block-hamiltonian__L16__lr0.01__bs64__seed15,results/runs/synthetic_ablation_singular-spectrum-only/synthetic-eigengap__synthetic__block-hamiltonian__L16__lr0.01__bs64__seed15_seed15,synthetic-eigengap,synthetic,block-hamiltonian,16,15,0.01,64,2000,True,plus,True,False,0.5969158178263498,0.6463414634146342,0.6110578597481297,0.6361416361416361,0.7347560975609756,1281.25,,66.4722318649292,,496,3,8,6e3df8c2ae7503394992a62eaa877ace7721f2bc,False
complete,synthetic,synthetic-eigengap__synthetic__block-hamiltonian__L16__lr0.01__bs64__seed16,results/runs/synthetic_ablation_singular-spectrum-only/synthetic-eigengap__synthetic__block-hamiltonian__L16__lr0.01__bs64__seed16_seed16,synthetic-eigengap,synthetic,block-hamiltonian,16,16,0.01,64,2000,True,plus,True,False,0.5899827937750097,0.6524390243902439,0.596553800413934,0.6471306471306472,0.7408536585365854,1290.7012195121952,,66.38541054725647,,496,3,8,6e3df8c2ae7503394992a62eaa877ace7721f2bc,False
complete,synthetic,synthetic-eigengap__synthetic__block-hamiltonian__L16__lr0.01__bs64__seed17,results/runs/synthetic_ablation_singular-spectrum-only/synthetic-eigengap__synthetic__block-hamiltonian__L16__lr0.01__bs64__seed17_seed17,synthetic-eigengap,synthetic,block-hamiltonian,16,17,0.01,64,2000,True,plus,True,False,0.5913631215358647,0.7012195121951219,0.6166731157014814,0.6446886446886447,0.725609756097561,1280.9451219512193,,64.41446900367737,,496,3,8,6e3df8c2ae7503394992a62eaa877ace7721f2bc,False
complete,synthetic,synthetic-eigengap__synthetic__block-hamiltonian__L16__lr0.01__bs64__seed18,results/runs/synthetic_ablation_singular-spectrum-only/synthetic-eigengap__synthetic__block-hamiltonian__L16__lr0.01__bs64__seed18_seed18,synthetic-eigengap,synthetic,block-hamiltonian,16,18,0.01,64,2000,True,plus,True,False,0.5830120164446309,0.676829268292683,0.5969078313276089,0.6654456654456654,0.7225609756097561,1275.3048780487802,,65.46375942230225,,496,3,8,6e3df8c2ae7503394992a62eaa877ace7721f2bc,False
complete,synthetic,synthetic-eigengap__synthetic__block-hamiltonian__L16__lr0.01__bs64__seed19,results/runs/synthetic_ablation_singular-spectrum-only/synthetic-eigengap__synthetic__block-hamiltonian__L16__lr0.01__bs64__seed19_seed19,synthetic-eigengap,synthetic,block-hamiltonian,16,19,0.01,64,2000,True,plus,True,False,0.5868109123772809,0.6646341463414634,0.6085603780841558,0.6568986568986569,0.7408536585365854,1305.487804878049,,64.20605373382568,,496,3,8,6e3df8c2ae7503394992a62eaa877ace7721f2bc,False
complete,synthetic,synthetic-eigengap__synthetic__block-hamiltonian__L16__lr0.01__bs64__seed1,results/runs/synthetic_ablation_singular-spectrum-only/synthetic-eigengap__synthetic__block-hamiltonian__L16__lr0.01__bs64__seed1_seed1,synthetic-eigengap,synthetic,block-hamiltonian,16,1,0.01,64,2000,True,plus,True,False,0.5819412298320755,0.7073170731707317,0.5995079199266954,0.6703296703296703,0.7347560975609756,1301.0670731707319,,63.92344379425049,,496,3,8,6e3df8c2ae7503394992a62eaa877ace7721f2bc,False
complete,synthetic,synthetic-eigengap__synthetic__block-hamiltonian__L16__lr0.01__bs64__seed2,results/runs/synthetic_ablation_singular-spectrum-only/synthetic-eigengap__synthetic__block-hamiltonian__L16__lr0.01__bs64__seed2_seed2,synthetic-eigengap,synthetic,block-hamiltonian,16,2,0.01,64,2000,True,plus,True,False,0.5839445246743364,0.6951219512195121,0.6108857350253777,0.6544566544566545,0.7378048780487805,1321.9512195121952,,65.34394693374634,,496,3,8,6e3df8c2ae7503394992a62eaa877ace7721f2bc,False
complete,synthetic,synthetic-eigengap__synthetic__block-hamiltonian__L16__lr0.01__bs64__seed3,results/runs/synthetic_ablation_singular-spectrum-only/synthetic-eigengap__synthetic__block-hamiltonian__L16__lr0.01__bs64__seed3_seed3,synthetic-eigengap,synthetic,block-hamiltonian,16,3,0.01,64,2000,True,plus,True,False,0.572723390870712,0.7286585365853658,0.595009548072057,0.6654456654456654,0.7286585365853658,1281.09756097561,,63.85943913459778,,496,3,8,6e3df8c2ae7503394992a62eaa877ace7721f2bc,False
complete,synthetic,synthetic-eigengap__synthetic__block-hamiltonian__L16__lr0.01__bs64__seed4,results/runs/synthetic_ablation_singular-spectrum-only/synthetic-eigengap__synthetic__block-hamiltonian__L16__lr0.01__bs64__seed4_seed4,synthetic-eigengap,synthetic,block-hamiltonian,16,4,0.01,64,2000,True,plus,True,False,0.5786848583505065,0.6890243902439024,0.6012409821401293,0.6617826617826618,0.7408536585365854,1296.7987804878048,,64.50498151779175,,496,3,8,6e3df8c2ae7503394992a62eaa877ace7721f2bc,False
complete,synthetic,synthetic-eigengap__synthetic__block-hamiltonian__L16__lr0.01__bs64__seed5,results/runs/synthetic_ablation_singular-spectrum-only/synthetic-eigengap__synthetic__block-hamiltonian__L16__lr0.01__bs64__seed5_seed5,synthetic-eigengap,synthetic,block-hamiltonian,16,5,0.01,64,2000,True,plus,True,False,0.6017083171553481,0.6432926829268293,0.6017143632660438,0.6605616605616605,0.725609756097561,1281.5548780487807,,90.47766017913818,,496,3,8,6e3df8c2ae7503394992a62eaa877ace7721f2bc,False
complete,synthetic,synthetic-eigengap__synthetic__block-hamiltonian__L16__lr0.01__bs64__seed6,results/runs/synthetic_ablation_singular-spectrum-only/synthetic-eigengap__synthetic__block-hamiltonian__L16__lr0.01__bs64__seed6_seed6,synthetic-eigengap,synthetic,block-hamiltonian,16,6,0.01,64,2000,True,plus,True,False,0.5923614859039705,0.6890243902439024,0.6108312016021555,0.6483516483516484,0.7225609756097561,1263.4146341463418,,64.22941422462463,,496,3,8,6e3df8c2ae7503394992a62eaa877ace7721f2bc,False
complete,synthetic,synthetic-eigengap__synthetic__block-hamiltonian__L16__lr0.01__bs64__seed7,results/runs/synthetic_ablation_singular-spectrum-only/synthetic-eigengap__synthetic__block-hamiltonian__L16__lr0.01__bs64__seed7_seed7,synthetic-eigengap,synthetic,block-hamiltonian,16,7,0.01,64,2000,True,plus,True,False,0.6074461300639773,0.6798780487804879,0.6277475060705668,0.6361416361416361,0.7195121951219512,1298.0182926829268,,66.46059489250183,,496,3,8,6e3df8c2ae7503394992a62eaa877ace7721f2bc,False
complete,synthetic,synthetic-eigengap__synthetic__block-hamiltonian__L16__lr0.01__bs64__seed8,results/runs/synthetic_ablation_singular-spectrum-only/synthetic-eigengap__synthetic__block-hamiltonian__L16__lr0.01__bs64__seed8_seed8,synthetic-eigengap,synthetic,block-hamiltonian,16,8,0.01,64,2000,True,plus,True,False,0.5713332569462575,0.7073170731707317,0.6010951511893264,0.6483516483516484,0.7225609756097561,1301.371951219512,,67.99022388458252,,496,3,8,6e3df8c2ae7503394992a62eaa877ace7721f2bc,False
complete,synthetic,synthetic-eigengap__synthetic__block-hamiltonian__L16__lr0.01__bs64__seed9,results/runs/synthetic_ablation_singular-spectrum-only/synthetic-eigengap__synthetic__block-hamiltonian__L16__lr0.01__bs64__seed9_seed9,synthetic-eigengap,synthetic,block-hamiltonian,16,9,0.01,64,2000,True,plus,True,False,0.5754255423572637,0.6890243902439024,0.593452361806374,0.6727716727716728,0.7347560975609756,1295.2743902439024,,64.80736064910889,,496,3,8,6e3df8c2ae7503394992a62eaa877ace7721f2bc,False
complete,synthetic,synthetic-eigengap__synthetic__block-hamiltonian__L1__lr0.01__bs64__seed0,results/runs/synthetic_ablation_singular-spectrum-only/synthetic-eigengap__synthetic__block-hamiltonian__L1__lr0.01__bs64__seed0_seed0,synthetic-eigengap,synthetic,block-hamiltonian,1,0,0.01,64,2000,True,plus,True,False,0.5994107720667076,0.6524390243902439,0.6163093584123533,0.6471306471306472,0.7012195121951219,1275.9146341463415,,19.04637336730957,,31,3,8,6e3df8c2ae7503394992a62eaa877ace7721f2bc,False
complete,synthetic,synthetic-eigengap__synthetic__block-hamiltonian__L1__lr0.01__bs64__seed10,results/runs/synthetic_ablation_singular-spectrum-only/synthetic-eigengap__synthetic__block-hamiltonian__L1__lr0.01__bs64__seed10_seed10,synthetic-eigengap,synthetic,block-hamiltonian,1,10,0.01,64,2000,True,plus,True,False,0.6001877823457906,0.676829268292683,0.616076266242943,0.6422466422466423,0.698170731707317,1253.9634146341461,,18.09359121322632,,31,3,8,6e3df8c2ae7503394992a62eaa877ace7721f2bc,False
complete,synthetic,synthetic-eigengap__synthetic__block-hamiltonian__L1__lr0.01__bs64__seed11,results/runs/synthetic_ablation_singular-spectrum-only/synthetic-eigengap__synthetic__block-hamiltonian__L1__lr0.01__bs64__seed11_seed11,synthetic-eigengap,synthetic,block-hamiltonian,1,11,0.01,64,2000,True,plus,True,False,0.6004852800372095,0.6707317073170732,0.6162359341548987,0.6434676434676435,0.7103658536585366,1266.310975609756,,17.211344242095947,,31,3,8,6e3df8c2ae7503394992a62eaa877ace7721f2bc,False
complete,synthetic,synthetic-eigengap__synthetic__block-hamiltonian__L1__lr0.01__bs64__seed12,results/runs/synthetic_ablation_singular-spectrum-only/synthetic-eigengap__synthetic__block-hamiltonian__L1__lr0.01__bs64__seed12_seed12,synthetic-eigengap,synthetic,block-hamiltonian,1,12,0.01,64,2000,True,plus,True,False,0.6022989691308828,0.7012195121951219,0.6202290713230777,0.6410256410256411,0.7012195121951219,1268.90243902439,,18.721327543258667,,31,3,8,6e3df8c2ae7503394992a62eaa877ace7721f2bc,False
complete,synthetic,synthetic-eigengap__synthetic__block-hamiltonian__L1__lr0.01__bs64__seed13,results/runs/synthetic_ablation_singular-spectrum-only/synthetic-eigengap__synthetic__block-hamiltonian__L1__lr0.01__bs64__seed13_seed13,synthetic-eigengap,synthetic,block-hamiltonian,1,13,0.01,64,2000,True,plus,True,False,0.5996867947054465,0.6646341463414634,0.6166552896800173,0.6446886446886447,0.6890243902439024,1262.9573170731708,,16.930719137191772,,31,3,8,6e3df8c2ae7503394992a62eaa877ace7721f2bc,False
complete,synthetic,synthetic-eigengap__synthetic__block-hamiltonian__L1__lr0.01__bs64__seed14,results/runs/synthetic_ablation_singular-spectrum-only/synthetic-eigengap__synthetic__block-hamiltonian__L1__lr0.01__bs64__seed14_seed14,synthetic-eigengap,synthetic,block-hamiltonian,1,14,0.01,64,2000,True,plus,True,False,0.600901983023778,0.6524390243902439,0.6150651709691132,0.6422466422466423,0.698170731707317,1267.2256097560976,,18.781174898147583,,31,3,8,6e3df8c2ae7503394992a62eaa877ace7721f2bc,False
complete,synthetic,synthetic-eigengap__synthetic__block-hamiltonian__L1__lr0.01__bs64__seed15,results/runs/synthetic_ablation_singular-spectrum-only/synthetic-eigengap__synthetic__block-hamiltonian__L1__lr0.01__bs64__seed15_seed15,synthetic-eigengap,synthetic,block-hamiltonian,1,15,0.01,64,2000,True,plus,True,False,0.599736841520036,0.6463414634146342,0.6161302349719339,0.645909645909646,0.7012195121951219,1270.2743902439026,,17.29678511619568,,31,3,8,6e3df8c2ae7503394992a62eaa877ace7721f2bc,False
complete,synthetic,synthetic-eigengap__synthetic__block-hamiltonian__L1__lr0.01__bs64__seed16,results/runs/synthetic_ablation_singular-spectrum-only/synthetic-eigengap__synthetic__block-hamiltonian__L1__lr0.01__bs64__seed16_seed16,synthetic-eigengap,synthetic,block-hamiltonian,1,16,0.01,64,2000,True,plus,True,False,0.5997462826243366,0.649390243902439,0.6155062466758191,0.6434676434676435,0.7012195121951219,1282.3170731707316,,18.50008249282837,,31,3,8,6e3df8c2ae7503394992a62eaa877ace7721f2bc,False
complete,synthetic,synthetic-eigengap__synthetic__block-hamiltonian__L1__lr0.01__bs64__seed17,results/runs/synthetic_ablation_singular-spectrum-only/synthetic-eigengap__synthetic__block-hamiltonian__L1__lr0.01__bs64__seed17_seed17,synthetic-eigengap,synthetic,block-hamiltonian,1,17,0.01,64,2000,True,plus,True,False,0.6028438805038693,0.6585365853658537,0.6193325951854582,0.6507936507936508,0.698170731707317,1281.2499999999995,,17.538256883621216,,31,3,8,6e3df8c2ae7503394992a62eaa877ace7721f2bc,False
complete,synthetic,synthetic-eigengap__synthetic__block-hamiltonian__L1__lr0.01__bs64__seed18,results/runs/synthetic_ablation_singular-spectrum-only/synthetic-eigengap__synthetic__block-hamiltonian__L1__lr0.01__bs64__seed18_seed18,synthetic-eigengap,synthetic,block-hamiltonian,1,18,0.01,64,2000,True,plus,True,False,0.599634337579436,0.649390243902439,0.6158639617993094,0.645909645909646,0.7012195121951219,1271.6463414634145,,18.020488262176514,,31,3,8,6e3df8c2ae7503394992a62eaa877ace7721f2bc,False
complete,synthetic,synthetic-eigengap__synthetic__block-hamiltonian__L1__lr0.01__bs64__seed19,results/runs/synthetic_ablation_singular-spectrum-only/synthetic-eigengap__synthetic__block-hamiltonian__L1__lr0.01__bs64__seed19_seed19,synthetic-eigengap,synthetic,block-hamiltonian,1,19,0.01,64,2000,True,plus,True,False,0.5990927472086607,0.6859756097560976,0.6200472092075953,0.6434676434676435,0.7042682926829268,1273.170731707317,,17.594924211502075,,31,3,8,6e3df8c2ae7503394992a62eaa877ace7721f2bc,False
complete,synthetic,synthetic-eigengap__synthetic__block-hamiltonian__L1__lr0.01__bs64__seed1,results/runs/synthetic_ablation_singular-spectrum-only/synthetic-eigengap__synthetic__block-hamiltonian__L1__lr0.01__bs64__seed1_seed1,synthetic-eigengap,synthetic,block-hamiltonian,1,1,0.01,64,2000,True,plus,True,False,0.5988853401108998,0.676829268292683,0.6180731897770793,0.6434676434676435,0.7012195121951219,1268.1402439024391,,16.885068655014038,,31,3,8,6e3df8c2ae7503394992a62eaa877ace7721f2bc,False
complete,synthetic,synthetic-eigengap__synthetic__block-hamiltonian__L1__lr0.01__bs64__seed2,results/runs/synthetic_ablation_singular-spectrum-only/synthetic-eigengap__synthetic__block-hamiltonian__L1__lr0.01__bs64__seed2_seed2,synthetic-eigengap,synthetic,block-hamiltonian,1,2,0.01,64,2000,True,plus,True,False,0.5989926547226334,0.6737804878048781,0.6169116640496637,0.6422466422466423,0.6951219512195121,1269.2073170731708,,19.134557008743286,,31,3,8,6e3df8c2ae7503394992a62eaa877ace7721f2bc,False
complete,synthetic,synthetic-eigengap__synthetic__block-hamiltonian__L1__lr0.01__bs64__seed3,results/runs/synthetic_ablation_singular-spectrum-only/synthetic-eigengap__synthetic__block-hamiltonian__L1__lr0.01__bs64__seed3_seed3,synthetic-eigengap,synthetic,block-hamiltonian,1,3,0.01,64,2000,True,plus,True,False,0.6057087764815916,0.6951219512195121,0.6238261439875361,0.6446886446886447,0.7012195121951219,1279.7256097560976,,17.151498079299927,,31,3,8,6e3df8c2ae7503394992a62eaa877ace7721f2bc,False
complete,synthetic,synthetic-eigengap__synthetic__block-hamiltonian__L1__lr0.01__bs64__seed4,results/runs/synthetic_ablation_singular-spectrum-only/synthetic-eigengap__synthetic__block-hamiltonian__L1__lr0.01__bs64__seed4_seed4,synthetic-eigengap,synthetic,block-hamiltonian,1,4,0.01,64,2000,True,plus,True,False,0.5991967711803073,0.6554878048780488,0.6160499983153537,0.6398046398046398,0.7012195121951219,1275.3048780487807,,18.993369817733765,,31,3,8,6e3df8c2ae7503394992a62eaa877ace7721f2bc,False
complete,synthetic,synthetic-eigengap__synthetic__block-hamiltonian__L1__lr0.01__bs64__seed5,results/runs/synthetic_ablation_singular-spectrum-only/synthetic-eigengap__synthetic__block-hamiltonian__L1__lr0.01__bs64__seed5_seed5,synthetic-eigengap,synthetic,block-hamiltonian,1,5,0.01,64,2000,True,plus,True,False,0.6031038009719942,0.6585365853658537,0.6188958569657311,0.6422466422466423,0.7012195121951219,1280.3353658536585,,17.608999967575073,,31,3,8,6e3df8c2ae7503394992a62eaa877ace7721f2bc,False
complete,synthetic,synthetic-eigengap__synthetic__block-hamiltonian__L1__lr0.01__bs64__seed6,results/runs/synthetic_ablation_singular-spectrum-only/synthetic-eigengap__synthetic__block-hamiltonian__L1__lr0.01__bs64__seed6_seed6,synthetic-eigengap,synthetic,block-hamiltonian,1,6,0.01,64,2000,True,plus,True,False,0.5994635113801335,0.6798780487804879,0.6186099374577836,0.6434676434676435,0.7042682926829268,1283.8414634146343,,18.577472925186157,,31,3,8,6e3df8c2ae7503394992a62eaa877ace7721f2bc,False
complete,synthetic,synthetic-eigengap__synthetic__block-hamiltonian__L1__lr0.01__bs64__seed7,results/runs/synthetic_ablation_singular-spectrum-only/synthetic-eigengap__synthetic__block-hamiltonian__L1__lr0.01__bs64__seed7_seed7,synthetic-eigengap,synthetic,block-hamiltonian,1,7,0.01,64,2000,True,plus,True,False,0.6009885439534817,0.6524390243902439,0.6158522601717944,0.6434676434676435,0.7012195121951219,1273.1707317073171,,17.513267755508423,,31,3,8,6e3df8c2ae7503394992a62eaa877ace7721f2bc,False
complete,synthetic,synthetic-eigengap__synthetic__block-hamiltonian__L1__lr0.01__bs64__seed8,results/runs/synthetic_ablation_singular-spectrum-only/synthetic-eigengap__synthetic__block-hamiltonian__L1__lr0.01__bs64__seed8_seed8,synthetic-eigengap,synthetic,block-hamiltonian,1,8,0.01,64,2000,True,plus,True,False,0.5989478137090634,0.6737804878048781,0.6168959640706174,0.6422466422466423,0.698170731707317,1255.0304878048782,,17.965537786483765,,31,3,8,6e3df8c2ae7503394992a62eaa877ace7721f2bc,False
complete,synthetic,synthetic-eigengap__synthetic__block-hamiltonian__L1__lr0.01__bs64__seed9,results/runs/synthetic_ablation_singular-spectrum-only/synthetic-eigengap__synthetic__block-hamiltonian__L1__lr0.01__bs64__seed9_seed9,synthetic-eigengap,synthetic,block-hamiltonian,1,9,0.01,64,2000,True,plus,True,False,0.6043390282610721,0.7012195121951219,0.6254318918994991,0.6373626373626373,0.7012195121951219,1260.3658536585365,,17.76227641105652,,31,3,8,6e3df8c2ae7503394992a62eaa877ace7721f2bc,False
complete,synthetic,synthetic-eigengap__synthetic__block-hamiltonian__L2__lr0.01__bs64__seed0,results/runs/synthetic_ablation_singular-spectrum-only/synthetic-eigengap__synthetic__block-hamiltonian__L2__lr0.01__bs64__seed0_seed0,synthetic-eigengap,synthetic,block-hamiltonian,2,0,0.01,64,2000,True,plus,True,False,0.5782090566102737,0.6798780487804879,0.5971627511037154,0.6605616605616605,0.7164634146341463,1323.6280487804877,,21.654562950134277,,62,3,8,6e3df8c2ae7503394992a62eaa877ace7721f2bc,False
complete,synthetic,synthetic-eigengap__synthetic__block-hamiltonian__L2__lr0.01__bs64__seed10,results/runs/synthetic_ablation_singular-spectrum-only/synthetic-eigengap__synthetic__block-hamiltonian__L2__lr0.01__bs64__seed10_seed10,synthetic-eigengap,synthetic,block-hamiltonian,2,10,0.01,64,2000,True,plus,True,False,0.5786741976538586,0.7134146341463414,0.6007873955927481,0.6422466422466423,0.7134146341463414,1316.1585365853662,,20.90876269340515,,62,3,8,6e3df8c2ae7503394992a62eaa877ace7721f2bc,False
complete,synthetic,synthetic-eigengap__synthetic__block-hamiltonian__L2__lr0.01__bs64__seed11,results/runs/synthetic_ablation_singular-spectrum-only/synthetic-eigengap__synthetic__block-hamiltonian__L2__lr0.01__bs64__seed11_seed11,synthetic-eigengap,synthetic,block-hamiltonian,2,11,0.01,64,2000,True,plus,True,False,0.5809698548297941,0.7225609756097561,0.6024085575801114,0.6398046398046398,0.7225609756097561,1314.3292682926829,,22.602461099624634,,62,3,8,6e3df8c2ae7503394992a62eaa877ace7721f2bc,False
complete,synthetic,synthetic-eigengap__synthetic__block-hamiltonian__L2__lr0.01__bs64__seed12,results/runs/synthetic_ablation_singular-spectrum-only/synthetic-eigengap__synthetic__block-hamiltonian__L2__lr0.01__bs64__seed12_seed12,synthetic-eigengap,synthetic,block-hamiltonian,2,12,0.01,64,2000,True,plus,True,False,0.5810203252904563,0.7195121951219512,0.5976683236865338,0.6471306471306472,0.7195121951219512,1309.7560975609756,,20.644943475723267,,62,3,8,6e3df8c2ae7503394992a62eaa877ace7721f2bc,False
complete,synthetic,synthetic-eigengap__synthetic__block-hamiltonian__L2__lr0.01__bs64__seed13,results/runs/synthetic_ablation_singular-spectrum-only/synthetic-eigengap__synthetic__block-hamiltonian__L2__lr0.01__bs64__seed13_seed13,synthetic-eigengap,synthetic,block-hamiltonian,2,13,0.01,64,2000,True,plus,True,False,0.5792145302989208,0.7134146341463414,0.5982721823726755,0.6434676434676435,0.7134146341463414,1304.7256097560976,,22.0368013381958,,62,3,8,6e3df8c2ae7503394992a62eaa877ace7721f2bc,False
complete,synthetic,synthetic-eigengap__synthetic__block-hamiltonian__L2__lr0.01__bs64__seed14,results/runs/synthetic_ablation_singular-spectrum-only/synthetic-eigengap__synthetic__block-hamiltonian__L2__lr0.01__bs64__seed14_seed14,synthetic-eigengap,synthetic,block-hamiltonian,2,14,0.01,64,2000,True,plus,True,False,0.5843624128189079,0.6676829268292683,0.599159187850546,0.6617826617826618,0.7195121951219512,1319.2073170731708,,20.01677179336548,,62,3,8,6e3df8c2ae7503394992a62eaa877ace7721f2bc,False
complete,synthetic,synthetic-eigengap__synthetic__block-hamiltonian__L2__lr0.01__bs64__seed15,results/runs/synthetic_ablation_singular-spectrum-only/synthetic-eigengap__synthetic__block-hamiltonian__L2__lr0.01__bs64__seed15_seed15,synthetic-eigengap,synthetic,block-hamiltonian,2,15,0.01,64,2000,True,plus,True,False,0.5874352966952491,0.6646341463414634,0.6016042267887668,0.6483516483516484,0.7225609756097561,1306.0975609756097,,21.02914047241211,,62,3,8,6e3df8c2ae7503394992a62eaa877ace7721f2bc,False
complete,synthetic,synthetic-eigengap__synthetic__block-hamiltonian__L2__lr0.01__bs64__seed16,results/runs/synthetic_ablation_singular-spectrum-only/synthetic-eigengap__synthetic__block-hamiltonian__L2__lr0.01__bs64__seed16_seed16,synthetic-eigengap,synthetic,block-hamiltonian,2,16,0.01,64,2000,True,plus,True,False,0.5798823076692814,0.7164634146341463,0.6058772886910797,0.6446886446886447,0.725609756097561,1324.0853658536582,,20.210147380828857,,62,3,8,6e3df8c2ae7503394992a62eaa877ace7721f2bc,False
complete,synthetic,synthetic-eigengap__synthetic__block-hamiltonian__L2__lr0.01__bs64__seed17,results/runs/synthetic_ablation_singular-spectrum-only/synthetic-eigengap__synthetic__block-hamiltonian__L2__lr0.01__bs64__seed17_seed17,synthetic-eigengap,synthetic,block-hamiltonian,2,17,0.01,64,2000,True,plus,True,False,0.5783027422390585,0.6798780487804879,0.5996867140478747,0.6654456654456654,0.7103658536585366,1319.9695121951218,,22.236095666885376,,62,3,8,6e3df8c2ae7503394992a62eaa877ace7721f2bc,False
complete,synthetic,synthetic-eigengap__synthetic__block-hamiltonian__L2__lr0.01__bs64__seed18,results/runs/synthetic_ablation_singular-spectrum-only/synthetic-eigengap__synthetic__block-hamiltonian__L2__lr0.01__bs64__seed18_seed18,synthetic-eigengap,synthetic,block-hamiltonian,2,18,0.01,64,2000,True,plus,True,False,0.5799163908711443,0.6890243902439024,0.5961196202772018,0.6617826617826618,0.7164634146341463,1320.2743902439024,,19.882968187332153,,62,3,8,6e3df8c2ae7503394992a62eaa877ace7721f2bc,False
complete,synthetic,synthetic-eigengap__synthetic__block-hamiltonian__L2__lr0.01__bs64__seed19,results/runs/synthetic_ablation_singular-spectrum-only/synthetic-eigengap__synthetic__block-hamiltonian__L2__lr0.01__bs64__seed19_seed19,synthetic-eigengap,synthetic,block-hamiltonian,2,19,0.01,64,2000,True,plus,True,False,0.574518807051181,0.7225609756097561,0.601755486042728,0.6422466422466423,0.7225609756097561,1317.6829268292681,,21.11134123802185,,62,3,8,6e3df8c2ae7503394992a62eaa877ace7721f2bc,False
complete,synthetic,synthetic-eigengap__synthetic__block-hamiltonian__L2__lr0.01__bs64__seed1,results/runs/synthetic_ablation_singular-spectrum-only/synthetic-eigengap__synthetic__block-hamiltonian__L2__lr0.01__bs64__seed1_seed1,synthetic-eigengap,synthetic,block-hamiltonian,2,1,0.01,64,2000,True,plus,True,False,0.5858060738415117,0.7134146341463414,0.6143335991781158,0.6507936507936508,0.7134146341463414,1319.6646341463413,,20.548208951950073,,62,3,8,6e3df8c2ae7503394992a62eaa877ace7721f2bc,False
complete,synthetic,synthetic-eigengap__synthetic__block-hamiltonian__L2__lr0.01__bs64__seed2,results/runs/synthetic_ablation_singular-spectrum-only/synthetic-eigengap__synthetic__block-hamiltonian__L2__lr0.01__bs64__seed2_seed2,synthetic-eigengap,synthetic,block-hamiltonian,2,2,0.01,64,2000,True,plus,True,False,0.5767745544281726,0.7103658536585366,0.5966652211503639,0.6471306471306472,0.7164634146341463,1317.6829268292681,,20.279539823532104,,62,3,8,6e3df8c2ae7503394992a62eaa877ace7721f2bc,False
complete,synthetic,synthetic-eigengap__synthetic__block-hamiltonian__L2__lr0.01__bs64__seed3,results/runs/synthetic_ablation_singular-spectrum-only/synthetic-eigengap__synthetic__block-hamiltonian__L2__lr0.01__bs64__seed3_seed3,synthetic-eigengap,synthetic,block-hamiltonian,2,3,0.01,64,2000,True,plus,True,False,0.5791065622810929,0.7164634146341463,0.5978382441007649,0.6434676434676435,0.725609756097561,1318.7500000000005,,21.488304615020752,,62,3,8,6e3df8c2ae7503394992a62eaa877ace7721f2bc,False
complete,synthetic,synthetic-eigengap__synthetic__block-hamiltonian__L2__lr0.01__bs64__seed4,results/runs/synthetic_ablation_singular-spectrum-only/synthetic-eigengap__synthetic__block-hamiltonian__L2__lr0.01__bs64__seed4_seed4,synthetic-eigengap,synthetic,block-hamiltonian,2,4,0.01,64,2000,True,plus,True,False,0.5806591764793878,0.7103658536585366,0.604251276380217,0.6336996336996337,0.7103658536585366,1313.5670731707319,,20.518735647201538,,62,3,8,6e3df8c2ae7503394992a62eaa877ace7721f2bc,False
complete,synthetic,synthetic-eigengap__synthetic__block-hamiltonian__L2__lr0.01__bs64__seed5,results/runs/synthetic_ablation_singular-spectrum-only/synthetic-eigengap__synthetic__block-hamiltonian__L2__lr0.01__bs64__seed5_seed5,synthetic-eigengap,synthetic,block-hamiltonian,2,5,0.01,64,2000,True,plus,True,False,0.5803806259223694,0.6859756097560976,0.5990626990738378,0.6568986568986569,0.7164634146341463,1324.6951219512196,,21.13180637359619,,62,3,8,6e3df8c2ae7503394992a62eaa877ace7721f2bc,False
complete,synthetic,synthetic-eigengap__synthetic__block-hamiltonian__L2__lr0.01__bs64__seed6,results/runs/synthetic_ablation_singular-spectrum-only/synthetic-eigengap__synthetic__block-hamiltonian__L2__lr0.01__bs64__seed6_seed6,synthetic-eigengap,synthetic,block-hamiltonian,2,6,0.01,64,2000,True,plus,True,False,0.5780601265170322,0.7134146341463414,0.6040313953053407,0.6385836385836385,0.7134146341463414,1313.719512195122,,21.761065006256104,,62,3,8,6e3df8c2ae7503394992a62eaa877ace7721f2bc,False
complete,synthetic,synthetic-eigengap__synthetic__block-hamiltonian__L2__lr0.01__bs64__seed7,results/runs/synthetic_ablation_singular-spectrum-only/synthetic-eigengap__synthetic__block-hamiltonian__L2__lr0.01__bs64__seed7_seed7,synthetic-eigengap,synthetic,block-hamiltonian,2,7,0.01,64,2000,True,plus,True,False,0.580497083588932,0.676829268292683,0.5964296174113962,0.6568986568986569,0.7134146341463414,1321.189024390244,,22.118219137191772,,62,3,8,6e3df8c2ae7503394992a62eaa877ace7721f2bc,False
complete,synthetic,synthetic-eigengap__synthetic__block-hamiltonian__L2__lr0.01__bs64__seed8,results/runs/synthetic_ablation_singular-spectrum-only/synthetic-eigengap__synthetic__block-hamiltonian__L2__lr0.01__bs64__seed8_seed8,synthetic-eigengap,synthetic,block-hamiltonian,2,8,0.01,64,2000,True,plus,True,False,0.5818208291092153,0.6737804878048781,0.6006320413143308,0.6507936507936508,0.7134146341463414,1315.3963414634147,,19.898205995559692,,62,3,8,6e3df8c2ae7503394992a62eaa877ace7721f2bc,False
complete,synthetic,synthetic-eigengap__synthetic__block-hamiltonian__L2__lr0.01__bs64__seed9,results/runs/synthetic_ablation_singular-spectrum-only/synthetic-eigengap__synthetic__block-hamiltonian__L2__lr0.01__bs64__seed9_seed9,synthetic-eigengap,synthetic,block-hamiltonian,2,9,0.01,64,2000,True,plus,True,False,0.5816666653659543,0.698170731707317,0.6074155569472286,0.6483516483516484,0.7164634146341463,1314.3292682926826,,21.68796443939209,,62,3,8,6e3df8c2ae7503394992a62eaa877ace7721f2bc,False
complete,synthetic,synthetic-eigengap__synthetic__block-hamiltonian__L32__lr0.01__bs64__seed0,results/runs/synthetic_ablation_singular-spectrum-only/synthetic-eigengap__synthetic__block-hamiltonian__L32__lr0.01__bs64__seed0_seed0,synthetic-eigengap,synthetic,block-hamiltonian,32,0,0.01,64,2000,True,plus,True,False,0.7292586227756147,0.5975609756097561,0.7384555733794721,0.6068376068376068,0.725609756097561,1236.7378048780488,,117.46195030212402,,992,3,8,6e3df8c2ae7503394992a62eaa877ace7721f2bc,False
complete,synthetic,synthetic-eigengap__synthetic__block-hamiltonian__L32__lr0.01__bs64__seed10,results/runs/synthetic_ablation_singular-spectrum-only/synthetic-eigengap__synthetic__block-hamiltonian__L32__lr0.01__bs64__seed10_seed10,synthetic-eigengap,synthetic,block-hamiltonian,32,10,0.01,64,2000,True,plus,True,False,0.6488950579993683,0.6554878048780488,0.6639673816708949,0.5860805860805861,0.7164634146341463,1248.3231707317073,,117.26045513153076,,992,3,8,6e3df8c2ae7503394992a62eaa877ace7721f2bc,False
complete,synthetic,synthetic-eigengap__synthetic__block-hamiltonian__L32__lr0.01__bs64__seed11,results/runs/synthetic_ablation_singular-spectrum-only/synthetic-eigengap__synthetic__block-hamiltonian__L32__lr0.01__bs64__seed11_seed11,synthetic-eigengap,synthetic,block-hamiltonian,32,11,0.01,64,2000,True,plus,True,False,0.7289250852388989,0.5304878048780488,0.733668621191814,0.5152625152625152,0.7286585365853658,1237.9573170731708,,114.79520630836487,,992,3,8,6e3df8c2ae7503394992a62eaa877ace7721f2bc,False
complete,synthetic,synthetic-eigengap__synthetic__block-hamiltonian__L32__lr0.01__bs64__seed12,results/runs/synthetic_ablation_singular-spectrum-only/synthetic-eigengap__synthetic__block-hamiltonian__L32__lr0.01__bs64__seed12_seed12,synthetic-eigengap,synthetic,block-hamiltonian,32,12,0.01,64,2000,True,plus,True,False,0.6512376820619528,0.649390243902439,0.6790899211286536,0.6153846153846154,0.7286585365853658,1256.7073170731703,,116.17313766479492,,992,3,8,6e3df8c2ae7503394992a62eaa877ace7721f2bc,False
complete,synthetic,synthetic-eigengap__synthetic__block-hamiltonian__L32__lr0.01__bs64__seed13,results/runs/synthetic_ablation_singular-spectrum-only/synthetic-eigengap__synthetic__block-hamiltonian__L32__lr0.01__bs64__seed13_seed13,synthetic-eigengap,synthetic,block-hamiltonian,32,13,0.01,64,2000,True,plus,True,False,0.66973182385101,0.6371951219512195,0.7027659081013532,0.5873015873015873,0.7286585365853658,1278.0487804878044,,115.94633150100708,,992,3,8,6e3df8c2ae7503394992a62eaa877ace7721f2bc,False
complete,synthetic,synthetic-eigengap__synthetic__block-hamiltonian__L32__lr0.01__bs64__seed14,results/runs/synthetic_ablation_singular-spectrum-only/synthetic-eigengap__synthetic__block-hamiltonian__L32__lr0.01__bs64__seed14_seed14,synthetic-eigengap,synthetic,block-hamiltonian,32,14,0.01,64,2000,True,plus,True,False,0.6224640759398028,0.6219512195121951,0.6234101557165665,0.6507936507936508,0.725609756097561,1215.3963414634147,,114.87550520896912,,992,3,8,6e3df8c2ae7503394992a62eaa877ace7721f2bc,False
complete,synthetic,synthetic-eigengap__synthetic__block-hamiltonian__L32__lr0.01__bs64__seed15,results/runs/synthetic_ablation_singular-spectrum-only/synthetic-eigengap__synthetic__block-hamiltonian__L32__lr0.01__bs64__seed15_seed15,synthetic-eigengap,synthetic,block-hamiltonian,32,15,0.01,64,2000,True,plus,True,False,0.6279929322610022,0.6219512195121951,0.642105865735683,0.6043956043956044,0.7317073170731707,1240.2439024390244,,115.89983034133911,,992,3,8,6e3df8c2ae7503394992a62eaa877ace7721f2bc,False
complete,synthetic,synthetic-eigengap__synthetic__block-hamiltonian__L32__lr0.01__bs64__seed16,results/runs/synthetic_ablation_singular-spectrum-only/synthetic-eigengap__synthetic__block-hamiltonian__L32__lr0.01__bs64__seed16_seed16,synthetic-eigengap,synthetic,block-hamiltonian,32,16,0.01,64,2000,True,plus,True,False,0.6110963567141401,0.6707317073170732,0.6133708729372034,0.6556776556776557,0.7195121951219512,1225.0,,116.28952550888062,,992,3,8,6e3df8c2ae7503394992a62eaa877ace7721f2bc,False
complete,synthetic,synthetic-eigengap__synthetic__block-hamiltonian__L32__lr0.01__bs64__seed17,results/runs/synthetic_ablation_singular-spectrum-only/synthetic-eigengap__synthetic__block-hamiltonian__L32__lr0.01__bs64__seed17_seed17,synthetic-eigengap,synthetic,block-hamiltonian,32,17,0.01,64,2000,True,plus,True,False,0.5979310994440388,0.6524390243902439,0.6147951197182185,0.6556776556776557,0.725609756097561,1276.0670731707319,,114.61294627189636,,992,3,8,6e3df8c2ae7503394992a62eaa877ace7721f2bc,False
complete,synthetic,synthetic-eigengap__synthetic__block-hamiltonian__L32__lr0.01__bs64__seed18,results/runs/synthetic_ablation_singular-spectrum-only/synthetic-eigengap__synthetic__block-hamiltonian__L32__lr0.01__bs64__seed18_seed18,synthetic-eigengap,synthetic,block-hamiltonian,32,18,0.01,64,2000,True,plus,True,False,0.6832378665071726,0.600609756097561,0.7027948720137075,0.5848595848595849,0.725609756097561,1233.841463414634,,115.92201828956604,,992,3,8,6e3df8c2ae7503394992a62eaa877ace7721f2bc,False
complete,synthetic,synthetic-eigengap__synthetic__block-hamiltonian__L32__lr0.01__bs64__seed19,results/runs/synthetic_ablation_singular-spectrum-only/synthetic-eigengap__synthetic__block-hamiltonian__L32__lr0.01__bs64__seed19_seed19,synthetic-eigengap,synthetic,block-hamiltonian,32,19,0.01,64,2000,True,plus,True,False,0.5749441927089116,0.6920731707317073,0.5972830517478092,0.6715506715506715,0.7195121951219512,1258.5365853658536,,114.71466159820557,,992,3,8,6e3df8c2ae7503394992a62eaa877ace7721f2bc,False
complete,synthetic,synthetic-eigengap__synthetic__block-hamiltonian__L32__lr0.01__bs64__seed1,results/runs/synthetic_ablation_singular-spectrum-only/synthetic-eigengap__synthetic__block-hamiltonian__L32__lr0.01__bs64__seed1_seed1,synthetic-eigengap,synthetic,block-hamiltonian,32,1,0.01,64,2000,True,plus,True,False,0.6295324588413238,0.6890243902439024,0.640264101649589,0.6654456654456654,0.7317073170731707,1262.0426829268292,,115.093430519104,,992,3,8,6e3df8c2ae7503394992a62eaa877ace7721f2bc,False
complete,synthetic,synthetic-eigengap__synthetic__block-hamiltonian__L32__lr0.01__bs64__seed2,results/runs/synthetic_ablation_singular-spectrum-only/synthetic-eigengap__synthetic__block-hamiltonian__L32__lr0.01__bs64__seed2_seed2,synthetic-eigengap,synthetic,block-hamiltonian,32,2,0.01,64,2000,True,plus,True,False,0.6135975869523985,0.6554878048780488,0.6584915494365623,0.6202686202686203,0.7134146341463414,1226.371951219512,,115.49286437034607,,992,3,8,6e3df8c2ae7503394992a62eaa877ace7721f2bc,False
complete,synthetic,synthetic-eigengap__synthetic__block-hamiltonian__L32__lr0.01__bs64__seed3,results/runs/synthetic_ablation_singular-spectrum-only/synthetic-eigengap__synthetic__block-hamiltonian__L32__lr0.01__bs64__seed3_seed3,synthetic-eigengap,synthetic,block-hamiltonian,32,3,0.01,64,2000,True,plus,True,False,0.677470954227648,0.6128048780487805,0.7119953718159527,0.57997557997558,0.7164634146341463,1208.5365853658539,,115.9730908870697,,992,3,8,6e3df8c2ae7503394992a62eaa877ace7721f2bc,False
complete,synthetic,synthetic-eigengap__synthetic__block-hamiltonian__L32__lr0.01__bs64__seed4,results/runs/synthetic_ablation_singular-spectrum-only/synthetic-eigengap__synthetic__block-hamiltonian__L32__lr0.01__bs64__seed4_seed4,synthetic-eigengap,synthetic,block-hamiltonian,32,4,0.01,64,2000,True,plus,True,False,0.7418798828057852,0.6219512195121951,0.7392061761319102,0.6385836385836385,0.725609756097561,1209.1463414634147,,115.42248702049255,,992,3,8,6e3df8c2ae7503394992a62eaa877ace7721f2bc,False
complete,synthetic,synthetic-eigengap__synthetic__block-hamiltonian__L32__lr0.01__bs64__seed5,results/runs/synthetic_ablation_singular-spectrum-only/synthetic-eigengap__synthetic__block-hamiltonian__L32__lr0.01__bs64__seed5_seed5,synthetic-eigengap,synthetic,block-hamiltonian,32,5,0.01,64,2000,True,plus,True,False,0.5859918278765076,0.6951219512195121,0.6046742919663765,0.6495726495726496,0.7439024390243902,1236.8902439024387,,117.66171741485596,,992,3,8,6e3df8c2ae7503394992a62eaa877ace7721f2bc,False
complete,synthetic,synthetic-eigengap__synthetic__block-hamiltonian__L32__lr0.01__bs64__seed6,results/runs/synthetic_ablation_singular-spectrum-only/synthetic-eigengap__synthetic__block-hamiltonian__L32__lr0.01__bs64__seed6_seed6,synthetic-eigengap,synthetic,block-hamiltonian,32,6,0.01,64,2000,True,plus,True,False,0.5779392443031011,0.7103658536585366,0.6046720798267594,0.6654456654456654,0.7103658536585366,1240.091463414634,,115.07150053977966,,992,3,8,6e3df8c2ae7503394992a62eaa877ace7721f2bc,False
complete,synthetic,synthetic-eigengap__synthetic__block-hamiltonian__L32__lr0.01__bs64__seed7,results/runs/synthetic_ablation_singular-spectrum-only/synthetic-eigengap__synthetic__block-hamiltonian__L32__lr0.01__bs64__seed7_seed7,synthetic-eigengap,synthetic,block-hamiltonian,32,7,0.01,64,2000,True,plus,True,False,0.614149845484469,0.6524390243902439,0.6328166309612138,0.6202686202686203,0.725609756097561,1224.9999999999998,,114.53588652610779,,992,3,8,6e3df8c2ae7503394992a62eaa877ace7721f2bc,False
complete,synthetic,synthetic-eigengap__synthetic__block-hamiltonian__L32__lr0.01__bs64__seed8,results/runs/synthetic_ablation_singular-spectrum-only/synthetic-eigengap__synthetic__block-hamiltonian__L32__lr0.01__bs64__seed8_seed8,synthetic-eigengap,synthetic,block-hamiltonian,32,8,0.01,64,2000,True,plus,True,False,0.6033119712281193,0.7073170731707317,0.6240260074108351,0.6532356532356532,0.7225609756097561,1257.9268292682927,,116.81929969787598,,992,3,8,6e3df8c2ae7503394992a62eaa877ace7721f2bc,False
complete,synthetic,synthetic-eigengap__synthetic__block-hamiltonian__L32__lr0.01__bs64__seed9,results/runs/synthetic_ablation_singular-spectrum-only/synthetic-eigengap__synthetic__block-hamiltonian__L32__lr0.01__bs64__seed9_seed9,synthetic-eigengap,synthetic,block-hamiltonian,32,9,0.01,64,2000,True,plus,True,False,0.5942771828508591,0.6676829268292683,0.6098081264386,0.6654456654456654,0.7286585365853658,1254.5731707317073,,115.49486088752747,,992,3,8,6e3df8c2ae7503394992a62eaa877ace7721f2bc,False
complete,synthetic,synthetic-eigengap__synthetic__block-hamiltonian__L4__lr0.01__bs64__seed0,results/runs/synthetic_ablation_singular-spectrum-only/synthetic-eigengap__synthetic__block-hamiltonian__L4__lr0.01__bs64__seed0_seed0,synthetic-eigengap,synthetic,block-hamiltonian,4,0,0.01,64,2000,True,plus,True,False,0.5745174561871603,0.6951219512195121,0.5929050400019349,0.6544566544566545,0.7347560975609756,1335.9756097560974,,26.976264238357544,,124,3,8,6e3df8c2ae7503394992a62eaa877ace7721f2bc,False
complete,synthetic,synthetic-eigengap__synthetic__block-hamiltonian__L4__lr0.01__bs64__seed10,results/runs/synthetic_ablation_singular-spectrum-only/synthetic-eigengap__synthetic__block-hamiltonian__L4__lr0.01__bs64__seed10_seed10,synthetic-eigengap,synthetic,block-hamiltonian,4,10,0.01,64,2000,True,plus,True,False,0.580993314978715,0.7012195121951219,0.6011412710945965,0.6556776556776557,0.7164634146341463,1315.2439024390242,,27.861083984375,,124,3,8,6e3df8c2ae7503394992a62eaa877ace7721f2bc,False
complete,synthetic,synthetic-eigengap__synthetic__block-hamiltonian__L4__lr0.01__bs64__seed11,results/runs/synthetic_ablation_singular-spectrum-only/synthetic-eigengap__synthetic__block-hamiltonian__L4__lr0.01__bs64__seed11_seed11,synthetic-eigengap,synthetic,block-hamiltonian,4,11,0.01,64,2000,True,plus,True,False,0.6068563495002339,0.6676829268292683,0.629236009294264,0.6263736263736264,0.7195121951219512,1310.2134146341461,,27.90569257736206,,124,3,8,6e3df8c2ae7503394992a62eaa877ace7721f2bc,False
complete,synthetic,synthetic-eigengap__synthetic__block-hamiltonian__L4__lr0.01__bs64__seed12,results/runs/synthetic_ablation_singular-spectrum-only/synthetic-eigengap__synthetic__block-hamiltonian__L4__lr0.01__bs64__seed12_seed12,synthetic-eigengap,synthetic,block-hamiltonian,4,12,0.01,64,2000,True,plus,True,False,0.5800674534721351,0.7408536585365854,0.6012680838005797,0.6446886446886447,0.7408536585365854,1319.207317073171,,27.856796979904175,,124,3,8,6e3df8c2ae7503394992a62eaa877ace7721f2bc,False
complete,synthetic,synthetic-eigengap__synthetic__block-hamiltonian__L4__lr0.01__bs64__seed13,results/runs/synthetic_ablation_singular-spectrum-only/synthetic-eigengap__synthetic__block-hamiltonian__L4__lr0.01__bs64__seed13_seed13,synthetic-eigengap,synthetic,block-hamiltonian,4,13,0.01,64,2000,True,plus,True,False,0.5772072546288726,0.7286585365853658,0.5955637402184659,0.6446886446886447,0.7317073170731707,1326.371951219512,,27.613547325134277,,124,3,8,6e3df8c2ae7503394992a62eaa877ace7721f2bc,False
complete,synthetic,synthetic-eigengap__synthetic__block-hamiltonian__L4__lr0.01__bs64__seed14,results/runs/synthetic_ablation_singular-spectrum-only/synthetic-eigengap__synthetic__block-hamiltonian__L4__lr0.01__bs64__seed14_seed14,synthetic-eigengap,synthetic,block-hamiltonian,4,14,0.01,64,2000,True,plus,True,False,0.5862068787459561,0.676829268292683,0.593445967055179,0.6715506715506715,0.725609756097561,1315.0914634146343,,27.513898372650146,,124,3,8,6e3df8c2ae7503394992a62eaa877ace7721f2bc,False
complete,synthetic,synthetic-eigengap__synthetic__block-hamiltonian__L4__lr0.01__bs64__seed15,results/runs/synthetic_ablation_singular-spectrum-only/synthetic-eigengap__synthetic__block-hamiltonian__L4__lr0.01__bs64__seed15_seed15,synthetic-eigengap,synthetic,block-hamiltonian,4,15,0.01,64,2000,True,plus,True,False,0.5829135796231797,0.6585365853658537,0.5951806675560717,0.6605616605616605,0.7408536585365854,1305.7926829268292,,26.757853031158447,,124,3,8,6e3df8c2ae7503394992a62eaa877ace7721f2bc,False
complete,synthetic,synthetic-eigengap__synthetic__block-hamiltonian__L4__lr0.01__bs64__seed16,results/runs/synthetic_ablation_singular-spectrum-only/synthetic-eigengap__synthetic__block-hamiltonian__L4__lr0.01__bs64__seed16_seed16,synthetic-eigengap,synthetic,block-hamiltonian,4,16,0.01,64,2000,True,plus,True,False,0.580356607510308,0.7225609756097561,0.6019053527857307,0.6483516483516484,0.7286585365853658,1329.268292682927,,28.07588028907776,,124,3,8,6e3df8c2ae7503394992a62eaa877ace7721f2bc,False
complete,synthetic,synthetic-eigengap__synthetic__block-hamiltonian__L4__lr0.01__bs64__seed17,results/runs/synthetic_ablation_singular-spectrum-only/synthetic-eigengap__synthetic__block-hamiltonian__L4__lr0.01__bs64__seed17_seed17,synthetic-eigengap,synthetic,block-hamiltonian,4,17,0.01,64,2000,True,plus,True,False,0.5748665152161861,0.7103658536585366,0.5993183652938764,0.6434676434676435,0.7347560975609756,1333.5365853658534,,27.783703327178955,,124,3,8,6e3df8c2ae7503394992a62eaa877ace7721f2bc,False
complete,synthetic,synthetic-eigengap__synthetic__block-hamiltonian__L4__lr0.01__bs64__seed18,results/runs/synthetic_ablation_singular-spectrum-only/synthetic-eigengap__synthetic__block-hamiltonian__L4__lr0.01__bs64__seed18_seed18,synthetic-eigengap,synthetic,block-hamiltonian,4,18,0.01,64,2000,True,plus,True,False,0.5749491020105086,0.6890243902439024,0.5926051370463551,0.6678876678876678,0.725609756097561,1316.768292682927,,27.43910002708435,,124,3,8,6e3df8c2ae7503394992a62eaa877ace7721f2bc,False
complete,synthetic,synthetic-eigengap__synthetic__block-hamiltonian__L4__lr0.01__bs64__seed19,results/runs/synthetic_ablation_singular-spectrum-only/synthetic-eigengap__synthetic__block-hamiltonian__L4__lr0.01__bs64__seed19_seed19,synthetic-eigengap,synthetic,block-hamiltonian,4,19,0.01,64,2000,True,plus,True,False,0.5708397624197246,0.7408536585365854,0.5968275868883914,0.6483516483516484,0.7408536585365854,1321.0365853658536,,27.266478300094604,,124,3,8,6e3df8c2ae7503394992a62eaa877ace7721f2bc,False
complete,synthetic,synthetic-eigengap__synthetic__block-hamiltonian__L4__lr0.01__bs64__seed1,results/runs/synthetic_ablation_singular-spectrum-only/synthetic-eigengap__synthetic__block-hamiltonian__L4__lr0.01__bs64__seed1_seed1,synthetic-eigengap,synthetic,block-hamiltonian,4,1,0.01,64,2000,True,plus,True,False,0.5851192836267752,0.7012195121951219,0.6110547282610415,0.6471306471306472,0.7317073170731707,1328.6585365853657,,27.67552161216736,,124,3,8,6e3df8c2ae7503394992a62eaa877ace7721f2bc,False
complete,synthetic,synthetic-eigengap__synthetic__block-hamiltonian__L4__lr0.01__bs64__seed2,results/runs/synthetic_ablation_singular-spectrum-only/synthetic-eigengap__synthetic__block-hamiltonian__L4__lr0.01__bs64__seed2_seed2,synthetic-eigengap,synthetic,block-hamiltonian,4,2,0.01,64,2000,True,plus,True,False,0.5747930049911424,0.7103658536585366,0.5958179243652578,0.6556776556776557,0.7408536585365854,1327.7439024390244,,26.41004228591919,,124,3,8,6e3df8c2ae7503394992a62eaa877ace7721f2bc,False
complete,synthetic,synthetic-eigengap__synthetic__block-hamiltonian__L4__lr0.01__bs64__seed3,results/runs/synthetic_ablation_singular-spectrum-only/synthetic-eigengap__synthetic__block-hamiltonian__L4__lr0.01__bs64__seed3_seed3,synthetic-eigengap,synthetic,block-hamiltonian,4,3,0.01,64,2000,True,plus,True,False,0.5749697636235956,0.7012195121951219,0.5900708356419176,0.6654456654456654,0.7378048780487805,1329.1158536585367,,27.687544107437134,,124,3,8,6e3df8c2ae7503394992a62eaa877ace7721f2bc,False
complete,synthetic,synthetic-eigengap__synthetic__block-hamiltonian__L4__lr0.01__bs64__seed4,results/runs/synthetic_ablation_singular-spectrum-only/synthetic-eigengap__synthetic__block-hamiltonian__L4__lr0.01__bs64__seed4_seed4,synthetic-eigengap,synthetic,block-hamiltonian,4,4,0.01,64,2000,True,plus,True,False,0.5801699720188644,0.7012195121951219,0.5959676683667948,0.6654456654456654,0.7378048780487805,1319.0548780487804,,27.739420652389526,,124,3,8,6e3df8c2ae7503394992a62eaa877ace7721f2bc,False
complete,synthetic,synthetic-eigengap__synthetic__block-hamiltonian__L4__lr0.01__bs64__seed5,results/runs/synthetic_ablation_singular-spectrum-only/synthetic-eigengap__synthetic__block-hamiltonian__L4__lr0.01__bs64__seed5_seed5,synthetic-eigengap,synthetic,block-hamiltonian,4,5,0.01,64,2000,True,plus,True,False,0.5765979191082451,0.676829268292683,0.5923603635430984,0.673992673992674,0.7286585365853658,1316.7682926829266,,27.511765480041504,,124,3,8,6e3df8c2ae7503394992a62eaa877ace7721f2bc,False
complete,synthetic,synthetic-eigengap__synthetic__block-hamiltonian__L4__lr0.01__bs64__seed6,results/runs/synthetic_ablation_singular-spectrum-only/synthetic-eigengap__synthetic__block-hamiltonian__L4__lr0.01__bs64__seed6_seed6,synthetic-eigengap,synthetic,block-hamiltonian,4,6,0.01,64,2000,True,plus,True,False,0.5762222467313926,0.7103658536585366,0.6025484523978253,0.6398046398046398,0.7317073170731707,1319.5121951219512,,27.36039686203003,,124,3,8,6e3df8c2ae7503394992a62eaa877ace7721f2bc,False
complete,synthetic,synthetic-eigengap__synthetic__block-hamiltonian__L4__lr0.01__bs64__seed7,results/runs/synthetic_ablation_singular-spectrum-only/synthetic-eigengap__synthetic__block-hamiltonian__L4__lr0.01__bs64__seed7_seed7,synthetic-eigengap,synthetic,block-hamiltonian,4,7,0.01,64,2000,True,plus,True,False,0.5776655686960275,0.7164634146341463,0.5934359918640368,0.6666666666666666,0.725609756097561,1330.1829268292684,,27.956058502197266,,124,3,8,6e3df8c2ae7503394992a62eaa877ace7721f2bc,False
complete,synthetic,synthetic-eigengap__synthetic__block-hamiltonian__L4__lr0.01__bs64__seed8,results/runs/synthetic_ablation_singular-spectrum-only/synthetic-eigengap__synthetic__block-hamiltonian__L4__lr0.01__bs64__seed8_seed8,synthetic-eigengap,synthetic,block-hamiltonian,4,8,0.01,64,2000,True,plus,True,False,0.5807933813910025,0.676829268292683,0.5958700662635711,0.663003663003663,0.7225609756097561,1302.8963414634143,,27.230066776275635,,124,3,8,6e3df8c2ae7503394992a62eaa877ace7721f2bc,False
complete,synthetic,synthetic-eigengap__synthetic__block-hamiltonian__L4__lr0.01__bs64__seed9,results/runs/synthetic_ablation_singular-spectrum-only/synthetic-eigengap__synthetic__block-hamiltonian__L4__lr0.01__bs64__seed9_seed9,synthetic-eigengap,synthetic,block-hamiltonian,4,9,0.01,64,2000,True,plus,True,False,0.582633167956094,0.7195121951219512,0.61005527973401,0.652014652014652,0.7317073170731707,1320.579268292683,,27.375926733016968,,124,3,8,6e3df8c2ae7503394992a62eaa877ace7721f2bc,False
complete,synthetic,synthetic-eigengap__synthetic__block-hamiltonian__L8__lr0.01__bs64__seed0,results/runs/synthetic_ablation_singular-spectrum-only/synthetic-eigengap__synthetic__block-hamiltonian__L8__lr0.01__bs64__seed0_seed0,synthetic-eigengap,synthetic,block-hamiltonian,8,0,0.01,64,2000,True,plus,True,False,0.5792285368886083,0.7042682926829268,0.595974930639085,0.6544566544566545,0.7408536585365854,1342.6829268292684,,39.926274061203,,248,3,8,6e3df8c2ae7503394992a62eaa877ace7721f2bc,False
complete,synthetic,synthetic-eigengap__synthetic__block-hamiltonian__L8__lr0.01__bs64__seed10,results/runs/synthetic_ablation_singular-spectrum-only/synthetic-eigengap__synthetic__block-hamiltonian__L8__lr0.01__bs64__seed10_seed10,synthetic-eigengap,synthetic,block-hamiltonian,8,10,0.01,64,2000,True,plus,True,False,0.5766156641705391,0.7225609756097561,0.5961795292318636,0.6471306471306472,0.7408536585365854,1297.7134146341461,,38.5597288608551,,248,3,8,6e3df8c2ae7503394992a62eaa877ace7721f2bc,False
complete,synthetic,synthetic-eigengap__synthetic__block-hamiltonian__L8__lr0.01__bs64__seed11,results/runs/synthetic_ablation_singular-spectrum-only/synthetic-eigengap__synthetic__block-hamiltonian__L8__lr0.01__bs64__seed11_seed11,synthetic-eigengap,synthetic,block-hamiltonian,8,11,0.01,64,2000,True,plus,True,False,0.6111051096783543,0.6920731707317073,0.6337152386401225,0.6324786324786325,0.7286585365853658,1290.8536585365855,,38.27550768852234,,248,3,8,6e3df8c2ae7503394992a62eaa877ace7721f2bc,False
complete,synthetic,synthetic-eigengap__synthetic__block-hamiltonian__L8__lr0.01__bs64__seed12,results/runs/synthetic_ablation_singular-spectrum-only/synthetic-eigengap__synthetic__block-hamiltonian__L8__lr0.01__bs64__seed12_seed12,synthetic-eigengap,synthetic,block-hamiltonian,8,12,0.01,64,2000,True,plus,True,False,0.5770379085362686,0.7225609756097561,0.597713933337153,0.6495726495726496,0.7225609756097561,1310.8231707317073,,38.54032516479492,,248,3,8,6e3df8c2ae7503394992a62eaa877ace7721f2bc,False
complete,synthetic,synthetic-eigengap__synthetic__block-hamiltonian__L8__lr0.01__bs64__seed13,results/runs/synthetic_ablation_singular-spectrum-only/synthetic-eigengap__synthetic__block-hamiltonian__L8__lr0.01__bs64__seed13_seed13,synthetic-eigengap,synthetic,block-hamiltonian,8,13,0.01,64,2000,True,plus,True,False,0.5751167305224667,0.7164634146341463,0.5986289195669546,0.645909645909646,0.725609756097561,1294.6646341463415,,38.803688764572144,,248,3,8,6e3df8c2ae7503394992a62eaa877ace7721f2bc,False
complete,synthetic,synthetic-eigengap__synthetic__block-hamiltonian__L8__lr0.01__bs64__seed14,results/runs/synthetic_ablation_singular-spectrum-only/synthetic-eigengap__synthetic__block-hamiltonian__L8__lr0.01__bs64__seed14_seed14,synthetic-eigengap,synthetic,block-hamiltonian,8,14,0.01,64,2000,True,plus,True,False,0.5784392207032243,0.6737804878048781,0.5916289423927825,0.6752136752136753,0.7164634146341463,1290.0914634146338,,38.32052445411682,,248,3,8,6e3df8c2ae7503394992a62eaa877ace7721f2bc,False
complete,synthetic,synthetic-eigengap__synthetic__block-hamiltonian__L8__lr0.01__bs64__seed15,results/runs/synthetic_ablation_singular-spectrum-only/synthetic-eigengap__synthetic__block-hamiltonian__L8__lr0.01__bs64__seed15_seed15,synthetic-eigengap,synthetic,block-hamiltonian,8,15,0.01,64,2000,True,plus,True,False,0.582458069652987,0.6646341463414634,0.601919853433657,0.6617826617826618,0.7378048780487805,1300.0,,39.338953256607056,,248,3,8,6e3df8c2ae7503394992a62eaa877ace7721f2bc,False
complete,synthetic,synthetic-eigengap__synthetic__block-hamiltonian__L8__lr0.01__bs64__seed16,results/runs/synthetic_ablation_singular-spectrum-only/synthetic-eigengap__synthetic__block-hamiltonian__L8__lr0.01__bs64__seed16_seed16,synthetic-eigengap,synthetic,block-hamiltonian,8,16,0.01,64,2000,True,plus,True,False,0.5961146949563795,0.7225609756097561,0.6005337459852771,0.6666666666666666,0.7378048780487805,1325.3048780487802,,39.282068729400635,,248,3,8,6e3df8c2ae7503394992a62eaa877ace7721f2bc,False
complete,synthetic,synthetic-eigengap__synthetic__block-hamiltonian__L8__lr0.01__bs64__seed17,results/runs/synthetic_ablation_singular-spectrum-only/synthetic-eigengap__synthetic__block-hamiltonian__L8__lr0.01__bs64__seed17_seed17,synthetic-eigengap,synthetic,block-hamiltonian,8,17,0.01,64,2000,True,plus,True,False,0.5739283935173555,0.7042682926829268,0.5965359967291204,0.6398046398046398,0.7378048780487805,1310.2134146341464,,39.09632658958435,,248,3,8,6e3df8c2ae7503394992a62eaa877ace7721f2bc,False
complete,synthetic,synthetic-eigengap__synthetic__block-hamiltonian__L8__lr0.01__bs64__seed18,results/runs/synthetic_ablation_singular-spectrum-only/synthetic-eigengap__synthetic__block-hamiltonian__L8__lr0.01__bs64__seed18_seed18,synthetic-eigengap,synthetic,block-hamiltonian,8,18,0.01,64,2000,True,plus,True,False,0.607001780285576,0.6371951219512195,0.6156184861405175,0.6373626373626373,0.7286585365853658,1303.5060975609754,,38.01093101501465,,248,3,8,6e3df8c2ae7503394992a62eaa877ace7721f2bc,False
complete,synthetic,synthetic-eigengap__synthetic__block-hamiltonian__L8__lr0.01__bs64__seed19,results/runs/synthetic_ablation_singular-spectrum-only/synthetic-eigengap__synthetic__block-hamiltonian__L8__lr0.01__bs64__seed19_seed19,synthetic-eigengap,synthetic,block-hamiltonian,8,19,0.01,64,2000,True,plus,True,False,0.5708807004008231,0.7042682926829268,0.5954801141515421,0.6666666666666666,0.7378048780487805,1328.5060975609758,,39.19581842422485,,248,3,8,6e3df8c2ae7503394992a62eaa877ace7721f2bc,False
complete,synthetic,synthetic-eigengap__synthetic__block-hamiltonian__L8__lr0.01__bs64__seed1,results/runs/synthetic_ablation_singular-spectrum-only/synthetic-eigengap__synthetic__block-hamiltonian__L8__lr0.01__bs64__seed1_seed1,synthetic-eigengap,synthetic,block-hamiltonian,8,1,0.01,64,2000,True,plus,True,False,0.5857828822584956,0.7073170731707317,0.6064221588347126,0.652014652014652,0.7286585365853658,1291.7682926829266,,38.643117904663086,,248,3,8,6e3df8c2ae7503394992a62eaa877ace7721f2bc,False
complete,synthetic,synthetic-eigengap__synthetic__block-hamiltonian__L8__lr0.01__bs64__seed2,results/runs/synthetic_ablation_singular-spectrum-only/synthetic-eigengap__synthetic__block-hamiltonian__L8__lr0.01__bs64__seed2_seed2,synthetic-eigengap,synthetic,block-hamiltonian,8,2,0.01,64,2000,True,plus,True,False,0.5903545826913683,0.6829268292682927,0.6170109763143551,0.6495726495726496,0.7378048780487805,1300.0,,38.515522956848145,,248,3,8,6e3df8c2ae7503394992a62eaa877ace7721f2bc,False
complete,synthetic,synthetic-eigengap__synthetic__block-hamiltonian__L8__lr0.01__bs64__seed3,results/runs/synthetic_ablation_singular-spectrum-only/synthetic-eigengap__synthetic__block-hamiltonian__L8__lr0.01__bs64__seed3_seed3,synthetic-eigengap,synthetic,block-hamiltonian,8,3,0.01,64,2000,True,plus,True,False,0.5715218526315009,0.7286585365853658,0.5918754065358756,0.663003663003663,0.7408536585365854,1321.3414634146343,,37.90178990364075,,248,3,8,6e3df8c2ae7503394992a62eaa877ace7721f2bc,False
complete,synthetic,synthetic-eigengap__synthetic__block-hamiltonian__L8__lr0.01__bs64__seed4,results/runs/synthetic_ablation_singular-spectrum-only/synthetic-eigengap__synthetic__block-hamiltonian__L8__lr0.01__bs64__seed4_seed4,synthetic-eigengap,synthetic,block-hamiltonian,8,4,0.01,64,2000,True,plus,True,False,0.58958237795155,0.6402439024390244,0.5997095123694034,0.6581196581196581,0.7408536585365854,1306.5548780487802,,37.89188551902771,,248,3,8,6e3df8c2ae7503394992a62eaa877ace7721f2bc,False
complete,synthetic,synthetic-eigengap__synthetic__block-hamiltonian__L8__lr0.01__bs64__seed5,results/runs/synthetic_ablation_singular-spectrum-only/synthetic-eigengap__synthetic__block-hamiltonian__L8__lr0.01__bs64__seed5_seed5,synthetic-eigengap,synthetic,block-hamiltonian,8,5,0.01,64,2000,True,plus,True,False,0.5813433499929257,0.7012195121951219,0.5949835775798593,0.663003663003663,0.7225609756097561,1311.280487804878,,38.834490060806274,,248,3,8,6e3df8c2ae7503394992a62eaa877ace7721f2bc,False
complete,synthetic,synthetic-eigengap__synthetic__block-hamiltonian__L8__lr0.01__bs64__seed6,results/runs/synthetic_ablation_singular-spectrum-only/synthetic-eigengap__synthetic__block-hamiltonian__L8__lr0.01__bs64__seed6_seed6,synthetic-eigengap,synthetic,block-hamiltonian,8,6,0.01,64,2000,True,plus,True,False,0.5821106233510279,0.6859756097560976,0.6085346074990742,0.6532356532356532,0.7378048780487805,1303.8109756097558,,38.67634963989258,,248,3,8,6e3df8c2ae7503394992a62eaa877ace7721f2bc,False
complete,synthetic,synthetic-eigengap__synthetic__block-hamiltonian__L8__lr0.01__bs64__seed7,results/runs/synthetic_ablation_singular-spectrum-only/synthetic-eigengap__synthetic__block-hamiltonian__L8__lr0.01__bs64__seed7_seed7,synthetic-eigengap,synthetic,block-hamiltonian,8,7,0.01,64,2000,True,plus,True,False,0.5884453306183738,0.725609756097561,0.6079082513386779,0.6434676434676435,0.725609756097561,1331.5548780487802,,39.47516131401062,,248,3,8,6e3df8c2ae7503394992a62eaa877ace7721f2bc,False
complete,synthetic,synthetic-eigengap__synthetic__block-hamiltonian__L8__lr0.01__bs64__seed8,results/runs/synthetic_ablation_singular-spectrum-only/synthetic-eigengap__synthetic__block-hamiltonian__L8__lr0.01__bs64__seed8_seed8,synthetic-eigengap,synthetic,block-hamiltonian,8,8,0.01,64,2000,True,plus,True,False,0.5897395868584215,0.7225609756097561,0.6177759670532134,0.6483516483516484,0.7286585365853658,1297.1036585365855,,38.97070360183716,,248,3,8,6e3df8c2ae7503394992a62eaa877ace7721f2bc,False
complete,synthetic,synthetic-eigengap__synthetic__block-hamiltonian__L8__lr0.01__bs64__seed9,results/runs/synthetic_ablation_singular-spectrum-only/synthetic-eigengap__synthetic__block-hamiltonian__L8__lr0.01__bs64__seed9_seed9,synthetic-eigengap,synthetic,block-hamiltonian,8,9,0.01,64,2000,True,plus,True,False,0.5773928766753023,0.7347560975609756,0.6041291401533502,0.6446886446886447,0.7378048780487805,1312.4999999999998,,38.36601972579956,,248,3,8,6e3df8c2ae7503394992a62eaa877ace7721f2bc,False
complete,synthetic,synthetic-singular__synthetic__block-hamiltonian__L16__lr0.01__bs64__seed0,results/runs/synthetic_ablation_singular-spectrum-only/synthetic-singular__synthetic__block-hamiltonian__L16__lr0.01__bs64__seed0_seed0,synthetic-singular,synthetic,block-hamiltonian,16,0,0.01,64,2000,True,plus,True,False,0.09680498173158106,0.975609756097561,0.0919999854631727,0.9877899877899878,0.9939024390243902,1859.6036585365855,,90.81739830970764,,736,4,16,6e3df8c2ae7503394992a62eaa877ace7721f2bc,False
complete,synthetic,synthetic-singular__synthetic__block-hamiltonian__L16__lr0.01__bs64__seed10,results/runs/synthetic_ablation_singular-spectrum-only/synthetic-singular__synthetic__block-hamiltonian__L16__lr0.01__bs64__seed10_seed10,synthetic-singular,synthetic,block-hamiltonian,16,10,0.01,64,2000,True,plus,True,False,0.08578833836249002,0.9878048780487805,0.08804566695347468,0.9841269841269841,0.9969512195121951,1862.9573170731708,,91.56845331192017,,736,4,16,6e3df8c2ae7503394992a62eaa877ace7721f2bc,False
complete,synthetic,synthetic-singular__synthetic__block-hamiltonian__L16__lr0.01__bs64__seed11,results/runs/synthetic_ablation_singular-spectrum-only/synthetic-singular__synthetic__block-hamiltonian__L16__lr0.01__bs64__seed11_seed11,synthetic-singular,synthetic,block-hamiltonian,16,11,0.01,64,2000,True,plus,True,False,0.09010298451480565,0.9847560975609756,0.08846334325134983,0.9865689865689866,0.9969512195121951,1850.15243902439,,91.17006993293762,,736,4,16,6e3df8c2ae7503394992a62eaa877ace7721f2bc,False
complete,synthetic,synthetic-singular__synthetic__block-hamiltonian__L16__lr0.01__bs64__seed12,results/runs/synthetic_ablation_singular-spectrum-only/synthetic-singular__synthetic__block-hamiltonian__L16__lr0.01__bs64__seed12_seed12,synthetic-singular,synthetic,block-hamiltonian,16,12,0.01,64,2000,True,plus,True,False,0.1053746053841981,0.9603658536585366,0.09720136454309031,0.9804639804639804,0.9969512195121951,1870.121951219512,,92.56148362159729,,736,4,16,6e3df8c2ae7503394992a62eaa877ace7721f2bc,False
complete,synthetic,synthetic-singular__synthetic__block-hamiltonian__L16__lr0.01__bs64__seed13,results/runs/synthetic_ablation_singular-spectrum-only/synthetic-singular__synthetic__block-hamiltonian__L16__lr0.01__bs64__seed13_seed13,synthetic-singular,synthetic,block-hamiltonian,16,13,0.01,64,2000,True,plus,True,False,0.09143043538175108,0.9908536585365854,0.09427285947257437,0.9829059829059829,0.9939024390243902,1850.6097560975609,,93.06732678413391,,736,4,16,6e3df8c2ae7503394992a62eaa877ace7721f2bc,False
complete,synthetic,synthetic-singular__synthetic__block-hamiltonian__L16__lr0.01__bs64__seed14,results/runs/synthetic_ablation_singular-spectrum-only/synthetic-singular__synthetic__block-hamiltonian__L16__lr0.01__bs64__seed14_seed14,synthetic-singular,synthetic,block-hamiltonian,16,14,0.01,64,2000,True,plus,True,False,0.08764192946462386,0.9878048780487805,0.08870722639063204,0.9853479853479854,0.9969512195121951,1860.6707317073174,,92.84170699119568,,736,4,16,6e3df8c2ae7503394992a62eaa877ace7721f2bc,False
complete,synthetic,synthetic-singular__synthetic__block-hamiltonian__L16__lr0.01__bs64__seed15,results/runs/synthetic_ablation_singular-spectrum-only/synthetic-singular__synthetic__block-hamiltonian__L16__lr0.01__bs64__seed15_seed15,synthetic-singular,synthetic,block-hamiltonian,16,15,0.01,64,2000,True,plus,True,False,0.1049353422406663,0.9634146341463414,0.09582062901831102,0.9792429792429792,0.9969512195121951,1856.5548780487804,,92.43726539611816,,736,4,16,6e3df8c2ae7503394992a62eaa877ace7721f2bc,False
complete,synthetic,synthetic-singular__synthetic__block-hamiltonian__L16__lr0.01__bs64__seed16,results/runs/synthetic_ablation_singular-spectrum-only/synthetic-singular__synthetic__block-hamiltonian__L16__lr0.01__bs64__seed16_seed16,synthetic-singular,synthetic,block-hamiltonian,16,16,0.01,64,2000,True,plus,True,False,0.08791737015094278,0.9908536585365854,0.09839903974988796,0.9768009768009768,0.9908536585365854,1858.841463414634,,92.4846887588501,,736,4,16,6e3df8c2ae7503394992a62eaa877ace7721f2bc,False
complete,synthetic,synthetic-singular__synthetic__block-hamiltonian__L16__lr0.01__bs64__seed17,results/runs/synthetic_ablation_singular-spectrum-only/synthetic-singular__synthetic__block-hamiltonian__L16__lr0.01__bs64__seed17_seed17,synthetic-singular,synthetic,block-hamiltonian,16,17,0.01,64,2000,True,plus,True,False,0.09418300384486793,0.9908536585365854,0.09597270530848544,0.9853479853479854,0.9939024390243902,1862.8048780487804,,91.14461898803711,,736,4,16,6e3df8c2ae7503394992a62eaa877ace7721f2bc,False
complete,synthetic,synthetic-singular__synthetic__block-hamiltonian__L16__lr0.01__bs64__seed18,results/runs/synthetic_ablation_singular-spectrum-only/synthetic-singular__synthetic__block-hamiltonian__L16__lr0.01__bs64__seed18_seed18,synthetic-singular,synthetic,block-hamiltonian,16,18,0.01,64,2000,True,plus,True,False,0.08921390320619987,0.9908536585365854,0.09108906080788098,0.9877899877899878,0.9969512195121951,1862.1951219512193,,89.50110673904419,,736,4,16,6e3df8c2ae7503394992a62eaa877ace7721f2bc,False
complete,synthetic,synthetic-singular__synthetic__block-hamiltonian__L16__lr0.01__bs64__seed19,results/runs/synthetic_ablation_singular-spectrum-only/synthetic-singular__synthetic__block-hamiltonian__L16__lr0.01__bs64__seed19_seed19,synthetic-singular,synthetic,block-hamiltonian,16,19,0.01,64,2000,True,plus,True,False,0.10108982922984144,0.9725609756097561,0.09405905491832758,0.9816849816849816,0.9939024390243902,1849.6951219512198,,90.24389290809631,,736,4,16,6e3df8c2ae7503394992a62eaa877ace7721f2bc,False
complete,synthetic,synthetic-singular__synthetic__block-hamiltonian__L16__lr0.01__bs64__seed1,results/runs/synthetic_ablation_singular-spectrum-only/synthetic-singular__synthetic__block-hamiltonian__L16__lr0.01__bs64__seed1_seed1,synthetic-singular,synthetic,block-hamiltonian,16,1,0.01,64,2000,True,plus,True,False,0.09864738954130721,0.9847560975609756,0.0961837167902987,0.9829059829059829,0.9939024390243902,1853.9634146341461,,91.08894324302673,,736,4,16,6e3df8c2ae7503394992a62eaa877ace7721f2bc,False
complete,synthetic,synthetic-singular__synthetic__block-hamiltonian__L16__lr0.01__bs64__seed2,results/runs/synthetic_ablation_singular-spectrum-only/synthetic-singular__synthetic__block-hamiltonian__L16__lr0.01__bs64__seed2_seed2,synthetic-singular,synthetic,block-hamiltonian,16,2,0.01,64,2000,True,plus,True,False,0.0915920220910613,0.9939024390243902,0.09626641802250907,0.9841269841269841,0.9969512195121951,1858.3841463414633,,90.459956407547,,736,4,16,6e3df8c2ae7503394992a62eaa877ace7721f2bc,False
complete,synthetic,synthetic-singular__synthetic__block-hamiltonian__L16__lr0.01__bs64__seed3,results/runs/synthetic_ablation_singular-spectrum-only/synthetic-singular__synthetic__block-hamiltonian__L16__lr0.01__bs64__seed3_seed3,synthetic-singular,synthetic,block-hamiltonian,16,3,0.01,64,2000,True,plus,True,False,0.09904956499621428,0.9847560975609756,0.11196058868330962,0.9743589743589743,0.9969512195121951,1855.7926829268288,,90.98230862617493,,736,4,16,6e3df8c2ae7503394992a62eaa877ace7721f2bc,False
complete,synthetic,synthetic-singular__synthetic__block-hamiltonian__L16__lr0.01__bs64__seed4,results/runs/synthetic_ablation_singular-spectrum-only/synthetic-singular__synthetic__block-hamiltonian__L16__lr0.01__bs64__seed4_seed4,synthetic-singular,synthetic,block-hamiltonian,16,4,0.01,64,2000,True,plus,True,False,0.09032103848522745,0.9908536585365854,0.09193672909469014,0.9865689865689866,0.9969512195121951,1861.5853658536582,,90.45154666900635,,736,4,16,6e3df8c2ae7503394992a62eaa877ace7721f2bc,False
complete,synthetic,synthetic-singular__synthetic__block-hamiltonian__L16__lr0.01__bs64__seed5,results/runs/synthetic_ablation_singular-spectrum-only/synthetic-singular__synthetic__block-hamiltonian__L16__lr0.01__bs64__seed5_seed5,synthetic-singular,synthetic,block-hamiltonian,16,5,0.01,64,2000,True,plus,True,False,0.0879579124763155,0.9878048780487805,0.08819571009998754,0.9865689865689866,0.9969512195121951,1864.1768292682927,,91.3034679889679,,736,4,16,6e3df8c2ae7503394992a62eaa877ace7721f2bc,False
complete,synthetic,synthetic-singular__synthetic__block-hamiltonian__L16__lr0.01__bs64__seed6,results/runs/synthetic_ablation_singular-spectrum-only/synthetic-singular__synthetic__block-hamiltonian__L16__lr0.01__bs64__seed6_seed6,synthetic-singular,synthetic,block-hamiltonian,16,6,0.01,64,2000,True,plus,True,False,0.0940164087365145,0.9725609756097561,0.08740699917857721,0.9804639804639804,0.9939024390243902,1866.6158536585363,,90.95720148086548,,736,4,16,6e3df8c2ae7503394992a62eaa877ace7721f2bc,False
complete,synthetic,synthetic-singular__synthetic__block-hamiltonian__L16__lr0.01__bs64__seed7,results/runs/synthetic_ablation_singular-spectrum-only/synthetic-singular__synthetic__block-hamiltonian__L16__lr0.01__bs64__seed7_seed7,synthetic-singular,synthetic,block-hamiltonian,16,7,0.01,64,2000,True,plus,True,False,0.08960535908599787,0.9786585365853658,0.08693890353200019,0.9865689865689866,0.9939024390243902,1871.4939024390244,,91.77834987640381,,736,4,16,6e3df8c2ae7503394992a62eaa877ace7721f2bc,False
complete,synthetic,synthetic-singular__synthetic__block-hamiltonian__L16__lr0.01__bs64__seed8,results/runs/synthetic_ablation_singular-spectrum-only/synthetic-singular__synthetic__block-hamiltonian__L16__lr0.01__bs64__seed8_seed8,synthetic-singular,synthetic,block-hamiltonian,16,8,0.01,64,2000,True,plus,True,False,0.08444758960298408,0.9939024390243902,0.08689140472968676,0.9853479853479854,0.9969512195121951,1858.2317073170734,,91.12520241737366,,736,4,16,6e3df8c2ae7503394992a62eaa877ace7721f2bc,False
complete,synthetic,synthetic-singular__synthetic__block-hamiltonian__L16__lr0.01__bs64__seed9,results/runs/synthetic_ablation_singular-spectrum-only/synthetic-singular__synthetic__block-hamiltonian__L16__lr0.01__bs64__seed9_seed9,synthetic-singular,synthetic,block-hamiltonian,16,9,0.01,64,2000,True,plus,True,False,0.094794977745237,0.9695121951219512,0.08739366108184236,0.9841269841269841,0.9908536585365854,1852.7439024390246,,89.12902903556824,,736,4,16,6e3df8c2ae7503394992a62eaa877ace7721f2bc,False
complete,synthetic,synthetic-singular__synthetic__block-hamiltonian__L1__lr0.01__bs64__seed0,results/runs/synthetic_ablation_singular-spectrum-only/synthetic-singular__synthetic__block-hamiltonian__L1__lr0.01__bs64__seed0_seed0,synthetic-singular,synthetic,block-hamiltonian,1,0,0.01,64,2000,True,plus,True,False,0.5374356813150439,0.801829268292683,0.5416221733963908,0.8388278388278388,0.8384146341463414,1503.048780487805,,19.444272994995117,,46,4,16,6e3df8c2ae7503394992a62eaa877ace7721f2bc,False
complete,synthetic,synthetic-singular__synthetic__block-hamiltonian__L1__lr0.01__bs64__seed10,results/runs/synthetic_ablation_singular-spectrum-only/synthetic-singular__synthetic__block-hamiltonian__L1__lr0.01__bs64__seed10_seed10,synthetic-singular,synthetic,block-hamiltonian,1,10,0.01,64,2000,True,plus,True,False,0.5367942721383521,0.8079268292682927,0.5410128603743871,0.8498168498168498,0.9207317073170732,1537.9573170731708,,19.20754623413086,,46,4,16,6e3df8c2ae7503394992a62eaa877ace7721f2bc,False
complete,synthetic,synthetic-singular__synthetic__block-hamiltonian__L1__lr0.01__bs64__seed11,results/runs/synthetic_ablation_singular-spectrum-only/synthetic-singular__synthetic__block-hamiltonian__L1__lr0.01__bs64__seed11_seed11,synthetic-singular,synthetic,block-hamiltonian,1,11,0.01,64,2000,True,plus,True,False,0.5376046128942072,0.801829268292683,0.5418348040283387,0.8400488400488401,0.850609756097561,1498.3231707317073,,21.361335515975952,,46,4,16,6e3df8c2ae7503394992a62eaa877ace7721f2bc,False
complete,synthetic,synthetic-singular__synthetic__block-hamiltonian__L1__lr0.01__bs64__seed12,results/runs/synthetic_ablation_singular-spectrum-only/synthetic-singular__synthetic__block-hamiltonian__L1__lr0.01__bs64__seed12_seed12,synthetic-singular,synthetic,block-hamiltonian,1,12,0.01,64,2000,True,plus,True,False,0.5360746121057067,0.8323170731707317,0.5402892956056938,0.8791208791208791,0.9237804878048781,1526.6768292682927,,20.752416610717773,,46,4,16,6e3df8c2ae7503394992a62eaa877ace7721f2bc,False
complete,synthetic,synthetic-singular__synthetic__block-hamiltonian__L1__lr0.01__bs64__seed13,results/runs/synthetic_ablation_singular-spectrum-only/synthetic-singular__synthetic__block-hamiltonian__L1__lr0.01__bs64__seed13_seed13,synthetic-singular,synthetic,block-hamiltonian,1,13,0.01,64,2000,True,plus,True,False,0.536165364814895,0.8323170731707317,0.5403883850387485,0.8705738705738706,0.9146341463414634,1506.7073170731708,,19.59375524520874,,46,4,16,6e3df8c2ae7503394992a62eaa877ace7721f2bc,False
complete,synthetic,synthetic-singular__synthetic__block-hamiltonian__L1__lr0.01__bs64__seed14,results/runs/synthetic_ablation_singular-spectrum-only/synthetic-singular__synthetic__block-hamiltonian__L1__lr0.01__bs64__seed14_seed14,synthetic-singular,synthetic,block-hamiltonian,1,14,0.01,64,2000,True,plus,True,False,0.5371288969334591,0.8079268292682927,0.5411199529028723,0.8437118437118437,0.9146341463414634,1506.5548780487807,,21.443025588989258,,46,4,16,6e3df8c2ae7503394992a62eaa877ace7721f2bc,False
complete,synthetic,synthetic-singular__synthetic__block-hamiltonian__L1__lr0.01__bs64__seed15,results/runs/synthetic_ablation_singular-spectrum-only/synthetic-singular__synthetic__block-hamiltonian__L1__lr0.01__bs64__seed15_seed15,synthetic-singular,synthetic,block-hamiltonian,1,15,0.01,64,2000,True,plus,True,False,0.5465908986015564,0.7042682926829268,0.5503901684081012,0.7032967032967034,0.8689024390243902,1492.8353658536585,,19.781290292739868,,46,4,16,6e3df8c2ae7503394992a62eaa877ace7721f2bc,False
complete,synthetic,synthetic-singular__synthetic__block-hamiltonian__L1__lr0.01__bs64__seed16,results/runs/synthetic_ablation_singular-spectrum-only/synthetic-singular__synthetic__block-hamiltonian__L1__lr0.01__bs64__seed16_seed16,synthetic-singular,synthetic,block-hamiltonian,1,16,0.01,64,2000,True,plus,True,False,0.535770050846568,0.8445121951219512,0.5401059507721507,0.8901098901098901,0.8810975609756098,1490.701219512195,,20.096445083618164,,46,4,16,6e3df8c2ae7503394992a62eaa877ace7721f2bc,False
complete,synthetic,synthetic-singular__synthetic__block-hamiltonian__L1__lr0.01__bs64__seed17,results/runs/synthetic_ablation_singular-spectrum-only/synthetic-singular__synthetic__block-hamiltonian__L1__lr0.01__bs64__seed17_seed17,synthetic-singular,synthetic,block-hamiltonian,1,17,0.01,64,2000,True,plus,True,False,0.5410937421616596,0.7530487804878049,0.5449912617888549,0.7667887667887668,0.948170731707317,1512.4999999999998,,21.282565593719482,,46,4,16,6e3df8c2ae7503394992a62eaa877ace7721f2bc,False
complete,synthetic,synthetic-singular__synthetic__block-hamiltonian__L1__lr0.01__bs64__seed18,results/runs/synthetic_ablation_singular-spectrum-only/synthetic-singular__synthetic__block-hamiltonian__L1__lr0.01__bs64__seed18_seed18,synthetic-singular,synthetic,block-hamiltonian,1,18,0.01,64,2000,True,plus,True,False,0.5410464214909583,0.7530487804878049,0.5450141610588933,0.7680097680097681,0.9359756097560976,1529.878048780488,,21.30018925666809,,46,4,16,6e3df8c2ae7503394992a62eaa877ace7721f2bc,False
complete,synthetic,synthetic-singular__synthetic__block-hamiltonian__L1__lr0.01__bs64__seed19,results/runs/synthetic_ablation_singular-spectrum-only/synthetic-singular__synthetic__block-hamiltonian__L1__lr0.01__bs64__seed19_seed19,synthetic-singular,synthetic,block-hamiltonian,1,19,0.01,64,2000,True,plus,True,False,0.5363836199141523,0.8292682926829268,0.5405578588701081,0.8693528693528694,0.9695121951219512,1540.396341463415,,19.06021809577942,,46,4,16,6e3df8c2ae7503394992a62eaa877ace7721f2bc,False
complete,synthetic,synthetic-singular__synthetic__block-hamiltonian__L1__lr0.01__bs64__seed1,results/runs/synthetic_ablation_singular-spectrum-only/synthetic-singular__synthetic__block-hamiltonian__L1__lr0.01__bs64__seed1_seed1,synthetic-singular,synthetic,block-hamiltonian,1,1,0.01,64,2000,True,plus,True,False,0.5369023915249923,0.8109756097560976,0.5410635217451624,0.8473748473748474,0.8932926829268293,1494.6646341463413,,20.808700561523438,,46,4,16,6e3df8c2ae7503394992a62eaa877ace7721f2bc,False
complete,synthetic,synthetic-singular__synthetic__block-hamiltonian__L1__lr0.01__bs64__seed2,results/runs/synthetic_ablation_singular-spectrum-only/synthetic-singular__synthetic__block-hamiltonian__L1__lr0.01__bs64__seed2_seed2,synthetic-singular,synthetic,block-hamiltonian,1,2,0.01,64,2000,True,plus,True,False,0.5373060367808368,0.8048780487804879,0.5416236291310854,0.8376068376068376,0.9451219512195121,1551.219512195122,,21.325772285461426,,46,4,16,6e3df8c2ae7503394992a62eaa877ace7721f2bc,False
complete,synthetic,synthetic-singular__synthetic__block-hamiltonian__L1__lr0.01__bs64__seed3,results/runs/synthetic_ablation_singular-spectrum-only/synthetic-singular__synthetic__block-hamiltonian__L1__lr0.01__bs64__seed3_seed3,synthetic-singular,synthetic,block-hamiltonian,1,3,0.01,64,2000,True,plus,True,False,0.5358496690125318,0.8353658536585366,0.5401402150876359,0.8815628815628815,0.8902439024390244,1529.268292682927,,19.78806471824646,,46,4,16,6e3df8c2ae7503394992a62eaa877ace7721f2bc,False
complete,synthetic,synthetic-singular__synthetic__block-hamiltonian__L1__lr0.01__bs64__seed4,results/runs/synthetic_ablation_singular-spectrum-only/synthetic-singular__synthetic__block-hamiltonian__L1__lr0.01__bs64__seed4_seed4,synthetic-singular,synthetic,block-hamiltonian,1,4,0.01,64,2000,True,plus,True,False,0.5367629133483544,0.8384146341463414,0.5409345164258473,0.8888888888888888,0.948170731707317,1540.701219512195,,20.39635920524597,,46,4,16,6e3df8c2ae7503394992a62eaa877ace7721f2bc,False
complete,synthetic,synthetic-singular__synthetic__block-hamiltonian__L1__lr0.01__bs64__seed5,results/runs/synthetic_ablation_singular-spectrum-only/synthetic-singular__synthetic__block-hamiltonian__L1__lr0.01__bs64__seed5_seed5,synthetic-singular,synthetic,block-hamiltonian,1,5,0.01,64,2000,True,plus,True,False,0.5389003731009117,0.7804878048780488,0.5429128463609723,0.7948717948717948,0.8871951219512195,1542.6829268292681,,20.620691061019897,,46,4,16,6e3df8c2ae7503394992a62eaa877ace7721f2bc,False
complete,synthetic,synthetic-singular__synthetic__block-hamiltonian__L1__lr0.01__bs64__seed6,results/runs/synthetic_ablation_singular-spectrum-only/synthetic-singular__synthetic__block-hamiltonian__L1__lr0.01__bs64__seed6_seed6,synthetic-singular,synthetic,block-hamiltonian,1,6,0.01,64,2000,True,plus,True,False,0.5413177513533685,0.7560975609756098,0.5450399620391546,0.7557997557997558,0.9207317073170732,1539.481707317073,,20.041216611862183,,46,4,16,6e3df8c2ae7503394992a62eaa877ace7721f2bc,False
complete,synthetic,synthetic-singular__synthetic__block-hamiltonian__L1__lr0.01__bs64__seed7,results/runs/synthetic_ablation_singular-spectrum-only/synthetic-singular__synthetic__block-hamiltonian__L1__lr0.01__bs64__seed7_seed7,synthetic-singular,synthetic,block-hamiltonian,1,7,0.01,64,2000,True,plus,True,False,0.536863874246114,0.8109756097560976,0.5409626124182927,0.8522588522588522,0.9207317073170732,1538.7195121951218,,19.82868218421936,,46,4,16,6e3df8c2ae7503394992a62eaa877ace7721f2bc,False
complete,synthetic,synthetic-singular__synthetic__block-hamiltonian__L1__lr0.01__bs64__seed8,results/runs/synthetic_ablation_singular-spectrum-only/synthetic-singular__synthetic__block-hamiltonian__L1__lr0.01__bs64__seed8_seed8,synthetic-singular,synthetic,block-hamiltonian,1,8,0.01,64,2000,True,plus,True,False,0.5356380628831771,0.9054878048780488,0.5400482275631523,0.927960927960928,0.9146341463414634,1512.6524390243899,,20.158936262130737,,46,4,16,6e3df8c2ae7503394992a62eaa877ace7721f2bc,False
complete,synthetic,synthetic-singular__synthetic__block-hamiltonian__L1__lr0.01__bs64__seed9,results/runs/synthetic_ablation_singular-spectrum-only/synthetic-singular__synthetic__block-hamiltonian__L1__lr0.01__bs64__seed9_seed9,synthetic-singular,synthetic,block-hamiltonian,1,9,0.01,64,2000,True,plus,True,False,0.5374436757379966,0.7987804878048781,0.5416421208892608,0.8376068376068376,0.926829268292683,1518.90243902439,,20.607024431228638,,46,4,16,6e3df8c2ae7503394992a62eaa877ace7721f2bc,False
complete,synthetic,synthetic-singular__synthetic__block-hamiltonian__L2__lr0.01__bs64__seed0,results/runs/synthetic_ablation_singular-spectrum-only/synthetic-singular__synthetic__block-hamiltonian__L2__lr0.01__bs64__seed0_seed0,synthetic-singular,synthetic,block-hamiltonian,2,0,0.01,64,2000,True,plus,True,False,0.21854804933887187,0.9786585365853658,0.2180260066504366,0.9816849816849816,0.9817073170731707,1824.2378048780486,,23.3915855884552,,92,4,16,6e3df8c2ae7503394992a62eaa877ace7721f2bc,False
complete,synthetic,synthetic-singular__synthetic__block-hamiltonian__L2__lr0.01__bs64__seed10,results/runs/synthetic_ablation_singular-spectrum-only/synthetic-singular__synthetic__block-hamiltonian__L2__lr0.01__bs64__seed10_seed10,synthetic-singular,synthetic,block-hamiltonian,2,10,0.01,64,2000,True,plus,True,False,0.21371433430214065,0.9817073170731707,0.2126145990161368,0.9853479853479854,0.9908536585365854,1842.9878048780488,,23.69037127494812,,92,4,16,6e3df8c2ae7503394992a62eaa877ace7721f2bc,False
complete,synthetic,synthetic-singular__synthetic__block-hamiltonian__L2__lr0.01__bs64__seed11,results/runs/synthetic_ablation_singular-spectrum-only/synthetic-singular__synthetic__block-hamiltonian__L2__lr0.01__bs64__seed11_seed11,synthetic-singular,synthetic,block-hamiltonian,2,11,0.01,64,2000,True,plus,True,False,0.2280115728455824,0.9451219512195121,0.22417970494201597,0.9597069597069597,0.9878048780487805,1821.6463414634152,,24.63546371459961,,92,4,16,6e3df8c2ae7503394992a62eaa877ace7721f2bc,False
complete,synthetic,synthetic-singular__synthetic__block-hamiltonian__L2__lr0.01__bs64__seed12,results/runs/synthetic_ablation_singular-spectrum-only/synthetic-singular__synthetic__block-hamiltonian__L2__lr0.01__bs64__seed12_seed12,synthetic-singular,synthetic,block-hamiltonian,2,12,0.01,64,2000,True,plus,True,False,0.2233307370779515,0.9817073170731707,0.22295814895476765,0.9877899877899878,0.9939024390243902,1802.8963414634143,,24.99718713760376,,92,4,16,6e3df8c2ae7503394992a62eaa877ace7721f2bc,False
complete,synthetic,synthetic-singular__synthetic__block-hamiltonian__L2__lr0.01__bs64__seed13,results/runs/synthetic_ablation_singular-spectrum-only/synthetic-singular__synthetic__block-hamiltonian__L2__lr0.01__bs64__seed13_seed13,synthetic-singular,synthetic,block-hamiltonian,2,13,0.01,64,2000,True,plus,True,False,0.21568117150967503,0.9939024390243902,0.2170197157520108,0.9853479853479854,0.9939024390243902,1841.6158536585365,,24.681473970413208,,92,4,16,6e3df8c2ae7503394992a62eaa877ace7721f2bc,False
complete,synthetic,synthetic-singular__synthetic__block-hamiltonian__L2__lr0.01__bs64__seed14,results/runs/synthetic_ablation_singular-spectrum-only/synthetic-singular__synthetic__block-hamiltonian__L2__lr0.01__bs64__seed14_seed14,synthetic-singular,synthetic,block-hamiltonian,2,14,0.01,64,2000,True,plus,True,False,0.21852238902723659,0.975609756097561,0.21881979045538508,0.9792429792429792,0.9908536585365854,1829.7256097560976,,23.90746545791626,,92,4,16,6e3df8c2ae7503394992a62eaa877ace7721f2bc,False
complete,synthetic,synthetic-singular__synthetic__block-hamiltonian__L2__lr0.01__bs64__seed15,results/runs/synthetic_ablation_singular-spectrum-only/synthetic-singular__synthetic__block-hamiltonian__L2__lr0.01__bs64__seed15_seed15,synthetic-singular,synthetic,block-hamiltonian,2,15,0.01,64,2000,True,plus,True,False,0.21581568195557466,0.9817073170731707,0.21551389522305264,0.9853479853479854,0.9878048780487805,1839.7865853658536,,23.678611993789673,,92,4,16,6e3df8c2ae7503394992a62eaa877ace7721f2bc,False
complete,synthetic,synthetic-singular__synthetic__block-hamiltonian__L2__lr0.01__bs64__seed16,results/runs/synthetic_ablation_singular-spectrum-only/synthetic-singular__synthetic__block-hamiltonian__L2__lr0.01__bs64__seed16_seed16,synthetic-singular,synthetic,block-hamiltonian,2,16,0.01,64,2000,True,plus,True,False,0.21243847797943408,0.9847560975609756,0.21309146627632697,0.9829059829059829,0.9908536585365854,1834.7560975609754,,24.649548768997192,,92,4,16,6e3df8c2ae7503394992a62eaa877ace7721f2bc,False
complete,synthetic,synthetic-singular__synthetic__block-hamiltonian__L2__lr0.01__bs64__seed17,results/runs/synthetic_ablation_singular-spectrum-only/synthetic-singular__synthetic__block-hamiltonian__L2__lr0.01__bs64__seed17_seed17,synthetic-singular,synthetic,block-hamiltonian,2,17,0.01,64,2000,True,plus,True,False,0.23598849548226475,0.9725609756097561,0.23481527130065735,0.9731379731379731,0.9878048780487805,1813.1097560975606,,24.22075057029724,,92,4,16,6e3df8c2ae7503394992a62eaa877ace7721f2bc,False
complete,synthetic,synthetic-singular__synthetic__block-hamiltonian__L2__lr0.01__bs64__seed18,results/runs/synthetic_ablation_singular-spectrum-only/synthetic-singular__synthetic__block-hamiltonian__L2__lr0.01__bs64__seed18_seed18,synthetic-singular,synthetic,block-hamiltonian,2,18,0.01,64,2000,True,plus,True,False,0.22168163861063359,0.9725609756097561,0.2195476767322548,0.9841269841269841,0.9908536585365854,1828.658536585366,,25.25337815284729,,92,4,16,6e3df8c2ae7503394992a62eaa877ace7721f2bc,False
complete,synthetic,synthetic-singular__synthetic__block-hamiltonian__L2__lr0.01__bs64__seed19,results/runs/synthetic_ablation_singular-spectrum-only/synthetic-singular__synthetic__block-hamiltonian__L2__lr0.01__bs64__seed19_seed19,synthetic-singular,synthetic,block-hamiltonian,2,19,0.01,64,2000,True,plus,True,False,0.2148276825140641,0.9817073170731707,0.2159414987794888,0.9841269841269841,0.9908536585365854,1827.7439024390242,,26.43192481994629,,92,4,16,6e3df8c2ae7503394992a62eaa877ace7721f2bc,False
complete,synthetic,synthetic-singular__synthetic__block-hamiltonian__L2__lr0.01__bs64__seed1,results/runs/synthetic_ablation_singular-spectrum-only/synthetic-singular__synthetic__block-hamiltonian__L2__lr0.01__bs64__seed1_seed1,synthetic-singular,synthetic,block-hamiltonian,2,1,0.01,64,2000,True,plus,True,False,0.2147977331791261,0.9786585365853658,0.21342985307388296,0.9853479853479854,0.9847560975609756,1847.5609756097558,,24.56348752975464,,92,4,16,6e3df8c2ae7503394992a62eaa877ace7721f2bc,False
complete,synthetic,synthetic-singular__synthetic__block-hamiltonian__L2__lr0.01__bs64__seed2,results/runs/synthetic_ablation_singular-spectrum-only/synthetic-singular__synthetic__block-hamiltonian__L2__lr0.01__bs64__seed2_seed2,synthetic-singular,synthetic,block-hamiltonian,2,2,0.01,64,2000,True,plus,True,False,0.21599808342094637,0.9786585365853658,0.21653999199024365,0.9792429792429792,0.9786585365853658,1830.1829268292684,,24.665201425552368,,92,4,16,6e3df8c2ae7503394992a62eaa877ace7721f2bc,False
complete,synthetic,synthetic-singular__synthetic__block-hamiltonian__L2__lr0.01__bs64__seed3,results/runs/synthetic_ablation_singular-spectrum-only/synthetic-singular__synthetic__block-hamiltonian__L2__lr0.01__bs64__seed3_seed3,synthetic-singular,synthetic,block-hamiltonian,2,3,0.01,64,2000,True,plus,True,False,0.21553605049713034,0.9878048780487805,0.2157093795060216,0.9816849816849816,0.9878048780487805,1839.786585365854,,25.184203624725342,,92,4,16,6e3df8c2ae7503394992a62eaa877ace7721f2bc,False
complete,synthetic,synthetic-singular__synthetic__block-hamiltonian__L2__lr0.01__bs64__seed4,results/runs/synthetic_ablation_singular-spectrum-only/synthetic-singular__synthetic__block-hamiltonian__L2__lr0.01__bs64__seed4_seed4,synthetic-singular,synthetic,block-hamiltonian,2,4,0.01,64,2000,True,plus,True,False,0.22023717281256144,0.9695121951219512,0.22081397453036258,0.9694749694749695,0.9878048780487805,1826.829268292683,,24.85445809364319,,92,4,16,6e3df8c2ae7503394992a62eaa877ace7721f2bc,False
complete,synthetic,synthetic-singular__synthetic__block-hamiltonian__L2__lr0.01__bs64__seed5,results/runs/synthetic_ablation_singular-spectrum-only/synthetic-singular__synthetic__block-hamiltonian__L2__lr0.01__bs64__seed5_seed5,synthetic-singular,synthetic,block-hamiltonian,2,5,0.01,64,2000,True,plus,True,False,0.21798147117641165,0.9695121951219512,0.21782218383676913,0.9719169719169719,0.9817073170731707,1815.2439024390244,,23.970157146453857,,92,4,16,6e3df8c2ae7503394992a62eaa877ace7721f2bc,False
complete,synthetic,synthetic-singular__synthetic__block-hamiltonian__L2__lr0.01__bs64__seed6,results/runs/synthetic_ablation_singular-spectrum-only/synthetic-singular__synthetic__block-hamiltonian__L2__lr0.01__bs64__seed6_seed6,synthetic-singular,synthetic,block-hamiltonian,2,6,0.01,64,2000,True,plus,True,False,0.2254141250867245,0.9725609756097561,0.2228430539216188,0.9841269841269841,0.9908536585365854,1830.7926829268292,,24.932257175445557,,92,4,16,6e3df8c2ae7503394992a62eaa877ace7721f2bc,False
complete,synthetic,synthetic-singular__synthetic__block-hamiltonian__L2__lr0.01__bs64__seed7,results/runs/synthetic_ablation_singular-spectrum-only/synthetic-singular__synthetic__block-hamiltonian__L2__lr0.01__bs64__seed7_seed7,synthetic-singular,synthetic,block-hamiltonian,2,7,0.01,64,2000,True,plus,True,False,0.21698720129301993,0.9908536585365854,0.21866479421151466,0.9841269841269841,0.9908536585365854,1839.1768292682925,,23.56371545791626,,92,4,16,6e3df8c2ae7503394992a62eaa877ace7721f2bc,False
complete,synthetic,synthetic-singular__synthetic__block-hamiltonian__L2__lr0.01__bs64__seed8,results/runs/synthetic_ablation_singular-spectrum-only/synthetic-singular__synthetic__block-hamiltonian__L2__lr0.01__bs64__seed8_seed8,synthetic-singular,synthetic,block-hamiltonian,2,8,0.01,64,2000,True,plus,True,False,0.21541205942260805,0.9878048780487805,0.21501712397604694,0.9853479853479854,0.9878048780487805,1846.189024390244,,24.70858407020569,,92,4,16,6e3df8c2ae7503394992a62eaa877ace7721f2bc,False
complete,synthetic,synthetic-singular__synthetic__block-hamiltonian__L2__lr0.01__bs64__seed9,results/runs/synthetic_ablation_singular-spectrum-only/synthetic-singular__synthetic__block-hamiltonian__L2__lr0.01__bs64__seed9_seed9,synthetic-singular,synthetic,block-hamiltonian,2,9,0.01,64,2000,True,plus,True,False,0.21573975030737458,0.9817073170731707,0.21726090279748841,0.9816849816849816,0.9878048780487805,1822.560975609756,,25.04057812690735,,92,4,16,6e3df8c2ae7503394992a62eaa877ace7721f2bc,False
complete,synthetic,synthetic-singular__synthetic__block-hamiltonian__L32__lr0.01__bs64__seed0,results/runs/synthetic_ablation_singular-spectrum-only/synthetic-singular__synthetic__block-hamiltonian__L32__lr0.01__bs64__seed0_seed0,synthetic-singular,synthetic,block-hamiltonian,32,0,0.01,64,2000,True,plus,True,False,0.09258932542981918,0.975609756097561,0.08631619473629752,0.989010989010989,0.9969512195121951,1862.0426829268297,,173.3913290500641,,1472,4,16,6e3df8c2ae7503394992a62eaa877ace7721f2bc,False
complete,synthetic,synthetic-singular__synthetic__block-hamiltonian__L32__lr0.01__bs64__seed10,results/runs/synthetic_ablation_singular-spectrum-only/synthetic-singular__synthetic__block-hamiltonian__L32__lr0.01__bs64__seed10_seed10,synthetic-singular,synthetic,block-hamiltonian,32,10,0.01,64,2000,True,plus,True,False,0.08198446701248893,0.9908536585365854,0.08515409524027485,0.9841269841269841,1.0,1854.268292682927,,170.9502613544464,,1472,4,16,6e3df8c2ae7503394992a62eaa877ace7721f2bc,False
complete,synthetic,synthetic-singular__synthetic__block-hamiltonian__L32__lr0.01__bs64__seed11,results/runs/synthetic_ablation_singular-spectrum-only/synthetic-singular__synthetic__block-hamiltonian__L32__lr0.01__bs64__seed11_seed11,synthetic-singular,synthetic,block-hamiltonian,32,11,0.01,64,2000,True,plus,True,False,0.08614174490042491,0.9878048780487805,0.08530239478485681,0.9853479853479854,0.9969512195121951,1856.8597560975609,,175.19899916648865,,1472,4,16,6e3df8c2ae7503394992a62eaa877ace7721f2bc,False
complete,synthetic,synthetic-singular__synthetic__block-hamiltonian__L32__lr0.01__bs64__seed12,results/runs/synthetic_ablation_singular-spectrum-only/synthetic-singular__synthetic__block-hamiltonian__L32__lr0.01__bs64__seed12_seed12,synthetic-singular,synthetic,block-hamiltonian,32,12,0.01,64,2000,True,plus,True,False,0.09203329502002054,0.9695121951219512,0.08409136022900558,0.9829059829059829,0.9939024390243902,1862.8048780487807,,173.62555575370789,,1472,4,16,6e3df8c2ae7503394992a62eaa877ace7721f2bc,False
complete,synthetic,synthetic-singular__synthetic__block-hamiltonian__L32__lr0.01__bs64__seed13,results/runs/synthetic_ablation_singular-spectrum-only/synthetic-singular__synthetic__block-hamiltonian__L32__lr0.01__bs64__seed13_seed13,synthetic-singular,synthetic,block-hamiltonian,32,13,0.01,64,2000,True,plus,True,False,0.079726118842968,0.9878048780487805,0.07887833077841672,0.9865689865689866,0.9939024390243902,1850.1524390243899,,174.34278106689453,,1472,4,16,6e3df8c2ae7503394992a62eaa877ace7721f2bc,False
complete,synthetic,synthetic-singular__synthetic__block-hamiltonian__L32__lr0.01__bs64__seed14,results/runs/synthetic_ablation_singular-spectrum-only/synthetic-singular__synthetic__block-hamiltonian__L32__lr0.01__bs64__seed14_seed14,synthetic-singular,synthetic,block-hamiltonian,32,14,0.01,64,2000,True,plus,True,False,0.08781953501747565,0.9817073170731707,0.08302777287354826,0.9816849816849816,0.9908536585365854,1863.5670731707319,,175.862056016922,,1472,4,16,6e3df8c2ae7503394992a62eaa877ace7721f2bc,False
complete,synthetic,synthetic-singular__synthetic__block-hamiltonian__L32__lr0.01__bs64__seed15,results/runs/synthetic_ablation_singular-spectrum-only/synthetic-singular__synthetic__block-hamiltonian__L32__lr0.01__bs64__seed15_seed15,synthetic-singular,synthetic,block-hamiltonian,32,15,0.01,64,2000,True,plus,True,False,0.09857376173657471,0.9634146341463414,0.08583159458354098,0.9804639804639804,0.9939024390243902,1849.9999999999995,,172.81884956359863,,1472,4,16,6e3df8c2ae7503394992a62eaa877ace7721f2bc,False
complete,synthetic,synthetic-singular__synthetic__block-hamiltonian__L32__lr0.01__bs64__seed16,results/runs/synthetic_ablation_singular-spectrum-only/synthetic-singular__synthetic__block-hamiltonian__L32__lr0.01__bs64__seed16_seed16,synthetic-singular,synthetic,block-hamiltonian,32,16,0.01,64,2000,True,plus,True,False,0.0738158084021444,0.9939024390243902,0.08161424572606168,0.9804639804639804,0.9969512195121951,1860.213414634146,,172.54713201522827,,1472,4,16,6e3df8c2ae7503394992a62eaa877ace7721f2bc,False
complete,synthetic,synthetic-singular__synthetic__block-hamiltonian__L32__lr0.01__bs64__seed17,results/runs/synthetic_ablation_singular-spectrum-only/synthetic-singular__synthetic__block-hamiltonian__L32__lr0.01__bs64__seed17_seed17,synthetic-singular,synthetic,block-hamiltonian,32,17,0.01,64,2000,True,plus,True,False,0.09509332856194377,0.9939024390243902,0.09864079293660957,0.9865689865689866,0.9939024390243902,1864.7865853658534,,175.05414986610413,,1472,4,16,6e3df8c2ae7503394992a62eaa877ace7721f2bc,False
complete,synthetic,synthetic-singular__synthetic__block-hamiltonian__L32__lr0.01__bs64__seed18,results/runs/synthetic_ablation_singular-spectrum-only/synthetic-singular__synthetic__block-hamiltonian__L32__lr0.01__bs64__seed18_seed18,synthetic-singular,synthetic,block-hamiltonian,32,18,0.01,64,2000,True,plus,True,False,0.0765966568560381,0.9878048780487805,0.07746846213317182,0.9865689865689866,0.9939024390243902,1849.237804878049,,173.28336334228516,,1472,4,16,6e3df8c2ae7503394992a62eaa877ace7721f2bc,False
complete,synthetic,synthetic-singular__synthetic__block-hamiltonian__L32__lr0.01__bs64__seed19,results/runs/synthetic_ablation_singular-spectrum-only/synthetic-singular__synthetic__block-hamiltonian__L32__lr0.01__bs64__seed19_seed19,synthetic-singular,synthetic,block-hamiltonian,32,19,0.01,64,2000,True,plus,True,False,0.08477554042601027,0.975609756097561,0.07921392471884137,0.9853479853479854,0.9939024390243902,1853.0487804878048,,175.8003635406494,,1472,4,16,6e3df8c2ae7503394992a62eaa877ace7721f2bc,False
complete,synthetic,synthetic-singular__synthetic__block-hamiltonian__L32__lr0.01__bs64__seed1,results/runs/synthetic_ablation_singular-spectrum-only/synthetic-singular__synthetic__block-hamiltonian__L32__lr0.01__bs64__seed1_seed1,synthetic-singular,synthetic,block-hamiltonian,32,1,0.01,64,2000,True,plus,True,False,0.09622792849879228,0.9725609756097561,0.08880663131379972,0.9829059829059829,0.9939024390243902,1850.3048780487804,,174.18855571746826,,1472,4,16,6e3df8c2ae7503394992a62eaa877ace7721f2bc,False
complete,synthetic,synthetic-singular__synthetic__block-hamiltonian__L32__lr0.01__bs64__seed2,results/runs/synthetic_ablation_singular-spectrum-only/synthetic-singular__synthetic__block-hamiltonian__L32__lr0.01__bs64__seed2_seed2,synthetic-singular,synthetic,block-hamiltonian,32,2,0.01,64,2000,True,plus,True,False,0.08564784870800503,0.9847560975609756,0.08340037376790377,0.9877899877899878,0.9969512195121951,1853.8109756097565,,172.18987846374512,,1472,4,16,6e3df8c2ae7503394992a62eaa877ace7721f2bc,False
complete,synthetic,synthetic-singular__synthetic__block-hamiltonian__L32__lr0.01__bs64__seed3,results/runs/synthetic_ablation_singular-spectrum-only/synthetic-singular__synthetic__block-hamiltonian__L32__lr0.01__bs64__seed3_seed3,synthetic-singular,synthetic,block-hamiltonian,32,3,0.01,64,2000,True,plus,True,False,0.10460989735013101,0.9847560975609756,0.11062530724645099,0.9804639804639804,0.9908536585365854,1859.6036585365853,,173.8085994720459,,1472,4,16,6e3df8c2ae7503394992a62eaa877ace7721f2bc,False
complete,synthetic,synthetic-singular__synthetic__block-hamiltonian__L32__lr0.01__bs64__seed4,results/runs/synthetic_ablation_singular-spectrum-only/synthetic-singular__synthetic__block-hamiltonian__L32__lr0.01__bs64__seed4_seed4,synthetic-singular,synthetic,block-hamiltonian,32,4,0.01,64,2000,True,plus,True,False,0.10024272361488955,0.9908536585365854,0.10162520155851124,0.989010989010989,0.9939024390243902,1856.40243902439,,170.5200412273407,,1472,4,16,6e3df8c2ae7503394992a62eaa877ace7721f2bc,False
complete,synthetic,synthetic-singular__synthetic__block-hamiltonian__L32__lr0.01__bs64__seed5,results/runs/synthetic_ablation_singular-spectrum-only/synthetic-singular__synthetic__block-hamiltonian__L32__lr0.01__bs64__seed5_seed5,synthetic-singular,synthetic,block-hamiltonian,32,5,0.01,64,2000,True,plus,True,False,0.08289701516759326,0.9786585365853658,0.07839633942070467,0.9841269841269841,0.9969512195121951,1869.6646341463415,,171.80772066116333,,1472,4,16,6e3df8c2ae7503394992a62eaa877ace7721f2bc,False
complete,synthetic,synthetic-singular__synthetic__block-hamiltonian__L32__lr0.01__bs64__seed6,results/runs/synthetic_ablation_singular-spectrum-only/synthetic-singular__synthetic__block-hamiltonian__L32__lr0.01__bs64__seed6_seed6,synthetic-singular,synthetic,block-hamiltonian,32,6,0.01,64,2000,True,plus,True,False,0.08758648654895422,0.9817073170731707,0.08231499184180915,0.9792429792429792,0.9969512195121951,1867.6829268292681,,173.08341073989868,,1472,4,16,6e3df8c2ae7503394992a62eaa877ace7721f2bc,False
complete,synthetic,synthetic-singular__synthetic__block-hamiltonian__L32__lr0.01__bs64__seed7,results/runs/synthetic_ablation_singular-spectrum-only/synthetic-singular__synthetic__block-hamiltonian__L32__lr0.01__bs64__seed7_seed7,synthetic-singular,synthetic,block-hamiltonian,32,7,0.01,64,2000,True,plus,True,False,0.0886981947342862,0.975609756097561,0.08091663218161285,0.9865689865689866,1.0,1866.0060975609756,,172.85724091529846,,1472,4,16,6e3df8c2ae7503394992a62eaa877ace7721f2bc,False
complete,synthetic,synthetic-singular__synthetic__block-hamiltonian__L32__lr0.01__bs64__seed8,results/runs/synthetic_ablation_singular-spectrum-only/synthetic-singular__synthetic__block-hamiltonian__L32__lr0.01__bs64__seed8_seed8,synthetic-singular,synthetic,block-hamiltonian,32,8,0.01,64,2000,True,plus,True,False,0.07584090133443024,0.9908536585365854,0.08053528743366901,0.9829059829059829,0.9939024390243902,1856.2499999999998,,171.7343270778656,,1472,4,16,6e3df8c2ae7503394992a62eaa877ace7721f2bc,False
complete,synthetic,synthetic-singular__synthetic__block-hamiltonian__L32__lr0.01__bs64__seed9,results/runs/synthetic_ablation_singular-spectrum-only/synthetic-singular__synthetic__block-hamiltonian__L32__lr0.01__bs64__seed9_seed9,synthetic-singular,synthetic,block-hamiltonian,32,9,0.01,64,2000,True,plus,True,False,0.09308980502470982,0.9695121951219512,0.08358098342492656,0.9816849816849816,0.9939024390243902,1856.25,,175.13305640220642,,1472,4,16,6e3df8c2ae7503394992a62eaa877ace7721f2bc,False
complete,synthetic,synthetic-singular__synthetic__block-hamiltonian__L4__lr0.01__bs64__seed0,results/runs/synthetic_ablation_singular-spectrum-only/synthetic-singular__synthetic__block-hamiltonian__L4__lr0.01__bs64__seed0_seed0,synthetic-singular,synthetic,block-hamiltonian,4,0,0.01,64,2000,True,plus,True,False,0.14101376033379656,0.9969512195121951,0.1459309464074415,0.9853479853479854,0.9969512195121951,1863.871951219512,,32.224509716033936,,184,4,16,6e3df8c2ae7503394992a62eaa877ace7721f2bc,False
complete,synthetic,synthetic-singular__synthetic__block-hamiltonian__L4__lr0.01__bs64__seed10,results/runs/synthetic_ablation_singular-spectrum-only/synthetic-singular__synthetic__block-hamiltonian__L4__lr0.01__bs64__seed10_seed10,synthetic-singular,synthetic,block-hamiltonian,4,10,0.01,64,2000,True,plus,True,False,0.14449291110845192,0.9817073170731707,0.144863397016868,0.9841269841269841,0.9969512195121951,1864.7865853658536,,32.09254050254822,,184,4,16,6e3df8c2ae7503394992a62eaa877ace7721f2bc,False
complete,synthetic,synthetic-singular__synthetic__block-hamiltonian__L4__lr0.01__bs64__seed11,results/runs/synthetic_ablation_singular-spectrum-only/synthetic-singular__synthetic__block-hamiltonian__L4__lr0.01__bs64__seed11_seed11,synthetic-singular,synthetic,block-hamiltonian,4,11,0.01,64,2000,True,plus,True,False,0.14972566367822318,0.9664634146341463,0.14910262518861425,0.9829059829059829,0.9939024390243902,1856.2499999999998,,31.405327558517456,,184,4,16,6e3df8c2ae7503394992a62eaa877ace7721f2bc,False
complete,synthetic,synthetic-singular__synthetic__block-hamiltonian__L4__lr0.01__bs64__seed12,results/runs/synthetic_ablation_singular-spectrum-only/synthetic-singular__synthetic__block-hamiltonian__L4__lr0.01__bs64__seed12_seed12,synthetic-singular,synthetic,block-hamiltonian,4,12,0.01,64,2000,True,plus,True,False,0.15026358881325402,0.9695121951219512,0.1494420959777301,0.9816849816849816,0.9908536585365854,1855.3353658536582,,31.503950357437134,,184,4,16,6e3df8c2ae7503394992a62eaa877ace7721f2bc,False
complete,synthetic,synthetic-singular__synthetic__block-hamiltonian__L4__lr0.01__bs64__seed13,results/runs/synthetic_ablation_singular-spectrum-only/synthetic-singular__synthetic__block-hamiltonian__L4__lr0.01__bs64__seed13_seed13,synthetic-singular,synthetic,block-hamiltonian,4,13,0.01,64,2000,True,plus,True,False,0.1394694718593661,0.9908536585365854,0.14583366797165584,0.9816849816849816,0.9939024390243902,1863.2621951219508,,32.08409905433655,,184,4,16,6e3df8c2ae7503394992a62eaa877ace7721f2bc,False
complete,synthetic,synthetic-singular__synthetic__block-hamiltonian__L4__lr0.01__bs64__seed14,results/runs/synthetic_ablation_singular-spectrum-only/synthetic-singular__synthetic__block-hamiltonian__L4__lr0.01__bs64__seed14_seed14,synthetic-singular,synthetic,block-hamiltonian,4,14,0.01,64,2000,True,plus,True,False,0.14170947424671257,0.9908536585365854,0.1473252369956788,0.9816849816849816,0.9969512195121951,1867.3780487804877,,32.01026248931885,,184,4,16,6e3df8c2ae7503394992a62eaa877ace7721f2bc,False
complete,synthetic,synthetic-singular__synthetic__block-hamiltonian__L4__lr0.01__bs64__seed15,results/runs/synthetic_ablation_singular-spectrum-only/synthetic-singular__synthetic__block-hamiltonian__L4__lr0.01__bs64__seed15_seed15,synthetic-singular,synthetic,block-hamiltonian,4,15,0.01,64,2000,True,plus,True,False,0.1452419127194367,0.9786585365853658,0.1466893267775745,0.9841269841269841,0.9969512195121951,1860.9756097560978,,32.00800013542175,,184,4,16,6e3df8c2ae7503394992a62eaa877ace7721f2bc,False
complete,synthetic,synthetic-singular__synthetic__block-hamiltonian__L4__lr0.01__bs64__seed16,results/runs/synthetic_ablation_singular-spectrum-only/synthetic-singular__synthetic__block-hamiltonian__L4__lr0.01__bs64__seed16_seed16,synthetic-singular,synthetic,block-hamiltonian,4,16,0.01,64,2000,True,plus,True,False,0.1428991457639706,0.9939024390243902,0.14911505673729367,0.9804639804639804,0.9939024390243902,1849.3902439024387,,31.41306757926941,,184,4,16,6e3df8c2ae7503394992a62eaa877ace7721f2bc,False
complete,synthetic,synthetic-singular__synthetic__block-hamiltonian__L4__lr0.01__bs64__seed17,results/runs/synthetic_ablation_singular-spectrum-only/synthetic-singular__synthetic__block-hamiltonian__L4__lr0.01__bs64__seed17_seed17,synthetic-singular,synthetic,block-hamiltonian,4,17,0.01,64,2000,True,plus,True,False,0.1412838290856384,0.9969512195121951,0.14820622577078857,0.9841269841269841,0.9969512195121951,1866.920731707317,,31.766826629638672,,184,4,16,6e3df8c2ae7503394992a62eaa877ace7721f2bc,False
complete,synthetic,synthetic-singular__synthetic__block-hamiltonian__L4__lr0.01__bs64__seed18,results/runs/synthetic_ablation_singular-spectrum-only/synthetic-singular__synthetic__block-hamiltonian__L4__lr0.01__bs64__seed18_seed18,synthetic-singular,synthetic,block-hamiltonian,4,18,0.01,64,2000,True,plus,True,False,0.14439467627165634,0.9878048780487805,0.14620829239126829,0.9877899877899878,0.9969512195121951,1873.3231707317073,,31.844786882400513,,184,4,16,6e3df8c2ae7503394992a62eaa877ace7721f2bc,False
complete,synthetic,synthetic-singular__synthetic__block-hamiltonian__L4__lr0.01__bs64__seed19,results/runs/synthetic_ablation_singular-spectrum-only/synthetic-singular__synthetic__block-hamiltonian__L4__lr0.01__bs64__seed19_seed19,synthetic-singular,synthetic,block-hamiltonian,4,19,0.01,64,2000,True,plus,True,False,0.1448985459304231,0.9786585365853658,0.1471069200508717,0.9877899877899878,1.0,1863.109756097561,,32.18851161003113,,184,4,16,6e3df8c2ae7503394992a62eaa877ace7721f2bc,False
complete,synthetic,synthetic-singular__synthetic__block-hamiltonian__L4__lr0.01__bs64__seed1,results/runs/synthetic_ablation_singular-spectrum-only/synthetic-singular__synthetic__block-hamiltonian__L4__lr0.01__bs64__seed1_seed1,synthetic-singular,synthetic,block-hamiltonian,4,1,0.01,64,2000,True,plus,True,False,0.14412722170477427,0.975609756097561,0.14604107435241342,0.9829059829059829,0.9908536585365854,1859.7560975609754,,31.604910135269165,,184,4,16,6e3df8c2ae7503394992a62eaa877ace7721f2bc,False
complete,synthetic,synthetic-singular__synthetic__block-hamiltonian__L4__lr0.01__bs64__seed2,results/runs/synthetic_ablation_singular-spectrum-only/synthetic-singular__synthetic__block-hamiltonian__L4__lr0.01__bs64__seed2_seed2,synthetic-singular,synthetic,block-hamiltonian,4,2,0.01,64,2000,True,plus,True,False,0.14167056212774995,0.9908536585365854,0.1482563024115807,0.9816849816849816,0.9939024390243902,1866.310975609756,,32.7027530670166,,184,4,16,6e3df8c2ae7503394992a62eaa877ace7721f2bc,False
complete,synthetic,synthetic-singular__synthetic__block-hamiltonian__L4__lr0.01__bs64__seed3,results/runs/synthetic_ablation_singular-spectrum-only/synthetic-singular__synthetic__block-hamiltonian__L4__lr0.01__bs64__seed3_seed3,synthetic-singular,synthetic,block-hamiltonian,4,3,0.01,64,2000,True,plus,True,False,0.14772812628179366,0.9786585365853658,0.15607311576414568,0.978021978021978,0.9939024390243902,1846.341463414634,,31.954319715499878,,184,4,16,6e3df8c2ae7503394992a62eaa877ace7721f2bc,False
complete,synthetic,synthetic-singular__synthetic__block-hamiltonian__L4__lr0.01__bs64__seed4,results/runs/synthetic_ablation_singular-spectrum-only/synthetic-singular__synthetic__block-hamiltonian__L4__lr0.01__bs64__seed4_seed4,synthetic-singular,synthetic,block-hamiltonian,4,4,0.01,64,2000,True,plus,True,False,0.14438296288226646,0.9878048780487805,0.1475615305930188,0.9829059829059829,0.9969512195121951,1863.719512195122,,31.709866046905518,,184,4,16,6e3df8c2ae7503394992a62eaa877ace7721f2bc,False
complete,synthetic,synthetic-singular__synthetic__block-hamiltonian__L4__lr0.01__bs64__seed5,results/runs/synthetic_ablation_singular-spectrum-only/synthetic-singular__synthetic__block-hamiltonian__L4__lr0.01__bs64__seed5_seed5,synthetic-singular,synthetic,block-hamiltonian,4,5,0.01,64,2000,True,plus,True,False,0.14289021210675182,0.9908536585365854,0.14781307034536537,0.9829059829059829,0.9969512195121951,1862.0426829268295,,33.71827578544617,,184,4,16,6e3df8c2ae7503394992a62eaa877ace7721f2bc,False
complete,synthetic,synthetic-singular__synthetic__block-hamiltonian__L4__lr0.01__bs64__seed6,results/runs/synthetic_ablation_singular-spectrum-only/synthetic-singular__synthetic__block-hamiltonian__L4__lr0.01__bs64__seed6_seed6,synthetic-singular,synthetic,block-hamiltonian,4,6,0.01,64,2000,True,plus,True,False,0.14073867255417338,0.9786585365853658,0.14162952618619096,0.9829059829059829,0.9939024390243902,1861.280487804878,,33.16375255584717,,184,4,16,6e3df8c2ae7503394992a62eaa877ace7721f2bc,False
complete,synthetic,synthetic-singular__synthetic__block-hamiltonian__L4__lr0.01__bs64__seed7,results/runs/synthetic_ablation_singular-spectrum-only/synthetic-singular__synthetic__block-hamiltonian__L4__lr0.01__bs64__seed7_seed7,synthetic-singular,synthetic,block-hamiltonian,4,7,0.01,64,2000,True,plus,True,False,0.14488753533122234,0.9878048780487805,0.1494403811186931,0.9804639804639804,1.0,1867.2256097560976,,33.7958459854126,,184,4,16,6e3df8c2ae7503394992a62eaa877ace7721f2bc,False
complete,synthetic,synthetic-singular__synthetic__block-hamiltonian__L4__lr0.01__bs64__seed8,results/runs/synthetic_ablation_singular-spectrum-only/synthetic-singular__synthetic__block-hamiltonian__L4__lr0.01__bs64__seed8_seed8,synthetic-singular,synthetic,block-hamiltonian,4,8,0.01,64,2000,True,plus,True,False,0.14468368841987359,0.9847560975609756,0.14901975899637168,0.9829059829059829,0.9939024390243902,1862.6524390243903,,34.145307540893555,,184,4,16,6e3df8c2ae7503394992a62eaa877ace7721f2bc,False
complete,synthetic,synthetic-singular__synthetic__block-hamiltonian__L4__lr0.01__bs64__seed9,results/runs/synthetic_ablation_singular-spectrum-only/synthetic-singular__synthetic__block-hamiltonian__L4__lr0.01__bs64__seed9_seed9,synthetic-singular,synthetic,block-hamiltonian,4,9,0.01,64,2000,True,plus,True,False,0.14076191256097983,0.9878048780487805,0.144209925887632,0.9853479853479854,0.9939024390243902,1855.7926829268295,,33.942763328552246,,184,4,16,6e3df8c2ae7503394992a62eaa877ace7721f2bc,False
complete,synthetic,synthetic-singular__synthetic__block-hamiltonian__L8__lr0.01__bs64__seed0,results/runs/synthetic_ablation_singular-spectrum-only/synthetic-singular__synthetic__block-hamiltonian__L8__lr0.01__bs64__seed0_seed0,synthetic-singular,synthetic,block-hamiltonian,8,0,0.01,64,2000,True,plus,True,False,0.10757850456685089,0.9908536585365854,0.10829913737870778,0.9853479853479854,0.9939024390243902,1862.5000000000002,,51.68661713600159,,368,4,16,6e3df8c2ae7503394992a62eaa877ace7721f2bc,False
complete,synthetic,synthetic-singular__synthetic__block-hamiltonian__L8__lr0.01__bs64__seed10,results/runs/synthetic_ablation_singular-spectrum-only/synthetic-singular__synthetic__block-hamiltonian__L8__lr0.01__bs64__seed10_seed10,synthetic-singular,synthetic,block-hamiltonian,8,10,0.01,64,2000,True,plus,True,False,0.108943123189298,0.9817073170731707,0.1070161771193496,0.9816849816849816,0.9939024390243902,1865.853658536585,,51.713441610336304,,368,4,16,6e3df8c2ae7503394992a62eaa877ace7721f2bc,False
complete,synthetic,synthetic-singular__synthetic__block-hamiltonian__L8__lr0.01__bs64__seed11,results/runs/synthetic_ablation_singular-spectrum-only/synthetic-singular__synthetic__block-hamiltonian__L8__lr0.01__bs64__seed11_seed11,synthetic-singular,synthetic,block-hamiltonian,8,11,0.01,64,2000,True,plus,True,False,0.11516811407084505,0.9725609756097561,0.10914080920810046,0.9804639804639804,0.9939024390243902,1848.3231707317073,,52.853689193725586,,368,4,16,6e3df8c2ae7503394992a62eaa877ace7721f2bc,False
complete,synthetic,synthetic-singular__synthetic__block-hamiltonian__L8__lr0.01__bs64__seed12,results/runs/synthetic_ablation_singular-spectrum-only/synthetic-singular__synthetic__block-hamiltonian__L8__lr0.01__bs64__seed12_seed12,synthetic-singular,synthetic,block-hamiltonian,8,12,0.01,64,2000,True,plus,True,False,0.1149456680456909,0.9725609756097561,0.10964725583528476,0.9841269841269841,0.9969512195121951,1867.8353658536582,,52.287543296813965,,368,4,16,6e3df8c2ae7503394992a62eaa877ace7721f2bc,False
complete,synthetic,synthetic-singular__synthetic__block-hamiltonian__L8__lr0.01__bs64__seed13,results/runs/synthetic_ablation_singular-spectrum-only/synthetic-singular__synthetic__block-hamiltonian__L8__lr0.01__bs64__seed13_seed13,synthetic-singular,synthetic,block-hamiltonian,8,13,0.01,64,2000,True,plus,True,False,0.10411033516963603,0.9878048780487805,0.10813795886001355,0.9841269841269841,0.9939024390243902,1866.4634146341464,,51.47202825546265,,368,4,16,6e3df8c2ae7503394992a62eaa877ace7721f2bc,False
complete,synthetic,synthetic-singular__synthetic__block-hamiltonian__L8__lr0.01__bs64__seed14,results/runs/synthetic_ablation_singular-spectrum-only/synthetic-singular__synthetic__block-hamiltonian__L8__lr0.01__bs64__seed14_seed14,synthetic-singular,synthetic,block-hamiltonian,8,14,0.01,64,2000,True,plus,True,False,0.10540070315178345,0.9939024390243902,0.10999112588006629,0.9853479853479854,0.9939024390243902,1870.2743902439024,,52.526846170425415,,368,4,16,6e3df8c2ae7503394992a62eaa877ace7721f2bc,False
complete,synthetic,synthetic-singular__synthetic__block-hamiltonian__L8__lr0.01__bs64__seed15,results/runs/synthetic_ablation_singular-spectrum-only/synthetic-singular__synthetic__block-hamiltonian__L8__lr0.01__bs64__seed15_seed15,synthetic-singular,synthetic,block-hamiltonian,8,15,0.01,64,2000,True,plus,True,False,0.11404682369056049,0.9847560975609756,0.11222689264910476,0.9841269841269841,0.9939024390243902,1859.2987804878048,,51.61955785751343,,368,4,16,6e3df8c2ae7503394992a62eaa877ace7721f2bc,False
complete,synthetic,synthetic-singular__synthetic__block-hamiltonian__L8__lr0.01__bs64__seed16,results/runs/synthetic_ablation_singular-spectrum-only/synthetic-singular__synthetic__block-hamiltonian__L8__lr0.01__bs64__seed16_seed16,synthetic-singular,synthetic,block-hamiltonian,8,16,0.01,64,2000,True,plus,True,False,0.1042779102478827,0.9878048780487805,0.11201749987173686,0.9804639804639804,0.9939024390243902,1853.8109756097558,,53.10635590553284,,368,4,16,6e3df8c2ae7503394992a62eaa877ace7721f2bc,False
complete,synthetic,synthetic-singular__synthetic__block-hamiltonian__L8__lr0.01__bs64__seed17,results/runs/synthetic_ablation_singular-spectrum-only/synthetic-singular__synthetic__block-hamiltonian__L8__lr0.01__bs64__seed17_seed17,synthetic-singular,synthetic,block-hamiltonian,8,17,0.01,64,2000,True,plus,True,False,0.11247886675478662,0.9969512195121951,0.11863476872946756,0.9841269841269841,0.9969512195121951,1862.9573170731705,,52.15210509300232,,368,4,16,6e3df8c2ae7503394992a62eaa877ace7721f2bc,False
complete,synthetic,synthetic-singular__synthetic__block-hamiltonian__L8__lr0.01__bs64__seed18,results/runs/synthetic_ablation_singular-spectrum-only/synthetic-singular__synthetic__block-hamiltonian__L8__lr0.01__bs64__seed18_seed18,synthetic-singular,synthetic,block-hamiltonian,8,18,0.01,64,2000,True,plus,True,False,0.10275678249028418,0.9847560975609756,0.10340122200216817,0.9853479853479854,0.9908536585365854,1857.3170731707316,,51.46382117271423,,368,4,16,6e3df8c2ae7503394992a62eaa877ace7721f2bc,False
complete,synthetic,synthetic-singular__synthetic__block-hamiltonian__L8__lr0.01__bs64__seed19,results/runs/synthetic_ablation_singular-spectrum-only/synthetic-singular__synthetic__block-hamiltonian__L8__lr0.01__bs64__seed19_seed19,synthetic-singular,synthetic,block-hamiltonian,8,19,0.01,64,2000,True,plus,True,False,0.10836182405434013,0.9786585365853658,0.10715551122952627,0.9865689865689866,0.9969512195121951,1856.0975609756097,,52.109976291656494,,368,4,16,6e3df8c2ae7503394992a62eaa877ace7721f2bc,False
complete,synthetic,synthetic-singular__synthetic__block-hamiltonian__L8__lr0.01__bs64__seed1,results/runs/synthetic_ablation_singular-spectrum-only/synthetic-singular__synthetic__block-hamiltonian__L8__lr0.01__bs64__seed1_seed1,synthetic-singular,synthetic,block-hamiltonian,8,1,0.01,64,2000,True,plus,True,False,0.11082548761190403,0.9725609756097561,0.10621235437987078,0.9853479853479854,0.9939024390243902,1856.707317073171,,51.667091608047485,,368,4,16,6e3df8c2ae7503394992a62eaa877ace7721f2bc,False
complete,synthetic,synthetic-singular__synthetic__block-hamiltonian__L8__lr0.01__bs64__seed2,results/runs/synthetic_ablation_singular-spectrum-only/synthetic-singular__synthetic__block-hamiltonian__L8__lr0.01__bs64__seed2_seed2,synthetic-singular,synthetic,block-hamiltonian,8,2,0.01,64,2000,True,plus,True,False,0.10333907880765034,0.9969512195121951,0.10953137914587914,0.9829059829059829,0.9969512195121951,1863.8719512195125,,52.178608655929565,,368,4,16,6e3df8c2ae7503394992a62eaa877ace7721f2bc,False
complete,synthetic,synthetic-singular__synthetic__block-hamiltonian__L8__lr0.01__bs64__seed3,results/runs/synthetic_ablation_singular-spectrum-only/synthetic-singular__synthetic__block-hamiltonian__L8__lr0.01__bs64__seed3_seed3,synthetic-singular,synthetic,block-hamiltonian,8,3,0.01,64,2000,True,plus,True,False,0.11486911436739754,0.9695121951219512,0.13022511706802775,0.9572649572649573,0.9969512195121951,1848.3231707317075,,51.509530782699585,,368,4,16,6e3df8c2ae7503394992a62eaa877ace7721f2bc,False
complete,synthetic,synthetic-singular__synthetic__block-hamiltonian__L8__lr0.01__bs64__seed4,results/runs/synthetic_ablation_singular-spectrum-only/synthetic-singular__synthetic__block-hamiltonian__L8__lr0.01__bs64__seed4_seed4,synthetic-singular,synthetic,block-hamiltonian,8,4,0.01,64,2000,True,plus,True,False,0.1112427869833341,0.9847560975609756,0.10988560620384326,0.9841269841269841,0.9939024390243902,1860.365853658537,,51.38639807701111,,368,4,16,6e3df8c2ae7503394992a62eaa877ace7721f2bc,False
complete,synthetic,synthetic-singular__synthetic__block-hamiltonian__L8__lr0.01__bs64__seed5,results/runs/synthetic_ablation_singular-spectrum-only/synthetic-singular__synthetic__block-hamiltonian__L8__lr0.01__bs64__seed5_seed5,synthetic-singular,synthetic,block-hamiltonian,8,5,0.01,64,2000,True,plus,True,False,0.1133532859453542,0.975609756097561,0.11279196302455673,0.9829059829059829,0.9969512195121951,1870.2743902439026,,51.49929475784302,,368,4,16,6e3df8c2ae7503394992a62eaa877ace7721f2bc,False
complete,synthetic,synthetic-singular__synthetic__block-hamiltonian__L8__lr0.01__bs64__seed6,results/runs/synthetic_ablation_singular-spectrum-only/synthetic-singular__synthetic__block-hamiltonian__L8__lr0.01__bs64__seed6_seed6,synthetic-singular,synthetic,block-hamiltonian,8,6,0.01,64,2000,True,plus,True,False,0.11396508513752522,0.9695121951219512,0.10770035634115455,0.9829059829059829,0.9939024390243902,1865.8536585365853,,52.34520220756531,,368,4,16,6e3df8c2ae7503394992a62eaa877ace7721f2bc,False
complete,synthetic,synthetic-singular__synthetic__block-hamiltonian__L8__lr0.01__bs64__seed7,results/runs/synthetic_ablation_singular-spectrum-only/synthetic-singular__synthetic__block-hamiltonian__L8__lr0.01__bs64__seed7_seed7,synthetic-singular,synthetic,block-hamiltonian,8,7,0.01,64,2000,True,plus,True,False,0.11454899062797584,0.9695121951219512,0.1093195130240328,0.9841269841269841,0.9969512195121951,1867.9878048780488,,51.52721166610718,,368,4,16,6e3df8c2ae7503394992a62eaa877ace7721f2bc,False
complete,synthetic,synthetic-singular__synthetic__block-hamiltonian__L8__lr0.01__bs64__seed8,results/runs/synthetic_ablation_singular-spectrum-only/synthetic-singular__synthetic__block-hamiltonian__L8__lr0.01__bs64__seed8_seed8,synthetic-singular,synthetic,block-hamiltonian,8,8,0.01,64,2000,True,plus,True,False,0.10705510304544037,0.9847560975609756,0.10856534688949197,0.9841269841269841,0.9969512195121951,1867.2256097560976,,50.566495180130005,,368,4,16,6e3df8c2ae7503394992a62eaa877ace7721f2bc,False
complete,synthetic,synthetic-singular__synthetic__block-hamiltonian__L8__lr0.01__bs64__seed9,results/runs/synthetic_ablation_singular-spectrum-only/synthetic-singular__synthetic__block-hamiltonian__L8__lr0.01__bs64__seed9_seed9,synthetic-singular,synthetic,block-hamiltonian,8,9,0.01,64,2000,True,plus,True,False,0.1174339854138144,0.9695121951219512,0.11064483032664864,0.9792429792429792,0.9939024390243902,1858.2317073170732,,52.494972229003906,,368,4,16,6e3df8c2ae7503394992a62eaa877ace7721f2bc,False
