status,manifest_id,job_slug,run_dir,dataset,representation,encoder,depth,seed,learning_rate,batch_size,steps,standardize,initial_state,projector_renormalize,track_readout_leakage,final_validation_loss,final_validation_accuracy,final_test_loss,final_test_accuracy,best_validation_accuracy,validation_accuracy_auc,time_to_target_step,wall_time_seconds,mean_readout_leakage_mass,parameter_count,n_qubits,hilbert_dim,git_commit,git_dirty
complete,pendigits,pendigits__dyn__symmetric-hamiltonian__L16__lr0.01__bs32__seed0,results/runs/pendigits_ablation_eigenvector-only/pendigits__dyn__symmetric-hamiltonian__L16__lr0.01__bs32__seed0_seed0,pendigits,dyn,symmetric-hamiltonian,16,0,0.01,32,2000,True,plus,True,False,0.43500213250291775,0.944,0.48394800866229454,0.9150943396226415,0.9466666666666667,1720.6,,95.28564834594727,,736,4,16,6e3df8c2ae7503394992a62eaa877ace7721f2bc,False
complete,pendigits,pendigits__dyn__symmetric-hamiltonian__L16__lr0.01__bs32__seed10,results/runs/pendigits_ablation_eigenvector-only/pendigits__dyn__symmetric-hamiltonian__L16__lr0.01__bs32__seed10_seed10,pendigits,dyn,symmetric-hamiltonian,16,10,0.01,32,2000,True,plus,True,False,0.3861857381397324,0.9373333333333334,0.4195575992190966,0.9248141795311606,0.9506666666666667,1729.3333333333333,,94.14974045753479,,736,4,16,6e3df8c2ae7503394992a62eaa877ace7721f2bc,False
complete,pendigits,pendigits__dyn__symmetric-hamiltonian__L16__lr0.01__bs32__seed11,results/runs/pendigits_ablation_eigenvector-only/pendigits__dyn__symmetric-hamiltonian__L16__lr0.01__bs32__seed11_seed11,pendigits,dyn,symmetric-hamiltonian,16,11,0.01,32,2000,True,plus,True,False,0.35965824657368467,0.9533333333333334,0.40698119096418506,0.9291023441966838,0.9533333333333334,1741.9333333333332,,94.63316822052002,,736,4,16,6e3df8c2ae7503394992a62eaa877ace7721f2bc,False
complete,pendigits,pendigits__dyn__symmetric-hamiltonian__L16__lr0.01__bs32__seed12,results/runs/pendigits_ablation_eigenvector-only/pendigits__dyn__symmetric-hamiltonian__L16__lr0.01__bs32__seed12_seed12,pendigits,dyn,symmetric-hamiltonian,16,12,0.01,32,2000,True,plus,True,False,0.3792102841975597,0.9586666666666667,0.45023436873454864,0.9116638078902229,0.9586666666666667,1743.5333333333333,,94.3361132144928,,736,4,16,6e3df8c2ae7503394992a62eaa877ace7721f2bc,False
complete,pendigits,pendigits__dyn__symmetric-hamiltonian__L16__lr0.01__bs32__seed13,results/runs/pendigits_ablation_eigenvector-only/pendigits__dyn__symmetric-hamiltonian__L16__lr0.01__bs32__seed13_seed13,pendigits,dyn,symmetric-hamiltonian,16,13,0.01,32,2000,True,plus,True,False,0.767566089979526,0.8813333333333333,0.8698984225250769,0.8359062321326473,0.94,1712.1333333333332,,95.10633611679077,,736,4,16,6e3df8c2ae7503394992a62eaa877ace7721f2bc,False
complete,pendigits,pendigits__dyn__symmetric-hamiltonian__L16__lr0.01__bs32__seed14,results/runs/pendigits_ablation_eigenvector-only/pendigits__dyn__symmetric-hamiltonian__L16__lr0.01__bs32__seed14_seed14,pendigits,dyn,symmetric-hamiltonian,16,14,0.01,32,2000,True,plus,True,False,0.3636292819916254,0.96,0.42134174481933817,0.9256718124642653,0.96,1739.8,,94.43324637413025,,736,4,16,6e3df8c2ae7503394992a62eaa877ace7721f2bc,False
complete,pendigits,pendigits__dyn__symmetric-hamiltonian__L16__lr0.01__bs32__seed15,results/runs/pendigits_ablation_eigenvector-only/pendigits__dyn__symmetric-hamiltonian__L16__lr0.01__bs32__seed15_seed15,pendigits,dyn,symmetric-hamiltonian,16,15,0.01,32,2000,True,plus,True,False,0.37230526038108464,0.9506666666666667,0.44723613793870015,0.9122355631789594,0.9546666666666667,1741.8666666666666,,94.10996747016907,,736,4,16,6e3df8c2ae7503394992a62eaa877ace7721f2bc,False
complete,pendigits,pendigits__dyn__symmetric-hamiltonian__L16__lr0.01__bs32__seed16,results/runs/pendigits_ablation_eigenvector-only/pendigits__dyn__symmetric-hamiltonian__L16__lr0.01__bs32__seed16_seed16,pendigits,dyn,symmetric-hamiltonian,16,16,0.01,32,2000,True,plus,True,False,0.4407558986975007,0.9306666666666666,0.5177681413863556,0.8979416809605489,0.9533333333333334,1747.333333333333,,93.30203533172607,,736,4,16,6e3df8c2ae7503394992a62eaa877ace7721f2bc,False
complete,pendigits,pendigits__dyn__symmetric-hamiltonian__L16__lr0.01__bs32__seed17,results/runs/pendigits_ablation_eigenvector-only/pendigits__dyn__symmetric-hamiltonian__L16__lr0.01__bs32__seed17_seed17,pendigits,dyn,symmetric-hamiltonian,16,17,0.01,32,2000,True,plus,True,False,0.3819508653564127,0.948,0.4725841466972467,0.9110920526014865,0.948,1662.1333333333332,,94.02605557441711,,736,4,16,6e3df8c2ae7503394992a62eaa877ace7721f2bc,False
complete,pendigits,pendigits__dyn__symmetric-hamiltonian__L16__lr0.01__bs32__seed18,results/runs/pendigits_ablation_eigenvector-only/pendigits__dyn__symmetric-hamiltonian__L16__lr0.01__bs32__seed18_seed18,pendigits,dyn,symmetric-hamiltonian,16,18,0.01,32,2000,True,plus,True,False,1.10644256212682,0.7946666666666666,1.2206886265636452,0.7252715837621498,0.9466666666666667,1677.7333333333333,,94.46646618843079,,736,4,16,6e3df8c2ae7503394992a62eaa877ace7721f2bc,False
complete,pendigits,pendigits__dyn__symmetric-hamiltonian__L16__lr0.01__bs32__seed19,results/runs/pendigits_ablation_eigenvector-only/pendigits__dyn__symmetric-hamiltonian__L16__lr0.01__bs32__seed19_seed19,pendigits,dyn,symmetric-hamiltonian,16,19,0.01,32,2000,True,plus,True,False,0.40137513936539315,0.9453333333333334,0.48542375660162695,0.9213836477987422,0.9533333333333334,1721.2,,95.81881856918335,,736,4,16,6e3df8c2ae7503394992a62eaa877ace7721f2bc,False
complete,pendigits,pendigits__dyn__symmetric-hamiltonian__L16__lr0.01__bs32__seed1,results/runs/pendigits_ablation_eigenvector-only/pendigits__dyn__symmetric-hamiltonian__L16__lr0.01__bs32__seed1_seed1,pendigits,dyn,symmetric-hamiltonian,16,1,0.01,32,2000,True,plus,True,False,0.3754143482265967,0.952,0.43590655467829387,0.9093767867352773,0.952,1737.6,,96.6769597530365,,736,4,16,6e3df8c2ae7503394992a62eaa877ace7721f2bc,False
complete,pendigits,pendigits__dyn__symmetric-hamiltonian__L16__lr0.01__bs32__seed2,results/runs/pendigits_ablation_eigenvector-only/pendigits__dyn__symmetric-hamiltonian__L16__lr0.01__bs32__seed2_seed2,pendigits,dyn,symmetric-hamiltonian,16,2,0.01,32,2000,True,plus,True,False,0.36377115171587326,0.9533333333333334,0.43901527637561993,0.9093767867352773,0.9546666666666667,1736.4,,96.35240936279297,,736,4,16,6e3df8c2ae7503394992a62eaa877ace7721f2bc,False
complete,pendigits,pendigits__dyn__symmetric-hamiltonian__L16__lr0.01__bs32__seed3,results/runs/pendigits_ablation_eigenvector-only/pendigits__dyn__symmetric-hamiltonian__L16__lr0.01__bs32__seed3_seed3,pendigits,dyn,symmetric-hamiltonian,16,3,0.01,32,2000,True,plus,True,False,0.37887781652875274,0.9573333333333334,0.4666695983393824,0.9059462550028587,0.9573333333333334,1722.0,,95.19525861740112,,736,4,16,6e3df8c2ae7503394992a62eaa877ace7721f2bc,False
complete,pendigits,pendigits__dyn__symmetric-hamiltonian__L16__lr0.01__bs32__seed4,results/runs/pendigits_ablation_eigenvector-only/pendigits__dyn__symmetric-hamiltonian__L16__lr0.01__bs32__seed4_seed4,pendigits,dyn,symmetric-hamiltonian,16,4,0.01,32,2000,True,plus,True,False,0.4783673332590097,0.9186666666666666,0.570816494478261,0.8822184105202973,0.956,1736.1333333333334,,94.75401616096497,,736,4,16,6e3df8c2ae7503394992a62eaa877ace7721f2bc,False
complete,pendigits,pendigits__dyn__symmetric-hamiltonian__L16__lr0.01__bs32__seed5,results/runs/pendigits_ablation_eigenvector-only/pendigits__dyn__symmetric-hamiltonian__L16__lr0.01__bs32__seed5_seed5,pendigits,dyn,symmetric-hamiltonian,16,5,0.01,32,2000,True,plus,True,False,0.3537594549238926,0.9466666666666667,0.42291083270982094,0.9025157232704403,0.952,1737.1333333333332,,93.66748547554016,,736,4,16,6e3df8c2ae7503394992a62eaa877ace7721f2bc,False
complete,pendigits,pendigits__dyn__symmetric-hamiltonian__L16__lr0.01__bs32__seed6,results/runs/pendigits_ablation_eigenvector-only/pendigits__dyn__symmetric-hamiltonian__L16__lr0.01__bs32__seed6_seed6,pendigits,dyn,symmetric-hamiltonian,16,6,0.01,32,2000,True,plus,True,False,0.3600138769361268,0.9506666666666667,0.4332896813981445,0.9150943396226415,0.9506666666666667,1703.0,,94.63254928588867,,736,4,16,6e3df8c2ae7503394992a62eaa877ace7721f2bc,False
complete,pendigits,pendigits__dyn__symmetric-hamiltonian__L16__lr0.01__bs32__seed7,results/runs/pendigits_ablation_eigenvector-only/pendigits__dyn__symmetric-hamiltonian__L16__lr0.01__bs32__seed7_seed7,pendigits,dyn,symmetric-hamiltonian,16,7,0.01,32,2000,True,plus,True,False,0.36819588462877006,0.956,0.44317638945282595,0.9116638078902229,0.96,1739.6000000000001,,93.09646797180176,,736,4,16,6e3df8c2ae7503394992a62eaa877ace7721f2bc,False
complete,pendigits,pendigits__dyn__symmetric-hamiltonian__L16__lr0.01__bs32__seed8,results/runs/pendigits_ablation_eigenvector-only/pendigits__dyn__symmetric-hamiltonian__L16__lr0.01__bs32__seed8_seed8,pendigits,dyn,symmetric-hamiltonian,16,8,0.01,32,2000,True,plus,True,False,0.45521171801494476,0.9386666666666666,0.5326097471621885,0.8887935963407662,0.944,1702.5333333333333,,94.49664974212646,,736,4,16,6e3df8c2ae7503394992a62eaa877ace7721f2bc,False
complete,pendigits,pendigits__dyn__symmetric-hamiltonian__L16__lr0.01__bs32__seed9,results/runs/pendigits_ablation_eigenvector-only/pendigits__dyn__symmetric-hamiltonian__L16__lr0.01__bs32__seed9_seed9,pendigits,dyn,symmetric-hamiltonian,16,9,0.01,32,2000,True,plus,True,False,0.37629582869822314,0.9506666666666667,0.4444096290822459,0.9256718124642653,0.952,1734.0000000000002,,92.90740823745728,,736,4,16,6e3df8c2ae7503394992a62eaa877ace7721f2bc,False
complete,pendigits,pendigits__dyn__symmetric-hamiltonian__L1__lr0.01__bs32__seed0,results/runs/pendigits_ablation_eigenvector-only/pendigits__dyn__symmetric-hamiltonian__L1__lr0.01__bs32__seed0_seed0,pendigits,dyn,symmetric-hamiltonian,1,0,0.01,32,2000,True,plus,True,False,1.5466674450370677,0.468,1.5314235487224808,0.48570611778158945,0.5226666666666666,914.8666666666664,,18.71367073059082,,46,4,16,6e3df8c2ae7503394992a62eaa877ace7721f2bc,False
complete,pendigits,pendigits__dyn__symmetric-hamiltonian__L1__lr0.01__bs32__seed10,results/runs/pendigits_ablation_eigenvector-only/pendigits__dyn__symmetric-hamiltonian__L1__lr0.01__bs32__seed10_seed10,pendigits,dyn,symmetric-hamiltonian,1,10,0.01,32,2000,True,plus,True,False,1.5644208484257283,0.508,1.5490447366798412,0.5294453973699257,0.528,915.4,,18.67594885826111,,46,4,16,6e3df8c2ae7503394992a62eaa877ace7721f2bc,False
complete,pendigits,pendigits__dyn__symmetric-hamiltonian__L1__lr0.01__bs32__seed11,results/runs/pendigits_ablation_eigenvector-only/pendigits__dyn__symmetric-hamiltonian__L1__lr0.01__bs32__seed11_seed11,pendigits,dyn,symmetric-hamiltonian,1,11,0.01,32,2000,True,plus,True,False,1.5447641643901748,0.49333333333333335,1.522728399617153,0.5117209834190967,0.5253333333333333,923.8666666666667,,19.747748136520386,,46,4,16,6e3df8c2ae7503394992a62eaa877ace7721f2bc,False
complete,pendigits,pendigits__dyn__symmetric-hamiltonian__L1__lr0.01__bs32__seed12,results/runs/pendigits_ablation_eigenvector-only/pendigits__dyn__symmetric-hamiltonian__L1__lr0.01__bs32__seed12_seed12,pendigits,dyn,symmetric-hamiltonian,1,12,0.01,32,2000,True,plus,True,False,1.5741710139636886,0.468,1.5638429538319063,0.47398513436249284,0.5253333333333333,927.9333333333333,,18.48020339012146,,46,4,16,6e3df8c2ae7503394992a62eaa877ace7721f2bc,False
complete,pendigits,pendigits__dyn__symmetric-hamiltonian__L1__lr0.01__bs32__seed13,results/runs/pendigits_ablation_eigenvector-only/pendigits__dyn__symmetric-hamiltonian__L1__lr0.01__bs32__seed13_seed13,pendigits,dyn,symmetric-hamiltonian,1,13,0.01,32,2000,True,plus,True,False,1.540848137465279,0.472,1.537327512190916,0.48256146369353914,0.5293333333333333,930.4,,19.65245008468628,,46,4,16,6e3df8c2ae7503394992a62eaa877ace7721f2bc,False
complete,pendigits,pendigits__dyn__symmetric-hamiltonian__L1__lr0.01__bs32__seed14,results/runs/pendigits_ablation_eigenvector-only/pendigits__dyn__symmetric-hamiltonian__L1__lr0.01__bs32__seed14_seed14,pendigits,dyn,symmetric-hamiltonian,1,14,0.01,32,2000,True,plus,True,False,1.54942730097707,0.4573333333333333,1.5550369478436405,0.47684391080617494,0.5426666666666666,914.4666666666667,,20.496572971343994,,46,4,16,6e3df8c2ae7503394992a62eaa877ace7721f2bc,False
complete,pendigits,pendigits__dyn__symmetric-hamiltonian__L1__lr0.01__bs32__seed15,results/runs/pendigits_ablation_eigenvector-only/pendigits__dyn__symmetric-hamiltonian__L1__lr0.01__bs32__seed15_seed15,pendigits,dyn,symmetric-hamiltonian,1,15,0.01,32,2000,True,plus,True,False,1.5640597617737375,0.476,1.54830149746539,0.48141795311606633,0.5493333333333333,935.7333333333333,,18.654032468795776,,46,4,16,6e3df8c2ae7503394992a62eaa877ace7721f2bc,False
complete,pendigits,pendigits__dyn__symmetric-hamiltonian__L1__lr0.01__bs32__seed16,results/runs/pendigits_ablation_eigenvector-only/pendigits__dyn__symmetric-hamiltonian__L1__lr0.01__bs32__seed16_seed16,pendigits,dyn,symmetric-hamiltonian,1,16,0.01,32,2000,True,plus,True,False,1.5760032323441635,0.5013333333333333,1.5390498418426823,0.5040022870211549,0.528,932.3333333333335,,18.721858978271484,,46,4,16,6e3df8c2ae7503394992a62eaa877ace7721f2bc,False
complete,pendigits,pendigits__dyn__symmetric-hamiltonian__L1__lr0.01__bs32__seed17,results/runs/pendigits_ablation_eigenvector-only/pendigits__dyn__symmetric-hamiltonian__L1__lr0.01__bs32__seed17_seed17,pendigits,dyn,symmetric-hamiltonian,1,17,0.01,32,2000,True,plus,True,False,1.6829292200378991,0.448,1.665759243044139,0.42967409948542024,0.5346666666666666,919.7999999999998,,20.058887481689453,,46,4,16,6e3df8c2ae7503394992a62eaa877ace7721f2bc,False
complete,pendigits,pendigits__dyn__symmetric-hamiltonian__L1__lr0.01__bs32__seed18,results/runs/pendigits_ablation_eigenvector-only/pendigits__dyn__symmetric-hamiltonian__L1__lr0.01__bs32__seed18_seed18,pendigits,dyn,symmetric-hamiltonian,1,18,0.01,32,2000,True,plus,True,False,1.536688048425233,0.49333333333333335,1.5429558625538662,0.5011435105774729,0.5426666666666666,934.066666666667,,18.456305742263794,,46,4,16,6e3df8c2ae7503394992a62eaa877ace7721f2bc,False
complete,pendigits,pendigits__dyn__symmetric-hamiltonian__L1__lr0.01__bs32__seed19,results/runs/pendigits_ablation_eigenvector-only/pendigits__dyn__symmetric-hamiltonian__L1__lr0.01__bs32__seed19_seed19,pendigits,dyn,symmetric-hamiltonian,1,19,0.01,32,2000,True,plus,True,False,1.5528746234163393,0.5213333333333333,1.5145490009835036,0.5305889079473985,0.5893333333333334,976.3999999999999,,21.62402868270874,,46,4,16,6e3df8c2ae7503394992a62eaa877ace7721f2bc,False
complete,pendigits,pendigits__dyn__symmetric-hamiltonian__L1__lr0.01__bs32__seed1,results/runs/pendigits_ablation_eigenvector-only/pendigits__dyn__symmetric-hamiltonian__L1__lr0.01__bs32__seed1_seed1,pendigits,dyn,symmetric-hamiltonian,1,1,0.01,32,2000,True,plus,True,False,1.5455949489214023,0.484,1.5468445818321022,0.5,0.54,916.0666666666668,,18.801652193069458,,46,4,16,6e3df8c2ae7503394992a62eaa877ace7721f2bc,False
complete,pendigits,pendigits__dyn__symmetric-hamiltonian__L1__lr0.01__bs32__seed2,results/runs/pendigits_ablation_eigenvector-only/pendigits__dyn__symmetric-hamiltonian__L1__lr0.01__bs32__seed2_seed2,pendigits,dyn,symmetric-hamiltonian,1,2,0.01,32,2000,True,plus,True,False,1.55241902253293,0.4653333333333333,1.5446909158172673,0.4868496283590623,0.5373333333333333,931.6000000000001,,20.186359643936157,,46,4,16,6e3df8c2ae7503394992a62eaa877ace7721f2bc,False
complete,pendigits,pendigits__dyn__symmetric-hamiltonian__L1__lr0.01__bs32__seed3,results/runs/pendigits_ablation_eigenvector-only/pendigits__dyn__symmetric-hamiltonian__L1__lr0.01__bs32__seed3_seed3,pendigits,dyn,symmetric-hamiltonian,1,3,0.01,32,2000,True,plus,True,False,1.567859770304751,0.4666666666666667,1.5407199854661573,0.4642652944539737,0.524,902.4000000000001,,18.690558910369873,,46,4,16,6e3df8c2ae7503394992a62eaa877ace7721f2bc,False
complete,pendigits,pendigits__dyn__symmetric-hamiltonian__L1__lr0.01__bs32__seed4,results/runs/pendigits_ablation_eigenvector-only/pendigits__dyn__symmetric-hamiltonian__L1__lr0.01__bs32__seed4_seed4,pendigits,dyn,symmetric-hamiltonian,1,4,0.01,32,2000,True,plus,True,False,1.5515515782226912,0.4746666666666667,1.5379028548159224,0.48999428244711263,0.5346666666666666,911.6,,18.96835947036743,,46,4,16,6e3df8c2ae7503394992a62eaa877ace7721f2bc,False
complete,pendigits,pendigits__dyn__symmetric-hamiltonian__L1__lr0.01__bs32__seed5,results/runs/pendigits_ablation_eigenvector-only/pendigits__dyn__symmetric-hamiltonian__L1__lr0.01__bs32__seed5_seed5,pendigits,dyn,symmetric-hamiltonian,1,5,0.01,32,2000,True,plus,True,False,1.5444206185531426,0.476,1.5333326788291104,0.4854202401372213,0.5333333333333333,921.5333333333335,,18.782284259796143,,46,4,16,6e3df8c2ae7503394992a62eaa877ace7721f2bc,False
complete,pendigits,pendigits__dyn__symmetric-hamiltonian__L1__lr0.01__bs32__seed6,results/runs/pendigits_ablation_eigenvector-only/pendigits__dyn__symmetric-hamiltonian__L1__lr0.01__bs32__seed6_seed6,pendigits,dyn,symmetric-hamiltonian,1,6,0.01,32,2000,True,plus,True,False,1.5867831961939691,0.496,1.5409402718040894,0.4917095483133219,0.5426666666666666,924.6000000000001,,18.824292421340942,,46,4,16,6e3df8c2ae7503394992a62eaa877ace7721f2bc,False
complete,pendigits,pendigits__dyn__symmetric-hamiltonian__L1__lr0.01__bs32__seed7,results/runs/pendigits_ablation_eigenvector-only/pendigits__dyn__symmetric-hamiltonian__L1__lr0.01__bs32__seed7_seed7,pendigits,dyn,symmetric-hamiltonian,1,7,0.01,32,2000,True,plus,True,False,1.5486692536182518,0.48,1.5368108282927488,0.4839908519153802,0.5133333333333333,924.2666666666664,,19.8310649394989,,46,4,16,6e3df8c2ae7503394992a62eaa877ace7721f2bc,False
complete,pendigits,pendigits__dyn__symmetric-hamiltonian__L1__lr0.01__bs32__seed8,results/runs/pendigits_ablation_eigenvector-only/pendigits__dyn__symmetric-hamiltonian__L1__lr0.01__bs32__seed8_seed8,pendigits,dyn,symmetric-hamiltonian,1,8,0.01,32,2000,True,plus,True,False,1.562652251227059,0.464,1.5503960477414973,0.4777015437392796,0.524,935.9333333333335,,18.57900643348694,,46,4,16,6e3df8c2ae7503394992a62eaa877ace7721f2bc,False
complete,pendigits,pendigits__dyn__symmetric-hamiltonian__L1__lr0.01__bs32__seed9,results/runs/pendigits_ablation_eigenvector-only/pendigits__dyn__symmetric-hamiltonian__L1__lr0.01__bs32__seed9_seed9,pendigits,dyn,symmetric-hamiltonian,1,9,0.01,32,2000,True,plus,True,False,1.5611990420306554,0.4786666666666667,1.5275638566637821,0.4779874213836478,0.5386666666666666,932.5333333333334,,19.828404426574707,,46,4,16,6e3df8c2ae7503394992a62eaa877ace7721f2bc,False
complete,pendigits,pendigits__dyn__symmetric-hamiltonian__L2__lr0.01__bs32__seed0,results/runs/pendigits_ablation_eigenvector-only/pendigits__dyn__symmetric-hamiltonian__L2__lr0.01__bs32__seed0_seed0,pendigits,dyn,symmetric-hamiltonian,2,0,0.01,32,2000,True,plus,True,False,1.0673437488015831,0.784,1.1235441120724634,0.7715837621497998,0.784,1391.2666666666667,,24.335399866104126,,92,4,16,6e3df8c2ae7503394992a62eaa877ace7721f2bc,False
complete,pendigits,pendigits__dyn__symmetric-hamiltonian__L2__lr0.01__bs32__seed10,results/runs/pendigits_ablation_eigenvector-only/pendigits__dyn__symmetric-hamiltonian__L2__lr0.01__bs32__seed10_seed10,pendigits,dyn,symmetric-hamiltonian,2,10,0.01,32,2000,True,plus,True,False,1.1304522920304354,0.736,1.1762394292588978,0.6926815323041738,0.7866666666666666,1343.6,,22.73789072036743,,92,4,16,6e3df8c2ae7503394992a62eaa877ace7721f2bc,False
complete,pendigits,pendigits__dyn__symmetric-hamiltonian__L2__lr0.01__bs32__seed11,results/runs/pendigits_ablation_eigenvector-only/pendigits__dyn__symmetric-hamiltonian__L2__lr0.01__bs32__seed11_seed11,pendigits,dyn,symmetric-hamiltonian,2,11,0.01,32,2000,True,plus,True,False,1.0745863117900911,0.716,1.1149975528025873,0.6866781017724414,0.752,1339.7333333333336,,24.47933602333069,,92,4,16,6e3df8c2ae7503394992a62eaa877ace7721f2bc,False
complete,pendigits,pendigits__dyn__symmetric-hamiltonian__L2__lr0.01__bs32__seed12,results/runs/pendigits_ablation_eigenvector-only/pendigits__dyn__symmetric-hamiltonian__L2__lr0.01__bs32__seed12_seed12,pendigits,dyn,symmetric-hamiltonian,2,12,0.01,32,2000,True,plus,True,False,1.0827265462301296,0.76,1.1650165897333689,0.7049742710120068,0.78,1393.6666666666667,,24.360594034194946,,92,4,16,6e3df8c2ae7503394992a62eaa877ace7721f2bc,False
complete,pendigits,pendigits__dyn__symmetric-hamiltonian__L2__lr0.01__bs32__seed13,results/runs/pendigits_ablation_eigenvector-only/pendigits__dyn__symmetric-hamiltonian__L2__lr0.01__bs32__seed13_seed13,pendigits,dyn,symmetric-hamiltonian,2,13,0.01,32,2000,True,plus,True,False,1.0765951309973087,0.7813333333333333,1.122408840820048,0.7650085763293311,0.8,1394.4000000000003,,22.183265924453735,,92,4,16,6e3df8c2ae7503394992a62eaa877ace7721f2bc,False
complete,pendigits,pendigits__dyn__symmetric-hamiltonian__L2__lr0.01__bs32__seed14,results/runs/pendigits_ablation_eigenvector-only/pendigits__dyn__symmetric-hamiltonian__L2__lr0.01__bs32__seed14_seed14,pendigits,dyn,symmetric-hamiltonian,2,14,0.01,32,2000,True,plus,True,False,1.094985470419521,0.752,1.1640260118421666,0.7121212121212122,0.756,1320.5333333333333,,26.154317617416382,,92,4,16,6e3df8c2ae7503394992a62eaa877ace7721f2bc,False
complete,pendigits,pendigits__dyn__symmetric-hamiltonian__L2__lr0.01__bs32__seed15,results/runs/pendigits_ablation_eigenvector-only/pendigits__dyn__symmetric-hamiltonian__L2__lr0.01__bs32__seed15_seed15,pendigits,dyn,symmetric-hamiltonian,2,15,0.01,32,2000,True,plus,True,False,1.0919383146728876,0.7626666666666667,1.139710844057764,0.7335620354488279,0.796,1345.7999999999997,,24.103869676589966,,92,4,16,6e3df8c2ae7503394992a62eaa877ace7721f2bc,False
complete,pendigits,pendigits__dyn__symmetric-hamiltonian__L2__lr0.01__bs32__seed16,results/runs/pendigits_ablation_eigenvector-only/pendigits__dyn__symmetric-hamiltonian__L2__lr0.01__bs32__seed16_seed16,pendigits,dyn,symmetric-hamiltonian,2,16,0.01,32,2000,True,plus,True,False,1.1052647162165916,0.752,1.1822946884500736,0.7149799885648942,0.788,1401.0666666666668,,24.75178623199463,,92,4,16,6e3df8c2ae7503394992a62eaa877ace7721f2bc,False
complete,pendigits,pendigits__dyn__symmetric-hamiltonian__L2__lr0.01__bs32__seed17,results/runs/pendigits_ablation_eigenvector-only/pendigits__dyn__symmetric-hamiltonian__L2__lr0.01__bs32__seed17_seed17,pendigits,dyn,symmetric-hamiltonian,2,17,0.01,32,2000,True,plus,True,False,1.1452714800303785,0.7373333333333333,1.2158587349527978,0.6863922241280732,0.7373333333333333,1292.866666666667,,24.14736270904541,,92,4,16,6e3df8c2ae7503394992a62eaa877ace7721f2bc,False
complete,pendigits,pendigits__dyn__symmetric-hamiltonian__L2__lr0.01__bs32__seed18,results/runs/pendigits_ablation_eigenvector-only/pendigits__dyn__symmetric-hamiltonian__L2__lr0.01__bs32__seed18_seed18,pendigits,dyn,symmetric-hamiltonian,2,18,0.01,32,2000,True,plus,True,False,1.117339391165642,0.7866666666666666,1.1432988271588447,0.7489994282447112,0.7866666666666666,1379.5333333333333,,23.893510818481445,,92,4,16,6e3df8c2ae7503394992a62eaa877ace7721f2bc,False
complete,pendigits,pendigits__dyn__symmetric-hamiltonian__L2__lr0.01__bs32__seed19,results/runs/pendigits_ablation_eigenvector-only/pendigits__dyn__symmetric-hamiltonian__L2__lr0.01__bs32__seed19_seed19,pendigits,dyn,symmetric-hamiltonian,2,19,0.01,32,2000,True,plus,True,False,1.1159589592117758,0.6933333333333334,1.14653548278732,0.6869639794168096,0.7573333333333333,1308.9333333333336,,24.3285870552063,,92,4,16,6e3df8c2ae7503394992a62eaa877ace7721f2bc,False
complete,pendigits,pendigits__dyn__symmetric-hamiltonian__L2__lr0.01__bs32__seed1,results/runs/pendigits_ablation_eigenvector-only/pendigits__dyn__symmetric-hamiltonian__L2__lr0.01__bs32__seed1_seed1,pendigits,dyn,symmetric-hamiltonian,2,1,0.01,32,2000,True,plus,True,False,1.081563506289239,0.7693333333333333,1.1165490863678074,0.7261292166952544,0.7746666666666666,1365.1333333333332,,24.07075834274292,,92,4,16,6e3df8c2ae7503394992a62eaa877ace7721f2bc,False
complete,pendigits,pendigits__dyn__symmetric-hamiltonian__L2__lr0.01__bs32__seed2,results/runs/pendigits_ablation_eigenvector-only/pendigits__dyn__symmetric-hamiltonian__L2__lr0.01__bs32__seed2_seed2,pendigits,dyn,symmetric-hamiltonian,2,2,0.01,32,2000,True,plus,True,False,1.1704196600025316,0.708,1.2021365943285207,0.7175528873642081,0.7546666666666667,1325.533333333333,,24.17486000061035,,92,4,16,6e3df8c2ae7503394992a62eaa877ace7721f2bc,False
complete,pendigits,pendigits__dyn__symmetric-hamiltonian__L2__lr0.01__bs32__seed3,results/runs/pendigits_ablation_eigenvector-only/pendigits__dyn__symmetric-hamiltonian__L2__lr0.01__bs32__seed3_seed3,pendigits,dyn,symmetric-hamiltonian,2,3,0.01,32,2000,True,plus,True,False,1.0637680959879368,0.8,1.1313907126746103,0.7638650657518582,0.8,1404.8666666666663,,24.294259071350098,,92,4,16,6e3df8c2ae7503394992a62eaa877ace7721f2bc,False
complete,pendigits,pendigits__dyn__symmetric-hamiltonian__L2__lr0.01__bs32__seed4,results/runs/pendigits_ablation_eigenvector-only/pendigits__dyn__symmetric-hamiltonian__L2__lr0.01__bs32__seed4_seed4,pendigits,dyn,symmetric-hamiltonian,2,4,0.01,32,2000,True,plus,True,False,1.104166758443738,0.7706666666666667,1.1349994435295108,0.7681532304173814,0.7866666666666666,1407.7333333333333,,24.371081352233887,,92,4,16,6e3df8c2ae7503394992a62eaa877ace7721f2bc,False
complete,pendigits,pendigits__dyn__symmetric-hamiltonian__L2__lr0.01__bs32__seed5,results/runs/pendigits_ablation_eigenvector-only/pendigits__dyn__symmetric-hamiltonian__L2__lr0.01__bs32__seed5_seed5,pendigits,dyn,symmetric-hamiltonian,2,5,0.01,32,2000,True,plus,True,False,1.1465555966018053,0.7493333333333333,1.2011632625344397,0.7235563178959405,0.7773333333333333,1405.4000000000003,,24.19583034515381,,92,4,16,6e3df8c2ae7503394992a62eaa877ace7721f2bc,False
complete,pendigits,pendigits__dyn__symmetric-hamiltonian__L2__lr0.01__bs32__seed6,results/runs/pendigits_ablation_eigenvector-only/pendigits__dyn__symmetric-hamiltonian__L2__lr0.01__bs32__seed6_seed6,pendigits,dyn,symmetric-hamiltonian,2,6,0.01,32,2000,True,plus,True,False,1.1129370653072603,0.724,1.1876953873908365,0.7104059462550029,0.7613333333333333,1296.7999999999997,,22.90128445625305,,92,4,16,6e3df8c2ae7503394992a62eaa877ace7721f2bc,False
complete,pendigits,pendigits__dyn__symmetric-hamiltonian__L2__lr0.01__bs32__seed7,results/runs/pendigits_ablation_eigenvector-only/pendigits__dyn__symmetric-hamiltonian__L2__lr0.01__bs32__seed7_seed7,pendigits,dyn,symmetric-hamiltonian,2,7,0.01,32,2000,True,plus,True,False,1.1247092121792042,0.7733333333333333,1.1528678218847785,0.7415666094911378,0.7773333333333333,1351.5333333333333,,24.347488403320312,,92,4,16,6e3df8c2ae7503394992a62eaa877ace7721f2bc,False
complete,pendigits,pendigits__dyn__symmetric-hamiltonian__L2__lr0.01__bs32__seed8,results/runs/pendigits_ablation_eigenvector-only/pendigits__dyn__symmetric-hamiltonian__L2__lr0.01__bs32__seed8_seed8,pendigits,dyn,symmetric-hamiltonian,2,8,0.01,32,2000,True,plus,True,False,1.1227969870601844,0.7693333333333333,1.1663874624525952,0.7438536306460835,0.788,1370.866666666667,,24.141300439834595,,92,4,16,6e3df8c2ae7503394992a62eaa877ace7721f2bc,False
complete,pendigits,pendigits__dyn__symmetric-hamiltonian__L2__lr0.01__bs32__seed9,results/runs/pendigits_ablation_eigenvector-only/pendigits__dyn__symmetric-hamiltonian__L2__lr0.01__bs32__seed9_seed9,pendigits,dyn,symmetric-hamiltonian,2,9,0.01,32,2000,True,plus,True,False,1.2487455665646467,0.616,1.2562357355704235,0.5949113779302458,0.724,1162.0666666666666,,24.233951807022095,,92,4,16,6e3df8c2ae7503394992a62eaa877ace7721f2bc,False
complete,pendigits,pendigits__dyn__symmetric-hamiltonian__L32__lr0.01__bs32__seed0,results/runs/pendigits_ablation_eigenvector-only/pendigits__dyn__symmetric-hamiltonian__L32__lr0.01__bs32__seed0_seed0,pendigits,dyn,symmetric-hamiltonian,32,0,0.01,32,2000,True,plus,True,False,0.41672970494035727,0.9386666666666666,0.4970158988050213,0.9005145797598628,0.9506666666666667,1708.8666666666666,,180.20278191566467,,1472,4,16,0e89babf303b6e108f9a6e4687213f88b28c4e9d,False
complete,pendigits,pendigits__dyn__symmetric-hamiltonian__L32__lr0.01__bs32__seed10,results/runs/pendigits_ablation_eigenvector-only/pendigits__dyn__symmetric-hamiltonian__L32__lr0.01__bs32__seed10_seed10,pendigits,dyn,symmetric-hamiltonian,32,10,0.01,32,2000,True,plus,True,False,0.36813633470190577,0.956,0.4215767170053348,0.931961120640366,0.9586666666666667,1758.866666666667,,180.06955695152283,,1472,4,16,0e89babf303b6e108f9a6e4687213f88b28c4e9d,True
complete,pendigits,pendigits__dyn__symmetric-hamiltonian__L32__lr0.01__bs32__seed11,results/runs/pendigits_ablation_eigenvector-only/pendigits__dyn__symmetric-hamiltonian__L32__lr0.01__bs32__seed11_seed11,pendigits,dyn,symmetric-hamiltonian,32,11,0.01,32,2000,True,plus,True,False,0.34289126942428644,0.9493333333333334,0.4326774445544469,0.9202401372212693,0.968,1701.3333333333333,,179.43781280517578,,1472,4,16,6e3df8c2ae7503394992a62eaa877ace7721f2bc,False
complete,pendigits,pendigits__dyn__symmetric-hamiltonian__L32__lr0.01__bs32__seed12,results/runs/pendigits_ablation_eigenvector-only/pendigits__dyn__symmetric-hamiltonian__L32__lr0.01__bs32__seed12_seed12,pendigits,dyn,symmetric-hamiltonian,32,12,0.01,32,2000,True,plus,True,False,0.31952507534958297,0.9586666666666667,0.3969343925817567,0.9216695254431103,0.9586666666666667,1724.6666666666663,,180.05346417427063,,1472,4,16,6e3df8c2ae7503394992a62eaa877ace7721f2bc,False
complete,pendigits,pendigits__dyn__symmetric-hamiltonian__L32__lr0.01__bs32__seed13,results/runs/pendigits_ablation_eigenvector-only/pendigits__dyn__symmetric-hamiltonian__L32__lr0.01__bs32__seed13_seed13,pendigits,dyn,symmetric-hamiltonian,32,13,0.01,32,2000,True,plus,True,False,0.6340990265605245,0.9386666666666666,0.7170851799327501,0.8819325328759291,0.9613333333333334,1746.9333333333336,,180.08332085609436,,1472,4,16,6e3df8c2ae7503394992a62eaa877ace7721f2bc,False
complete,pendigits,pendigits__dyn__symmetric-hamiltonian__L32__lr0.01__bs32__seed14,results/runs/pendigits_ablation_eigenvector-only/pendigits__dyn__symmetric-hamiltonian__L32__lr0.01__bs32__seed14_seed14,pendigits,dyn,symmetric-hamiltonian,32,14,0.01,32,2000,True,plus,True,False,0.3404366940268124,0.9626666666666667,0.40740908799789866,0.9502572898799314,0.9626666666666667,1673.8666666666666,,178.82216382026672,,1472,4,16,6e3df8c2ae7503394992a62eaa877ace7721f2bc,False
complete,pendigits,pendigits__dyn__symmetric-hamiltonian__L32__lr0.01__bs32__seed15,results/runs/pendigits_ablation_eigenvector-only/pendigits__dyn__symmetric-hamiltonian__L32__lr0.01__bs32__seed15_seed15,pendigits,dyn,symmetric-hamiltonian,32,15,0.01,32,2000,True,plus,True,False,0.45466739875437634,0.9413333333333334,0.5336934211265333,0.8922241280731846,0.9613333333333334,1710.0666666666668,,177.72782802581787,,1472,4,16,6e3df8c2ae7503394992a62eaa877ace7721f2bc,False
complete,pendigits,pendigits__dyn__symmetric-hamiltonian__L32__lr0.01__bs32__seed16,results/runs/pendigits_ablation_eigenvector-only/pendigits__dyn__symmetric-hamiltonian__L32__lr0.01__bs32__seed16_seed16,pendigits,dyn,symmetric-hamiltonian,32,16,0.01,32,2000,True,plus,True,False,0.3190212061854978,0.9546666666666667,0.39464064991024705,0.9331046312178388,0.9693333333333334,1731.4,,179.48891735076904,,1472,4,16,6e3df8c2ae7503394992a62eaa877ace7721f2bc,False
complete,pendigits,pendigits__dyn__symmetric-hamiltonian__L32__lr0.01__bs32__seed17,results/runs/pendigits_ablation_eigenvector-only/pendigits__dyn__symmetric-hamiltonian__L32__lr0.01__bs32__seed17_seed17,pendigits,dyn,symmetric-hamiltonian,32,17,0.01,32,2000,True,plus,True,False,0.5348212431551759,0.936,0.5968637336499844,0.8916523727844483,0.9613333333333334,1748.5333333333333,,178.6284487247467,,1472,4,16,6e3df8c2ae7503394992a62eaa877ace7721f2bc,False
complete,pendigits,pendigits__dyn__symmetric-hamiltonian__L32__lr0.01__bs32__seed18,results/runs/pendigits_ablation_eigenvector-only/pendigits__dyn__symmetric-hamiltonian__L32__lr0.01__bs32__seed18_seed18,pendigits,dyn,symmetric-hamiltonian,32,18,0.01,32,2000,True,plus,True,False,0.3643102616755807,0.9613333333333334,0.43568253155899667,0.9268153230417381,0.964,1744.9333333333334,,178.75590777397156,,1472,4,16,6e3df8c2ae7503394992a62eaa877ace7721f2bc,False
complete,pendigits,pendigits__dyn__symmetric-hamiltonian__L32__lr0.01__bs32__seed19,results/runs/pendigits_ablation_eigenvector-only/pendigits__dyn__symmetric-hamiltonian__L32__lr0.01__bs32__seed19_seed19,pendigits,dyn,symmetric-hamiltonian,32,19,0.01,32,2000,True,plus,True,False,0.3857241677842183,0.9573333333333334,0.4715761044548131,0.9382504288164666,0.9653333333333334,1759.2666666666669,,180.45323967933655,,1472,4,16,6e3df8c2ae7503394992a62eaa877ace7721f2bc,False
complete,pendigits,pendigits__dyn__symmetric-hamiltonian__L32__lr0.01__bs32__seed1,results/runs/pendigits_ablation_eigenvector-only/pendigits__dyn__symmetric-hamiltonian__L32__lr0.01__bs32__seed1_seed1,pendigits,dyn,symmetric-hamiltonian,32,1,0.01,32,2000,True,plus,True,False,0.6236076471296041,0.9053333333333333,0.7005155974057677,0.8876500857632933,0.9573333333333334,1711.0666666666664,,180.1968138217926,,1472,4,16,0e89babf303b6e108f9a6e4687213f88b28c4e9d,True
complete,pendigits,pendigits__dyn__symmetric-hamiltonian__L32__lr0.01__bs32__seed2,results/runs/pendigits_ablation_eigenvector-only/pendigits__dyn__symmetric-hamiltonian__L32__lr0.01__bs32__seed2_seed2,pendigits,dyn,symmetric-hamiltonian,32,2,0.01,32,2000,True,plus,True,False,0.3507648489133335,0.9626666666666667,0.3949701270451367,0.9425385934819898,0.9626666666666667,1747.1333333333337,,178.96090412139893,,1472,4,16,6e3df8c2ae7503394992a62eaa877ace7721f2bc,False
complete,pendigits,pendigits__dyn__symmetric-hamiltonian__L32__lr0.01__bs32__seed3,results/runs/pendigits_ablation_eigenvector-only/pendigits__dyn__symmetric-hamiltonian__L32__lr0.01__bs32__seed3_seed3,pendigits,dyn,symmetric-hamiltonian,32,3,0.01,32,2000,True,plus,True,False,1.966588443754218,0.396,1.9881713842087056,0.3876500857632933,0.972,1729.466666666667,,180.1418116092682,,1472,4,16,6e3df8c2ae7503394992a62eaa877ace7721f2bc,False
complete,pendigits,pendigits__dyn__symmetric-hamiltonian__L32__lr0.01__bs32__seed4,results/runs/pendigits_ablation_eigenvector-only/pendigits__dyn__symmetric-hamiltonian__L32__lr0.01__bs32__seed4_seed4,pendigits,dyn,symmetric-hamiltonian,32,4,0.01,32,2000,True,plus,True,False,0.5840332469910154,0.9226666666666666,0.6308657691505428,0.8865065751858204,0.9586666666666667,1738.3333333333333,,178.78785181045532,,1472,4,16,6e3df8c2ae7503394992a62eaa877ace7721f2bc,False
complete,pendigits,pendigits__dyn__symmetric-hamiltonian__L32__lr0.01__bs32__seed5,results/runs/pendigits_ablation_eigenvector-only/pendigits__dyn__symmetric-hamiltonian__L32__lr0.01__bs32__seed5_seed5,pendigits,dyn,symmetric-hamiltonian,32,5,0.01,32,2000,True,plus,True,False,0.31992484411166583,0.9613333333333334,0.40108603076546007,0.9210977701543739,0.9613333333333334,1732.2,,178.78782439231873,,1472,4,16,6e3df8c2ae7503394992a62eaa877ace7721f2bc,False
complete,pendigits,pendigits__dyn__symmetric-hamiltonian__L32__lr0.01__bs32__seed6,results/runs/pendigits_ablation_eigenvector-only/pendigits__dyn__symmetric-hamiltonian__L32__lr0.01__bs32__seed6_seed6,pendigits,dyn,symmetric-hamiltonian,32,6,0.01,32,2000,True,plus,True,False,0.30426635680473607,0.9613333333333334,0.3533950345189471,0.9362492853058891,0.9693333333333334,1748.2000000000003,,179.84241724014282,,1472,4,16,6e3df8c2ae7503394992a62eaa877ace7721f2bc,False
complete,pendigits,pendigits__dyn__symmetric-hamiltonian__L32__lr0.01__bs32__seed7,results/runs/pendigits_ablation_eigenvector-only/pendigits__dyn__symmetric-hamiltonian__L32__lr0.01__bs32__seed7_seed7,pendigits,dyn,symmetric-hamiltonian,32,7,0.01,32,2000,True,plus,True,False,0.30583857966727457,0.9613333333333334,0.3735303552774065,0.9465408805031447,0.9666666666666667,1760.0666666666666,,180.28617334365845,,1472,4,16,6e3df8c2ae7503394992a62eaa877ace7721f2bc,False
complete,pendigits,pendigits__dyn__symmetric-hamiltonian__L32__lr0.01__bs32__seed8,results/runs/pendigits_ablation_eigenvector-only/pendigits__dyn__symmetric-hamiltonian__L32__lr0.01__bs32__seed8_seed8,pendigits,dyn,symmetric-hamiltonian,32,8,0.01,32,2000,True,plus,True,False,0.36285361179298553,0.944,0.4321330183071855,0.9208118925100057,0.964,1676.2,,179.6359462738037,,1472,4,16,6e3df8c2ae7503394992a62eaa877ace7721f2bc,False
complete,pendigits,pendigits__dyn__symmetric-hamiltonian__L32__lr0.01__bs32__seed9,results/runs/pendigits_ablation_eigenvector-only/pendigits__dyn__symmetric-hamiltonian__L32__lr0.01__bs32__seed9_seed9,pendigits,dyn,symmetric-hamiltonian,32,9,0.01,32,2000,True,plus,True,False,0.5089476237149223,0.94,0.5836405830256904,0.8810748999428245,0.956,1733.3333333333333,,179.9299795627594,,1472,4,16,6e3df8c2ae7503394992a62eaa877ace7721f2bc,False
complete,pendigits,pendigits__dyn__symmetric-hamiltonian__L4__lr0.01__bs32__seed0,results/runs/pendigits_ablation_eigenvector-only/pendigits__dyn__symmetric-hamiltonian__L4__lr0.01__bs32__seed0_seed0,pendigits,dyn,symmetric-hamiltonian,4,0,0.01,32,2000,True,plus,True,False,0.7085910845951148,0.912,0.7741422508984064,0.8524871355060034,0.92,1611.8666666666668,,34.16008496284485,,184,4,16,6e3df8c2ae7503394992a62eaa877ace7721f2bc,False
complete,pendigits,pendigits__dyn__symmetric-hamiltonian__L4__lr0.01__bs32__seed10,results/runs/pendigits_ablation_eigenvector-only/pendigits__dyn__symmetric-hamiltonian__L4__lr0.01__bs32__seed10_seed10,pendigits,dyn,symmetric-hamiltonian,4,10,0.01,32,2000,True,plus,True,False,0.7486573499436392,0.8986666666666666,0.8130908929966139,0.8490566037735849,0.8986666666666666,1604.3999999999996,,34.033649921417236,,184,4,16,6e3df8c2ae7503394992a62eaa877ace7721f2bc,False
complete,pendigits,pendigits__dyn__symmetric-hamiltonian__L4__lr0.01__bs32__seed11,results/runs/pendigits_ablation_eigenvector-only/pendigits__dyn__symmetric-hamiltonian__L4__lr0.01__bs32__seed11_seed11,pendigits,dyn,symmetric-hamiltonian,4,11,0.01,32,2000,True,plus,True,False,0.7393843410464459,0.8866666666666667,0.7930572414576322,0.8487707261292167,0.8893333333333333,1600.5333333333333,,33.32702922821045,,184,4,16,6e3df8c2ae7503394992a62eaa877ace7721f2bc,False
complete,pendigits,pendigits__dyn__symmetric-hamiltonian__L4__lr0.01__bs32__seed12,results/runs/pendigits_ablation_eigenvector-only/pendigits__dyn__symmetric-hamiltonian__L4__lr0.01__bs32__seed12_seed12,pendigits,dyn,symmetric-hamiltonian,4,12,0.01,32,2000,True,plus,True,False,0.7163910832715525,0.8786666666666667,0.7739922312321545,0.8436249285305889,0.8933333333333333,1602.8666666666666,,34.42400789260864,,184,4,16,6e3df8c2ae7503394992a62eaa877ace7721f2bc,False
complete,pendigits,pendigits__dyn__symmetric-hamiltonian__L4__lr0.01__bs32__seed13,results/runs/pendigits_ablation_eigenvector-only/pendigits__dyn__symmetric-hamiltonian__L4__lr0.01__bs32__seed13_seed13,pendigits,dyn,symmetric-hamiltonian,4,13,0.01,32,2000,True,plus,True,False,0.7330593167808568,0.8906666666666667,0.7701469632905091,0.857347055460263,0.8906666666666667,1591.8666666666663,,33.87495946884155,,184,4,16,6e3df8c2ae7503394992a62eaa877ace7721f2bc,False
complete,pendigits,pendigits__dyn__symmetric-hamiltonian__L4__lr0.01__bs32__seed14,results/runs/pendigits_ablation_eigenvector-only/pendigits__dyn__symmetric-hamiltonian__L4__lr0.01__bs32__seed14_seed14,pendigits,dyn,symmetric-hamiltonian,4,14,0.01,32,2000,True,plus,True,False,0.705078314954013,0.8746666666666667,0.7777912705163136,0.8156089193825042,0.9,1600.0666666666666,,33.7057785987854,,184,4,16,6e3df8c2ae7503394992a62eaa877ace7721f2bc,False
complete,pendigits,pendigits__dyn__symmetric-hamiltonian__L4__lr0.01__bs32__seed15,results/runs/pendigits_ablation_eigenvector-only/pendigits__dyn__symmetric-hamiltonian__L4__lr0.01__bs32__seed15_seed15,pendigits,dyn,symmetric-hamiltonian,4,15,0.01,32,2000,True,plus,True,False,0.7157335625452044,0.8786666666666667,0.7713399842667191,0.8487707261292167,0.8786666666666667,1594.6,,33.4602530002594,,184,4,16,6e3df8c2ae7503394992a62eaa877ace7721f2bc,False
complete,pendigits,pendigits__dyn__symmetric-hamiltonian__L4__lr0.01__bs32__seed16,results/runs/pendigits_ablation_eigenvector-only/pendigits__dyn__symmetric-hamiltonian__L4__lr0.01__bs32__seed16_seed16,pendigits,dyn,symmetric-hamiltonian,4,16,0.01,32,2000,True,plus,True,False,0.7493030872063827,0.8613333333333333,0.7914155295290132,0.8347627215551744,0.888,1604.9333333333334,,34.027193784713745,,184,4,16,6e3df8c2ae7503394992a62eaa877ace7721f2bc,False
complete,pendigits,pendigits__dyn__symmetric-hamiltonian__L4__lr0.01__bs32__seed17,results/runs/pendigits_ablation_eigenvector-only/pendigits__dyn__symmetric-hamiltonian__L4__lr0.01__bs32__seed17_seed17,pendigits,dyn,symmetric-hamiltonian,4,17,0.01,32,2000,True,plus,True,False,0.7209297772105389,0.892,0.790380429487911,0.8527730131503717,0.9066666666666666,1636.8666666666668,,33.436572313308716,,184,4,16,6e3df8c2ae7503394992a62eaa877ace7721f2bc,False
complete,pendigits,pendigits__dyn__symmetric-hamiltonian__L4__lr0.01__bs32__seed18,results/runs/pendigits_ablation_eigenvector-only/pendigits__dyn__symmetric-hamiltonian__L4__lr0.01__bs32__seed18_seed18,pendigits,dyn,symmetric-hamiltonian,4,18,0.01,32,2000,True,plus,True,False,0.746455558979339,0.892,0.8083788114762335,0.8370497427101201,0.892,1592.466666666667,,33.16452121734619,,184,4,16,6e3df8c2ae7503394992a62eaa877ace7721f2bc,False
complete,pendigits,pendigits__dyn__symmetric-hamiltonian__L4__lr0.01__bs32__seed19,results/runs/pendigits_ablation_eigenvector-only/pendigits__dyn__symmetric-hamiltonian__L4__lr0.01__bs32__seed19_seed19,pendigits,dyn,symmetric-hamiltonian,4,19,0.01,32,2000,True,plus,True,False,0.7054501508471472,0.8666666666666667,0.7956429871489145,0.8198970840480274,0.8826666666666667,1615.7333333333333,,33.09063124656677,,184,4,16,6e3df8c2ae7503394992a62eaa877ace7721f2bc,False
complete,pendigits,pendigits__dyn__symmetric-hamiltonian__L4__lr0.01__bs32__seed1,results/runs/pendigits_ablation_eigenvector-only/pendigits__dyn__symmetric-hamiltonian__L4__lr0.01__bs32__seed1_seed1,pendigits,dyn,symmetric-hamiltonian,4,1,0.01,32,2000,True,plus,True,False,0.724037587589568,0.876,0.8013920200420561,0.8350485991995426,0.8786666666666667,1612.4666666666665,,34.80262517929077,,184,4,16,6e3df8c2ae7503394992a62eaa877ace7721f2bc,False
complete,pendigits,pendigits__dyn__symmetric-hamiltonian__L4__lr0.01__bs32__seed2,results/runs/pendigits_ablation_eigenvector-only/pendigits__dyn__symmetric-hamiltonian__L4__lr0.01__bs32__seed2_seed2,pendigits,dyn,symmetric-hamiltonian,4,2,0.01,32,2000,True,plus,True,False,0.713216787518493,0.8706666666666667,0.8199955355150206,0.8238993710691824,0.8986666666666666,1635.733333333333,,34.507646322250366,,184,4,16,6e3df8c2ae7503394992a62eaa877ace7721f2bc,False
complete,pendigits,pendigits__dyn__symmetric-hamiltonian__L4__lr0.01__bs32__seed3,results/runs/pendigits_ablation_eigenvector-only/pendigits__dyn__symmetric-hamiltonian__L4__lr0.01__bs32__seed3_seed3,pendigits,dyn,symmetric-hamiltonian,4,3,0.01,32,2000,True,plus,True,False,0.7624498600260895,0.8613333333333333,0.8163463989680966,0.8238993710691824,0.8733333333333333,1573.6,,33.73302698135376,,184,4,16,6e3df8c2ae7503394992a62eaa877ace7721f2bc,False
complete,pendigits,pendigits__dyn__symmetric-hamiltonian__L4__lr0.01__bs32__seed4,results/runs/pendigits_ablation_eigenvector-only/pendigits__dyn__symmetric-hamiltonian__L4__lr0.01__bs32__seed4_seed4,pendigits,dyn,symmetric-hamiltonian,4,4,0.01,32,2000,True,plus,True,False,0.6988203918448025,0.8826666666666667,0.7713171269327757,0.8479130931961121,0.8933333333333333,1610.333333333333,,34.8775794506073,,184,4,16,6e3df8c2ae7503394992a62eaa877ace7721f2bc,False
complete,pendigits,pendigits__dyn__symmetric-hamiltonian__L4__lr0.01__bs32__seed5,results/runs/pendigits_ablation_eigenvector-only/pendigits__dyn__symmetric-hamiltonian__L4__lr0.01__bs32__seed5_seed5,pendigits,dyn,symmetric-hamiltonian,4,5,0.01,32,2000,True,plus,True,False,0.7222060353748426,0.8746666666666667,0.8170150351800812,0.8218982275586049,0.8893333333333333,1611.8666666666666,,33.775757789611816,,184,4,16,6e3df8c2ae7503394992a62eaa877ace7721f2bc,False
complete,pendigits,pendigits__dyn__symmetric-hamiltonian__L4__lr0.01__bs32__seed6,results/runs/pendigits_ablation_eigenvector-only/pendigits__dyn__symmetric-hamiltonian__L4__lr0.01__bs32__seed6_seed6,pendigits,dyn,symmetric-hamiltonian,4,6,0.01,32,2000,True,plus,True,False,0.7496566774297838,0.8946666666666667,0.7877608880223393,0.8739279588336192,0.8946666666666667,1601.0000000000002,,33.84012460708618,,184,4,16,6e3df8c2ae7503394992a62eaa877ace7721f2bc,False
complete,pendigits,pendigits__dyn__symmetric-hamiltonian__L4__lr0.01__bs32__seed7,results/runs/pendigits_ablation_eigenvector-only/pendigits__dyn__symmetric-hamiltonian__L4__lr0.01__bs32__seed7_seed7,pendigits,dyn,symmetric-hamiltonian,4,7,0.01,32,2000,True,plus,True,False,0.7313451090181806,0.8786666666666667,0.7952608130545588,0.8270440251572327,0.896,1587.6000000000001,,34.095335960388184,,184,4,16,6e3df8c2ae7503394992a62eaa877ace7721f2bc,False
complete,pendigits,pendigits__dyn__symmetric-hamiltonian__L4__lr0.01__bs32__seed8,results/runs/pendigits_ablation_eigenvector-only/pendigits__dyn__symmetric-hamiltonian__L4__lr0.01__bs32__seed8_seed8,pendigits,dyn,symmetric-hamiltonian,4,8,0.01,32,2000,True,plus,True,False,0.740097237383476,0.8693333333333333,0.7819564655838429,0.8273299028016009,0.872,1588.1333333333334,,34.10842251777649,,184,4,16,6e3df8c2ae7503394992a62eaa877ace7721f2bc,False
complete,pendigits,pendigits__dyn__symmetric-hamiltonian__L4__lr0.01__bs32__seed9,results/runs/pendigits_ablation_eigenvector-only/pendigits__dyn__symmetric-hamiltonian__L4__lr0.01__bs32__seed9_seed9,pendigits,dyn,symmetric-hamiltonian,4,9,0.01,32,2000,True,plus,True,False,0.7268946722534942,0.876,0.7688074692107133,0.8499142367066895,0.8986666666666666,1604.7333333333331,,33.693406105041504,,184,4,16,6e3df8c2ae7503394992a62eaa877ace7721f2bc,False
complete,pendigits,pendigits__dyn__symmetric-hamiltonian__L8__lr0.01__bs32__seed0,results/runs/pendigits_ablation_eigenvector-only/pendigits__dyn__symmetric-hamiltonian__L8__lr0.01__bs32__seed0_seed0,pendigits,dyn,symmetric-hamiltonian,8,0,0.01,32,2000,True,plus,True,False,0.4960879578192133,0.9413333333333334,0.5681158049180718,0.8970840480274442,0.9413333333333334,1695.5333333333335,,52.15768766403198,,368,4,16,6e3df8c2ae7503394992a62eaa877ace7721f2bc,False
complete,pendigits,pendigits__dyn__symmetric-hamiltonian__L8__lr0.01__bs32__seed10,results/runs/pendigits_ablation_eigenvector-only/pendigits__dyn__symmetric-hamiltonian__L8__lr0.01__bs32__seed10_seed10,pendigits,dyn,symmetric-hamiltonian,8,10,0.01,32,2000,True,plus,True,False,0.4940155644295261,0.924,0.5337784342780365,0.8967981703830761,0.9306666666666666,1692.3999999999999,,56.70111608505249,,368,4,16,6e3df8c2ae7503394992a62eaa877ace7721f2bc,False
complete,pendigits,pendigits__dyn__symmetric-hamiltonian__L8__lr0.01__bs32__seed11,results/runs/pendigits_ablation_eigenvector-only/pendigits__dyn__symmetric-hamiltonian__L8__lr0.01__bs32__seed11_seed11,pendigits,dyn,symmetric-hamiltonian,8,11,0.01,32,2000,True,plus,True,False,0.4946431297751493,0.924,0.529819236788468,0.902229845626072,0.924,1683.1333333333332,,54.84635329246521,,368,4,16,6e3df8c2ae7503394992a62eaa877ace7721f2bc,False
complete,pendigits,pendigits__dyn__symmetric-hamiltonian__L8__lr0.01__bs32__seed12,results/runs/pendigits_ablation_eigenvector-only/pendigits__dyn__symmetric-hamiltonian__L8__lr0.01__bs32__seed12_seed12,pendigits,dyn,symmetric-hamiltonian,8,12,0.01,32,2000,True,plus,True,False,0.5270227957433183,0.92,0.6173095706564239,0.875071469411092,0.9266666666666666,1663.4666666666665,,55.035932540893555,,368,4,16,6e3df8c2ae7503394992a62eaa877ace7721f2bc,False
complete,pendigits,pendigits__dyn__symmetric-hamiltonian__L8__lr0.01__bs32__seed13,results/runs/pendigits_ablation_eigenvector-only/pendigits__dyn__symmetric-hamiltonian__L8__lr0.01__bs32__seed13_seed13,pendigits,dyn,symmetric-hamiltonian,8,13,0.01,32,2000,True,plus,True,False,0.5592202126658545,0.9106666666666666,0.6057075683830128,0.8850771869639794,0.9213333333333333,1664.0666666666668,,54.089823484420776,,368,4,16,6e3df8c2ae7503394992a62eaa877ace7721f2bc,False
complete,pendigits,pendigits__dyn__symmetric-hamiltonian__L8__lr0.01__bs32__seed14,results/runs/pendigits_ablation_eigenvector-only/pendigits__dyn__symmetric-hamiltonian__L8__lr0.01__bs32__seed14_seed14,pendigits,dyn,symmetric-hamiltonian,8,14,0.01,32,2000,True,plus,True,False,0.599738655507904,0.88,0.704435490821913,0.8359062321326473,0.932,1674.6000000000001,,53.286431550979614,,368,4,16,6e3df8c2ae7503394992a62eaa877ace7721f2bc,False
complete,pendigits,pendigits__dyn__symmetric-hamiltonian__L8__lr0.01__bs32__seed15,results/runs/pendigits_ablation_eigenvector-only/pendigits__dyn__symmetric-hamiltonian__L8__lr0.01__bs32__seed15_seed15,pendigits,dyn,symmetric-hamiltonian,8,15,0.01,32,2000,True,plus,True,False,0.5035416329801425,0.9266666666666666,0.5826233215228068,0.8856489422527158,0.928,1703.0666666666664,,51.459437131881714,,368,4,16,6e3df8c2ae7503394992a62eaa877ace7721f2bc,False
complete,pendigits,pendigits__dyn__symmetric-hamiltonian__L8__lr0.01__bs32__seed16,results/runs/pendigits_ablation_eigenvector-only/pendigits__dyn__symmetric-hamiltonian__L8__lr0.01__bs32__seed16_seed16,pendigits,dyn,symmetric-hamiltonian,8,16,0.01,32,2000,True,plus,True,False,0.4879353347143849,0.9333333333333333,0.5358935303447693,0.8927958833619211,0.9426666666666667,1716.8,,54.84694004058838,,368,4,16,6e3df8c2ae7503394992a62eaa877ace7721f2bc,False
complete,pendigits,pendigits__dyn__symmetric-hamiltonian__L8__lr0.01__bs32__seed17,results/runs/pendigits_ablation_eigenvector-only/pendigits__dyn__symmetric-hamiltonian__L8__lr0.01__bs32__seed17_seed17,pendigits,dyn,symmetric-hamiltonian,8,17,0.01,32,2000,True,plus,True,False,0.5251551818645614,0.9173333333333333,0.5909636040645231,0.869639794168096,0.9226666666666666,1677.0000000000005,,54.633811473846436,,368,4,16,6e3df8c2ae7503394992a62eaa877ace7721f2bc,False
complete,pendigits,pendigits__dyn__symmetric-hamiltonian__L8__lr0.01__bs32__seed18,results/runs/pendigits_ablation_eigenvector-only/pendigits__dyn__symmetric-hamiltonian__L8__lr0.01__bs32__seed18_seed18,pendigits,dyn,symmetric-hamiltonian,8,18,0.01,32,2000,True,plus,True,False,0.5103565083573752,0.9253333333333333,0.5648441450746414,0.8896512292738707,0.9266666666666666,1689.7333333333333,,55.40588712692261,,368,4,16,6e3df8c2ae7503394992a62eaa877ace7721f2bc,False
complete,pendigits,pendigits__dyn__symmetric-hamiltonian__L8__lr0.01__bs32__seed19,results/runs/pendigits_ablation_eigenvector-only/pendigits__dyn__symmetric-hamiltonian__L8__lr0.01__bs32__seed19_seed19,pendigits,dyn,symmetric-hamiltonian,8,19,0.01,32,2000,True,plus,True,False,0.521128370325971,0.912,0.5774729693706303,0.8896512292738707,0.9293333333333333,1676.3333333333333,,54.73771524429321,,368,4,16,6e3df8c2ae7503394992a62eaa877ace7721f2bc,False
complete,pendigits,pendigits__dyn__symmetric-hamiltonian__L8__lr0.01__bs32__seed1,results/runs/pendigits_ablation_eigenvector-only/pendigits__dyn__symmetric-hamiltonian__L8__lr0.01__bs32__seed1_seed1,pendigits,dyn,symmetric-hamiltonian,8,1,0.01,32,2000,True,plus,True,False,0.504190444278174,0.9173333333333333,0.5707213465757894,0.8973699256718125,0.9333333333333333,1677.8666666666663,,55.285402059555054,,368,4,16,6e3df8c2ae7503394992a62eaa877ace7721f2bc,False
complete,pendigits,pendigits__dyn__symmetric-hamiltonian__L8__lr0.01__bs32__seed2,results/runs/pendigits_ablation_eigenvector-only/pendigits__dyn__symmetric-hamiltonian__L8__lr0.01__bs32__seed2_seed2,pendigits,dyn,symmetric-hamiltonian,8,2,0.01,32,2000,True,plus,True,False,0.5018080656627618,0.9333333333333333,0.5727228467023453,0.8825042881646655,0.9333333333333333,1707.3333333333335,,54.27317500114441,,368,4,16,6e3df8c2ae7503394992a62eaa877ace7721f2bc,False
complete,pendigits,pendigits__dyn__symmetric-hamiltonian__L8__lr0.01__bs32__seed3,results/runs/pendigits_ablation_eigenvector-only/pendigits__dyn__symmetric-hamiltonian__L8__lr0.01__bs32__seed3_seed3,pendigits,dyn,symmetric-hamiltonian,8,3,0.01,32,2000,True,plus,True,False,0.48568687917942094,0.9346666666666666,0.5544257109249471,0.8945111492281304,0.9346666666666666,1700.8666666666666,,55.02448344230652,,368,4,16,6e3df8c2ae7503394992a62eaa877ace7721f2bc,False
complete,pendigits,pendigits__dyn__symmetric-hamiltonian__L8__lr0.01__bs32__seed4,results/runs/pendigits_ablation_eigenvector-only/pendigits__dyn__symmetric-hamiltonian__L8__lr0.01__bs32__seed4_seed4,pendigits,dyn,symmetric-hamiltonian,8,4,0.01,32,2000,True,plus,True,False,0.5000289195894307,0.9146666666666666,0.5627063729894097,0.8833619210977701,0.928,1696.3333333333335,,53.02126455307007,,368,4,16,6e3df8c2ae7503394992a62eaa877ace7721f2bc,False
complete,pendigits,pendigits__dyn__symmetric-hamiltonian__L8__lr0.01__bs32__seed5,results/runs/pendigits_ablation_eigenvector-only/pendigits__dyn__symmetric-hamiltonian__L8__lr0.01__bs32__seed5_seed5,pendigits,dyn,symmetric-hamiltonian,8,5,0.01,32,2000,True,plus,True,False,0.49676584705411364,0.908,0.5918230844112626,0.868210405946255,0.9266666666666666,1657.0666666666668,,52.40618872642517,,368,4,16,6e3df8c2ae7503394992a62eaa877ace7721f2bc,False
complete,pendigits,pendigits__dyn__symmetric-hamiltonian__L8__lr0.01__bs32__seed6,results/runs/pendigits_ablation_eigenvector-only/pendigits__dyn__symmetric-hamiltonian__L8__lr0.01__bs32__seed6_seed6,pendigits,dyn,symmetric-hamiltonian,8,6,0.01,32,2000,True,plus,True,False,0.4963908832570695,0.924,0.5816214979230173,0.8925100057175529,0.928,1699.2,,52.27204942703247,,368,4,16,6e3df8c2ae7503394992a62eaa877ace7721f2bc,False
complete,pendigits,pendigits__dyn__symmetric-hamiltonian__L8__lr0.01__bs32__seed7,results/runs/pendigits_ablation_eigenvector-only/pendigits__dyn__symmetric-hamiltonian__L8__lr0.01__bs32__seed7_seed7,pendigits,dyn,symmetric-hamiltonian,8,7,0.01,32,2000,True,plus,True,False,0.7016319372142034,0.88,0.7927339571062225,0.8441966838193253,0.9253333333333333,1695.8,,56.87058448791504,,368,4,16,6e3df8c2ae7503394992a62eaa877ace7721f2bc,False
complete,pendigits,pendigits__dyn__symmetric-hamiltonian__L8__lr0.01__bs32__seed8,results/runs/pendigits_ablation_eigenvector-only/pendigits__dyn__symmetric-hamiltonian__L8__lr0.01__bs32__seed8_seed8,pendigits,dyn,symmetric-hamiltonian,8,8,0.01,32,2000,True,plus,True,False,0.4994766740260464,0.916,0.5538794081693469,0.8985134362492853,0.932,1692.2666666666669,,54.65987014770508,,368,4,16,6e3df8c2ae7503394992a62eaa877ace7721f2bc,False
complete,pendigits,pendigits__dyn__symmetric-hamiltonian__L8__lr0.01__bs32__seed9,results/runs/pendigits_ablation_eigenvector-only/pendigits__dyn__symmetric-hamiltonian__L8__lr0.01__bs32__seed9_seed9,pendigits,dyn,symmetric-hamiltonian,8,9,0.01,32,2000,True,plus,True,False,0.47793527406345665,0.9226666666666666,0.5456883935547047,0.8967981703830761,0.9226666666666666,1684.2000000000003,,54.944926738739014,,368,4,16,6e3df8c2ae7503394992a62eaa877ace7721f2bc,False
complete,pendigits,pendigits__sta4__symmetric-hamiltonian__L16__lr0.01__bs32__seed0,results/runs/pendigits_ablation_eigenvector-only/pendigits__sta4__symmetric-hamiltonian__L16__lr0.01__bs32__seed0_seed0,pendigits,sta4,symmetric-hamiltonian,16,0,0.01,32,2000,True,plus,True,False,1.048877339048943,0.716,1.0730948308772343,0.7129788450543167,0.7533333333333333,1185.2666666666664,,92.75122880935669,,736,4,16,6e3df8c2ae7503394992a62eaa877ace7721f2bc,False
complete,pendigits,pendigits__sta4__symmetric-hamiltonian__L16__lr0.01__bs32__seed10,results/runs/pendigits_ablation_eigenvector-only/pendigits__sta4__symmetric-hamiltonian__L16__lr0.01__bs32__seed10_seed10,pendigits,sta4,symmetric-hamiltonian,16,10,0.01,32,2000,True,plus,True,False,1.206855523572779,0.6666666666666666,1.2824477238393757,0.6446540880503144,0.7186666666666667,1160.0,,95.68567442893982,,736,4,16,6e3df8c2ae7503394992a62eaa877ace7721f2bc,False
complete,pendigits,pendigits__sta4__symmetric-hamiltonian__L16__lr0.01__bs32__seed11,results/runs/pendigits_ablation_eigenvector-only/pendigits__sta4__symmetric-hamiltonian__L16__lr0.01__bs32__seed11_seed11,pendigits,sta4,symmetric-hamiltonian,16,11,0.01,32,2000,True,plus,True,False,1.2315621332180209,0.668,1.207049015858918,0.6866781017724414,0.7253333333333334,1159.8666666666666,,95.06644654273987,,736,4,16,6e3df8c2ae7503394992a62eaa877ace7721f2bc,False
complete,pendigits,pendigits__sta4__symmetric-hamiltonian__L16__lr0.01__bs32__seed12,results/runs/pendigits_ablation_eigenvector-only/pendigits__sta4__symmetric-hamiltonian__L16__lr0.01__bs32__seed12_seed12,pendigits,sta4,symmetric-hamiltonian,16,12,0.01,32,2000,True,plus,True,False,1.3982132061991515,0.5866666666666667,1.3957077696610607,0.6046312178387651,0.708,1137.6,,94.73100066184998,,736,4,16,6e3df8c2ae7503394992a62eaa877ace7721f2bc,False
complete,pendigits,pendigits__sta4__symmetric-hamiltonian__L16__lr0.01__bs32__seed13,results/runs/pendigits_ablation_eigenvector-only/pendigits__sta4__symmetric-hamiltonian__L16__lr0.01__bs32__seed13_seed13,pendigits,sta4,symmetric-hamiltonian,16,13,0.01,32,2000,True,plus,True,False,1.0538168336843508,0.72,1.0505712319129763,0.7178387650085764,0.72,1071.1999999999998,,94.4352707862854,,736,4,16,6e3df8c2ae7503394992a62eaa877ace7721f2bc,False
complete,pendigits,pendigits__sta4__symmetric-hamiltonian__L16__lr0.01__bs32__seed14,results/runs/pendigits_ablation_eigenvector-only/pendigits__sta4__symmetric-hamiltonian__L16__lr0.01__bs32__seed14_seed14,pendigits,sta4,symmetric-hamiltonian,16,14,0.01,32,2000,True,plus,True,False,1.666291881715603,0.4866666666666667,1.717809782610779,0.4734133790737564,0.6946666666666667,1160.7333333333336,,95.74230241775513,,736,4,16,6e3df8c2ae7503394992a62eaa877ace7721f2bc,False
complete,pendigits,pendigits__sta4__symmetric-hamiltonian__L16__lr0.01__bs32__seed15,results/runs/pendigits_ablation_eigenvector-only/pendigits__sta4__symmetric-hamiltonian__L16__lr0.01__bs32__seed15_seed15,pendigits,sta4,symmetric-hamiltonian,16,15,0.01,32,2000,True,plus,True,False,1.2543193711821592,0.6853333333333333,1.310964546233576,0.6446540880503144,0.6973333333333334,1140.1333333333334,,95.13330411911011,,736,4,16,6e3df8c2ae7503394992a62eaa877ace7721f2bc,False
complete,pendigits,pendigits__sta4__symmetric-hamiltonian__L16__lr0.01__bs32__seed16,results/runs/pendigits_ablation_eigenvector-only/pendigits__sta4__symmetric-hamiltonian__L16__lr0.01__bs32__seed16_seed16,pendigits,sta4,symmetric-hamiltonian,16,16,0.01,32,2000,True,plus,True,False,1.2224719036430038,0.668,1.2409510519931668,0.6669525443110349,0.7013333333333334,1114.0000000000002,,93.91200947761536,,736,4,16,6e3df8c2ae7503394992a62eaa877ace7721f2bc,False
complete,pendigits,pendigits__sta4__symmetric-hamiltonian__L16__lr0.01__bs32__seed17,results/runs/pendigits_ablation_eigenvector-only/pendigits__sta4__symmetric-hamiltonian__L16__lr0.01__bs32__seed17_seed17,pendigits,sta4,symmetric-hamiltonian,16,17,0.01,32,2000,True,plus,True,False,1.3017799090509683,0.652,1.3996571182126665,0.6423670668953688,0.7066666666666667,1149.6666666666665,,95.86148953437805,,736,4,16,6e3df8c2ae7503394992a62eaa877ace7721f2bc,False
complete,pendigits,pendigits__sta4__symmetric-hamiltonian__L16__lr0.01__bs32__seed18,results/runs/pendigits_ablation_eigenvector-only/pendigits__sta4__symmetric-hamiltonian__L16__lr0.01__bs32__seed18_seed18,pendigits,sta4,symmetric-hamiltonian,16,18,0.01,32,2000,True,plus,True,False,1.0347584133005434,0.7186666666666667,1.0823901631444475,0.6952544311034877,0.7493333333333333,1186.6666666666665,,95.32589960098267,,736,4,16,6e3df8c2ae7503394992a62eaa877ace7721f2bc,False
complete,pendigits,pendigits__sta4__symmetric-hamiltonian__L16__lr0.01__bs32__seed19,results/runs/pendigits_ablation_eigenvector-only/pendigits__sta4__symmetric-hamiltonian__L16__lr0.01__bs32__seed19_seed19,pendigits,sta4,symmetric-hamiltonian,16,19,0.01,32,2000,True,plus,True,False,1.3359790669109555,0.608,1.399125198488493,0.6049170954831332,0.7106666666666667,1103.8666666666666,,95.19002079963684,,736,4,16,6e3df8c2ae7503394992a62eaa877ace7721f2bc,False
complete,pendigits,pendigits__sta4__symmetric-hamiltonian__L16__lr0.01__bs32__seed1,results/runs/pendigits_ablation_eigenvector-only/pendigits__sta4__symmetric-hamiltonian__L16__lr0.01__bs32__seed1_seed1,pendigits,sta4,symmetric-hamiltonian,16,1,0.01,32,2000,True,plus,True,False,1.1940083397805434,0.6813333333333333,1.2618925331635322,0.6612349914236707,0.7213333333333334,1114.7333333333333,,95.63791871070862,,736,4,16,6e3df8c2ae7503394992a62eaa877ace7721f2bc,False
complete,pendigits,pendigits__sta4__symmetric-hamiltonian__L16__lr0.01__bs32__seed2,results/runs/pendigits_ablation_eigenvector-only/pendigits__sta4__symmetric-hamiltonian__L16__lr0.01__bs32__seed2_seed2,pendigits,sta4,symmetric-hamiltonian,16,2,0.01,32,2000,True,plus,True,False,1.2783627225805387,0.6146666666666667,1.2943620178382835,0.6220697541452258,0.74,1090.9333333333334,,95.40675401687622,,736,4,16,6e3df8c2ae7503394992a62eaa877ace7721f2bc,False
complete,pendigits,pendigits__sta4__symmetric-hamiltonian__L16__lr0.01__bs32__seed3,results/runs/pendigits_ablation_eigenvector-only/pendigits__sta4__symmetric-hamiltonian__L16__lr0.01__bs32__seed3_seed3,pendigits,sta4,symmetric-hamiltonian,16,3,0.01,32,2000,True,plus,True,False,1.2189897317364027,0.6493333333333333,1.2512014406846075,0.641223556317896,0.7106666666666667,1108.6666666666667,,93.51422953605652,,736,4,16,6e3df8c2ae7503394992a62eaa877ace7721f2bc,False
complete,pendigits,pendigits__sta4__symmetric-hamiltonian__L16__lr0.01__bs32__seed4,results/runs/pendigits_ablation_eigenvector-only/pendigits__sta4__symmetric-hamiltonian__L16__lr0.01__bs32__seed4_seed4,pendigits,sta4,symmetric-hamiltonian,16,4,0.01,32,2000,True,plus,True,False,1.4382651863229494,0.5706666666666667,1.4346721030410419,0.5677530017152659,0.7066666666666667,1117.1333333333334,,95.66890239715576,,736,4,16,6e3df8c2ae7503394992a62eaa877ace7721f2bc,False
complete,pendigits,pendigits__sta4__symmetric-hamiltonian__L16__lr0.01__bs32__seed5,results/runs/pendigits_ablation_eigenvector-only/pendigits__sta4__symmetric-hamiltonian__L16__lr0.01__bs32__seed5_seed5,pendigits,sta4,symmetric-hamiltonian,16,5,0.01,32,2000,True,plus,True,False,1.3008221230377282,0.6373333333333333,1.3096055629783105,0.6246426529445397,0.7133333333333334,1093.0666666666666,,98.87333369255066,,736,4,16,6e3df8c2ae7503394992a62eaa877ace7721f2bc,False
complete,pendigits,pendigits__sta4__symmetric-hamiltonian__L16__lr0.01__bs32__seed6,results/runs/pendigits_ablation_eigenvector-only/pendigits__sta4__symmetric-hamiltonian__L16__lr0.01__bs32__seed6_seed6,pendigits,sta4,symmetric-hamiltonian,16,6,0.01,32,2000,True,plus,True,False,2.1816244117227046,0.2653333333333333,2.07281986559738,0.3056032018296169,0.7186666666666667,1097.7333333333336,,95.79396224021912,,736,4,16,6e3df8c2ae7503394992a62eaa877ace7721f2bc,False
complete,pendigits,pendigits__sta4__symmetric-hamiltonian__L16__lr0.01__bs32__seed7,results/runs/pendigits_ablation_eigenvector-only/pendigits__sta4__symmetric-hamiltonian__L16__lr0.01__bs32__seed7_seed7,pendigits,sta4,symmetric-hamiltonian,16,7,0.01,32,2000,True,plus,True,False,1.1235238621965333,0.7026666666666667,1.1780801954004803,0.6560891938250428,0.7026666666666667,1109.5333333333335,,94.40056228637695,,736,4,16,6e3df8c2ae7503394992a62eaa877ace7721f2bc,False
complete,pendigits,pendigits__sta4__symmetric-hamiltonian__L16__lr0.01__bs32__seed8,results/runs/pendigits_ablation_eigenvector-only/pendigits__sta4__symmetric-hamiltonian__L16__lr0.01__bs32__seed8_seed8,pendigits,sta4,symmetric-hamiltonian,16,8,0.01,32,2000,True,plus,True,False,1.1356841201207206,0.7186666666666667,1.1789691395551534,0.6878216123499142,0.7186666666666667,1140.8666666666666,,95.70922994613647,,736,4,16,6e3df8c2ae7503394992a62eaa877ace7721f2bc,False
complete,pendigits,pendigits__sta4__symmetric-hamiltonian__L16__lr0.01__bs32__seed9,results/runs/pendigits_ablation_eigenvector-only/pendigits__sta4__symmetric-hamiltonian__L16__lr0.01__bs32__seed9_seed9,pendigits,sta4,symmetric-hamiltonian,16,9,0.01,32,2000,True,plus,True,False,1.2986470218503983,0.6426666666666667,1.3168208486436885,0.6094911377930246,0.6893333333333334,1086.333333333333,,94.52727007865906,,736,4,16,6e3df8c2ae7503394992a62eaa877ace7721f2bc,False
complete,pendigits,pendigits__sta4__symmetric-hamiltonian__L1__lr0.01__bs32__seed0,results/runs/pendigits_ablation_eigenvector-only/pendigits__sta4__symmetric-hamiltonian__L1__lr0.01__bs32__seed0_seed0,pendigits,sta4,symmetric-hamiltonian,1,0,0.01,32,2000,True,plus,True,False,1.733686875425663,0.37466666666666665,1.7875728394094577,0.3296169239565466,0.4746666666666667,821.2666666666667,,18.605167627334595,,46,4,16,6e3df8c2ae7503394992a62eaa877ace7721f2bc,False
complete,pendigits,pendigits__sta4__symmetric-hamiltonian__L1__lr0.01__bs32__seed10,results/runs/pendigits_ablation_eigenvector-only/pendigits__sta4__symmetric-hamiltonian__L1__lr0.01__bs32__seed10_seed10,pendigits,sta4,symmetric-hamiltonian,1,10,0.01,32,2000,True,plus,True,False,1.7123135276498915,0.436,1.7677942031094565,0.42224128073184675,0.4866666666666667,831.8000000000002,,18.392643690109253,,46,4,16,6e3df8c2ae7503394992a62eaa877ace7721f2bc,False
complete,pendigits,pendigits__sta4__symmetric-hamiltonian__L1__lr0.01__bs32__seed11,results/runs/pendigits_ablation_eigenvector-only/pendigits__sta4__symmetric-hamiltonian__L1__lr0.01__bs32__seed11_seed11,pendigits,sta4,symmetric-hamiltonian,1,11,0.01,32,2000,True,plus,True,False,1.6965102792883262,0.436,1.7586218437467076,0.4142367066895369,0.488,835.3333333333333,,19.678351163864136,,46,4,16,6e3df8c2ae7503394992a62eaa877ace7721f2bc,False
complete,pendigits,pendigits__sta4__symmetric-hamiltonian__L1__lr0.01__bs32__seed12,results/runs/pendigits_ablation_eigenvector-only/pendigits__sta4__symmetric-hamiltonian__L1__lr0.01__bs32__seed12_seed12,pendigits,sta4,symmetric-hamiltonian,1,12,0.01,32,2000,True,plus,True,False,1.6997401920845205,0.44,1.757257253012103,0.40766152086906804,0.484,841.4,,18.221078634262085,,46,4,16,6e3df8c2ae7503394992a62eaa877ace7721f2bc,False
complete,pendigits,pendigits__sta4__symmetric-hamiltonian__L1__lr0.01__bs32__seed13,results/runs/pendigits_ablation_eigenvector-only/pendigits__sta4__symmetric-hamiltonian__L1__lr0.01__bs32__seed13_seed13,pendigits,sta4,symmetric-hamiltonian,1,13,0.01,32,2000,True,plus,True,False,1.7056031970489318,0.432,1.7491136735001322,0.4128073184676958,0.5013333333333333,837.8,,18.332443237304688,,46,4,16,6e3df8c2ae7503394992a62eaa877ace7721f2bc,False
complete,pendigits,pendigits__sta4__symmetric-hamiltonian__L1__lr0.01__bs32__seed14,results/runs/pendigits_ablation_eigenvector-only/pendigits__sta4__symmetric-hamiltonian__L1__lr0.01__bs32__seed14_seed14,pendigits,sta4,symmetric-hamiltonian,1,14,0.01,32,2000,True,plus,True,False,1.7085456068034006,0.47333333333333333,1.7523066917544523,0.4531160663236135,0.48533333333333334,821.0666666666667,,18.374043464660645,,46,4,16,6e3df8c2ae7503394992a62eaa877ace7721f2bc,False
complete,pendigits,pendigits__sta4__symmetric-hamiltonian__L1__lr0.01__bs32__seed15,results/runs/pendigits_ablation_eigenvector-only/pendigits__sta4__symmetric-hamiltonian__L1__lr0.01__bs32__seed15_seed15,pendigits,sta4,symmetric-hamiltonian,1,15,0.01,32,2000,True,plus,True,False,1.7189352300495648,0.45466666666666666,1.7660149577429536,0.4113779302458548,0.4826666666666667,832.4666666666668,,18.387890100479126,,46,4,16,6e3df8c2ae7503394992a62eaa877ace7721f2bc,False
complete,pendigits,pendigits__sta4__symmetric-hamiltonian__L1__lr0.01__bs32__seed16,results/runs/pendigits_ablation_eigenvector-only/pendigits__sta4__symmetric-hamiltonian__L1__lr0.01__bs32__seed16_seed16,pendigits,sta4,symmetric-hamiltonian,1,16,0.01,32,2000,True,plus,True,False,1.7259300579780925,0.43333333333333335,1.756735631903929,0.41966838193253286,0.5066666666666667,848.0,,19.632259368896484,,46,4,16,6e3df8c2ae7503394992a62eaa877ace7721f2bc,False
complete,pendigits,pendigits__sta4__symmetric-hamiltonian__L1__lr0.01__bs32__seed17,results/runs/pendigits_ablation_eigenvector-only/pendigits__sta4__symmetric-hamiltonian__L1__lr0.01__bs32__seed17_seed17,pendigits,sta4,symmetric-hamiltonian,1,17,0.01,32,2000,True,plus,True,False,1.7279624588671192,0.4666666666666667,1.792053140252786,0.4534019439679817,0.49866666666666665,855.0000000000001,,19.62555503845215,,46,4,16,6e3df8c2ae7503394992a62eaa877ace7721f2bc,False
complete,pendigits,pendigits__sta4__symmetric-hamiltonian__L1__lr0.01__bs32__seed18,results/runs/pendigits_ablation_eigenvector-only/pendigits__sta4__symmetric-hamiltonian__L1__lr0.01__bs32__seed18_seed18,pendigits,sta4,symmetric-hamiltonian,1,18,0.01,32,2000,True,plus,True,False,1.7018554488761628,0.46,1.7483430596914167,0.4396798170383076,0.508,852.6,,18.474398136138916,,46,4,16,6e3df8c2ae7503394992a62eaa877ace7721f2bc,False
complete,pendigits,pendigits__sta4__symmetric-hamiltonian__L1__lr0.01__bs32__seed19,results/runs/pendigits_ablation_eigenvector-only/pendigits__sta4__symmetric-hamiltonian__L1__lr0.01__bs32__seed19_seed19,pendigits,sta4,symmetric-hamiltonian,1,19,0.01,32,2000,True,plus,True,False,1.7339825202664223,0.448,1.7758494603975974,0.4119496855345912,0.49733333333333335,838.2666666666667,,18.587453603744507,,46,4,16,6e3df8c2ae7503394992a62eaa877ace7721f2bc,False
complete,pendigits,pendigits__sta4__symmetric-hamiltonian__L1__lr0.01__bs32__seed1,results/runs/pendigits_ablation_eigenvector-only/pendigits__sta4__symmetric-hamiltonian__L1__lr0.01__bs32__seed1_seed1,pendigits,sta4,symmetric-hamiltonian,1,1,0.01,32,2000,True,plus,True,False,1.7103070435850727,0.46,1.7601982101114089,0.41509433962264153,0.4786666666666667,831.6,,18.491471767425537,,46,4,16,6e3df8c2ae7503394992a62eaa877ace7721f2bc,False
complete,pendigits,pendigits__sta4__symmetric-hamiltonian__L1__lr0.01__bs32__seed2,results/runs/pendigits_ablation_eigenvector-only/pendigits__sta4__symmetric-hamiltonian__L1__lr0.01__bs32__seed2_seed2,pendigits,sta4,symmetric-hamiltonian,1,2,0.01,32,2000,True,plus,True,False,1.7196280481289392,0.4533333333333333,1.7386425390780744,0.44596912521440824,0.49866666666666665,844.6000000000001,,19.607726573944092,,46,4,16,6e3df8c2ae7503394992a62eaa877ace7721f2bc,False
complete,pendigits,pendigits__sta4__symmetric-hamiltonian__L1__lr0.01__bs32__seed3,results/runs/pendigits_ablation_eigenvector-only/pendigits__sta4__symmetric-hamiltonian__L1__lr0.01__bs32__seed3_seed3,pendigits,sta4,symmetric-hamiltonian,1,3,0.01,32,2000,True,plus,True,False,1.713820225962526,0.44533333333333336,1.7504423701011271,0.4514008004574042,0.48933333333333334,834.2,,18.2864351272583,,46,4,16,6e3df8c2ae7503394992a62eaa877ace7721f2bc,False
complete,pendigits,pendigits__sta4__symmetric-hamiltonian__L1__lr0.01__bs32__seed4,results/runs/pendigits_ablation_eigenvector-only/pendigits__sta4__symmetric-hamiltonian__L1__lr0.01__bs32__seed4_seed4,pendigits,sta4,symmetric-hamiltonian,1,4,0.01,32,2000,True,plus,True,False,1.7369683939776475,0.4266666666666667,1.739648748781868,0.44053744997141225,0.476,775.8666666666666,,18.530192136764526,,46,4,16,6e3df8c2ae7503394992a62eaa877ace7721f2bc,False
complete,pendigits,pendigits__sta4__symmetric-hamiltonian__L1__lr0.01__bs32__seed5,results/runs/pendigits_ablation_eigenvector-only/pendigits__sta4__symmetric-hamiltonian__L1__lr0.01__bs32__seed5_seed5,pendigits,sta4,symmetric-hamiltonian,1,5,0.01,32,2000,True,plus,True,False,1.7181296245491424,0.456,1.7632291461423761,0.4316752429959977,0.5013333333333333,861.1999999999999,,18.083954572677612,,46,4,16,6e3df8c2ae7503394992a62eaa877ace7721f2bc,False
complete,pendigits,pendigits__sta4__symmetric-hamiltonian__L1__lr0.01__bs32__seed6,results/runs/pendigits_ablation_eigenvector-only/pendigits__sta4__symmetric-hamiltonian__L1__lr0.01__bs32__seed6_seed6,pendigits,sta4,symmetric-hamiltonian,1,6,0.01,32,2000,True,plus,True,False,1.719075769018601,0.4706666666666667,1.7433330854897886,0.4508290451686678,0.4866666666666667,844.066666666667,,18.538846731185913,,46,4,16,6e3df8c2ae7503394992a62eaa877ace7721f2bc,False
complete,pendigits,pendigits__sta4__symmetric-hamiltonian__L1__lr0.01__bs32__seed7,results/runs/pendigits_ablation_eigenvector-only/pendigits__sta4__symmetric-hamiltonian__L1__lr0.01__bs32__seed7_seed7,pendigits,sta4,symmetric-hamiltonian,1,7,0.01,32,2000,True,plus,True,False,1.7209225631715435,0.45866666666666667,1.762155839606377,0.41909662664379643,0.4786666666666667,826.1333333333334,,18.556506395339966,,46,4,16,6e3df8c2ae7503394992a62eaa877ace7721f2bc,False
complete,pendigits,pendigits__sta4__symmetric-hamiltonian__L1__lr0.01__bs32__seed8,results/runs/pendigits_ablation_eigenvector-only/pendigits__sta4__symmetric-hamiltonian__L1__lr0.01__bs32__seed8_seed8,pendigits,sta4,symmetric-hamiltonian,1,8,0.01,32,2000,True,plus,True,False,1.7058419119386383,0.4706666666666667,1.7637546671973894,0.4559748427672956,0.4786666666666667,799.2000000000002,,18.457489490509033,,46,4,16,6e3df8c2ae7503394992a62eaa877ace7721f2bc,False
complete,pendigits,pendigits__sta4__symmetric-hamiltonian__L1__lr0.01__bs32__seed9,results/runs/pendigits_ablation_eigenvector-only/pendigits__sta4__symmetric-hamiltonian__L1__lr0.01__bs32__seed9_seed9,pendigits,sta4,symmetric-hamiltonian,1,9,0.01,32,2000,True,plus,True,False,1.7325115621317764,0.41333333333333333,1.789693576671365,0.3836477987421384,0.472,819.3333333333333,,19.73006296157837,,46,4,16,6e3df8c2ae7503394992a62eaa877ace7721f2bc,False
complete,pendigits,pendigits__sta4__symmetric-hamiltonian__L2__lr0.01__bs32__seed0,results/runs/pendigits_ablation_eigenvector-only/pendigits__sta4__symmetric-hamiltonian__L2__lr0.01__bs32__seed0_seed0,pendigits,sta4,symmetric-hamiltonian,2,0,0.01,32,2000,True,plus,True,False,1.368503186879566,0.596,1.4310597697897824,0.5806174957118353,0.6013333333333334,1049.4666666666667,,23.915194988250732,,92,4,16,6e3df8c2ae7503394992a62eaa877ace7721f2bc,False
complete,pendigits,pendigits__sta4__symmetric-hamiltonian__L2__lr0.01__bs32__seed10,results/runs/pendigits_ablation_eigenvector-only/pendigits__sta4__symmetric-hamiltonian__L2__lr0.01__bs32__seed10_seed10,pendigits,sta4,symmetric-hamiltonian,2,10,0.01,32,2000,True,plus,True,False,1.4278646203479253,0.596,1.4919055448866754,0.5506003430531733,0.6213333333333333,1046.7333333333333,,28.03044891357422,,92,4,16,6e3df8c2ae7503394992a62eaa877ace7721f2bc,False
complete,pendigits,pendigits__sta4__symmetric-hamiltonian__L2__lr0.01__bs32__seed11,results/runs/pendigits_ablation_eigenvector-only/pendigits__sta4__symmetric-hamiltonian__L2__lr0.01__bs32__seed11_seed11,pendigits,sta4,symmetric-hamiltonian,2,11,0.01,32,2000,True,plus,True,False,1.391753043895133,0.5653333333333334,1.4454058341452676,0.5506003430531733,0.5986666666666667,1073.1333333333332,,24.2040696144104,,92,4,16,6e3df8c2ae7503394992a62eaa877ace7721f2bc,False
complete,pendigits,pendigits__sta4__symmetric-hamiltonian__L2__lr0.01__bs32__seed12,results/runs/pendigits_ablation_eigenvector-only/pendigits__sta4__symmetric-hamiltonian__L2__lr0.01__bs32__seed12_seed12,pendigits,sta4,symmetric-hamiltonian,2,12,0.01,32,2000,True,plus,True,False,1.3844747194301765,0.5826666666666667,1.4244000815829352,0.5528873642081189,0.616,1068.8666666666668,,23.453177213668823,,92,4,16,6e3df8c2ae7503394992a62eaa877ace7721f2bc,False
complete,pendigits,pendigits__sta4__symmetric-hamiltonian__L2__lr0.01__bs32__seed13,results/runs/pendigits_ablation_eigenvector-only/pendigits__sta4__symmetric-hamiltonian__L2__lr0.01__bs32__seed13_seed13,pendigits,sta4,symmetric-hamiltonian,2,13,0.01,32,2000,True,plus,True,False,1.453871006702701,0.556,1.468824639077299,0.5634648370497427,0.6146666666666667,1017.2666666666665,,24.04309344291687,,92,4,16,6e3df8c2ae7503394992a62eaa877ace7721f2bc,False
complete,pendigits,pendigits__sta4__symmetric-hamiltonian__L2__lr0.01__bs32__seed14,results/runs/pendigits_ablation_eigenvector-only/pendigits__sta4__symmetric-hamiltonian__L2__lr0.01__bs32__seed14_seed14,pendigits,sta4,symmetric-hamiltonian,2,14,0.01,32,2000,True,plus,True,False,1.4635574873869504,0.5933333333333334,1.5063294521736004,0.561177815894797,0.5946666666666667,1036.9333333333332,,24.070210695266724,,92,4,16,6e3df8c2ae7503394992a62eaa877ace7721f2bc,False
complete,pendigits,pendigits__sta4__symmetric-hamiltonian__L2__lr0.01__bs32__seed15,results/runs/pendigits_ablation_eigenvector-only/pendigits__sta4__symmetric-hamiltonian__L2__lr0.01__bs32__seed15_seed15,pendigits,sta4,symmetric-hamiltonian,2,15,0.01,32,2000,True,plus,True,False,1.4064876272647793,0.62,1.4663397089367438,0.5771869639794168,0.62,1039.2,,24.20468544960022,,92,4,16,6e3df8c2ae7503394992a62eaa877ace7721f2bc,False
complete,pendigits,pendigits__sta4__symmetric-hamiltonian__L2__lr0.01__bs32__seed16,results/runs/pendigits_ablation_eigenvector-only/pendigits__sta4__symmetric-hamiltonian__L2__lr0.01__bs32__seed16_seed16,pendigits,sta4,symmetric-hamiltonian,2,16,0.01,32,2000,True,plus,True,False,1.4398084632582298,0.5826666666666667,1.5188117780294028,0.5634648370497427,0.5986666666666667,1012.6,,22.515697479248047,,92,4,16,6e3df8c2ae7503394992a62eaa877ace7721f2bc,False
complete,pendigits,pendigits__sta4__symmetric-hamiltonian__L2__lr0.01__bs32__seed17,results/runs/pendigits_ablation_eigenvector-only/pendigits__sta4__symmetric-hamiltonian__L2__lr0.01__bs32__seed17_seed17,pendigits,sta4,symmetric-hamiltonian,2,17,0.01,32,2000,True,plus,True,False,1.3978760738428258,0.5906666666666667,1.461514659577977,0.5637507146941109,0.6066666666666667,1073.2666666666667,,24.35985231399536,,92,4,16,6e3df8c2ae7503394992a62eaa877ace7721f2bc,False
complete,pendigits,pendigits__sta4__symmetric-hamiltonian__L2__lr0.01__bs32__seed18,results/runs/pendigits_ablation_eigenvector-only/pendigits__sta4__symmetric-hamiltonian__L2__lr0.01__bs32__seed18_seed18,pendigits,sta4,symmetric-hamiltonian,2,18,0.01,32,2000,True,plus,True,False,1.3985882436098458,0.6173333333333333,1.4793732186278867,0.5677530017152659,0.6173333333333333,1042.2,,23.925644397735596,,92,4,16,6e3df8c2ae7503394992a62eaa877ace7721f2bc,False
complete,pendigits,pendigits__sta4__symmetric-hamiltonian__L2__lr0.01__bs32__seed19,results/runs/pendigits_ablation_eigenvector-only/pendigits__sta4__symmetric-hamiltonian__L2__lr0.01__bs32__seed19_seed19,pendigits,sta4,symmetric-hamiltonian,2,19,0.01,32,2000,True,plus,True,False,1.6979771954409832,0.4653333333333333,1.6793363148302305,0.49199542595769014,0.6386666666666667,1046.8666666666668,,23.506352186203003,,92,4,16,6e3df8c2ae7503394992a62eaa877ace7721f2bc,False
complete,pendigits,pendigits__sta4__symmetric-hamiltonian__L2__lr0.01__bs32__seed1,results/runs/pendigits_ablation_eigenvector-only/pendigits__sta4__symmetric-hamiltonian__L2__lr0.01__bs32__seed1_seed1,pendigits,sta4,symmetric-hamiltonian,2,1,0.01,32,2000,True,plus,True,False,1.4451587617054231,0.592,1.431895953050889,0.6209262435677531,0.616,1048.3999999999999,,22.59588074684143,,92,4,16,6e3df8c2ae7503394992a62eaa877ace7721f2bc,False
complete,pendigits,pendigits__sta4__symmetric-hamiltonian__L2__lr0.01__bs32__seed2,results/runs/pendigits_ablation_eigenvector-only/pendigits__sta4__symmetric-hamiltonian__L2__lr0.01__bs32__seed2_seed2,pendigits,sta4,symmetric-hamiltonian,2,2,0.01,32,2000,True,plus,True,False,1.3685834478810182,0.5773333333333334,1.3741299865107577,0.5980560320182962,0.6226666666666667,1072.7333333333333,,22.692917823791504,,92,4,16,6e3df8c2ae7503394992a62eaa877ace7721f2bc,False
complete,pendigits,pendigits__sta4__symmetric-hamiltonian__L2__lr0.01__bs32__seed3,results/runs/pendigits_ablation_eigenvector-only/pendigits__sta4__symmetric-hamiltonian__L2__lr0.01__bs32__seed3_seed3,pendigits,sta4,symmetric-hamiltonian,2,3,0.01,32,2000,True,plus,True,False,1.4342291287791278,0.5706666666666667,1.4588525324837076,0.5797598627787307,0.6053333333333333,1063.7333333333331,,23.905017137527466,,92,4,16,6e3df8c2ae7503394992a62eaa877ace7721f2bc,False
complete,pendigits,pendigits__sta4__symmetric-hamiltonian__L2__lr0.01__bs32__seed4,results/runs/pendigits_ablation_eigenvector-only/pendigits__sta4__symmetric-hamiltonian__L2__lr0.01__bs32__seed4_seed4,pendigits,sta4,symmetric-hamiltonian,2,4,0.01,32,2000,True,plus,True,False,1.3805112589495105,0.6133333333333333,1.4242205808692414,0.5943396226415094,0.6133333333333333,1031.7333333333333,,23.880492448806763,,92,4,16,6e3df8c2ae7503394992a62eaa877ace7721f2bc,False
complete,pendigits,pendigits__sta4__symmetric-hamiltonian__L2__lr0.01__bs32__seed5,results/runs/pendigits_ablation_eigenvector-only/pendigits__sta4__symmetric-hamiltonian__L2__lr0.01__bs32__seed5_seed5,pendigits,sta4,symmetric-hamiltonian,2,5,0.01,32,2000,True,plus,True,False,1.4566317732472507,0.612,1.4402493042319273,0.5943396226415094,0.6293333333333333,1046.2666666666667,,22.511749982833862,,92,4,16,6e3df8c2ae7503394992a62eaa877ace7721f2bc,False
complete,pendigits,pendigits__sta4__symmetric-hamiltonian__L2__lr0.01__bs32__seed6,results/runs/pendigits_ablation_eigenvector-only/pendigits__sta4__symmetric-hamiltonian__L2__lr0.01__bs32__seed6_seed6,pendigits,sta4,symmetric-hamiltonian,2,6,0.01,32,2000,True,plus,True,False,1.3811183142221162,0.6173333333333333,1.4171299814845641,0.5800457404230989,0.6293333333333333,1052.4666666666665,,23.663614988327026,,92,4,16,6e3df8c2ae7503394992a62eaa877ace7721f2bc,False
complete,pendigits,pendigits__sta4__symmetric-hamiltonian__L2__lr0.01__bs32__seed7,results/runs/pendigits_ablation_eigenvector-only/pendigits__sta4__symmetric-hamiltonian__L2__lr0.01__bs32__seed7_seed7,pendigits,sta4,symmetric-hamiltonian,2,7,0.01,32,2000,True,plus,True,False,1.4016719537200109,0.5813333333333334,1.4225521256730307,0.5811892510005717,0.604,1051.0,,24.12044596672058,,92,4,16,6e3df8c2ae7503394992a62eaa877ace7721f2bc,False
complete,pendigits,pendigits__sta4__symmetric-hamiltonian__L2__lr0.01__bs32__seed8,results/runs/pendigits_ablation_eigenvector-only/pendigits__sta4__symmetric-hamiltonian__L2__lr0.01__bs32__seed8_seed8,pendigits,sta4,symmetric-hamiltonian,2,8,0.01,32,2000,True,plus,True,False,1.3690458255820024,0.56,1.4519215921793236,0.5683247570040023,0.6106666666666667,1067.8000000000002,,22.142842531204224,,92,4,16,6e3df8c2ae7503394992a62eaa877ace7721f2bc,False
complete,pendigits,pendigits__sta4__symmetric-hamiltonian__L2__lr0.01__bs32__seed9,results/runs/pendigits_ablation_eigenvector-only/pendigits__sta4__symmetric-hamiltonian__L2__lr0.01__bs32__seed9_seed9,pendigits,sta4,symmetric-hamiltonian,2,9,0.01,32,2000,True,plus,True,False,1.3709089812457476,0.6146666666666667,1.4308542116240788,0.5743281875357347,0.62,1016.6666666666666,,24.675904035568237,,92,4,16,6e3df8c2ae7503394992a62eaa877ace7721f2bc,False
complete,pendigits,pendigits__sta4__symmetric-hamiltonian__L32__lr0.01__bs32__seed0,results/runs/pendigits_ablation_eigenvector-only/pendigits__sta4__symmetric-hamiltonian__L32__lr0.01__bs32__seed0_seed0,pendigits,sta4,symmetric-hamiltonian,32,0,0.01,32,2000,True,plus,True,False,2.1867487639269934,0.26266666666666666,2.1980582558904955,0.2701543739279588,0.7,985.6666666666666,,183.49858617782593,,1472,4,16,0e89babf303b6e108f9a6e4687213f88b28c4e9d,False
complete,pendigits,pendigits__sta4__symmetric-hamiltonian__L32__lr0.01__bs32__seed10,results/runs/pendigits_ablation_eigenvector-only/pendigits__sta4__symmetric-hamiltonian__L32__lr0.01__bs32__seed10_seed10,pendigits,sta4,symmetric-hamiltonian,32,10,0.01,32,2000,True,plus,True,False,1.060246659496003,0.7293333333333333,1.0770831000970604,0.7001143510577473,0.7293333333333333,1017.0000000000002,,181.5289797782898,,1472,4,16,0e89babf303b6e108f9a6e4687213f88b28c4e9d,False
complete,pendigits,pendigits__sta4__symmetric-hamiltonian__L32__lr0.01__bs32__seed11,results/runs/pendigits_ablation_eigenvector-only/pendigits__sta4__symmetric-hamiltonian__L32__lr0.01__bs32__seed11_seed11,pendigits,sta4,symmetric-hamiltonian,32,11,0.01,32,2000,True,plus,True,False,1.4469528873523214,0.532,1.4659228309038095,0.5457404230989137,0.6786666666666666,1030.7333333333333,,182.32358646392822,,1472,4,16,0e89babf303b6e108f9a6e4687213f88b28c4e9d,False
complete,pendigits,pendigits__sta4__symmetric-hamiltonian__L32__lr0.01__bs32__seed12,results/runs/pendigits_ablation_eigenvector-only/pendigits__sta4__symmetric-hamiltonian__L32__lr0.01__bs32__seed12_seed12,pendigits,sta4,symmetric-hamiltonian,32,12,0.01,32,2000,True,plus,True,False,1.1961765881784854,0.6826666666666666,1.232892822040006,0.660377358490566,0.7533333333333333,1143.9333333333332,,182.36779952049255,,1472,4,16,0e89babf303b6e108f9a6e4687213f88b28c4e9d,False
complete,pendigits,pendigits__sta4__symmetric-hamiltonian__L32__lr0.01__bs32__seed13,results/runs/pendigits_ablation_eigenvector-only/pendigits__sta4__symmetric-hamiltonian__L32__lr0.01__bs32__seed13_seed13,pendigits,sta4,symmetric-hamiltonian,32,13,0.01,32,2000,True,plus,True,False,1.0542712926117146,0.6973333333333334,1.0417486620741547,0.7166952544311035,0.7213333333333334,982.3333333333333,,181.80502486228943,,1472,4,16,0e89babf303b6e108f9a6e4687213f88b28c4e9d,False
complete,pendigits,pendigits__sta4__symmetric-hamiltonian__L32__lr0.01__bs32__seed14,results/runs/pendigits_ablation_eigenvector-only/pendigits__sta4__symmetric-hamiltonian__L32__lr0.01__bs32__seed14_seed14,pendigits,sta4,symmetric-hamiltonian,32,14,0.01,32,2000,True,plus,True,False,1.175343622780412,0.6706666666666666,1.1927015705703081,0.6726700971983991,0.6986666666666667,971.3333333333333,,182.84886407852173,,1472,4,16,0e89babf303b6e108f9a6e4687213f88b28c4e9d,False
complete,pendigits,pendigits__sta4__symmetric-hamiltonian__L32__lr0.01__bs32__seed15,results/runs/pendigits_ablation_eigenvector-only/pendigits__sta4__symmetric-hamiltonian__L32__lr0.01__bs32__seed15_seed15,pendigits,sta4,symmetric-hamiltonian,32,15,0.01,32,2000,True,plus,True,False,1.6255887673236924,0.5106666666666667,1.6450344537526564,0.4888507718696398,0.6946666666666667,1035.0666666666666,,181.63277125358582,,1472,4,16,0e89babf303b6e108f9a6e4687213f88b28c4e9d,False
complete,pendigits,pendigits__sta4__symmetric-hamiltonian__L32__lr0.01__bs32__seed16,results/runs/pendigits_ablation_eigenvector-only/pendigits__sta4__symmetric-hamiltonian__L32__lr0.01__bs32__seed16_seed16,pendigits,sta4,symmetric-hamiltonian,32,16,0.01,32,2000,True,plus,True,False,0.9485040603689198,0.732,0.976833768788071,0.7301315037164093,0.736,1021.6666666666666,,180.18683624267578,,1472,4,16,0e89babf303b6e108f9a6e4687213f88b28c4e9d,False
complete,pendigits,pendigits__sta4__symmetric-hamiltonian__L32__lr0.01__bs32__seed17,results/runs/pendigits_ablation_eigenvector-only/pendigits__sta4__symmetric-hamiltonian__L32__lr0.01__bs32__seed17_seed17,pendigits,sta4,symmetric-hamiltonian,32,17,0.01,32,2000,True,plus,True,False,1.0755862861654821,0.7533333333333333,1.1249920108939466,0.70926243567753,0.764,1016.1999999999998,,181.74796056747437,,1472,4,16,0e89babf303b6e108f9a6e4687213f88b28c4e9d,False
complete,pendigits,pendigits__sta4__symmetric-hamiltonian__L32__lr0.01__bs32__seed18,results/runs/pendigits_ablation_eigenvector-only/pendigits__sta4__symmetric-hamiltonian__L32__lr0.01__bs32__seed18_seed18,pendigits,sta4,symmetric-hamiltonian,32,18,0.01,32,2000,True,plus,True,False,1.5235769580153962,0.5533333333333333,1.4787708694722146,0.5657518582046884,0.7133333333333334,983.6000000000003,,181.4261336326599,,1472,4,16,0e89babf303b6e108f9a6e4687213f88b28c4e9d,False
complete,pendigits,pendigits__sta4__symmetric-hamiltonian__L32__lr0.01__bs32__seed19,results/runs/pendigits_ablation_eigenvector-only/pendigits__sta4__symmetric-hamiltonian__L32__lr0.01__bs32__seed19_seed19,pendigits,sta4,symmetric-hamiltonian,32,19,0.01,32,2000,True,plus,True,False,1.3259541656125113,0.6053333333333333,1.352244547964677,0.5966266437964551,0.6706666666666666,959.4666666666665,,182.89971327781677,,1472,4,16,0e89babf303b6e108f9a6e4687213f88b28c4e9d,False
complete,pendigits,pendigits__sta4__symmetric-hamiltonian__L32__lr0.01__bs32__seed1,results/runs/pendigits_ablation_eigenvector-only/pendigits__sta4__symmetric-hamiltonian__L32__lr0.01__bs32__seed1_seed1,pendigits,sta4,symmetric-hamiltonian,32,1,0.01,32,2000,True,plus,True,False,1.008152237846234,0.7466666666666667,1.0598835238713942,0.7378502001143511,0.7466666666666667,1009.2000000000002,,182.5749249458313,,1472,4,16,0e89babf303b6e108f9a6e4687213f88b28c4e9d,False
complete,pendigits,pendigits__sta4__symmetric-hamiltonian__L32__lr0.01__bs32__seed2,results/runs/pendigits_ablation_eigenvector-only/pendigits__sta4__symmetric-hamiltonian__L32__lr0.01__bs32__seed2_seed2,pendigits,sta4,symmetric-hamiltonian,32,2,0.01,32,2000,True,plus,True,False,1.4380034542154116,0.588,1.4616379834186695,0.5691823899371069,0.6613333333333333,909.2,,182.37925386428833,,1472,4,16,0e89babf303b6e108f9a6e4687213f88b28c4e9d,False
complete,pendigits,pendigits__sta4__symmetric-hamiltonian__L32__lr0.01__bs32__seed3,results/runs/pendigits_ablation_eigenvector-only/pendigits__sta4__symmetric-hamiltonian__L32__lr0.01__bs32__seed3_seed3,pendigits,sta4,symmetric-hamiltonian,32,3,0.01,32,2000,True,plus,True,False,1.525543143122286,0.5466666666666666,1.5899718598880668,0.5254431103487708,0.6866666666666666,906.9333333333334,,181.22706699371338,,1472,4,16,0e89babf303b6e108f9a6e4687213f88b28c4e9d,False
complete,pendigits,pendigits__sta4__symmetric-hamiltonian__L32__lr0.01__bs32__seed4,results/runs/pendigits_ablation_eigenvector-only/pendigits__sta4__symmetric-hamiltonian__L32__lr0.01__bs32__seed4_seed4,pendigits,sta4,symmetric-hamiltonian,32,4,0.01,32,2000,True,plus,True,False,1.2994100714754622,0.588,1.3071987241446514,0.6112064036592338,0.6373333333333333,919.8666666666666,,182.34421563148499,,1472,4,16,0e89babf303b6e108f9a6e4687213f88b28c4e9d,False
complete,pendigits,pendigits__sta4__symmetric-hamiltonian__L32__lr0.01__bs32__seed5,results/runs/pendigits_ablation_eigenvector-only/pendigits__sta4__symmetric-hamiltonian__L32__lr0.01__bs32__seed5_seed5,pendigits,sta4,symmetric-hamiltonian,32,5,0.01,32,2000,True,plus,True,False,1.508965163759755,0.532,1.546784716074851,0.551743853630646,0.6946666666666667,1000.2,,182.3973205089569,,1472,4,16,0e89babf303b6e108f9a6e4687213f88b28c4e9d,False
complete,pendigits,pendigits__sta4__symmetric-hamiltonian__L32__lr0.01__bs32__seed6,results/runs/pendigits_ablation_eigenvector-only/pendigits__sta4__symmetric-hamiltonian__L32__lr0.01__bs32__seed6_seed6,pendigits,sta4,symmetric-hamiltonian,32,6,0.01,32,2000,True,plus,True,False,1.248315348627764,0.6813333333333333,1.2651214167573785,0.6706689536878216,0.7,1065.6,,180.12332820892334,,1472,4,16,0e89babf303b6e108f9a6e4687213f88b28c4e9d,False
complete,pendigits,pendigits__sta4__symmetric-hamiltonian__L32__lr0.01__bs32__seed7,results/runs/pendigits_ablation_eigenvector-only/pendigits__sta4__symmetric-hamiltonian__L32__lr0.01__bs32__seed7_seed7,pendigits,sta4,symmetric-hamiltonian,32,7,0.01,32,2000,True,plus,True,False,1.4743169814273542,0.56,1.519673253085871,0.5294453973699257,0.6546666666666666,920.8666666666668,,181.3794651031494,,1472,4,16,0e89babf303b6e108f9a6e4687213f88b28c4e9d,False
complete,pendigits,pendigits__sta4__symmetric-hamiltonian__L32__lr0.01__bs32__seed8,results/runs/pendigits_ablation_eigenvector-only/pendigits__sta4__symmetric-hamiltonian__L32__lr0.01__bs32__seed8_seed8,pendigits,sta4,symmetric-hamiltonian,32,8,0.01,32,2000,True,plus,True,False,1.3783023760158488,0.608,1.4233106330759129,0.5943396226415094,0.6933333333333334,979.6666666666666,,183.1318051815033,,1472,4,16,0e89babf303b6e108f9a6e4687213f88b28c4e9d,False
complete,pendigits,pendigits__sta4__symmetric-hamiltonian__L32__lr0.01__bs32__seed9,results/runs/pendigits_ablation_eigenvector-only/pendigits__sta4__symmetric-hamiltonian__L32__lr0.01__bs32__seed9_seed9,pendigits,sta4,symmetric-hamiltonian,32,9,0.01,32,2000,True,plus,True,False,1.780457585568071,0.4533333333333333,1.8043173677798572,0.44368210405946257,0.6613333333333333,927.6666666666666,,181.55029368400574,,1472,4,16,0e89babf303b6e108f9a6e4687213f88b28c4e9d,False
complete,pendigits,pendigits__sta4__symmetric-hamiltonian__L4__lr0.01__bs32__seed0,results/runs/pendigits_ablation_eigenvector-only/pendigits__sta4__symmetric-hamiltonian__L4__lr0.01__bs32__seed0_seed0,pendigits,sta4,symmetric-hamiltonian,4,0,0.01,32,2000,True,plus,True,False,1.1737169302044455,0.6813333333333333,1.2185358158855957,0.6566609491137793,0.6906666666666667,1205.7999999999997,,33.70763635635376,,184,4,16,6e3df8c2ae7503394992a62eaa877ace7721f2bc,False
complete,pendigits,pendigits__sta4__symmetric-hamiltonian__L4__lr0.01__bs32__seed10,results/runs/pendigits_ablation_eigenvector-only/pendigits__sta4__symmetric-hamiltonian__L4__lr0.01__bs32__seed10_seed10,pendigits,sta4,symmetric-hamiltonian,4,10,0.01,32,2000,True,plus,True,False,1.2241316737624242,0.668,1.2687999164242099,0.6492281303602059,0.6906666666666667,1167.5333333333333,,34.183818101882935,,184,4,16,6e3df8c2ae7503394992a62eaa877ace7721f2bc,False
complete,pendigits,pendigits__sta4__symmetric-hamiltonian__L4__lr0.01__bs32__seed11,results/runs/pendigits_ablation_eigenvector-only/pendigits__sta4__symmetric-hamiltonian__L4__lr0.01__bs32__seed11_seed11,pendigits,sta4,symmetric-hamiltonian,4,11,0.01,32,2000,True,plus,True,False,1.1932041268821532,0.6573333333333333,1.232096800531286,0.6477987421383647,0.6573333333333333,1161.7333333333333,,33.62596011161804,,184,4,16,6e3df8c2ae7503394992a62eaa877ace7721f2bc,False
complete,pendigits,pendigits__sta4__symmetric-hamiltonian__L4__lr0.01__bs32__seed12,results/runs/pendigits_ablation_eigenvector-only/pendigits__sta4__symmetric-hamiltonian__L4__lr0.01__bs32__seed12_seed12,pendigits,sta4,symmetric-hamiltonian,4,12,0.01,32,2000,True,plus,True,False,1.1544913549639586,0.6746666666666666,1.2133054146642495,0.6406518010291595,0.684,1210.3333333333337,,33.561898708343506,,184,4,16,6e3df8c2ae7503394992a62eaa877ace7721f2bc,False
complete,pendigits,pendigits__sta4__symmetric-hamiltonian__L4__lr0.01__bs32__seed13,results/runs/pendigits_ablation_eigenvector-only/pendigits__sta4__symmetric-hamiltonian__L4__lr0.01__bs32__seed13_seed13,pendigits,sta4,symmetric-hamiltonian,4,13,0.01,32,2000,True,plus,True,False,1.225820089494796,0.6573333333333333,1.2793522684167549,0.6463693539165237,0.688,1203.4,,33.42265820503235,,184,4,16,6e3df8c2ae7503394992a62eaa877ace7721f2bc,False
complete,pendigits,pendigits__sta4__symmetric-hamiltonian__L4__lr0.01__bs32__seed14,results/runs/pendigits_ablation_eigenvector-only/pendigits__sta4__symmetric-hamiltonian__L4__lr0.01__bs32__seed14_seed14,pendigits,sta4,symmetric-hamiltonian,4,14,0.01,32,2000,True,plus,True,False,1.1614602010305162,0.6946666666666667,1.2332290837000965,0.6526586620926244,0.6946666666666667,1216.6666666666667,,33.65523934364319,,184,4,16,6e3df8c2ae7503394992a62eaa877ace7721f2bc,False
complete,pendigits,pendigits__sta4__symmetric-hamiltonian__L4__lr0.01__bs32__seed15,results/runs/pendigits_ablation_eigenvector-only/pendigits__sta4__symmetric-hamiltonian__L4__lr0.01__bs32__seed15_seed15,pendigits,sta4,symmetric-hamiltonian,4,15,0.01,32,2000,True,plus,True,False,1.2244164133588082,0.6666666666666666,1.2523802665912405,0.6689536878216124,0.68,1216.4,,33.6512565612793,,184,4,16,6e3df8c2ae7503394992a62eaa877ace7721f2bc,False
complete,pendigits,pendigits__sta4__symmetric-hamiltonian__L4__lr0.01__bs32__seed16,results/runs/pendigits_ablation_eigenvector-only/pendigits__sta4__symmetric-hamiltonian__L4__lr0.01__bs32__seed16_seed16,pendigits,sta4,symmetric-hamiltonian,4,16,0.01,32,2000,True,plus,True,False,1.276064138928307,0.6453333333333333,1.277170011439608,0.6638078902229846,0.684,1189.1333333333334,,33.905144691467285,,184,4,16,6e3df8c2ae7503394992a62eaa877ace7721f2bc,False
complete,pendigits,pendigits__sta4__symmetric-hamiltonian__L4__lr0.01__bs32__seed17,results/runs/pendigits_ablation_eigenvector-only/pendigits__sta4__symmetric-hamiltonian__L4__lr0.01__bs32__seed17_seed17,pendigits,sta4,symmetric-hamiltonian,4,17,0.01,32,2000,True,plus,True,False,1.2128722048358487,0.644,1.2290025712522339,0.6609491137793024,0.6666666666666666,1178.0,,34.2433295249939,,184,4,16,6e3df8c2ae7503394992a62eaa877ace7721f2bc,False
complete,pendigits,pendigits__sta4__symmetric-hamiltonian__L4__lr0.01__bs32__seed18,results/runs/pendigits_ablation_eigenvector-only/pendigits__sta4__symmetric-hamiltonian__L4__lr0.01__bs32__seed18_seed18,pendigits,sta4,symmetric-hamiltonian,4,18,0.01,32,2000,True,plus,True,False,1.2039856052642393,0.6653333333333333,1.2526294176660662,0.6618067467124071,0.6733333333333333,1164.9333333333332,,33.70296883583069,,184,4,16,6e3df8c2ae7503394992a62eaa877ace7721f2bc,False
complete,pendigits,pendigits__sta4__symmetric-hamiltonian__L4__lr0.01__bs32__seed19,results/runs/pendigits_ablation_eigenvector-only/pendigits__sta4__symmetric-hamiltonian__L4__lr0.01__bs32__seed19_seed19,pendigits,sta4,symmetric-hamiltonian,4,19,0.01,32,2000,True,plus,True,False,1.2200836788350735,0.644,1.2727915982448925,0.6152086906803887,0.68,1178.4666666666667,,34.583993434906006,,184,4,16,6e3df8c2ae7503394992a62eaa877ace7721f2bc,False
complete,pendigits,pendigits__sta4__symmetric-hamiltonian__L4__lr0.01__bs32__seed1,results/runs/pendigits_ablation_eigenvector-only/pendigits__sta4__symmetric-hamiltonian__L4__lr0.01__bs32__seed1_seed1,pendigits,sta4,symmetric-hamiltonian,4,1,0.01,32,2000,True,plus,True,False,1.3108882026986917,0.6386666666666667,1.3427160619802425,0.611492281303602,0.692,1156.0,,33.79993534088135,,184,4,16,6e3df8c2ae7503394992a62eaa877ace7721f2bc,False
complete,pendigits,pendigits__sta4__symmetric-hamiltonian__L4__lr0.01__bs32__seed2,results/runs/pendigits_ablation_eigenvector-only/pendigits__sta4__symmetric-hamiltonian__L4__lr0.01__bs32__seed2_seed2,pendigits,sta4,symmetric-hamiltonian,4,2,0.01,32,2000,True,plus,True,False,1.2366171760217737,0.624,1.3152040855400104,0.6163522012578616,0.6706666666666666,1145.2,,34.363712787628174,,184,4,16,6e3df8c2ae7503394992a62eaa877ace7721f2bc,False
complete,pendigits,pendigits__sta4__symmetric-hamiltonian__L4__lr0.01__bs32__seed3,results/runs/pendigits_ablation_eigenvector-only/pendigits__sta4__symmetric-hamiltonian__L4__lr0.01__bs32__seed3_seed3,pendigits,sta4,symmetric-hamiltonian,4,3,0.01,32,2000,True,plus,True,False,1.1759916502537135,0.668,1.1955632818913031,0.6726700971983991,0.6786666666666666,1148.6,,33.49857425689697,,184,4,16,6e3df8c2ae7503394992a62eaa877ace7721f2bc,False
complete,pendigits,pendigits__sta4__symmetric-hamiltonian__L4__lr0.01__bs32__seed4,results/runs/pendigits_ablation_eigenvector-only/pendigits__sta4__symmetric-hamiltonian__L4__lr0.01__bs32__seed4_seed4,pendigits,sta4,symmetric-hamiltonian,4,4,0.01,32,2000,True,plus,True,False,1.2391508457519302,0.64,1.2682947484186664,0.6295025728987993,0.6893333333333334,1100.2,,33.81393384933472,,184,4,16,6e3df8c2ae7503394992a62eaa877ace7721f2bc,False
complete,pendigits,pendigits__sta4__symmetric-hamiltonian__L4__lr0.01__bs32__seed5,results/runs/pendigits_ablation_eigenvector-only/pendigits__sta4__symmetric-hamiltonian__L4__lr0.01__bs32__seed5_seed5,pendigits,sta4,symmetric-hamiltonian,4,5,0.01,32,2000,True,plus,True,False,1.2138841068267454,0.6613333333333333,1.2527911735171002,0.630360205831904,0.6773333333333333,1154.4666666666667,,34.27180218696594,,184,4,16,6e3df8c2ae7503394992a62eaa877ace7721f2bc,False
complete,pendigits,pendigits__sta4__symmetric-hamiltonian__L4__lr0.01__bs32__seed6,results/runs/pendigits_ablation_eigenvector-only/pendigits__sta4__symmetric-hamiltonian__L4__lr0.01__bs32__seed6_seed6,pendigits,sta4,symmetric-hamiltonian,4,6,0.01,32,2000,True,plus,True,False,1.238109142097298,0.6613333333333333,1.2692092268475619,0.6286449399656947,0.668,1130.1333333333332,,33.57750940322876,,184,4,16,6e3df8c2ae7503394992a62eaa877ace7721f2bc,False
complete,pendigits,pendigits__sta4__symmetric-hamiltonian__L4__lr0.01__bs32__seed7,results/runs/pendigits_ablation_eigenvector-only/pendigits__sta4__symmetric-hamiltonian__L4__lr0.01__bs32__seed7_seed7,pendigits,sta4,symmetric-hamiltonian,4,7,0.01,32,2000,True,plus,True,False,1.1603048362125983,0.6853333333333333,1.2354512388303356,0.6346483704974271,0.7,1174.6,,34.24232006072998,,184,4,16,6e3df8c2ae7503394992a62eaa877ace7721f2bc,False
complete,pendigits,pendigits__sta4__symmetric-hamiltonian__L4__lr0.01__bs32__seed8,results/runs/pendigits_ablation_eigenvector-only/pendigits__sta4__symmetric-hamiltonian__L4__lr0.01__bs32__seed8_seed8,pendigits,sta4,symmetric-hamiltonian,4,8,0.01,32,2000,True,plus,True,False,1.1473696759036616,0.68,1.1947084745578453,0.6640937678673527,0.704,1192.7333333333333,,33.2986261844635,,184,4,16,6e3df8c2ae7503394992a62eaa877ace7721f2bc,False
complete,pendigits,pendigits__sta4__symmetric-hamiltonian__L4__lr0.01__bs32__seed9,results/runs/pendigits_ablation_eigenvector-only/pendigits__sta4__symmetric-hamiltonian__L4__lr0.01__bs32__seed9_seed9,pendigits,sta4,symmetric-hamiltonian,4,9,0.01,32,2000,True,plus,True,False,1.171959121382933,0.632,1.2571978497633807,0.6083476272155517,0.676,1195.7999999999997,,34.34288930892944,,184,4,16,6e3df8c2ae7503394992a62eaa877ace7721f2bc,False
complete,pendigits,pendigits__sta4__symmetric-hamiltonian__L8__lr0.01__bs32__seed0,results/runs/pendigits_ablation_eigenvector-only/pendigits__sta4__symmetric-hamiltonian__L8__lr0.01__bs32__seed0_seed0,pendigits,sta4,symmetric-hamiltonian,8,0,0.01,32,2000,True,plus,True,False,1.8529311698921167,0.416,1.9194956710358086,0.4036592338479131,0.7,1184.9333333333334,,55.06207871437073,,368,4,16,6e3df8c2ae7503394992a62eaa877ace7721f2bc,False
complete,pendigits,pendigits__sta4__symmetric-hamiltonian__L8__lr0.01__bs32__seed10,results/runs/pendigits_ablation_eigenvector-only/pendigits__sta4__symmetric-hamiltonian__L8__lr0.01__bs32__seed10_seed10,pendigits,sta4,symmetric-hamiltonian,8,10,0.01,32,2000,True,plus,True,False,1.128977839612551,0.684,1.1667449476169733,0.6829616923956546,0.696,1121.7333333333333,,53.58642363548279,,368,4,16,6e3df8c2ae7503394992a62eaa877ace7721f2bc,False
complete,pendigits,pendigits__sta4__symmetric-hamiltonian__L8__lr0.01__bs32__seed11,results/runs/pendigits_ablation_eigenvector-only/pendigits__sta4__symmetric-hamiltonian__L8__lr0.01__bs32__seed11_seed11,pendigits,sta4,symmetric-hamiltonian,8,11,0.01,32,2000,True,plus,True,False,1.0728624251520364,0.7306666666666667,1.1018045271507304,0.7072612921669525,0.7306666666666667,1235.5333333333335,,54.614441871643066,,368,4,16,6e3df8c2ae7503394992a62eaa877ace7721f2bc,False
complete,pendigits,pendigits__sta4__symmetric-hamiltonian__L8__lr0.01__bs32__seed12,results/runs/pendigits_ablation_eigenvector-only/pendigits__sta4__symmetric-hamiltonian__L8__lr0.01__bs32__seed12_seed12,pendigits,sta4,symmetric-hamiltonian,8,12,0.01,32,2000,True,plus,True,False,1.0905046789914945,0.684,1.1368724761070723,0.6709548313321898,0.7453333333333333,1176.8666666666668,,55.01985239982605,,368,4,16,6e3df8c2ae7503394992a62eaa877ace7721f2bc,False
complete,pendigits,pendigits__sta4__symmetric-hamiltonian__L8__lr0.01__bs32__seed13,results/runs/pendigits_ablation_eigenvector-only/pendigits__sta4__symmetric-hamiltonian__L8__lr0.01__bs32__seed13_seed13,pendigits,sta4,symmetric-hamiltonian,8,13,0.01,32,2000,True,plus,True,False,1.1265616760415442,0.6986666666666667,1.172788358905344,0.673813607775872,0.6986666666666667,1119.4,,53.881123781204224,,368,4,16,6e3df8c2ae7503394992a62eaa877ace7721f2bc,False
complete,pendigits,pendigits__sta4__symmetric-hamiltonian__L8__lr0.01__bs32__seed14,results/runs/pendigits_ablation_eigenvector-only/pendigits__sta4__symmetric-hamiltonian__L8__lr0.01__bs32__seed14_seed14,pendigits,sta4,symmetric-hamiltonian,8,14,0.01,32,2000,True,plus,True,False,1.516694997286606,0.524,1.54640435558775,0.51915380217267,0.7146666666666667,1218.1333333333334,,54.36019802093506,,368,4,16,6e3df8c2ae7503394992a62eaa877ace7721f2bc,False
complete,pendigits,pendigits__sta4__symmetric-hamiltonian__L8__lr0.01__bs32__seed15,results/runs/pendigits_ablation_eigenvector-only/pendigits__sta4__symmetric-hamiltonian__L8__lr0.01__bs32__seed15_seed15,pendigits,sta4,symmetric-hamiltonian,8,15,0.01,32,2000,True,plus,True,False,1.5528708274109588,0.536,1.5889360668935044,0.5117209834190967,0.7146666666666667,1220.5333333333335,,54.10393238067627,,368,4,16,6e3df8c2ae7503394992a62eaa877ace7721f2bc,False
complete,pendigits,pendigits__sta4__symmetric-hamiltonian__L8__lr0.01__bs32__seed16,results/runs/pendigits_ablation_eigenvector-only/pendigits__sta4__symmetric-hamiltonian__L8__lr0.01__bs32__seed16_seed16,pendigits,sta4,symmetric-hamiltonian,8,16,0.01,32,2000,True,plus,True,False,1.067927881025278,0.7186666666666667,1.1159219914064655,0.69010863350486,0.7186666666666667,1127.4,,55.28287386894226,,368,4,16,6e3df8c2ae7503394992a62eaa877ace7721f2bc,False
complete,pendigits,pendigits__sta4__symmetric-hamiltonian__L8__lr0.01__bs32__seed17,results/runs/pendigits_ablation_eigenvector-only/pendigits__sta4__symmetric-hamiltonian__L8__lr0.01__bs32__seed17_seed17,pendigits,sta4,symmetric-hamiltonian,8,17,0.01,32,2000,True,plus,True,False,1.1594107454412368,0.696,1.1873634986017534,0.6729559748427673,0.7026666666666667,1171.4666666666665,,54.979212284088135,,368,4,16,6e3df8c2ae7503394992a62eaa877ace7721f2bc,False
complete,pendigits,pendigits__sta4__symmetric-hamiltonian__L8__lr0.01__bs32__seed18,results/runs/pendigits_ablation_eigenvector-only/pendigits__sta4__symmetric-hamiltonian__L8__lr0.01__bs32__seed18_seed18,pendigits,sta4,symmetric-hamiltonian,8,18,0.01,32,2000,True,plus,True,False,1.1435655410324765,0.6826666666666666,1.1421740673564011,0.692967409948542,0.7133333333333334,1205.2000000000003,,55.23941469192505,,368,4,16,6e3df8c2ae7503394992a62eaa877ace7721f2bc,False
complete,pendigits,pendigits__sta4__symmetric-hamiltonian__L8__lr0.01__bs32__seed19,results/runs/pendigits_ablation_eigenvector-only/pendigits__sta4__symmetric-hamiltonian__L8__lr0.01__bs32__seed19_seed19,pendigits,sta4,symmetric-hamiltonian,8,19,0.01,32,2000,True,plus,True,False,1.11235255589479,0.7173333333333334,1.156440268987679,0.6972555746140652,0.7173333333333334,1171.0,,54.5597505569458,,368,4,16,6e3df8c2ae7503394992a62eaa877ace7721f2bc,False
complete,pendigits,pendigits__sta4__symmetric-hamiltonian__L8__lr0.01__bs32__seed1,results/runs/pendigits_ablation_eigenvector-only/pendigits__sta4__symmetric-hamiltonian__L8__lr0.01__bs32__seed1_seed1,pendigits,sta4,symmetric-hamiltonian,8,1,0.01,32,2000,True,plus,True,False,1.0295621762057632,0.7226666666666667,1.0927111841586232,0.6783876500857633,0.724,1198.1333333333337,,53.49674701690674,,368,4,16,6e3df8c2ae7503394992a62eaa877ace7721f2bc,False
complete,pendigits,pendigits__sta4__symmetric-hamiltonian__L8__lr0.01__bs32__seed2,results/runs/pendigits_ablation_eigenvector-only/pendigits__sta4__symmetric-hamiltonian__L8__lr0.01__bs32__seed2_seed2,pendigits,sta4,symmetric-hamiltonian,8,2,0.01,32,2000,True,plus,True,False,1.1078373585760357,0.7013333333333334,1.1437713843021502,0.6935391652372784,0.708,1217.4666666666667,,54.47381830215454,,368,4,16,6e3df8c2ae7503394992a62eaa877ace7721f2bc,False
complete,pendigits,pendigits__sta4__symmetric-hamiltonian__L8__lr0.01__bs32__seed3,results/runs/pendigits_ablation_eigenvector-only/pendigits__sta4__symmetric-hamiltonian__L8__lr0.01__bs32__seed3_seed3,pendigits,sta4,symmetric-hamiltonian,8,3,0.01,32,2000,True,plus,True,False,1.0680526561302197,0.7106666666666667,1.1295467985387813,0.6695254431103488,0.7106666666666667,1196.1333333333334,,55.27741098403931,,368,4,16,6e3df8c2ae7503394992a62eaa877ace7721f2bc,False
complete,pendigits,pendigits__sta4__symmetric-hamiltonian__L8__lr0.01__bs32__seed4,results/runs/pendigits_ablation_eigenvector-only/pendigits__sta4__symmetric-hamiltonian__L8__lr0.01__bs32__seed4_seed4,pendigits,sta4,symmetric-hamiltonian,8,4,0.01,32,2000,True,plus,True,False,1.125971624611512,0.7026666666666667,1.1636696673479154,0.6801029159519726,0.7026666666666667,1190.3333333333333,,54.40558648109436,,368,4,16,6e3df8c2ae7503394992a62eaa877ace7721f2bc,False
complete,pendigits,pendigits__sta4__symmetric-hamiltonian__L8__lr0.01__bs32__seed5,results/runs/pendigits_ablation_eigenvector-only/pendigits__sta4__symmetric-hamiltonian__L8__lr0.01__bs32__seed5_seed5,pendigits,sta4,symmetric-hamiltonian,8,5,0.01,32,2000,True,plus,True,False,1.2053445851900695,0.6786666666666666,1.260882419248358,0.6580903373356204,0.72,1196.5333333333335,,54.85703420639038,,368,4,16,6e3df8c2ae7503394992a62eaa877ace7721f2bc,False
complete,pendigits,pendigits__sta4__symmetric-hamiltonian__L8__lr0.01__bs32__seed6,results/runs/pendigits_ablation_eigenvector-only/pendigits__sta4__symmetric-hamiltonian__L8__lr0.01__bs32__seed6_seed6,pendigits,sta4,symmetric-hamiltonian,8,6,0.01,32,2000,True,plus,True,False,1.2436763761241434,0.6346666666666667,1.2501805903814622,0.631789594053745,0.6946666666666667,1215.2666666666664,,53.10610103607178,,368,4,16,6e3df8c2ae7503394992a62eaa877ace7721f2bc,False
complete,pendigits,pendigits__sta4__symmetric-hamiltonian__L8__lr0.01__bs32__seed7,results/runs/pendigits_ablation_eigenvector-only/pendigits__sta4__symmetric-hamiltonian__L8__lr0.01__bs32__seed7_seed7,pendigits,sta4,symmetric-hamiltonian,8,7,0.01,32,2000,True,plus,True,False,1.1409560866909523,0.6746666666666666,1.200111089194212,0.6349342481417953,0.7226666666666667,1204.8666666666668,,54.856775999069214,,368,4,16,6e3df8c2ae7503394992a62eaa877ace7721f2bc,False
complete,pendigits,pendigits__sta4__symmetric-hamiltonian__L8__lr0.01__bs32__seed8,results/runs/pendigits_ablation_eigenvector-only/pendigits__sta4__symmetric-hamiltonian__L8__lr0.01__bs32__seed8_seed8,pendigits,sta4,symmetric-hamiltonian,8,8,0.01,32,2000,True,plus,True,False,1.2400705779367653,0.6666666666666666,1.247424534966886,0.6526586620926244,0.708,1200.7333333333331,,57.089893102645874,,368,4,16,6e3df8c2ae7503394992a62eaa877ace7721f2bc,False
complete,pendigits,pendigits__sta4__symmetric-hamiltonian__L8__lr0.01__bs32__seed9,results/runs/pendigits_ablation_eigenvector-only/pendigits__sta4__symmetric-hamiltonian__L8__lr0.01__bs32__seed9_seed9,pendigits,sta4,symmetric-hamiltonian,8,9,0.01,32,2000,True,plus,True,False,1.2039510021085702,0.6746666666666666,1.2342346944094382,0.6160663236134934,0.7333333333333333,1237.3999999999999,,56.01425218582153,,368,4,16,6e3df8c2ae7503394992a62eaa877ace7721f2bc,False
