status,manifest_id,job_slug,run_dir,dataset,representation,encoder,depth,seed,learning_rate,batch_size,steps,standardize,initial_state,projector_renormalize,track_readout_leakage,final_validation_loss,final_validation_accuracy,final_test_loss,final_test_accuracy,best_validation_accuracy,validation_accuracy_auc,time_to_target_step,wall_time_seconds,mean_readout_leakage_mass,parameter_count,n_qubits,hilbert_dim,git_commit,git_dirty
complete,pendigits,pendigits__dyn__symmetric-hamiltonian__L16__lr0.01__bs32__seed0,results/runs/pendigits_ablation_spectrum-only/pendigits__dyn__symmetric-hamiltonian__L16__lr0.01__bs32__seed0_seed0,pendigits,dyn,symmetric-hamiltonian,16,0,0.01,32,2000,True,plus,True,False,1.551890097316766,0.504,1.6784706577831634,0.44339622641509435,0.5573333333333333,836.6666666666667,,98.92287254333496,,736,4,16,6e3df8c2ae7503394992a62eaa877ace7721f2bc,False
complete,pendigits,pendigits__dyn__symmetric-hamiltonian__L16__lr0.01__bs32__seed10,results/runs/pendigits_ablation_spectrum-only/pendigits__dyn__symmetric-hamiltonian__L16__lr0.01__bs32__seed10_seed10,pendigits,dyn,symmetric-hamiltonian,16,10,0.01,32,2000,True,plus,True,False,1.4821383808638544,0.5053333333333333,1.5919242352379952,0.46226415094339623,0.556,851.4666666666668,,103.13277173042297,,736,4,16,6e3df8c2ae7503394992a62eaa877ace7721f2bc,False
complete,pendigits,pendigits__dyn__symmetric-hamiltonian__L16__lr0.01__bs32__seed11,results/runs/pendigits_ablation_spectrum-only/pendigits__dyn__symmetric-hamiltonian__L16__lr0.01__bs32__seed11_seed11,pendigits,dyn,symmetric-hamiltonian,16,11,0.01,32,2000,True,plus,True,False,1.8575954499343543,0.37733333333333335,1.9528495788864244,0.3542024013722127,0.5506666666666666,868.4,,95.36371088027954,,736,4,16,6e3df8c2ae7503394992a62eaa877ace7721f2bc,False
complete,pendigits,pendigits__dyn__symmetric-hamiltonian__L16__lr0.01__bs32__seed12,results/runs/pendigits_ablation_spectrum-only/pendigits__dyn__symmetric-hamiltonian__L16__lr0.01__bs32__seed12_seed12,pendigits,dyn,symmetric-hamiltonian,16,12,0.01,32,2000,True,plus,True,False,1.500938945174772,0.4746666666666667,1.6032319079961688,0.4391080617495712,0.532,748.0,,99.25827980041504,,736,4,16,6e3df8c2ae7503394992a62eaa877ace7721f2bc,False
complete,pendigits,pendigits__dyn__symmetric-hamiltonian__L16__lr0.01__bs32__seed13,results/runs/pendigits_ablation_spectrum-only/pendigits__dyn__symmetric-hamiltonian__L16__lr0.01__bs32__seed13_seed13,pendigits,dyn,symmetric-hamiltonian,16,13,0.01,32,2000,True,plus,True,False,1.6466015290781582,0.47733333333333333,1.6745219785303038,0.4288164665523156,0.5346666666666666,762.3333333333335,,99.53776621818542,,736,4,16,6e3df8c2ae7503394992a62eaa877ace7721f2bc,False
complete,pendigits,pendigits__dyn__symmetric-hamiltonian__L16__lr0.01__bs32__seed14,results/runs/pendigits_ablation_spectrum-only/pendigits__dyn__symmetric-hamiltonian__L16__lr0.01__bs32__seed14_seed14,pendigits,dyn,symmetric-hamiltonian,16,14,0.01,32,2000,True,plus,True,False,1.478771486222097,0.5453333333333333,1.5903941335625664,0.4671240708976558,0.5506666666666666,811.8666666666667,,99.29292225837708,,736,4,16,6e3df8c2ae7503394992a62eaa877ace7721f2bc,False
complete,pendigits,pendigits__dyn__symmetric-hamiltonian__L16__lr0.01__bs32__seed15,results/runs/pendigits_ablation_spectrum-only/pendigits__dyn__symmetric-hamiltonian__L16__lr0.01__bs32__seed15_seed15,pendigits,dyn,symmetric-hamiltonian,16,15,0.01,32,2000,True,plus,True,False,1.4375150426551015,0.5533333333333333,1.551283949813533,0.5102915951972555,0.5533333333333333,799.8000000000002,,100.3940486907959,,736,4,16,6e3df8c2ae7503394992a62eaa877ace7721f2bc,False
complete,pendigits,pendigits__dyn__symmetric-hamiltonian__L16__lr0.01__bs32__seed16,results/runs/pendigits_ablation_spectrum-only/pendigits__dyn__symmetric-hamiltonian__L16__lr0.01__bs32__seed16_seed16,pendigits,dyn,symmetric-hamiltonian,16,16,0.01,32,2000,True,plus,True,False,1.3683298805620616,0.536,1.4561107392759394,0.5122927387078331,0.54,788.6666666666667,,99.23044800758362,,736,4,16,6e3df8c2ae7503394992a62eaa877ace7721f2bc,False
complete,pendigits,pendigits__dyn__symmetric-hamiltonian__L16__lr0.01__bs32__seed17,results/runs/pendigits_ablation_spectrum-only/pendigits__dyn__symmetric-hamiltonian__L16__lr0.01__bs32__seed17_seed17,pendigits,dyn,symmetric-hamiltonian,16,17,0.01,32,2000,True,plus,True,False,1.5239835711369727,0.472,1.591025432101709,0.41080617495711835,0.5773333333333334,847.3333333333333,,99.02340745925903,,736,4,16,6e3df8c2ae7503394992a62eaa877ace7721f2bc,False
complete,pendigits,pendigits__dyn__symmetric-hamiltonian__L16__lr0.01__bs32__seed18,results/runs/pendigits_ablation_spectrum-only/pendigits__dyn__symmetric-hamiltonian__L16__lr0.01__bs32__seed18_seed18,pendigits,dyn,symmetric-hamiltonian,16,18,0.01,32,2000,True,plus,True,False,1.4359332314161748,0.552,1.5375611275943923,0.49799885648942255,0.552,760.5333333333333,,97.79301476478577,,736,4,16,6e3df8c2ae7503394992a62eaa877ace7721f2bc,False
complete,pendigits,pendigits__dyn__symmetric-hamiltonian__L16__lr0.01__bs32__seed19,results/runs/pendigits_ablation_spectrum-only/pendigits__dyn__symmetric-hamiltonian__L16__lr0.01__bs32__seed19_seed19,pendigits,dyn,symmetric-hamiltonian,16,19,0.01,32,2000,True,plus,True,False,1.5370781792050054,0.4666666666666667,1.6388475489183325,0.42738707833047457,0.5813333333333334,813.2666666666667,,94.98943281173706,,736,4,16,6e3df8c2ae7503394992a62eaa877ace7721f2bc,False
complete,pendigits,pendigits__dyn__symmetric-hamiltonian__L16__lr0.01__bs32__seed1,results/runs/pendigits_ablation_spectrum-only/pendigits__dyn__symmetric-hamiltonian__L16__lr0.01__bs32__seed1_seed1,pendigits,dyn,symmetric-hamiltonian,16,1,0.01,32,2000,True,plus,True,False,1.4998751710568818,0.5133333333333333,1.6417338751793444,0.4448256146369354,0.576,854.0666666666666,,98.85377526283264,,736,4,16,6e3df8c2ae7503394992a62eaa877ace7721f2bc,False
complete,pendigits,pendigits__dyn__symmetric-hamiltonian__L16__lr0.01__bs32__seed2,results/runs/pendigits_ablation_spectrum-only/pendigits__dyn__symmetric-hamiltonian__L16__lr0.01__bs32__seed2_seed2,pendigits,dyn,symmetric-hamiltonian,16,2,0.01,32,2000,True,plus,True,False,1.493802304848113,0.5253333333333333,1.6380068503303764,0.48198970840480276,0.5533333333333333,786.4666666666667,,103.63406324386597,,736,4,16,6e3df8c2ae7503394992a62eaa877ace7721f2bc,False
complete,pendigits,pendigits__dyn__symmetric-hamiltonian__L16__lr0.01__bs32__seed3,results/runs/pendigits_ablation_spectrum-only/pendigits__dyn__symmetric-hamiltonian__L16__lr0.01__bs32__seed3_seed3,pendigits,dyn,symmetric-hamiltonian,16,3,0.01,32,2000,True,plus,True,False,1.8843907420354136,0.35733333333333334,2.0302317833797283,0.30417381360777584,0.548,831.6666666666665,,101.580393075943,,736,4,16,6e3df8c2ae7503394992a62eaa877ace7721f2bc,False
complete,pendigits,pendigits__dyn__symmetric-hamiltonian__L16__lr0.01__bs32__seed4,results/runs/pendigits_ablation_spectrum-only/pendigits__dyn__symmetric-hamiltonian__L16__lr0.01__bs32__seed4_seed4,pendigits,dyn,symmetric-hamiltonian,16,4,0.01,32,2000,True,plus,True,False,1.5180955321987943,0.5093333333333333,1.6235883466821466,0.4588336192109777,0.5626666666666666,857.6666666666666,,98.26118564605713,,736,4,16,6e3df8c2ae7503394992a62eaa877ace7721f2bc,False
complete,pendigits,pendigits__dyn__symmetric-hamiltonian__L16__lr0.01__bs32__seed5,results/runs/pendigits_ablation_spectrum-only/pendigits__dyn__symmetric-hamiltonian__L16__lr0.01__bs32__seed5_seed5,pendigits,dyn,symmetric-hamiltonian,16,5,0.01,32,2000,True,plus,True,False,1.800498439084689,0.352,1.8818328739060408,0.3293310463121784,0.5453333333333333,823.5999999999999,,99.18904113769531,,736,4,16,6e3df8c2ae7503394992a62eaa877ace7721f2bc,False
complete,pendigits,pendigits__dyn__symmetric-hamiltonian__L16__lr0.01__bs32__seed6,results/runs/pendigits_ablation_spectrum-only/pendigits__dyn__symmetric-hamiltonian__L16__lr0.01__bs32__seed6_seed6,pendigits,dyn,symmetric-hamiltonian,16,6,0.01,32,2000,True,plus,True,False,1.640106490710157,0.45066666666666666,1.732928228915409,0.41823899371069184,0.5733333333333334,838.3333333333333,,98.98445916175842,,736,4,16,6e3df8c2ae7503394992a62eaa877ace7721f2bc,False
complete,pendigits,pendigits__dyn__symmetric-hamiltonian__L16__lr0.01__bs32__seed7,results/runs/pendigits_ablation_spectrum-only/pendigits__dyn__symmetric-hamiltonian__L16__lr0.01__bs32__seed7_seed7,pendigits,dyn,symmetric-hamiltonian,16,7,0.01,32,2000,True,plus,True,False,1.4625166926753859,0.5453333333333333,1.5690135266952603,0.4894225271583762,0.5453333333333333,864.0,,99.16563415527344,,736,4,16,6e3df8c2ae7503394992a62eaa877ace7721f2bc,False
complete,pendigits,pendigits__dyn__symmetric-hamiltonian__L16__lr0.01__bs32__seed8,results/runs/pendigits_ablation_spectrum-only/pendigits__dyn__symmetric-hamiltonian__L16__lr0.01__bs32__seed8_seed8,pendigits,dyn,symmetric-hamiltonian,16,8,0.01,32,2000,True,plus,True,False,1.3821990956388066,0.5826666666666667,1.4992116199292425,0.5205831903945112,0.5826666666666667,746.4666666666668,,99.6816976070404,,736,4,16,6e3df8c2ae7503394992a62eaa877ace7721f2bc,False
complete,pendigits,pendigits__dyn__symmetric-hamiltonian__L16__lr0.01__bs32__seed9,results/runs/pendigits_ablation_spectrum-only/pendigits__dyn__symmetric-hamiltonian__L16__lr0.01__bs32__seed9_seed9,pendigits,dyn,symmetric-hamiltonian,16,9,0.01,32,2000,True,plus,True,False,1.5456488493542742,0.404,1.635882969648122,0.37507146941109204,0.5533333333333333,754.8,,99.24607968330383,,736,4,16,6e3df8c2ae7503394992a62eaa877ace7721f2bc,False
complete,pendigits,pendigits__dyn__symmetric-hamiltonian__L1__lr0.01__bs32__seed0,results/runs/pendigits_ablation_spectrum-only/pendigits__dyn__symmetric-hamiltonian__L1__lr0.01__bs32__seed0_seed0,pendigits,dyn,symmetric-hamiltonian,1,0,0.01,32,2000,True,plus,True,False,1.9848530827354431,0.28933333333333333,2.0278058917586135,0.27644368210405945,0.32,504.0666666666667,,18.653034448623657,,46,4,16,6e3df8c2ae7503394992a62eaa877ace7721f2bc,False
complete,pendigits,pendigits__dyn__symmetric-hamiltonian__L1__lr0.01__bs32__seed10,results/runs/pendigits_ablation_spectrum-only/pendigits__dyn__symmetric-hamiltonian__L1__lr0.01__bs32__seed10_seed10,pendigits,dyn,symmetric-hamiltonian,1,10,0.01,32,2000,True,plus,True,False,2.0063804965015697,0.22533333333333333,2.047218324519998,0.22698684962835905,0.31066666666666665,482.1333333333333,,19.510546922683716,,46,4,16,6e3df8c2ae7503394992a62eaa877ace7721f2bc,False
complete,pendigits,pendigits__dyn__symmetric-hamiltonian__L1__lr0.01__bs32__seed11,results/runs/pendigits_ablation_spectrum-only/pendigits__dyn__symmetric-hamiltonian__L1__lr0.01__bs32__seed11_seed11,pendigits,dyn,symmetric-hamiltonian,1,11,0.01,32,2000,True,plus,True,False,1.9772229145206301,0.26,2.0158700367390936,0.24928530588907946,0.292,469.06666666666666,,20.604344129562378,,46,4,16,6e3df8c2ae7503394992a62eaa877ace7721f2bc,False
complete,pendigits,pendigits__dyn__symmetric-hamiltonian__L1__lr0.01__bs32__seed12,results/runs/pendigits_ablation_spectrum-only/pendigits__dyn__symmetric-hamiltonian__L1__lr0.01__bs32__seed12_seed12,pendigits,dyn,symmetric-hamiltonian,1,12,0.01,32,2000,True,plus,True,False,2.0065571557975326,0.23866666666666667,2.0384203140206236,0.2089765580331618,0.328,502.2666666666667,,19.298247575759888,,46,4,16,6e3df8c2ae7503394992a62eaa877ace7721f2bc,False
complete,pendigits,pendigits__dyn__symmetric-hamiltonian__L1__lr0.01__bs32__seed13,results/runs/pendigits_ablation_spectrum-only/pendigits__dyn__symmetric-hamiltonian__L1__lr0.01__bs32__seed13_seed13,pendigits,dyn,symmetric-hamiltonian,1,13,0.01,32,2000,True,plus,True,False,1.981134539902191,0.2693333333333333,2.015175309868357,0.27101200686106347,0.30533333333333335,475.6,,20.921723127365112,,46,4,16,6e3df8c2ae7503394992a62eaa877ace7721f2bc,False
complete,pendigits,pendigits__dyn__symmetric-hamiltonian__L1__lr0.01__bs32__seed14,results/runs/pendigits_ablation_spectrum-only/pendigits__dyn__symmetric-hamiltonian__L1__lr0.01__bs32__seed14_seed14,pendigits,dyn,symmetric-hamiltonian,1,14,0.01,32,2000,True,plus,True,False,2.001330086906258,0.188,2.041168611166271,0.17667238421955403,0.31066666666666665,491.79999999999995,,18.77844214439392,,46,4,16,6e3df8c2ae7503394992a62eaa877ace7721f2bc,False
complete,pendigits,pendigits__dyn__symmetric-hamiltonian__L1__lr0.01__bs32__seed15,results/runs/pendigits_ablation_spectrum-only/pendigits__dyn__symmetric-hamiltonian__L1__lr0.01__bs32__seed15_seed15,pendigits,dyn,symmetric-hamiltonian,1,15,0.01,32,2000,True,plus,True,False,1.9818297971588346,0.27466666666666667,2.026947444954736,0.2610062893081761,0.29733333333333334,485.3333333333333,,19.841748237609863,,46,4,16,6e3df8c2ae7503394992a62eaa877ace7721f2bc,False
complete,pendigits,pendigits__dyn__symmetric-hamiltonian__L1__lr0.01__bs32__seed16,results/runs/pendigits_ablation_spectrum-only/pendigits__dyn__symmetric-hamiltonian__L1__lr0.01__bs32__seed16_seed16,pendigits,dyn,symmetric-hamiltonian,1,16,0.01,32,2000,True,plus,True,False,2.0190035891397087,0.22666666666666666,2.05430190232718,0.21640937678673527,0.328,479.06666666666666,,19.982951164245605,,46,4,16,6e3df8c2ae7503394992a62eaa877ace7721f2bc,False
complete,pendigits,pendigits__dyn__symmetric-hamiltonian__L1__lr0.01__bs32__seed17,results/runs/pendigits_ablation_spectrum-only/pendigits__dyn__symmetric-hamiltonian__L1__lr0.01__bs32__seed17_seed17,pendigits,dyn,symmetric-hamiltonian,1,17,0.01,32,2000,True,plus,True,False,2.0019341575874283,0.276,2.033458087534314,0.27958833619210977,0.29333333333333333,462.0000000000001,,19.765262126922607,,46,4,16,6e3df8c2ae7503394992a62eaa877ace7721f2bc,False
complete,pendigits,pendigits__dyn__symmetric-hamiltonian__L1__lr0.01__bs32__seed18,results/runs/pendigits_ablation_spectrum-only/pendigits__dyn__symmetric-hamiltonian__L1__lr0.01__bs32__seed18_seed18,pendigits,dyn,symmetric-hamiltonian,1,18,0.01,32,2000,True,plus,True,False,1.995008503089119,0.2946666666666667,2.0266806719193644,0.2747284162378502,0.32,488.3333333333332,,20.54834532737732,,46,4,16,6e3df8c2ae7503394992a62eaa877ace7721f2bc,False
complete,pendigits,pendigits__dyn__symmetric-hamiltonian__L1__lr0.01__bs32__seed19,results/runs/pendigits_ablation_spectrum-only/pendigits__dyn__symmetric-hamiltonian__L1__lr0.01__bs32__seed19_seed19,pendigits,dyn,symmetric-hamiltonian,1,19,0.01,32,2000,True,plus,True,False,1.9963662448103745,0.26666666666666666,2.015292554047054,0.27501429388221843,0.2826666666666667,436.6666666666667,,18.806451082229614,,46,4,16,6e3df8c2ae7503394992a62eaa877ace7721f2bc,False
complete,pendigits,pendigits__dyn__symmetric-hamiltonian__L1__lr0.01__bs32__seed1,results/runs/pendigits_ablation_spectrum-only/pendigits__dyn__symmetric-hamiltonian__L1__lr0.01__bs32__seed1_seed1,pendigits,dyn,symmetric-hamiltonian,1,1,0.01,32,2000,True,plus,True,False,1.9902566918640745,0.26,2.0228490546510858,0.25471698113207547,0.30533333333333335,471.4666666666667,,20.681734561920166,,46,4,16,6e3df8c2ae7503394992a62eaa877ace7721f2bc,False
complete,pendigits,pendigits__dyn__symmetric-hamiltonian__L1__lr0.01__bs32__seed2,results/runs/pendigits_ablation_spectrum-only/pendigits__dyn__symmetric-hamiltonian__L1__lr0.01__bs32__seed2_seed2,pendigits,dyn,symmetric-hamiltonian,1,2,0.01,32,2000,True,plus,True,False,1.984799151066803,0.2613333333333333,2.0201288805685174,0.2441395082904517,0.30533333333333335,477.0666666666666,,20.79568123817444,,46,4,16,6e3df8c2ae7503394992a62eaa877ace7721f2bc,False
complete,pendigits,pendigits__dyn__symmetric-hamiltonian__L1__lr0.01__bs32__seed3,results/runs/pendigits_ablation_spectrum-only/pendigits__dyn__symmetric-hamiltonian__L1__lr0.01__bs32__seed3_seed3,pendigits,dyn,symmetric-hamiltonian,1,3,0.01,32,2000,True,plus,True,False,1.9913025113002703,0.22266666666666668,2.0164439445061713,0.1998284734133791,0.30266666666666664,477.6,,19.087539672851562,,46,4,16,6e3df8c2ae7503394992a62eaa877ace7721f2bc,False
complete,pendigits,pendigits__dyn__symmetric-hamiltonian__L1__lr0.01__bs32__seed4,results/runs/pendigits_ablation_spectrum-only/pendigits__dyn__symmetric-hamiltonian__L1__lr0.01__bs32__seed4_seed4,pendigits,dyn,symmetric-hamiltonian,1,4,0.01,32,2000,True,plus,True,False,2.0320614944382966,0.2,2.0658892650715184,0.1949685534591195,0.30266666666666664,498.66666666666663,,20.79815936088562,,46,4,16,6e3df8c2ae7503394992a62eaa877ace7721f2bc,False
complete,pendigits,pendigits__dyn__symmetric-hamiltonian__L1__lr0.01__bs32__seed5,results/runs/pendigits_ablation_spectrum-only/pendigits__dyn__symmetric-hamiltonian__L1__lr0.01__bs32__seed5_seed5,pendigits,dyn,symmetric-hamiltonian,1,5,0.01,32,2000,True,plus,True,False,2.0371685904077705,0.23333333333333334,2.0652195569542977,0.23213264722698684,0.31066666666666665,475.1333333333333,,19.120370388031006,,46,4,16,6e3df8c2ae7503394992a62eaa877ace7721f2bc,False
complete,pendigits,pendigits__dyn__symmetric-hamiltonian__L1__lr0.01__bs32__seed6,results/runs/pendigits_ablation_spectrum-only/pendigits__dyn__symmetric-hamiltonian__L1__lr0.01__bs32__seed6_seed6,pendigits,dyn,symmetric-hamiltonian,1,6,0.01,32,2000,True,plus,True,False,2.034428932722817,0.23466666666666666,2.0693802616021637,0.22155517438536307,0.308,473.2000000000001,,19.561813592910767,,46,4,16,6e3df8c2ae7503394992a62eaa877ace7721f2bc,False
complete,pendigits,pendigits__dyn__symmetric-hamiltonian__L1__lr0.01__bs32__seed7,results/runs/pendigits_ablation_spectrum-only/pendigits__dyn__symmetric-hamiltonian__L1__lr0.01__bs32__seed7_seed7,pendigits,dyn,symmetric-hamiltonian,1,7,0.01,32,2000,True,plus,True,False,2.0215034922877035,0.336,2.0454635726478125,0.3076043453401944,0.336,501.06666666666666,,19.941067934036255,,46,4,16,6e3df8c2ae7503394992a62eaa877ace7721f2bc,False
complete,pendigits,pendigits__dyn__symmetric-hamiltonian__L1__lr0.01__bs32__seed8,results/runs/pendigits_ablation_spectrum-only/pendigits__dyn__symmetric-hamiltonian__L1__lr0.01__bs32__seed8_seed8,pendigits,dyn,symmetric-hamiltonian,1,8,0.01,32,2000,True,plus,True,False,1.9820168584023332,0.24266666666666667,2.013883193422352,0.26014865637507145,0.304,483.13333333333327,,20.694534301757812,,46,4,16,6e3df8c2ae7503394992a62eaa877ace7721f2bc,False
complete,pendigits,pendigits__dyn__symmetric-hamiltonian__L1__lr0.01__bs32__seed9,results/runs/pendigits_ablation_spectrum-only/pendigits__dyn__symmetric-hamiltonian__L1__lr0.01__bs32__seed9_seed9,pendigits,dyn,symmetric-hamiltonian,1,9,0.01,32,2000,True,plus,True,False,2.041829583759564,0.204,2.069604501375318,0.19353916523727843,0.296,458.7333333333333,,18.803748607635498,,46,4,16,6e3df8c2ae7503394992a62eaa877ace7721f2bc,False
complete,pendigits,pendigits__dyn__symmetric-hamiltonian__L2__lr0.01__bs32__seed0,results/runs/pendigits_ablation_spectrum-only/pendigits__dyn__symmetric-hamiltonian__L2__lr0.01__bs32__seed0_seed0,pendigits,dyn,symmetric-hamiltonian,2,0,0.01,32,2000,True,plus,True,False,1.6456078184190732,0.49866666666666665,1.7266378291470423,0.43281875357347055,0.512,795.3333333333331,,25.443607807159424,,92,4,16,6e3df8c2ae7503394992a62eaa877ace7721f2bc,False
complete,pendigits,pendigits__dyn__symmetric-hamiltonian__L2__lr0.01__bs32__seed10,results/runs/pendigits_ablation_spectrum-only/pendigits__dyn__symmetric-hamiltonian__L2__lr0.01__bs32__seed10_seed10,pendigits,dyn,symmetric-hamiltonian,2,10,0.01,32,2000,True,plus,True,False,1.6830038896760529,0.36,1.7093614206022616,0.3273299028016009,0.49866666666666665,724.0666666666667,,25.28738260269165,,92,4,16,6e3df8c2ae7503394992a62eaa877ace7721f2bc,False
complete,pendigits,pendigits__dyn__symmetric-hamiltonian__L2__lr0.01__bs32__seed11,results/runs/pendigits_ablation_spectrum-only/pendigits__dyn__symmetric-hamiltonian__L2__lr0.01__bs32__seed11_seed11,pendigits,dyn,symmetric-hamiltonian,2,11,0.01,32,2000,True,plus,True,False,1.6106369067810389,0.44266666666666665,1.68144848937938,0.3902229845626072,0.488,749.2,,25.218595266342163,,92,4,16,6e3df8c2ae7503394992a62eaa877ace7721f2bc,False
complete,pendigits,pendigits__dyn__symmetric-hamiltonian__L2__lr0.01__bs32__seed12,results/runs/pendigits_ablation_spectrum-only/pendigits__dyn__symmetric-hamiltonian__L2__lr0.01__bs32__seed12_seed12,pendigits,dyn,symmetric-hamiltonian,2,12,0.01,32,2000,True,plus,True,False,1.6288447988902377,0.44,1.6916335338150164,0.38078902229845624,0.49333333333333335,778.5333333333332,,24.88023614883423,,92,4,16,6e3df8c2ae7503394992a62eaa877ace7721f2bc,False
complete,pendigits,pendigits__dyn__symmetric-hamiltonian__L2__lr0.01__bs32__seed13,results/runs/pendigits_ablation_spectrum-only/pendigits__dyn__symmetric-hamiltonian__L2__lr0.01__bs32__seed13_seed13,pendigits,dyn,symmetric-hamiltonian,2,13,0.01,32,2000,True,plus,True,False,1.7128172920009954,0.4186666666666667,1.7672203998109368,0.3730703259005146,0.47333333333333333,610.4666666666668,,25.368006944656372,,92,4,16,6e3df8c2ae7503394992a62eaa877ace7721f2bc,False
complete,pendigits,pendigits__dyn__symmetric-hamiltonian__L2__lr0.01__bs32__seed14,results/runs/pendigits_ablation_spectrum-only/pendigits__dyn__symmetric-hamiltonian__L2__lr0.01__bs32__seed14_seed14,pendigits,dyn,symmetric-hamiltonian,2,14,0.01,32,2000,True,plus,True,False,1.9010543056512639,0.31333333333333335,1.9727946658233477,0.2741566609491138,0.4653333333333333,647.6,,25.281336784362793,,92,4,16,6e3df8c2ae7503394992a62eaa877ace7721f2bc,False
complete,pendigits,pendigits__dyn__symmetric-hamiltonian__L2__lr0.01__bs32__seed15,results/runs/pendigits_ablation_spectrum-only/pendigits__dyn__symmetric-hamiltonian__L2__lr0.01__bs32__seed15_seed15,pendigits,dyn,symmetric-hamiltonian,2,15,0.01,32,2000,True,plus,True,False,1.7496790021812674,0.4186666666666667,1.7872843114237145,0.40508862206975416,0.49866666666666665,674.5333333333333,,24.97912836074829,,92,4,16,6e3df8c2ae7503394992a62eaa877ace7721f2bc,False
complete,pendigits,pendigits__dyn__symmetric-hamiltonian__L2__lr0.01__bs32__seed16,results/runs/pendigits_ablation_spectrum-only/pendigits__dyn__symmetric-hamiltonian__L2__lr0.01__bs32__seed16_seed16,pendigits,dyn,symmetric-hamiltonian,2,16,0.01,32,2000,True,plus,True,False,1.5920430950497455,0.44666666666666666,1.6352925381711798,0.4028016009148085,0.48133333333333334,742.0666666666666,,25.22367572784424,,92,4,16,6e3df8c2ae7503394992a62eaa877ace7721f2bc,False
complete,pendigits,pendigits__dyn__symmetric-hamiltonian__L2__lr0.01__bs32__seed17,results/runs/pendigits_ablation_spectrum-only/pendigits__dyn__symmetric-hamiltonian__L2__lr0.01__bs32__seed17_seed17,pendigits,dyn,symmetric-hamiltonian,2,17,0.01,32,2000,True,plus,True,False,1.626193024072885,0.48933333333333334,1.6387183515217816,0.46397941680960547,0.49333333333333335,757.3333333333334,,25.264718532562256,,92,4,16,6e3df8c2ae7503394992a62eaa877ace7721f2bc,False
complete,pendigits,pendigits__dyn__symmetric-hamiltonian__L2__lr0.01__bs32__seed18,results/runs/pendigits_ablation_spectrum-only/pendigits__dyn__symmetric-hamiltonian__L2__lr0.01__bs32__seed18_seed18,pendigits,dyn,symmetric-hamiltonian,2,18,0.01,32,2000,True,plus,True,False,1.5605397399828205,0.47733333333333333,1.6095637965429268,0.43253287592910233,0.504,811.6666666666669,,25.14558720588684,,92,4,16,6e3df8c2ae7503394992a62eaa877ace7721f2bc,False
complete,pendigits,pendigits__dyn__symmetric-hamiltonian__L2__lr0.01__bs32__seed19,results/runs/pendigits_ablation_spectrum-only/pendigits__dyn__symmetric-hamiltonian__L2__lr0.01__bs32__seed19_seed19,pendigits,dyn,symmetric-hamiltonian,2,19,0.01,32,2000,True,plus,True,False,1.5811427607584547,0.4746666666666667,1.6493853533243759,0.42424242424242425,0.48933333333333334,730.7333333333332,,24.877567529678345,,92,4,16,6e3df8c2ae7503394992a62eaa877ace7721f2bc,False
complete,pendigits,pendigits__dyn__symmetric-hamiltonian__L2__lr0.01__bs32__seed1,results/runs/pendigits_ablation_spectrum-only/pendigits__dyn__symmetric-hamiltonian__L2__lr0.01__bs32__seed1_seed1,pendigits,dyn,symmetric-hamiltonian,2,1,0.01,32,2000,True,plus,True,False,1.5821292516199479,0.4666666666666667,1.6181033001692418,0.429388221841052,0.4746666666666667,762.7333333333335,,24.872603178024292,,92,4,16,6e3df8c2ae7503394992a62eaa877ace7721f2bc,False
complete,pendigits,pendigits__dyn__symmetric-hamiltonian__L2__lr0.01__bs32__seed2,results/runs/pendigits_ablation_spectrum-only/pendigits__dyn__symmetric-hamiltonian__L2__lr0.01__bs32__seed2_seed2,pendigits,dyn,symmetric-hamiltonian,2,2,0.01,32,2000,True,plus,True,False,1.808561901405037,0.356,1.8559296308315087,0.32046883933676384,0.488,730.5333333333333,,23.04685688018799,,92,4,16,6e3df8c2ae7503394992a62eaa877ace7721f2bc,False
complete,pendigits,pendigits__dyn__symmetric-hamiltonian__L2__lr0.01__bs32__seed3,results/runs/pendigits_ablation_spectrum-only/pendigits__dyn__symmetric-hamiltonian__L2__lr0.01__bs32__seed3_seed3,pendigits,dyn,symmetric-hamiltonian,2,3,0.01,32,2000,True,plus,True,False,1.5774728297136695,0.4826666666666667,1.6251206798069837,0.4256718124642653,0.5013333333333333,753.3333333333333,,26.004169702529907,,92,4,16,6e3df8c2ae7503394992a62eaa877ace7721f2bc,False
complete,pendigits,pendigits__dyn__symmetric-hamiltonian__L2__lr0.01__bs32__seed4,results/runs/pendigits_ablation_spectrum-only/pendigits__dyn__symmetric-hamiltonian__L2__lr0.01__bs32__seed4_seed4,pendigits,dyn,symmetric-hamiltonian,2,4,0.01,32,2000,True,plus,True,False,1.6170830717821874,0.488,1.6660444576102778,0.4342481417953116,0.5013333333333333,769.8000000000002,,25.622802257537842,,92,4,16,6e3df8c2ae7503394992a62eaa877ace7721f2bc,False
complete,pendigits,pendigits__dyn__symmetric-hamiltonian__L2__lr0.01__bs32__seed5,results/runs/pendigits_ablation_spectrum-only/pendigits__dyn__symmetric-hamiltonian__L2__lr0.01__bs32__seed5_seed5,pendigits,dyn,symmetric-hamiltonian,2,5,0.01,32,2000,True,plus,True,False,1.6483291095408061,0.45866666666666667,1.6985664887032392,0.4208118925100057,0.476,754.5333333333333,,25.558205366134644,,92,4,16,6e3df8c2ae7503394992a62eaa877ace7721f2bc,False
complete,pendigits,pendigits__dyn__symmetric-hamiltonian__L2__lr0.01__bs32__seed6,results/runs/pendigits_ablation_spectrum-only/pendigits__dyn__symmetric-hamiltonian__L2__lr0.01__bs32__seed6_seed6,pendigits,dyn,symmetric-hamiltonian,2,6,0.01,32,2000,True,plus,True,False,1.6017765964136406,0.48133333333333334,1.6346585580968274,0.4439679817038308,0.48133333333333334,661.7333333333333,,25.065690279006958,,92,4,16,6e3df8c2ae7503394992a62eaa877ace7721f2bc,False
complete,pendigits,pendigits__dyn__symmetric-hamiltonian__L2__lr0.01__bs32__seed7,results/runs/pendigits_ablation_spectrum-only/pendigits__dyn__symmetric-hamiltonian__L2__lr0.01__bs32__seed7_seed7,pendigits,dyn,symmetric-hamiltonian,2,7,0.01,32,2000,True,plus,True,False,1.632927933130977,0.444,1.6638613344488133,0.40823327615780447,0.492,738.7333333333332,,24.890185356140137,,92,4,16,6e3df8c2ae7503394992a62eaa877ace7721f2bc,False
complete,pendigits,pendigits__dyn__symmetric-hamiltonian__L2__lr0.01__bs32__seed8,results/runs/pendigits_ablation_spectrum-only/pendigits__dyn__symmetric-hamiltonian__L2__lr0.01__bs32__seed8_seed8,pendigits,dyn,symmetric-hamiltonian,2,8,0.01,32,2000,True,plus,True,False,1.5632996296070925,0.5146666666666667,1.6308292276350536,0.44339622641509435,0.5146666666666667,775.1333333333336,,25.353612422943115,,92,4,16,6e3df8c2ae7503394992a62eaa877ace7721f2bc,False
complete,pendigits,pendigits__dyn__symmetric-hamiltonian__L2__lr0.01__bs32__seed9,results/runs/pendigits_ablation_spectrum-only/pendigits__dyn__symmetric-hamiltonian__L2__lr0.01__bs32__seed9_seed9,pendigits,dyn,symmetric-hamiltonian,2,9,0.01,32,2000,True,plus,True,False,1.6518693253568217,0.44533333333333336,1.7236880706932836,0.39937106918238996,0.47333333333333333,732.8666666666668,,24.798239707946777,,92,4,16,6e3df8c2ae7503394992a62eaa877ace7721f2bc,False
complete,pendigits,pendigits__dyn__symmetric-hamiltonian__L32__lr0.01__bs32__seed0,results/runs/pendigits_ablation_spectrum-only/pendigits__dyn__symmetric-hamiltonian__L32__lr0.01__bs32__seed0_seed0,pendigits,dyn,symmetric-hamiltonian,32,0,0.01,32,2000,True,plus,True,False,1.7603702196300055,0.41733333333333333,1.832650267429158,0.3925100057175529,0.4786666666666667,662.5999999999999,,190.76610279083252,,1472,4,16,0e89babf303b6e108f9a6e4687213f88b28c4e9d,False
complete,pendigits,pendigits__dyn__symmetric-hamiltonian__L32__lr0.01__bs32__seed10,results/runs/pendigits_ablation_spectrum-only/pendigits__dyn__symmetric-hamiltonian__L32__lr0.01__bs32__seed10_seed10,pendigits,dyn,symmetric-hamiltonian,32,10,0.01,32,2000,True,plus,True,False,2.0699580100639974,0.276,2.1721338293243204,0.2612921669525443,0.4666666666666667,611.8666666666667,,188.18700909614563,,1472,4,16,0e89babf303b6e108f9a6e4687213f88b28c4e9d,False
complete,pendigits,pendigits__dyn__symmetric-hamiltonian__L32__lr0.01__bs32__seed11,results/runs/pendigits_ablation_spectrum-only/pendigits__dyn__symmetric-hamiltonian__L32__lr0.01__bs32__seed11_seed11,pendigits,dyn,symmetric-hamiltonian,32,11,0.01,32,2000,True,plus,True,False,1.6478165386453225,0.432,1.6696277801744956,0.4119496855345912,0.5533333333333333,716.5999999999998,,188.5891785621643,,1472,4,16,0e89babf303b6e108f9a6e4687213f88b28c4e9d,False
complete,pendigits,pendigits__dyn__symmetric-hamiltonian__L32__lr0.01__bs32__seed12,results/runs/pendigits_ablation_spectrum-only/pendigits__dyn__symmetric-hamiltonian__L32__lr0.01__bs32__seed12_seed12,pendigits,dyn,symmetric-hamiltonian,32,12,0.01,32,2000,True,plus,True,False,1.8071176303246497,0.36,1.8985740556642032,0.3324757004002287,0.5573333333333333,644.5333333333333,,187.12315726280212,,1472,4,16,0e89babf303b6e108f9a6e4687213f88b28c4e9d,False
complete,pendigits,pendigits__dyn__symmetric-hamiltonian__L32__lr0.01__bs32__seed13,results/runs/pendigits_ablation_spectrum-only/pendigits__dyn__symmetric-hamiltonian__L32__lr0.01__bs32__seed13_seed13,pendigits,dyn,symmetric-hamiltonian,32,13,0.01,32,2000,True,plus,True,False,1.443865967690239,0.5306666666666666,1.579445986716064,0.4571183533447684,0.5506666666666666,730.2666666666667,,186.5608160495758,,1472,4,16,0e89babf303b6e108f9a6e4687213f88b28c4e9d,False
complete,pendigits,pendigits__dyn__symmetric-hamiltonian__L32__lr0.01__bs32__seed14,results/runs/pendigits_ablation_spectrum-only/pendigits__dyn__symmetric-hamiltonian__L32__lr0.01__bs32__seed14_seed14,pendigits,dyn,symmetric-hamiltonian,32,14,0.01,32,2000,True,plus,True,False,1.8742930337623498,0.3546666666666667,1.881345418526469,0.36477987421383645,0.4693333333333333,650.9333333333332,,200.82306909561157,,1472,4,16,0e89babf303b6e108f9a6e4687213f88b28c4e9d,False
complete,pendigits,pendigits__dyn__symmetric-hamiltonian__L32__lr0.01__bs32__seed15,results/runs/pendigits_ablation_spectrum-only/pendigits__dyn__symmetric-hamiltonian__L32__lr0.01__bs32__seed15_seed15,pendigits,dyn,symmetric-hamiltonian,32,15,0.01,32,2000,True,plus,True,False,1.454680832298992,0.5586666666666666,1.5776724184852766,0.4748427672955975,0.5586666666666666,692.1333333333333,,194.6314413547516,,1472,4,16,0e89babf303b6e108f9a6e4687213f88b28c4e9d,False
complete,pendigits,pendigits__dyn__symmetric-hamiltonian__L32__lr0.01__bs32__seed16,results/runs/pendigits_ablation_spectrum-only/pendigits__dyn__symmetric-hamiltonian__L32__lr0.01__bs32__seed16_seed16,pendigits,dyn,symmetric-hamiltonian,32,16,0.01,32,2000,True,plus,True,False,1.5665620594197938,0.5,1.6527762999093367,0.4365351629502573,0.5,705.1333333333332,,191.9200873374939,,1472,4,16,0e89babf303b6e108f9a6e4687213f88b28c4e9d,False
complete,pendigits,pendigits__dyn__symmetric-hamiltonian__L32__lr0.01__bs32__seed17,results/runs/pendigits_ablation_spectrum-only/pendigits__dyn__symmetric-hamiltonian__L32__lr0.01__bs32__seed17_seed17,pendigits,dyn,symmetric-hamiltonian,32,17,0.01,32,2000,True,plus,True,False,1.6610327936099822,0.448,1.7685238530261083,0.4156660949113779,0.484,614.3333333333334,,186.7871379852295,,1472,4,16,0e89babf303b6e108f9a6e4687213f88b28c4e9d,False
complete,pendigits,pendigits__dyn__symmetric-hamiltonian__L32__lr0.01__bs32__seed18,results/runs/pendigits_ablation_spectrum-only/pendigits__dyn__symmetric-hamiltonian__L32__lr0.01__bs32__seed18_seed18,pendigits,dyn,symmetric-hamiltonian,32,18,0.01,32,2000,True,plus,True,False,1.6972344520538438,0.48933333333333334,1.7185016867126943,0.44339622641509435,0.5253333333333333,573.8666666666667,,189.2194344997406,,1472,4,16,0e89babf303b6e108f9a6e4687213f88b28c4e9d,False
complete,pendigits,pendigits__dyn__symmetric-hamiltonian__L32__lr0.01__bs32__seed19,results/runs/pendigits_ablation_spectrum-only/pendigits__dyn__symmetric-hamiltonian__L32__lr0.01__bs32__seed19_seed19,pendigits,dyn,symmetric-hamiltonian,32,19,0.01,32,2000,True,plus,True,False,1.530031546049752,0.47733333333333333,1.6761462574155088,0.45225843339050886,0.5466666666666666,681.0666666666666,,187.5983691215515,,1472,4,16,0e89babf303b6e108f9a6e4687213f88b28c4e9d,False
complete,pendigits,pendigits__dyn__symmetric-hamiltonian__L32__lr0.01__bs32__seed1,results/runs/pendigits_ablation_spectrum-only/pendigits__dyn__symmetric-hamiltonian__L32__lr0.01__bs32__seed1_seed1,pendigits,dyn,symmetric-hamiltonian,32,1,0.01,32,2000,True,plus,True,False,1.5839668193017593,0.5093333333333333,1.7183846765475512,0.4542595769010863,0.572,721.8666666666667,,186.71871519088745,,1472,4,16,0e89babf303b6e108f9a6e4687213f88b28c4e9d,False
complete,pendigits,pendigits__dyn__symmetric-hamiltonian__L32__lr0.01__bs32__seed2,results/runs/pendigits_ablation_spectrum-only/pendigits__dyn__symmetric-hamiltonian__L32__lr0.01__bs32__seed2_seed2,pendigits,dyn,symmetric-hamiltonian,32,2,0.01,32,2000,True,plus,True,False,1.664393540022384,0.4613333333333333,1.7880962965801768,0.42710120068610635,0.556,655.1999999999999,,189.02669715881348,,1472,4,16,0e89babf303b6e108f9a6e4687213f88b28c4e9d,False
complete,pendigits,pendigits__dyn__symmetric-hamiltonian__L32__lr0.01__bs32__seed3,results/runs/pendigits_ablation_spectrum-only/pendigits__dyn__symmetric-hamiltonian__L32__lr0.01__bs32__seed3_seed3,pendigits,dyn,symmetric-hamiltonian,32,3,0.01,32,2000,True,plus,True,False,1.9607783050008347,0.3,2.0011899629972496,0.27329902801600914,0.5293333333333333,681.1333333333333,,186.8423182964325,,1472,4,16,0e89babf303b6e108f9a6e4687213f88b28c4e9d,False
complete,pendigits,pendigits__dyn__symmetric-hamiltonian__L32__lr0.01__bs32__seed4,results/runs/pendigits_ablation_spectrum-only/pendigits__dyn__symmetric-hamiltonian__L32__lr0.01__bs32__seed4_seed4,pendigits,dyn,symmetric-hamiltonian,32,4,0.01,32,2000,True,plus,True,False,1.702313338398714,0.488,1.7972222680421281,0.43596340766152086,0.5546666666666666,635.9999999999999,,188.61378407478333,,1472,4,16,0e89babf303b6e108f9a6e4687213f88b28c4e9d,False
complete,pendigits,pendigits__dyn__symmetric-hamiltonian__L32__lr0.01__bs32__seed5,results/runs/pendigits_ablation_spectrum-only/pendigits__dyn__symmetric-hamiltonian__L32__lr0.01__bs32__seed5_seed5,pendigits,dyn,symmetric-hamiltonian,32,5,0.01,32,2000,True,plus,True,False,1.9054195192370131,0.336,2.031778657014239,0.2858776443682104,0.5066666666666667,593.8,,188.16259098052979,,1472,4,16,0e89babf303b6e108f9a6e4687213f88b28c4e9d,False
complete,pendigits,pendigits__dyn__symmetric-hamiltonian__L32__lr0.01__bs32__seed6,results/runs/pendigits_ablation_spectrum-only/pendigits__dyn__symmetric-hamiltonian__L32__lr0.01__bs32__seed6_seed6,pendigits,dyn,symmetric-hamiltonian,32,6,0.01,32,2000,True,plus,True,False,1.5522851753249487,0.504,1.6877531463048303,0.44939965694682676,0.5826666666666667,804.3333333333333,,188.59147906303406,,1472,4,16,0e89babf303b6e108f9a6e4687213f88b28c4e9d,False
complete,pendigits,pendigits__dyn__symmetric-hamiltonian__L32__lr0.01__bs32__seed7,results/runs/pendigits_ablation_spectrum-only/pendigits__dyn__symmetric-hamiltonian__L32__lr0.01__bs32__seed7_seed7,pendigits,dyn,symmetric-hamiltonian,32,7,0.01,32,2000,True,plus,True,False,2.195275616964996,0.16533333333333333,2.239767462025456,0.1512292738707833,0.5186666666666667,630.2666666666667,,188.76055335998535,,1472,4,16,0e89babf303b6e108f9a6e4687213f88b28c4e9d,False
complete,pendigits,pendigits__dyn__symmetric-hamiltonian__L32__lr0.01__bs32__seed8,results/runs/pendigits_ablation_spectrum-only/pendigits__dyn__symmetric-hamiltonian__L32__lr0.01__bs32__seed8_seed8,pendigits,dyn,symmetric-hamiltonian,32,8,0.01,32,2000,True,plus,True,False,1.6593499653149908,0.488,1.7540459359389153,0.4379645511720983,0.496,660.7333333333333,,181.30029606819153,,1472,4,16,0e89babf303b6e108f9a6e4687213f88b28c4e9d,False
complete,pendigits,pendigits__dyn__symmetric-hamiltonian__L32__lr0.01__bs32__seed9,results/runs/pendigits_ablation_spectrum-only/pendigits__dyn__symmetric-hamiltonian__L32__lr0.01__bs32__seed9_seed9,pendigits,dyn,symmetric-hamiltonian,32,9,0.01,32,2000,True,plus,True,False,1.809052431423867,0.30133333333333334,1.8704781541497641,0.31046312178387653,0.5013333333333333,644.3333333333333,,188.09708380699158,,1472,4,16,0e89babf303b6e108f9a6e4687213f88b28c4e9d,False
complete,pendigits,pendigits__dyn__symmetric-hamiltonian__L4__lr0.01__bs32__seed0,results/runs/pendigits_ablation_spectrum-only/pendigits__dyn__symmetric-hamiltonian__L4__lr0.01__bs32__seed0_seed0,pendigits,dyn,symmetric-hamiltonian,4,0,0.01,32,2000,True,plus,True,False,1.4700709397492593,0.5626666666666666,1.5549267382632994,0.4937106918238994,0.5626666666666666,896.1333333333333,,35.43971085548401,,184,4,16,6e3df8c2ae7503394992a62eaa877ace7721f2bc,False
complete,pendigits,pendigits__dyn__symmetric-hamiltonian__L4__lr0.01__bs32__seed10,results/runs/pendigits_ablation_spectrum-only/pendigits__dyn__symmetric-hamiltonian__L4__lr0.01__bs32__seed10_seed10,pendigits,dyn,symmetric-hamiltonian,4,10,0.01,32,2000,True,plus,True,False,1.49906978883102,0.504,1.5845356322071051,0.46512292738707833,0.5426666666666666,868.4,,35.47982215881348,,184,4,16,6e3df8c2ae7503394992a62eaa877ace7721f2bc,False
complete,pendigits,pendigits__dyn__symmetric-hamiltonian__L4__lr0.01__bs32__seed11,results/runs/pendigits_ablation_spectrum-only/pendigits__dyn__symmetric-hamiltonian__L4__lr0.01__bs32__seed11_seed11,pendigits,dyn,symmetric-hamiltonian,4,11,0.01,32,2000,True,plus,True,False,1.462539423583222,0.544,1.5687059470002853,0.47884505431675245,0.5546666666666666,821.8,,35.60170531272888,,184,4,16,6e3df8c2ae7503394992a62eaa877ace7721f2bc,False
complete,pendigits,pendigits__dyn__symmetric-hamiltonian__L4__lr0.01__bs32__seed12,results/runs/pendigits_ablation_spectrum-only/pendigits__dyn__symmetric-hamiltonian__L4__lr0.01__bs32__seed12_seed12,pendigits,dyn,symmetric-hamiltonian,4,12,0.01,32,2000,True,plus,True,False,1.4666306606704245,0.5093333333333333,1.5655123253263248,0.4531160663236135,0.544,852.0666666666666,,36.19616889953613,,184,4,16,6e3df8c2ae7503394992a62eaa877ace7721f2bc,False
complete,pendigits,pendigits__dyn__symmetric-hamiltonian__L4__lr0.01__bs32__seed13,results/runs/pendigits_ablation_spectrum-only/pendigits__dyn__symmetric-hamiltonian__L4__lr0.01__bs32__seed13_seed13,pendigits,dyn,symmetric-hamiltonian,4,13,0.01,32,2000,True,plus,True,False,1.4897200021321257,0.532,1.5553669168024102,0.465980560320183,0.548,893.2000000000002,,35.47325682640076,,184,4,16,6e3df8c2ae7503394992a62eaa877ace7721f2bc,False
complete,pendigits,pendigits__dyn__symmetric-hamiltonian__L4__lr0.01__bs32__seed14,results/runs/pendigits_ablation_spectrum-only/pendigits__dyn__symmetric-hamiltonian__L4__lr0.01__bs32__seed14_seed14,pendigits,dyn,symmetric-hamiltonian,4,14,0.01,32,2000,True,plus,True,False,1.419178315005375,0.556,1.5101734979623378,0.5102915951972555,0.56,893.7999999999997,,36.98253393173218,,184,4,16,6e3df8c2ae7503394992a62eaa877ace7721f2bc,False
complete,pendigits,pendigits__dyn__symmetric-hamiltonian__L4__lr0.01__bs32__seed15,results/runs/pendigits_ablation_spectrum-only/pendigits__dyn__symmetric-hamiltonian__L4__lr0.01__bs32__seed15_seed15,pendigits,dyn,symmetric-hamiltonian,4,15,0.01,32,2000,True,plus,True,False,1.435508623995637,0.5586666666666666,1.525854839537024,0.4911377930245855,0.5746666666666667,890.4666666666667,,36.914472818374634,,184,4,16,6e3df8c2ae7503394992a62eaa877ace7721f2bc,False
complete,pendigits,pendigits__dyn__symmetric-hamiltonian__L4__lr0.01__bs32__seed16,results/runs/pendigits_ablation_spectrum-only/pendigits__dyn__symmetric-hamiltonian__L4__lr0.01__bs32__seed16_seed16,pendigits,dyn,symmetric-hamiltonian,4,16,0.01,32,2000,True,plus,True,False,1.613852469621557,0.3893333333333333,1.6836685917095673,0.3707833047455689,0.5746666666666667,896.6666666666666,,35.54680681228638,,184,4,16,6e3df8c2ae7503394992a62eaa877ace7721f2bc,False
complete,pendigits,pendigits__dyn__symmetric-hamiltonian__L4__lr0.01__bs32__seed17,results/runs/pendigits_ablation_spectrum-only/pendigits__dyn__symmetric-hamiltonian__L4__lr0.01__bs32__seed17_seed17,pendigits,dyn,symmetric-hamiltonian,4,17,0.01,32,2000,True,plus,True,False,1.4563056250680735,0.5413333333333333,1.5179736570697078,0.48742138364779874,0.556,854.5333333333333,,35.31416082382202,,184,4,16,6e3df8c2ae7503394992a62eaa877ace7721f2bc,False
complete,pendigits,pendigits__dyn__symmetric-hamiltonian__L4__lr0.01__bs32__seed18,results/runs/pendigits_ablation_spectrum-only/pendigits__dyn__symmetric-hamiltonian__L4__lr0.01__bs32__seed18_seed18,pendigits,dyn,symmetric-hamiltonian,4,18,0.01,32,2000,True,plus,True,False,1.387582940463531,0.58,1.496008329551057,0.5174385363064609,0.5893333333333334,918.7333333333332,,36.525447607040405,,184,4,16,6e3df8c2ae7503394992a62eaa877ace7721f2bc,False
complete,pendigits,pendigits__dyn__symmetric-hamiltonian__L4__lr0.01__bs32__seed19,results/runs/pendigits_ablation_spectrum-only/pendigits__dyn__symmetric-hamiltonian__L4__lr0.01__bs32__seed19_seed19,pendigits,dyn,symmetric-hamiltonian,4,19,0.01,32,2000,True,plus,True,False,1.501110859085163,0.504,1.560535113923612,0.4514008004574042,0.5613333333333334,855.0,,36.10638999938965,,184,4,16,6e3df8c2ae7503394992a62eaa877ace7721f2bc,False
complete,pendigits,pendigits__dyn__symmetric-hamiltonian__L4__lr0.01__bs32__seed1,results/runs/pendigits_ablation_spectrum-only/pendigits__dyn__symmetric-hamiltonian__L4__lr0.01__bs32__seed1_seed1,pendigits,dyn,symmetric-hamiltonian,4,1,0.01,32,2000,True,plus,True,False,1.4216291627476927,0.568,1.4938145483062464,0.5157232704402516,0.568,904.7999999999998,,35.209521532058716,,184,4,16,6e3df8c2ae7503394992a62eaa877ace7721f2bc,False
complete,pendigits,pendigits__dyn__symmetric-hamiltonian__L4__lr0.01__bs32__seed2,results/runs/pendigits_ablation_spectrum-only/pendigits__dyn__symmetric-hamiltonian__L4__lr0.01__bs32__seed2_seed2,pendigits,dyn,symmetric-hamiltonian,4,2,0.01,32,2000,True,plus,True,False,1.4143255848572514,0.548,1.5134273943877772,0.4985706117781589,0.552,918.5333333333332,,36.18215489387512,,184,4,16,6e3df8c2ae7503394992a62eaa877ace7721f2bc,False
complete,pendigits,pendigits__dyn__symmetric-hamiltonian__L4__lr0.01__bs32__seed3,results/runs/pendigits_ablation_spectrum-only/pendigits__dyn__symmetric-hamiltonian__L4__lr0.01__bs32__seed3_seed3,pendigits,dyn,symmetric-hamiltonian,4,3,0.01,32,2000,True,plus,True,False,1.552729534028824,0.484,1.620438366121812,0.4282447112635792,0.5533333333333333,882.4666666666668,,35.6854567527771,,184,4,16,6e3df8c2ae7503394992a62eaa877ace7721f2bc,False
complete,pendigits,pendigits__dyn__symmetric-hamiltonian__L4__lr0.01__bs32__seed4,results/runs/pendigits_ablation_spectrum-only/pendigits__dyn__symmetric-hamiltonian__L4__lr0.01__bs32__seed4_seed4,pendigits,dyn,symmetric-hamiltonian,4,4,0.01,32,2000,True,plus,True,False,1.4542480021100888,0.5213333333333333,1.5265810698398155,0.46826758147512865,0.544,855.1333333333334,,35.294487714767456,,184,4,16,6e3df8c2ae7503394992a62eaa877ace7721f2bc,False
complete,pendigits,pendigits__dyn__symmetric-hamiltonian__L4__lr0.01__bs32__seed5,results/runs/pendigits_ablation_spectrum-only/pendigits__dyn__symmetric-hamiltonian__L4__lr0.01__bs32__seed5_seed5,pendigits,dyn,symmetric-hamiltonian,4,5,0.01,32,2000,True,plus,True,False,1.4672812305969467,0.5373333333333333,1.5332633635000232,0.48427672955974843,0.548,832.8666666666667,,35.04431700706482,,184,4,16,6e3df8c2ae7503394992a62eaa877ace7721f2bc,False
complete,pendigits,pendigits__dyn__symmetric-hamiltonian__L4__lr0.01__bs32__seed6,results/runs/pendigits_ablation_spectrum-only/pendigits__dyn__symmetric-hamiltonian__L4__lr0.01__bs32__seed6_seed6,pendigits,dyn,symmetric-hamiltonian,4,6,0.01,32,2000,True,plus,True,False,1.4870924835054915,0.5106666666666667,1.5726893869199396,0.44568324757004,0.556,883.4,,35.591821908950806,,184,4,16,6e3df8c2ae7503394992a62eaa877ace7721f2bc,False
complete,pendigits,pendigits__dyn__symmetric-hamiltonian__L4__lr0.01__bs32__seed7,results/runs/pendigits_ablation_spectrum-only/pendigits__dyn__symmetric-hamiltonian__L4__lr0.01__bs32__seed7_seed7,pendigits,dyn,symmetric-hamiltonian,4,7,0.01,32,2000,True,plus,True,False,1.5088728000162592,0.5293333333333333,1.5766314973418187,0.48198970840480276,0.56,854.1333333333334,,35.9145781993866,,184,4,16,6e3df8c2ae7503394992a62eaa877ace7721f2bc,False
complete,pendigits,pendigits__dyn__symmetric-hamiltonian__L4__lr0.01__bs32__seed8,results/runs/pendigits_ablation_spectrum-only/pendigits__dyn__symmetric-hamiltonian__L4__lr0.01__bs32__seed8_seed8,pendigits,dyn,symmetric-hamiltonian,4,8,0.01,32,2000,True,plus,True,False,1.4995628604007618,0.5133333333333333,1.568092307492632,0.4439679817038308,0.584,929.0000000000001,,35.175548791885376,,184,4,16,6e3df8c2ae7503394992a62eaa877ace7721f2bc,False
complete,pendigits,pendigits__dyn__symmetric-hamiltonian__L4__lr0.01__bs32__seed9,results/runs/pendigits_ablation_spectrum-only/pendigits__dyn__symmetric-hamiltonian__L4__lr0.01__bs32__seed9_seed9,pendigits,dyn,symmetric-hamiltonian,4,9,0.01,32,2000,True,plus,True,False,1.490588309875158,0.52,1.574062188820947,0.46255002858776445,0.5506666666666666,879.0,,35.43917775154114,,184,4,16,6e3df8c2ae7503394992a62eaa877ace7721f2bc,False
complete,pendigits,pendigits__dyn__symmetric-hamiltonian__L8__lr0.01__bs32__seed0,results/runs/pendigits_ablation_spectrum-only/pendigits__dyn__symmetric-hamiltonian__L8__lr0.01__bs32__seed0_seed0,pendigits,dyn,symmetric-hamiltonian,8,0,0.01,32,2000,True,plus,True,False,1.3968334246796867,0.5546666666666666,1.4794587139563384,0.4957118353344768,0.5626666666666666,917.9333333333334,,55.93055057525635,,368,4,16,6e3df8c2ae7503394992a62eaa877ace7721f2bc,False
complete,pendigits,pendigits__dyn__symmetric-hamiltonian__L8__lr0.01__bs32__seed10,results/runs/pendigits_ablation_spectrum-only/pendigits__dyn__symmetric-hamiltonian__L8__lr0.01__bs32__seed10_seed10,pendigits,dyn,symmetric-hamiltonian,8,10,0.01,32,2000,True,plus,True,False,1.3891454029133292,0.5386666666666666,1.5058598423966827,0.4839908519153802,0.572,838.0666666666666,,57.07909893989563,,368,4,16,6e3df8c2ae7503394992a62eaa877ace7721f2bc,False
complete,pendigits,pendigits__dyn__symmetric-hamiltonian__L8__lr0.01__bs32__seed11,results/runs/pendigits_ablation_spectrum-only/pendigits__dyn__symmetric-hamiltonian__L8__lr0.01__bs32__seed11_seed11,pendigits,dyn,symmetric-hamiltonian,8,11,0.01,32,2000,True,plus,True,False,1.5893860188860045,0.42933333333333334,1.7470676329967896,0.3642081189251001,0.5586666666666666,792.2666666666668,,55.4081346988678,,368,4,16,6e3df8c2ae7503394992a62eaa877ace7721f2bc,False
complete,pendigits,pendigits__dyn__symmetric-hamiltonian__L8__lr0.01__bs32__seed12,results/runs/pendigits_ablation_spectrum-only/pendigits__dyn__symmetric-hamiltonian__L8__lr0.01__bs32__seed12_seed12,pendigits,dyn,symmetric-hamiltonian,8,12,0.01,32,2000,True,plus,True,False,1.415709759550559,0.512,1.5435394168163081,0.4702687249857061,0.5893333333333334,895.6666666666669,,55.667922496795654,,368,4,16,6e3df8c2ae7503394992a62eaa877ace7721f2bc,False
complete,pendigits,pendigits__dyn__symmetric-hamiltonian__L8__lr0.01__bs32__seed13,results/runs/pendigits_ablation_spectrum-only/pendigits__dyn__symmetric-hamiltonian__L8__lr0.01__bs32__seed13_seed13,pendigits,dyn,symmetric-hamiltonian,8,13,0.01,32,2000,True,plus,True,False,1.3137080202513847,0.596,1.3968013090273252,0.531160663236135,0.596,941.5999999999998,,57.477893114089966,,368,4,16,6e3df8c2ae7503394992a62eaa877ace7721f2bc,False
complete,pendigits,pendigits__dyn__symmetric-hamiltonian__L8__lr0.01__bs32__seed14,results/runs/pendigits_ablation_spectrum-only/pendigits__dyn__symmetric-hamiltonian__L8__lr0.01__bs32__seed14_seed14,pendigits,dyn,symmetric-hamiltonian,8,14,0.01,32,2000,True,plus,True,False,1.452648564086742,0.5293333333333333,1.5687839139712774,0.4957118353344768,0.5546666666666666,856.1999999999999,,56.900959730148315,,368,4,16,6e3df8c2ae7503394992a62eaa877ace7721f2bc,False
complete,pendigits,pendigits__dyn__symmetric-hamiltonian__L8__lr0.01__bs32__seed15,results/runs/pendigits_ablation_spectrum-only/pendigits__dyn__symmetric-hamiltonian__L8__lr0.01__bs32__seed15_seed15,pendigits,dyn,symmetric-hamiltonian,8,15,0.01,32,2000,True,plus,True,False,1.37396969160765,0.5693333333333334,1.4747728302995013,0.5040022870211549,0.5933333333333334,885.0,,56.41138958930969,,368,4,16,6e3df8c2ae7503394992a62eaa877ace7721f2bc,False
complete,pendigits,pendigits__dyn__symmetric-hamiltonian__L8__lr0.01__bs32__seed16,results/runs/pendigits_ablation_spectrum-only/pendigits__dyn__symmetric-hamiltonian__L8__lr0.01__bs32__seed16_seed16,pendigits,dyn,symmetric-hamiltonian,8,16,0.01,32,2000,True,plus,True,False,1.379613472742906,0.56,1.4941364316180088,0.5142938822184105,0.5626666666666666,861.8666666666668,,55.566556215286255,,368,4,16,6e3df8c2ae7503394992a62eaa877ace7721f2bc,False
complete,pendigits,pendigits__dyn__symmetric-hamiltonian__L8__lr0.01__bs32__seed17,results/runs/pendigits_ablation_spectrum-only/pendigits__dyn__symmetric-hamiltonian__L8__lr0.01__bs32__seed17_seed17,pendigits,dyn,symmetric-hamiltonian,8,17,0.01,32,2000,True,plus,True,False,1.3908244386620543,0.5613333333333334,1.4832543348981124,0.4957118353344768,0.5813333333333334,845.0,,56.893712520599365,,368,4,16,6e3df8c2ae7503394992a62eaa877ace7721f2bc,False
complete,pendigits,pendigits__dyn__symmetric-hamiltonian__L8__lr0.01__bs32__seed18,results/runs/pendigits_ablation_spectrum-only/pendigits__dyn__symmetric-hamiltonian__L8__lr0.01__bs32__seed18_seed18,pendigits,dyn,symmetric-hamiltonian,8,18,0.01,32,2000,True,plus,True,False,1.3652755742821223,0.5773333333333334,1.450573924135405,0.5060034305317325,0.5853333333333334,930.6,,58.32352066040039,,368,4,16,6e3df8c2ae7503394992a62eaa877ace7721f2bc,False
complete,pendigits,pendigits__dyn__symmetric-hamiltonian__L8__lr0.01__bs32__seed19,results/runs/pendigits_ablation_spectrum-only/pendigits__dyn__symmetric-hamiltonian__L8__lr0.01__bs32__seed19_seed19,pendigits,dyn,symmetric-hamiltonian,8,19,0.01,32,2000,True,plus,True,False,1.385039628694243,0.548,1.4749562847128923,0.49914236706689535,0.5906666666666667,886.5333333333331,,58.435219049453735,,368,4,16,6e3df8c2ae7503394992a62eaa877ace7721f2bc,False
complete,pendigits,pendigits__dyn__symmetric-hamiltonian__L8__lr0.01__bs32__seed1,results/runs/pendigits_ablation_spectrum-only/pendigits__dyn__symmetric-hamiltonian__L8__lr0.01__bs32__seed1_seed1,pendigits,dyn,symmetric-hamiltonian,8,1,0.01,32,2000,True,plus,True,False,1.3858158179713134,0.5466666666666666,1.4483575764311165,0.5085763293310464,0.5493333333333333,875.2000000000002,,56.75559186935425,,368,4,16,6e3df8c2ae7503394992a62eaa877ace7721f2bc,False
complete,pendigits,pendigits__dyn__symmetric-hamiltonian__L8__lr0.01__bs32__seed2,results/runs/pendigits_ablation_spectrum-only/pendigits__dyn__symmetric-hamiltonian__L8__lr0.01__bs32__seed2_seed2,pendigits,dyn,symmetric-hamiltonian,8,2,0.01,32,2000,True,plus,True,False,1.3724577882715379,0.568,1.4752465304040479,0.5131503716409377,0.5693333333333334,883.8000000000001,,57.05242466926575,,368,4,16,6e3df8c2ae7503394992a62eaa877ace7721f2bc,False
complete,pendigits,pendigits__dyn__symmetric-hamiltonian__L8__lr0.01__bs32__seed3,results/runs/pendigits_ablation_spectrum-only/pendigits__dyn__symmetric-hamiltonian__L8__lr0.01__bs32__seed3_seed3,pendigits,dyn,symmetric-hamiltonian,8,3,0.01,32,2000,True,plus,True,False,1.5558486470653485,0.5333333333333333,1.6608528806273253,0.482275586049171,0.5773333333333334,910.1333333333332,,56.009320974349976,,368,4,16,6e3df8c2ae7503394992a62eaa877ace7721f2bc,False
complete,pendigits,pendigits__dyn__symmetric-hamiltonian__L8__lr0.01__bs32__seed4,results/runs/pendigits_ablation_spectrum-only/pendigits__dyn__symmetric-hamiltonian__L8__lr0.01__bs32__seed4_seed4,pendigits,dyn,symmetric-hamiltonian,8,4,0.01,32,2000,True,plus,True,False,1.6179416765529635,0.4826666666666667,1.6337560034114005,0.45654659805603204,0.548,896.5333333333332,,56.48949646949768,,368,4,16,6e3df8c2ae7503394992a62eaa877ace7721f2bc,False
complete,pendigits,pendigits__dyn__symmetric-hamiltonian__L8__lr0.01__bs32__seed5,results/runs/pendigits_ablation_spectrum-only/pendigits__dyn__symmetric-hamiltonian__L8__lr0.01__bs32__seed5_seed5,pendigits,dyn,symmetric-hamiltonian,8,5,0.01,32,2000,True,plus,True,False,1.660796550438504,0.48,1.793360508091398,0.41680960548885077,0.5626666666666666,905.1333333333333,,59.41359758377075,,368,4,16,6e3df8c2ae7503394992a62eaa877ace7721f2bc,False
complete,pendigits,pendigits__dyn__symmetric-hamiltonian__L8__lr0.01__bs32__seed6,results/runs/pendigits_ablation_spectrum-only/pendigits__dyn__symmetric-hamiltonian__L8__lr0.01__bs32__seed6_seed6,pendigits,dyn,symmetric-hamiltonian,8,6,0.01,32,2000,True,plus,True,False,1.358969711895907,0.5266666666666666,1.4163906263982171,0.4954259576901086,0.5893333333333334,865.6,,59.04655361175537,,368,4,16,6e3df8c2ae7503394992a62eaa877ace7721f2bc,False
complete,pendigits,pendigits__dyn__symmetric-hamiltonian__L8__lr0.01__bs32__seed7,results/runs/pendigits_ablation_spectrum-only/pendigits__dyn__symmetric-hamiltonian__L8__lr0.01__bs32__seed7_seed7,pendigits,dyn,symmetric-hamiltonian,8,7,0.01,32,2000,True,plus,True,False,1.3666783149281203,0.5453333333333333,1.452699204325316,0.5165809033733562,0.5573333333333333,895.0666666666667,,55.66899871826172,,368,4,16,6e3df8c2ae7503394992a62eaa877ace7721f2bc,False
complete,pendigits,pendigits__dyn__symmetric-hamiltonian__L8__lr0.01__bs32__seed8,results/runs/pendigits_ablation_spectrum-only/pendigits__dyn__symmetric-hamiltonian__L8__lr0.01__bs32__seed8_seed8,pendigits,dyn,symmetric-hamiltonian,8,8,0.01,32,2000,True,plus,True,False,1.3100106486571852,0.5706666666666667,1.4010132272858964,0.5297312750142938,0.5706666666666667,883.8666666666667,,55.83710193634033,,368,4,16,6e3df8c2ae7503394992a62eaa877ace7721f2bc,False
complete,pendigits,pendigits__dyn__symmetric-hamiltonian__L8__lr0.01__bs32__seed9,results/runs/pendigits_ablation_spectrum-only/pendigits__dyn__symmetric-hamiltonian__L8__lr0.01__bs32__seed9_seed9,pendigits,dyn,symmetric-hamiltonian,8,9,0.01,32,2000,True,plus,True,False,1.4348662788577042,0.5226666666666666,1.4980480090022845,0.4942824471126358,0.588,885.1333333333333,,70.84868097305298,,368,4,16,6e3df8c2ae7503394992a62eaa877ace7721f2bc,False
complete,pendigits,pendigits__sta4__symmetric-hamiltonian__L16__lr0.01__bs32__seed0,results/runs/pendigits_ablation_spectrum-only/pendigits__sta4__symmetric-hamiltonian__L16__lr0.01__bs32__seed0_seed0,pendigits,sta4,symmetric-hamiltonian,16,0,0.01,32,2000,True,plus,True,False,2.217677539467346,0.224,2.163125252786908,0.24128073184676957,0.2613333333333333,378.79999999999995,,100.02391695976257,,736,4,16,6e3df8c2ae7503394992a62eaa877ace7721f2bc,False
complete,pendigits,pendigits__sta4__symmetric-hamiltonian__L16__lr0.01__bs32__seed10,results/runs/pendigits_ablation_spectrum-only/pendigits__sta4__symmetric-hamiltonian__L16__lr0.01__bs32__seed10_seed10,pendigits,sta4,symmetric-hamiltonian,16,10,0.01,32,2000,True,plus,True,False,2.084492174449705,0.25866666666666666,2.1085298788250055,0.26500857632933106,0.2786666666666667,398.0666666666667,,100.64561557769775,,736,4,16,6e3df8c2ae7503394992a62eaa877ace7721f2bc,False
complete,pendigits,pendigits__sta4__symmetric-hamiltonian__L16__lr0.01__bs32__seed11,results/runs/pendigits_ablation_spectrum-only/pendigits__sta4__symmetric-hamiltonian__L16__lr0.01__bs32__seed11_seed11,pendigits,sta4,symmetric-hamiltonian,16,11,0.01,32,2000,True,plus,True,False,2.1354381516507996,0.252,2.1085104035200373,0.2504288164665523,0.2813333333333333,394.1333333333333,,98.08159923553467,,736,4,16,6e3df8c2ae7503394992a62eaa877ace7721f2bc,False
complete,pendigits,pendigits__sta4__symmetric-hamiltonian__L16__lr0.01__bs32__seed12,results/runs/pendigits_ablation_spectrum-only/pendigits__sta4__symmetric-hamiltonian__L16__lr0.01__bs32__seed12_seed12,pendigits,sta4,symmetric-hamiltonian,16,12,0.01,32,2000,True,plus,True,False,2.37605528061649,0.17066666666666666,2.304674771227192,0.18096054888507718,0.2853333333333333,346.1333333333333,,99.16912937164307,,736,4,16,6e3df8c2ae7503394992a62eaa877ace7721f2bc,False
complete,pendigits,pendigits__sta4__symmetric-hamiltonian__L16__lr0.01__bs32__seed13,results/runs/pendigits_ablation_spectrum-only/pendigits__sta4__symmetric-hamiltonian__L16__lr0.01__bs32__seed13_seed13,pendigits,sta4,symmetric-hamiltonian,16,13,0.01,32,2000,True,plus,True,False,2.1818204345958794,0.23066666666666666,2.1773775291978983,0.19954259576901087,0.268,418.33333333333326,,99.33597302436829,,736,4,16,6e3df8c2ae7503394992a62eaa877ace7721f2bc,False
complete,pendigits,pendigits__sta4__symmetric-hamiltonian__L16__lr0.01__bs32__seed14,results/runs/pendigits_ablation_spectrum-only/pendigits__sta4__symmetric-hamiltonian__L16__lr0.01__bs32__seed14_seed14,pendigits,sta4,symmetric-hamiltonian,16,14,0.01,32,2000,True,plus,True,False,2.106062632013129,0.24933333333333332,2.1315848386349443,0.25414522584333904,0.264,362.59999999999997,,100.29094195365906,,736,4,16,6e3df8c2ae7503394992a62eaa877ace7721f2bc,False
complete,pendigits,pendigits__sta4__symmetric-hamiltonian__L16__lr0.01__bs32__seed15,results/runs/pendigits_ablation_spectrum-only/pendigits__sta4__symmetric-hamiltonian__L16__lr0.01__bs32__seed15_seed15,pendigits,sta4,symmetric-hamiltonian,16,15,0.01,32,2000,True,plus,True,False,2.217285333300208,0.216,2.2164006938538336,0.20783304745568895,0.28,389.0000000000001,,99.63281464576721,,736,4,16,6e3df8c2ae7503394992a62eaa877ace7721f2bc,False
complete,pendigits,pendigits__sta4__symmetric-hamiltonian__L16__lr0.01__bs32__seed16,results/runs/pendigits_ablation_spectrum-only/pendigits__sta4__symmetric-hamiltonian__L16__lr0.01__bs32__seed16_seed16,pendigits,sta4,symmetric-hamiltonian,16,16,0.01,32,2000,True,plus,True,False,2.2586629547269523,0.2693333333333333,2.1620352723806073,0.26500857632933106,0.30266666666666664,427.4666666666666,,105.48037314414978,,736,4,16,6e3df8c2ae7503394992a62eaa877ace7721f2bc,False
complete,pendigits,pendigits__sta4__symmetric-hamiltonian__L16__lr0.01__bs32__seed17,results/runs/pendigits_ablation_spectrum-only/pendigits__sta4__symmetric-hamiltonian__L16__lr0.01__bs32__seed17_seed17,pendigits,sta4,symmetric-hamiltonian,16,17,0.01,32,2000,True,plus,True,False,2.1463647305024325,0.288,2.1352248861756333,0.2715837621497999,0.29333333333333333,386.1333333333333,,97.74777483940125,,736,4,16,6e3df8c2ae7503394992a62eaa877ace7721f2bc,False
complete,pendigits,pendigits__sta4__symmetric-hamiltonian__L16__lr0.01__bs32__seed18,results/runs/pendigits_ablation_spectrum-only/pendigits__sta4__symmetric-hamiltonian__L16__lr0.01__bs32__seed18_seed18,pendigits,sta4,symmetric-hamiltonian,16,18,0.01,32,2000,True,plus,True,False,2.173118946086717,0.25333333333333335,2.150307679278387,0.25614636935391655,0.29733333333333334,384.53333333333325,,100.9011721611023,,736,4,16,6e3df8c2ae7503394992a62eaa877ace7721f2bc,False
complete,pendigits,pendigits__sta4__symmetric-hamiltonian__L16__lr0.01__bs32__seed19,results/runs/pendigits_ablation_spectrum-only/pendigits__sta4__symmetric-hamiltonian__L16__lr0.01__bs32__seed19_seed19,pendigits,sta4,symmetric-hamiltonian,16,19,0.01,32,2000,True,plus,True,False,2.35088081600632,0.22,2.3558341433806875,0.2141223556317896,0.276,401.9333333333333,,102.38395714759827,,736,4,16,6e3df8c2ae7503394992a62eaa877ace7721f2bc,False
complete,pendigits,pendigits__sta4__symmetric-hamiltonian__L16__lr0.01__bs32__seed1,results/runs/pendigits_ablation_spectrum-only/pendigits__sta4__symmetric-hamiltonian__L16__lr0.01__bs32__seed1_seed1,pendigits,sta4,symmetric-hamiltonian,16,1,0.01,32,2000,True,plus,True,False,2.2009292956823674,0.176,2.2616734517680075,0.14122355631789593,0.296,388.1333333333332,,100.0315990447998,,736,4,16,6e3df8c2ae7503394992a62eaa877ace7721f2bc,False
complete,pendigits,pendigits__sta4__symmetric-hamiltonian__L16__lr0.01__bs32__seed2,results/runs/pendigits_ablation_spectrum-only/pendigits__sta4__symmetric-hamiltonian__L16__lr0.01__bs32__seed2_seed2,pendigits,sta4,symmetric-hamiltonian,16,2,0.01,32,2000,True,plus,True,False,2.4047417510737756,0.252,2.3836350550673826,0.24899942824471127,0.26266666666666666,406.19999999999993,,103.05960774421692,,736,4,16,6e3df8c2ae7503394992a62eaa877ace7721f2bc,False
complete,pendigits,pendigits__sta4__symmetric-hamiltonian__L16__lr0.01__bs32__seed3,results/runs/pendigits_ablation_spectrum-only/pendigits__sta4__symmetric-hamiltonian__L16__lr0.01__bs32__seed3_seed3,pendigits,sta4,symmetric-hamiltonian,16,3,0.01,32,2000,True,plus,True,False,2.2752931958646827,0.212,2.214659793890254,0.22069754145225842,0.27466666666666667,375.2,,100.14396357536316,,736,4,16,6e3df8c2ae7503394992a62eaa877ace7721f2bc,False
complete,pendigits,pendigits__sta4__symmetric-hamiltonian__L16__lr0.01__bs32__seed4,results/runs/pendigits_ablation_spectrum-only/pendigits__sta4__symmetric-hamiltonian__L16__lr0.01__bs32__seed4_seed4,pendigits,sta4,symmetric-hamiltonian,16,4,0.01,32,2000,True,plus,True,False,2.215071178224272,0.196,2.168257850023398,0.18839336763865067,0.284,346.4666666666667,,101.13305592536926,,736,4,16,6e3df8c2ae7503394992a62eaa877ace7721f2bc,False
complete,pendigits,pendigits__sta4__symmetric-hamiltonian__L16__lr0.01__bs32__seed5,results/runs/pendigits_ablation_spectrum-only/pendigits__sta4__symmetric-hamiltonian__L16__lr0.01__bs32__seed5_seed5,pendigits,sta4,symmetric-hamiltonian,16,5,0.01,32,2000,True,plus,True,False,2.3351792628424772,0.16933333333333334,2.3464221929273923,0.1843910806174957,0.27066666666666667,357.86666666666656,,99.38043904304504,,736,4,16,6e3df8c2ae7503394992a62eaa877ace7721f2bc,False
complete,pendigits,pendigits__sta4__symmetric-hamiltonian__L16__lr0.01__bs32__seed6,results/runs/pendigits_ablation_spectrum-only/pendigits__sta4__symmetric-hamiltonian__L16__lr0.01__bs32__seed6_seed6,pendigits,sta4,symmetric-hamiltonian,16,6,0.01,32,2000,True,plus,True,False,2.127476821809877,0.24933333333333332,2.1251858192933493,0.2518582046883934,0.25333333333333335,351.4000000000001,,99.96231317520142,,736,4,16,6e3df8c2ae7503394992a62eaa877ace7721f2bc,False
complete,pendigits,pendigits__sta4__symmetric-hamiltonian__L16__lr0.01__bs32__seed7,results/runs/pendigits_ablation_spectrum-only/pendigits__sta4__symmetric-hamiltonian__L16__lr0.01__bs32__seed7_seed7,pendigits,sta4,symmetric-hamiltonian,16,7,0.01,32,2000,True,plus,True,False,2.206916076759966,0.20666666666666667,2.1681743943576857,0.20554602630074328,0.29333333333333333,370.5333333333333,,105.02248215675354,,736,4,16,6e3df8c2ae7503394992a62eaa877ace7721f2bc,False
complete,pendigits,pendigits__sta4__symmetric-hamiltonian__L16__lr0.01__bs32__seed8,results/runs/pendigits_ablation_spectrum-only/pendigits__sta4__symmetric-hamiltonian__L16__lr0.01__bs32__seed8_seed8,pendigits,sta4,symmetric-hamiltonian,16,8,0.01,32,2000,True,plus,True,False,2.2238572821950124,0.2613333333333333,2.16935490157234,0.25929102344196686,0.28,402.4,,101.75351047515869,,736,4,16,6e3df8c2ae7503394992a62eaa877ace7721f2bc,False
complete,pendigits,pendigits__sta4__symmetric-hamiltonian__L16__lr0.01__bs32__seed9,results/runs/pendigits_ablation_spectrum-only/pendigits__sta4__symmetric-hamiltonian__L16__lr0.01__bs32__seed9_seed9,pendigits,sta4,symmetric-hamiltonian,16,9,0.01,32,2000,True,plus,True,False,2.158060795210636,0.21333333333333335,2.151253086089995,0.214694110920526,0.30133333333333334,401.6666666666667,,99.82543277740479,,736,4,16,6e3df8c2ae7503394992a62eaa877ace7721f2bc,False
complete,pendigits,pendigits__sta4__symmetric-hamiltonian__L1__lr0.01__bs32__seed0,results/runs/pendigits_ablation_spectrum-only/pendigits__sta4__symmetric-hamiltonian__L1__lr0.01__bs32__seed0_seed0,pendigits,sta4,symmetric-hamiltonian,1,0,0.01,32,2000,True,plus,True,False,2.177956271680927,0.21333333333333335,2.1793545362901683,0.21526586620926244,0.22533333333333333,346.2666666666667,,18.734320163726807,,46,4,16,6e3df8c2ae7503394992a62eaa877ace7721f2bc,False
complete,pendigits,pendigits__sta4__symmetric-hamiltonian__L1__lr0.01__bs32__seed10,results/runs/pendigits_ablation_spectrum-only/pendigits__sta4__symmetric-hamiltonian__L1__lr0.01__bs32__seed10_seed10,pendigits,sta4,symmetric-hamiltonian,1,10,0.01,32,2000,True,plus,True,False,2.2046578288705696,0.17866666666666667,2.1963571280330645,0.17181246426529445,0.228,334.3333333333333,,18.76724338531494,,46,4,16,6e3df8c2ae7503394992a62eaa877ace7721f2bc,False
complete,pendigits,pendigits__sta4__symmetric-hamiltonian__L1__lr0.01__bs32__seed11,results/runs/pendigits_ablation_spectrum-only/pendigits__sta4__symmetric-hamiltonian__L1__lr0.01__bs32__seed11_seed11,pendigits,sta4,symmetric-hamiltonian,1,11,0.01,32,2000,True,plus,True,False,2.174420903454544,0.21333333333333335,2.1701433413264355,0.22327044025157233,0.22,342.79999999999995,,19.236305713653564,,46,4,16,6e3df8c2ae7503394992a62eaa877ace7721f2bc,False
complete,pendigits,pendigits__sta4__symmetric-hamiltonian__L1__lr0.01__bs32__seed12,results/runs/pendigits_ablation_spectrum-only/pendigits__sta4__symmetric-hamiltonian__L1__lr0.01__bs32__seed12_seed12,pendigits,sta4,symmetric-hamiltonian,1,12,0.01,32,2000,True,plus,True,False,2.1867378735537035,0.18533333333333332,2.204751039512557,0.1895368782161235,0.21866666666666668,318.99999999999994,,20.292585372924805,,46,4,16,6e3df8c2ae7503394992a62eaa877ace7721f2bc,False
complete,pendigits,pendigits__sta4__symmetric-hamiltonian__L1__lr0.01__bs32__seed13,results/runs/pendigits_ablation_spectrum-only/pendigits__sta4__symmetric-hamiltonian__L1__lr0.01__bs32__seed13_seed13,pendigits,sta4,symmetric-hamiltonian,1,13,0.01,32,2000,True,plus,True,False,2.186639646530454,0.21866666666666668,2.1866303300263548,0.2226986849628359,0.22,340.2666666666666,,18.998194694519043,,46,4,16,6e3df8c2ae7503394992a62eaa877ace7721f2bc,False
complete,pendigits,pendigits__sta4__symmetric-hamiltonian__L1__lr0.01__bs32__seed14,results/runs/pendigits_ablation_spectrum-only/pendigits__sta4__symmetric-hamiltonian__L1__lr0.01__bs32__seed14_seed14,pendigits,sta4,symmetric-hamiltonian,1,14,0.01,32,2000,True,plus,True,False,2.184438089573916,0.17066666666666666,2.182784014158509,0.17895940537449972,0.21066666666666667,326.06666666666666,,19.821876764297485,,46,4,16,6e3df8c2ae7503394992a62eaa877ace7721f2bc,False
complete,pendigits,pendigits__sta4__symmetric-hamiltonian__L1__lr0.01__bs32__seed15,results/runs/pendigits_ablation_spectrum-only/pendigits__sta4__symmetric-hamiltonian__L1__lr0.01__bs32__seed15_seed15,pendigits,sta4,symmetric-hamiltonian,1,15,0.01,32,2000,True,plus,True,False,2.17742001661194,0.22133333333333333,2.1771044212972663,0.22384219554030874,0.22133333333333333,335.4,,20.277620315551758,,46,4,16,6e3df8c2ae7503394992a62eaa877ace7721f2bc,False
complete,pendigits,pendigits__sta4__symmetric-hamiltonian__L1__lr0.01__bs32__seed16,results/runs/pendigits_ablation_spectrum-only/pendigits__sta4__symmetric-hamiltonian__L1__lr0.01__bs32__seed16_seed16,pendigits,sta4,symmetric-hamiltonian,1,16,0.01,32,2000,True,plus,True,False,2.1848883403665735,0.216,2.1786849935331474,0.2141223556317896,0.224,346.2,,19.421969652175903,,46,4,16,6e3df8c2ae7503394992a62eaa877ace7721f2bc,False
complete,pendigits,pendigits__sta4__symmetric-hamiltonian__L1__lr0.01__bs32__seed17,results/runs/pendigits_ablation_spectrum-only/pendigits__sta4__symmetric-hamiltonian__L1__lr0.01__bs32__seed17_seed17,pendigits,sta4,symmetric-hamiltonian,1,17,0.01,32,2000,True,plus,True,False,2.186217735972444,0.20133333333333334,2.187769596901206,0.18753573470554602,0.23333333333333334,334.0666666666667,,18.568444967269897,,46,4,16,6e3df8c2ae7503394992a62eaa877ace7721f2bc,False
complete,pendigits,pendigits__sta4__symmetric-hamiltonian__L1__lr0.01__bs32__seed18,results/runs/pendigits_ablation_spectrum-only/pendigits__sta4__symmetric-hamiltonian__L1__lr0.01__bs32__seed18_seed18,pendigits,sta4,symmetric-hamiltonian,1,18,0.01,32,2000,True,plus,True,False,2.1774307979824363,0.19866666666666666,2.187323319624975,0.21269296740994853,0.22133333333333333,330.3333333333333,,19.379230976104736,,46,4,16,6e3df8c2ae7503394992a62eaa877ace7721f2bc,False
complete,pendigits,pendigits__sta4__symmetric-hamiltonian__L1__lr0.01__bs32__seed19,results/runs/pendigits_ablation_spectrum-only/pendigits__sta4__symmetric-hamiltonian__L1__lr0.01__bs32__seed19_seed19,pendigits,sta4,symmetric-hamiltonian,1,19,0.01,32,2000,True,plus,True,False,2.2003367633048523,0.19466666666666665,2.19076581661521,0.19925671812464266,0.22266666666666668,337.0,,20.196508407592773,,46,4,16,6e3df8c2ae7503394992a62eaa877ace7721f2bc,False
complete,pendigits,pendigits__sta4__symmetric-hamiltonian__L1__lr0.01__bs32__seed1,results/runs/pendigits_ablation_spectrum-only/pendigits__sta4__symmetric-hamiltonian__L1__lr0.01__bs32__seed1_seed1,pendigits,sta4,symmetric-hamiltonian,1,1,0.01,32,2000,True,plus,True,False,2.1677363384460184,0.19333333333333333,2.1770357786253656,0.18782161234991424,0.212,332.8666666666668,,19.1753191947937,,46,4,16,6e3df8c2ae7503394992a62eaa877ace7721f2bc,False
complete,pendigits,pendigits__sta4__symmetric-hamiltonian__L1__lr0.01__bs32__seed2,results/runs/pendigits_ablation_spectrum-only/pendigits__sta4__symmetric-hamiltonian__L1__lr0.01__bs32__seed2_seed2,pendigits,sta4,symmetric-hamiltonian,1,2,0.01,32,2000,True,plus,True,False,2.1734985134997684,0.20266666666666666,2.170446422287924,0.21240708976558034,0.21466666666666667,333.26666666666665,,19.19741678237915,,46,4,16,6e3df8c2ae7503394992a62eaa877ace7721f2bc,False
complete,pendigits,pendigits__sta4__symmetric-hamiltonian__L1__lr0.01__bs32__seed3,results/runs/pendigits_ablation_spectrum-only/pendigits__sta4__symmetric-hamiltonian__L1__lr0.01__bs32__seed3_seed3,pendigits,sta4,symmetric-hamiltonian,1,3,0.01,32,2000,True,plus,True,False,2.172390931145432,0.2,2.1591611912392654,0.2089765580331618,0.22266666666666668,342.00000000000006,,20.36811852455139,,46,4,16,6e3df8c2ae7503394992a62eaa877ace7721f2bc,False
complete,pendigits,pendigits__sta4__symmetric-hamiltonian__L1__lr0.01__bs32__seed4,results/runs/pendigits_ablation_spectrum-only/pendigits__sta4__symmetric-hamiltonian__L1__lr0.01__bs32__seed4_seed4,pendigits,sta4,symmetric-hamiltonian,1,4,0.01,32,2000,True,plus,True,False,2.1758829583667043,0.21066666666666667,2.1821142158090394,0.21526586620926244,0.21066666666666667,324.66666666666663,,20.517828464508057,,46,4,16,6e3df8c2ae7503394992a62eaa877ace7721f2bc,False
complete,pendigits,pendigits__sta4__symmetric-hamiltonian__L1__lr0.01__bs32__seed5,results/runs/pendigits_ablation_spectrum-only/pendigits__sta4__symmetric-hamiltonian__L1__lr0.01__bs32__seed5_seed5,pendigits,sta4,symmetric-hamiltonian,1,5,0.01,32,2000,True,plus,True,False,2.1755737274950375,0.20266666666666666,2.1937858238308348,0.19925671812464266,0.22,338.4,,18.907153606414795,,46,4,16,6e3df8c2ae7503394992a62eaa877ace7721f2bc,False
complete,pendigits,pendigits__sta4__symmetric-hamiltonian__L1__lr0.01__bs32__seed6,results/runs/pendigits_ablation_spectrum-only/pendigits__sta4__symmetric-hamiltonian__L1__lr0.01__bs32__seed6_seed6,pendigits,sta4,symmetric-hamiltonian,1,6,0.01,32,2000,True,plus,True,False,2.173365511878074,0.19866666666666666,2.181756849463232,0.16552315608919382,0.21066666666666667,335.66666666666663,,20.513422966003418,,46,4,16,6e3df8c2ae7503394992a62eaa877ace7721f2bc,False
complete,pendigits,pendigits__sta4__symmetric-hamiltonian__L1__lr0.01__bs32__seed7,results/runs/pendigits_ablation_spectrum-only/pendigits__sta4__symmetric-hamiltonian__L1__lr0.01__bs32__seed7_seed7,pendigits,sta4,symmetric-hamiltonian,1,7,0.01,32,2000,True,plus,True,False,2.1637259940267533,0.192,2.175752698988204,0.1952544311034877,0.192,313.93333333333334,,20.513458251953125,,46,4,16,6e3df8c2ae7503394992a62eaa877ace7721f2bc,False
complete,pendigits,pendigits__sta4__symmetric-hamiltonian__L1__lr0.01__bs32__seed8,results/runs/pendigits_ablation_spectrum-only/pendigits__sta4__symmetric-hamiltonian__L1__lr0.01__bs32__seed8_seed8,pendigits,sta4,symmetric-hamiltonian,1,8,0.01,32,2000,True,plus,True,False,2.1564020234255166,0.19733333333333333,2.16820871422381,0.19668381932532875,0.208,320.59999999999997,,18.823254823684692,,46,4,16,6e3df8c2ae7503394992a62eaa877ace7721f2bc,False
complete,pendigits,pendigits__sta4__symmetric-hamiltonian__L1__lr0.01__bs32__seed9,results/runs/pendigits_ablation_spectrum-only/pendigits__sta4__symmetric-hamiltonian__L1__lr0.01__bs32__seed9_seed9,pendigits,sta4,symmetric-hamiltonian,1,9,0.01,32,2000,True,plus,True,False,2.1876477446908087,0.17733333333333334,2.205846095914216,0.1786735277301315,0.20133333333333334,322.73333333333335,,19.08498764038086,,46,4,16,6e3df8c2ae7503394992a62eaa877ace7721f2bc,False
complete,pendigits,pendigits__sta4__symmetric-hamiltonian__L2__lr0.01__bs32__seed0,results/runs/pendigits_ablation_spectrum-only/pendigits__sta4__symmetric-hamiltonian__L2__lr0.01__bs32__seed0_seed0,pendigits,sta4,symmetric-hamiltonian,2,0,0.01,32,2000,True,plus,True,False,2.0742882019932054,0.25866666666666666,2.0509397771698388,0.2692967409948542,0.2733333333333333,431.2666666666667,,24.902703523635864,,92,4,16,6e3df8c2ae7503394992a62eaa877ace7721f2bc,False
complete,pendigits,pendigits__sta4__symmetric-hamiltonian__L2__lr0.01__bs32__seed10,results/runs/pendigits_ablation_spectrum-only/pendigits__sta4__symmetric-hamiltonian__L2__lr0.01__bs32__seed10_seed10,pendigits,sta4,symmetric-hamiltonian,2,10,0.01,32,2000,True,plus,True,False,2.0412064847306106,0.27466666666666667,2.0090393419035544,0.2730131503716409,0.3,469.40000000000003,,25.07466745376587,,92,4,16,6e3df8c2ae7503394992a62eaa877ace7721f2bc,False
complete,pendigits,pendigits__sta4__symmetric-hamiltonian__L2__lr0.01__bs32__seed11,results/runs/pendigits_ablation_spectrum-only/pendigits__sta4__symmetric-hamiltonian__L2__lr0.01__bs32__seed11_seed11,pendigits,sta4,symmetric-hamiltonian,2,11,0.01,32,2000,True,plus,True,False,2.045096411163336,0.24933333333333332,2.046682917492881,0.25471698113207547,0.2866666666666667,409.46666666666675,,24.796346426010132,,92,4,16,6e3df8c2ae7503394992a62eaa877ace7721f2bc,False
complete,pendigits,pendigits__sta4__symmetric-hamiltonian__L2__lr0.01__bs32__seed12,results/runs/pendigits_ablation_spectrum-only/pendigits__sta4__symmetric-hamiltonian__L2__lr0.01__bs32__seed12_seed12,pendigits,sta4,symmetric-hamiltonian,2,12,0.01,32,2000,True,plus,True,False,2.108802741458271,0.244,2.065921428621498,0.2655803316180675,0.25866666666666666,411.3333333333333,,24.903504848480225,,92,4,16,6e3df8c2ae7503394992a62eaa877ace7721f2bc,False
complete,pendigits,pendigits__sta4__symmetric-hamiltonian__L2__lr0.01__bs32__seed13,results/runs/pendigits_ablation_spectrum-only/pendigits__sta4__symmetric-hamiltonian__L2__lr0.01__bs32__seed13_seed13,pendigits,sta4,symmetric-hamiltonian,2,13,0.01,32,2000,True,plus,True,False,2.0579002461146763,0.264,2.081786339618507,0.25300171526586623,0.27466666666666667,429.8666666666667,,24.86156988143921,,92,4,16,6e3df8c2ae7503394992a62eaa877ace7721f2bc,False
complete,pendigits,pendigits__sta4__symmetric-hamiltonian__L2__lr0.01__bs32__seed14,results/runs/pendigits_ablation_spectrum-only/pendigits__sta4__symmetric-hamiltonian__L2__lr0.01__bs32__seed14_seed14,pendigits,sta4,symmetric-hamiltonian,2,14,0.01,32,2000,True,plus,True,False,2.05483463365712,0.25066666666666665,2.058303147678096,0.2655803316180675,0.292,445.0666666666666,,25.09097194671631,,92,4,16,6e3df8c2ae7503394992a62eaa877ace7721f2bc,False
complete,pendigits,pendigits__sta4__symmetric-hamiltonian__L2__lr0.01__bs32__seed15,results/runs/pendigits_ablation_spectrum-only/pendigits__sta4__symmetric-hamiltonian__L2__lr0.01__bs32__seed15_seed15,pendigits,sta4,symmetric-hamiltonian,2,15,0.01,32,2000,True,plus,True,False,2.0826236731377095,0.252,2.0763835323027355,0.27644368210405945,0.28933333333333333,445.26666666666665,,25.10420513153076,,92,4,16,6e3df8c2ae7503394992a62eaa877ace7721f2bc,False
complete,pendigits,pendigits__sta4__symmetric-hamiltonian__L2__lr0.01__bs32__seed16,results/runs/pendigits_ablation_spectrum-only/pendigits__sta4__symmetric-hamiltonian__L2__lr0.01__bs32__seed16_seed16,pendigits,sta4,symmetric-hamiltonian,2,16,0.01,32,2000,True,plus,True,False,2.0827531076974823,0.25866666666666666,2.0689285156499806,0.279874213836478,0.2906666666666667,450.59999999999997,,25.033381938934326,,92,4,16,6e3df8c2ae7503394992a62eaa877ace7721f2bc,False
complete,pendigits,pendigits__sta4__symmetric-hamiltonian__L2__lr0.01__bs32__seed17,results/runs/pendigits_ablation_spectrum-only/pendigits__sta4__symmetric-hamiltonian__L2__lr0.01__bs32__seed17_seed17,pendigits,sta4,symmetric-hamiltonian,2,17,0.01,32,2000,True,plus,True,False,2.0310835524444797,0.296,2.0306333890069217,0.28387650085763294,0.30666666666666664,456.0,,23.34432625770569,,92,4,16,6e3df8c2ae7503394992a62eaa877ace7721f2bc,False
complete,pendigits,pendigits__sta4__symmetric-hamiltonian__L2__lr0.01__bs32__seed18,results/runs/pendigits_ablation_spectrum-only/pendigits__sta4__symmetric-hamiltonian__L2__lr0.01__bs32__seed18_seed18,pendigits,sta4,symmetric-hamiltonian,2,18,0.01,32,2000,True,plus,True,False,2.028745686886084,0.2946666666666667,2.034301338104912,0.29817038307604343,0.2946666666666667,422.5999999999999,,25.10865330696106,,92,4,16,6e3df8c2ae7503394992a62eaa877ace7721f2bc,False
complete,pendigits,pendigits__sta4__symmetric-hamiltonian__L2__lr0.01__bs32__seed19,results/runs/pendigits_ablation_spectrum-only/pendigits__sta4__symmetric-hamiltonian__L2__lr0.01__bs32__seed19_seed19,pendigits,sta4,symmetric-hamiltonian,2,19,0.01,32,2000,True,plus,True,False,2.064733914015758,0.252,2.0750927407663786,0.24585477415666096,0.2866666666666667,429.5999999999999,,25.063409090042114,,92,4,16,6e3df8c2ae7503394992a62eaa877ace7721f2bc,False
complete,pendigits,pendigits__sta4__symmetric-hamiltonian__L2__lr0.01__bs32__seed1,results/runs/pendigits_ablation_spectrum-only/pendigits__sta4__symmetric-hamiltonian__L2__lr0.01__bs32__seed1_seed1,pendigits,sta4,symmetric-hamiltonian,2,1,0.01,32,2000,True,plus,True,False,2.043825252028861,0.2786666666666667,2.0328802825602987,0.28244711263579186,0.284,432.8666666666666,,24.756222248077393,,92,4,16,6e3df8c2ae7503394992a62eaa877ace7721f2bc,False
complete,pendigits,pendigits__sta4__symmetric-hamiltonian__L2__lr0.01__bs32__seed2,results/runs/pendigits_ablation_spectrum-only/pendigits__sta4__symmetric-hamiltonian__L2__lr0.01__bs32__seed2_seed2,pendigits,sta4,symmetric-hamiltonian,2,2,0.01,32,2000,True,plus,True,False,2.058523565707705,0.276,2.03147582515681,0.27615780445969124,0.29733333333333334,439.06666666666666,,24.96021842956543,,92,4,16,6e3df8c2ae7503394992a62eaa877ace7721f2bc,False
complete,pendigits,pendigits__sta4__symmetric-hamiltonian__L2__lr0.01__bs32__seed3,results/runs/pendigits_ablation_spectrum-only/pendigits__sta4__symmetric-hamiltonian__L2__lr0.01__bs32__seed3_seed3,pendigits,sta4,symmetric-hamiltonian,2,3,0.01,32,2000,True,plus,True,False,2.0788425019459984,0.2773333333333333,2.035045250797612,0.29559748427672955,0.2773333333333333,420.59999999999997,,22.765862226486206,,92,4,16,6e3df8c2ae7503394992a62eaa877ace7721f2bc,False
complete,pendigits,pendigits__sta4__symmetric-hamiltonian__L2__lr0.01__bs32__seed4,results/runs/pendigits_ablation_spectrum-only/pendigits__sta4__symmetric-hamiltonian__L2__lr0.01__bs32__seed4_seed4,pendigits,sta4,symmetric-hamiltonian,2,4,0.01,32,2000,True,plus,True,False,2.0250606276651633,0.2946666666666667,2.037740377293152,0.2915951972555746,0.3,469.7333333333333,,26.544301509857178,,92,4,16,6e3df8c2ae7503394992a62eaa877ace7721f2bc,False
complete,pendigits,pendigits__sta4__symmetric-hamiltonian__L2__lr0.01__bs32__seed5,results/runs/pendigits_ablation_spectrum-only/pendigits__sta4__symmetric-hamiltonian__L2__lr0.01__bs32__seed5_seed5,pendigits,sta4,symmetric-hamiltonian,2,5,0.01,32,2000,True,plus,True,False,2.109074544920915,0.19466666666666665,2.1152064434570117,0.19639794168096056,0.2786666666666667,406.59999999999997,,25.559630393981934,,92,4,16,6e3df8c2ae7503394992a62eaa877ace7721f2bc,False
complete,pendigits,pendigits__sta4__symmetric-hamiltonian__L2__lr0.01__bs32__seed6,results/runs/pendigits_ablation_spectrum-only/pendigits__sta4__symmetric-hamiltonian__L2__lr0.01__bs32__seed6_seed6,pendigits,sta4,symmetric-hamiltonian,2,6,0.01,32,2000,True,plus,True,False,2.128021483535955,0.27466666666666667,2.09714358883976,0.2724413950829045,0.28933333333333333,453.46666666666664,,25.07999277114868,,92,4,16,6e3df8c2ae7503394992a62eaa877ace7721f2bc,False
complete,pendigits,pendigits__sta4__symmetric-hamiltonian__L2__lr0.01__bs32__seed7,results/runs/pendigits_ablation_spectrum-only/pendigits__sta4__symmetric-hamiltonian__L2__lr0.01__bs32__seed7_seed7,pendigits,sta4,symmetric-hamiltonian,2,7,0.01,32,2000,True,plus,True,False,2.04244752393746,0.296,2.0211626799893505,0.29073756432247,0.296,459.6,,24.61359667778015,,92,4,16,6e3df8c2ae7503394992a62eaa877ace7721f2bc,False
complete,pendigits,pendigits__sta4__symmetric-hamiltonian__L2__lr0.01__bs32__seed8,results/runs/pendigits_ablation_spectrum-only/pendigits__sta4__symmetric-hamiltonian__L2__lr0.01__bs32__seed8_seed8,pendigits,sta4,symmetric-hamiltonian,2,8,0.01,32,2000,True,plus,True,False,2.1058618205914614,0.25466666666666665,2.108218063020478,0.24528301886792453,0.30533333333333335,452.33333333333326,,25.147050857543945,,92,4,16,6e3df8c2ae7503394992a62eaa877ace7721f2bc,False
complete,pendigits,pendigits__sta4__symmetric-hamiltonian__L2__lr0.01__bs32__seed9,results/runs/pendigits_ablation_spectrum-only/pendigits__sta4__symmetric-hamiltonian__L2__lr0.01__bs32__seed9_seed9,pendigits,sta4,symmetric-hamiltonian,2,9,0.01,32,2000,True,plus,True,False,2.1008975493847197,0.268,2.0849098242994404,0.24385363064608348,0.292,438.4666666666667,,24.957374572753906,,92,4,16,6e3df8c2ae7503394992a62eaa877ace7721f2bc,False
complete,pendigits,pendigits__sta4__symmetric-hamiltonian__L32__lr0.01__bs32__seed0,results/runs/pendigits_ablation_spectrum-only/pendigits__sta4__symmetric-hamiltonian__L32__lr0.01__bs32__seed0_seed0,pendigits,sta4,symmetric-hamiltonian,32,0,0.01,32,2000,True,plus,True,False,2.27105751226058,0.21866666666666668,2.263014178906902,0.21555174385363066,0.24133333333333334,294.4,,190.01740074157715,,1472,4,16,0e89babf303b6e108f9a6e4687213f88b28c4e9d,False
complete,pendigits,pendigits__sta4__symmetric-hamiltonian__L32__lr0.01__bs32__seed10,results/runs/pendigits_ablation_spectrum-only/pendigits__sta4__symmetric-hamiltonian__L32__lr0.01__bs32__seed10_seed10,pendigits,sta4,symmetric-hamiltonian,32,10,0.01,32,2000,True,plus,True,False,2.2590829267809793,0.19466666666666665,2.2415049315110984,0.19668381932532875,0.22933333333333333,307.8,,192.4594383239746,,1472,4,16,0e89babf303b6e108f9a6e4687213f88b28c4e9d,True
complete,pendigits,pendigits__sta4__symmetric-hamiltonian__L32__lr0.01__bs32__seed11,results/runs/pendigits_ablation_spectrum-only/pendigits__sta4__symmetric-hamiltonian__L32__lr0.01__bs32__seed11_seed11,pendigits,sta4,symmetric-hamiltonian,32,11,0.01,32,2000,True,plus,True,False,2.8334952001228113,0.08933333333333333,2.799930661476411,0.10577472841623785,0.23733333333333334,303.33333333333337,,196.54942321777344,,1472,4,16,6e3df8c2ae7503394992a62eaa877ace7721f2bc,False
complete,pendigits,pendigits__sta4__symmetric-hamiltonian__L32__lr0.01__bs32__seed12,results/runs/pendigits_ablation_spectrum-only/pendigits__sta4__symmetric-hamiltonian__L32__lr0.01__bs32__seed12_seed12,pendigits,sta4,symmetric-hamiltonian,32,12,0.01,32,2000,True,plus,True,False,2.566113331268728,0.108,2.52650245696463,0.12864493996569468,0.228,287.2,,197.02569389343262,,1472,4,16,6e3df8c2ae7503394992a62eaa877ace7721f2bc,False
complete,pendigits,pendigits__sta4__symmetric-hamiltonian__L32__lr0.01__bs32__seed13,results/runs/pendigits_ablation_spectrum-only/pendigits__sta4__symmetric-hamiltonian__L32__lr0.01__bs32__seed13_seed13,pendigits,sta4,symmetric-hamiltonian,32,13,0.01,32,2000,True,plus,True,False,2.2867432346310084,0.24,2.2911379961129197,0.21297884505431675,0.252,328.53333333333336,,192.97008323669434,,1472,4,16,6e3df8c2ae7503394992a62eaa877ace7721f2bc,False
complete,pendigits,pendigits__sta4__symmetric-hamiltonian__L32__lr0.01__bs32__seed14,results/runs/pendigits_ablation_spectrum-only/pendigits__sta4__symmetric-hamiltonian__L32__lr0.01__bs32__seed14_seed14,pendigits,sta4,symmetric-hamiltonian,32,14,0.01,32,2000,True,plus,True,False,2.2608481697415117,0.22133333333333333,2.3005128541865654,0.19811320754716982,0.22133333333333333,320.5333333333334,,192.25346398353577,,1472,4,16,6e3df8c2ae7503394992a62eaa877ace7721f2bc,False
complete,pendigits,pendigits__sta4__symmetric-hamiltonian__L32__lr0.01__bs32__seed15,results/runs/pendigits_ablation_spectrum-only/pendigits__sta4__symmetric-hamiltonian__L32__lr0.01__bs32__seed15_seed15,pendigits,sta4,symmetric-hamiltonian,32,15,0.01,32,2000,True,plus,True,False,2.367957970685002,0.14533333333333334,2.358120608518375,0.1292166952544311,0.24,321.2,,191.7515344619751,,1472,4,16,6e3df8c2ae7503394992a62eaa877ace7721f2bc,False
complete,pendigits,pendigits__sta4__symmetric-hamiltonian__L32__lr0.01__bs32__seed16,results/runs/pendigits_ablation_spectrum-only/pendigits__sta4__symmetric-hamiltonian__L32__lr0.01__bs32__seed16_seed16,pendigits,sta4,symmetric-hamiltonian,32,16,0.01,32,2000,True,plus,True,False,2.330159966855906,0.22666666666666666,2.253612195393969,0.23699256718124642,0.26,345.73333333333335,,193.05525541305542,,1472,4,16,6e3df8c2ae7503394992a62eaa877ace7721f2bc,False
complete,pendigits,pendigits__sta4__symmetric-hamiltonian__L32__lr0.01__bs32__seed17,results/runs/pendigits_ablation_spectrum-only/pendigits__sta4__symmetric-hamiltonian__L32__lr0.01__bs32__seed17_seed17,pendigits,sta4,symmetric-hamiltonian,32,17,0.01,32,2000,True,plus,True,False,2.110827755221648,0.23733333333333334,2.1194355871240447,0.24156660949113778,0.25333333333333335,319.06666666666666,,192.14798283576965,,1472,4,16,6e3df8c2ae7503394992a62eaa877ace7721f2bc,False
complete,pendigits,pendigits__sta4__symmetric-hamiltonian__L32__lr0.01__bs32__seed18,results/runs/pendigits_ablation_spectrum-only/pendigits__sta4__symmetric-hamiltonian__L32__lr0.01__bs32__seed18_seed18,pendigits,sta4,symmetric-hamiltonian,32,18,0.01,32,2000,True,plus,True,False,2.3134461245253957,0.16666666666666666,2.2943912965436213,0.1652372784448256,0.2773333333333333,380.8666666666668,,186.82424926757812,,1472,4,16,6e3df8c2ae7503394992a62eaa877ace7721f2bc,False
complete,pendigits,pendigits__sta4__symmetric-hamiltonian__L32__lr0.01__bs32__seed19,results/runs/pendigits_ablation_spectrum-only/pendigits__sta4__symmetric-hamiltonian__L32__lr0.01__bs32__seed19_seed19,pendigits,sta4,symmetric-hamiltonian,32,19,0.01,32,2000,True,plus,True,False,2.4168042253650603,0.17466666666666666,2.4098436363440214,0.1680960548885077,0.2693333333333333,364.93333333333334,,190.7423496246338,,1472,4,16,6e3df8c2ae7503394992a62eaa877ace7721f2bc,False
complete,pendigits,pendigits__sta4__symmetric-hamiltonian__L32__lr0.01__bs32__seed1,results/runs/pendigits_ablation_spectrum-only/pendigits__sta4__symmetric-hamiltonian__L32__lr0.01__bs32__seed1_seed1,pendigits,sta4,symmetric-hamiltonian,32,1,0.01,32,2000,True,plus,True,False,2.3047132084113935,0.14933333333333335,2.378322926380787,0.13064608347627216,0.23466666666666666,318.5333333333333,,190.25782561302185,,1472,4,16,0e89babf303b6e108f9a6e4687213f88b28c4e9d,True
complete,pendigits,pendigits__sta4__symmetric-hamiltonian__L32__lr0.01__bs32__seed2,results/runs/pendigits_ablation_spectrum-only/pendigits__sta4__symmetric-hamiltonian__L32__lr0.01__bs32__seed2_seed2,pendigits,sta4,symmetric-hamiltonian,32,2,0.01,32,2000,True,plus,True,False,2.512411149672337,0.19066666666666668,2.419168048042295,0.180674671240709,0.25866666666666666,341.4,,199.32149863243103,,1472,4,16,6e3df8c2ae7503394992a62eaa877ace7721f2bc,False
complete,pendigits,pendigits__sta4__symmetric-hamiltonian__L32__lr0.01__bs32__seed3,results/runs/pendigits_ablation_spectrum-only/pendigits__sta4__symmetric-hamiltonian__L32__lr0.01__bs32__seed3_seed3,pendigits,sta4,symmetric-hamiltonian,32,3,0.01,32,2000,True,plus,True,False,2.2804016529441022,0.19333333333333333,2.3061815182246277,0.17295597484276728,0.24666666666666667,314.40000000000003,,189.9780559539795,,1472,4,16,6e3df8c2ae7503394992a62eaa877ace7721f2bc,False
complete,pendigits,pendigits__sta4__symmetric-hamiltonian__L32__lr0.01__bs32__seed4,results/runs/pendigits_ablation_spectrum-only/pendigits__sta4__symmetric-hamiltonian__L32__lr0.01__bs32__seed4_seed4,pendigits,sta4,symmetric-hamiltonian,32,4,0.01,32,2000,True,plus,True,False,2.790449315697981,0.124,2.786146669369845,0.14465408805031446,0.25066666666666665,293.9333333333333,,189.51421856880188,,1472,4,16,6e3df8c2ae7503394992a62eaa877ace7721f2bc,False
complete,pendigits,pendigits__sta4__symmetric-hamiltonian__L32__lr0.01__bs32__seed5,results/runs/pendigits_ablation_spectrum-only/pendigits__sta4__symmetric-hamiltonian__L32__lr0.01__bs32__seed5_seed5,pendigits,sta4,symmetric-hamiltonian,32,5,0.01,32,2000,True,plus,True,False,2.3820270151271505,0.16666666666666666,2.4502663353065275,0.12864493996569468,0.236,289.73333333333335,,188.9366307258606,,1472,4,16,6e3df8c2ae7503394992a62eaa877ace7721f2bc,False
complete,pendigits,pendigits__sta4__symmetric-hamiltonian__L32__lr0.01__bs32__seed6,results/runs/pendigits_ablation_spectrum-only/pendigits__sta4__symmetric-hamiltonian__L32__lr0.01__bs32__seed6_seed6,pendigits,sta4,symmetric-hamiltonian,32,6,0.01,32,2000,True,plus,True,False,2.2490179778796087,0.19733333333333333,2.232862453084289,0.18753573470554602,0.212,300.5333333333333,,188.71674633026123,,1472,4,16,6e3df8c2ae7503394992a62eaa877ace7721f2bc,False
complete,pendigits,pendigits__sta4__symmetric-hamiltonian__L32__lr0.01__bs32__seed7,results/runs/pendigits_ablation_spectrum-only/pendigits__sta4__symmetric-hamiltonian__L32__lr0.01__bs32__seed7_seed7,pendigits,sta4,symmetric-hamiltonian,32,7,0.01,32,2000,True,plus,True,False,2.95851705400603,0.076,3.0584684690054744,0.0631789594053745,0.22266666666666668,295.99999999999994,,189.13234448432922,,1472,4,16,6e3df8c2ae7503394992a62eaa877ace7721f2bc,False
complete,pendigits,pendigits__sta4__symmetric-hamiltonian__L32__lr0.01__bs32__seed8,results/runs/pendigits_ablation_spectrum-only/pendigits__sta4__symmetric-hamiltonian__L32__lr0.01__bs32__seed8_seed8,pendigits,sta4,symmetric-hamiltonian,32,8,0.01,32,2000,True,plus,True,False,2.4526237626521956,0.12933333333333333,2.444839106059838,0.14265294453973698,0.22533333333333333,300.6,,190.94549107551575,,1472,4,16,6e3df8c2ae7503394992a62eaa877ace7721f2bc,False
complete,pendigits,pendigits__sta4__symmetric-hamiltonian__L32__lr0.01__bs32__seed9,results/runs/pendigits_ablation_spectrum-only/pendigits__sta4__symmetric-hamiltonian__L32__lr0.01__bs32__seed9_seed9,pendigits,sta4,symmetric-hamiltonian,32,9,0.01,32,2000,True,plus,True,False,2.184176091231502,0.26266666666666666,2.1476827463668746,0.2567181246426529,0.26266666666666666,347.8666666666667,,190.785249710083,,1472,4,16,6e3df8c2ae7503394992a62eaa877ace7721f2bc,False
complete,pendigits,pendigits__sta4__symmetric-hamiltonian__L4__lr0.01__bs32__seed0,results/runs/pendigits_ablation_spectrum-only/pendigits__sta4__symmetric-hamiltonian__L4__lr0.01__bs32__seed0_seed0,pendigits,sta4,symmetric-hamiltonian,4,0,0.01,32,2000,True,plus,True,False,1.9963061168300433,0.30666666666666664,2.00400812451436,0.3184676958261864,0.30666666666666664,467.0666666666666,,36.526100635528564,,184,4,16,6e3df8c2ae7503394992a62eaa877ace7721f2bc,False
complete,pendigits,pendigits__sta4__symmetric-hamiltonian__L4__lr0.01__bs32__seed10,results/runs/pendigits_ablation_spectrum-only/pendigits__sta4__symmetric-hamiltonian__L4__lr0.01__bs32__seed10_seed10,pendigits,sta4,symmetric-hamiltonian,4,10,0.01,32,2000,True,plus,True,False,2.0177514669919674,0.26266666666666666,1.9902862177742768,0.27387078330474557,0.31333333333333335,480.20000000000005,,36.079368114471436,,184,4,16,6e3df8c2ae7503394992a62eaa877ace7721f2bc,False
complete,pendigits,pendigits__sta4__symmetric-hamiltonian__L4__lr0.01__bs32__seed11,results/runs/pendigits_ablation_spectrum-only/pendigits__sta4__symmetric-hamiltonian__L4__lr0.01__bs32__seed11_seed11,pendigits,sta4,symmetric-hamiltonian,4,11,0.01,32,2000,True,plus,True,False,2.041337942750409,0.29333333333333333,2.010521962449247,0.3067467124070898,0.2946666666666667,486.00000000000006,,35.17919850349426,,184,4,16,6e3df8c2ae7503394992a62eaa877ace7721f2bc,False
complete,pendigits,pendigits__sta4__symmetric-hamiltonian__L4__lr0.01__bs32__seed12,results/runs/pendigits_ablation_spectrum-only/pendigits__sta4__symmetric-hamiltonian__L4__lr0.01__bs32__seed12_seed12,pendigits,sta4,symmetric-hamiltonian,4,12,0.01,32,2000,True,plus,True,False,2.101365384639392,0.29733333333333334,2.1161040303448,0.3024585477415666,0.30933333333333335,455.1333333333333,,35.389323234558105,,184,4,16,6e3df8c2ae7503394992a62eaa877ace7721f2bc,False
complete,pendigits,pendigits__sta4__symmetric-hamiltonian__L4__lr0.01__bs32__seed13,results/runs/pendigits_ablation_spectrum-only/pendigits__sta4__symmetric-hamiltonian__L4__lr0.01__bs32__seed13_seed13,pendigits,sta4,symmetric-hamiltonian,4,13,0.01,32,2000,True,plus,True,False,2.014632246490163,0.2826666666666667,2.0326080369325696,0.2815894797026873,0.31333333333333335,490.59999999999997,,34.61662030220032,,184,4,16,6e3df8c2ae7503394992a62eaa877ace7721f2bc,False
complete,pendigits,pendigits__sta4__symmetric-hamiltonian__L4__lr0.01__bs32__seed14,results/runs/pendigits_ablation_spectrum-only/pendigits__sta4__symmetric-hamiltonian__L4__lr0.01__bs32__seed14_seed14,pendigits,sta4,symmetric-hamiltonian,4,14,0.01,32,2000,True,plus,True,False,2.0686332709065702,0.252,2.030701003394929,0.2535734705546026,0.316,467.7333333333333,,36.34297251701355,,184,4,16,6e3df8c2ae7503394992a62eaa877ace7721f2bc,False
complete,pendigits,pendigits__sta4__symmetric-hamiltonian__L4__lr0.01__bs32__seed15,results/runs/pendigits_ablation_spectrum-only/pendigits__sta4__symmetric-hamiltonian__L4__lr0.01__bs32__seed15_seed15,pendigits,sta4,symmetric-hamiltonian,4,15,0.01,32,2000,True,plus,True,False,1.976041735499423,0.2773333333333333,1.9958860526127389,0.27044025157232704,0.3,480.79999999999995,,35.831846714019775,,184,4,16,6e3df8c2ae7503394992a62eaa877ace7721f2bc,False
complete,pendigits,pendigits__sta4__symmetric-hamiltonian__L4__lr0.01__bs32__seed16,results/runs/pendigits_ablation_spectrum-only/pendigits__sta4__symmetric-hamiltonian__L4__lr0.01__bs32__seed16_seed16,pendigits,sta4,symmetric-hamiltonian,4,16,0.01,32,2000,True,plus,True,False,2.1117974013862337,0.25466666666666665,2.1003802119572734,0.25128644939965694,0.29333333333333333,457.53333333333336,,34.76104187965393,,184,4,16,6e3df8c2ae7503394992a62eaa877ace7721f2bc,False
complete,pendigits,pendigits__sta4__symmetric-hamiltonian__L4__lr0.01__bs32__seed17,results/runs/pendigits_ablation_spectrum-only/pendigits__sta4__symmetric-hamiltonian__L4__lr0.01__bs32__seed17_seed17,pendigits,sta4,symmetric-hamiltonian,4,17,0.01,32,2000,True,plus,True,False,2.126954374919985,0.27066666666666667,2.0871559343698904,0.27044025157232704,0.30133333333333334,439.73333333333335,,34.524131536483765,,184,4,16,6e3df8c2ae7503394992a62eaa877ace7721f2bc,False
complete,pendigits,pendigits__sta4__symmetric-hamiltonian__L4__lr0.01__bs32__seed18,results/runs/pendigits_ablation_spectrum-only/pendigits__sta4__symmetric-hamiltonian__L4__lr0.01__bs32__seed18_seed18,pendigits,sta4,symmetric-hamiltonian,4,18,0.01,32,2000,True,plus,True,False,1.9900215256513618,0.2853333333333333,1.9647320887994204,0.3098913664951401,0.31066666666666665,458.3333333333332,,35.30387854576111,,184,4,16,6e3df8c2ae7503394992a62eaa877ace7721f2bc,False
complete,pendigits,pendigits__sta4__symmetric-hamiltonian__L4__lr0.01__bs32__seed19,results/runs/pendigits_ablation_spectrum-only/pendigits__sta4__symmetric-hamiltonian__L4__lr0.01__bs32__seed19_seed19,pendigits,sta4,symmetric-hamiltonian,4,19,0.01,32,2000,True,plus,True,False,1.9974864685190932,0.2773333333333333,1.9958227617712676,0.2712978845054317,0.2853333333333333,433.4666666666667,,36.59260153770447,,184,4,16,6e3df8c2ae7503394992a62eaa877ace7721f2bc,False
complete,pendigits,pendigits__sta4__symmetric-hamiltonian__L4__lr0.01__bs32__seed1,results/runs/pendigits_ablation_spectrum-only/pendigits__sta4__symmetric-hamiltonian__L4__lr0.01__bs32__seed1_seed1,pendigits,sta4,symmetric-hamiltonian,4,1,0.01,32,2000,True,plus,True,False,1.9681620410686629,0.32666666666666666,1.9655183759642665,0.30131503716409375,0.32666666666666666,472.46666666666675,,38.485727310180664,,184,4,16,6e3df8c2ae7503394992a62eaa877ace7721f2bc,False
complete,pendigits,pendigits__sta4__symmetric-hamiltonian__L4__lr0.01__bs32__seed2,results/runs/pendigits_ablation_spectrum-only/pendigits__sta4__symmetric-hamiltonian__L4__lr0.01__bs32__seed2_seed2,pendigits,sta4,symmetric-hamiltonian,4,2,0.01,32,2000,True,plus,True,False,2.0342025248091997,0.26666666666666666,2.0183818384265497,0.28530588907947396,0.2906666666666667,479.0666666666666,,34.36462354660034,,184,4,16,6e3df8c2ae7503394992a62eaa877ace7721f2bc,False
complete,pendigits,pendigits__sta4__symmetric-hamiltonian__L4__lr0.01__bs32__seed3,results/runs/pendigits_ablation_spectrum-only/pendigits__sta4__symmetric-hamiltonian__L4__lr0.01__bs32__seed3_seed3,pendigits,sta4,symmetric-hamiltonian,4,3,0.01,32,2000,True,plus,True,False,2.0120122820159376,0.2653333333333333,1.9743609546728635,0.28959405374499714,0.304,454.73333333333323,,34.66409969329834,,184,4,16,6e3df8c2ae7503394992a62eaa877ace7721f2bc,False
complete,pendigits,pendigits__sta4__symmetric-hamiltonian__L4__lr0.01__bs32__seed4,results/runs/pendigits_ablation_spectrum-only/pendigits__sta4__symmetric-hamiltonian__L4__lr0.01__bs32__seed4_seed4,pendigits,sta4,symmetric-hamiltonian,4,4,0.01,32,2000,True,plus,True,False,1.9949762366901747,0.2693333333333333,2.004494725732827,0.2730131503716409,0.30933333333333335,458.66666666666674,,36.82438826560974,,184,4,16,6e3df8c2ae7503394992a62eaa877ace7721f2bc,False
complete,pendigits,pendigits__sta4__symmetric-hamiltonian__L4__lr0.01__bs32__seed5,results/runs/pendigits_ablation_spectrum-only/pendigits__sta4__symmetric-hamiltonian__L4__lr0.01__bs32__seed5_seed5,pendigits,sta4,symmetric-hamiltonian,4,5,0.01,32,2000,True,plus,True,False,2.0962096602285247,0.256,2.0823105290628185,0.2692967409948542,0.31066666666666665,459.4,,34.785858154296875,,184,4,16,6e3df8c2ae7503394992a62eaa877ace7721f2bc,False
complete,pendigits,pendigits__sta4__symmetric-hamiltonian__L4__lr0.01__bs32__seed6,results/runs/pendigits_ablation_spectrum-only/pendigits__sta4__symmetric-hamiltonian__L4__lr0.01__bs32__seed6_seed6,pendigits,sta4,symmetric-hamiltonian,4,6,0.01,32,2000,True,plus,True,False,2.027439128239242,0.312,2.017649673277678,0.31189251000571755,0.312,453.7333333333333,,35.8507878780365,,184,4,16,6e3df8c2ae7503394992a62eaa877ace7721f2bc,False
complete,pendigits,pendigits__sta4__symmetric-hamiltonian__L4__lr0.01__bs32__seed7,results/runs/pendigits_ablation_spectrum-only/pendigits__sta4__symmetric-hamiltonian__L4__lr0.01__bs32__seed7_seed7,pendigits,sta4,symmetric-hamiltonian,4,7,0.01,32,2000,True,plus,True,False,1.9958119376108585,0.296,1.980596123466944,0.30160091480846196,0.30533333333333335,451.8666666666666,,35.51866912841797,,184,4,16,6e3df8c2ae7503394992a62eaa877ace7721f2bc,False
complete,pendigits,pendigits__sta4__symmetric-hamiltonian__L4__lr0.01__bs32__seed8,results/runs/pendigits_ablation_spectrum-only/pendigits__sta4__symmetric-hamiltonian__L4__lr0.01__bs32__seed8_seed8,pendigits,sta4,symmetric-hamiltonian,4,8,0.01,32,2000,True,plus,True,False,2.039617735836258,0.2733333333333333,2.0455820058242664,0.2807318467695826,0.276,438.73333333333335,,35.449647426605225,,184,4,16,6e3df8c2ae7503394992a62eaa877ace7721f2bc,False
complete,pendigits,pendigits__sta4__symmetric-hamiltonian__L4__lr0.01__bs32__seed9,results/runs/pendigits_ablation_spectrum-only/pendigits__sta4__symmetric-hamiltonian__L4__lr0.01__bs32__seed9_seed9,pendigits,sta4,symmetric-hamiltonian,4,9,0.01,32,2000,True,plus,True,False,2.1002385112134436,0.25866666666666666,2.0425583930311104,0.247284162378502,0.2986666666666667,488.66666666666674,,35.73200511932373,,184,4,16,6e3df8c2ae7503394992a62eaa877ace7721f2bc,False
complete,pendigits,pendigits__sta4__symmetric-hamiltonian__L8__lr0.01__bs32__seed0,results/runs/pendigits_ablation_spectrum-only/pendigits__sta4__symmetric-hamiltonian__L8__lr0.01__bs32__seed0_seed0,pendigits,sta4,symmetric-hamiltonian,8,0,0.01,32,2000,True,plus,True,False,2.0153606573350875,0.2813333333333333,2.0172937581491177,0.296169239565466,0.2813333333333333,439.0666666666666,,57.69121074676514,,368,4,16,6e3df8c2ae7503394992a62eaa877ace7721f2bc,False
complete,pendigits,pendigits__sta4__symmetric-hamiltonian__L8__lr0.01__bs32__seed10,results/runs/pendigits_ablation_spectrum-only/pendigits__sta4__symmetric-hamiltonian__L8__lr0.01__bs32__seed10_seed10,pendigits,sta4,symmetric-hamiltonian,8,10,0.01,32,2000,True,plus,True,False,2.130458475760007,0.216,2.1216766297794423,0.22126929674099485,0.2773333333333333,418.1333333333333,,55.98363518714905,,368,4,16,6e3df8c2ae7503394992a62eaa877ace7721f2bc,False
complete,pendigits,pendigits__sta4__symmetric-hamiltonian__L8__lr0.01__bs32__seed11,results/runs/pendigits_ablation_spectrum-only/pendigits__sta4__symmetric-hamiltonian__L8__lr0.01__bs32__seed11_seed11,pendigits,sta4,symmetric-hamiltonian,8,11,0.01,32,2000,True,plus,True,False,1.97538825722366,0.30533333333333335,1.9806079820836107,0.30617495711835335,0.31066666666666665,473.5333333333334,,57.89954328536987,,368,4,16,6e3df8c2ae7503394992a62eaa877ace7721f2bc,False
complete,pendigits,pendigits__sta4__symmetric-hamiltonian__L8__lr0.01__bs32__seed12,results/runs/pendigits_ablation_spectrum-only/pendigits__sta4__symmetric-hamiltonian__L8__lr0.01__bs32__seed12_seed12,pendigits,sta4,symmetric-hamiltonian,8,12,0.01,32,2000,True,plus,True,False,2.050945096462674,0.2866666666666667,2.0621096665447043,0.2830188679245283,0.29733333333333334,484.9333333333334,,59.10033321380615,,368,4,16,6e3df8c2ae7503394992a62eaa877ace7721f2bc,False
complete,pendigits,pendigits__sta4__symmetric-hamiltonian__L8__lr0.01__bs32__seed13,results/runs/pendigits_ablation_spectrum-only/pendigits__sta4__symmetric-hamiltonian__L8__lr0.01__bs32__seed13_seed13,pendigits,sta4,symmetric-hamiltonian,8,13,0.01,32,2000,True,plus,True,False,2.0902479606339353,0.22266666666666668,2.0901865219608844,0.2198399085191538,0.2906666666666667,430.2,,56.48296236991882,,368,4,16,6e3df8c2ae7503394992a62eaa877ace7721f2bc,False
complete,pendigits,pendigits__sta4__symmetric-hamiltonian__L8__lr0.01__bs32__seed14,results/runs/pendigits_ablation_spectrum-only/pendigits__sta4__symmetric-hamiltonian__L8__lr0.01__bs32__seed14_seed14,pendigits,sta4,symmetric-hamiltonian,8,14,0.01,32,2000,True,plus,True,False,2.03137606731864,0.2866666666666667,2.0395052575482002,0.2933104631217839,0.2866666666666667,438.06666666666666,,58.84488296508789,,368,4,16,6e3df8c2ae7503394992a62eaa877ace7721f2bc,False
complete,pendigits,pendigits__sta4__symmetric-hamiltonian__L8__lr0.01__bs32__seed15,results/runs/pendigits_ablation_spectrum-only/pendigits__sta4__symmetric-hamiltonian__L8__lr0.01__bs32__seed15_seed15,pendigits,sta4,symmetric-hamiltonian,8,15,0.01,32,2000,True,plus,True,False,2.0443510113534287,0.30933333333333335,2.0533893900283027,0.2990280160091481,0.30933333333333335,435.5333333333333,,56.75296759605408,,368,4,16,6e3df8c2ae7503394992a62eaa877ace7721f2bc,False
complete,pendigits,pendigits__sta4__symmetric-hamiltonian__L8__lr0.01__bs32__seed16,results/runs/pendigits_ablation_spectrum-only/pendigits__sta4__symmetric-hamiltonian__L8__lr0.01__bs32__seed16_seed16,pendigits,sta4,symmetric-hamiltonian,8,16,0.01,32,2000,True,plus,True,False,2.136124302875956,0.256,2.0359623984690205,0.27044025157232704,0.2773333333333333,409.00000000000006,,59.386690855026245,,368,4,16,6e3df8c2ae7503394992a62eaa877ace7721f2bc,False
complete,pendigits,pendigits__sta4__symmetric-hamiltonian__L8__lr0.01__bs32__seed17,results/runs/pendigits_ablation_spectrum-only/pendigits__sta4__symmetric-hamiltonian__L8__lr0.01__bs32__seed17_seed17,pendigits,sta4,symmetric-hamiltonian,8,17,0.01,32,2000,True,plus,True,False,2.0410256202636203,0.2653333333333333,2.0042426226842833,0.275871926815323,0.30133333333333334,454.20000000000005,,56.63112163543701,,368,4,16,6e3df8c2ae7503394992a62eaa877ace7721f2bc,False
complete,pendigits,pendigits__sta4__symmetric-hamiltonian__L8__lr0.01__bs32__seed18,results/runs/pendigits_ablation_spectrum-only/pendigits__sta4__symmetric-hamiltonian__L8__lr0.01__bs32__seed18_seed18,pendigits,sta4,symmetric-hamiltonian,8,18,0.01,32,2000,True,plus,True,False,2.2003717656790753,0.19733333333333333,2.2072067815845346,0.21069182389937108,0.29333333333333333,460.4,,58.52582359313965,,368,4,16,6e3df8c2ae7503394992a62eaa877ace7721f2bc,False
complete,pendigits,pendigits__sta4__symmetric-hamiltonian__L8__lr0.01__bs32__seed19,results/runs/pendigits_ablation_spectrum-only/pendigits__sta4__symmetric-hamiltonian__L8__lr0.01__bs32__seed19_seed19,pendigits,sta4,symmetric-hamiltonian,8,19,0.01,32,2000,True,plus,True,False,2.063877851829798,0.25466666666666665,2.055674857587205,0.26500857632933106,0.30133333333333334,443.33333333333326,,57.21388363838196,,368,4,16,6e3df8c2ae7503394992a62eaa877ace7721f2bc,False
complete,pendigits,pendigits__sta4__symmetric-hamiltonian__L8__lr0.01__bs32__seed1,results/runs/pendigits_ablation_spectrum-only/pendigits__sta4__symmetric-hamiltonian__L8__lr0.01__bs32__seed1_seed1,pendigits,sta4,symmetric-hamiltonian,8,1,0.01,32,2000,True,plus,True,False,2.0688199922698103,0.2733333333333333,2.0102736380658115,0.3018867924528302,0.29333333333333333,435.0666666666667,,54.692402362823486,,368,4,16,6e3df8c2ae7503394992a62eaa877ace7721f2bc,False
complete,pendigits,pendigits__sta4__symmetric-hamiltonian__L8__lr0.01__bs32__seed2,results/runs/pendigits_ablation_spectrum-only/pendigits__sta4__symmetric-hamiltonian__L8__lr0.01__bs32__seed2_seed2,pendigits,sta4,symmetric-hamiltonian,8,2,0.01,32,2000,True,plus,True,False,2.171710885276666,0.24133333333333334,2.149222001195614,0.2521440823327616,0.288,423.33333333333337,,55.949907064437866,,368,4,16,6e3df8c2ae7503394992a62eaa877ace7721f2bc,False
complete,pendigits,pendigits__sta4__symmetric-hamiltonian__L8__lr0.01__bs32__seed3,results/runs/pendigits_ablation_spectrum-only/pendigits__sta4__symmetric-hamiltonian__L8__lr0.01__bs32__seed3_seed3,pendigits,sta4,symmetric-hamiltonian,8,3,0.01,32,2000,True,plus,True,False,2.031959759645567,0.304,2.035713089349925,0.296169239565466,0.304,446.40000000000003,,54.15346908569336,,368,4,16,6e3df8c2ae7503394992a62eaa877ace7721f2bc,False
complete,pendigits,pendigits__sta4__symmetric-hamiltonian__L8__lr0.01__bs32__seed4,results/runs/pendigits_ablation_spectrum-only/pendigits__sta4__symmetric-hamiltonian__L8__lr0.01__bs32__seed4_seed4,pendigits,sta4,symmetric-hamiltonian,8,4,0.01,32,2000,True,plus,True,False,2.040104920769823,0.256,2.0531466955671447,0.2555746140651801,0.304,472.00000000000006,,59.74317479133606,,368,4,16,6e3df8c2ae7503394992a62eaa877ace7721f2bc,False
complete,pendigits,pendigits__sta4__symmetric-hamiltonian__L8__lr0.01__bs32__seed5,results/runs/pendigits_ablation_spectrum-only/pendigits__sta4__symmetric-hamiltonian__L8__lr0.01__bs32__seed5_seed5,pendigits,sta4,symmetric-hamiltonian,8,5,0.01,32,2000,True,plus,True,False,2.0599742206155685,0.26,2.0947755113186366,0.24213836477987422,0.2986666666666667,465.8,,61.242992877960205,,368,4,16,6e3df8c2ae7503394992a62eaa877ace7721f2bc,False
complete,pendigits,pendigits__sta4__symmetric-hamiltonian__L8__lr0.01__bs32__seed6,results/runs/pendigits_ablation_spectrum-only/pendigits__sta4__symmetric-hamiltonian__L8__lr0.01__bs32__seed6_seed6,pendigits,sta4,symmetric-hamiltonian,8,6,0.01,32,2000,True,plus,True,False,2.1128278176933164,0.25066666666666665,2.1067363292904266,0.24499714122355631,0.30666666666666664,468.0666666666667,,56.656614542007446,,368,4,16,6e3df8c2ae7503394992a62eaa877ace7721f2bc,False
complete,pendigits,pendigits__sta4__symmetric-hamiltonian__L8__lr0.01__bs32__seed7,results/runs/pendigits_ablation_spectrum-only/pendigits__sta4__symmetric-hamiltonian__L8__lr0.01__bs32__seed7_seed7,pendigits,sta4,symmetric-hamiltonian,8,7,0.01,32,2000,True,plus,True,False,2.0706584963457497,0.2733333333333333,2.046564392051116,0.2564322469982847,0.2813333333333333,420.93333333333334,,57.635167598724365,,368,4,16,6e3df8c2ae7503394992a62eaa877ace7721f2bc,False
complete,pendigits,pendigits__sta4__symmetric-hamiltonian__L8__lr0.01__bs32__seed8,results/runs/pendigits_ablation_spectrum-only/pendigits__sta4__symmetric-hamiltonian__L8__lr0.01__bs32__seed8_seed8,pendigits,sta4,symmetric-hamiltonian,8,8,0.01,32,2000,True,plus,True,False,2.267905457348294,0.19333333333333333,2.2650455162123895,0.17381360777587193,0.2946666666666667,436.13333333333327,,53.99683427810669,,368,4,16,6e3df8c2ae7503394992a62eaa877ace7721f2bc,False
complete,pendigits,pendigits__sta4__symmetric-hamiltonian__L8__lr0.01__bs32__seed9,results/runs/pendigits_ablation_spectrum-only/pendigits__sta4__symmetric-hamiltonian__L8__lr0.01__bs32__seed9_seed9,pendigits,sta4,symmetric-hamiltonian,8,9,0.01,32,2000,True,plus,True,False,2.249322265580371,0.208,2.2200890108770497,0.20468839336763864,0.276,432.93333333333334,,56.963627099990845,,368,4,16,6e3df8c2ae7503394992a62eaa877ace7721f2bc,False
