status,manifest_id,manifest_path,benchmark_slug,diagnostic_mode,job_slug,dataset,representation,encoder,reupload_depth,seed,learning_rate,batch_size,returncode,subprocess_wall_time_seconds,diagnostic_json_path,diagnostic_n_records,diagnostic_n_complete,diagnostic_status_counts_json,process_sample_count,process_tree_peak_rss_bytes,process_tree_peak_rss_mb,process_tree_peak_cpu_percent,process_tree_mean_cpu_percent,child_user_time_seconds,child_system_time_seconds,child_total_cpu_time_seconds,child_max_rss_bytes,child_max_rss_mb,nvidia_smi_available,gpu_sample_count,peak_gpu_utilization_percent,mean_gpu_utilization_percent,peak_gpu_memory_used_mb,peak_gpu_process_memory_used_mb,started_at_utc,finished_at_utc,single_manifest_path,samples_path,command,source_csv_path
complete,pendigits,configs/experiments/pendigits.json,pendigits__pendigits__dyn__block-hamiltonian__L1__lr0.01__bs32__seed0__checkpoints,checkpoints,pendigits__dyn__block-hamiltonian__L1__lr0.01__bs32__seed0,pendigits,dyn,block-hamiltonian,1,0,0.01,32,0,22.617056888062507,results/tables/gradient_diagnostics/resource_benchmarks/diagnostics/pendigits__pendigits__dyn__block-hamiltonian__L1__lr0.01__bs32__seed0__checkpoints__pendigits__pendigits__dyn__block-hamiltonian__L1__lr0.01__bs32__seed0__checkpoints.json,8,8,"{""complete"": 8}",11,3996438528,3811.30078125,120.64766773929546,83.18349280855853,18.291662,4.390217,22.681879,4096102400,3906.34765625,True,11,56.0,5.181818181818182,72609.0,72600.0,2026-05-28T23:17:37.824546+00:00,2026-05-28T23:18:00.441609+00:00,results/tables/gradient_diagnostics/resource_benchmarks/manifests/pendigits__pendigits__dyn__block-hamiltonian__L1__lr0.01__bs32__seed0__checkpoints__pendigits__pendigits__dyn__block-hamiltonian__L1__lr0.01__bs32__seed0__checkpoints.json,results/tables/gradient_diagnostics/resource_benchmarks/resource_samples/pendigits__pendigits__dyn__block-hamiltonian__L1__lr0.01__bs32__seed0__checkpoints__pendigits__pendigits__dyn__block-hamiltonian__L1__lr0.01__bs32__seed0__checkpoints.jsonl,"["".venv/bin/python3"", ""scripts/gradient_diagnostics.py"", ""--manifest"", ""results/tables/gradient_diagnostics/resource_benchmarks/manifests/pendigits__pendigits__dyn__block-hamiltonian__L1__lr0.01__bs32__seed0__checkpoints__pendigits__pendigits__dyn__block-hamiltonian__L1__lr0.01__bs32__seed0__checkpoints.json"", ""--mode"", ""checkpoints"", ""--runs-root"", ""results/runs"", ""--diagnostic-batch-size"", ""32"", ""--diagnostic-seed"", ""0"", ""--near-zero-tol"", ""1e-10"", ""--n-init-seeds"", ""20"", ""--fisher-batch-size"", ""32"", ""--output"", ""results/tables/gradient_diagnostics/resource_benchmarks/diagnostics/pendigits__pendigits__dyn__block-hamiltonian__L1__lr0.01__bs32__seed0__checkpoints__pendigits__pendigits__dyn__block-hamiltonian__L1__lr0.01__bs32__seed0__checkpoints.json""]",results/tables/gradient_diagnostics/resource_benchmarks/pendigits__pendigits__dyn__block-hamiltonian__L1__lr0.01__bs32__seed0__checkpoints_runs.csv
complete,pendigits,configs/experiments/pendigits.json,pendigits__pendigits__dyn__block-hamiltonian__L1__lr0.01__bs32__seed0__final,final,pendigits__dyn__block-hamiltonian__L1__lr0.01__bs32__seed0,pendigits,dyn,block-hamiltonian,1,0,0.01,32,0,19.107924071024172,results/tables/gradient_diagnostics/resource_benchmarks/diagnostics/pendigits__pendigits__dyn__block-hamiltonian__L1__lr0.01__bs32__seed0__final__pendigits__pendigits__dyn__block-hamiltonian__L1__lr0.01__bs32__seed0__final.json,1,1,"{""complete"": 1}",10,3998019584,3812.80859375,102.5683448699131,82.28214807556971,16.41672,3.808879,20.225599000000003,4087455744,3898.1015625,True,10,2.0,0.3,72609.0,72600.0,2026-05-28T23:19:17.864472+00:00,2026-05-28T23:19:36.972404+00:00,results/tables/gradient_diagnostics/resource_benchmarks/manifests/pendigits__pendigits__dyn__block-hamiltonian__L1__lr0.01__bs32__seed0__final__pendigits__pendigits__dyn__block-hamiltonian__L1__lr0.01__bs32__seed0__final.json,results/tables/gradient_diagnostics/resource_benchmarks/resource_samples/pendigits__pendigits__dyn__block-hamiltonian__L1__lr0.01__bs32__seed0__final__pendigits__pendigits__dyn__block-hamiltonian__L1__lr0.01__bs32__seed0__final.jsonl,"["".venv/bin/python3"", ""scripts/gradient_diagnostics.py"", ""--manifest"", ""results/tables/gradient_diagnostics/resource_benchmarks/manifests/pendigits__pendigits__dyn__block-hamiltonian__L1__lr0.01__bs32__seed0__final__pendigits__pendigits__dyn__block-hamiltonian__L1__lr0.01__bs32__seed0__final.json"", ""--mode"", ""final"", ""--runs-root"", ""results/runs"", ""--diagnostic-batch-size"", ""32"", ""--diagnostic-seed"", ""0"", ""--near-zero-tol"", ""1e-10"", ""--n-init-seeds"", ""20"", ""--fisher-batch-size"", ""32"", ""--output"", ""results/tables/gradient_diagnostics/resource_benchmarks/diagnostics/pendigits__pendigits__dyn__block-hamiltonian__L1__lr0.01__bs32__seed0__final__pendigits__pendigits__dyn__block-hamiltonian__L1__lr0.01__bs32__seed0__final.json""]",results/tables/gradient_diagnostics/resource_benchmarks/pendigits__pendigits__dyn__block-hamiltonian__L1__lr0.01__bs32__seed0__final_runs.csv
complete,pendigits,configs/experiments/pendigits.json,pendigits__pendigits__dyn__block-hamiltonian__L1__lr0.01__bs32__seed0__init,init,pendigits__dyn__block-hamiltonian__L1__lr0.01__bs32__seed0,pendigits,dyn,block-hamiltonian,1,0,0.01,32,0,27.95823666395154,results/tables/gradient_diagnostics/resource_benchmarks/diagnostics/pendigits__pendigits__dyn__block-hamiltonian__L1__lr0.01__bs32__seed0__init__pendigits__pendigits__dyn__block-hamiltonian__L1__lr0.01__bs32__seed0__init.json,1,1,"{""complete"": 1}",14,4100661248,3910.6953125,139.0452793751243,82.93689114845542,24.134217,5.37684,29.511057,4123774976,3932.73828125,True,14,24.0,1.7142857142857142,72609.0,72600.0,2026-05-28T23:06:03.423917+00:00,2026-05-28T23:06:31.382161+00:00,results/tables/gradient_diagnostics/resource_benchmarks/manifests/pendigits__pendigits__dyn__block-hamiltonian__L1__lr0.01__bs32__seed0__init__pendigits__pendigits__dyn__block-hamiltonian__L1__lr0.01__bs32__seed0__init.json,results/tables/gradient_diagnostics/resource_benchmarks/resource_samples/pendigits__pendigits__dyn__block-hamiltonian__L1__lr0.01__bs32__seed0__init__pendigits__pendigits__dyn__block-hamiltonian__L1__lr0.01__bs32__seed0__init.jsonl,"["".venv/bin/python3"", ""scripts/gradient_diagnostics.py"", ""--manifest"", ""results/tables/gradient_diagnostics/resource_benchmarks/manifests/pendigits__pendigits__dyn__block-hamiltonian__L1__lr0.01__bs32__seed0__init__pendigits__pendigits__dyn__block-hamiltonian__L1__lr0.01__bs32__seed0__init.json"", ""--mode"", ""init"", ""--runs-root"", ""results/runs"", ""--diagnostic-batch-size"", ""32"", ""--diagnostic-seed"", ""0"", ""--near-zero-tol"", ""1e-10"", ""--n-init-seeds"", ""20"", ""--fisher-batch-size"", ""32"", ""--output"", ""results/tables/gradient_diagnostics/resource_benchmarks/diagnostics/pendigits__pendigits__dyn__block-hamiltonian__L1__lr0.01__bs32__seed0__init__pendigits__pendigits__dyn__block-hamiltonian__L1__lr0.01__bs32__seed0__init.json""]",results/tables/gradient_diagnostics/resource_benchmarks/pendigits__pendigits__dyn__block-hamiltonian__L1__lr0.01__bs32__seed0__init_runs.csv
complete,pendigits,configs/experiments/pendigits.json,pendigits__pendigits__dyn__block-hamiltonian__L32__lr0.01__bs32__seed0__checkpoints,checkpoints,pendigits__dyn__block-hamiltonian__L32__lr0.01__bs32__seed0,pendigits,dyn,block-hamiltonian,32,0,0.01,32,0,79.20721788401715,results/tables/gradient_diagnostics/resource_benchmarks/diagnostics/pendigits__pendigits__dyn__block-hamiltonian__L32__lr0.01__bs32__seed0__checkpoints__pendigits__pendigits__dyn__block-hamiltonian__L32__lr0.01__bs32__seed0__checkpoints.json,8,8,"{""complete"": 8}",38,4216279040,4020.95703125,144.66250334295594,116.42003656807154,82.677373,16.050804,98.728177,4303880192,4104.5,True,38,99.0,5.315789473684211,72611.0,72602.0,2026-05-28T20:56:29.588313+00:00,2026-05-28T20:57:48.795543+00:00,results/tables/gradient_diagnostics/resource_benchmarks/manifests/pendigits__pendigits__dyn__block-hamiltonian__L32__lr0.01__bs32__seed0__checkpoints__pendigits__pendigits__dyn__block-hamiltonian__L32__lr0.01__bs32__seed0__checkpoints.json,results/tables/gradient_diagnostics/resource_benchmarks/resource_samples/pendigits__pendigits__dyn__block-hamiltonian__L32__lr0.01__bs32__seed0__checkpoints__pendigits__pendigits__dyn__block-hamiltonian__L32__lr0.01__bs32__seed0__checkpoints.jsonl,"["".venv/bin/python3"", ""scripts/gradient_diagnostics.py"", ""--manifest"", ""results/tables/gradient_diagnostics/resource_benchmarks/manifests/pendigits__pendigits__dyn__block-hamiltonian__L32__lr0.01__bs32__seed0__checkpoints__pendigits__pendigits__dyn__block-hamiltonian__L32__lr0.01__bs32__seed0__checkpoints.json"", ""--mode"", ""checkpoints"", ""--runs-root"", ""results/runs"", ""--diagnostic-batch-size"", ""32"", ""--diagnostic-seed"", ""0"", ""--near-zero-tol"", ""1e-10"", ""--n-init-seeds"", ""20"", ""--fisher-batch-size"", ""32"", ""--output"", ""results/tables/gradient_diagnostics/resource_benchmarks/diagnostics/pendigits__pendigits__dyn__block-hamiltonian__L32__lr0.01__bs32__seed0__checkpoints__pendigits__pendigits__dyn__block-hamiltonian__L32__lr0.01__bs32__seed0__checkpoints.json""]",results/tables/gradient_diagnostics/resource_benchmarks/pendigits__pendigits__dyn__block-hamiltonian__L32__lr0.01__bs32__seed0__checkpoints_runs.csv
complete,pendigits,configs/experiments/pendigits.json,pendigits__pendigits__dyn__block-hamiltonian__L32__lr0.01__bs32__seed0__final,final,pendigits__dyn__block-hamiltonian__L32__lr0.01__bs32__seed0,pendigits,dyn,block-hamiltonian,32,0,0.01,32,0,32.00149514200166,results/tables/gradient_diagnostics/resource_benchmarks/diagnostics/pendigits__pendigits__dyn__block-hamiltonian__L32__lr0.01__bs32__seed0__final__pendigits__pendigits__dyn__block-hamiltonian__L32__lr0.01__bs32__seed0__final.json,1,1,"{""complete"": 1}",16,4307349504,4107.80859375,140.34540531989515,92.1172047288233,29.972766,6.146948,36.119714,4310695936,4111.0,True,16,22.0,2.375,72611.0,72602.0,2026-05-28T23:03:30.012586+00:00,2026-05-28T23:04:02.014094+00:00,results/tables/gradient_diagnostics/resource_benchmarks/manifests/pendigits__pendigits__dyn__block-hamiltonian__L32__lr0.01__bs32__seed0__final__pendigits__pendigits__dyn__block-hamiltonian__L32__lr0.01__bs32__seed0__final.json,results/tables/gradient_diagnostics/resource_benchmarks/resource_samples/pendigits__pendigits__dyn__block-hamiltonian__L32__lr0.01__bs32__seed0__final__pendigits__pendigits__dyn__block-hamiltonian__L32__lr0.01__bs32__seed0__final.jsonl,"["".venv/bin/python3"", ""scripts/gradient_diagnostics.py"", ""--manifest"", ""results/tables/gradient_diagnostics/resource_benchmarks/manifests/pendigits__pendigits__dyn__block-hamiltonian__L32__lr0.01__bs32__seed0__final__pendigits__pendigits__dyn__block-hamiltonian__L32__lr0.01__bs32__seed0__final.json"", ""--mode"", ""final"", ""--runs-root"", ""results/runs"", ""--diagnostic-batch-size"", ""32"", ""--diagnostic-seed"", ""0"", ""--near-zero-tol"", ""1e-10"", ""--n-init-seeds"", ""20"", ""--fisher-batch-size"", ""32"", ""--output"", ""results/tables/gradient_diagnostics/resource_benchmarks/diagnostics/pendigits__pendigits__dyn__block-hamiltonian__L32__lr0.01__bs32__seed0__final__pendigits__pendigits__dyn__block-hamiltonian__L32__lr0.01__bs32__seed0__final.json""]",results/tables/gradient_diagnostics/resource_benchmarks/pendigits__pendigits__dyn__block-hamiltonian__L32__lr0.01__bs32__seed0__final_runs.csv
complete,pendigits,configs/experiments/pendigits.json,pendigits__pendigits__dyn__block-hamiltonian__L32__lr0.01__bs32__seed0__init,init,pendigits__dyn__block-hamiltonian__L32__lr0.01__bs32__seed0,pendigits,dyn,block-hamiltonian,32,0,0.01,32,0,98.18696726101916,results/tables/gradient_diagnostics/resource_benchmarks/diagnostics/pendigits__pendigits__dyn__block-hamiltonian__L32__lr0.01__bs32__seed0__init__pendigits__pendigits__dyn__block-hamiltonian__L32__lr0.01__bs32__seed0__init.json,1,1,"{""complete"": 1}",47,4325408768,4125.03125,144.94022087155258,116.7588390484809,104.525654,19.685333999999997,124.210988,4420091904,4215.328125,True,47,5.0,2.765957446808511,72613.0,72604.0,2026-05-28T20:22:49.080487+00:00,2026-05-28T20:24:27.267466+00:00,results/tables/gradient_diagnostics/resource_benchmarks/manifests/pendigits__pendigits__dyn__block-hamiltonian__L32__lr0.01__bs32__seed0__init__pendigits__pendigits__dyn__block-hamiltonian__L32__lr0.01__bs32__seed0__init.json,results/tables/gradient_diagnostics/resource_benchmarks/resource_samples/pendigits__pendigits__dyn__block-hamiltonian__L32__lr0.01__bs32__seed0__init__pendigits__pendigits__dyn__block-hamiltonian__L32__lr0.01__bs32__seed0__init.jsonl,"["".venv/bin/python3"", ""scripts/gradient_diagnostics.py"", ""--manifest"", ""results/tables/gradient_diagnostics/resource_benchmarks/manifests/pendigits__pendigits__dyn__block-hamiltonian__L32__lr0.01__bs32__seed0__init__pendigits__pendigits__dyn__block-hamiltonian__L32__lr0.01__bs32__seed0__init.json"", ""--mode"", ""init"", ""--runs-root"", ""results/runs"", ""--diagnostic-batch-size"", ""32"", ""--diagnostic-seed"", ""0"", ""--near-zero-tol"", ""1e-10"", ""--n-init-seeds"", ""20"", ""--fisher-batch-size"", ""32"", ""--output"", ""results/tables/gradient_diagnostics/resource_benchmarks/diagnostics/pendigits__pendigits__dyn__block-hamiltonian__L32__lr0.01__bs32__seed0__init__pendigits__pendigits__dyn__block-hamiltonian__L32__lr0.01__bs32__seed0__init.json""]",results/tables/gradient_diagnostics/resource_benchmarks/pendigits__pendigits__dyn__block-hamiltonian__L32__lr0.01__bs32__seed0__init_runs.csv
complete,pendigits,configs/experiments/pendigits.json,pendigits__pendigits__dyn__block-hamiltonian__L8__lr0.01__bs32__seed0__checkpoints,checkpoints,pendigits__dyn__block-hamiltonian__L8__lr0.01__bs32__seed0,pendigits,dyn,block-hamiltonian,8,0,0.01,32,0,36.84240800200496,results/tables/gradient_diagnostics/resource_benchmarks/diagnostics/pendigits__pendigits__dyn__block-hamiltonian__L8__lr0.01__bs32__seed0__checkpoints__pendigits__pendigits__dyn__block-hamiltonian__L8__lr0.01__bs32__seed0__checkpoints.json,8,8,"{""complete"": 8}",18,4061474816,3873.32421875,139.31597990639943,98.92165873154327,34.487164,6.681341999999999,41.168506,4143247360,3951.30859375,True,18,100.0,7.055555555555555,72609.0,72600.0,2026-05-28T22:48:26.482996+00:00,2026-05-28T22:49:03.325414+00:00,results/tables/gradient_diagnostics/resource_benchmarks/manifests/pendigits__pendigits__dyn__block-hamiltonian__L8__lr0.01__bs32__seed0__checkpoints__pendigits__pendigits__dyn__block-hamiltonian__L8__lr0.01__bs32__seed0__checkpoints.json,results/tables/gradient_diagnostics/resource_benchmarks/resource_samples/pendigits__pendigits__dyn__block-hamiltonian__L8__lr0.01__bs32__seed0__checkpoints__pendigits__pendigits__dyn__block-hamiltonian__L8__lr0.01__bs32__seed0__checkpoints.jsonl,"["".venv/bin/python3"", ""scripts/gradient_diagnostics.py"", ""--manifest"", ""results/tables/gradient_diagnostics/resource_benchmarks/manifests/pendigits__pendigits__dyn__block-hamiltonian__L8__lr0.01__bs32__seed0__checkpoints__pendigits__pendigits__dyn__block-hamiltonian__L8__lr0.01__bs32__seed0__checkpoints.json"", ""--mode"", ""checkpoints"", ""--runs-root"", ""results/runs"", ""--diagnostic-batch-size"", ""32"", ""--diagnostic-seed"", ""0"", ""--near-zero-tol"", ""1e-10"", ""--n-init-seeds"", ""20"", ""--fisher-batch-size"", ""32"", ""--output"", ""results/tables/gradient_diagnostics/resource_benchmarks/diagnostics/pendigits__pendigits__dyn__block-hamiltonian__L8__lr0.01__bs32__seed0__checkpoints__pendigits__pendigits__dyn__block-hamiltonian__L8__lr0.01__bs32__seed0__checkpoints.json""]",results/tables/gradient_diagnostics/resource_benchmarks/pendigits__pendigits__dyn__block-hamiltonian__L8__lr0.01__bs32__seed0__checkpoints_runs.csv
complete,pendigits,configs/experiments/pendigits.json,pendigits__pendigits__dyn__block-hamiltonian__L8__lr0.01__bs32__seed0__final,final,pendigits__dyn__block-hamiltonian__L8__lr0.01__bs32__seed0,pendigits,dyn,block-hamiltonian,8,0,0.01,32,0,24.510565755073912,results/tables/gradient_diagnostics/resource_benchmarks/diagnostics/pendigits__pendigits__dyn__block-hamiltonian__L8__lr0.01__bs32__seed0__final__pendigits__pendigits__dyn__block-hamiltonian__L8__lr0.01__bs32__seed0__final.json,1,1,"{""complete"": 1}",12,4062052352,3873.875,114.16768187769058,84.47746765371984,21.030642999999998,4.567037,25.597679999999997,4097380352,3907.56640625,True,12,100.0,8.583333333333334,72609.0,72600.0,2026-05-28T23:15:16.421642+00:00,2026-05-28T23:15:40.932214+00:00,results/tables/gradient_diagnostics/resource_benchmarks/manifests/pendigits__pendigits__dyn__block-hamiltonian__L8__lr0.01__bs32__seed0__final__pendigits__pendigits__dyn__block-hamiltonian__L8__lr0.01__bs32__seed0__final.json,results/tables/gradient_diagnostics/resource_benchmarks/resource_samples/pendigits__pendigits__dyn__block-hamiltonian__L8__lr0.01__bs32__seed0__final__pendigits__pendigits__dyn__block-hamiltonian__L8__lr0.01__bs32__seed0__final.jsonl,"["".venv/bin/python3"", ""scripts/gradient_diagnostics.py"", ""--manifest"", ""results/tables/gradient_diagnostics/resource_benchmarks/manifests/pendigits__pendigits__dyn__block-hamiltonian__L8__lr0.01__bs32__seed0__final__pendigits__pendigits__dyn__block-hamiltonian__L8__lr0.01__bs32__seed0__final.json"", ""--mode"", ""final"", ""--runs-root"", ""results/runs"", ""--diagnostic-batch-size"", ""32"", ""--diagnostic-seed"", ""0"", ""--near-zero-tol"", ""1e-10"", ""--n-init-seeds"", ""20"", ""--fisher-batch-size"", ""32"", ""--output"", ""results/tables/gradient_diagnostics/resource_benchmarks/diagnostics/pendigits__pendigits__dyn__block-hamiltonian__L8__lr0.01__bs32__seed0__final__pendigits__pendigits__dyn__block-hamiltonian__L8__lr0.01__bs32__seed0__final.json""]",results/tables/gradient_diagnostics/resource_benchmarks/pendigits__pendigits__dyn__block-hamiltonian__L8__lr0.01__bs32__seed0__final_runs.csv
complete,pendigits,configs/experiments/pendigits.json,pendigits__pendigits__dyn__block-hamiltonian__L8__lr0.01__bs32__seed0__init,init,pendigits__dyn__block-hamiltonian__L8__lr0.01__bs32__seed0,pendigits,dyn,block-hamiltonian,8,0,0.01,32,0,44.70342410297599,results/tables/gradient_diagnostics/resource_benchmarks/diagnostics/pendigits__pendigits__dyn__block-hamiltonian__L8__lr0.01__bs32__seed0__init__pendigits__pendigits__dyn__block-hamiltonian__L8__lr0.01__bs32__seed0__init.json,1,1,"{""complete"": 1}",22,4235255808,4039.0546875,143.43783193955696,100.52731136338178,44.620429,8.637407,53.257836,4204941312,4010.14453125,True,22,34.0,3.1363636363636362,72613.0,72604.0,2026-05-28T22:17:34.662981+00:00,2026-05-28T22:18:19.366419+00:00,results/tables/gradient_diagnostics/resource_benchmarks/manifests/pendigits__pendigits__dyn__block-hamiltonian__L8__lr0.01__bs32__seed0__init__pendigits__pendigits__dyn__block-hamiltonian__L8__lr0.01__bs32__seed0__init.json,results/tables/gradient_diagnostics/resource_benchmarks/resource_samples/pendigits__pendigits__dyn__block-hamiltonian__L8__lr0.01__bs32__seed0__init__pendigits__pendigits__dyn__block-hamiltonian__L8__lr0.01__bs32__seed0__init.jsonl,"["".venv/bin/python3"", ""scripts/gradient_diagnostics.py"", ""--manifest"", ""results/tables/gradient_diagnostics/resource_benchmarks/manifests/pendigits__pendigits__dyn__block-hamiltonian__L8__lr0.01__bs32__seed0__init__pendigits__pendigits__dyn__block-hamiltonian__L8__lr0.01__bs32__seed0__init.json"", ""--mode"", ""init"", ""--runs-root"", ""results/runs"", ""--diagnostic-batch-size"", ""32"", ""--diagnostic-seed"", ""0"", ""--near-zero-tol"", ""1e-10"", ""--n-init-seeds"", ""20"", ""--fisher-batch-size"", ""32"", ""--output"", ""results/tables/gradient_diagnostics/resource_benchmarks/diagnostics/pendigits__pendigits__dyn__block-hamiltonian__L8__lr0.01__bs32__seed0__init__pendigits__pendigits__dyn__block-hamiltonian__L8__lr0.01__bs32__seed0__init.json""]",results/tables/gradient_diagnostics/resource_benchmarks/pendigits__pendigits__dyn__block-hamiltonian__L8__lr0.01__bs32__seed0__init_runs.csv
complete,pendigits,configs/experiments/pendigits.json,pendigits__pendigits__dyn__fixed-ry-rz__L1__lr0.01__bs32__seed0__checkpoints,checkpoints,pendigits__dyn__fixed-ry-rz__L1__lr0.01__bs32__seed0,pendigits,dyn,fixed-ry-rz,1,0,0.01,32,0,44.30567796295509,results/tables/gradient_diagnostics/resource_benchmarks/diagnostics/pendigits__pendigits__dyn__fixed-ry-rz__L1__lr0.01__bs32__seed0__checkpoints__pendigits__pendigits__dyn__fixed-ry-rz__L1__lr0.01__bs32__seed0__checkpoints.json,8,8,"{""complete"": 8}",21,4260274176,4062.9140625,136.78015075306152,99.20510945300575,43.937118,8.719075,52.656193,4310974464,4111.265625,True,21,7.0,1.6666666666666667,72611.0,72602.0,2026-05-28T22:21:51.500453+00:00,2026-05-28T22:22:35.806145+00:00,results/tables/gradient_diagnostics/resource_benchmarks/manifests/pendigits__pendigits__dyn__fixed-ry-rz__L1__lr0.01__bs32__seed0__checkpoints__pendigits__pendigits__dyn__fixed-ry-rz__L1__lr0.01__bs32__seed0__checkpoints.json,results/tables/gradient_diagnostics/resource_benchmarks/resource_samples/pendigits__pendigits__dyn__fixed-ry-rz__L1__lr0.01__bs32__seed0__checkpoints__pendigits__pendigits__dyn__fixed-ry-rz__L1__lr0.01__bs32__seed0__checkpoints.jsonl,"["".venv/bin/python3"", ""scripts/gradient_diagnostics.py"", ""--manifest"", ""results/tables/gradient_diagnostics/resource_benchmarks/manifests/pendigits__pendigits__dyn__fixed-ry-rz__L1__lr0.01__bs32__seed0__checkpoints__pendigits__pendigits__dyn__fixed-ry-rz__L1__lr0.01__bs32__seed0__checkpoints.json"", ""--mode"", ""checkpoints"", ""--runs-root"", ""results/runs"", ""--diagnostic-batch-size"", ""32"", ""--diagnostic-seed"", ""0"", ""--near-zero-tol"", ""1e-10"", ""--n-init-seeds"", ""20"", ""--fisher-batch-size"", ""32"", ""--output"", ""results/tables/gradient_diagnostics/resource_benchmarks/diagnostics/pendigits__pendigits__dyn__fixed-ry-rz__L1__lr0.01__bs32__seed0__checkpoints__pendigits__pendigits__dyn__fixed-ry-rz__L1__lr0.01__bs32__seed0__checkpoints.json""]",results/tables/gradient_diagnostics/resource_benchmarks/pendigits__pendigits__dyn__fixed-ry-rz__L1__lr0.01__bs32__seed0__checkpoints_runs.csv
complete,pendigits,configs/experiments/pendigits.json,pendigits__pendigits__dyn__fixed-ry-rz__L1__lr0.01__bs32__seed0__final,final,pendigits__dyn__fixed-ry-rz__L1__lr0.01__bs32__seed0,pendigits,dyn,fixed-ry-rz,1,0,0.01,32,0,35.95673975604586,results/tables/gradient_diagnostics/resource_benchmarks/diagnostics/pendigits__pendigits__dyn__fixed-ry-rz__L1__lr0.01__bs32__seed0__final__pendigits__pendigits__dyn__fixed-ry-rz__L1__lr0.01__bs32__seed0__final.json,1,1,"{""complete"": 1}",18,4240293888,4043.859375,128.49555066365969,87.23357453946971,34.260268,6.699938,40.96020600000001,4283342848,4084.9140625,True,18,81.0,5.166666666666667,72611.0,72602.0,2026-05-28T22:52:11.391842+00:00,2026-05-28T22:52:47.348593+00:00,results/tables/gradient_diagnostics/resource_benchmarks/manifests/pendigits__pendigits__dyn__fixed-ry-rz__L1__lr0.01__bs32__seed0__final__pendigits__pendigits__dyn__fixed-ry-rz__L1__lr0.01__bs32__seed0__final.json,results/tables/gradient_diagnostics/resource_benchmarks/resource_samples/pendigits__pendigits__dyn__fixed-ry-rz__L1__lr0.01__bs32__seed0__final__pendigits__pendigits__dyn__fixed-ry-rz__L1__lr0.01__bs32__seed0__final.jsonl,"["".venv/bin/python3"", ""scripts/gradient_diagnostics.py"", ""--manifest"", ""results/tables/gradient_diagnostics/resource_benchmarks/manifests/pendigits__pendigits__dyn__fixed-ry-rz__L1__lr0.01__bs32__seed0__final__pendigits__pendigits__dyn__fixed-ry-rz__L1__lr0.01__bs32__seed0__final.json"", ""--mode"", ""final"", ""--runs-root"", ""results/runs"", ""--diagnostic-batch-size"", ""32"", ""--diagnostic-seed"", ""0"", ""--near-zero-tol"", ""1e-10"", ""--n-init-seeds"", ""20"", ""--fisher-batch-size"", ""32"", ""--output"", ""results/tables/gradient_diagnostics/resource_benchmarks/diagnostics/pendigits__pendigits__dyn__fixed-ry-rz__L1__lr0.01__bs32__seed0__final__pendigits__pendigits__dyn__fixed-ry-rz__L1__lr0.01__bs32__seed0__final.json""]",results/tables/gradient_diagnostics/resource_benchmarks/pendigits__pendigits__dyn__fixed-ry-rz__L1__lr0.01__bs32__seed0__final_runs.csv
complete,pendigits,configs/experiments/pendigits.json,pendigits__pendigits__dyn__fixed-ry-rz__L1__lr0.01__bs32__seed0__init,init,pendigits__dyn__fixed-ry-rz__L1__lr0.01__bs32__seed0,pendigits,dyn,fixed-ry-rz,1,0,0.01,32,0,51.017371129011735,results/tables/gradient_diagnostics/resource_benchmarks/diagnostics/pendigits__pendigits__dyn__fixed-ry-rz__L1__lr0.01__bs32__seed0__init__pendigits__pendigits__dyn__fixed-ry-rz__L1__lr0.01__bs32__seed0__init.json,1,1,"{""complete"": 1}",25,4419588096,4214.84765625,140.2112902424738,98.39438539154605,52.138111,9.877547,62.015658,4421197824,4216.3828125,True,25,7.0,1.68,72611.0,72602.0,2026-05-28T21:59:56.464151+00:00,2026-05-28T22:00:47.481533+00:00,results/tables/gradient_diagnostics/resource_benchmarks/manifests/pendigits__pendigits__dyn__fixed-ry-rz__L1__lr0.01__bs32__seed0__init__pendigits__pendigits__dyn__fixed-ry-rz__L1__lr0.01__bs32__seed0__init.json,results/tables/gradient_diagnostics/resource_benchmarks/resource_samples/pendigits__pendigits__dyn__fixed-ry-rz__L1__lr0.01__bs32__seed0__init__pendigits__pendigits__dyn__fixed-ry-rz__L1__lr0.01__bs32__seed0__init.jsonl,"["".venv/bin/python3"", ""scripts/gradient_diagnostics.py"", ""--manifest"", ""results/tables/gradient_diagnostics/resource_benchmarks/manifests/pendigits__pendigits__dyn__fixed-ry-rz__L1__lr0.01__bs32__seed0__init__pendigits__pendigits__dyn__fixed-ry-rz__L1__lr0.01__bs32__seed0__init.json"", ""--mode"", ""init"", ""--runs-root"", ""results/runs"", ""--diagnostic-batch-size"", ""32"", ""--diagnostic-seed"", ""0"", ""--near-zero-tol"", ""1e-10"", ""--n-init-seeds"", ""20"", ""--fisher-batch-size"", ""32"", ""--output"", ""results/tables/gradient_diagnostics/resource_benchmarks/diagnostics/pendigits__pendigits__dyn__fixed-ry-rz__L1__lr0.01__bs32__seed0__init__pendigits__pendigits__dyn__fixed-ry-rz__L1__lr0.01__bs32__seed0__init.json""]",results/tables/gradient_diagnostics/resource_benchmarks/pendigits__pendigits__dyn__fixed-ry-rz__L1__lr0.01__bs32__seed0__init_runs.csv
complete,pendigits,configs/experiments/pendigits.json,pendigits__pendigits__dyn__fixed-ry-rz__L32__lr0.01__bs32__seed0__checkpoints,checkpoints,pendigits__dyn__fixed-ry-rz__L32__lr0.01__bs32__seed0,pendigits,dyn,fixed-ry-rz,32,0,0.01,32,0,407.7353154210141,results/tables/gradient_diagnostics/resource_benchmarks/diagnostics/pendigits__pendigits__dyn__fixed-ry-rz__L32__lr0.01__bs32__seed0__checkpoints__pendigits__pendigits__dyn__fixed-ry-rz__L32__lr0.01__bs32__seed0__checkpoints.json,8,8,"{""complete"": 8}",194,4528295936,4318.51953125,137.1707823256756,124.58374892399351,449.834483,74.042823,523.877306,4591595520,4378.88671875,True,194,100.0,7.706185567010309,72611.0,72602.0,2026-05-28T16:31:22.097922+00:00,2026-05-28T16:38:09.833245+00:00,results/tables/gradient_diagnostics/resource_benchmarks/manifests/pendigits__pendigits__dyn__fixed-ry-rz__L32__lr0.01__bs32__seed0__checkpoints__pendigits__pendigits__dyn__fixed-ry-rz__L32__lr0.01__bs32__seed0__checkpoints.json,results/tables/gradient_diagnostics/resource_benchmarks/resource_samples/pendigits__pendigits__dyn__fixed-ry-rz__L32__lr0.01__bs32__seed0__checkpoints__pendigits__pendigits__dyn__fixed-ry-rz__L32__lr0.01__bs32__seed0__checkpoints.jsonl,"["".venv/bin/python3"", ""scripts/gradient_diagnostics.py"", ""--manifest"", ""results/tables/gradient_diagnostics/resource_benchmarks/manifests/pendigits__pendigits__dyn__fixed-ry-rz__L32__lr0.01__bs32__seed0__checkpoints__pendigits__pendigits__dyn__fixed-ry-rz__L32__lr0.01__bs32__seed0__checkpoints.json"", ""--mode"", ""checkpoints"", ""--runs-root"", ""results/runs"", ""--diagnostic-batch-size"", ""32"", ""--diagnostic-seed"", ""0"", ""--near-zero-tol"", ""1e-10"", ""--n-init-seeds"", ""20"", ""--fisher-batch-size"", ""32"", ""--output"", ""results/tables/gradient_diagnostics/resource_benchmarks/diagnostics/pendigits__pendigits__dyn__fixed-ry-rz__L32__lr0.01__bs32__seed0__checkpoints__pendigits__pendigits__dyn__fixed-ry-rz__L32__lr0.01__bs32__seed0__checkpoints.json""]",results/tables/gradient_diagnostics/resource_benchmarks/pendigits__pendigits__dyn__fixed-ry-rz__L32__lr0.01__bs32__seed0__checkpoints_runs.csv
complete,pendigits,configs/experiments/pendigits.json,pendigits__pendigits__dyn__fixed-ry-rz__L32__lr0.01__bs32__seed0__final,final,pendigits__dyn__fixed-ry-rz__L32__lr0.01__bs32__seed0,pendigits,dyn,fixed-ry-rz,32,0,0.01,32,0,89.02470741700381,results/tables/gradient_diagnostics/resource_benchmarks/diagnostics/pendigits__pendigits__dyn__fixed-ry-rz__L32__lr0.01__bs32__seed0__final__pendigits__pendigits__dyn__fixed-ry-rz__L32__lr0.01__bs32__seed0__final.json,1,1,"{""complete"": 1}",43,4587642880,4375.1171875,135.93841566482092,107.05769513311213,91.827161,16.060831,107.887992,4588494848,4375.9296875,True,43,76.0,5.674418604651163,72611.0,72602.0,2026-05-28T20:27:37.432094+00:00,2026-05-28T20:29:06.456814+00:00,results/tables/gradient_diagnostics/resource_benchmarks/manifests/pendigits__pendigits__dyn__fixed-ry-rz__L32__lr0.01__bs32__seed0__final__pendigits__pendigits__dyn__fixed-ry-rz__L32__lr0.01__bs32__seed0__final.json,results/tables/gradient_diagnostics/resource_benchmarks/resource_samples/pendigits__pendigits__dyn__fixed-ry-rz__L32__lr0.01__bs32__seed0__final__pendigits__pendigits__dyn__fixed-ry-rz__L32__lr0.01__bs32__seed0__final.jsonl,"["".venv/bin/python3"", ""scripts/gradient_diagnostics.py"", ""--manifest"", ""results/tables/gradient_diagnostics/resource_benchmarks/manifests/pendigits__pendigits__dyn__fixed-ry-rz__L32__lr0.01__bs32__seed0__final__pendigits__pendigits__dyn__fixed-ry-rz__L32__lr0.01__bs32__seed0__final.json"", ""--mode"", ""final"", ""--runs-root"", ""results/runs"", ""--diagnostic-batch-size"", ""32"", ""--diagnostic-seed"", ""0"", ""--near-zero-tol"", ""1e-10"", ""--n-init-seeds"", ""20"", ""--fisher-batch-size"", ""32"", ""--output"", ""results/tables/gradient_diagnostics/resource_benchmarks/diagnostics/pendigits__pendigits__dyn__fixed-ry-rz__L32__lr0.01__bs32__seed0__final__pendigits__pendigits__dyn__fixed-ry-rz__L32__lr0.01__bs32__seed0__final.json""]",results/tables/gradient_diagnostics/resource_benchmarks/pendigits__pendigits__dyn__fixed-ry-rz__L32__lr0.01__bs32__seed0__final_runs.csv
complete,pendigits,configs/experiments/pendigits.json,pendigits__pendigits__dyn__fixed-ry-rz__L32__lr0.01__bs32__seed0__init,init,pendigits__dyn__fixed-ry-rz__L32__lr0.01__bs32__seed0,pendigits,dyn,fixed-ry-rz,32,0,0.01,32,0,486.51276526693255,results/tables/gradient_diagnostics/resource_benchmarks/diagnostics/pendigits__pendigits__dyn__fixed-ry-rz__L32__lr0.01__bs32__seed0__init__pendigits__pendigits__dyn__fixed-ry-rz__L32__lr0.01__bs32__seed0__init.json,1,1,"{""complete"": 1}",231,4547121152,4336.47265625,138.00327029116178,128.6156596365732,549.113466,94.03009300000001,643.143559,4639031296,4424.125,True,231,36.0,7.753246753246753,72611.0,72602.0,2026-05-28T15:24:53.463256+00:00,2026-05-28T15:32:59.976034+00:00,results/tables/gradient_diagnostics/resource_benchmarks/manifests/pendigits__pendigits__dyn__fixed-ry-rz__L32__lr0.01__bs32__seed0__init__pendigits__pendigits__dyn__fixed-ry-rz__L32__lr0.01__bs32__seed0__init.json,results/tables/gradient_diagnostics/resource_benchmarks/resource_samples/pendigits__pendigits__dyn__fixed-ry-rz__L32__lr0.01__bs32__seed0__init__pendigits__pendigits__dyn__fixed-ry-rz__L32__lr0.01__bs32__seed0__init.jsonl,"["".venv/bin/python3"", ""scripts/gradient_diagnostics.py"", ""--manifest"", ""results/tables/gradient_diagnostics/resource_benchmarks/manifests/pendigits__pendigits__dyn__fixed-ry-rz__L32__lr0.01__bs32__seed0__init__pendigits__pendigits__dyn__fixed-ry-rz__L32__lr0.01__bs32__seed0__init.json"", ""--mode"", ""init"", ""--runs-root"", ""results/runs"", ""--diagnostic-batch-size"", ""32"", ""--diagnostic-seed"", ""0"", ""--near-zero-tol"", ""1e-10"", ""--n-init-seeds"", ""20"", ""--fisher-batch-size"", ""32"", ""--output"", ""results/tables/gradient_diagnostics/resource_benchmarks/diagnostics/pendigits__pendigits__dyn__fixed-ry-rz__L32__lr0.01__bs32__seed0__init__pendigits__pendigits__dyn__fixed-ry-rz__L32__lr0.01__bs32__seed0__init.json""]",results/tables/gradient_diagnostics/resource_benchmarks/pendigits__pendigits__dyn__fixed-ry-rz__L32__lr0.01__bs32__seed0__init_runs.csv
complete,pendigits,configs/experiments/pendigits.json,pendigits__pendigits__dyn__fixed-ry-rz__L8__lr0.01__bs32__seed0__checkpoints,checkpoints,pendigits__dyn__fixed-ry-rz__L8__lr0.01__bs32__seed0,pendigits,dyn,fixed-ry-rz,8,0,0.01,32,0,128.5536747740116,results/tables/gradient_diagnostics/resource_benchmarks/diagnostics/pendigits__pendigits__dyn__fixed-ry-rz__L8__lr0.01__bs32__seed0__checkpoints__pendigits__pendigits__dyn__fixed-ry-rz__L8__lr0.01__bs32__seed0__checkpoints.json,8,8,"{""complete"": 8}",61,4384976896,4181.83984375,135.6046171592558,118.37583761494287,139.275035,23.424595,162.69963,4475592704,4268.2578125,True,61,100.0,7.573770491803279,72611.0,72602.0,2026-05-28T19:43:45.073098+00:00,2026-05-28T19:45:53.626778+00:00,results/tables/gradient_diagnostics/resource_benchmarks/manifests/pendigits__pendigits__dyn__fixed-ry-rz__L8__lr0.01__bs32__seed0__checkpoints__pendigits__pendigits__dyn__fixed-ry-rz__L8__lr0.01__bs32__seed0__checkpoints.json,results/tables/gradient_diagnostics/resource_benchmarks/resource_samples/pendigits__pendigits__dyn__fixed-ry-rz__L8__lr0.01__bs32__seed0__checkpoints__pendigits__pendigits__dyn__fixed-ry-rz__L8__lr0.01__bs32__seed0__checkpoints.jsonl,"["".venv/bin/python3"", ""scripts/gradient_diagnostics.py"", ""--manifest"", ""results/tables/gradient_diagnostics/resource_benchmarks/manifests/pendigits__pendigits__dyn__fixed-ry-rz__L8__lr0.01__bs32__seed0__checkpoints__pendigits__pendigits__dyn__fixed-ry-rz__L8__lr0.01__bs32__seed0__checkpoints.json"", ""--mode"", ""checkpoints"", ""--runs-root"", ""results/runs"", ""--diagnostic-batch-size"", ""32"", ""--diagnostic-seed"", ""0"", ""--near-zero-tol"", ""1e-10"", ""--n-init-seeds"", ""20"", ""--fisher-batch-size"", ""32"", ""--output"", ""results/tables/gradient_diagnostics/resource_benchmarks/diagnostics/pendigits__pendigits__dyn__fixed-ry-rz__L8__lr0.01__bs32__seed0__checkpoints__pendigits__pendigits__dyn__fixed-ry-rz__L8__lr0.01__bs32__seed0__checkpoints.json""]",results/tables/gradient_diagnostics/resource_benchmarks/pendigits__pendigits__dyn__fixed-ry-rz__L8__lr0.01__bs32__seed0__checkpoints_runs.csv
complete,pendigits,configs/experiments/pendigits.json,pendigits__pendigits__dyn__fixed-ry-rz__L8__lr0.01__bs32__seed0__final,final,pendigits__dyn__fixed-ry-rz__L8__lr0.01__bs32__seed0,pendigits,dyn,fixed-ry-rz,8,0,0.01,32,0,47.99925961403642,results/tables/gradient_diagnostics/resource_benchmarks/diagnostics/pendigits__pendigits__dyn__fixed-ry-rz__L8__lr0.01__bs32__seed0__final__pendigits__pendigits__dyn__fixed-ry-rz__L8__lr0.01__bs32__seed0__final.json,1,1,"{""complete"": 1}",23,4386709504,4183.4921875,137.62638412998484,101.05860034221669,49.483602,9.028056,58.511658,4485189632,4277.41015625,True,23,32.0,3.3043478260869565,72611.0,72602.0,2026-05-28T21:58:58.559819+00:00,2026-05-28T21:59:46.559091+00:00,results/tables/gradient_diagnostics/resource_benchmarks/manifests/pendigits__pendigits__dyn__fixed-ry-rz__L8__lr0.01__bs32__seed0__final__pendigits__pendigits__dyn__fixed-ry-rz__L8__lr0.01__bs32__seed0__final.json,results/tables/gradient_diagnostics/resource_benchmarks/resource_samples/pendigits__pendigits__dyn__fixed-ry-rz__L8__lr0.01__bs32__seed0__final__pendigits__pendigits__dyn__fixed-ry-rz__L8__lr0.01__bs32__seed0__final.jsonl,"["".venv/bin/python3"", ""scripts/gradient_diagnostics.py"", ""--manifest"", ""results/tables/gradient_diagnostics/resource_benchmarks/manifests/pendigits__pendigits__dyn__fixed-ry-rz__L8__lr0.01__bs32__seed0__final__pendigits__pendigits__dyn__fixed-ry-rz__L8__lr0.01__bs32__seed0__final.json"", ""--mode"", ""final"", ""--runs-root"", ""results/runs"", ""--diagnostic-batch-size"", ""32"", ""--diagnostic-seed"", ""0"", ""--near-zero-tol"", ""1e-10"", ""--n-init-seeds"", ""20"", ""--fisher-batch-size"", ""32"", ""--output"", ""results/tables/gradient_diagnostics/resource_benchmarks/diagnostics/pendigits__pendigits__dyn__fixed-ry-rz__L8__lr0.01__bs32__seed0__final__pendigits__pendigits__dyn__fixed-ry-rz__L8__lr0.01__bs32__seed0__final.json""]",results/tables/gradient_diagnostics/resource_benchmarks/pendigits__pendigits__dyn__fixed-ry-rz__L8__lr0.01__bs32__seed0__final_runs.csv
complete,pendigits,configs/experiments/pendigits.json,pendigits__pendigits__dyn__fixed-ry-rz__L8__lr0.01__bs32__seed0__init,init,pendigits__dyn__fixed-ry-rz__L8__lr0.01__bs32__seed0,pendigits,dyn,fixed-ry-rz,8,0,0.01,32,0,151.3820756530622,results/tables/gradient_diagnostics/resource_benchmarks/diagnostics/pendigits__pendigits__dyn__fixed-ry-rz__L8__lr0.01__bs32__seed0__init__pendigits__pendigits__dyn__fixed-ry-rz__L8__lr0.01__bs32__seed0__init.json,1,1,"{""complete"": 1}",72,4538576896,4328.32421875,137.09499557863555,121.2959033922842,168.621012,28.788536,197.409548,4513296384,4304.21484375,True,72,36.0,7.138888888888889,72611.0,72602.0,2026-05-28T19:15:11.180412+00:00,2026-05-28T19:17:42.562494+00:00,results/tables/gradient_diagnostics/resource_benchmarks/manifests/pendigits__pendigits__dyn__fixed-ry-rz__L8__lr0.01__bs32__seed0__init__pendigits__pendigits__dyn__fixed-ry-rz__L8__lr0.01__bs32__seed0__init.json,results/tables/gradient_diagnostics/resource_benchmarks/resource_samples/pendigits__pendigits__dyn__fixed-ry-rz__L8__lr0.01__bs32__seed0__init__pendigits__pendigits__dyn__fixed-ry-rz__L8__lr0.01__bs32__seed0__init.jsonl,"["".venv/bin/python3"", ""scripts/gradient_diagnostics.py"", ""--manifest"", ""results/tables/gradient_diagnostics/resource_benchmarks/manifests/pendigits__pendigits__dyn__fixed-ry-rz__L8__lr0.01__bs32__seed0__init__pendigits__pendigits__dyn__fixed-ry-rz__L8__lr0.01__bs32__seed0__init.json"", ""--mode"", ""init"", ""--runs-root"", ""results/runs"", ""--diagnostic-batch-size"", ""32"", ""--diagnostic-seed"", ""0"", ""--near-zero-tol"", ""1e-10"", ""--n-init-seeds"", ""20"", ""--fisher-batch-size"", ""32"", ""--output"", ""results/tables/gradient_diagnostics/resource_benchmarks/diagnostics/pendigits__pendigits__dyn__fixed-ry-rz__L8__lr0.01__bs32__seed0__init__pendigits__pendigits__dyn__fixed-ry-rz__L8__lr0.01__bs32__seed0__init.json""]",results/tables/gradient_diagnostics/resource_benchmarks/pendigits__pendigits__dyn__fixed-ry-rz__L8__lr0.01__bs32__seed0__init_runs.csv
complete,pendigits,configs/experiments/pendigits.json,pendigits__pendigits__dyn__fixed-ry__L1__lr0.01__bs32__seed0__checkpoints,checkpoints,pendigits__dyn__fixed-ry__L1__lr0.01__bs32__seed0,pendigits,dyn,fixed-ry,1,0,0.01,32,0,43.02393350296188,results/tables/gradient_diagnostics/resource_benchmarks/diagnostics/pendigits__pendigits__dyn__fixed-ry__L1__lr0.01__bs32__seed0__checkpoints__pendigits__pendigits__dyn__fixed-ry__L1__lr0.01__bs32__seed0__checkpoints.json,8,8,"{""complete"": 8}",21,4225593344,4029.83984375,138.30434391017775,97.14937181092075,42.468818,8.49489,50.963708,4319887360,4119.765625,True,21,10.0,1.8571428571428572,72611.0,72602.0,2026-05-28T22:28:36.577922+00:00,2026-05-28T22:29:19.601868+00:00,results/tables/gradient_diagnostics/resource_benchmarks/manifests/pendigits__pendigits__dyn__fixed-ry__L1__lr0.01__bs32__seed0__checkpoints__pendigits__pendigits__dyn__fixed-ry__L1__lr0.01__bs32__seed0__checkpoints.json,results/tables/gradient_diagnostics/resource_benchmarks/resource_samples/pendigits__pendigits__dyn__fixed-ry__L1__lr0.01__bs32__seed0__checkpoints__pendigits__pendigits__dyn__fixed-ry__L1__lr0.01__bs32__seed0__checkpoints.jsonl,"["".venv/bin/python3"", ""scripts/gradient_diagnostics.py"", ""--manifest"", ""results/tables/gradient_diagnostics/resource_benchmarks/manifests/pendigits__pendigits__dyn__fixed-ry__L1__lr0.01__bs32__seed0__checkpoints__pendigits__pendigits__dyn__fixed-ry__L1__lr0.01__bs32__seed0__checkpoints.json"", ""--mode"", ""checkpoints"", ""--runs-root"", ""results/runs"", ""--diagnostic-batch-size"", ""32"", ""--diagnostic-seed"", ""0"", ""--near-zero-tol"", ""1e-10"", ""--n-init-seeds"", ""20"", ""--fisher-batch-size"", ""32"", ""--output"", ""results/tables/gradient_diagnostics/resource_benchmarks/diagnostics/pendigits__pendigits__dyn__fixed-ry__L1__lr0.01__bs32__seed0__checkpoints__pendigits__pendigits__dyn__fixed-ry__L1__lr0.01__bs32__seed0__checkpoints.json""]",results/tables/gradient_diagnostics/resource_benchmarks/pendigits__pendigits__dyn__fixed-ry__L1__lr0.01__bs32__seed0__checkpoints_runs.csv
complete,pendigits,configs/experiments/pendigits.json,pendigits__pendigits__dyn__fixed-ry__L1__lr0.01__bs32__seed0__final,final,pendigits__dyn__fixed-ry__L1__lr0.01__bs32__seed0,pendigits,dyn,fixed-ry,1,0,0.01,32,0,33.71602430101484,results/tables/gradient_diagnostics/resource_benchmarks/diagnostics/pendigits__pendigits__dyn__fixed-ry__L1__lr0.01__bs32__seed0__final__pendigits__pendigits__dyn__fixed-ry__L1__lr0.01__bs32__seed0__final.json,1,1,"{""complete"": 1}",16,4226662400,4030.859375,128.06114078871053,93.20125136642628,33.65092,6.594256000000001,40.245176,4286808064,4088.21875,True,16,9.0,1.0,72611.0,72602.0,2026-05-28T22:39:25.692966+00:00,2026-05-28T22:39:59.409003+00:00,results/tables/gradient_diagnostics/resource_benchmarks/manifests/pendigits__pendigits__dyn__fixed-ry__L1__lr0.01__bs32__seed0__final__pendigits__pendigits__dyn__fixed-ry__L1__lr0.01__bs32__seed0__final.json,results/tables/gradient_diagnostics/resource_benchmarks/resource_samples/pendigits__pendigits__dyn__fixed-ry__L1__lr0.01__bs32__seed0__final__pendigits__pendigits__dyn__fixed-ry__L1__lr0.01__bs32__seed0__final.jsonl,"["".venv/bin/python3"", ""scripts/gradient_diagnostics.py"", ""--manifest"", ""results/tables/gradient_diagnostics/resource_benchmarks/manifests/pendigits__pendigits__dyn__fixed-ry__L1__lr0.01__bs32__seed0__final__pendigits__pendigits__dyn__fixed-ry__L1__lr0.01__bs32__seed0__final.json"", ""--mode"", ""final"", ""--runs-root"", ""results/runs"", ""--diagnostic-batch-size"", ""32"", ""--diagnostic-seed"", ""0"", ""--near-zero-tol"", ""1e-10"", ""--n-init-seeds"", ""20"", ""--fisher-batch-size"", ""32"", ""--output"", ""results/tables/gradient_diagnostics/resource_benchmarks/diagnostics/pendigits__pendigits__dyn__fixed-ry__L1__lr0.01__bs32__seed0__final__pendigits__pendigits__dyn__fixed-ry__L1__lr0.01__bs32__seed0__final.json""]",results/tables/gradient_diagnostics/resource_benchmarks/pendigits__pendigits__dyn__fixed-ry__L1__lr0.01__bs32__seed0__final_runs.csv
complete,pendigits,configs/experiments/pendigits.json,pendigits__pendigits__dyn__fixed-ry__L1__lr0.01__bs32__seed0__init,init,pendigits__dyn__fixed-ry__L1__lr0.01__bs32__seed0,pendigits,dyn,fixed-ry,1,0,0.01,32,0,49.36706020007841,results/tables/gradient_diagnostics/resource_benchmarks/diagnostics/pendigits__pendigits__dyn__fixed-ry__L1__lr0.01__bs32__seed0__init__pendigits__pendigits__dyn__fixed-ry__L1__lr0.01__bs32__seed0__init.json,1,1,"{""complete"": 1}",24,4348321792,4146.8828125,142.3907473681492,98.2638421686665,50.431796,9.445537999999999,59.877334,4402237440,4198.30078125,True,24,100.0,6.125,72611.0,72602.0,2026-05-28T22:07:04.771835+00:00,2026-05-28T22:07:54.138907+00:00,results/tables/gradient_diagnostics/resource_benchmarks/manifests/pendigits__pendigits__dyn__fixed-ry__L1__lr0.01__bs32__seed0__init__pendigits__pendigits__dyn__fixed-ry__L1__lr0.01__bs32__seed0__init.json,results/tables/gradient_diagnostics/resource_benchmarks/resource_samples/pendigits__pendigits__dyn__fixed-ry__L1__lr0.01__bs32__seed0__init__pendigits__pendigits__dyn__fixed-ry__L1__lr0.01__bs32__seed0__init.jsonl,"["".venv/bin/python3"", ""scripts/gradient_diagnostics.py"", ""--manifest"", ""results/tables/gradient_diagnostics/resource_benchmarks/manifests/pendigits__pendigits__dyn__fixed-ry__L1__lr0.01__bs32__seed0__init__pendigits__pendigits__dyn__fixed-ry__L1__lr0.01__bs32__seed0__init.json"", ""--mode"", ""init"", ""--runs-root"", ""results/runs"", ""--diagnostic-batch-size"", ""32"", ""--diagnostic-seed"", ""0"", ""--near-zero-tol"", ""1e-10"", ""--n-init-seeds"", ""20"", ""--fisher-batch-size"", ""32"", ""--output"", ""results/tables/gradient_diagnostics/resource_benchmarks/diagnostics/pendigits__pendigits__dyn__fixed-ry__L1__lr0.01__bs32__seed0__init__pendigits__pendigits__dyn__fixed-ry__L1__lr0.01__bs32__seed0__init.json""]",results/tables/gradient_diagnostics/resource_benchmarks/pendigits__pendigits__dyn__fixed-ry__L1__lr0.01__bs32__seed0__init_runs.csv
complete,pendigits,configs/experiments/pendigits.json,pendigits__pendigits__dyn__fixed-ry__L32__lr0.01__bs32__seed0__checkpoints,checkpoints,pendigits__dyn__fixed-ry__L32__lr0.01__bs32__seed0,pendigits,dyn,fixed-ry,32,0,0.01,32,0,354.14661592105404,results/tables/gradient_diagnostics/resource_benchmarks/diagnostics/pendigits__pendigits__dyn__fixed-ry__L32__lr0.01__bs32__seed0__checkpoints__pendigits__pendigits__dyn__fixed-ry__L32__lr0.01__bs32__seed0__checkpoints.json,8,8,"{""complete"": 8}",168,4506640384,4297.8671875,140.77598738075505,125.00050524584812,390.001614,66.928155,456.929769,4560338944,4349.078125,True,168,77.0,6.738095238095238,72611.0,72602.0,2026-05-28T16:58:29.555365+00:00,2026-05-28T17:04:23.701993+00:00,results/tables/gradient_diagnostics/resource_benchmarks/manifests/pendigits__pendigits__dyn__fixed-ry__L32__lr0.01__bs32__seed0__checkpoints__pendigits__pendigits__dyn__fixed-ry__L32__lr0.01__bs32__seed0__checkpoints.json,results/tables/gradient_diagnostics/resource_benchmarks/resource_samples/pendigits__pendigits__dyn__fixed-ry__L32__lr0.01__bs32__seed0__checkpoints__pendigits__pendigits__dyn__fixed-ry__L32__lr0.01__bs32__seed0__checkpoints.jsonl,"["".venv/bin/python3"", ""scripts/gradient_diagnostics.py"", ""--manifest"", ""results/tables/gradient_diagnostics/resource_benchmarks/manifests/pendigits__pendigits__dyn__fixed-ry__L32__lr0.01__bs32__seed0__checkpoints__pendigits__pendigits__dyn__fixed-ry__L32__lr0.01__bs32__seed0__checkpoints.json"", ""--mode"", ""checkpoints"", ""--runs-root"", ""results/runs"", ""--diagnostic-batch-size"", ""32"", ""--diagnostic-seed"", ""0"", ""--near-zero-tol"", ""1e-10"", ""--n-init-seeds"", ""20"", ""--fisher-batch-size"", ""32"", ""--output"", ""results/tables/gradient_diagnostics/resource_benchmarks/diagnostics/pendigits__pendigits__dyn__fixed-ry__L32__lr0.01__bs32__seed0__checkpoints__pendigits__pendigits__dyn__fixed-ry__L32__lr0.01__bs32__seed0__checkpoints.json""]",results/tables/gradient_diagnostics/resource_benchmarks/pendigits__pendigits__dyn__fixed-ry__L32__lr0.01__bs32__seed0__checkpoints_runs.csv
complete,pendigits,configs/experiments/pendigits.json,pendigits__pendigits__dyn__fixed-ry__L32__lr0.01__bs32__seed0__final,final,pendigits__dyn__fixed-ry__L32__lr0.01__bs32__seed0,pendigits,dyn,fixed-ry,32,0,0.01,32,0,80.44237702304963,results/tables/gradient_diagnostics/resource_benchmarks/diagnostics/pendigits__pendigits__dyn__fixed-ry__L32__lr0.01__bs32__seed0__final__pendigits__pendigits__dyn__fixed-ry__L32__lr0.01__bs32__seed0__final.json,1,1,"{""complete"": 1}",39,4565458944,4353.9609375,139.5171400788291,106.82632402693598,83.546213,14.903135999999998,98.449349,4567109632,4355.53515625,True,39,100.0,5.9743589743589745,72611.0,72602.0,2026-05-28T20:45:14.398110+00:00,2026-05-28T20:46:34.840499+00:00,results/tables/gradient_diagnostics/resource_benchmarks/manifests/pendigits__pendigits__dyn__fixed-ry__L32__lr0.01__bs32__seed0__final__pendigits__pendigits__dyn__fixed-ry__L32__lr0.01__bs32__seed0__final.json,results/tables/gradient_diagnostics/resource_benchmarks/resource_samples/pendigits__pendigits__dyn__fixed-ry__L32__lr0.01__bs32__seed0__final__pendigits__pendigits__dyn__fixed-ry__L32__lr0.01__bs32__seed0__final.jsonl,"["".venv/bin/python3"", ""scripts/gradient_diagnostics.py"", ""--manifest"", ""results/tables/gradient_diagnostics/resource_benchmarks/manifests/pendigits__pendigits__dyn__fixed-ry__L32__lr0.01__bs32__seed0__final__pendigits__pendigits__dyn__fixed-ry__L32__lr0.01__bs32__seed0__final.json"", ""--mode"", ""final"", ""--runs-root"", ""results/runs"", ""--diagnostic-batch-size"", ""32"", ""--diagnostic-seed"", ""0"", ""--near-zero-tol"", ""1e-10"", ""--n-init-seeds"", ""20"", ""--fisher-batch-size"", ""32"", ""--output"", ""results/tables/gradient_diagnostics/resource_benchmarks/diagnostics/pendigits__pendigits__dyn__fixed-ry__L32__lr0.01__bs32__seed0__final__pendigits__pendigits__dyn__fixed-ry__L32__lr0.01__bs32__seed0__final.json""]",results/tables/gradient_diagnostics/resource_benchmarks/pendigits__pendigits__dyn__fixed-ry__L32__lr0.01__bs32__seed0__final_runs.csv
complete,pendigits,configs/experiments/pendigits.json,pendigits__pendigits__dyn__fixed-ry__L32__lr0.01__bs32__seed0__init,init,pendigits__dyn__fixed-ry__L32__lr0.01__bs32__seed0,pendigits,dyn,fixed-ry,32,0,0.01,32,0,408.37580152694136,results/tables/gradient_diagnostics/resource_benchmarks/diagnostics/pendigits__pendigits__dyn__fixed-ry__L32__lr0.01__bs32__seed0__init__pendigits__pendigits__dyn__fixed-ry__L32__lr0.01__bs32__seed0__init.json,1,1,"{""complete"": 1}",194,4553236480,4342.3046875,141.4883045585341,130.909453277304,465.34522200000004,85.531394,550.876616,4631343104,4416.79296875,True,194,29.0,7.211340206185567,72611.0,72602.0,2026-05-28T16:45:25.029202+00:00,2026-05-28T16:52:13.405011+00:00,results/tables/gradient_diagnostics/resource_benchmarks/manifests/pendigits__pendigits__dyn__fixed-ry__L32__lr0.01__bs32__seed0__init__pendigits__pendigits__dyn__fixed-ry__L32__lr0.01__bs32__seed0__init.json,results/tables/gradient_diagnostics/resource_benchmarks/resource_samples/pendigits__pendigits__dyn__fixed-ry__L32__lr0.01__bs32__seed0__init__pendigits__pendigits__dyn__fixed-ry__L32__lr0.01__bs32__seed0__init.jsonl,"["".venv/bin/python3"", ""scripts/gradient_diagnostics.py"", ""--manifest"", ""results/tables/gradient_diagnostics/resource_benchmarks/manifests/pendigits__pendigits__dyn__fixed-ry__L32__lr0.01__bs32__seed0__init__pendigits__pendigits__dyn__fixed-ry__L32__lr0.01__bs32__seed0__init.json"", ""--mode"", ""init"", ""--runs-root"", ""results/runs"", ""--diagnostic-batch-size"", ""32"", ""--diagnostic-seed"", ""0"", ""--near-zero-tol"", ""1e-10"", ""--n-init-seeds"", ""20"", ""--fisher-batch-size"", ""32"", ""--output"", ""results/tables/gradient_diagnostics/resource_benchmarks/diagnostics/pendigits__pendigits__dyn__fixed-ry__L32__lr0.01__bs32__seed0__init__pendigits__pendigits__dyn__fixed-ry__L32__lr0.01__bs32__seed0__init.json""]",results/tables/gradient_diagnostics/resource_benchmarks/pendigits__pendigits__dyn__fixed-ry__L32__lr0.01__bs32__seed0__init_runs.csv
complete,pendigits,configs/experiments/pendigits.json,pendigits__pendigits__dyn__fixed-ry__L8__lr0.01__bs32__seed0__checkpoints,checkpoints,pendigits__dyn__fixed-ry__L8__lr0.01__bs32__seed0,pendigits,dyn,fixed-ry,8,0,0.01,32,0,112.57418267207686,results/tables/gradient_diagnostics/resource_benchmarks/diagnostics/pendigits__pendigits__dyn__fixed-ry__L8__lr0.01__bs32__seed0__checkpoints__pendigits__pendigits__dyn__fixed-ry__L8__lr0.01__bs32__seed0__checkpoints.json,8,8,"{""complete"": 8}",54,4367949824,4165.6015625,139.72060483354812,118.71798308930724,122.91202200000001,21.647208,144.55923,4458414080,4251.875,True,54,26.0,4.666666666666667,72611.0,72602.0,2026-05-28T19:51:15.793014+00:00,2026-05-28T19:53:08.367208+00:00,results/tables/gradient_diagnostics/resource_benchmarks/manifests/pendigits__pendigits__dyn__fixed-ry__L8__lr0.01__bs32__seed0__checkpoints__pendigits__pendigits__dyn__fixed-ry__L8__lr0.01__bs32__seed0__checkpoints.json,results/tables/gradient_diagnostics/resource_benchmarks/resource_samples/pendigits__pendigits__dyn__fixed-ry__L8__lr0.01__bs32__seed0__checkpoints__pendigits__pendigits__dyn__fixed-ry__L8__lr0.01__bs32__seed0__checkpoints.jsonl,"["".venv/bin/python3"", ""scripts/gradient_diagnostics.py"", ""--manifest"", ""results/tables/gradient_diagnostics/resource_benchmarks/manifests/pendigits__pendigits__dyn__fixed-ry__L8__lr0.01__bs32__seed0__checkpoints__pendigits__pendigits__dyn__fixed-ry__L8__lr0.01__bs32__seed0__checkpoints.json"", ""--mode"", ""checkpoints"", ""--runs-root"", ""results/runs"", ""--diagnostic-batch-size"", ""32"", ""--diagnostic-seed"", ""0"", ""--near-zero-tol"", ""1e-10"", ""--n-init-seeds"", ""20"", ""--fisher-batch-size"", ""32"", ""--output"", ""results/tables/gradient_diagnostics/resource_benchmarks/diagnostics/pendigits__pendigits__dyn__fixed-ry__L8__lr0.01__bs32__seed0__checkpoints__pendigits__pendigits__dyn__fixed-ry__L8__lr0.01__bs32__seed0__checkpoints.json""]",results/tables/gradient_diagnostics/resource_benchmarks/pendigits__pendigits__dyn__fixed-ry__L8__lr0.01__bs32__seed0__checkpoints_runs.csv
complete,pendigits,configs/experiments/pendigits.json,pendigits__pendigits__dyn__fixed-ry__L8__lr0.01__bs32__seed0__final,final,pendigits__dyn__fixed-ry__L8__lr0.01__bs32__seed0,pendigits,dyn,fixed-ry,8,0,0.01,32,0,47.47874557902105,results/tables/gradient_diagnostics/resource_benchmarks/diagnostics/pendigits__pendigits__dyn__fixed-ry__L8__lr0.01__bs32__seed0__final__pendigits__pendigits__dyn__fixed-ry__L8__lr0.01__bs32__seed0__final.json,1,1,"{""complete"": 1}",23,4357726208,4155.8515625,134.06252960043614,96.70115826410857,46.943506,9.053554,55.99706,4461166592,4254.5,True,23,54.0,3.6956521739130435,72611.0,72602.0,2026-05-28T22:19:56.718240+00:00,2026-05-28T22:20:44.196997+00:00,results/tables/gradient_diagnostics/resource_benchmarks/manifests/pendigits__pendigits__dyn__fixed-ry__L8__lr0.01__bs32__seed0__final__pendigits__pendigits__dyn__fixed-ry__L8__lr0.01__bs32__seed0__final.json,results/tables/gradient_diagnostics/resource_benchmarks/resource_samples/pendigits__pendigits__dyn__fixed-ry__L8__lr0.01__bs32__seed0__final__pendigits__pendigits__dyn__fixed-ry__L8__lr0.01__bs32__seed0__final.jsonl,"["".venv/bin/python3"", ""scripts/gradient_diagnostics.py"", ""--manifest"", ""results/tables/gradient_diagnostics/resource_benchmarks/manifests/pendigits__pendigits__dyn__fixed-ry__L8__lr0.01__bs32__seed0__final__pendigits__pendigits__dyn__fixed-ry__L8__lr0.01__bs32__seed0__final.json"", ""--mode"", ""final"", ""--runs-root"", ""results/runs"", ""--diagnostic-batch-size"", ""32"", ""--diagnostic-seed"", ""0"", ""--near-zero-tol"", ""1e-10"", ""--n-init-seeds"", ""20"", ""--fisher-batch-size"", ""32"", ""--output"", ""results/tables/gradient_diagnostics/resource_benchmarks/diagnostics/pendigits__pendigits__dyn__fixed-ry__L8__lr0.01__bs32__seed0__final__pendigits__pendigits__dyn__fixed-ry__L8__lr0.01__bs32__seed0__final.json""]",results/tables/gradient_diagnostics/resource_benchmarks/pendigits__pendigits__dyn__fixed-ry__L8__lr0.01__bs32__seed0__final_runs.csv
complete,pendigits,configs/experiments/pendigits.json,pendigits__pendigits__dyn__fixed-ry__L8__lr0.01__bs32__seed0__init,init,pendigits__dyn__fixed-ry__L8__lr0.01__bs32__seed0,pendigits,dyn,fixed-ry,8,0,0.01,32,0,133.27813882299233,results/tables/gradient_diagnostics/resource_benchmarks/diagnostics/pendigits__pendigits__dyn__fixed-ry__L8__lr0.01__bs32__seed0__init__pendigits__pendigits__dyn__fixed-ry__L8__lr0.01__bs32__seed0__init.json,1,1,"{""complete"": 1}",64,4503408640,4294.78515625,140.84698452056185,120.59805285204445,148.756394,26.58079,175.337184,4504342528,4295.67578125,True,64,100.0,5.859375,72613.0,72604.0,2026-05-28T19:32:52.040670+00:00,2026-05-28T19:35:05.318816+00:00,results/tables/gradient_diagnostics/resource_benchmarks/manifests/pendigits__pendigits__dyn__fixed-ry__L8__lr0.01__bs32__seed0__init__pendigits__pendigits__dyn__fixed-ry__L8__lr0.01__bs32__seed0__init.json,results/tables/gradient_diagnostics/resource_benchmarks/resource_samples/pendigits__pendigits__dyn__fixed-ry__L8__lr0.01__bs32__seed0__init__pendigits__pendigits__dyn__fixed-ry__L8__lr0.01__bs32__seed0__init.jsonl,"["".venv/bin/python3"", ""scripts/gradient_diagnostics.py"", ""--manifest"", ""results/tables/gradient_diagnostics/resource_benchmarks/manifests/pendigits__pendigits__dyn__fixed-ry__L8__lr0.01__bs32__seed0__init__pendigits__pendigits__dyn__fixed-ry__L8__lr0.01__bs32__seed0__init.json"", ""--mode"", ""init"", ""--runs-root"", ""results/runs"", ""--diagnostic-batch-size"", ""32"", ""--diagnostic-seed"", ""0"", ""--near-zero-tol"", ""1e-10"", ""--n-init-seeds"", ""20"", ""--fisher-batch-size"", ""32"", ""--output"", ""results/tables/gradient_diagnostics/resource_benchmarks/diagnostics/pendigits__pendigits__dyn__fixed-ry__L8__lr0.01__bs32__seed0__init__pendigits__pendigits__dyn__fixed-ry__L8__lr0.01__bs32__seed0__init.json""]",results/tables/gradient_diagnostics/resource_benchmarks/pendigits__pendigits__dyn__fixed-ry__L8__lr0.01__bs32__seed0__init_runs.csv
complete,pendigits,configs/experiments/pendigits.json,pendigits__pendigits__dyn__non-overlap-patch-block-hamiltonian__L1__lr0.01__bs32__seed0__checkpoints,checkpoints,pendigits__dyn__non-overlap-patch-block-hamiltonian__L1__lr0.01__bs32__seed0,pendigits,dyn,non-overlap-patch-block-hamiltonian,1,0,0.01,32,0,26.839610068011098,results/tables/gradient_diagnostics/resource_benchmarks/diagnostics/pendigits__pendigits__dyn__non-overlap-patch-block-hamiltonian__L1__lr0.01__bs32__seed0__checkpoints__pendigits__pendigits__dyn__non-overlap-patch-block-hamiltonian__L1__lr0.01__bs32__seed0__checkpoints.json,8,8,"{""complete"": 8}",13,4099780608,3909.85546875,133.3141218649372,96.48266276176757,25.853605,5.305847,31.159452,4171726848,3978.46875,True,13,100.0,8.307692307692308,72611.0,72602.0,2026-05-28T23:10:32.711464+00:00,2026-05-28T23:10:59.551080+00:00,results/tables/gradient_diagnostics/resource_benchmarks/manifests/pendigits__pendigits__dyn__non-overlap-patch-block-hamiltonian__L1__lr0.01__bs32__seed0__checkpoints__pendigits__pendigits__dyn__non-overlap-patch-block-hamiltonian__L1__lr0.01__bs32__seed0__checkpoints.json,results/tables/gradient_diagnostics/resource_benchmarks/resource_samples/pendigits__pendigits__dyn__non-overlap-patch-block-hamiltonian__L1__lr0.01__bs32__seed0__checkpoints__pendigits__pendigits__dyn__non-overlap-patch-block-hamiltonian__L1__lr0.01__bs32__seed0__checkpoints.jsonl,"["".venv/bin/python3"", ""scripts/gradient_diagnostics.py"", ""--manifest"", ""results/tables/gradient_diagnostics/resource_benchmarks/manifests/pendigits__pendigits__dyn__non-overlap-patch-block-hamiltonian__L1__lr0.01__bs32__seed0__checkpoints__pendigits__pendigits__dyn__non-overlap-patch-block-hamiltonian__L1__lr0.01__bs32__seed0__checkpoints.json"", ""--mode"", ""checkpoints"", ""--runs-root"", ""results/runs"", ""--diagnostic-batch-size"", ""32"", ""--diagnostic-seed"", ""0"", ""--near-zero-tol"", ""1e-10"", ""--n-init-seeds"", ""20"", ""--fisher-batch-size"", ""32"", ""--output"", ""results/tables/gradient_diagnostics/resource_benchmarks/diagnostics/pendigits__pendigits__dyn__non-overlap-patch-block-hamiltonian__L1__lr0.01__bs32__seed0__checkpoints__pendigits__pendigits__dyn__non-overlap-patch-block-hamiltonian__L1__lr0.01__bs32__seed0__checkpoints.json""]",results/tables/gradient_diagnostics/resource_benchmarks/pendigits__pendigits__dyn__non-overlap-patch-block-hamiltonian__L1__lr0.01__bs32__seed0__checkpoints_runs.csv
complete,pendigits,configs/experiments/pendigits.json,pendigits__pendigits__dyn__non-overlap-patch-block-hamiltonian__L1__lr0.01__bs32__seed0__final,final,pendigits__dyn__non-overlap-patch-block-hamiltonian__L1__lr0.01__bs32__seed0,pendigits,dyn,non-overlap-patch-block-hamiltonian,1,0,0.01,32,0,24.616568287019618,results/tables/gradient_diagnostics/resource_benchmarks/diagnostics/pendigits__pendigits__dyn__non-overlap-patch-block-hamiltonian__L1__lr0.01__bs32__seed0__final__pendigits__pendigits__dyn__non-overlap-patch-block-hamiltonian__L1__lr0.01__bs32__seed0__final.json,1,1,"{""complete"": 1}",12,4037496832,3850.45703125,112.64442340708162,84.76956412223821,21.070364,5.003804,26.074168,4140093440,3948.30078125,True,12,16.0,1.4166666666666667,72611.0,72602.0,2026-05-28T23:17:01.646756+00:00,2026-05-28T23:17:26.263330+00:00,results/tables/gradient_diagnostics/resource_benchmarks/manifests/pendigits__pendigits__dyn__non-overlap-patch-block-hamiltonian__L1__lr0.01__bs32__seed0__final__pendigits__pendigits__dyn__non-overlap-patch-block-hamiltonian__L1__lr0.01__bs32__seed0__final.json,results/tables/gradient_diagnostics/resource_benchmarks/resource_samples/pendigits__pendigits__dyn__non-overlap-patch-block-hamiltonian__L1__lr0.01__bs32__seed0__final__pendigits__pendigits__dyn__non-overlap-patch-block-hamiltonian__L1__lr0.01__bs32__seed0__final.jsonl,"["".venv/bin/python3"", ""scripts/gradient_diagnostics.py"", ""--manifest"", ""results/tables/gradient_diagnostics/resource_benchmarks/manifests/pendigits__pendigits__dyn__non-overlap-patch-block-hamiltonian__L1__lr0.01__bs32__seed0__final__pendigits__pendigits__dyn__non-overlap-patch-block-hamiltonian__L1__lr0.01__bs32__seed0__final.json"", ""--mode"", ""final"", ""--runs-root"", ""results/runs"", ""--diagnostic-batch-size"", ""32"", ""--diagnostic-seed"", ""0"", ""--near-zero-tol"", ""1e-10"", ""--n-init-seeds"", ""20"", ""--fisher-batch-size"", ""32"", ""--output"", ""results/tables/gradient_diagnostics/resource_benchmarks/diagnostics/pendigits__pendigits__dyn__non-overlap-patch-block-hamiltonian__L1__lr0.01__bs32__seed0__final__pendigits__pendigits__dyn__non-overlap-patch-block-hamiltonian__L1__lr0.01__bs32__seed0__final.json""]",results/tables/gradient_diagnostics/resource_benchmarks/pendigits__pendigits__dyn__non-overlap-patch-block-hamiltonian__L1__lr0.01__bs32__seed0__final_runs.csv
complete,pendigits,configs/experiments/pendigits.json,pendigits__pendigits__dyn__non-overlap-patch-block-hamiltonian__L1__lr0.01__bs32__seed0__init,init,pendigits__dyn__non-overlap-patch-block-hamiltonian__L1__lr0.01__bs32__seed0,pendigits,dyn,non-overlap-patch-block-hamiltonian,1,0,0.01,32,0,32.306048969971016,results/tables/gradient_diagnostics/resource_benchmarks/diagnostics/pendigits__pendigits__dyn__non-overlap-patch-block-hamiltonian__L1__lr0.01__bs32__seed0__init__pendigits__pendigits__dyn__non-overlap-patch-block-hamiltonian__L1__lr0.01__bs32__seed0__init.json,1,1,"{""complete"": 1}",16,4259766272,4062.4296875,140.02892605869044,96.41331031787864,32.36543,6.60595,38.97138,4296253440,4097.2265625,True,16,100.0,7.125,72611.0,72602.0,2026-05-28T22:56:51.839085+00:00,2026-05-28T22:57:24.145145+00:00,results/tables/gradient_diagnostics/resource_benchmarks/manifests/pendigits__pendigits__dyn__non-overlap-patch-block-hamiltonian__L1__lr0.01__bs32__seed0__init__pendigits__pendigits__dyn__non-overlap-patch-block-hamiltonian__L1__lr0.01__bs32__seed0__init.json,results/tables/gradient_diagnostics/resource_benchmarks/resource_samples/pendigits__pendigits__dyn__non-overlap-patch-block-hamiltonian__L1__lr0.01__bs32__seed0__init__pendigits__pendigits__dyn__non-overlap-patch-block-hamiltonian__L1__lr0.01__bs32__seed0__init.jsonl,"["".venv/bin/python3"", ""scripts/gradient_diagnostics.py"", ""--manifest"", ""results/tables/gradient_diagnostics/resource_benchmarks/manifests/pendigits__pendigits__dyn__non-overlap-patch-block-hamiltonian__L1__lr0.01__bs32__seed0__init__pendigits__pendigits__dyn__non-overlap-patch-block-hamiltonian__L1__lr0.01__bs32__seed0__init.json"", ""--mode"", ""init"", ""--runs-root"", ""results/runs"", ""--diagnostic-batch-size"", ""32"", ""--diagnostic-seed"", ""0"", ""--near-zero-tol"", ""1e-10"", ""--n-init-seeds"", ""20"", ""--fisher-batch-size"", ""32"", ""--output"", ""results/tables/gradient_diagnostics/resource_benchmarks/diagnostics/pendigits__pendigits__dyn__non-overlap-patch-block-hamiltonian__L1__lr0.01__bs32__seed0__init__pendigits__pendigits__dyn__non-overlap-patch-block-hamiltonian__L1__lr0.01__bs32__seed0__init.json""]",results/tables/gradient_diagnostics/resource_benchmarks/pendigits__pendigits__dyn__non-overlap-patch-block-hamiltonian__L1__lr0.01__bs32__seed0__init_runs.csv
complete,pendigits,configs/experiments/pendigits.json,pendigits__pendigits__dyn__non-overlap-patch-block-hamiltonian__L32__lr0.01__bs32__seed0__checkpoints,checkpoints,pendigits__dyn__non-overlap-patch-block-hamiltonian__L32__lr0.01__bs32__seed0,pendigits,dyn,non-overlap-patch-block-hamiltonian,32,0,0.01,32,0,173.32126040698495,results/tables/gradient_diagnostics/resource_benchmarks/diagnostics/pendigits__pendigits__dyn__non-overlap-patch-block-hamiltonian__L32__lr0.01__bs32__seed0__checkpoints__pendigits__pendigits__dyn__non-overlap-patch-block-hamiltonian__L32__lr0.01__bs32__seed0__checkpoints.json,8,8,"{""complete"": 8}",83,4690575360,4473.28125,143.84700599067762,121.65632308335769,187.959097,33.927045,221.886142,4693262336,4475.84375,True,83,79.0,3.7228915662650603,72611.0,72602.0,2026-05-28T19:01:39.916700+00:00,2026-05-28T19:04:33.237966+00:00,results/tables/gradient_diagnostics/resource_benchmarks/manifests/pendigits__pendigits__dyn__non-overlap-patch-block-hamiltonian__L32__lr0.01__bs32__seed0__checkpoints__pendigits__pendigits__dyn__non-overlap-patch-block-hamiltonian__L32__lr0.01__bs32__seed0__checkpoints.json,results/tables/gradient_diagnostics/resource_benchmarks/resource_samples/pendigits__pendigits__dyn__non-overlap-patch-block-hamiltonian__L32__lr0.01__bs32__seed0__checkpoints__pendigits__pendigits__dyn__non-overlap-patch-block-hamiltonian__L32__lr0.01__bs32__seed0__checkpoints.jsonl,"["".venv/bin/python3"", ""scripts/gradient_diagnostics.py"", ""--manifest"", ""results/tables/gradient_diagnostics/resource_benchmarks/manifests/pendigits__pendigits__dyn__non-overlap-patch-block-hamiltonian__L32__lr0.01__bs32__seed0__checkpoints__pendigits__pendigits__dyn__non-overlap-patch-block-hamiltonian__L32__lr0.01__bs32__seed0__checkpoints.json"", ""--mode"", ""checkpoints"", ""--runs-root"", ""results/runs"", ""--diagnostic-batch-size"", ""32"", ""--diagnostic-seed"", ""0"", ""--near-zero-tol"", ""1e-10"", ""--n-init-seeds"", ""20"", ""--fisher-batch-size"", ""32"", ""--output"", ""results/tables/gradient_diagnostics/resource_benchmarks/diagnostics/pendigits__pendigits__dyn__non-overlap-patch-block-hamiltonian__L32__lr0.01__bs32__seed0__checkpoints__pendigits__pendigits__dyn__non-overlap-patch-block-hamiltonian__L32__lr0.01__bs32__seed0__checkpoints.json""]",results/tables/gradient_diagnostics/resource_benchmarks/pendigits__pendigits__dyn__non-overlap-patch-block-hamiltonian__L32__lr0.01__bs32__seed0__checkpoints_runs.csv
complete,pendigits,configs/experiments/pendigits.json,pendigits__pendigits__dyn__non-overlap-patch-block-hamiltonian__L32__lr0.01__bs32__seed0__final,final,pendigits__dyn__non-overlap-patch-block-hamiltonian__L32__lr0.01__bs32__seed0,pendigits,dyn,non-overlap-patch-block-hamiltonian,32,0,0.01,32,0,52.57493244903162,results/tables/gradient_diagnostics/resource_benchmarks/diagnostics/pendigits__pendigits__dyn__non-overlap-patch-block-hamiltonian__L32__lr0.01__bs32__seed0__final__pendigits__pendigits__dyn__non-overlap-patch-block-hamiltonian__L32__lr0.01__bs32__seed0__final.json,1,1,"{""complete"": 1}",25,4601643008,4388.46875,141.62831807538618,100.28309120583963,52.036769,9.649336,61.686105,4688785408,4471.57421875,True,25,28.0,2.24,72611.0,72602.0,2026-05-28T21:45:08.144947+00:00,2026-05-28T21:46:00.719891+00:00,results/tables/gradient_diagnostics/resource_benchmarks/manifests/pendigits__pendigits__dyn__non-overlap-patch-block-hamiltonian__L32__lr0.01__bs32__seed0__final__pendigits__pendigits__dyn__non-overlap-patch-block-hamiltonian__L32__lr0.01__bs32__seed0__final.json,results/tables/gradient_diagnostics/resource_benchmarks/resource_samples/pendigits__pendigits__dyn__non-overlap-patch-block-hamiltonian__L32__lr0.01__bs32__seed0__final__pendigits__pendigits__dyn__non-overlap-patch-block-hamiltonian__L32__lr0.01__bs32__seed0__final.jsonl,"["".venv/bin/python3"", ""scripts/gradient_diagnostics.py"", ""--manifest"", ""results/tables/gradient_diagnostics/resource_benchmarks/manifests/pendigits__pendigits__dyn__non-overlap-patch-block-hamiltonian__L32__lr0.01__bs32__seed0__final__pendigits__pendigits__dyn__non-overlap-patch-block-hamiltonian__L32__lr0.01__bs32__seed0__final.json"", ""--mode"", ""final"", ""--runs-root"", ""results/runs"", ""--diagnostic-batch-size"", ""32"", ""--diagnostic-seed"", ""0"", ""--near-zero-tol"", ""1e-10"", ""--n-init-seeds"", ""20"", ""--fisher-batch-size"", ""32"", ""--output"", ""results/tables/gradient_diagnostics/resource_benchmarks/diagnostics/pendigits__pendigits__dyn__non-overlap-patch-block-hamiltonian__L32__lr0.01__bs32__seed0__final__pendigits__pendigits__dyn__non-overlap-patch-block-hamiltonian__L32__lr0.01__bs32__seed0__final.json""]",results/tables/gradient_diagnostics/resource_benchmarks/pendigits__pendigits__dyn__non-overlap-patch-block-hamiltonian__L32__lr0.01__bs32__seed0__final_runs.csv
complete,pendigits,configs/experiments/pendigits.json,pendigits__pendigits__dyn__non-overlap-patch-block-hamiltonian__L32__lr0.01__bs32__seed0__init,init,pendigits__dyn__non-overlap-patch-block-hamiltonian__L32__lr0.01__bs32__seed0,pendigits,dyn,non-overlap-patch-block-hamiltonian,32,0,0.01,32,0,209.40706579992548,results/tables/gradient_diagnostics/resource_benchmarks/diagnostics/pendigits__pendigits__dyn__non-overlap-patch-block-hamiltonian__L32__lr0.01__bs32__seed0__init__pendigits__pendigits__dyn__non-overlap-patch-block-hamiltonian__L32__lr0.01__bs32__seed0__init.json,1,1,"{""complete"": 1}",100,4726710272,4507.7421875,143.14988947726664,123.85911406863978,231.658475,43.096146,274.754621,4806414336,4583.75390625,True,100,71.0,4.08,72613.0,72604.0,2026-05-28T18:17:44.553179+00:00,2026-05-28T18:21:13.960257+00:00,results/tables/gradient_diagnostics/resource_benchmarks/manifests/pendigits__pendigits__dyn__non-overlap-patch-block-hamiltonian__L32__lr0.01__bs32__seed0__init__pendigits__pendigits__dyn__non-overlap-patch-block-hamiltonian__L32__lr0.01__bs32__seed0__init.json,results/tables/gradient_diagnostics/resource_benchmarks/resource_samples/pendigits__pendigits__dyn__non-overlap-patch-block-hamiltonian__L32__lr0.01__bs32__seed0__init__pendigits__pendigits__dyn__non-overlap-patch-block-hamiltonian__L32__lr0.01__bs32__seed0__init.jsonl,"["".venv/bin/python3"", ""scripts/gradient_diagnostics.py"", ""--manifest"", ""results/tables/gradient_diagnostics/resource_benchmarks/manifests/pendigits__pendigits__dyn__non-overlap-patch-block-hamiltonian__L32__lr0.01__bs32__seed0__init__pendigits__pendigits__dyn__non-overlap-patch-block-hamiltonian__L32__lr0.01__bs32__seed0__init.json"", ""--mode"", ""init"", ""--runs-root"", ""results/runs"", ""--diagnostic-batch-size"", ""32"", ""--diagnostic-seed"", ""0"", ""--near-zero-tol"", ""1e-10"", ""--n-init-seeds"", ""20"", ""--fisher-batch-size"", ""32"", ""--output"", ""results/tables/gradient_diagnostics/resource_benchmarks/diagnostics/pendigits__pendigits__dyn__non-overlap-patch-block-hamiltonian__L32__lr0.01__bs32__seed0__init__pendigits__pendigits__dyn__non-overlap-patch-block-hamiltonian__L32__lr0.01__bs32__seed0__init.json""]",results/tables/gradient_diagnostics/resource_benchmarks/pendigits__pendigits__dyn__non-overlap-patch-block-hamiltonian__L32__lr0.01__bs32__seed0__init_runs.csv
complete,pendigits,configs/experiments/pendigits.json,pendigits__pendigits__dyn__non-overlap-patch-block-hamiltonian__L8__lr0.01__bs32__seed0__checkpoints,checkpoints,pendigits__dyn__non-overlap-patch-block-hamiltonian__L8__lr0.01__bs32__seed0,pendigits,dyn,non-overlap-patch-block-hamiltonian,8,0,0.01,32,0,62.6317441649735,results/tables/gradient_diagnostics/resource_benchmarks/diagnostics/pendigits__pendigits__dyn__non-overlap-patch-block-hamiltonian__L8__lr0.01__bs32__seed0__checkpoints__pendigits__pendigits__dyn__non-overlap-patch-block-hamiltonian__L8__lr0.01__bs32__seed0__checkpoints.json,8,8,"{""complete"": 8}",30,4208435200,4013.4765625,137.21334128536796,109.36738702714926,62.77285499999999,12.248292,75.02114699999998,4275830784,4077.75,True,30,24.0,2.7666666666666666,72611.0,72602.0,2026-05-28T21:38:05.558298+00:00,2026-05-28T21:39:08.190054+00:00,results/tables/gradient_diagnostics/resource_benchmarks/manifests/pendigits__pendigits__dyn__non-overlap-patch-block-hamiltonian__L8__lr0.01__bs32__seed0__checkpoints__pendigits__pendigits__dyn__non-overlap-patch-block-hamiltonian__L8__lr0.01__bs32__seed0__checkpoints.json,results/tables/gradient_diagnostics/resource_benchmarks/resource_samples/pendigits__pendigits__dyn__non-overlap-patch-block-hamiltonian__L8__lr0.01__bs32__seed0__checkpoints__pendigits__pendigits__dyn__non-overlap-patch-block-hamiltonian__L8__lr0.01__bs32__seed0__checkpoints.jsonl,"["".venv/bin/python3"", ""scripts/gradient_diagnostics.py"", ""--manifest"", ""results/tables/gradient_diagnostics/resource_benchmarks/manifests/pendigits__pendigits__dyn__non-overlap-patch-block-hamiltonian__L8__lr0.01__bs32__seed0__checkpoints__pendigits__pendigits__dyn__non-overlap-patch-block-hamiltonian__L8__lr0.01__bs32__seed0__checkpoints.json"", ""--mode"", ""checkpoints"", ""--runs-root"", ""results/runs"", ""--diagnostic-batch-size"", ""32"", ""--diagnostic-seed"", ""0"", ""--near-zero-tol"", ""1e-10"", ""--n-init-seeds"", ""20"", ""--fisher-batch-size"", ""32"", ""--output"", ""results/tables/gradient_diagnostics/resource_benchmarks/diagnostics/pendigits__pendigits__dyn__non-overlap-patch-block-hamiltonian__L8__lr0.01__bs32__seed0__checkpoints__pendigits__pendigits__dyn__non-overlap-patch-block-hamiltonian__L8__lr0.01__bs32__seed0__checkpoints.json""]",results/tables/gradient_diagnostics/resource_benchmarks/pendigits__pendigits__dyn__non-overlap-patch-block-hamiltonian__L8__lr0.01__bs32__seed0__checkpoints_runs.csv
complete,pendigits,configs/experiments/pendigits.json,pendigits__pendigits__dyn__non-overlap-patch-block-hamiltonian__L8__lr0.01__bs32__seed0__final,final,pendigits__dyn__non-overlap-patch-block-hamiltonian__L8__lr0.01__bs32__seed0,pendigits,dyn,non-overlap-patch-block-hamiltonian,8,0,0.01,32,0,34.44533578399569,results/tables/gradient_diagnostics/resource_benchmarks/diagnostics/pendigits__pendigits__dyn__non-overlap-patch-block-hamiltonian__L8__lr0.01__bs32__seed0__final__pendigits__pendigits__dyn__non-overlap-patch-block-hamiltonian__L8__lr0.01__bs32__seed0__final.json,1,1,"{""complete"": 1}",17,4227891200,4032.03125,129.3132775261161,80.92923231223908,28.701477,6.157385,34.858862,4315267072,4115.359375,True,17,100.0,6.411764705882353,72611.0,72602.0,2026-05-28T23:04:11.266593+00:00,2026-05-28T23:04:45.711942+00:00,results/tables/gradient_diagnostics/resource_benchmarks/manifests/pendigits__pendigits__dyn__non-overlap-patch-block-hamiltonian__L8__lr0.01__bs32__seed0__final__pendigits__pendigits__dyn__non-overlap-patch-block-hamiltonian__L8__lr0.01__bs32__seed0__final.json,results/tables/gradient_diagnostics/resource_benchmarks/resource_samples/pendigits__pendigits__dyn__non-overlap-patch-block-hamiltonian__L8__lr0.01__bs32__seed0__final__pendigits__pendigits__dyn__non-overlap-patch-block-hamiltonian__L8__lr0.01__bs32__seed0__final.jsonl,"["".venv/bin/python3"", ""scripts/gradient_diagnostics.py"", ""--manifest"", ""results/tables/gradient_diagnostics/resource_benchmarks/manifests/pendigits__pendigits__dyn__non-overlap-patch-block-hamiltonian__L8__lr0.01__bs32__seed0__final__pendigits__pendigits__dyn__non-overlap-patch-block-hamiltonian__L8__lr0.01__bs32__seed0__final.json"", ""--mode"", ""final"", ""--runs-root"", ""results/runs"", ""--diagnostic-batch-size"", ""32"", ""--diagnostic-seed"", ""0"", ""--near-zero-tol"", ""1e-10"", ""--n-init-seeds"", ""20"", ""--fisher-batch-size"", ""32"", ""--output"", ""results/tables/gradient_diagnostics/resource_benchmarks/diagnostics/pendigits__pendigits__dyn__non-overlap-patch-block-hamiltonian__L8__lr0.01__bs32__seed0__final__pendigits__pendigits__dyn__non-overlap-patch-block-hamiltonian__L8__lr0.01__bs32__seed0__final.json""]",results/tables/gradient_diagnostics/resource_benchmarks/pendigits__pendigits__dyn__non-overlap-patch-block-hamiltonian__L8__lr0.01__bs32__seed0__final_runs.csv
complete,pendigits,configs/experiments/pendigits.json,pendigits__pendigits__dyn__non-overlap-patch-block-hamiltonian__L8__lr0.01__bs32__seed0__init,init,pendigits__dyn__non-overlap-patch-block-hamiltonian__L8__lr0.01__bs32__seed0,pendigits,dyn,non-overlap-patch-block-hamiltonian,8,0,0.01,32,0,75.48172116093338,results/tables/gradient_diagnostics/resource_benchmarks/diagnostics/pendigits__pendigits__dyn__non-overlap-patch-block-hamiltonian__L8__lr0.01__bs32__seed0__init__pendigits__pendigits__dyn__non-overlap-patch-block-hamiltonian__L8__lr0.01__bs32__seed0__init.json,1,1,"{""complete"": 1}",36,4339699712,4138.66015625,141.44566994274822,112.43075492682762,80.080425,14.738100000000001,94.81852500000001,4426412032,4221.35546875,True,36,100.0,5.25,72611.0,72602.0,2026-05-28T21:00:33.661457+00:00,2026-05-28T21:01:49.143190+00:00,results/tables/gradient_diagnostics/resource_benchmarks/manifests/pendigits__pendigits__dyn__non-overlap-patch-block-hamiltonian__L8__lr0.01__bs32__seed0__init__pendigits__pendigits__dyn__non-overlap-patch-block-hamiltonian__L8__lr0.01__bs32__seed0__init.json,results/tables/gradient_diagnostics/resource_benchmarks/resource_samples/pendigits__pendigits__dyn__non-overlap-patch-block-hamiltonian__L8__lr0.01__bs32__seed0__init__pendigits__pendigits__dyn__non-overlap-patch-block-hamiltonian__L8__lr0.01__bs32__seed0__init.jsonl,"["".venv/bin/python3"", ""scripts/gradient_diagnostics.py"", ""--manifest"", ""results/tables/gradient_diagnostics/resource_benchmarks/manifests/pendigits__pendigits__dyn__non-overlap-patch-block-hamiltonian__L8__lr0.01__bs32__seed0__init__pendigits__pendigits__dyn__non-overlap-patch-block-hamiltonian__L8__lr0.01__bs32__seed0__init.json"", ""--mode"", ""init"", ""--runs-root"", ""results/runs"", ""--diagnostic-batch-size"", ""32"", ""--diagnostic-seed"", ""0"", ""--near-zero-tol"", ""1e-10"", ""--n-init-seeds"", ""20"", ""--fisher-batch-size"", ""32"", ""--output"", ""results/tables/gradient_diagnostics/resource_benchmarks/diagnostics/pendigits__pendigits__dyn__non-overlap-patch-block-hamiltonian__L8__lr0.01__bs32__seed0__init__pendigits__pendigits__dyn__non-overlap-patch-block-hamiltonian__L8__lr0.01__bs32__seed0__init.json""]",results/tables/gradient_diagnostics/resource_benchmarks/pendigits__pendigits__dyn__non-overlap-patch-block-hamiltonian__L8__lr0.01__bs32__seed0__init_runs.csv
complete,pendigits,configs/experiments/pendigits.json,pendigits__pendigits__dyn__patch-su4__L1__lr0.01__bs32__seed0__checkpoints,checkpoints,pendigits__dyn__patch-su4__L1__lr0.01__bs32__seed0,pendigits,dyn,patch-su4,1,0,0.01,32,0,24.750406016013585,results/tables/gradient_diagnostics/resource_benchmarks/diagnostics/pendigits__pendigits__dyn__patch-su4__L1__lr0.01__bs32__seed0__checkpoints__pendigits__pendigits__dyn__patch-su4__L1__lr0.01__bs32__seed0__checkpoints.json,8,8,"{""complete"": 8}",12,4028940288,3842.296875,143.49598051072888,99.52294398473306,23.380029999999998,5.433676,28.813705999999996,4067422208,3878.99609375,True,12,100.0,9.583333333333334,72611.0,72602.0,2026-05-28T22:51:02.611461+00:00,2026-05-28T22:51:27.361872+00:00,results/tables/gradient_diagnostics/resource_benchmarks/manifests/pendigits__pendigits__dyn__patch-su4__L1__lr0.01__bs32__seed0__checkpoints__pendigits__pendigits__dyn__patch-su4__L1__lr0.01__bs32__seed0__checkpoints.json,results/tables/gradient_diagnostics/resource_benchmarks/resource_samples/pendigits__pendigits__dyn__patch-su4__L1__lr0.01__bs32__seed0__checkpoints__pendigits__pendigits__dyn__patch-su4__L1__lr0.01__bs32__seed0__checkpoints.jsonl,"["".venv/bin/python3"", ""scripts/gradient_diagnostics.py"", ""--manifest"", ""results/tables/gradient_diagnostics/resource_benchmarks/manifests/pendigits__pendigits__dyn__patch-su4__L1__lr0.01__bs32__seed0__checkpoints__pendigits__pendigits__dyn__patch-su4__L1__lr0.01__bs32__seed0__checkpoints.json"", ""--mode"", ""checkpoints"", ""--runs-root"", ""results/runs"", ""--diagnostic-batch-size"", ""32"", ""--diagnostic-seed"", ""0"", ""--near-zero-tol"", ""1e-10"", ""--n-init-seeds"", ""20"", ""--fisher-batch-size"", ""32"", ""--output"", ""results/tables/gradient_diagnostics/resource_benchmarks/diagnostics/pendigits__pendigits__dyn__patch-su4__L1__lr0.01__bs32__seed0__checkpoints__pendigits__pendigits__dyn__patch-su4__L1__lr0.01__bs32__seed0__checkpoints.json""]",results/tables/gradient_diagnostics/resource_benchmarks/pendigits__pendigits__dyn__patch-su4__L1__lr0.01__bs32__seed0__checkpoints_runs.csv
complete,pendigits,configs/experiments/pendigits.json,pendigits__pendigits__dyn__patch-su4__L1__lr0.01__bs32__seed0__final,final,pendigits__dyn__patch-su4__L1__lr0.01__bs32__seed0,pendigits,dyn,patch-su4,1,0,0.01,32,0,21.8898849170655,results/tables/gradient_diagnostics/resource_benchmarks/diagnostics/pendigits__pendigits__dyn__patch-su4__L1__lr0.01__bs32__seed0__final__pendigits__pendigits__dyn__patch-su4__L1__lr0.01__bs32__seed0__final.json,1,1,"{""complete"": 1}",11,4023668736,3837.26953125,110.68354892325344,82.26959857091096,18.491453999999997,4.223879,22.715332999999998,4111433728,3920.96875,True,11,96.0,8.818181818181818,72611.0,72602.0,2026-05-28T23:15:51.974706+00:00,2026-05-28T23:16:13.864597+00:00,results/tables/gradient_diagnostics/resource_benchmarks/manifests/pendigits__pendigits__dyn__patch-su4__L1__lr0.01__bs32__seed0__final__pendigits__pendigits__dyn__patch-su4__L1__lr0.01__bs32__seed0__final.json,results/tables/gradient_diagnostics/resource_benchmarks/resource_samples/pendigits__pendigits__dyn__patch-su4__L1__lr0.01__bs32__seed0__final__pendigits__pendigits__dyn__patch-su4__L1__lr0.01__bs32__seed0__final.jsonl,"["".venv/bin/python3"", ""scripts/gradient_diagnostics.py"", ""--manifest"", ""results/tables/gradient_diagnostics/resource_benchmarks/manifests/pendigits__pendigits__dyn__patch-su4__L1__lr0.01__bs32__seed0__final__pendigits__pendigits__dyn__patch-su4__L1__lr0.01__bs32__seed0__final.json"", ""--mode"", ""final"", ""--runs-root"", ""results/runs"", ""--diagnostic-batch-size"", ""32"", ""--diagnostic-seed"", ""0"", ""--near-zero-tol"", ""1e-10"", ""--n-init-seeds"", ""20"", ""--fisher-batch-size"", ""32"", ""--output"", ""results/tables/gradient_diagnostics/resource_benchmarks/diagnostics/pendigits__pendigits__dyn__patch-su4__L1__lr0.01__bs32__seed0__final__pendigits__pendigits__dyn__patch-su4__L1__lr0.01__bs32__seed0__final.json""]",results/tables/gradient_diagnostics/resource_benchmarks/pendigits__pendigits__dyn__patch-su4__L1__lr0.01__bs32__seed0__final_runs.csv
complete,pendigits,configs/experiments/pendigits.json,pendigits__pendigits__dyn__patch-su4__L1__lr0.01__bs32__seed0__init,init,pendigits__dyn__patch-su4__L1__lr0.01__bs32__seed0,pendigits,dyn,patch-su4,1,0,0.01,32,0,28.43104779999703,results/tables/gradient_diagnostics/resource_benchmarks/diagnostics/pendigits__pendigits__dyn__patch-su4__L1__lr0.01__bs32__seed0__init__pendigits__pendigits__dyn__patch-su4__L1__lr0.01__bs32__seed0__init.json,1,1,"{""complete"": 1}",14,4064837632,3876.53125,149.40289501490363,102.2848397837081,28.966027999999998,6.042311,35.008339,4121034752,3930.125,True,14,12.0,1.5714285714285714,72611.0,72602.0,2026-05-28T22:58:43.208566+00:00,2026-05-28T22:59:11.639620+00:00,results/tables/gradient_diagnostics/resource_benchmarks/manifests/pendigits__pendigits__dyn__patch-su4__L1__lr0.01__bs32__seed0__init__pendigits__pendigits__dyn__patch-su4__L1__lr0.01__bs32__seed0__init.json,results/tables/gradient_diagnostics/resource_benchmarks/resource_samples/pendigits__pendigits__dyn__patch-su4__L1__lr0.01__bs32__seed0__init__pendigits__pendigits__dyn__patch-su4__L1__lr0.01__bs32__seed0__init.jsonl,"["".venv/bin/python3"", ""scripts/gradient_diagnostics.py"", ""--manifest"", ""results/tables/gradient_diagnostics/resource_benchmarks/manifests/pendigits__pendigits__dyn__patch-su4__L1__lr0.01__bs32__seed0__init__pendigits__pendigits__dyn__patch-su4__L1__lr0.01__bs32__seed0__init.json"", ""--mode"", ""init"", ""--runs-root"", ""results/runs"", ""--diagnostic-batch-size"", ""32"", ""--diagnostic-seed"", ""0"", ""--near-zero-tol"", ""1e-10"", ""--n-init-seeds"", ""20"", ""--fisher-batch-size"", ""32"", ""--output"", ""results/tables/gradient_diagnostics/resource_benchmarks/diagnostics/pendigits__pendigits__dyn__patch-su4__L1__lr0.01__bs32__seed0__init__pendigits__pendigits__dyn__patch-su4__L1__lr0.01__bs32__seed0__init.json""]",results/tables/gradient_diagnostics/resource_benchmarks/pendigits__pendigits__dyn__patch-su4__L1__lr0.01__bs32__seed0__init_runs.csv
complete,pendigits,configs/experiments/pendigits.json,pendigits__pendigits__dyn__patch-su4__L32__lr0.01__bs32__seed0__checkpoints,checkpoints,pendigits__dyn__patch-su4__L32__lr0.01__bs32__seed0,pendigits,dyn,patch-su4,32,0,0.01,32,0,187.1136386640137,results/tables/gradient_diagnostics/resource_benchmarks/diagnostics/pendigits__pendigits__dyn__patch-su4__L32__lr0.01__bs32__seed0__checkpoints__pendigits__pendigits__dyn__patch-su4__L32__lr0.01__bs32__seed0__checkpoints.json,8,8,"{""complete"": 8}",89,4140056576,3948.265625,149.4798932478466,131.24114315736676,210.59616400000002,41.915947,252.512111,4226940928,4031.125,True,89,100.0,4.921348314606742,72611.0,72602.0,2026-05-28T18:40:37.731712+00:00,2026-05-28T18:43:44.845362+00:00,results/tables/gradient_diagnostics/resource_benchmarks/manifests/pendigits__pendigits__dyn__patch-su4__L32__lr0.01__bs32__seed0__checkpoints__pendigits__pendigits__dyn__patch-su4__L32__lr0.01__bs32__seed0__checkpoints.json,results/tables/gradient_diagnostics/resource_benchmarks/resource_samples/pendigits__pendigits__dyn__patch-su4__L32__lr0.01__bs32__seed0__checkpoints__pendigits__pendigits__dyn__patch-su4__L32__lr0.01__bs32__seed0__checkpoints.jsonl,"["".venv/bin/python3"", ""scripts/gradient_diagnostics.py"", ""--manifest"", ""results/tables/gradient_diagnostics/resource_benchmarks/manifests/pendigits__pendigits__dyn__patch-su4__L32__lr0.01__bs32__seed0__checkpoints__pendigits__pendigits__dyn__patch-su4__L32__lr0.01__bs32__seed0__checkpoints.json"", ""--mode"", ""checkpoints"", ""--runs-root"", ""results/runs"", ""--diagnostic-batch-size"", ""32"", ""--diagnostic-seed"", ""0"", ""--near-zero-tol"", ""1e-10"", ""--n-init-seeds"", ""20"", ""--fisher-batch-size"", ""32"", ""--output"", ""results/tables/gradient_diagnostics/resource_benchmarks/diagnostics/pendigits__pendigits__dyn__patch-su4__L32__lr0.01__bs32__seed0__checkpoints__pendigits__pendigits__dyn__patch-su4__L32__lr0.01__bs32__seed0__checkpoints.json""]",results/tables/gradient_diagnostics/resource_benchmarks/pendigits__pendigits__dyn__patch-su4__L32__lr0.01__bs32__seed0__checkpoints_runs.csv
complete,pendigits,configs/experiments/pendigits.json,pendigits__pendigits__dyn__patch-su4__L32__lr0.01__bs32__seed0__final,final,pendigits__dyn__patch-su4__L32__lr0.01__bs32__seed0,pendigits,dyn,patch-su4,32,0,0.01,32,0,43.5851372909965,results/tables/gradient_diagnostics/resource_benchmarks/diagnostics/pendigits__pendigits__dyn__patch-su4__L32__lr0.01__bs32__seed0__final__pendigits__pendigits__dyn__patch-su4__L32__lr0.01__bs32__seed0__final.json,1,1,"{""complete"": 1}",21,4138708992,3946.98046875,149.19423680737398,110.99293823281695,44.557892,9.21921,53.777102,4232146944,4036.08984375,True,21,50.0,4.476190476190476,72611.0,72602.0,2026-05-28T22:06:09.443508+00:00,2026-05-28T22:06:53.028657+00:00,results/tables/gradient_diagnostics/resource_benchmarks/manifests/pendigits__pendigits__dyn__patch-su4__L32__lr0.01__bs32__seed0__final__pendigits__pendigits__dyn__patch-su4__L32__lr0.01__bs32__seed0__final.json,results/tables/gradient_diagnostics/resource_benchmarks/resource_samples/pendigits__pendigits__dyn__patch-su4__L32__lr0.01__bs32__seed0__final__pendigits__pendigits__dyn__patch-su4__L32__lr0.01__bs32__seed0__final.jsonl,"["".venv/bin/python3"", ""scripts/gradient_diagnostics.py"", ""--manifest"", ""results/tables/gradient_diagnostics/resource_benchmarks/manifests/pendigits__pendigits__dyn__patch-su4__L32__lr0.01__bs32__seed0__final__pendigits__pendigits__dyn__patch-su4__L32__lr0.01__bs32__seed0__final.json"", ""--mode"", ""final"", ""--runs-root"", ""results/runs"", ""--diagnostic-batch-size"", ""32"", ""--diagnostic-seed"", ""0"", ""--near-zero-tol"", ""1e-10"", ""--n-init-seeds"", ""20"", ""--fisher-batch-size"", ""32"", ""--output"", ""results/tables/gradient_diagnostics/resource_benchmarks/diagnostics/pendigits__pendigits__dyn__patch-su4__L32__lr0.01__bs32__seed0__final__pendigits__pendigits__dyn__patch-su4__L32__lr0.01__bs32__seed0__final.json""]",results/tables/gradient_diagnostics/resource_benchmarks/pendigits__pendigits__dyn__patch-su4__L32__lr0.01__bs32__seed0__final_runs.csv
complete,pendigits,configs/experiments/pendigits.json,pendigits__pendigits__dyn__patch-su4__L32__lr0.01__bs32__seed0__init,init,pendigits__dyn__patch-su4__L32__lr0.01__bs32__seed0,pendigits,dyn,patch-su4,32,0,0.01,32,0,225.49129676795565,results/tables/gradient_diagnostics/resource_benchmarks/diagnostics/pendigits__pendigits__dyn__patch-su4__L32__lr0.01__bs32__seed0__init__pendigits__pendigits__dyn__patch-su4__L32__lr0.01__bs32__seed0__init.json,1,1,"{""complete"": 1}",107,4226797568,4030.98828125,149.70514149160672,136.14535834460955,262.652188,54.178909000000004,316.831097,4292280320,4093.4375,True,107,6.0,3.8878504672897196,72613.0,72604.0,2026-05-28T17:46:33.987770+00:00,2026-05-28T17:50:19.479080+00:00,results/tables/gradient_diagnostics/resource_benchmarks/manifests/pendigits__pendigits__dyn__patch-su4__L32__lr0.01__bs32__seed0__init__pendigits__pendigits__dyn__patch-su4__L32__lr0.01__bs32__seed0__init.json,results/tables/gradient_diagnostics/resource_benchmarks/resource_samples/pendigits__pendigits__dyn__patch-su4__L32__lr0.01__bs32__seed0__init__pendigits__pendigits__dyn__patch-su4__L32__lr0.01__bs32__seed0__init.jsonl,"["".venv/bin/python3"", ""scripts/gradient_diagnostics.py"", ""--manifest"", ""results/tables/gradient_diagnostics/resource_benchmarks/manifests/pendigits__pendigits__dyn__patch-su4__L32__lr0.01__bs32__seed0__init__pendigits__pendigits__dyn__patch-su4__L32__lr0.01__bs32__seed0__init.json"", ""--mode"", ""init"", ""--runs-root"", ""results/runs"", ""--diagnostic-batch-size"", ""32"", ""--diagnostic-seed"", ""0"", ""--near-zero-tol"", ""1e-10"", ""--n-init-seeds"", ""20"", ""--fisher-batch-size"", ""32"", ""--output"", ""results/tables/gradient_diagnostics/resource_benchmarks/diagnostics/pendigits__pendigits__dyn__patch-su4__L32__lr0.01__bs32__seed0__init__pendigits__pendigits__dyn__patch-su4__L32__lr0.01__bs32__seed0__init.json""]",results/tables/gradient_diagnostics/resource_benchmarks/pendigits__pendigits__dyn__patch-su4__L32__lr0.01__bs32__seed0__init_runs.csv
complete,pendigits,configs/experiments/pendigits.json,pendigits__pendigits__dyn__patch-su4__L8__lr0.01__bs32__seed0__checkpoints,checkpoints,pendigits__dyn__patch-su4__L8__lr0.01__bs32__seed0,pendigits,dyn,patch-su4,8,0,0.01,32,0,64.03146062698215,results/tables/gradient_diagnostics/resource_benchmarks/diagnostics/pendigits__pendigits__dyn__patch-su4__L8__lr0.01__bs32__seed0__checkpoints__pendigits__pendigits__dyn__patch-su4__L8__lr0.01__bs32__seed0__checkpoints.json,8,8,"{""complete"": 8}",31,4065124352,3876.8046875,146.18913229375383,116.67378858801679,66.056088,14.212998,80.269086,4139532288,3947.765625,True,31,79.0,5.290322580645161,72611.0,72602.0,2026-05-28T20:59:18.496650+00:00,2026-05-28T21:00:22.528123+00:00,results/tables/gradient_diagnostics/resource_benchmarks/manifests/pendigits__pendigits__dyn__patch-su4__L8__lr0.01__bs32__seed0__checkpoints__pendigits__pendigits__dyn__patch-su4__L8__lr0.01__bs32__seed0__checkpoints.json,results/tables/gradient_diagnostics/resource_benchmarks/resource_samples/pendigits__pendigits__dyn__patch-su4__L8__lr0.01__bs32__seed0__checkpoints__pendigits__pendigits__dyn__patch-su4__L8__lr0.01__bs32__seed0__checkpoints.jsonl,"["".venv/bin/python3"", ""scripts/gradient_diagnostics.py"", ""--manifest"", ""results/tables/gradient_diagnostics/resource_benchmarks/manifests/pendigits__pendigits__dyn__patch-su4__L8__lr0.01__bs32__seed0__checkpoints__pendigits__pendigits__dyn__patch-su4__L8__lr0.01__bs32__seed0__checkpoints.json"", ""--mode"", ""checkpoints"", ""--runs-root"", ""results/runs"", ""--diagnostic-batch-size"", ""32"", ""--diagnostic-seed"", ""0"", ""--near-zero-tol"", ""1e-10"", ""--n-init-seeds"", ""20"", ""--fisher-batch-size"", ""32"", ""--output"", ""results/tables/gradient_diagnostics/resource_benchmarks/diagnostics/pendigits__pendigits__dyn__patch-su4__L8__lr0.01__bs32__seed0__checkpoints__pendigits__pendigits__dyn__patch-su4__L8__lr0.01__bs32__seed0__checkpoints.json""]",results/tables/gradient_diagnostics/resource_benchmarks/pendigits__pendigits__dyn__patch-su4__L8__lr0.01__bs32__seed0__checkpoints_runs.csv
complete,pendigits,configs/experiments/pendigits.json,pendigits__pendigits__dyn__patch-su4__L8__lr0.01__bs32__seed0__final,final,pendigits__dyn__patch-su4__L8__lr0.01__bs32__seed0,pendigits,dyn,patch-su4,8,0,0.01,32,0,28.164283673046157,results/tables/gradient_diagnostics/resource_benchmarks/diagnostics/pendigits__pendigits__dyn__patch-su4__L8__lr0.01__bs32__seed0__final__pendigits__pendigits__dyn__patch-su4__L8__lr0.01__bs32__seed0__final.json,1,1,"{""complete"": 1}",14,4061241344,3873.1015625,139.79394058920505,90.09818925916312,25.065087000000002,5.551735000000001,30.616822000000003,4152053760,3959.70703125,True,14,60.0,5.285714285714286,72611.0,72602.0,2026-05-28T23:00:01.483504+00:00,2026-05-28T23:00:29.647794+00:00,results/tables/gradient_diagnostics/resource_benchmarks/manifests/pendigits__pendigits__dyn__patch-su4__L8__lr0.01__bs32__seed0__final__pendigits__pendigits__dyn__patch-su4__L8__lr0.01__bs32__seed0__final.json,results/tables/gradient_diagnostics/resource_benchmarks/resource_samples/pendigits__pendigits__dyn__patch-su4__L8__lr0.01__bs32__seed0__final__pendigits__pendigits__dyn__patch-su4__L8__lr0.01__bs32__seed0__final.jsonl,"["".venv/bin/python3"", ""scripts/gradient_diagnostics.py"", ""--manifest"", ""results/tables/gradient_diagnostics/resource_benchmarks/manifests/pendigits__pendigits__dyn__patch-su4__L8__lr0.01__bs32__seed0__final__pendigits__pendigits__dyn__patch-su4__L8__lr0.01__bs32__seed0__final.json"", ""--mode"", ""final"", ""--runs-root"", ""results/runs"", ""--diagnostic-batch-size"", ""32"", ""--diagnostic-seed"", ""0"", ""--near-zero-tol"", ""1e-10"", ""--n-init-seeds"", ""20"", ""--fisher-batch-size"", ""32"", ""--output"", ""results/tables/gradient_diagnostics/resource_benchmarks/diagnostics/pendigits__pendigits__dyn__patch-su4__L8__lr0.01__bs32__seed0__final__pendigits__pendigits__dyn__patch-su4__L8__lr0.01__bs32__seed0__final.json""]",results/tables/gradient_diagnostics/resource_benchmarks/pendigits__pendigits__dyn__patch-su4__L8__lr0.01__bs32__seed0__final_runs.csv
complete,pendigits,configs/experiments/pendigits.json,pendigits__pendigits__dyn__patch-su4__L8__lr0.01__bs32__seed0__init,init,pendigits__dyn__patch-su4__L8__lr0.01__bs32__seed0,pendigits,dyn,patch-su4,8,0,0.01,32,0,77.88049797597341,results/tables/gradient_diagnostics/resource_benchmarks/diagnostics/pendigits__pendigits__dyn__patch-su4__L8__lr0.01__bs32__seed0__init__pendigits__pendigits__dyn__patch-su4__L8__lr0.01__bs32__seed0__init.json,1,1,"{""complete"": 1}",37,4131004416,3939.6328125,148.76586038136955,120.21284271875624,83.660026,17.574928,101.234954,4226433024,4030.640625,True,37,46.0,4.054054054054054,72611.0,72602.0,2026-05-28T20:33:49.636435+00:00,2026-05-28T20:35:07.516945+00:00,results/tables/gradient_diagnostics/resource_benchmarks/manifests/pendigits__pendigits__dyn__patch-su4__L8__lr0.01__bs32__seed0__init__pendigits__pendigits__dyn__patch-su4__L8__lr0.01__bs32__seed0__init.json,results/tables/gradient_diagnostics/resource_benchmarks/resource_samples/pendigits__pendigits__dyn__patch-su4__L8__lr0.01__bs32__seed0__init__pendigits__pendigits__dyn__patch-su4__L8__lr0.01__bs32__seed0__init.jsonl,"["".venv/bin/python3"", ""scripts/gradient_diagnostics.py"", ""--manifest"", ""results/tables/gradient_diagnostics/resource_benchmarks/manifests/pendigits__pendigits__dyn__patch-su4__L8__lr0.01__bs32__seed0__init__pendigits__pendigits__dyn__patch-su4__L8__lr0.01__bs32__seed0__init.json"", ""--mode"", ""init"", ""--runs-root"", ""results/runs"", ""--diagnostic-batch-size"", ""32"", ""--diagnostic-seed"", ""0"", ""--near-zero-tol"", ""1e-10"", ""--n-init-seeds"", ""20"", ""--fisher-batch-size"", ""32"", ""--output"", ""results/tables/gradient_diagnostics/resource_benchmarks/diagnostics/pendigits__pendigits__dyn__patch-su4__L8__lr0.01__bs32__seed0__init__pendigits__pendigits__dyn__patch-su4__L8__lr0.01__bs32__seed0__init.json""]",results/tables/gradient_diagnostics/resource_benchmarks/pendigits__pendigits__dyn__patch-su4__L8__lr0.01__bs32__seed0__init_runs.csv
complete,pendigits,configs/experiments/pendigits.json,pendigits__pendigits__dyn__symmetric-hamiltonian__L1__lr0.01__bs32__seed0__checkpoints,checkpoints,pendigits__dyn__symmetric-hamiltonian__L1__lr0.01__bs32__seed0,pendigits,dyn,symmetric-hamiltonian,1,0,0.01,32,0,22.40223277907353,results/tables/gradient_diagnostics/resource_benchmarks/diagnostics/pendigits__pendigits__dyn__symmetric-hamiltonian__L1__lr0.01__bs32__seed0__checkpoints__pendigits__pendigits__dyn__symmetric-hamiltonian__L1__lr0.01__bs32__seed0__checkpoints.json,8,8,"{""complete"": 8}",11,4009328640,3823.59375,124.0562505093281,86.08574190139208,18.848723,4.541517,23.39024,4113076224,3922.53515625,True,11,100.0,9.090909090909092,72609.0,72600.0,2026-05-28T23:13:03.894855+00:00,2026-05-28T23:13:26.297093+00:00,results/tables/gradient_diagnostics/resource_benchmarks/manifests/pendigits__pendigits__dyn__symmetric-hamiltonian__L1__lr0.01__bs32__seed0__checkpoints__pendigits__pendigits__dyn__symmetric-hamiltonian__L1__lr0.01__bs32__seed0__checkpoints.json,results/tables/gradient_diagnostics/resource_benchmarks/resource_samples/pendigits__pendigits__dyn__symmetric-hamiltonian__L1__lr0.01__bs32__seed0__checkpoints__pendigits__pendigits__dyn__symmetric-hamiltonian__L1__lr0.01__bs32__seed0__checkpoints.jsonl,"["".venv/bin/python3"", ""scripts/gradient_diagnostics.py"", ""--manifest"", ""results/tables/gradient_diagnostics/resource_benchmarks/manifests/pendigits__pendigits__dyn__symmetric-hamiltonian__L1__lr0.01__bs32__seed0__checkpoints__pendigits__pendigits__dyn__symmetric-hamiltonian__L1__lr0.01__bs32__seed0__checkpoints.json"", ""--mode"", ""checkpoints"", ""--runs-root"", ""results/runs"", ""--diagnostic-batch-size"", ""32"", ""--diagnostic-seed"", ""0"", ""--near-zero-tol"", ""1e-10"", ""--n-init-seeds"", ""20"", ""--fisher-batch-size"", ""32"", ""--output"", ""results/tables/gradient_diagnostics/resource_benchmarks/diagnostics/pendigits__pendigits__dyn__symmetric-hamiltonian__L1__lr0.01__bs32__seed0__checkpoints__pendigits__pendigits__dyn__symmetric-hamiltonian__L1__lr0.01__bs32__seed0__checkpoints.json""]",results/tables/gradient_diagnostics/resource_benchmarks/pendigits__pendigits__dyn__symmetric-hamiltonian__L1__lr0.01__bs32__seed0__checkpoints_runs.csv
complete,pendigits,configs/experiments/pendigits.json,pendigits__pendigits__dyn__symmetric-hamiltonian__L1__lr0.01__bs32__seed0__final,final,pendigits__dyn__symmetric-hamiltonian__L1__lr0.01__bs32__seed0,pendigits,dyn,symmetric-hamiltonian,1,0,0.01,32,0,24.64136236195918,results/tables/gradient_diagnostics/resource_benchmarks/diagnostics/pendigits__pendigits__dyn__symmetric-hamiltonian__L1__lr0.01__bs32__seed0__final__pendigits__pendigits__dyn__symmetric-hamiltonian__L1__lr0.01__bs32__seed0__final.json,1,1,"{""complete"": 1}",12,4000903168,3815.55859375,107.50624954151965,68.55650192593197,16.869473,4.140207,21.00968,4105523200,3915.33203125,True,12,100.0,8.333333333333334,72609.0,72600.0,2026-05-28T23:18:42.092293+00:00,2026-05-28T23:19:06.733662+00:00,results/tables/gradient_diagnostics/resource_benchmarks/manifests/pendigits__pendigits__dyn__symmetric-hamiltonian__L1__lr0.01__bs32__seed0__final__pendigits__pendigits__dyn__symmetric-hamiltonian__L1__lr0.01__bs32__seed0__final.json,results/tables/gradient_diagnostics/resource_benchmarks/resource_samples/pendigits__pendigits__dyn__symmetric-hamiltonian__L1__lr0.01__bs32__seed0__final__pendigits__pendigits__dyn__symmetric-hamiltonian__L1__lr0.01__bs32__seed0__final.jsonl,"["".venv/bin/python3"", ""scripts/gradient_diagnostics.py"", ""--manifest"", ""results/tables/gradient_diagnostics/resource_benchmarks/manifests/pendigits__pendigits__dyn__symmetric-hamiltonian__L1__lr0.01__bs32__seed0__final__pendigits__pendigits__dyn__symmetric-hamiltonian__L1__lr0.01__bs32__seed0__final.json"", ""--mode"", ""final"", ""--runs-root"", ""results/runs"", ""--diagnostic-batch-size"", ""32"", ""--diagnostic-seed"", ""0"", ""--near-zero-tol"", ""1e-10"", ""--n-init-seeds"", ""20"", ""--fisher-batch-size"", ""32"", ""--output"", ""results/tables/gradient_diagnostics/resource_benchmarks/diagnostics/pendigits__pendigits__dyn__symmetric-hamiltonian__L1__lr0.01__bs32__seed0__final__pendigits__pendigits__dyn__symmetric-hamiltonian__L1__lr0.01__bs32__seed0__final.json""]",results/tables/gradient_diagnostics/resource_benchmarks/pendigits__pendigits__dyn__symmetric-hamiltonian__L1__lr0.01__bs32__seed0__final_runs.csv
complete,pendigits,configs/experiments/pendigits.json,pendigits__pendigits__dyn__symmetric-hamiltonian__L1__lr0.01__bs32__seed0__init,init,pendigits__dyn__symmetric-hamiltonian__L1__lr0.01__bs32__seed0,pendigits,dyn,symmetric-hamiltonian,1,0,0.01,32,0,25.783829614985734,results/tables/gradient_diagnostics/resource_benchmarks/diagnostics/pendigits__pendigits__dyn__symmetric-hamiltonian__L1__lr0.01__bs32__seed0__init__pendigits__pendigits__dyn__symmetric-hamiltonian__L1__lr0.01__bs32__seed0__init.json,1,1,"{""complete"": 1}",13,4135972864,3944.37109375,134.20712898606044,89.8786091918089,24.382597999999998,5.244611,29.627208999999997,4139499520,3947.734375,True,13,1.0,0.15384615384615385,72609.0,72600.0,2026-05-28T23:09:55.367567+00:00,2026-05-28T23:10:21.151404+00:00,results/tables/gradient_diagnostics/resource_benchmarks/manifests/pendigits__pendigits__dyn__symmetric-hamiltonian__L1__lr0.01__bs32__seed0__init__pendigits__pendigits__dyn__symmetric-hamiltonian__L1__lr0.01__bs32__seed0__init.json,results/tables/gradient_diagnostics/resource_benchmarks/resource_samples/pendigits__pendigits__dyn__symmetric-hamiltonian__L1__lr0.01__bs32__seed0__init__pendigits__pendigits__dyn__symmetric-hamiltonian__L1__lr0.01__bs32__seed0__init.jsonl,"["".venv/bin/python3"", ""scripts/gradient_diagnostics.py"", ""--manifest"", ""results/tables/gradient_diagnostics/resource_benchmarks/manifests/pendigits__pendigits__dyn__symmetric-hamiltonian__L1__lr0.01__bs32__seed0__init__pendigits__pendigits__dyn__symmetric-hamiltonian__L1__lr0.01__bs32__seed0__init.json"", ""--mode"", ""init"", ""--runs-root"", ""results/runs"", ""--diagnostic-batch-size"", ""32"", ""--diagnostic-seed"", ""0"", ""--near-zero-tol"", ""1e-10"", ""--n-init-seeds"", ""20"", ""--fisher-batch-size"", ""32"", ""--output"", ""results/tables/gradient_diagnostics/resource_benchmarks/diagnostics/pendigits__pendigits__dyn__symmetric-hamiltonian__L1__lr0.01__bs32__seed0__init__pendigits__pendigits__dyn__symmetric-hamiltonian__L1__lr0.01__bs32__seed0__init.json""]",results/tables/gradient_diagnostics/resource_benchmarks/pendigits__pendigits__dyn__symmetric-hamiltonian__L1__lr0.01__bs32__seed0__init_runs.csv
complete,pendigits,configs/experiments/pendigits.json,pendigits__pendigits__dyn__symmetric-hamiltonian__L32__lr0.01__bs32__seed0__checkpoints,checkpoints,pendigits__dyn__symmetric-hamiltonian__L32__lr0.01__bs32__seed0,pendigits,dyn,symmetric-hamiltonian,32,0,0.01,32,0,80.727789630997,results/tables/gradient_diagnostics/resource_benchmarks/diagnostics/pendigits__pendigits__dyn__symmetric-hamiltonian__L32__lr0.01__bs32__seed0__checkpoints__pendigits__pendigits__dyn__symmetric-hamiltonian__L32__lr0.01__bs32__seed0__checkpoints.json,8,8,"{""complete"": 8}",39,4316192768,4116.2421875,143.9602309508389,115.48471443304754,84.081958,16.314957,100.396915,4320182272,4120.046875,True,39,68.0,4.205128205128205,72611.0,72602.0,2026-05-28T20:42:11.407435+00:00,2026-05-28T20:43:32.135236+00:00,results/tables/gradient_diagnostics/resource_benchmarks/manifests/pendigits__pendigits__dyn__symmetric-hamiltonian__L32__lr0.01__bs32__seed0__checkpoints__pendigits__pendigits__dyn__symmetric-hamiltonian__L32__lr0.01__bs32__seed0__checkpoints.json,results/tables/gradient_diagnostics/resource_benchmarks/resource_samples/pendigits__pendigits__dyn__symmetric-hamiltonian__L32__lr0.01__bs32__seed0__checkpoints__pendigits__pendigits__dyn__symmetric-hamiltonian__L32__lr0.01__bs32__seed0__checkpoints.jsonl,"["".venv/bin/python3"", ""scripts/gradient_diagnostics.py"", ""--manifest"", ""results/tables/gradient_diagnostics/resource_benchmarks/manifests/pendigits__pendigits__dyn__symmetric-hamiltonian__L32__lr0.01__bs32__seed0__checkpoints__pendigits__pendigits__dyn__symmetric-hamiltonian__L32__lr0.01__bs32__seed0__checkpoints.json"", ""--mode"", ""checkpoints"", ""--runs-root"", ""results/runs"", ""--diagnostic-batch-size"", ""32"", ""--diagnostic-seed"", ""0"", ""--near-zero-tol"", ""1e-10"", ""--n-init-seeds"", ""20"", ""--fisher-batch-size"", ""32"", ""--output"", ""results/tables/gradient_diagnostics/resource_benchmarks/diagnostics/pendigits__pendigits__dyn__symmetric-hamiltonian__L32__lr0.01__bs32__seed0__checkpoints__pendigits__pendigits__dyn__symmetric-hamiltonian__L32__lr0.01__bs32__seed0__checkpoints.json""]",results/tables/gradient_diagnostics/resource_benchmarks/pendigits__pendigits__dyn__symmetric-hamiltonian__L32__lr0.01__bs32__seed0__checkpoints_runs.csv
complete,pendigits,configs/experiments/pendigits.json,pendigits__pendigits__dyn__symmetric-hamiltonian__L32__lr0.01__bs32__seed0__final,final,pendigits__dyn__symmetric-hamiltonian__L32__lr0.01__bs32__seed0,pendigits,dyn,symmetric-hamiltonian,32,0,0.01,32,0,34.20129705907311,results/tables/gradient_diagnostics/resource_benchmarks/diagnostics/pendigits__pendigits__dyn__symmetric-hamiltonian__L32__lr0.01__bs32__seed0__final__pendigits__pendigits__dyn__symmetric-hamiltonian__L32__lr0.01__bs32__seed0__final.json,1,1,"{""complete"": 1}",17,4325355520,4124.98046875,141.38274879282162,88.0507707828413,30.531745,6.373690999999999,36.905436,4328689664,4128.16015625,True,17,29.0,2.588235294117647,72611.0,72602.0,2026-05-28T22:42:40.970485+00:00,2026-05-28T22:43:15.171793+00:00,results/tables/gradient_diagnostics/resource_benchmarks/manifests/pendigits__pendigits__dyn__symmetric-hamiltonian__L32__lr0.01__bs32__seed0__final__pendigits__pendigits__dyn__symmetric-hamiltonian__L32__lr0.01__bs32__seed0__final.json,results/tables/gradient_diagnostics/resource_benchmarks/resource_samples/pendigits__pendigits__dyn__symmetric-hamiltonian__L32__lr0.01__bs32__seed0__final__pendigits__pendigits__dyn__symmetric-hamiltonian__L32__lr0.01__bs32__seed0__final.jsonl,"["".venv/bin/python3"", ""scripts/gradient_diagnostics.py"", ""--manifest"", ""results/tables/gradient_diagnostics/resource_benchmarks/manifests/pendigits__pendigits__dyn__symmetric-hamiltonian__L32__lr0.01__bs32__seed0__final__pendigits__pendigits__dyn__symmetric-hamiltonian__L32__lr0.01__bs32__seed0__final.json"", ""--mode"", ""final"", ""--runs-root"", ""results/runs"", ""--diagnostic-batch-size"", ""32"", ""--diagnostic-seed"", ""0"", ""--near-zero-tol"", ""1e-10"", ""--n-init-seeds"", ""20"", ""--fisher-batch-size"", ""32"", ""--output"", ""results/tables/gradient_diagnostics/resource_benchmarks/diagnostics/pendigits__pendigits__dyn__symmetric-hamiltonian__L32__lr0.01__bs32__seed0__final__pendigits__pendigits__dyn__symmetric-hamiltonian__L32__lr0.01__bs32__seed0__final.json""]",results/tables/gradient_diagnostics/resource_benchmarks/pendigits__pendigits__dyn__symmetric-hamiltonian__L32__lr0.01__bs32__seed0__final_runs.csv
complete,pendigits,configs/experiments/pendigits.json,pendigits__pendigits__dyn__symmetric-hamiltonian__L32__lr0.01__bs32__seed0__init,init,pendigits__dyn__symmetric-hamiltonian__L32__lr0.01__bs32__seed0,pendigits,dyn,symmetric-hamiltonian,32,0,0.01,32,0,100.23436022899114,results/tables/gradient_diagnostics/resource_benchmarks/diagnostics/pendigits__pendigits__dyn__symmetric-hamiltonian__L32__lr0.01__bs32__seed0__init__pendigits__pendigits__dyn__symmetric-hamiltonian__L32__lr0.01__bs32__seed0__init.json,1,1,"{""complete"": 1}",48,4339982336,4138.9296875,144.7161880213874,116.7766864628911,107.030413,19.786777,126.81719,4432035840,4226.71875,True,48,100.0,4.708333333333333,72613.0,72604.0,2026-05-28T20:19:14.387752+00:00,2026-05-28T20:20:54.622124+00:00,results/tables/gradient_diagnostics/resource_benchmarks/manifests/pendigits__pendigits__dyn__symmetric-hamiltonian__L32__lr0.01__bs32__seed0__init__pendigits__pendigits__dyn__symmetric-hamiltonian__L32__lr0.01__bs32__seed0__init.json,results/tables/gradient_diagnostics/resource_benchmarks/resource_samples/pendigits__pendigits__dyn__symmetric-hamiltonian__L32__lr0.01__bs32__seed0__init__pendigits__pendigits__dyn__symmetric-hamiltonian__L32__lr0.01__bs32__seed0__init.jsonl,"["".venv/bin/python3"", ""scripts/gradient_diagnostics.py"", ""--manifest"", ""results/tables/gradient_diagnostics/resource_benchmarks/manifests/pendigits__pendigits__dyn__symmetric-hamiltonian__L32__lr0.01__bs32__seed0__init__pendigits__pendigits__dyn__symmetric-hamiltonian__L32__lr0.01__bs32__seed0__init.json"", ""--mode"", ""init"", ""--runs-root"", ""results/runs"", ""--diagnostic-batch-size"", ""32"", ""--diagnostic-seed"", ""0"", ""--near-zero-tol"", ""1e-10"", ""--n-init-seeds"", ""20"", ""--fisher-batch-size"", ""32"", ""--output"", ""results/tables/gradient_diagnostics/resource_benchmarks/diagnostics/pendigits__pendigits__dyn__symmetric-hamiltonian__L32__lr0.01__bs32__seed0__init__pendigits__pendigits__dyn__symmetric-hamiltonian__L32__lr0.01__bs32__seed0__init.json""]",results/tables/gradient_diagnostics/resource_benchmarks/pendigits__pendigits__dyn__symmetric-hamiltonian__L32__lr0.01__bs32__seed0__init_runs.csv
complete,pendigits,configs/experiments/pendigits.json,pendigits__pendigits__dyn__symmetric-hamiltonian__L8__lr0.01__bs32__seed0__checkpoints,checkpoints,pendigits__dyn__symmetric-hamiltonian__L8__lr0.01__bs32__seed0,pendigits,dyn,symmetric-hamiltonian,8,0,0.01,32,0,37.328244898002595,results/tables/gradient_diagnostics/resource_benchmarks/diagnostics/pendigits__pendigits__dyn__symmetric-hamiltonian__L8__lr0.01__bs32__seed0__checkpoints__pendigits__pendigits__dyn__symmetric-hamiltonian__L8__lr0.01__bs32__seed0__checkpoints.json,8,8,"{""complete"": 8}",18,4093267968,3903.64453125,140.2193708511979,99.69712237691765,34.872336,7.3132280000000005,42.185564,4157947904,3965.328125,True,18,5.0,1.5,72609.0,72600.0,2026-05-28T22:38:37.113777+00:00,2026-05-28T22:39:14.442033+00:00,results/tables/gradient_diagnostics/resource_benchmarks/manifests/pendigits__pendigits__dyn__symmetric-hamiltonian__L8__lr0.01__bs32__seed0__checkpoints__pendigits__pendigits__dyn__symmetric-hamiltonian__L8__lr0.01__bs32__seed0__checkpoints.json,results/tables/gradient_diagnostics/resource_benchmarks/resource_samples/pendigits__pendigits__dyn__symmetric-hamiltonian__L8__lr0.01__bs32__seed0__checkpoints__pendigits__pendigits__dyn__symmetric-hamiltonian__L8__lr0.01__bs32__seed0__checkpoints.jsonl,"["".venv/bin/python3"", ""scripts/gradient_diagnostics.py"", ""--manifest"", ""results/tables/gradient_diagnostics/resource_benchmarks/manifests/pendigits__pendigits__dyn__symmetric-hamiltonian__L8__lr0.01__bs32__seed0__checkpoints__pendigits__pendigits__dyn__symmetric-hamiltonian__L8__lr0.01__bs32__seed0__checkpoints.json"", ""--mode"", ""checkpoints"", ""--runs-root"", ""results/runs"", ""--diagnostic-batch-size"", ""32"", ""--diagnostic-seed"", ""0"", ""--near-zero-tol"", ""1e-10"", ""--n-init-seeds"", ""20"", ""--fisher-batch-size"", ""32"", ""--output"", ""results/tables/gradient_diagnostics/resource_benchmarks/diagnostics/pendigits__pendigits__dyn__symmetric-hamiltonian__L8__lr0.01__bs32__seed0__checkpoints__pendigits__pendigits__dyn__symmetric-hamiltonian__L8__lr0.01__bs32__seed0__checkpoints.json""]",results/tables/gradient_diagnostics/resource_benchmarks/pendigits__pendigits__dyn__symmetric-hamiltonian__L8__lr0.01__bs32__seed0__checkpoints_runs.csv
complete,pendigits,configs/experiments/pendigits.json,pendigits__pendigits__dyn__symmetric-hamiltonian__L8__lr0.01__bs32__seed0__final,final,pendigits__dyn__symmetric-hamiltonian__L8__lr0.01__bs32__seed0,pendigits,dyn,symmetric-hamiltonian,8,0,0.01,32,0,24.71227389399428,results/tables/gradient_diagnostics/resource_benchmarks/diagnostics/pendigits__pendigits__dyn__symmetric-hamiltonian__L8__lr0.01__bs32__seed0__final__pendigits__pendigits__dyn__symmetric-hamiltonian__L8__lr0.01__bs32__seed0__final.json,1,1,"{""complete"": 1}",12,4076052480,3887.2265625,114.19475997154886,86.02834554799752,21.491502999999998,4.8872469999999995,26.378749999999997,4161445888,3968.6640625,True,12,83.0,7.0,72609.0,72600.0,2026-05-28T23:11:10.394596+00:00,2026-05-28T23:11:35.106876+00:00,results/tables/gradient_diagnostics/resource_benchmarks/manifests/pendigits__pendigits__dyn__symmetric-hamiltonian__L8__lr0.01__bs32__seed0__final__pendigits__pendigits__dyn__symmetric-hamiltonian__L8__lr0.01__bs32__seed0__final.json,results/tables/gradient_diagnostics/resource_benchmarks/resource_samples/pendigits__pendigits__dyn__symmetric-hamiltonian__L8__lr0.01__bs32__seed0__final__pendigits__pendigits__dyn__symmetric-hamiltonian__L8__lr0.01__bs32__seed0__final.jsonl,"["".venv/bin/python3"", ""scripts/gradient_diagnostics.py"", ""--manifest"", ""results/tables/gradient_diagnostics/resource_benchmarks/manifests/pendigits__pendigits__dyn__symmetric-hamiltonian__L8__lr0.01__bs32__seed0__final__pendigits__pendigits__dyn__symmetric-hamiltonian__L8__lr0.01__bs32__seed0__final.json"", ""--mode"", ""final"", ""--runs-root"", ""results/runs"", ""--diagnostic-batch-size"", ""32"", ""--diagnostic-seed"", ""0"", ""--near-zero-tol"", ""1e-10"", ""--n-init-seeds"", ""20"", ""--fisher-batch-size"", ""32"", ""--output"", ""results/tables/gradient_diagnostics/resource_benchmarks/diagnostics/pendigits__pendigits__dyn__symmetric-hamiltonian__L8__lr0.01__bs32__seed0__final__pendigits__pendigits__dyn__symmetric-hamiltonian__L8__lr0.01__bs32__seed0__final.json""]",results/tables/gradient_diagnostics/resource_benchmarks/pendigits__pendigits__dyn__symmetric-hamiltonian__L8__lr0.01__bs32__seed0__final_runs.csv
complete,pendigits,configs/experiments/pendigits.json,pendigits__pendigits__dyn__symmetric-hamiltonian__L8__lr0.01__bs32__seed0__init,init,pendigits__dyn__symmetric-hamiltonian__L8__lr0.01__bs32__seed0,pendigits,dyn,symmetric-hamiltonian,8,0,0.01,32,0,47.016589010017924,results/tables/gradient_diagnostics/resource_benchmarks/diagnostics/pendigits__pendigits__dyn__symmetric-hamiltonian__L8__lr0.01__bs32__seed0__init__pendigits__pendigits__dyn__symmetric-hamiltonian__L8__lr0.01__bs32__seed0__init.json,1,1,"{""complete"": 1}",23,4245254144,4048.58984375,142.45442758525547,98.32563356778124,45.57667,9.155111,54.731781,4271882240,4073.984375,True,23,99.0,6.0,72613.0,72604.0,2026-05-28T22:12:40.976417+00:00,2026-05-28T22:13:27.993019+00:00,results/tables/gradient_diagnostics/resource_benchmarks/manifests/pendigits__pendigits__dyn__symmetric-hamiltonian__L8__lr0.01__bs32__seed0__init__pendigits__pendigits__dyn__symmetric-hamiltonian__L8__lr0.01__bs32__seed0__init.json,results/tables/gradient_diagnostics/resource_benchmarks/resource_samples/pendigits__pendigits__dyn__symmetric-hamiltonian__L8__lr0.01__bs32__seed0__init__pendigits__pendigits__dyn__symmetric-hamiltonian__L8__lr0.01__bs32__seed0__init.jsonl,"["".venv/bin/python3"", ""scripts/gradient_diagnostics.py"", ""--manifest"", ""results/tables/gradient_diagnostics/resource_benchmarks/manifests/pendigits__pendigits__dyn__symmetric-hamiltonian__L8__lr0.01__bs32__seed0__init__pendigits__pendigits__dyn__symmetric-hamiltonian__L8__lr0.01__bs32__seed0__init.json"", ""--mode"", ""init"", ""--runs-root"", ""results/runs"", ""--diagnostic-batch-size"", ""32"", ""--diagnostic-seed"", ""0"", ""--near-zero-tol"", ""1e-10"", ""--n-init-seeds"", ""20"", ""--fisher-batch-size"", ""32"", ""--output"", ""results/tables/gradient_diagnostics/resource_benchmarks/diagnostics/pendigits__pendigits__dyn__symmetric-hamiltonian__L8__lr0.01__bs32__seed0__init__pendigits__pendigits__dyn__symmetric-hamiltonian__L8__lr0.01__bs32__seed0__init.json""]",results/tables/gradient_diagnostics/resource_benchmarks/pendigits__pendigits__dyn__symmetric-hamiltonian__L8__lr0.01__bs32__seed0__init_runs.csv
complete,pendigits,configs/experiments/pendigits.json,pendigits__pendigits__dyn__trainable-frequency-ry__L1__lr0.01__bs32__seed0__checkpoints,checkpoints,pendigits__dyn__trainable-frequency-ry__L1__lr0.01__bs32__seed0,pendigits,dyn,trainable-frequency-ry,1,0,0.01,32,0,53.028549451963045,results/tables/gradient_diagnostics/resource_benchmarks/diagnostics/pendigits__pendigits__dyn__trainable-frequency-ry__L1__lr0.01__bs32__seed0__checkpoints__pendigits__pendigits__dyn__trainable-frequency-ry__L1__lr0.01__bs32__seed0__checkpoints.json,8,8,"{""complete"": 8}",26,4520493056,4311.078125,130.59668330680714,95.36965248477121,51.961056,9.728646,61.689702,4521930752,4312.44921875,True,26,100.0,5.576923076923077,72611.0,72602.0,2026-05-28T21:18:01.650601+00:00,2026-05-28T21:18:54.679161+00:00,results/tables/gradient_diagnostics/resource_benchmarks/manifests/pendigits__pendigits__dyn__trainable-frequency-ry__L1__lr0.01__bs32__seed0__checkpoints__pendigits__pendigits__dyn__trainable-frequency-ry__L1__lr0.01__bs32__seed0__checkpoints.json,results/tables/gradient_diagnostics/resource_benchmarks/resource_samples/pendigits__pendigits__dyn__trainable-frequency-ry__L1__lr0.01__bs32__seed0__checkpoints__pendigits__pendigits__dyn__trainable-frequency-ry__L1__lr0.01__bs32__seed0__checkpoints.jsonl,"["".venv/bin/python3"", ""scripts/gradient_diagnostics.py"", ""--manifest"", ""results/tables/gradient_diagnostics/resource_benchmarks/manifests/pendigits__pendigits__dyn__trainable-frequency-ry__L1__lr0.01__bs32__seed0__checkpoints__pendigits__pendigits__dyn__trainable-frequency-ry__L1__lr0.01__bs32__seed0__checkpoints.json"", ""--mode"", ""checkpoints"", ""--runs-root"", ""results/runs"", ""--diagnostic-batch-size"", ""32"", ""--diagnostic-seed"", ""0"", ""--near-zero-tol"", ""1e-10"", ""--n-init-seeds"", ""20"", ""--fisher-batch-size"", ""32"", ""--output"", ""results/tables/gradient_diagnostics/resource_benchmarks/diagnostics/pendigits__pendigits__dyn__trainable-frequency-ry__L1__lr0.01__bs32__seed0__checkpoints__pendigits__pendigits__dyn__trainable-frequency-ry__L1__lr0.01__bs32__seed0__checkpoints.json""]",results/tables/gradient_diagnostics/resource_benchmarks/pendigits__pendigits__dyn__trainable-frequency-ry__L1__lr0.01__bs32__seed0__checkpoints_runs.csv
complete,pendigits,configs/experiments/pendigits.json,pendigits__pendigits__dyn__trainable-frequency-ry__L1__lr0.01__bs32__seed0__final,final,pendigits__dyn__trainable-frequency-ry__L1__lr0.01__bs32__seed0,pendigits,dyn,trainable-frequency-ry,1,0,0.01,32,0,40.29792876995634,results/tables/gradient_diagnostics/resource_benchmarks/diagnostics/pendigits__pendigits__dyn__trainable-frequency-ry__L1__lr0.01__bs32__seed0__final__pendigits__pendigits__dyn__trainable-frequency-ry__L1__lr0.01__bs32__seed0__final.json,1,1,"{""complete"": 1}",20,4449148928,4243.0390625,133.43647619637468,90.27496321466771,39.730854,7.752821,47.483675,4555452416,4344.41796875,True,20,100.0,5.35,72611.0,72602.0,2026-05-28T21:28:47.121105+00:00,2026-05-28T21:29:27.419045+00:00,results/tables/gradient_diagnostics/resource_benchmarks/manifests/pendigits__pendigits__dyn__trainable-frequency-ry__L1__lr0.01__bs32__seed0__final__pendigits__pendigits__dyn__trainable-frequency-ry__L1__lr0.01__bs32__seed0__final.json,results/tables/gradient_diagnostics/resource_benchmarks/resource_samples/pendigits__pendigits__dyn__trainable-frequency-ry__L1__lr0.01__bs32__seed0__final__pendigits__pendigits__dyn__trainable-frequency-ry__L1__lr0.01__bs32__seed0__final.jsonl,"["".venv/bin/python3"", ""scripts/gradient_diagnostics.py"", ""--manifest"", ""results/tables/gradient_diagnostics/resource_benchmarks/manifests/pendigits__pendigits__dyn__trainable-frequency-ry__L1__lr0.01__bs32__seed0__final__pendigits__pendigits__dyn__trainable-frequency-ry__L1__lr0.01__bs32__seed0__final.json"", ""--mode"", ""final"", ""--runs-root"", ""results/runs"", ""--diagnostic-batch-size"", ""32"", ""--diagnostic-seed"", ""0"", ""--near-zero-tol"", ""1e-10"", ""--n-init-seeds"", ""20"", ""--fisher-batch-size"", ""32"", ""--output"", ""results/tables/gradient_diagnostics/resource_benchmarks/diagnostics/pendigits__pendigits__dyn__trainable-frequency-ry__L1__lr0.01__bs32__seed0__final__pendigits__pendigits__dyn__trainable-frequency-ry__L1__lr0.01__bs32__seed0__final.json""]",results/tables/gradient_diagnostics/resource_benchmarks/pendigits__pendigits__dyn__trainable-frequency-ry__L1__lr0.01__bs32__seed0__final_runs.csv
complete,pendigits,configs/experiments/pendigits.json,pendigits__pendigits__dyn__trainable-frequency-ry__L1__lr0.01__bs32__seed0__init,init,pendigits__dyn__trainable-frequency-ry__L1__lr0.01__bs32__seed0,pendigits,dyn,trainable-frequency-ry,1,0,0.01,32,0,61.86904850194696,results/tables/gradient_diagnostics/resource_benchmarks/diagnostics/pendigits__pendigits__dyn__trainable-frequency-ry__L1__lr0.01__bs32__seed0__init__pendigits__pendigits__dyn__trainable-frequency-ry__L1__lr0.01__bs32__seed0__init.json,1,1,"{""complete"": 1}",30,4642746368,4427.66796875,132.55205693866066,97.4111612863361,62.62343200000001,11.369945,73.99337700000001,4656340992,4440.6328125,True,30,100.0,5.166666666666667,72613.0,72604.0,2026-05-28T21:12:30.911610+00:00,2026-05-28T21:13:32.780672+00:00,results/tables/gradient_diagnostics/resource_benchmarks/manifests/pendigits__pendigits__dyn__trainable-frequency-ry__L1__lr0.01__bs32__seed0__init__pendigits__pendigits__dyn__trainable-frequency-ry__L1__lr0.01__bs32__seed0__init.json,results/tables/gradient_diagnostics/resource_benchmarks/resource_samples/pendigits__pendigits__dyn__trainable-frequency-ry__L1__lr0.01__bs32__seed0__init__pendigits__pendigits__dyn__trainable-frequency-ry__L1__lr0.01__bs32__seed0__init.jsonl,"["".venv/bin/python3"", ""scripts/gradient_diagnostics.py"", ""--manifest"", ""results/tables/gradient_diagnostics/resource_benchmarks/manifests/pendigits__pendigits__dyn__trainable-frequency-ry__L1__lr0.01__bs32__seed0__init__pendigits__pendigits__dyn__trainable-frequency-ry__L1__lr0.01__bs32__seed0__init.json"", ""--mode"", ""init"", ""--runs-root"", ""results/runs"", ""--diagnostic-batch-size"", ""32"", ""--diagnostic-seed"", ""0"", ""--near-zero-tol"", ""1e-10"", ""--n-init-seeds"", ""20"", ""--fisher-batch-size"", ""32"", ""--output"", ""results/tables/gradient_diagnostics/resource_benchmarks/diagnostics/pendigits__pendigits__dyn__trainable-frequency-ry__L1__lr0.01__bs32__seed0__init__pendigits__pendigits__dyn__trainable-frequency-ry__L1__lr0.01__bs32__seed0__init.json""]",results/tables/gradient_diagnostics/resource_benchmarks/pendigits__pendigits__dyn__trainable-frequency-ry__L1__lr0.01__bs32__seed0__init_runs.csv
complete,pendigits,configs/experiments/pendigits.json,pendigits__pendigits__dyn__trainable-frequency-ry__L32__lr0.01__bs32__seed0__checkpoints,checkpoints,pendigits__dyn__trainable-frequency-ry__L32__lr0.01__bs32__seed0,pendigits,dyn,trainable-frequency-ry,32,0,0.01,32,0,452.6556019700365,results/tables/gradient_diagnostics/resource_benchmarks/diagnostics/pendigits__pendigits__dyn__trainable-frequency-ry__L32__lr0.01__bs32__seed0__checkpoints__pendigits__pendigits__dyn__trainable-frequency-ry__L32__lr0.01__bs32__seed0__checkpoints.json,8,8,"{""complete"": 8}",215,4766543872,4545.73046875,137.9495055591431,120.84290769554187,490.151522,74.751068,564.90259,4829933568,4606.18359375,True,215,57.0,6.232558139534884,72611.0,72602.0,2026-05-28T15:17:09.267182+00:00,2026-05-28T15:24:41.922796+00:00,results/tables/gradient_diagnostics/resource_benchmarks/manifests/pendigits__pendigits__dyn__trainable-frequency-ry__L32__lr0.01__bs32__seed0__checkpoints__pendigits__pendigits__dyn__trainable-frequency-ry__L32__lr0.01__bs32__seed0__checkpoints.json,results/tables/gradient_diagnostics/resource_benchmarks/resource_samples/pendigits__pendigits__dyn__trainable-frequency-ry__L32__lr0.01__bs32__seed0__checkpoints__pendigits__pendigits__dyn__trainable-frequency-ry__L32__lr0.01__bs32__seed0__checkpoints.jsonl,"["".venv/bin/python3"", ""scripts/gradient_diagnostics.py"", ""--manifest"", ""results/tables/gradient_diagnostics/resource_benchmarks/manifests/pendigits__pendigits__dyn__trainable-frequency-ry__L32__lr0.01__bs32__seed0__checkpoints__pendigits__pendigits__dyn__trainable-frequency-ry__L32__lr0.01__bs32__seed0__checkpoints.json"", ""--mode"", ""checkpoints"", ""--runs-root"", ""results/runs"", ""--diagnostic-batch-size"", ""32"", ""--diagnostic-seed"", ""0"", ""--near-zero-tol"", ""1e-10"", ""--n-init-seeds"", ""20"", ""--fisher-batch-size"", ""32"", ""--output"", ""results/tables/gradient_diagnostics/resource_benchmarks/diagnostics/pendigits__pendigits__dyn__trainable-frequency-ry__L32__lr0.01__bs32__seed0__checkpoints__pendigits__pendigits__dyn__trainable-frequency-ry__L32__lr0.01__bs32__seed0__checkpoints.json""]",results/tables/gradient_diagnostics/resource_benchmarks/pendigits__pendigits__dyn__trainable-frequency-ry__L32__lr0.01__bs32__seed0__checkpoints_runs.csv
complete,pendigits,configs/experiments/pendigits.json,pendigits__pendigits__dyn__trainable-frequency-ry__L32__lr0.01__bs32__seed0__final,final,pendigits__dyn__trainable-frequency-ry__L32__lr0.01__bs32__seed0,pendigits,dyn,trainable-frequency-ry,32,0,0.01,32,0,100.58149383403361,results/tables/gradient_diagnostics/resource_benchmarks/diagnostics/pendigits__pendigits__dyn__trainable-frequency-ry__L32__lr0.01__bs32__seed0__final__pendigits__pendigits__dyn__trainable-frequency-ry__L32__lr0.01__bs32__seed0__final.json,1,1,"{""complete"": 1}",48,4768882688,4547.9609375,133.2204443346557,104.09007775848475,101.280748,16.662751,117.943499,4818407424,4595.19140625,True,48,99.0,5.666666666666667,72611.0,72602.0,2026-05-28T19:41:53.887173+00:00,2026-05-28T19:43:34.468679+00:00,results/tables/gradient_diagnostics/resource_benchmarks/manifests/pendigits__pendigits__dyn__trainable-frequency-ry__L32__lr0.01__bs32__seed0__final__pendigits__pendigits__dyn__trainable-frequency-ry__L32__lr0.01__bs32__seed0__final.json,results/tables/gradient_diagnostics/resource_benchmarks/resource_samples/pendigits__pendigits__dyn__trainable-frequency-ry__L32__lr0.01__bs32__seed0__final__pendigits__pendigits__dyn__trainable-frequency-ry__L32__lr0.01__bs32__seed0__final.jsonl,"["".venv/bin/python3"", ""scripts/gradient_diagnostics.py"", ""--manifest"", ""results/tables/gradient_diagnostics/resource_benchmarks/manifests/pendigits__pendigits__dyn__trainable-frequency-ry__L32__lr0.01__bs32__seed0__final__pendigits__pendigits__dyn__trainable-frequency-ry__L32__lr0.01__bs32__seed0__final.json"", ""--mode"", ""final"", ""--runs-root"", ""results/runs"", ""--diagnostic-batch-size"", ""32"", ""--diagnostic-seed"", ""0"", ""--near-zero-tol"", ""1e-10"", ""--n-init-seeds"", ""20"", ""--fisher-batch-size"", ""32"", ""--output"", ""results/tables/gradient_diagnostics/resource_benchmarks/diagnostics/pendigits__pendigits__dyn__trainable-frequency-ry__L32__lr0.01__bs32__seed0__final__pendigits__pendigits__dyn__trainable-frequency-ry__L32__lr0.01__bs32__seed0__final.json""]",results/tables/gradient_diagnostics/resource_benchmarks/pendigits__pendigits__dyn__trainable-frequency-ry__L32__lr0.01__bs32__seed0__final_runs.csv
complete,pendigits,configs/experiments/pendigits.json,pendigits__pendigits__dyn__trainable-frequency-ry__L32__lr0.01__bs32__seed0__init,init,pendigits__dyn__trainable-frequency-ry__L32__lr0.01__bs32__seed0,pendigits,dyn,trainable-frequency-ry,32,0,0.01,32,0,551.1837854610058,results/tables/gradient_diagnostics/resource_benchmarks/diagnostics/pendigits__pendigits__dyn__trainable-frequency-ry__L32__lr0.01__bs32__seed0__init__pendigits__pendigits__dyn__trainable-frequency-ry__L32__lr0.01__bs32__seed0__init.json,1,1,"{""complete"": 1}",262,4847894528,4623.3125,140.79754988383212,120.75879941081855,594.254223,94.586578,688.840801,4847906816,4623.32421875,True,262,25.0,6.240458015267175,72615.0,72606.0,2026-05-28T14:42:19.035231+00:00,2026-05-28T14:51:30.219028+00:00,results/tables/gradient_diagnostics/resource_benchmarks/manifests/pendigits__pendigits__dyn__trainable-frequency-ry__L32__lr0.01__bs32__seed0__init__pendigits__pendigits__dyn__trainable-frequency-ry__L32__lr0.01__bs32__seed0__init.json,results/tables/gradient_diagnostics/resource_benchmarks/resource_samples/pendigits__pendigits__dyn__trainable-frequency-ry__L32__lr0.01__bs32__seed0__init__pendigits__pendigits__dyn__trainable-frequency-ry__L32__lr0.01__bs32__seed0__init.jsonl,"["".venv/bin/python3"", ""scripts/gradient_diagnostics.py"", ""--manifest"", ""results/tables/gradient_diagnostics/resource_benchmarks/manifests/pendigits__pendigits__dyn__trainable-frequency-ry__L32__lr0.01__bs32__seed0__init__pendigits__pendigits__dyn__trainable-frequency-ry__L32__lr0.01__bs32__seed0__init.json"", ""--mode"", ""init"", ""--runs-root"", ""results/runs"", ""--diagnostic-batch-size"", ""32"", ""--diagnostic-seed"", ""0"", ""--near-zero-tol"", ""1e-10"", ""--n-init-seeds"", ""20"", ""--fisher-batch-size"", ""32"", ""--output"", ""results/tables/gradient_diagnostics/resource_benchmarks/diagnostics/pendigits__pendigits__dyn__trainable-frequency-ry__L32__lr0.01__bs32__seed0__init__pendigits__pendigits__dyn__trainable-frequency-ry__L32__lr0.01__bs32__seed0__init.json""]",results/tables/gradient_diagnostics/resource_benchmarks/pendigits__pendigits__dyn__trainable-frequency-ry__L32__lr0.01__bs32__seed0__init_runs.csv
complete,pendigits,configs/experiments/pendigits.json,pendigits__pendigits__dyn__trainable-frequency-ry__L8__lr0.01__bs32__seed0__checkpoints,checkpoints,pendigits__dyn__trainable-frequency-ry__L8__lr0.01__bs32__seed0,pendigits,dyn,trainable-frequency-ry,8,0,0.01,32,0,141.62732344400138,results/tables/gradient_diagnostics/resource_benchmarks/diagnostics/pendigits__pendigits__dyn__trainable-frequency-ry__L8__lr0.01__bs32__seed0__checkpoints__pendigits__pendigits__dyn__trainable-frequency-ry__L8__lr0.01__bs32__seed0__checkpoints.json,8,8,"{""complete"": 8}",68,4544274432,4333.7578125,132.67813976781503,114.55424672612631,150.982855,24.165141000000002,175.147996,4621008896,4406.9375,True,68,100.0,5.014705882352941,72611.0,72602.0,2026-05-28T19:07:12.784249+00:00,2026-05-28T19:09:34.411578+00:00,results/tables/gradient_diagnostics/resource_benchmarks/manifests/pendigits__pendigits__dyn__trainable-frequency-ry__L8__lr0.01__bs32__seed0__checkpoints__pendigits__pendigits__dyn__trainable-frequency-ry__L8__lr0.01__bs32__seed0__checkpoints.json,results/tables/gradient_diagnostics/resource_benchmarks/resource_samples/pendigits__pendigits__dyn__trainable-frequency-ry__L8__lr0.01__bs32__seed0__checkpoints__pendigits__pendigits__dyn__trainable-frequency-ry__L8__lr0.01__bs32__seed0__checkpoints.jsonl,"["".venv/bin/python3"", ""scripts/gradient_diagnostics.py"", ""--manifest"", ""results/tables/gradient_diagnostics/resource_benchmarks/manifests/pendigits__pendigits__dyn__trainable-frequency-ry__L8__lr0.01__bs32__seed0__checkpoints__pendigits__pendigits__dyn__trainable-frequency-ry__L8__lr0.01__bs32__seed0__checkpoints.json"", ""--mode"", ""checkpoints"", ""--runs-root"", ""results/runs"", ""--diagnostic-batch-size"", ""32"", ""--diagnostic-seed"", ""0"", ""--near-zero-tol"", ""1e-10"", ""--n-init-seeds"", ""20"", ""--fisher-batch-size"", ""32"", ""--output"", ""results/tables/gradient_diagnostics/resource_benchmarks/diagnostics/pendigits__pendigits__dyn__trainable-frequency-ry__L8__lr0.01__bs32__seed0__checkpoints__pendigits__pendigits__dyn__trainable-frequency-ry__L8__lr0.01__bs32__seed0__checkpoints.json""]",results/tables/gradient_diagnostics/resource_benchmarks/pendigits__pendigits__dyn__trainable-frequency-ry__L8__lr0.01__bs32__seed0__checkpoints_runs.csv
complete,pendigits,configs/experiments/pendigits.json,pendigits__pendigits__dyn__trainable-frequency-ry__L8__lr0.01__bs32__seed0__final,final,pendigits__dyn__trainable-frequency-ry__L8__lr0.01__bs32__seed0,pendigits,dyn,trainable-frequency-ry,8,0,0.01,32,0,52.82614780799486,results/tables/gradient_diagnostics/resource_benchmarks/diagnostics/pendigits__pendigits__dyn__trainable-frequency-ry__L8__lr0.01__bs32__seed0__final__pendigits__pendigits__dyn__trainable-frequency-ry__L8__lr0.01__bs32__seed0__final.json,1,1,"{""complete"": 1}",26,4541751296,4331.3515625,130.39812261799185,98.53159044751834,54.46351,9.698296,64.161806,4574924800,4362.98828125,True,26,100.0,6.076923076923077,72611.0,72602.0,2026-05-28T21:02:01.054225+00:00,2026-05-28T21:02:53.880384+00:00,results/tables/gradient_diagnostics/resource_benchmarks/manifests/pendigits__pendigits__dyn__trainable-frequency-ry__L8__lr0.01__bs32__seed0__final__pendigits__pendigits__dyn__trainable-frequency-ry__L8__lr0.01__bs32__seed0__final.json,results/tables/gradient_diagnostics/resource_benchmarks/resource_samples/pendigits__pendigits__dyn__trainable-frequency-ry__L8__lr0.01__bs32__seed0__final__pendigits__pendigits__dyn__trainable-frequency-ry__L8__lr0.01__bs32__seed0__final.jsonl,"["".venv/bin/python3"", ""scripts/gradient_diagnostics.py"", ""--manifest"", ""results/tables/gradient_diagnostics/resource_benchmarks/manifests/pendigits__pendigits__dyn__trainable-frequency-ry__L8__lr0.01__bs32__seed0__final__pendigits__pendigits__dyn__trainable-frequency-ry__L8__lr0.01__bs32__seed0__final.json"", ""--mode"", ""final"", ""--runs-root"", ""results/runs"", ""--diagnostic-batch-size"", ""32"", ""--diagnostic-seed"", ""0"", ""--near-zero-tol"", ""1e-10"", ""--n-init-seeds"", ""20"", ""--fisher-batch-size"", ""32"", ""--output"", ""results/tables/gradient_diagnostics/resource_benchmarks/diagnostics/pendigits__pendigits__dyn__trainable-frequency-ry__L8__lr0.01__bs32__seed0__final__pendigits__pendigits__dyn__trainable-frequency-ry__L8__lr0.01__bs32__seed0__final.json""]",results/tables/gradient_diagnostics/resource_benchmarks/pendigits__pendigits__dyn__trainable-frequency-ry__L8__lr0.01__bs32__seed0__final_runs.csv
complete,pendigits,configs/experiments/pendigits.json,pendigits__pendigits__dyn__trainable-frequency-ry__L8__lr0.01__bs32__seed0__init,init,pendigits__dyn__trainable-frequency-ry__L8__lr0.01__bs32__seed0,pendigits,dyn,trainable-frequency-ry,8,0,0.01,32,0,168.98199358501006,results/tables/gradient_diagnostics/resource_benchmarks/diagnostics/pendigits__pendigits__dyn__trainable-frequency-ry__L8__lr0.01__bs32__seed0__init__pendigits__pendigits__dyn__trainable-frequency-ry__L8__lr0.01__bs32__seed0__init.json,1,1,"{""complete"": 1}",81,4658036736,4442.25,134.9548694688248,116.97089003949311,184.875517,30.078916,214.954433,4690259968,4472.98046875,True,81,25.0,4.925925925925926,72615.0,72606.0,2026-05-28T18:43:56.105703+00:00,2026-05-28T18:46:45.087704+00:00,results/tables/gradient_diagnostics/resource_benchmarks/manifests/pendigits__pendigits__dyn__trainable-frequency-ry__L8__lr0.01__bs32__seed0__init__pendigits__pendigits__dyn__trainable-frequency-ry__L8__lr0.01__bs32__seed0__init.json,results/tables/gradient_diagnostics/resource_benchmarks/resource_samples/pendigits__pendigits__dyn__trainable-frequency-ry__L8__lr0.01__bs32__seed0__init__pendigits__pendigits__dyn__trainable-frequency-ry__L8__lr0.01__bs32__seed0__init.jsonl,"["".venv/bin/python3"", ""scripts/gradient_diagnostics.py"", ""--manifest"", ""results/tables/gradient_diagnostics/resource_benchmarks/manifests/pendigits__pendigits__dyn__trainable-frequency-ry__L8__lr0.01__bs32__seed0__init__pendigits__pendigits__dyn__trainable-frequency-ry__L8__lr0.01__bs32__seed0__init.json"", ""--mode"", ""init"", ""--runs-root"", ""results/runs"", ""--diagnostic-batch-size"", ""32"", ""--diagnostic-seed"", ""0"", ""--near-zero-tol"", ""1e-10"", ""--n-init-seeds"", ""20"", ""--fisher-batch-size"", ""32"", ""--output"", ""results/tables/gradient_diagnostics/resource_benchmarks/diagnostics/pendigits__pendigits__dyn__trainable-frequency-ry__L8__lr0.01__bs32__seed0__init__pendigits__pendigits__dyn__trainable-frequency-ry__L8__lr0.01__bs32__seed0__init.json""]",results/tables/gradient_diagnostics/resource_benchmarks/pendigits__pendigits__dyn__trainable-frequency-ry__L8__lr0.01__bs32__seed0__init_runs.csv
complete,pendigits,configs/experiments/pendigits.json,pendigits__pendigits__dyn__trainable-patch-su4__L1__lr0.01__bs32__seed0__checkpoints,checkpoints,pendigits__dyn__trainable-patch-su4__L1__lr0.01__bs32__seed0,pendigits,dyn,trainable-patch-su4,1,0,0.01,32,0,30.935634474968538,results/tables/gradient_diagnostics/resource_benchmarks/diagnostics/pendigits__pendigits__dyn__trainable-patch-su4__L1__lr0.01__bs32__seed0__checkpoints__pendigits__pendigits__dyn__trainable-patch-su4__L1__lr0.01__bs32__seed0__checkpoints.json,8,8,"{""complete"": 8}",15,4100755456,3910.78515625,139.53358112739807,93.87441013172209,28.528798000000002,5.878906000000001,34.407704,4206137344,4011.28515625,True,15,100.0,7.4,72611.0,72602.0,2026-05-28T22:54:11.900881+00:00,2026-05-28T22:54:42.836526+00:00,results/tables/gradient_diagnostics/resource_benchmarks/manifests/pendigits__pendigits__dyn__trainable-patch-su4__L1__lr0.01__bs32__seed0__checkpoints__pendigits__pendigits__dyn__trainable-patch-su4__L1__lr0.01__bs32__seed0__checkpoints.json,results/tables/gradient_diagnostics/resource_benchmarks/resource_samples/pendigits__pendigits__dyn__trainable-patch-su4__L1__lr0.01__bs32__seed0__checkpoints__pendigits__pendigits__dyn__trainable-patch-su4__L1__lr0.01__bs32__seed0__checkpoints.jsonl,"["".venv/bin/python3"", ""scripts/gradient_diagnostics.py"", ""--manifest"", ""results/tables/gradient_diagnostics/resource_benchmarks/manifests/pendigits__pendigits__dyn__trainable-patch-su4__L1__lr0.01__bs32__seed0__checkpoints__pendigits__pendigits__dyn__trainable-patch-su4__L1__lr0.01__bs32__seed0__checkpoints.json"", ""--mode"", ""checkpoints"", ""--runs-root"", ""results/runs"", ""--diagnostic-batch-size"", ""32"", ""--diagnostic-seed"", ""0"", ""--near-zero-tol"", ""1e-10"", ""--n-init-seeds"", ""20"", ""--fisher-batch-size"", ""32"", ""--output"", ""results/tables/gradient_diagnostics/resource_benchmarks/diagnostics/pendigits__pendigits__dyn__trainable-patch-su4__L1__lr0.01__bs32__seed0__checkpoints__pendigits__pendigits__dyn__trainable-patch-su4__L1__lr0.01__bs32__seed0__checkpoints.json""]",results/tables/gradient_diagnostics/resource_benchmarks/pendigits__pendigits__dyn__trainable-patch-su4__L1__lr0.01__bs32__seed0__checkpoints_runs.csv
complete,pendigits,configs/experiments/pendigits.json,pendigits__pendigits__dyn__trainable-patch-su4__L1__lr0.01__bs32__seed0__final,final,pendigits__dyn__trainable-patch-su4__L1__lr0.01__bs32__seed0,pendigits,dyn,trainable-patch-su4,1,0,0.01,32,0,26.44336519401986,results/tables/gradient_diagnostics/resource_benchmarks/diagnostics/pendigits__pendigits__dyn__trainable-patch-su4__L1__lr0.01__bs32__seed0__final__pendigits__pendigits__dyn__trainable-patch-su4__L1__lr0.01__bs32__seed0__final.json,1,1,"{""complete"": 1}",13,4080787456,3891.7421875,110.86598809753609,83.41966205448641,22.530754,5.171292,27.702046000000003,4171960320,3978.69140625,True,13,40.0,3.3076923076923075,72611.0,72602.0,2026-05-28T23:06:44.236130+00:00,2026-05-28T23:07:10.679502+00:00,results/tables/gradient_diagnostics/resource_benchmarks/manifests/pendigits__pendigits__dyn__trainable-patch-su4__L1__lr0.01__bs32__seed0__final__pendigits__pendigits__dyn__trainable-patch-su4__L1__lr0.01__bs32__seed0__final.json,results/tables/gradient_diagnostics/resource_benchmarks/resource_samples/pendigits__pendigits__dyn__trainable-patch-su4__L1__lr0.01__bs32__seed0__final__pendigits__pendigits__dyn__trainable-patch-su4__L1__lr0.01__bs32__seed0__final.jsonl,"["".venv/bin/python3"", ""scripts/gradient_diagnostics.py"", ""--manifest"", ""results/tables/gradient_diagnostics/resource_benchmarks/manifests/pendigits__pendigits__dyn__trainable-patch-su4__L1__lr0.01__bs32__seed0__final__pendigits__pendigits__dyn__trainable-patch-su4__L1__lr0.01__bs32__seed0__final.json"", ""--mode"", ""final"", ""--runs-root"", ""results/runs"", ""--diagnostic-batch-size"", ""32"", ""--diagnostic-seed"", ""0"", ""--near-zero-tol"", ""1e-10"", ""--n-init-seeds"", ""20"", ""--fisher-batch-size"", ""32"", ""--output"", ""results/tables/gradient_diagnostics/resource_benchmarks/diagnostics/pendigits__pendigits__dyn__trainable-patch-su4__L1__lr0.01__bs32__seed0__final__pendigits__pendigits__dyn__trainable-patch-su4__L1__lr0.01__bs32__seed0__final.json""]",results/tables/gradient_diagnostics/resource_benchmarks/pendigits__pendigits__dyn__trainable-patch-su4__L1__lr0.01__bs32__seed0__final_runs.csv
complete,pendigits,configs/experiments/pendigits.json,pendigits__pendigits__dyn__trainable-patch-su4__L1__lr0.01__bs32__seed0__init,init,pendigits__dyn__trainable-patch-su4__L1__lr0.01__bs32__seed0,pendigits,dyn,trainable-patch-su4,1,0,0.01,32,0,38.64761365100276,results/tables/gradient_diagnostics/resource_benchmarks/diagnostics/pendigits__pendigits__dyn__trainable-patch-su4__L1__lr0.01__bs32__seed0__init__pendigits__pendigits__dyn__trainable-patch-su4__L1__lr0.01__bs32__seed0__init.json,1,1,"{""complete"": 1}",19,4246626304,4049.8984375,141.47979635381387,96.07227722618347,39.033732,7.352736,46.386468,4333617152,4132.859375,True,19,98.0,5.842105263157895,72611.0,72602.0,2026-05-28T22:26:21.977944+00:00,2026-05-28T22:27:00.625570+00:00,results/tables/gradient_diagnostics/resource_benchmarks/manifests/pendigits__pendigits__dyn__trainable-patch-su4__L1__lr0.01__bs32__seed0__init__pendigits__pendigits__dyn__trainable-patch-su4__L1__lr0.01__bs32__seed0__init.json,results/tables/gradient_diagnostics/resource_benchmarks/resource_samples/pendigits__pendigits__dyn__trainable-patch-su4__L1__lr0.01__bs32__seed0__init__pendigits__pendigits__dyn__trainable-patch-su4__L1__lr0.01__bs32__seed0__init.jsonl,"["".venv/bin/python3"", ""scripts/gradient_diagnostics.py"", ""--manifest"", ""results/tables/gradient_diagnostics/resource_benchmarks/manifests/pendigits__pendigits__dyn__trainable-patch-su4__L1__lr0.01__bs32__seed0__init__pendigits__pendigits__dyn__trainable-patch-su4__L1__lr0.01__bs32__seed0__init.json"", ""--mode"", ""init"", ""--runs-root"", ""results/runs"", ""--diagnostic-batch-size"", ""32"", ""--diagnostic-seed"", ""0"", ""--near-zero-tol"", ""1e-10"", ""--n-init-seeds"", ""20"", ""--fisher-batch-size"", ""32"", ""--output"", ""results/tables/gradient_diagnostics/resource_benchmarks/diagnostics/pendigits__pendigits__dyn__trainable-patch-su4__L1__lr0.01__bs32__seed0__init__pendigits__pendigits__dyn__trainable-patch-su4__L1__lr0.01__bs32__seed0__init.json""]",results/tables/gradient_diagnostics/resource_benchmarks/pendigits__pendigits__dyn__trainable-patch-su4__L1__lr0.01__bs32__seed0__init_runs.csv
complete,pendigits,configs/experiments/pendigits.json,pendigits__pendigits__dyn__trainable-patch-su4__L32__lr0.01__bs32__seed0__checkpoints,checkpoints,pendigits__dyn__trainable-patch-su4__L32__lr0.01__bs32__seed0,pendigits,dyn,trainable-patch-su4,32,0,0.01,32,0,220.54621843306813,results/tables/gradient_diagnostics/resource_benchmarks/diagnostics/pendigits__pendigits__dyn__trainable-patch-su4__L32__lr0.01__bs32__seed0__checkpoints__pendigits__pendigits__dyn__trainable-patch-su4__L32__lr0.01__bs32__seed0__checkpoints.json,8,8,"{""complete_dirty_git"": 8}",105,4668121088,4451.8671875,147.9422806931949,125.62988344998706,244.555982,44.772499,289.328481,4726644736,4507.6796875,True,105,44.0,3.5238095238095237,72613.0,72604.0,2026-05-28T18:09:59.185008+00:00,2026-05-28T18:13:39.731242+00:00,results/tables/gradient_diagnostics/resource_benchmarks/manifests/pendigits__pendigits__dyn__trainable-patch-su4__L32__lr0.01__bs32__seed0__checkpoints__pendigits__pendigits__dyn__trainable-patch-su4__L32__lr0.01__bs32__seed0__checkpoints.json,results/tables/gradient_diagnostics/resource_benchmarks/resource_samples/pendigits__pendigits__dyn__trainable-patch-su4__L32__lr0.01__bs32__seed0__checkpoints__pendigits__pendigits__dyn__trainable-patch-su4__L32__lr0.01__bs32__seed0__checkpoints.jsonl,"["".venv/bin/python3"", ""scripts/gradient_diagnostics.py"", ""--manifest"", ""results/tables/gradient_diagnostics/resource_benchmarks/manifests/pendigits__pendigits__dyn__trainable-patch-su4__L32__lr0.01__bs32__seed0__checkpoints__pendigits__pendigits__dyn__trainable-patch-su4__L32__lr0.01__bs32__seed0__checkpoints.json"", ""--mode"", ""checkpoints"", ""--runs-root"", ""results/runs"", ""--diagnostic-batch-size"", ""32"", ""--diagnostic-seed"", ""0"", ""--near-zero-tol"", ""1e-10"", ""--n-init-seeds"", ""20"", ""--fisher-batch-size"", ""32"", ""--output"", ""results/tables/gradient_diagnostics/resource_benchmarks/diagnostics/pendigits__pendigits__dyn__trainable-patch-su4__L32__lr0.01__bs32__seed0__checkpoints__pendigits__pendigits__dyn__trainable-patch-su4__L32__lr0.01__bs32__seed0__checkpoints.json""]",results/tables/gradient_diagnostics/resource_benchmarks/pendigits__pendigits__dyn__trainable-patch-su4__L32__lr0.01__bs32__seed0__checkpoints_runs.csv
complete,pendigits,configs/experiments/pendigits.json,pendigits__pendigits__dyn__trainable-patch-su4__L32__lr0.01__bs32__seed0__final,final,pendigits__dyn__trainable-patch-su4__L32__lr0.01__bs32__seed0,pendigits,dyn,trainable-patch-su4,32,0,0.01,32,0,64.93980454199482,results/tables/gradient_diagnostics/resource_benchmarks/diagnostics/pendigits__pendigits__dyn__trainable-patch-su4__L32__lr0.01__bs32__seed0__final__pendigits__pendigits__dyn__trainable-patch-su4__L32__lr0.01__bs32__seed0__final.json,1,1,"{""complete_dirty_git"": 1}",31,4642242560,4427.1875,147.76238434333592,97.80790765453403,62.11706300000001,11.87743,73.994493,4733394944,4514.1171875,True,31,61.0,3.225806451612903,72613.0,72604.0,2026-05-28T21:14:53.021694+00:00,2026-05-28T21:15:57.961510+00:00,results/tables/gradient_diagnostics/resource_benchmarks/manifests/pendigits__pendigits__dyn__trainable-patch-su4__L32__lr0.01__bs32__seed0__final__pendigits__pendigits__dyn__trainable-patch-su4__L32__lr0.01__bs32__seed0__final.json,results/tables/gradient_diagnostics/resource_benchmarks/resource_samples/pendigits__pendigits__dyn__trainable-patch-su4__L32__lr0.01__bs32__seed0__final__pendigits__pendigits__dyn__trainable-patch-su4__L32__lr0.01__bs32__seed0__final.jsonl,"["".venv/bin/python3"", ""scripts/gradient_diagnostics.py"", ""--manifest"", ""results/tables/gradient_diagnostics/resource_benchmarks/manifests/pendigits__pendigits__dyn__trainable-patch-su4__L32__lr0.01__bs32__seed0__final__pendigits__pendigits__dyn__trainable-patch-su4__L32__lr0.01__bs32__seed0__final.json"", ""--mode"", ""final"", ""--runs-root"", ""results/runs"", ""--diagnostic-batch-size"", ""32"", ""--diagnostic-seed"", ""0"", ""--near-zero-tol"", ""1e-10"", ""--n-init-seeds"", ""20"", ""--fisher-batch-size"", ""32"", ""--output"", ""results/tables/gradient_diagnostics/resource_benchmarks/diagnostics/pendigits__pendigits__dyn__trainable-patch-su4__L32__lr0.01__bs32__seed0__final__pendigits__pendigits__dyn__trainable-patch-su4__L32__lr0.01__bs32__seed0__final.json""]",results/tables/gradient_diagnostics/resource_benchmarks/pendigits__pendigits__dyn__trainable-patch-su4__L32__lr0.01__bs32__seed0__final_runs.csv
complete,pendigits,configs/experiments/pendigits.json,pendigits__pendigits__dyn__trainable-patch-su4__L32__lr0.01__bs32__seed0__init,init,pendigits__dyn__trainable-patch-su4__L32__lr0.01__bs32__seed0,pendigits,dyn,trainable-patch-su4,32,0,0.01,32,0,266.4024889640277,results/tables/gradient_diagnostics/resource_benchmarks/diagnostics/pendigits__pendigits__dyn__trainable-patch-su4__L32__lr0.01__bs32__seed0__init__pendigits__pendigits__dyn__trainable-patch-su4__L32__lr0.01__bs32__seed0__init.json,1,1,"{""complete"": 1}",127,4770058240,4549.08203125,148.44832694906754,128.93450619178194,300.559476,59.793328,360.352804,4836229120,4612.1875,True,127,100.0,4.228346456692913,72613.0,72604.0,2026-05-28T17:34:17.567888+00:00,2026-05-28T17:38:43.970389+00:00,results/tables/gradient_diagnostics/resource_benchmarks/manifests/pendigits__pendigits__dyn__trainable-patch-su4__L32__lr0.01__bs32__seed0__init__pendigits__pendigits__dyn__trainable-patch-su4__L32__lr0.01__bs32__seed0__init.json,results/tables/gradient_diagnostics/resource_benchmarks/resource_samples/pendigits__pendigits__dyn__trainable-patch-su4__L32__lr0.01__bs32__seed0__init__pendigits__pendigits__dyn__trainable-patch-su4__L32__lr0.01__bs32__seed0__init.jsonl,"["".venv/bin/python3"", ""scripts/gradient_diagnostics.py"", ""--manifest"", ""results/tables/gradient_diagnostics/resource_benchmarks/manifests/pendigits__pendigits__dyn__trainable-patch-su4__L32__lr0.01__bs32__seed0__init__pendigits__pendigits__dyn__trainable-patch-su4__L32__lr0.01__bs32__seed0__init.json"", ""--mode"", ""init"", ""--runs-root"", ""results/runs"", ""--diagnostic-batch-size"", ""32"", ""--diagnostic-seed"", ""0"", ""--near-zero-tol"", ""1e-10"", ""--n-init-seeds"", ""20"", ""--fisher-batch-size"", ""32"", ""--output"", ""results/tables/gradient_diagnostics/resource_benchmarks/diagnostics/pendigits__pendigits__dyn__trainable-patch-su4__L32__lr0.01__bs32__seed0__init__pendigits__pendigits__dyn__trainable-patch-su4__L32__lr0.01__bs32__seed0__init.json""]",results/tables/gradient_diagnostics/resource_benchmarks/pendigits__pendigits__dyn__trainable-patch-su4__L32__lr0.01__bs32__seed0__init_runs.csv
complete,pendigits,configs/experiments/pendigits.json,pendigits__pendigits__dyn__trainable-patch-su4__L8__lr0.01__bs32__seed0__checkpoints,checkpoints,pendigits__dyn__trainable-patch-su4__L8__lr0.01__bs32__seed0,pendigits,dyn,trainable-patch-su4,8,0,0.01,32,0,75.18421522399876,results/tables/gradient_diagnostics/resource_benchmarks/diagnostics/pendigits__pendigits__dyn__trainable-patch-su4__L8__lr0.01__bs32__seed0__checkpoints__pendigits__pendigits__dyn__trainable-patch-su4__L8__lr0.01__bs32__seed0__checkpoints.json,8,8,"{""complete_dirty_git"": 8}",36,4265644032,4068.03515625,144.43735682094533,113.13319990085553,77.26079,14.689982,91.950772,4337197056,4136.2734375,True,36,100.0,5.027777777777778,72611.0,72602.0,2026-05-28T20:55:03.179091+00:00,2026-05-28T20:56:18.363317+00:00,results/tables/gradient_diagnostics/resource_benchmarks/manifests/pendigits__pendigits__dyn__trainable-patch-su4__L8__lr0.01__bs32__seed0__checkpoints__pendigits__pendigits__dyn__trainable-patch-su4__L8__lr0.01__bs32__seed0__checkpoints.json,results/tables/gradient_diagnostics/resource_benchmarks/resource_samples/pendigits__pendigits__dyn__trainable-patch-su4__L8__lr0.01__bs32__seed0__checkpoints__pendigits__pendigits__dyn__trainable-patch-su4__L8__lr0.01__bs32__seed0__checkpoints.jsonl,"["".venv/bin/python3"", ""scripts/gradient_diagnostics.py"", ""--manifest"", ""results/tables/gradient_diagnostics/resource_benchmarks/manifests/pendigits__pendigits__dyn__trainable-patch-su4__L8__lr0.01__bs32__seed0__checkpoints__pendigits__pendigits__dyn__trainable-patch-su4__L8__lr0.01__bs32__seed0__checkpoints.json"", ""--mode"", ""checkpoints"", ""--runs-root"", ""results/runs"", ""--diagnostic-batch-size"", ""32"", ""--diagnostic-seed"", ""0"", ""--near-zero-tol"", ""1e-10"", ""--n-init-seeds"", ""20"", ""--fisher-batch-size"", ""32"", ""--output"", ""results/tables/gradient_diagnostics/resource_benchmarks/diagnostics/pendigits__pendigits__dyn__trainable-patch-su4__L8__lr0.01__bs32__seed0__checkpoints__pendigits__pendigits__dyn__trainable-patch-su4__L8__lr0.01__bs32__seed0__checkpoints.json""]",results/tables/gradient_diagnostics/resource_benchmarks/pendigits__pendigits__dyn__trainable-patch-su4__L8__lr0.01__bs32__seed0__checkpoints_runs.csv
complete,pendigits,configs/experiments/pendigits.json,pendigits__pendigits__dyn__trainable-patch-su4__L8__lr0.01__bs32__seed0__final,final,pendigits__dyn__trainable-patch-su4__L8__lr0.01__bs32__seed0,pendigits,dyn,trainable-patch-su4,8,0,0.01,32,0,34.729912326904014,results/tables/gradient_diagnostics/resource_benchmarks/diagnostics/pendigits__pendigits__dyn__trainable-patch-su4__L8__lr0.01__bs32__seed0__final__pendigits__pendigits__dyn__trainable-patch-su4__L8__lr0.01__bs32__seed0__final.json,1,1,"{""complete_dirty_git"": 1}",17,4253499392,4056.453125,139.14045313007975,91.00614979921663,32.132296,6.480766,38.613062,4349538304,4148.04296875,True,17,59.0,4.176470588235294,72611.0,72602.0,2026-05-28T23:02:00.887686+00:00,2026-05-28T23:02:35.617611+00:00,results/tables/gradient_diagnostics/resource_benchmarks/manifests/pendigits__pendigits__dyn__trainable-patch-su4__L8__lr0.01__bs32__seed0__final__pendigits__pendigits__dyn__trainable-patch-su4__L8__lr0.01__bs32__seed0__final.json,results/tables/gradient_diagnostics/resource_benchmarks/resource_samples/pendigits__pendigits__dyn__trainable-patch-su4__L8__lr0.01__bs32__seed0__final__pendigits__pendigits__dyn__trainable-patch-su4__L8__lr0.01__bs32__seed0__final.jsonl,"["".venv/bin/python3"", ""scripts/gradient_diagnostics.py"", ""--manifest"", ""results/tables/gradient_diagnostics/resource_benchmarks/manifests/pendigits__pendigits__dyn__trainable-patch-su4__L8__lr0.01__bs32__seed0__final__pendigits__pendigits__dyn__trainable-patch-su4__L8__lr0.01__bs32__seed0__final.json"", ""--mode"", ""final"", ""--runs-root"", ""results/runs"", ""--diagnostic-batch-size"", ""32"", ""--diagnostic-seed"", ""0"", ""--near-zero-tol"", ""1e-10"", ""--n-init-seeds"", ""20"", ""--fisher-batch-size"", ""32"", ""--output"", ""results/tables/gradient_diagnostics/resource_benchmarks/diagnostics/pendigits__pendigits__dyn__trainable-patch-su4__L8__lr0.01__bs32__seed0__final__pendigits__pendigits__dyn__trainable-patch-su4__L8__lr0.01__bs32__seed0__final.json""]",results/tables/gradient_diagnostics/resource_benchmarks/pendigits__pendigits__dyn__trainable-patch-su4__L8__lr0.01__bs32__seed0__final_runs.csv
complete,pendigits,configs/experiments/pendigits.json,pendigits__pendigits__dyn__trainable-patch-su4__L8__lr0.01__bs32__seed0__init,init,pendigits__dyn__trainable-patch-su4__L8__lr0.01__bs32__seed0,pendigits,dyn,trainable-patch-su4,8,0,0.01,32,0,95.23845631198492,results/tables/gradient_diagnostics/resource_benchmarks/diagnostics/pendigits__pendigits__dyn__trainable-patch-su4__L8__lr0.01__bs32__seed0__init__pendigits__pendigits__dyn__trainable-patch-su4__L8__lr0.01__bs32__seed0__init.json,1,1,"{""complete"": 1}",46,4430024704,4224.80078125,146.0217648776754,113.17909611729297,101.954596,19.042767,120.99736299999999,4395552768,4191.92578125,True,46,100.0,4.565217391304348,72613.0,72604.0,2026-05-28T20:17:28.402323+00:00,2026-05-28T20:19:03.640792+00:00,results/tables/gradient_diagnostics/resource_benchmarks/manifests/pendigits__pendigits__dyn__trainable-patch-su4__L8__lr0.01__bs32__seed0__init__pendigits__pendigits__dyn__trainable-patch-su4__L8__lr0.01__bs32__seed0__init.json,results/tables/gradient_diagnostics/resource_benchmarks/resource_samples/pendigits__pendigits__dyn__trainable-patch-su4__L8__lr0.01__bs32__seed0__init__pendigits__pendigits__dyn__trainable-patch-su4__L8__lr0.01__bs32__seed0__init.jsonl,"["".venv/bin/python3"", ""scripts/gradient_diagnostics.py"", ""--manifest"", ""results/tables/gradient_diagnostics/resource_benchmarks/manifests/pendigits__pendigits__dyn__trainable-patch-su4__L8__lr0.01__bs32__seed0__init__pendigits__pendigits__dyn__trainable-patch-su4__L8__lr0.01__bs32__seed0__init.json"", ""--mode"", ""init"", ""--runs-root"", ""results/runs"", ""--diagnostic-batch-size"", ""32"", ""--diagnostic-seed"", ""0"", ""--near-zero-tol"", ""1e-10"", ""--n-init-seeds"", ""20"", ""--fisher-batch-size"", ""32"", ""--output"", ""results/tables/gradient_diagnostics/resource_benchmarks/diagnostics/pendigits__pendigits__dyn__trainable-patch-su4__L8__lr0.01__bs32__seed0__init__pendigits__pendigits__dyn__trainable-patch-su4__L8__lr0.01__bs32__seed0__init.json""]",results/tables/gradient_diagnostics/resource_benchmarks/pendigits__pendigits__dyn__trainable-patch-su4__L8__lr0.01__bs32__seed0__init_runs.csv
complete,pendigits,configs/experiments/pendigits.json,pendigits__pendigits__sta4__block-hamiltonian__L1__lr0.01__bs32__seed0__checkpoints,checkpoints,pendigits__sta4__block-hamiltonian__L1__lr0.01__bs32__seed0,pendigits,sta4,block-hamiltonian,1,0,0.01,32,0,23.15780296595767,results/tables/gradient_diagnostics/resource_benchmarks/diagnostics/pendigits__pendigits__sta4__block-hamiltonian__L1__lr0.01__bs32__seed0__checkpoints__pendigits__pendigits__sta4__block-hamiltonian__L1__lr0.01__bs32__seed0__checkpoints.json,8,8,"{""complete"": 8}",11,4014112768,3828.15625,114.63241690801112,83.77606937475551,19.023300000000003,4.721488,23.744788000000003,4119621632,3928.77734375,True,11,100.0,9.727272727272727,72609.0,72600.0,2026-05-28T23:14:07.235761+00:00,2026-05-28T23:14:30.393570+00:00,results/tables/gradient_diagnostics/resource_benchmarks/manifests/pendigits__pendigits__sta4__block-hamiltonian__L1__lr0.01__bs32__seed0__checkpoints__pendigits__pendigits__sta4__block-hamiltonian__L1__lr0.01__bs32__seed0__checkpoints.json,results/tables/gradient_diagnostics/resource_benchmarks/resource_samples/pendigits__pendigits__sta4__block-hamiltonian__L1__lr0.01__bs32__seed0__checkpoints__pendigits__pendigits__sta4__block-hamiltonian__L1__lr0.01__bs32__seed0__checkpoints.jsonl,"["".venv/bin/python3"", ""scripts/gradient_diagnostics.py"", ""--manifest"", ""results/tables/gradient_diagnostics/resource_benchmarks/manifests/pendigits__pendigits__sta4__block-hamiltonian__L1__lr0.01__bs32__seed0__checkpoints__pendigits__pendigits__sta4__block-hamiltonian__L1__lr0.01__bs32__seed0__checkpoints.json"", ""--mode"", ""checkpoints"", ""--runs-root"", ""results/runs"", ""--diagnostic-batch-size"", ""32"", ""--diagnostic-seed"", ""0"", ""--near-zero-tol"", ""1e-10"", ""--n-init-seeds"", ""20"", ""--fisher-batch-size"", ""32"", ""--output"", ""results/tables/gradient_diagnostics/resource_benchmarks/diagnostics/pendigits__pendigits__sta4__block-hamiltonian__L1__lr0.01__bs32__seed0__checkpoints__pendigits__pendigits__sta4__block-hamiltonian__L1__lr0.01__bs32__seed0__checkpoints.json""]",results/tables/gradient_diagnostics/resource_benchmarks/pendigits__pendigits__sta4__block-hamiltonian__L1__lr0.01__bs32__seed0__checkpoints_runs.csv
complete,pendigits,configs/experiments/pendigits.json,pendigits__pendigits__sta4__block-hamiltonian__L1__lr0.01__bs32__seed0__final,final,pendigits__sta4__block-hamiltonian__L1__lr0.01__bs32__seed0,pendigits,sta4,block-hamiltonian,1,0,0.01,32,0,22.70238663791679,results/tables/gradient_diagnostics/resource_benchmarks/diagnostics/pendigits__pendigits__sta4__block-hamiltonian__L1__lr0.01__bs32__seed0__final__pendigits__pendigits__sta4__block-hamiltonian__L1__lr0.01__bs32__seed0__final.json,1,1,"{""complete"": 1}",11,4006805504,3821.1875,103.42179130990984,75.31432497902159,17.066367999999997,4.349864,21.416231999999997,4110745600,3920.3125,True,11,100.0,9.181818181818182,72609.0,72600.0,2026-05-28T23:08:40.909000+00:00,2026-05-28T23:09:03.611392+00:00,results/tables/gradient_diagnostics/resource_benchmarks/manifests/pendigits__pendigits__sta4__block-hamiltonian__L1__lr0.01__bs32__seed0__final__pendigits__pendigits__sta4__block-hamiltonian__L1__lr0.01__bs32__seed0__final.json,results/tables/gradient_diagnostics/resource_benchmarks/resource_samples/pendigits__pendigits__sta4__block-hamiltonian__L1__lr0.01__bs32__seed0__final__pendigits__pendigits__sta4__block-hamiltonian__L1__lr0.01__bs32__seed0__final.jsonl,"["".venv/bin/python3"", ""scripts/gradient_diagnostics.py"", ""--manifest"", ""results/tables/gradient_diagnostics/resource_benchmarks/manifests/pendigits__pendigits__sta4__block-hamiltonian__L1__lr0.01__bs32__seed0__final__pendigits__pendigits__sta4__block-hamiltonian__L1__lr0.01__bs32__seed0__final.json"", ""--mode"", ""final"", ""--runs-root"", ""results/runs"", ""--diagnostic-batch-size"", ""32"", ""--diagnostic-seed"", ""0"", ""--near-zero-tol"", ""1e-10"", ""--n-init-seeds"", ""20"", ""--fisher-batch-size"", ""32"", ""--output"", ""results/tables/gradient_diagnostics/resource_benchmarks/diagnostics/pendigits__pendigits__sta4__block-hamiltonian__L1__lr0.01__bs32__seed0__final__pendigits__pendigits__sta4__block-hamiltonian__L1__lr0.01__bs32__seed0__final.json""]",results/tables/gradient_diagnostics/resource_benchmarks/pendigits__pendigits__sta4__block-hamiltonian__L1__lr0.01__bs32__seed0__final_runs.csv
complete,pendigits,configs/experiments/pendigits.json,pendigits__pendigits__sta4__block-hamiltonian__L1__lr0.01__bs32__seed0__init,init,pendigits__sta4__block-hamiltonian__L1__lr0.01__bs32__seed0,pendigits,sta4,block-hamiltonian,1,0,0.01,32,0,27.030079894931987,results/tables/gradient_diagnostics/resource_benchmarks/diagnostics/pendigits__pendigits__sta4__block-hamiltonian__L1__lr0.01__bs32__seed0__init__pendigits__pendigits__sta4__block-hamiltonian__L1__lr0.01__bs32__seed0__init.json,1,1,"{""complete"": 1}",13,4066525184,3878.140625,136.27028386030088,90.24092459159316,24.895173,5.457847,30.35302,4143558656,3951.60546875,True,13,91.0,7.461538461538462,72611.0,72602.0,2026-05-28T23:00:40.379413+00:00,2026-05-28T23:01:07.409499+00:00,results/tables/gradient_diagnostics/resource_benchmarks/manifests/pendigits__pendigits__sta4__block-hamiltonian__L1__lr0.01__bs32__seed0__init__pendigits__pendigits__sta4__block-hamiltonian__L1__lr0.01__bs32__seed0__init.json,results/tables/gradient_diagnostics/resource_benchmarks/resource_samples/pendigits__pendigits__sta4__block-hamiltonian__L1__lr0.01__bs32__seed0__init__pendigits__pendigits__sta4__block-hamiltonian__L1__lr0.01__bs32__seed0__init.jsonl,"["".venv/bin/python3"", ""scripts/gradient_diagnostics.py"", ""--manifest"", ""results/tables/gradient_diagnostics/resource_benchmarks/manifests/pendigits__pendigits__sta4__block-hamiltonian__L1__lr0.01__bs32__seed0__init__pendigits__pendigits__sta4__block-hamiltonian__L1__lr0.01__bs32__seed0__init.json"", ""--mode"", ""init"", ""--runs-root"", ""results/runs"", ""--diagnostic-batch-size"", ""32"", ""--diagnostic-seed"", ""0"", ""--near-zero-tol"", ""1e-10"", ""--n-init-seeds"", ""20"", ""--fisher-batch-size"", ""32"", ""--output"", ""results/tables/gradient_diagnostics/resource_benchmarks/diagnostics/pendigits__pendigits__sta4__block-hamiltonian__L1__lr0.01__bs32__seed0__init__pendigits__pendigits__sta4__block-hamiltonian__L1__lr0.01__bs32__seed0__init.json""]",results/tables/gradient_diagnostics/resource_benchmarks/pendigits__pendigits__sta4__block-hamiltonian__L1__lr0.01__bs32__seed0__init_runs.csv
complete,pendigits,configs/experiments/pendigits.json,pendigits__pendigits__sta4__block-hamiltonian__L32__lr0.01__bs32__seed0__checkpoints,checkpoints,pendigits__sta4__block-hamiltonian__L32__lr0.01__bs32__seed0,pendigits,sta4,block-hamiltonian,32,0,0.01,32,0,84.2018596790731,results/tables/gradient_diagnostics/resource_benchmarks/diagnostics/pendigits__pendigits__sta4__block-hamiltonian__L32__lr0.01__bs32__seed0__checkpoints__pendigits__pendigits__sta4__block-hamiltonian__L32__lr0.01__bs32__seed0__checkpoints.json,8,8,"{""complete"": 8}",40,4255760384,4058.609375,141.8638805528485,112.66142820772271,85.578678,15.842118,101.420796,4326293504,4125.875,True,40,83.0,4.55,72611.0,72602.0,2026-05-28T20:04:00.013709+00:00,2026-05-28T20:05:24.215581+00:00,results/tables/gradient_diagnostics/resource_benchmarks/manifests/pendigits__pendigits__sta4__block-hamiltonian__L32__lr0.01__bs32__seed0__checkpoints__pendigits__pendigits__sta4__block-hamiltonian__L32__lr0.01__bs32__seed0__checkpoints.json,results/tables/gradient_diagnostics/resource_benchmarks/resource_samples/pendigits__pendigits__sta4__block-hamiltonian__L32__lr0.01__bs32__seed0__checkpoints__pendigits__pendigits__sta4__block-hamiltonian__L32__lr0.01__bs32__seed0__checkpoints.jsonl,"["".venv/bin/python3"", ""scripts/gradient_diagnostics.py"", ""--manifest"", ""results/tables/gradient_diagnostics/resource_benchmarks/manifests/pendigits__pendigits__sta4__block-hamiltonian__L32__lr0.01__bs32__seed0__checkpoints__pendigits__pendigits__sta4__block-hamiltonian__L32__lr0.01__bs32__seed0__checkpoints.json"", ""--mode"", ""checkpoints"", ""--runs-root"", ""results/runs"", ""--diagnostic-batch-size"", ""32"", ""--diagnostic-seed"", ""0"", ""--near-zero-tol"", ""1e-10"", ""--n-init-seeds"", ""20"", ""--fisher-batch-size"", ""32"", ""--output"", ""results/tables/gradient_diagnostics/resource_benchmarks/diagnostics/pendigits__pendigits__sta4__block-hamiltonian__L32__lr0.01__bs32__seed0__checkpoints__pendigits__pendigits__sta4__block-hamiltonian__L32__lr0.01__bs32__seed0__checkpoints.json""]",results/tables/gradient_diagnostics/resource_benchmarks/pendigits__pendigits__sta4__block-hamiltonian__L32__lr0.01__bs32__seed0__checkpoints_runs.csv
complete,pendigits,configs/experiments/pendigits.json,pendigits__pendigits__sta4__block-hamiltonian__L32__lr0.01__bs32__seed0__final,final,pendigits__sta4__block-hamiltonian__L32__lr0.01__bs32__seed0,pendigits,sta4,block-hamiltonian,32,0,0.01,32,0,32.78315463697072,results/tables/gradient_diagnostics/resource_benchmarks/diagnostics/pendigits__pendigits__sta4__block-hamiltonian__L32__lr0.01__bs32__seed0__final__pendigits__pendigits__sta4__block-hamiltonian__L32__lr0.01__bs32__seed0__final.json,1,1,"{""complete"": 1}",16,4183691264,3989.87890625,139.26117938070593,94.5604371665285,31.168506,6.030249,37.198755,4289748992,4091.0234375,True,16,57.0,4.75,72611.0,72602.0,2026-05-28T22:18:30.315114+00:00,2026-05-28T22:19:03.098281+00:00,results/tables/gradient_diagnostics/resource_benchmarks/manifests/pendigits__pendigits__sta4__block-hamiltonian__L32__lr0.01__bs32__seed0__final__pendigits__pendigits__sta4__block-hamiltonian__L32__lr0.01__bs32__seed0__final.json,results/tables/gradient_diagnostics/resource_benchmarks/resource_samples/pendigits__pendigits__sta4__block-hamiltonian__L32__lr0.01__bs32__seed0__final__pendigits__pendigits__sta4__block-hamiltonian__L32__lr0.01__bs32__seed0__final.jsonl,"["".venv/bin/python3"", ""scripts/gradient_diagnostics.py"", ""--manifest"", ""results/tables/gradient_diagnostics/resource_benchmarks/manifests/pendigits__pendigits__sta4__block-hamiltonian__L32__lr0.01__bs32__seed0__final__pendigits__pendigits__sta4__block-hamiltonian__L32__lr0.01__bs32__seed0__final.json"", ""--mode"", ""final"", ""--runs-root"", ""results/runs"", ""--diagnostic-batch-size"", ""32"", ""--diagnostic-seed"", ""0"", ""--near-zero-tol"", ""1e-10"", ""--n-init-seeds"", ""20"", ""--fisher-batch-size"", ""32"", ""--output"", ""results/tables/gradient_diagnostics/resource_benchmarks/diagnostics/pendigits__pendigits__sta4__block-hamiltonian__L32__lr0.01__bs32__seed0__final__pendigits__pendigits__sta4__block-hamiltonian__L32__lr0.01__bs32__seed0__final.json""]",results/tables/gradient_diagnostics/resource_benchmarks/pendigits__pendigits__sta4__block-hamiltonian__L32__lr0.01__bs32__seed0__final_runs.csv
complete,pendigits,configs/experiments/pendigits.json,pendigits__pendigits__sta4__block-hamiltonian__L32__lr0.01__bs32__seed0__init,init,pendigits__sta4__block-hamiltonian__L32__lr0.01__bs32__seed0,pendigits,sta4,block-hamiltonian,32,0,0.01,32,0,99.95655976003036,results/tables/gradient_diagnostics/resource_benchmarks/diagnostics/pendigits__pendigits__sta4__block-hamiltonian__L32__lr0.01__bs32__seed0__init__pendigits__pendigits__sta4__block-hamiltonian__L32__lr0.01__bs32__seed0__init.json,1,1,"{""complete"": 1}",48,4396716032,4193.03515625,143.83960174668198,117.31996079298717,106.8358,20.796943000000002,127.632743,4443488256,4237.640625,True,48,100.0,5.0625,72613.0,72604.0,2026-05-28T19:58:44.683811+00:00,2026-05-28T20:00:24.640383+00:00,results/tables/gradient_diagnostics/resource_benchmarks/manifests/pendigits__pendigits__sta4__block-hamiltonian__L32__lr0.01__bs32__seed0__init__pendigits__pendigits__sta4__block-hamiltonian__L32__lr0.01__bs32__seed0__init.json,results/tables/gradient_diagnostics/resource_benchmarks/resource_samples/pendigits__pendigits__sta4__block-hamiltonian__L32__lr0.01__bs32__seed0__init__pendigits__pendigits__sta4__block-hamiltonian__L32__lr0.01__bs32__seed0__init.jsonl,"["".venv/bin/python3"", ""scripts/gradient_diagnostics.py"", ""--manifest"", ""results/tables/gradient_diagnostics/resource_benchmarks/manifests/pendigits__pendigits__sta4__block-hamiltonian__L32__lr0.01__bs32__seed0__init__pendigits__pendigits__sta4__block-hamiltonian__L32__lr0.01__bs32__seed0__init.json"", ""--mode"", ""init"", ""--runs-root"", ""results/runs"", ""--diagnostic-batch-size"", ""32"", ""--diagnostic-seed"", ""0"", ""--near-zero-tol"", ""1e-10"", ""--n-init-seeds"", ""20"", ""--fisher-batch-size"", ""32"", ""--output"", ""results/tables/gradient_diagnostics/resource_benchmarks/diagnostics/pendigits__pendigits__sta4__block-hamiltonian__L32__lr0.01__bs32__seed0__init__pendigits__pendigits__sta4__block-hamiltonian__L32__lr0.01__bs32__seed0__init.json""]",results/tables/gradient_diagnostics/resource_benchmarks/pendigits__pendigits__sta4__block-hamiltonian__L32__lr0.01__bs32__seed0__init_runs.csv
complete,pendigits,configs/experiments/pendigits.json,pendigits__pendigits__sta4__block-hamiltonian__L8__lr0.01__bs32__seed0__checkpoints,checkpoints,pendigits__sta4__block-hamiltonian__L8__lr0.01__bs32__seed0,pendigits,sta4,block-hamiltonian,8,0,0.01,32,0,37.919845080934465,results/tables/gradient_diagnostics/resource_benchmarks/diagnostics/pendigits__pendigits__sta4__block-hamiltonian__L8__lr0.01__bs32__seed0__checkpoints__pendigits__pendigits__sta4__block-hamiltonian__L8__lr0.01__bs32__seed0__checkpoints.json,8,8,"{""complete"": 8}",18,4085977088,3896.69140625,138.00554651589476,99.59116975417093,35.239326,7.564492999999999,42.803819,4165140480,3972.1875,True,18,5.0,1.3888888888888888,72609.0,72600.0,2026-05-28T22:27:10.915549+00:00,2026-05-28T22:27:48.835405+00:00,results/tables/gradient_diagnostics/resource_benchmarks/manifests/pendigits__pendigits__sta4__block-hamiltonian__L8__lr0.01__bs32__seed0__checkpoints__pendigits__pendigits__sta4__block-hamiltonian__L8__lr0.01__bs32__seed0__checkpoints.json,results/tables/gradient_diagnostics/resource_benchmarks/resource_samples/pendigits__pendigits__sta4__block-hamiltonian__L8__lr0.01__bs32__seed0__checkpoints__pendigits__pendigits__sta4__block-hamiltonian__L8__lr0.01__bs32__seed0__checkpoints.jsonl,"["".venv/bin/python3"", ""scripts/gradient_diagnostics.py"", ""--manifest"", ""results/tables/gradient_diagnostics/resource_benchmarks/manifests/pendigits__pendigits__sta4__block-hamiltonian__L8__lr0.01__bs32__seed0__checkpoints__pendigits__pendigits__sta4__block-hamiltonian__L8__lr0.01__bs32__seed0__checkpoints.json"", ""--mode"", ""checkpoints"", ""--runs-root"", ""results/runs"", ""--diagnostic-batch-size"", ""32"", ""--diagnostic-seed"", ""0"", ""--near-zero-tol"", ""1e-10"", ""--n-init-seeds"", ""20"", ""--fisher-batch-size"", ""32"", ""--output"", ""results/tables/gradient_diagnostics/resource_benchmarks/diagnostics/pendigits__pendigits__sta4__block-hamiltonian__L8__lr0.01__bs32__seed0__checkpoints__pendigits__pendigits__sta4__block-hamiltonian__L8__lr0.01__bs32__seed0__checkpoints.json""]",results/tables/gradient_diagnostics/resource_benchmarks/pendigits__pendigits__sta4__block-hamiltonian__L8__lr0.01__bs32__seed0__checkpoints_runs.csv
complete,pendigits,configs/experiments/pendigits.json,pendigits__pendigits__sta4__block-hamiltonian__L8__lr0.01__bs32__seed0__final,final,pendigits__sta4__block-hamiltonian__L8__lr0.01__bs32__seed0,pendigits,sta4,block-hamiltonian,8,0,0.01,32,0,25.19200315803755,results/tables/gradient_diagnostics/resource_benchmarks/diagnostics/pendigits__pendigits__sta4__block-hamiltonian__L8__lr0.01__bs32__seed0__final__pendigits__pendigits__sta4__block-hamiltonian__L8__lr0.01__bs32__seed0__final.json,1,1,"{""complete"": 1}",12,4077428736,3888.5390625,105.71276794227391,84.60343469394421,21.608673,4.910596999999999,26.51927,4127674368,3936.45703125,True,12,100.0,8.583333333333334,72609.0,72600.0,2026-05-28T22:40:44.235002+00:00,2026-05-28T22:41:09.427012+00:00,results/tables/gradient_diagnostics/resource_benchmarks/manifests/pendigits__pendigits__sta4__block-hamiltonian__L8__lr0.01__bs32__seed0__final__pendigits__pendigits__sta4__block-hamiltonian__L8__lr0.01__bs32__seed0__final.json,results/tables/gradient_diagnostics/resource_benchmarks/resource_samples/pendigits__pendigits__sta4__block-hamiltonian__L8__lr0.01__bs32__seed0__final__pendigits__pendigits__sta4__block-hamiltonian__L8__lr0.01__bs32__seed0__final.jsonl,"["".venv/bin/python3"", ""scripts/gradient_diagnostics.py"", ""--manifest"", ""results/tables/gradient_diagnostics/resource_benchmarks/manifests/pendigits__pendigits__sta4__block-hamiltonian__L8__lr0.01__bs32__seed0__final__pendigits__pendigits__sta4__block-hamiltonian__L8__lr0.01__bs32__seed0__final.json"", ""--mode"", ""final"", ""--runs-root"", ""results/runs"", ""--diagnostic-batch-size"", ""32"", ""--diagnostic-seed"", ""0"", ""--near-zero-tol"", ""1e-10"", ""--n-init-seeds"", ""20"", ""--fisher-batch-size"", ""32"", ""--output"", ""results/tables/gradient_diagnostics/resource_benchmarks/diagnostics/pendigits__pendigits__sta4__block-hamiltonian__L8__lr0.01__bs32__seed0__final__pendigits__pendigits__sta4__block-hamiltonian__L8__lr0.01__bs32__seed0__final.json""]",results/tables/gradient_diagnostics/resource_benchmarks/pendigits__pendigits__sta4__block-hamiltonian__L8__lr0.01__bs32__seed0__final_runs.csv
complete,pendigits,configs/experiments/pendigits.json,pendigits__pendigits__sta4__block-hamiltonian__L8__lr0.01__bs32__seed0__init,init,pendigits__sta4__block-hamiltonian__L8__lr0.01__bs32__seed0,pendigits,sta4,block-hamiltonian,8,0,0.01,32,0,45.47353306598961,results/tables/gradient_diagnostics/resource_benchmarks/diagnostics/pendigits__pendigits__sta4__block-hamiltonian__L8__lr0.01__bs32__seed0__init__pendigits__pendigits__sta4__block-hamiltonian__L8__lr0.01__bs32__seed0__init.json,1,1,"{""complete"": 1}",22,4178653184,3985.07421875,143.88128218198804,102.803428637148,46.007797999999994,8.748800000000001,54.756598,4278235136,4080.04296875,True,22,85.0,5.454545454545454,72613.0,72604.0,2026-05-28T21:51:41.396425+00:00,2026-05-28T21:52:26.869971+00:00,results/tables/gradient_diagnostics/resource_benchmarks/manifests/pendigits__pendigits__sta4__block-hamiltonian__L8__lr0.01__bs32__seed0__init__pendigits__pendigits__sta4__block-hamiltonian__L8__lr0.01__bs32__seed0__init.json,results/tables/gradient_diagnostics/resource_benchmarks/resource_samples/pendigits__pendigits__sta4__block-hamiltonian__L8__lr0.01__bs32__seed0__init__pendigits__pendigits__sta4__block-hamiltonian__L8__lr0.01__bs32__seed0__init.jsonl,"["".venv/bin/python3"", ""scripts/gradient_diagnostics.py"", ""--manifest"", ""results/tables/gradient_diagnostics/resource_benchmarks/manifests/pendigits__pendigits__sta4__block-hamiltonian__L8__lr0.01__bs32__seed0__init__pendigits__pendigits__sta4__block-hamiltonian__L8__lr0.01__bs32__seed0__init.json"", ""--mode"", ""init"", ""--runs-root"", ""results/runs"", ""--diagnostic-batch-size"", ""32"", ""--diagnostic-seed"", ""0"", ""--near-zero-tol"", ""1e-10"", ""--n-init-seeds"", ""20"", ""--fisher-batch-size"", ""32"", ""--output"", ""results/tables/gradient_diagnostics/resource_benchmarks/diagnostics/pendigits__pendigits__sta4__block-hamiltonian__L8__lr0.01__bs32__seed0__init__pendigits__pendigits__sta4__block-hamiltonian__L8__lr0.01__bs32__seed0__init.json""]",results/tables/gradient_diagnostics/resource_benchmarks/pendigits__pendigits__sta4__block-hamiltonian__L8__lr0.01__bs32__seed0__init_runs.csv
complete,pendigits,configs/experiments/pendigits.json,pendigits__pendigits__sta4__fixed-ry-rz__L1__lr0.01__bs32__seed0__checkpoints,checkpoints,pendigits__sta4__fixed-ry-rz__L1__lr0.01__bs32__seed0,pendigits,sta4,fixed-ry-rz,1,0,0.01,32,0,41.59743379498832,results/tables/gradient_diagnostics/resource_benchmarks/diagnostics/pendigits__pendigits__sta4__fixed-ry-rz__L1__lr0.01__bs32__seed0__checkpoints__pendigits__pendigits__sta4__fixed-ry-rz__L1__lr0.01__bs32__seed0__checkpoints.json,8,8,"{""complete"": 8}",20,4256124928,4058.95703125,137.61592465593515,104.83281585092055,44.209352,8.056045999999998,52.265398000000005,4295053312,4096.08203125,True,20,81.0,6.15,72611.0,72602.0,2026-05-28T22:35:28.694476+00:00,2026-05-28T22:36:10.291921+00:00,results/tables/gradient_diagnostics/resource_benchmarks/manifests/pendigits__pendigits__sta4__fixed-ry-rz__L1__lr0.01__bs32__seed0__checkpoints__pendigits__pendigits__sta4__fixed-ry-rz__L1__lr0.01__bs32__seed0__checkpoints.json,results/tables/gradient_diagnostics/resource_benchmarks/resource_samples/pendigits__pendigits__sta4__fixed-ry-rz__L1__lr0.01__bs32__seed0__checkpoints__pendigits__pendigits__sta4__fixed-ry-rz__L1__lr0.01__bs32__seed0__checkpoints.jsonl,"["".venv/bin/python3"", ""scripts/gradient_diagnostics.py"", ""--manifest"", ""results/tables/gradient_diagnostics/resource_benchmarks/manifests/pendigits__pendigits__sta4__fixed-ry-rz__L1__lr0.01__bs32__seed0__checkpoints__pendigits__pendigits__sta4__fixed-ry-rz__L1__lr0.01__bs32__seed0__checkpoints.json"", ""--mode"", ""checkpoints"", ""--runs-root"", ""results/runs"", ""--diagnostic-batch-size"", ""32"", ""--diagnostic-seed"", ""0"", ""--near-zero-tol"", ""1e-10"", ""--n-init-seeds"", ""20"", ""--fisher-batch-size"", ""32"", ""--output"", ""results/tables/gradient_diagnostics/resource_benchmarks/diagnostics/pendigits__pendigits__sta4__fixed-ry-rz__L1__lr0.01__bs32__seed0__checkpoints__pendigits__pendigits__sta4__fixed-ry-rz__L1__lr0.01__bs32__seed0__checkpoints.json""]",results/tables/gradient_diagnostics/resource_benchmarks/pendigits__pendigits__sta4__fixed-ry-rz__L1__lr0.01__bs32__seed0__checkpoints_runs.csv
complete,pendigits,configs/experiments/pendigits.json,pendigits__pendigits__sta4__fixed-ry-rz__L1__lr0.01__bs32__seed0__final,final,pendigits__sta4__fixed-ry-rz__L1__lr0.01__bs32__seed0,pendigits,sta4,fixed-ry-rz,1,0,0.01,32,0,33.688713904004544,results/tables/gradient_diagnostics/resource_benchmarks/diagnostics/pendigits__pendigits__sta4__fixed-ry-rz__L1__lr0.01__bs32__seed0__final__pendigits__pendigits__sta4__fixed-ry-rz__L1__lr0.01__bs32__seed0__final.json,1,1,"{""complete"": 1}",16,4234989568,4038.80078125,129.76759180526335,94.87933778155694,34.264566,6.400964999999999,40.665531,4341829632,4140.69140625,True,16,60.0,4.1875,72611.0,72602.0,2026-05-28T23:02:46.294182+00:00,2026-05-28T23:03:19.982908+00:00,results/tables/gradient_diagnostics/resource_benchmarks/manifests/pendigits__pendigits__sta4__fixed-ry-rz__L1__lr0.01__bs32__seed0__final__pendigits__pendigits__sta4__fixed-ry-rz__L1__lr0.01__bs32__seed0__final.json,results/tables/gradient_diagnostics/resource_benchmarks/resource_samples/pendigits__pendigits__sta4__fixed-ry-rz__L1__lr0.01__bs32__seed0__final__pendigits__pendigits__sta4__fixed-ry-rz__L1__lr0.01__bs32__seed0__final.jsonl,"["".venv/bin/python3"", ""scripts/gradient_diagnostics.py"", ""--manifest"", ""results/tables/gradient_diagnostics/resource_benchmarks/manifests/pendigits__pendigits__sta4__fixed-ry-rz__L1__lr0.01__bs32__seed0__final__pendigits__pendigits__sta4__fixed-ry-rz__L1__lr0.01__bs32__seed0__final.json"", ""--mode"", ""final"", ""--runs-root"", ""results/runs"", ""--diagnostic-batch-size"", ""32"", ""--diagnostic-seed"", ""0"", ""--near-zero-tol"", ""1e-10"", ""--n-init-seeds"", ""20"", ""--fisher-batch-size"", ""32"", ""--output"", ""results/tables/gradient_diagnostics/resource_benchmarks/diagnostics/pendigits__pendigits__sta4__fixed-ry-rz__L1__lr0.01__bs32__seed0__final__pendigits__pendigits__sta4__fixed-ry-rz__L1__lr0.01__bs32__seed0__final.json""]",results/tables/gradient_diagnostics/resource_benchmarks/pendigits__pendigits__sta4__fixed-ry-rz__L1__lr0.01__bs32__seed0__final_runs.csv
complete,pendigits,configs/experiments/pendigits.json,pendigits__pendigits__sta4__fixed-ry-rz__L1__lr0.01__bs32__seed0__init,init,pendigits__sta4__fixed-ry-rz__L1__lr0.01__bs32__seed0,pendigits,sta4,fixed-ry-rz,1,0,0.01,32,0,51.319239528966136,results/tables/gradient_diagnostics/resource_benchmarks/diagnostics/pendigits__pendigits__sta4__fixed-ry-rz__L1__lr0.01__bs32__seed0__init__pendigits__pendigits__sta4__fixed-ry-rz__L1__lr0.01__bs32__seed0__init.json,1,1,"{""complete"": 1}",25,4392595456,4189.10546875,140.54262026547121,98.32003970544302,52.128426,10.033797999999999,62.162223999999995,4418801664,4214.09765625,True,25,100.0,5.92,72611.0,72602.0,2026-05-28T21:57:56.452716+00:00,2026-05-28T21:58:47.771966+00:00,results/tables/gradient_diagnostics/resource_benchmarks/manifests/pendigits__pendigits__sta4__fixed-ry-rz__L1__lr0.01__bs32__seed0__init__pendigits__pendigits__sta4__fixed-ry-rz__L1__lr0.01__bs32__seed0__init.json,results/tables/gradient_diagnostics/resource_benchmarks/resource_samples/pendigits__pendigits__sta4__fixed-ry-rz__L1__lr0.01__bs32__seed0__init__pendigits__pendigits__sta4__fixed-ry-rz__L1__lr0.01__bs32__seed0__init.jsonl,"["".venv/bin/python3"", ""scripts/gradient_diagnostics.py"", ""--manifest"", ""results/tables/gradient_diagnostics/resource_benchmarks/manifests/pendigits__pendigits__sta4__fixed-ry-rz__L1__lr0.01__bs32__seed0__init__pendigits__pendigits__sta4__fixed-ry-rz__L1__lr0.01__bs32__seed0__init.json"", ""--mode"", ""init"", ""--runs-root"", ""results/runs"", ""--diagnostic-batch-size"", ""32"", ""--diagnostic-seed"", ""0"", ""--near-zero-tol"", ""1e-10"", ""--n-init-seeds"", ""20"", ""--fisher-batch-size"", ""32"", ""--output"", ""results/tables/gradient_diagnostics/resource_benchmarks/diagnostics/pendigits__pendigits__sta4__fixed-ry-rz__L1__lr0.01__bs32__seed0__init__pendigits__pendigits__sta4__fixed-ry-rz__L1__lr0.01__bs32__seed0__init.json""]",results/tables/gradient_diagnostics/resource_benchmarks/pendigits__pendigits__sta4__fixed-ry-rz__L1__lr0.01__bs32__seed0__init_runs.csv
complete,pendigits,configs/experiments/pendigits.json,pendigits__pendigits__sta4__fixed-ry-rz__L32__lr0.01__bs32__seed0__checkpoints,checkpoints,pendigits__sta4__fixed-ry-rz__L32__lr0.01__bs32__seed0,pendigits,sta4,fixed-ry-rz,32,0,0.01,32,0,412.11804595496505,results/tables/gradient_diagnostics/resource_benchmarks/diagnostics/pendigits__pendigits__sta4__fixed-ry-rz__L32__lr0.01__bs32__seed0__checkpoints__pendigits__pendigits__sta4__fixed-ry-rz__L32__lr0.01__bs32__seed0__checkpoints.json,8,8,"{""complete"": 8}",197,4608299008,4394.81640625,137.23155453116516,123.63942113462633,451.585127,73.25486000000001,524.8399870000001,4611035136,4397.42578125,True,197,36.0,6.654822335025381,72611.0,72602.0,2026-05-28T16:38:21.598255+00:00,2026-05-28T16:45:13.716308+00:00,results/tables/gradient_diagnostics/resource_benchmarks/manifests/pendigits__pendigits__sta4__fixed-ry-rz__L32__lr0.01__bs32__seed0__checkpoints__pendigits__pendigits__sta4__fixed-ry-rz__L32__lr0.01__bs32__seed0__checkpoints.json,results/tables/gradient_diagnostics/resource_benchmarks/resource_samples/pendigits__pendigits__sta4__fixed-ry-rz__L32__lr0.01__bs32__seed0__checkpoints__pendigits__pendigits__sta4__fixed-ry-rz__L32__lr0.01__bs32__seed0__checkpoints.jsonl,"["".venv/bin/python3"", ""scripts/gradient_diagnostics.py"", ""--manifest"", ""results/tables/gradient_diagnostics/resource_benchmarks/manifests/pendigits__pendigits__sta4__fixed-ry-rz__L32__lr0.01__bs32__seed0__checkpoints__pendigits__pendigits__sta4__fixed-ry-rz__L32__lr0.01__bs32__seed0__checkpoints.json"", ""--mode"", ""checkpoints"", ""--runs-root"", ""results/runs"", ""--diagnostic-batch-size"", ""32"", ""--diagnostic-seed"", ""0"", ""--near-zero-tol"", ""1e-10"", ""--n-init-seeds"", ""20"", ""--fisher-batch-size"", ""32"", ""--output"", ""results/tables/gradient_diagnostics/resource_benchmarks/diagnostics/pendigits__pendigits__sta4__fixed-ry-rz__L32__lr0.01__bs32__seed0__checkpoints__pendigits__pendigits__sta4__fixed-ry-rz__L32__lr0.01__bs32__seed0__checkpoints.json""]",results/tables/gradient_diagnostics/resource_benchmarks/pendigits__pendigits__sta4__fixed-ry-rz__L32__lr0.01__bs32__seed0__checkpoints_runs.csv
complete,pendigits,configs/experiments/pendigits.json,pendigits__pendigits__sta4__fixed-ry-rz__L32__lr0.01__bs32__seed0__final,final,pendigits__sta4__fixed-ry-rz__L32__lr0.01__bs32__seed0,pendigits,sta4,fixed-ry-rz,32,0,0.01,32,0,89.30366079998203,results/tables/gradient_diagnostics/resource_benchmarks/diagnostics/pendigits__pendigits__sta4__fixed-ry-rz__L32__lr0.01__bs32__seed0__final__pendigits__pendigits__sta4__fixed-ry-rz__L32__lr0.01__bs32__seed0__final.json,1,1,"{""complete"": 1}",43,4510674944,4301.71484375,137.02257926409942,107.27861261923911,92.198931,15.767935,107.966866,4581969920,4369.70703125,True,43,100.0,6.4186046511627906,72611.0,72602.0,2026-05-28T20:35:18.330986+00:00,2026-05-28T20:36:47.634658+00:00,results/tables/gradient_diagnostics/resource_benchmarks/manifests/pendigits__pendigits__sta4__fixed-ry-rz__L32__lr0.01__bs32__seed0__final__pendigits__pendigits__sta4__fixed-ry-rz__L32__lr0.01__bs32__seed0__final.json,results/tables/gradient_diagnostics/resource_benchmarks/resource_samples/pendigits__pendigits__sta4__fixed-ry-rz__L32__lr0.01__bs32__seed0__final__pendigits__pendigits__sta4__fixed-ry-rz__L32__lr0.01__bs32__seed0__final.jsonl,"["".venv/bin/python3"", ""scripts/gradient_diagnostics.py"", ""--manifest"", ""results/tables/gradient_diagnostics/resource_benchmarks/manifests/pendigits__pendigits__sta4__fixed-ry-rz__L32__lr0.01__bs32__seed0__final__pendigits__pendigits__sta4__fixed-ry-rz__L32__lr0.01__bs32__seed0__final.json"", ""--mode"", ""final"", ""--runs-root"", ""results/runs"", ""--diagnostic-batch-size"", ""32"", ""--diagnostic-seed"", ""0"", ""--near-zero-tol"", ""1e-10"", ""--n-init-seeds"", ""20"", ""--fisher-batch-size"", ""32"", ""--output"", ""results/tables/gradient_diagnostics/resource_benchmarks/diagnostics/pendigits__pendigits__sta4__fixed-ry-rz__L32__lr0.01__bs32__seed0__final__pendigits__pendigits__sta4__fixed-ry-rz__L32__lr0.01__bs32__seed0__final.json""]",results/tables/gradient_diagnostics/resource_benchmarks/pendigits__pendigits__sta4__fixed-ry-rz__L32__lr0.01__bs32__seed0__final_runs.csv
complete,pendigits,configs/experiments/pendigits.json,pendigits__pendigits__sta4__fixed-ry-rz__L32__lr0.01__bs32__seed0__init,init,pendigits__sta4__fixed-ry-rz__L32__lr0.01__bs32__seed0,pendigits,sta4,fixed-ry-rz,32,0,0.01,32,0,492.5367967740167,results/tables/gradient_diagnostics/resource_benchmarks/diagnostics/pendigits__pendigits__sta4__fixed-ry-rz__L32__lr0.01__bs32__seed0__init__pendigits__pendigits__sta4__fixed-ry-rz__L32__lr0.01__bs32__seed0__init.json,1,1,"{""complete"": 1}",234,4548919296,4338.1875,137.74246691937051,127.93377173369927,553.7211590000001,93.95837900000001,647.6795380000001,4639637504,4424.703125,True,234,100.0,7.803418803418803,72611.0,72602.0,2026-05-28T15:08:44.881142+00:00,2026-05-28T15:16:57.417952+00:00,results/tables/gradient_diagnostics/resource_benchmarks/manifests/pendigits__pendigits__sta4__fixed-ry-rz__L32__lr0.01__bs32__seed0__init__pendigits__pendigits__sta4__fixed-ry-rz__L32__lr0.01__bs32__seed0__init.json,results/tables/gradient_diagnostics/resource_benchmarks/resource_samples/pendigits__pendigits__sta4__fixed-ry-rz__L32__lr0.01__bs32__seed0__init__pendigits__pendigits__sta4__fixed-ry-rz__L32__lr0.01__bs32__seed0__init.jsonl,"["".venv/bin/python3"", ""scripts/gradient_diagnostics.py"", ""--manifest"", ""results/tables/gradient_diagnostics/resource_benchmarks/manifests/pendigits__pendigits__sta4__fixed-ry-rz__L32__lr0.01__bs32__seed0__init__pendigits__pendigits__sta4__fixed-ry-rz__L32__lr0.01__bs32__seed0__init.json"", ""--mode"", ""init"", ""--runs-root"", ""results/runs"", ""--diagnostic-batch-size"", ""32"", ""--diagnostic-seed"", ""0"", ""--near-zero-tol"", ""1e-10"", ""--n-init-seeds"", ""20"", ""--fisher-batch-size"", ""32"", ""--output"", ""results/tables/gradient_diagnostics/resource_benchmarks/diagnostics/pendigits__pendigits__sta4__fixed-ry-rz__L32__lr0.01__bs32__seed0__init__pendigits__pendigits__sta4__fixed-ry-rz__L32__lr0.01__bs32__seed0__init.json""]",results/tables/gradient_diagnostics/resource_benchmarks/pendigits__pendigits__sta4__fixed-ry-rz__L32__lr0.01__bs32__seed0__init_runs.csv
complete,pendigits,configs/experiments/pendigits.json,pendigits__pendigits__sta4__fixed-ry-rz__L8__lr0.01__bs32__seed0__checkpoints,checkpoints,pendigits__sta4__fixed-ry-rz__L8__lr0.01__bs32__seed0,pendigits,sta4,fixed-ry-rz,8,0,0.01,32,0,127.93020154791884,results/tables/gradient_diagnostics/resource_benchmarks/diagnostics/pendigits__pendigits__sta4__fixed-ry-rz__L8__lr0.01__bs32__seed0__checkpoints__pendigits__pendigits__sta4__fixed-ry-rz__L8__lr0.01__bs32__seed0__checkpoints.json,8,8,"{""complete"": 8}",61,4402520064,4198.5703125,136.13756445922175,118.55719082756666,139.091989,23.302354,162.39434300000002,4472279040,4265.09765625,True,61,90.0,6.147540983606557,72611.0,72602.0,2026-05-28T19:35:15.904774+00:00,2026-05-28T19:37:23.834982+00:00,results/tables/gradient_diagnostics/resource_benchmarks/manifests/pendigits__pendigits__sta4__fixed-ry-rz__L8__lr0.01__bs32__seed0__checkpoints__pendigits__pendigits__sta4__fixed-ry-rz__L8__lr0.01__bs32__seed0__checkpoints.json,results/tables/gradient_diagnostics/resource_benchmarks/resource_samples/pendigits__pendigits__sta4__fixed-ry-rz__L8__lr0.01__bs32__seed0__checkpoints__pendigits__pendigits__sta4__fixed-ry-rz__L8__lr0.01__bs32__seed0__checkpoints.jsonl,"["".venv/bin/python3"", ""scripts/gradient_diagnostics.py"", ""--manifest"", ""results/tables/gradient_diagnostics/resource_benchmarks/manifests/pendigits__pendigits__sta4__fixed-ry-rz__L8__lr0.01__bs32__seed0__checkpoints__pendigits__pendigits__sta4__fixed-ry-rz__L8__lr0.01__bs32__seed0__checkpoints.json"", ""--mode"", ""checkpoints"", ""--runs-root"", ""results/runs"", ""--diagnostic-batch-size"", ""32"", ""--diagnostic-seed"", ""0"", ""--near-zero-tol"", ""1e-10"", ""--n-init-seeds"", ""20"", ""--fisher-batch-size"", ""32"", ""--output"", ""results/tables/gradient_diagnostics/resource_benchmarks/diagnostics/pendigits__pendigits__sta4__fixed-ry-rz__L8__lr0.01__bs32__seed0__checkpoints__pendigits__pendigits__sta4__fixed-ry-rz__L8__lr0.01__bs32__seed0__checkpoints.json""]",results/tables/gradient_diagnostics/resource_benchmarks/pendigits__pendigits__sta4__fixed-ry-rz__L8__lr0.01__bs32__seed0__checkpoints_runs.csv
complete,pendigits,configs/experiments/pendigits.json,pendigits__pendigits__sta4__fixed-ry-rz__L8__lr0.01__bs32__seed0__final,final,pendigits__sta4__fixed-ry-rz__L8__lr0.01__bs32__seed0,pendigits,sta4,fixed-ry-rz,8,0,0.01,32,0,46.768265511025675,results/tables/gradient_diagnostics/resource_benchmarks/diagnostics/pendigits__pendigits__sta4__fixed-ry-rz__L8__lr0.01__bs32__seed0__final__pendigits__pendigits__sta4__fixed-ry-rz__L8__lr0.01__bs32__seed0__final.json,1,1,"{""complete"": 1}",23,4482605056,4274.9453125,137.01411237062032,101.89976843675657,49.375545,9.03327,58.408815000000004,4485275648,4277.4921875,True,23,67.0,4.260869565217392,72611.0,72602.0,2026-05-28T22:13:38.703288+00:00,2026-05-28T22:14:25.471566+00:00,results/tables/gradient_diagnostics/resource_benchmarks/manifests/pendigits__pendigits__sta4__fixed-ry-rz__L8__lr0.01__bs32__seed0__final__pendigits__pendigits__sta4__fixed-ry-rz__L8__lr0.01__bs32__seed0__final.json,results/tables/gradient_diagnostics/resource_benchmarks/resource_samples/pendigits__pendigits__sta4__fixed-ry-rz__L8__lr0.01__bs32__seed0__final__pendigits__pendigits__sta4__fixed-ry-rz__L8__lr0.01__bs32__seed0__final.jsonl,"["".venv/bin/python3"", ""scripts/gradient_diagnostics.py"", ""--manifest"", ""results/tables/gradient_diagnostics/resource_benchmarks/manifests/pendigits__pendigits__sta4__fixed-ry-rz__L8__lr0.01__bs32__seed0__final__pendigits__pendigits__sta4__fixed-ry-rz__L8__lr0.01__bs32__seed0__final.json"", ""--mode"", ""final"", ""--runs-root"", ""results/runs"", ""--diagnostic-batch-size"", ""32"", ""--diagnostic-seed"", ""0"", ""--near-zero-tol"", ""1e-10"", ""--n-init-seeds"", ""20"", ""--fisher-batch-size"", ""32"", ""--output"", ""results/tables/gradient_diagnostics/resource_benchmarks/diagnostics/pendigits__pendigits__sta4__fixed-ry-rz__L8__lr0.01__bs32__seed0__final__pendigits__pendigits__sta4__fixed-ry-rz__L8__lr0.01__bs32__seed0__final.json""]",results/tables/gradient_diagnostics/resource_benchmarks/pendigits__pendigits__sta4__fixed-ry-rz__L8__lr0.01__bs32__seed0__final_runs.csv
complete,pendigits,configs/experiments/pendigits.json,pendigits__pendigits__sta4__fixed-ry-rz__L8__lr0.01__bs32__seed0__init,init,pendigits__sta4__fixed-ry-rz__L8__lr0.01__bs32__seed0,pendigits,sta4,fixed-ry-rz,8,0,0.01,32,0,152.61776335106697,results/tables/gradient_diagnostics/resource_benchmarks/diagnostics/pendigits__pendigits__sta4__fixed-ry-rz__L8__lr0.01__bs32__seed0__init__pendigits__pendigits__sta4__fixed-ry-rz__L8__lr0.01__bs32__seed0__init.json,1,1,"{""complete"": 1}",73,4477345792,4269.9296875,137.353506397506,120.31858061782805,168.879153,29.152582000000002,198.031735,4511141888,4302.16015625,True,73,100.0,6.890410958904109,72611.0,72602.0,2026-05-28T19:25:16.902082+00:00,2026-05-28T19:27:49.519852+00:00,results/tables/gradient_diagnostics/resource_benchmarks/manifests/pendigits__pendigits__sta4__fixed-ry-rz__L8__lr0.01__bs32__seed0__init__pendigits__pendigits__sta4__fixed-ry-rz__L8__lr0.01__bs32__seed0__init.json,results/tables/gradient_diagnostics/resource_benchmarks/resource_samples/pendigits__pendigits__sta4__fixed-ry-rz__L8__lr0.01__bs32__seed0__init__pendigits__pendigits__sta4__fixed-ry-rz__L8__lr0.01__bs32__seed0__init.jsonl,"["".venv/bin/python3"", ""scripts/gradient_diagnostics.py"", ""--manifest"", ""results/tables/gradient_diagnostics/resource_benchmarks/manifests/pendigits__pendigits__sta4__fixed-ry-rz__L8__lr0.01__bs32__seed0__init__pendigits__pendigits__sta4__fixed-ry-rz__L8__lr0.01__bs32__seed0__init.json"", ""--mode"", ""init"", ""--runs-root"", ""results/runs"", ""--diagnostic-batch-size"", ""32"", ""--diagnostic-seed"", ""0"", ""--near-zero-tol"", ""1e-10"", ""--n-init-seeds"", ""20"", ""--fisher-batch-size"", ""32"", ""--output"", ""results/tables/gradient_diagnostics/resource_benchmarks/diagnostics/pendigits__pendigits__sta4__fixed-ry-rz__L8__lr0.01__bs32__seed0__init__pendigits__pendigits__sta4__fixed-ry-rz__L8__lr0.01__bs32__seed0__init.json""]",results/tables/gradient_diagnostics/resource_benchmarks/pendigits__pendigits__sta4__fixed-ry-rz__L8__lr0.01__bs32__seed0__init_runs.csv
complete,pendigits,configs/experiments/pendigits.json,pendigits__pendigits__sta4__fixed-ry__L1__lr0.01__bs32__seed0__checkpoints,checkpoints,pendigits__sta4__fixed-ry__L1__lr0.01__bs32__seed0,pendigits,sta4,fixed-ry,1,0,0.01,32,0,39.650686479057185,results/tables/gradient_diagnostics/resource_benchmarks/diagnostics/pendigits__pendigits__sta4__fixed-ry__L1__lr0.01__bs32__seed0__checkpoints__pendigits__pendigits__sta4__fixed-ry__L1__lr0.01__bs32__seed0__checkpoints.json,8,8,"{""complete"": 8}",19,4249370624,4052.515625,137.56922193897333,105.64283245386328,42.109415999999996,8.462861,50.572277,4290220032,4091.47265625,True,19,77.0,5.578947368421052,72611.0,72602.0,2026-05-28T22:44:33.578128+00:00,2026-05-28T22:45:13.228827+00:00,results/tables/gradient_diagnostics/resource_benchmarks/manifests/pendigits__pendigits__sta4__fixed-ry__L1__lr0.01__bs32__seed0__checkpoints__pendigits__pendigits__sta4__fixed-ry__L1__lr0.01__bs32__seed0__checkpoints.json,results/tables/gradient_diagnostics/resource_benchmarks/resource_samples/pendigits__pendigits__sta4__fixed-ry__L1__lr0.01__bs32__seed0__checkpoints__pendigits__pendigits__sta4__fixed-ry__L1__lr0.01__bs32__seed0__checkpoints.jsonl,"["".venv/bin/python3"", ""scripts/gradient_diagnostics.py"", ""--manifest"", ""results/tables/gradient_diagnostics/resource_benchmarks/manifests/pendigits__pendigits__sta4__fixed-ry__L1__lr0.01__bs32__seed0__checkpoints__pendigits__pendigits__sta4__fixed-ry__L1__lr0.01__bs32__seed0__checkpoints.json"", ""--mode"", ""checkpoints"", ""--runs-root"", ""results/runs"", ""--diagnostic-batch-size"", ""32"", ""--diagnostic-seed"", ""0"", ""--near-zero-tol"", ""1e-10"", ""--n-init-seeds"", ""20"", ""--fisher-batch-size"", ""32"", ""--output"", ""results/tables/gradient_diagnostics/resource_benchmarks/diagnostics/pendigits__pendigits__sta4__fixed-ry__L1__lr0.01__bs32__seed0__checkpoints__pendigits__pendigits__sta4__fixed-ry__L1__lr0.01__bs32__seed0__checkpoints.json""]",results/tables/gradient_diagnostics/resource_benchmarks/pendigits__pendigits__sta4__fixed-ry__L1__lr0.01__bs32__seed0__checkpoints_runs.csv
complete,pendigits,configs/experiments/pendigits.json,pendigits__pendigits__sta4__fixed-ry__L1__lr0.01__bs32__seed0__final,final,pendigits__sta4__fixed-ry__L1__lr0.01__bs32__seed0,pendigits,sta4,fixed-ry,1,0,0.01,32,0,32.06173963902984,results/tables/gradient_diagnostics/resource_benchmarks/diagnostics/pendigits__pendigits__sta4__fixed-ry__L1__lr0.01__bs32__seed0__final__pendigits__pendigits__sta4__fixed-ry__L1__lr0.01__bs32__seed0__final.json,1,1,"{""complete"": 1}",16,4323708928,4123.41015625,133.12158437963723,95.4375395124752,33.340456,6.553944,39.894400000000005,4324450304,4124.1171875,True,16,84.0,6.25,72611.0,72602.0,2026-05-28T23:01:18.072852+00:00,2026-05-28T23:01:50.134603+00:00,results/tables/gradient_diagnostics/resource_benchmarks/manifests/pendigits__pendigits__sta4__fixed-ry__L1__lr0.01__bs32__seed0__final__pendigits__pendigits__sta4__fixed-ry__L1__lr0.01__bs32__seed0__final.json,results/tables/gradient_diagnostics/resource_benchmarks/resource_samples/pendigits__pendigits__sta4__fixed-ry__L1__lr0.01__bs32__seed0__final__pendigits__pendigits__sta4__fixed-ry__L1__lr0.01__bs32__seed0__final.jsonl,"["".venv/bin/python3"", ""scripts/gradient_diagnostics.py"", ""--manifest"", ""results/tables/gradient_diagnostics/resource_benchmarks/manifests/pendigits__pendigits__sta4__fixed-ry__L1__lr0.01__bs32__seed0__final__pendigits__pendigits__sta4__fixed-ry__L1__lr0.01__bs32__seed0__final.json"", ""--mode"", ""final"", ""--runs-root"", ""results/runs"", ""--diagnostic-batch-size"", ""32"", ""--diagnostic-seed"", ""0"", ""--near-zero-tol"", ""1e-10"", ""--n-init-seeds"", ""20"", ""--fisher-batch-size"", ""32"", ""--output"", ""results/tables/gradient_diagnostics/resource_benchmarks/diagnostics/pendigits__pendigits__sta4__fixed-ry__L1__lr0.01__bs32__seed0__final__pendigits__pendigits__sta4__fixed-ry__L1__lr0.01__bs32__seed0__final.json""]",results/tables/gradient_diagnostics/resource_benchmarks/pendigits__pendigits__sta4__fixed-ry__L1__lr0.01__bs32__seed0__final_runs.csv
complete,pendigits,configs/experiments/pendigits.json,pendigits__pendigits__sta4__fixed-ry__L1__lr0.01__bs32__seed0__init,init,pendigits__sta4__fixed-ry__L1__lr0.01__bs32__seed0,pendigits,sta4,fixed-ry,1,0,0.01,32,0,46.80127547797747,results/tables/gradient_diagnostics/resource_benchmarks/diagnostics/pendigits__pendigits__sta4__fixed-ry__L1__lr0.01__bs32__seed0__init__pendigits__pendigits__sta4__fixed-ry__L1__lr0.01__bs32__seed0__init.json,1,1,"{""complete"": 1}",23,4399390720,4195.5859375,143.19647008186925,102.46287195923509,50.019256,9.552441,59.571697,4401246208,4197.35546875,True,23,100.0,6.565217391304348,72611.0,72602.0,2026-05-28T22:05:12.433841+00:00,2026-05-28T22:05:59.235128+00:00,results/tables/gradient_diagnostics/resource_benchmarks/manifests/pendigits__pendigits__sta4__fixed-ry__L1__lr0.01__bs32__seed0__init__pendigits__pendigits__sta4__fixed-ry__L1__lr0.01__bs32__seed0__init.json,results/tables/gradient_diagnostics/resource_benchmarks/resource_samples/pendigits__pendigits__sta4__fixed-ry__L1__lr0.01__bs32__seed0__init__pendigits__pendigits__sta4__fixed-ry__L1__lr0.01__bs32__seed0__init.jsonl,"["".venv/bin/python3"", ""scripts/gradient_diagnostics.py"", ""--manifest"", ""results/tables/gradient_diagnostics/resource_benchmarks/manifests/pendigits__pendigits__sta4__fixed-ry__L1__lr0.01__bs32__seed0__init__pendigits__pendigits__sta4__fixed-ry__L1__lr0.01__bs32__seed0__init.json"", ""--mode"", ""init"", ""--runs-root"", ""results/runs"", ""--diagnostic-batch-size"", ""32"", ""--diagnostic-seed"", ""0"", ""--near-zero-tol"", ""1e-10"", ""--n-init-seeds"", ""20"", ""--fisher-batch-size"", ""32"", ""--output"", ""results/tables/gradient_diagnostics/resource_benchmarks/diagnostics/pendigits__pendigits__sta4__fixed-ry__L1__lr0.01__bs32__seed0__init__pendigits__pendigits__sta4__fixed-ry__L1__lr0.01__bs32__seed0__init.json""]",results/tables/gradient_diagnostics/resource_benchmarks/pendigits__pendigits__sta4__fixed-ry__L1__lr0.01__bs32__seed0__init_runs.csv
complete,pendigits,configs/experiments/pendigits.json,pendigits__pendigits__sta4__fixed-ry__L32__lr0.01__bs32__seed0__checkpoints,checkpoints,pendigits__sta4__fixed-ry__L32__lr0.01__bs32__seed0,pendigits,sta4,fixed-ry,32,0,0.01,32,0,349.4196729649557,results/tables/gradient_diagnostics/resource_benchmarks/diagnostics/pendigits__pendigits__sta4__fixed-ry__L32__lr0.01__bs32__seed0__checkpoints__pendigits__pendigits__sta4__fixed-ry__L32__lr0.01__bs32__seed0__checkpoints.json,8,8,"{""complete"": 8}",166,4503240704,4294.625,140.32759797904646,126.8770080112491,391.575244,66.05528199999999,457.630526,4578418688,4366.3203125,True,166,100.0,6.855421686746988,72611.0,72602.0,2026-05-28T17:10:42.119937+00:00,2026-05-28T17:16:31.539623+00:00,results/tables/gradient_diagnostics/resource_benchmarks/manifests/pendigits__pendigits__sta4__fixed-ry__L32__lr0.01__bs32__seed0__checkpoints__pendigits__pendigits__sta4__fixed-ry__L32__lr0.01__bs32__seed0__checkpoints.json,results/tables/gradient_diagnostics/resource_benchmarks/resource_samples/pendigits__pendigits__sta4__fixed-ry__L32__lr0.01__bs32__seed0__checkpoints__pendigits__pendigits__sta4__fixed-ry__L32__lr0.01__bs32__seed0__checkpoints.jsonl,"["".venv/bin/python3"", ""scripts/gradient_diagnostics.py"", ""--manifest"", ""results/tables/gradient_diagnostics/resource_benchmarks/manifests/pendigits__pendigits__sta4__fixed-ry__L32__lr0.01__bs32__seed0__checkpoints__pendigits__pendigits__sta4__fixed-ry__L32__lr0.01__bs32__seed0__checkpoints.json"", ""--mode"", ""checkpoints"", ""--runs-root"", ""results/runs"", ""--diagnostic-batch-size"", ""32"", ""--diagnostic-seed"", ""0"", ""--near-zero-tol"", ""1e-10"", ""--n-init-seeds"", ""20"", ""--fisher-batch-size"", ""32"", ""--output"", ""results/tables/gradient_diagnostics/resource_benchmarks/diagnostics/pendigits__pendigits__sta4__fixed-ry__L32__lr0.01__bs32__seed0__checkpoints__pendigits__pendigits__sta4__fixed-ry__L32__lr0.01__bs32__seed0__checkpoints.json""]",results/tables/gradient_diagnostics/resource_benchmarks/pendigits__pendigits__sta4__fixed-ry__L32__lr0.01__bs32__seed0__checkpoints_runs.csv
complete,pendigits,configs/experiments/pendigits.json,pendigits__pendigits__sta4__fixed-ry__L32__lr0.01__bs32__seed0__final,final,pendigits__sta4__fixed-ry__L32__lr0.01__bs32__seed0,pendigits,sta4,fixed-ry,32,0,0.01,32,0,80.04874690703582,results/tables/gradient_diagnostics/resource_benchmarks/diagnostics/pendigits__pendigits__sta4__fixed-ry__L32__lr0.01__bs32__seed0__final__pendigits__pendigits__sta4__fixed-ry__L32__lr0.01__bs32__seed0__final.json,1,1,"{""complete"": 1}",38,4494573568,4286.359375,140.40495706746697,108.15708992277568,83.36013200000001,14.535048,97.89518000000001,4569124864,4357.45703125,True,38,64.0,5.605263157894737,72611.0,72602.0,2026-05-28T20:50:48.816664+00:00,2026-05-28T20:52:08.865423+00:00,results/tables/gradient_diagnostics/resource_benchmarks/manifests/pendigits__pendigits__sta4__fixed-ry__L32__lr0.01__bs32__seed0__final__pendigits__pendigits__sta4__fixed-ry__L32__lr0.01__bs32__seed0__final.json,results/tables/gradient_diagnostics/resource_benchmarks/resource_samples/pendigits__pendigits__sta4__fixed-ry__L32__lr0.01__bs32__seed0__final__pendigits__pendigits__sta4__fixed-ry__L32__lr0.01__bs32__seed0__final.jsonl,"["".venv/bin/python3"", ""scripts/gradient_diagnostics.py"", ""--manifest"", ""results/tables/gradient_diagnostics/resource_benchmarks/manifests/pendigits__pendigits__sta4__fixed-ry__L32__lr0.01__bs32__seed0__final__pendigits__pendigits__sta4__fixed-ry__L32__lr0.01__bs32__seed0__final.json"", ""--mode"", ""final"", ""--runs-root"", ""results/runs"", ""--diagnostic-batch-size"", ""32"", ""--diagnostic-seed"", ""0"", ""--near-zero-tol"", ""1e-10"", ""--n-init-seeds"", ""20"", ""--fisher-batch-size"", ""32"", ""--output"", ""results/tables/gradient_diagnostics/resource_benchmarks/diagnostics/pendigits__pendigits__sta4__fixed-ry__L32__lr0.01__bs32__seed0__final__pendigits__pendigits__sta4__fixed-ry__L32__lr0.01__bs32__seed0__final.json""]",results/tables/gradient_diagnostics/resource_benchmarks/pendigits__pendigits__sta4__fixed-ry__L32__lr0.01__bs32__seed0__final_runs.csv
complete,pendigits,configs/experiments/pendigits.json,pendigits__pendigits__sta4__fixed-ry__L32__lr0.01__bs32__seed0__init,init,pendigits__sta4__fixed-ry__L32__lr0.01__bs32__seed0,pendigits,sta4,fixed-ry,32,0,0.01,32,0,406.5450355099747,results/tables/gradient_diagnostics/resource_benchmarks/diagnostics/pendigits__pendigits__sta4__fixed-ry__L32__lr0.01__bs32__seed0__init__pendigits__pendigits__sta4__fixed-ry__L32__lr0.01__bs32__seed0__init.json,1,1,"{""complete"": 1}",193,4566163456,4354.6328125,141.70847935864066,131.22538979378984,464.50753,85.199728,549.7072579999999,4640874496,4425.8828125,True,193,100.0,7.580310880829016,72611.0,72602.0,2026-05-28T16:24:24.522269+00:00,2026-05-28T16:31:11.067311+00:00,results/tables/gradient_diagnostics/resource_benchmarks/manifests/pendigits__pendigits__sta4__fixed-ry__L32__lr0.01__bs32__seed0__init__pendigits__pendigits__sta4__fixed-ry__L32__lr0.01__bs32__seed0__init.json,results/tables/gradient_diagnostics/resource_benchmarks/resource_samples/pendigits__pendigits__sta4__fixed-ry__L32__lr0.01__bs32__seed0__init__pendigits__pendigits__sta4__fixed-ry__L32__lr0.01__bs32__seed0__init.jsonl,"["".venv/bin/python3"", ""scripts/gradient_diagnostics.py"", ""--manifest"", ""results/tables/gradient_diagnostics/resource_benchmarks/manifests/pendigits__pendigits__sta4__fixed-ry__L32__lr0.01__bs32__seed0__init__pendigits__pendigits__sta4__fixed-ry__L32__lr0.01__bs32__seed0__init.json"", ""--mode"", ""init"", ""--runs-root"", ""results/runs"", ""--diagnostic-batch-size"", ""32"", ""--diagnostic-seed"", ""0"", ""--near-zero-tol"", ""1e-10"", ""--n-init-seeds"", ""20"", ""--fisher-batch-size"", ""32"", ""--output"", ""results/tables/gradient_diagnostics/resource_benchmarks/diagnostics/pendigits__pendigits__sta4__fixed-ry__L32__lr0.01__bs32__seed0__init__pendigits__pendigits__sta4__fixed-ry__L32__lr0.01__bs32__seed0__init.json""]",results/tables/gradient_diagnostics/resource_benchmarks/pendigits__pendigits__sta4__fixed-ry__L32__lr0.01__bs32__seed0__init_runs.csv
complete,pendigits,configs/experiments/pendigits.json,pendigits__pendigits__sta4__fixed-ry__L8__lr0.01__bs32__seed0__checkpoints,checkpoints,pendigits__sta4__fixed-ry__L8__lr0.01__bs32__seed0,pendigits,sta4,fixed-ry,8,0,0.01,32,0,112.4200872980291,results/tables/gradient_diagnostics/resource_benchmarks/diagnostics/pendigits__pendigits__sta4__fixed-ry__L8__lr0.01__bs32__seed0__checkpoints__pendigits__pendigits__sta4__fixed-ry__L8__lr0.01__bs32__seed0__checkpoints.json,8,8,"{""complete"": 8}",54,4390993920,4187.578125,138.318963204543,118.82204299384296,122.689086,22.126075999999998,144.815162,4432695296,4227.34765625,True,54,100.0,6.425925925925926,72611.0,72602.0,2026-05-28T19:55:12.191778+00:00,2026-05-28T19:57:04.611876+00:00,results/tables/gradient_diagnostics/resource_benchmarks/manifests/pendigits__pendigits__sta4__fixed-ry__L8__lr0.01__bs32__seed0__checkpoints__pendigits__pendigits__sta4__fixed-ry__L8__lr0.01__bs32__seed0__checkpoints.json,results/tables/gradient_diagnostics/resource_benchmarks/resource_samples/pendigits__pendigits__sta4__fixed-ry__L8__lr0.01__bs32__seed0__checkpoints__pendigits__pendigits__sta4__fixed-ry__L8__lr0.01__bs32__seed0__checkpoints.jsonl,"["".venv/bin/python3"", ""scripts/gradient_diagnostics.py"", ""--manifest"", ""results/tables/gradient_diagnostics/resource_benchmarks/manifests/pendigits__pendigits__sta4__fixed-ry__L8__lr0.01__bs32__seed0__checkpoints__pendigits__pendigits__sta4__fixed-ry__L8__lr0.01__bs32__seed0__checkpoints.json"", ""--mode"", ""checkpoints"", ""--runs-root"", ""results/runs"", ""--diagnostic-batch-size"", ""32"", ""--diagnostic-seed"", ""0"", ""--near-zero-tol"", ""1e-10"", ""--n-init-seeds"", ""20"", ""--fisher-batch-size"", ""32"", ""--output"", ""results/tables/gradient_diagnostics/resource_benchmarks/diagnostics/pendigits__pendigits__sta4__fixed-ry__L8__lr0.01__bs32__seed0__checkpoints__pendigits__pendigits__sta4__fixed-ry__L8__lr0.01__bs32__seed0__checkpoints.json""]",results/tables/gradient_diagnostics/resource_benchmarks/pendigits__pendigits__sta4__fixed-ry__L8__lr0.01__bs32__seed0__checkpoints_runs.csv
complete,pendigits,configs/experiments/pendigits.json,pendigits__pendigits__sta4__fixed-ry__L8__lr0.01__bs32__seed0__final,final,pendigits__sta4__fixed-ry__L8__lr0.01__bs32__seed0,pendigits,sta4,fixed-ry,8,0,0.01,32,0,47.448707731906325,results/tables/gradient_diagnostics/resource_benchmarks/diagnostics/pendigits__pendigits__sta4__fixed-ry__L8__lr0.01__bs32__seed0__final__pendigits__pendigits__sta4__fixed-ry__L8__lr0.01__bs32__seed0__final.json,1,1,"{""complete"": 1}",23,4368310272,4165.9453125,134.770090244027,96.981828658505,47.363037,8.841543,56.20458,4470947840,4263.828125,True,23,100.0,5.695652173913044,72611.0,72602.0,2026-05-28T22:10:13.198190+00:00,2026-05-28T22:11:00.646911+00:00,results/tables/gradient_diagnostics/resource_benchmarks/manifests/pendigits__pendigits__sta4__fixed-ry__L8__lr0.01__bs32__seed0__final__pendigits__pendigits__sta4__fixed-ry__L8__lr0.01__bs32__seed0__final.json,results/tables/gradient_diagnostics/resource_benchmarks/resource_samples/pendigits__pendigits__sta4__fixed-ry__L8__lr0.01__bs32__seed0__final__pendigits__pendigits__sta4__fixed-ry__L8__lr0.01__bs32__seed0__final.jsonl,"["".venv/bin/python3"", ""scripts/gradient_diagnostics.py"", ""--manifest"", ""results/tables/gradient_diagnostics/resource_benchmarks/manifests/pendigits__pendigits__sta4__fixed-ry__L8__lr0.01__bs32__seed0__final__pendigits__pendigits__sta4__fixed-ry__L8__lr0.01__bs32__seed0__final.json"", ""--mode"", ""final"", ""--runs-root"", ""results/runs"", ""--diagnostic-batch-size"", ""32"", ""--diagnostic-seed"", ""0"", ""--near-zero-tol"", ""1e-10"", ""--n-init-seeds"", ""20"", ""--fisher-batch-size"", ""32"", ""--output"", ""results/tables/gradient_diagnostics/resource_benchmarks/diagnostics/pendigits__pendigits__sta4__fixed-ry__L8__lr0.01__bs32__seed0__final__pendigits__pendigits__sta4__fixed-ry__L8__lr0.01__bs32__seed0__final.json""]",results/tables/gradient_diagnostics/resource_benchmarks/pendigits__pendigits__sta4__fixed-ry__L8__lr0.01__bs32__seed0__final_runs.csv
complete,pendigits,configs/experiments/pendigits.json,pendigits__pendigits__sta4__fixed-ry__L8__lr0.01__bs32__seed0__init,init,pendigits__sta4__fixed-ry__L8__lr0.01__bs32__seed0,pendigits,sta4,fixed-ry,8,0,0.01,32,0,133.18982452899218,results/tables/gradient_diagnostics/resource_benchmarks/diagnostics/pendigits__pendigits__sta4__fixed-ry__L8__lr0.01__bs32__seed0__init__pendigits__pendigits__sta4__fixed-ry__L8__lr0.01__bs32__seed0__init.json,1,1,"{""complete"": 1}",64,4498878464,4290.46484375,141.5396991671546,120.48646039181865,148.574659,26.479558,175.054217,4499398656,4290.9609375,True,64,10.0,4.28125,72613.0,72604.0,2026-05-28T19:30:28.228164+00:00,2026-05-28T19:32:41.417995+00:00,results/tables/gradient_diagnostics/resource_benchmarks/manifests/pendigits__pendigits__sta4__fixed-ry__L8__lr0.01__bs32__seed0__init__pendigits__pendigits__sta4__fixed-ry__L8__lr0.01__bs32__seed0__init.json,results/tables/gradient_diagnostics/resource_benchmarks/resource_samples/pendigits__pendigits__sta4__fixed-ry__L8__lr0.01__bs32__seed0__init__pendigits__pendigits__sta4__fixed-ry__L8__lr0.01__bs32__seed0__init.jsonl,"["".venv/bin/python3"", ""scripts/gradient_diagnostics.py"", ""--manifest"", ""results/tables/gradient_diagnostics/resource_benchmarks/manifests/pendigits__pendigits__sta4__fixed-ry__L8__lr0.01__bs32__seed0__init__pendigits__pendigits__sta4__fixed-ry__L8__lr0.01__bs32__seed0__init.json"", ""--mode"", ""init"", ""--runs-root"", ""results/runs"", ""--diagnostic-batch-size"", ""32"", ""--diagnostic-seed"", ""0"", ""--near-zero-tol"", ""1e-10"", ""--n-init-seeds"", ""20"", ""--fisher-batch-size"", ""32"", ""--output"", ""results/tables/gradient_diagnostics/resource_benchmarks/diagnostics/pendigits__pendigits__sta4__fixed-ry__L8__lr0.01__bs32__seed0__init__pendigits__pendigits__sta4__fixed-ry__L8__lr0.01__bs32__seed0__init.json""]",results/tables/gradient_diagnostics/resource_benchmarks/pendigits__pendigits__sta4__fixed-ry__L8__lr0.01__bs32__seed0__init_runs.csv
complete,pendigits,configs/experiments/pendigits.json,pendigits__pendigits__sta4__non-overlap-patch-block-hamiltonian__L1__lr0.01__bs32__seed0__checkpoints,checkpoints,pendigits__sta4__non-overlap-patch-block-hamiltonian__L1__lr0.01__bs32__seed0,pendigits,sta4,non-overlap-patch-block-hamiltonian,1,0,0.01,32,0,28.00157246296294,results/tables/gradient_diagnostics/resource_benchmarks/diagnostics/pendigits__pendigits__sta4__non-overlap-patch-block-hamiltonian__L1__lr0.01__bs32__seed0__checkpoints__pendigits__pendigits__sta4__non-overlap-patch-block-hamiltonian__L1__lr0.01__bs32__seed0__checkpoints.json,8,8,"{""complete"": 8}",14,4102316032,3912.2734375,133.4490684669846,92.2150744872166,25.916714,5.644442,31.561155999999997,4171743232,3978.484375,True,14,4.0,0.9285714285714286,72611.0,72602.0,2026-05-28T22:37:59.101998+00:00,2026-05-28T22:38:27.103578+00:00,results/tables/gradient_diagnostics/resource_benchmarks/manifests/pendigits__pendigits__sta4__non-overlap-patch-block-hamiltonian__L1__lr0.01__bs32__seed0__checkpoints__pendigits__pendigits__sta4__non-overlap-patch-block-hamiltonian__L1__lr0.01__bs32__seed0__checkpoints.json,results/tables/gradient_diagnostics/resource_benchmarks/resource_samples/pendigits__pendigits__sta4__non-overlap-patch-block-hamiltonian__L1__lr0.01__bs32__seed0__checkpoints__pendigits__pendigits__sta4__non-overlap-patch-block-hamiltonian__L1__lr0.01__bs32__seed0__checkpoints.jsonl,"["".venv/bin/python3"", ""scripts/gradient_diagnostics.py"", ""--manifest"", ""results/tables/gradient_diagnostics/resource_benchmarks/manifests/pendigits__pendigits__sta4__non-overlap-patch-block-hamiltonian__L1__lr0.01__bs32__seed0__checkpoints__pendigits__pendigits__sta4__non-overlap-patch-block-hamiltonian__L1__lr0.01__bs32__seed0__checkpoints.json"", ""--mode"", ""checkpoints"", ""--runs-root"", ""results/runs"", ""--diagnostic-batch-size"", ""32"", ""--diagnostic-seed"", ""0"", ""--near-zero-tol"", ""1e-10"", ""--n-init-seeds"", ""20"", ""--fisher-batch-size"", ""32"", ""--output"", ""results/tables/gradient_diagnostics/resource_benchmarks/diagnostics/pendigits__pendigits__sta4__non-overlap-patch-block-hamiltonian__L1__lr0.01__bs32__seed0__checkpoints__pendigits__pendigits__sta4__non-overlap-patch-block-hamiltonian__L1__lr0.01__bs32__seed0__checkpoints.json""]",results/tables/gradient_diagnostics/resource_benchmarks/pendigits__pendigits__sta4__non-overlap-patch-block-hamiltonian__L1__lr0.01__bs32__seed0__checkpoints_runs.csv
complete,pendigits,configs/experiments/pendigits.json,pendigits__pendigits__sta4__non-overlap-patch-block-hamiltonian__L1__lr0.01__bs32__seed0__final,final,pendigits__sta4__non-overlap-patch-block-hamiltonian__L1__lr0.01__bs32__seed0,pendigits,sta4,non-overlap-patch-block-hamiltonian,1,0,0.01,32,0,22.565026925993152,results/tables/gradient_diagnostics/resource_benchmarks/diagnostics/pendigits__pendigits__sta4__non-overlap-patch-block-hamiltonian__L1__lr0.01__bs32__seed0__final__pendigits__pendigits__sta4__non-overlap-patch-block-hamiltonian__L1__lr0.01__bs32__seed0__final.json,1,1,"{""complete"": 1}",11,4098437120,3908.57421875,111.62895049850731,90.75344238529105,21.234934,4.396043000000001,25.630977,4201611264,4006.96875,True,11,23.0,2.4545454545454546,72611.0,72602.0,2026-05-28T22:44:00.157813+00:00,2026-05-28T22:44:22.722847+00:00,results/tables/gradient_diagnostics/resource_benchmarks/manifests/pendigits__pendigits__sta4__non-overlap-patch-block-hamiltonian__L1__lr0.01__bs32__seed0__final__pendigits__pendigits__sta4__non-overlap-patch-block-hamiltonian__L1__lr0.01__bs32__seed0__final.json,results/tables/gradient_diagnostics/resource_benchmarks/resource_samples/pendigits__pendigits__sta4__non-overlap-patch-block-hamiltonian__L1__lr0.01__bs32__seed0__final__pendigits__pendigits__sta4__non-overlap-patch-block-hamiltonian__L1__lr0.01__bs32__seed0__final.jsonl,"["".venv/bin/python3"", ""scripts/gradient_diagnostics.py"", ""--manifest"", ""results/tables/gradient_diagnostics/resource_benchmarks/manifests/pendigits__pendigits__sta4__non-overlap-patch-block-hamiltonian__L1__lr0.01__bs32__seed0__final__pendigits__pendigits__sta4__non-overlap-patch-block-hamiltonian__L1__lr0.01__bs32__seed0__final.json"", ""--mode"", ""final"", ""--runs-root"", ""results/runs"", ""--diagnostic-batch-size"", ""32"", ""--diagnostic-seed"", ""0"", ""--near-zero-tol"", ""1e-10"", ""--n-init-seeds"", ""20"", ""--fisher-batch-size"", ""32"", ""--output"", ""results/tables/gradient_diagnostics/resource_benchmarks/diagnostics/pendigits__pendigits__sta4__non-overlap-patch-block-hamiltonian__L1__lr0.01__bs32__seed0__final__pendigits__pendigits__sta4__non-overlap-patch-block-hamiltonian__L1__lr0.01__bs32__seed0__final.json""]",results/tables/gradient_diagnostics/resource_benchmarks/pendigits__pendigits__sta4__non-overlap-patch-block-hamiltonian__L1__lr0.01__bs32__seed0__final_runs.csv
complete,pendigits,configs/experiments/pendigits.json,pendigits__pendigits__sta4__non-overlap-patch-block-hamiltonian__L1__lr0.01__bs32__seed0__init,init,pendigits__sta4__non-overlap-patch-block-hamiltonian__L1__lr0.01__bs32__seed0,pendigits,sta4,non-overlap-patch-block-hamiltonian,1,0,0.01,32,0,33.2051590179326,results/tables/gradient_diagnostics/resource_benchmarks/diagnostics/pendigits__pendigits__sta4__non-overlap-patch-block-hamiltonian__L1__lr0.01__bs32__seed0__init__pendigits__pendigits__sta4__non-overlap-patch-block-hamiltonian__L1__lr0.01__bs32__seed0__init.json,1,1,"{""complete"": 1}",16,4198461440,4003.96484375,140.16924060875945,95.78119923664546,32.461262999999995,6.6166540000000005,39.077917,4300644352,4101.4140625,True,16,100.0,6.9375,72611.0,72602.0,2026-05-28T22:56:08.761981+00:00,2026-05-28T22:56:41.967153+00:00,results/tables/gradient_diagnostics/resource_benchmarks/manifests/pendigits__pendigits__sta4__non-overlap-patch-block-hamiltonian__L1__lr0.01__bs32__seed0__init__pendigits__pendigits__sta4__non-overlap-patch-block-hamiltonian__L1__lr0.01__bs32__seed0__init.json,results/tables/gradient_diagnostics/resource_benchmarks/resource_samples/pendigits__pendigits__sta4__non-overlap-patch-block-hamiltonian__L1__lr0.01__bs32__seed0__init__pendigits__pendigits__sta4__non-overlap-patch-block-hamiltonian__L1__lr0.01__bs32__seed0__init.jsonl,"["".venv/bin/python3"", ""scripts/gradient_diagnostics.py"", ""--manifest"", ""results/tables/gradient_diagnostics/resource_benchmarks/manifests/pendigits__pendigits__sta4__non-overlap-patch-block-hamiltonian__L1__lr0.01__bs32__seed0__init__pendigits__pendigits__sta4__non-overlap-patch-block-hamiltonian__L1__lr0.01__bs32__seed0__init.json"", ""--mode"", ""init"", ""--runs-root"", ""results/runs"", ""--diagnostic-batch-size"", ""32"", ""--diagnostic-seed"", ""0"", ""--near-zero-tol"", ""1e-10"", ""--n-init-seeds"", ""20"", ""--fisher-batch-size"", ""32"", ""--output"", ""results/tables/gradient_diagnostics/resource_benchmarks/diagnostics/pendigits__pendigits__sta4__non-overlap-patch-block-hamiltonian__L1__lr0.01__bs32__seed0__init__pendigits__pendigits__sta4__non-overlap-patch-block-hamiltonian__L1__lr0.01__bs32__seed0__init.json""]",results/tables/gradient_diagnostics/resource_benchmarks/pendigits__pendigits__sta4__non-overlap-patch-block-hamiltonian__L1__lr0.01__bs32__seed0__init_runs.csv
complete,pendigits,configs/experiments/pendigits.json,pendigits__pendigits__sta4__non-overlap-patch-block-hamiltonian__L32__lr0.01__bs32__seed0__checkpoints,checkpoints,pendigits__sta4__non-overlap-patch-block-hamiltonian__L32__lr0.01__bs32__seed0,pendigits,sta4,non-overlap-patch-block-hamiltonian,32,0,0.01,32,0,173.05828560795635,results/tables/gradient_diagnostics/resource_benchmarks/diagnostics/pendigits__pendigits__sta4__non-overlap-patch-block-hamiltonian__L32__lr0.01__bs32__seed0__checkpoints__pendigits__pendigits__sta4__non-overlap-patch-block-hamiltonian__L32__lr0.01__bs32__seed0__checkpoints.json,8,8,"{""complete"": 8}",82,4631273472,4416.7265625,142.68450361779435,122.02478188267798,187.529606,33.495687000000004,221.025293,4693360640,4475.9375,True,82,98.0,4.2682926829268295,72611.0,72602.0,2026-05-28T18:55:47.430033+00:00,2026-05-28T18:58:40.488325+00:00,results/tables/gradient_diagnostics/resource_benchmarks/manifests/pendigits__pendigits__sta4__non-overlap-patch-block-hamiltonian__L32__lr0.01__bs32__seed0__checkpoints__pendigits__pendigits__sta4__non-overlap-patch-block-hamiltonian__L32__lr0.01__bs32__seed0__checkpoints.json,results/tables/gradient_diagnostics/resource_benchmarks/resource_samples/pendigits__pendigits__sta4__non-overlap-patch-block-hamiltonian__L32__lr0.01__bs32__seed0__checkpoints__pendigits__pendigits__sta4__non-overlap-patch-block-hamiltonian__L32__lr0.01__bs32__seed0__checkpoints.jsonl,"["".venv/bin/python3"", ""scripts/gradient_diagnostics.py"", ""--manifest"", ""results/tables/gradient_diagnostics/resource_benchmarks/manifests/pendigits__pendigits__sta4__non-overlap-patch-block-hamiltonian__L32__lr0.01__bs32__seed0__checkpoints__pendigits__pendigits__sta4__non-overlap-patch-block-hamiltonian__L32__lr0.01__bs32__seed0__checkpoints.json"", ""--mode"", ""checkpoints"", ""--runs-root"", ""results/runs"", ""--diagnostic-batch-size"", ""32"", ""--diagnostic-seed"", ""0"", ""--near-zero-tol"", ""1e-10"", ""--n-init-seeds"", ""20"", ""--fisher-batch-size"", ""32"", ""--output"", ""results/tables/gradient_diagnostics/resource_benchmarks/diagnostics/pendigits__pendigits__sta4__non-overlap-patch-block-hamiltonian__L32__lr0.01__bs32__seed0__checkpoints__pendigits__pendigits__sta4__non-overlap-patch-block-hamiltonian__L32__lr0.01__bs32__seed0__checkpoints.json""]",results/tables/gradient_diagnostics/resource_benchmarks/pendigits__pendigits__sta4__non-overlap-patch-block-hamiltonian__L32__lr0.01__bs32__seed0__checkpoints_runs.csv
complete,pendigits,configs/experiments/pendigits.json,pendigits__pendigits__sta4__non-overlap-patch-block-hamiltonian__L32__lr0.01__bs32__seed0__final,final,pendigits__sta4__non-overlap-patch-block-hamiltonian__L32__lr0.01__bs32__seed0,pendigits,sta4,non-overlap-patch-block-hamiltonian,32,0,0.01,32,0,56.431524181040004,results/tables/gradient_diagnostics/resource_benchmarks/diagnostics/pendigits__pendigits__sta4__non-overlap-patch-block-hamiltonian__L32__lr0.01__bs32__seed0__final__pendigits__pendigits__sta4__non-overlap-patch-block-hamiltonian__L32__lr0.01__bs32__seed0__final.json,1,1,"{""complete"": 1}",27,4599033856,4385.98046875,141.86181202901844,94.29368373942769,52.031491,10.20299,62.234481,4687245312,4470.10546875,True,27,95.0,4.518518518518518,72611.0,72602.0,2026-05-28T21:24:50.203745+00:00,2026-05-28T21:25:46.635281+00:00,results/tables/gradient_diagnostics/resource_benchmarks/manifests/pendigits__pendigits__sta4__non-overlap-patch-block-hamiltonian__L32__lr0.01__bs32__seed0__final__pendigits__pendigits__sta4__non-overlap-patch-block-hamiltonian__L32__lr0.01__bs32__seed0__final.json,results/tables/gradient_diagnostics/resource_benchmarks/resource_samples/pendigits__pendigits__sta4__non-overlap-patch-block-hamiltonian__L32__lr0.01__bs32__seed0__final__pendigits__pendigits__sta4__non-overlap-patch-block-hamiltonian__L32__lr0.01__bs32__seed0__final.jsonl,"["".venv/bin/python3"", ""scripts/gradient_diagnostics.py"", ""--manifest"", ""results/tables/gradient_diagnostics/resource_benchmarks/manifests/pendigits__pendigits__sta4__non-overlap-patch-block-hamiltonian__L32__lr0.01__bs32__seed0__final__pendigits__pendigits__sta4__non-overlap-patch-block-hamiltonian__L32__lr0.01__bs32__seed0__final.json"", ""--mode"", ""final"", ""--runs-root"", ""results/runs"", ""--diagnostic-batch-size"", ""32"", ""--diagnostic-seed"", ""0"", ""--near-zero-tol"", ""1e-10"", ""--n-init-seeds"", ""20"", ""--fisher-batch-size"", ""32"", ""--output"", ""results/tables/gradient_diagnostics/resource_benchmarks/diagnostics/pendigits__pendigits__sta4__non-overlap-patch-block-hamiltonian__L32__lr0.01__bs32__seed0__final__pendigits__pendigits__sta4__non-overlap-patch-block-hamiltonian__L32__lr0.01__bs32__seed0__final.json""]",results/tables/gradient_diagnostics/resource_benchmarks/pendigits__pendigits__sta4__non-overlap-patch-block-hamiltonian__L32__lr0.01__bs32__seed0__final_runs.csv
complete,pendigits,configs/experiments/pendigits.json,pendigits__pendigits__sta4__non-overlap-patch-block-hamiltonian__L32__lr0.01__bs32__seed0__init,init,pendigits__sta4__non-overlap-patch-block-hamiltonian__L32__lr0.01__bs32__seed0,pendigits,sta4,non-overlap-patch-block-hamiltonian,32,0,0.01,32,0,209.1946172429016,results/tables/gradient_diagnostics/resource_benchmarks/diagnostics/pendigits__pendigits__sta4__non-overlap-patch-block-hamiltonian__L32__lr0.01__bs32__seed0__init__pendigits__pendigits__sta4__non-overlap-patch-block-hamiltonian__L32__lr0.01__bs32__seed0__init.json,1,1,"{""complete"": 1}",100,4788867072,4567.01953125,142.09607997491716,124.13743965908441,233.140286,42.024229999999996,275.164516,4794966016,4572.8359375,True,100,85.0,4.13,72613.0,72604.0,2026-05-28T17:50:30.133103+00:00,2026-05-28T17:53:59.327733+00:00,results/tables/gradient_diagnostics/resource_benchmarks/manifests/pendigits__pendigits__sta4__non-overlap-patch-block-hamiltonian__L32__lr0.01__bs32__seed0__init__pendigits__pendigits__sta4__non-overlap-patch-block-hamiltonian__L32__lr0.01__bs32__seed0__init.json,results/tables/gradient_diagnostics/resource_benchmarks/resource_samples/pendigits__pendigits__sta4__non-overlap-patch-block-hamiltonian__L32__lr0.01__bs32__seed0__init__pendigits__pendigits__sta4__non-overlap-patch-block-hamiltonian__L32__lr0.01__bs32__seed0__init.jsonl,"["".venv/bin/python3"", ""scripts/gradient_diagnostics.py"", ""--manifest"", ""results/tables/gradient_diagnostics/resource_benchmarks/manifests/pendigits__pendigits__sta4__non-overlap-patch-block-hamiltonian__L32__lr0.01__bs32__seed0__init__pendigits__pendigits__sta4__non-overlap-patch-block-hamiltonian__L32__lr0.01__bs32__seed0__init.json"", ""--mode"", ""init"", ""--runs-root"", ""results/runs"", ""--diagnostic-batch-size"", ""32"", ""--diagnostic-seed"", ""0"", ""--near-zero-tol"", ""1e-10"", ""--n-init-seeds"", ""20"", ""--fisher-batch-size"", ""32"", ""--output"", ""results/tables/gradient_diagnostics/resource_benchmarks/diagnostics/pendigits__pendigits__sta4__non-overlap-patch-block-hamiltonian__L32__lr0.01__bs32__seed0__init__pendigits__pendigits__sta4__non-overlap-patch-block-hamiltonian__L32__lr0.01__bs32__seed0__init.json""]",results/tables/gradient_diagnostics/resource_benchmarks/pendigits__pendigits__sta4__non-overlap-patch-block-hamiltonian__L32__lr0.01__bs32__seed0__init_runs.csv
complete,pendigits,configs/experiments/pendigits.json,pendigits__pendigits__sta4__non-overlap-patch-block-hamiltonian__L8__lr0.01__bs32__seed0__checkpoints,checkpoints,pendigits__sta4__non-overlap-patch-block-hamiltonian__L8__lr0.01__bs32__seed0,pendigits,sta4,non-overlap-patch-block-hamiltonian,8,0,0.01,32,0,64.1586159770377,results/tables/gradient_diagnostics/resource_benchmarks/diagnostics/pendigits__pendigits__sta4__non-overlap-patch-block-hamiltonian__L8__lr0.01__bs32__seed0__checkpoints__pendigits__pendigits__sta4__non-overlap-patch-block-hamiltonian__L8__lr0.01__bs32__seed0__checkpoints.json,8,8,"{""complete"": 8}",31,4227616768,4031.76953125,139.67069905603353,106.46338386042868,62.98839100000001,12.343784000000001,75.332175,4292358144,4093.51171875,True,31,67.0,4.290322580645161,72611.0,72602.0,2026-05-28T20:52:19.973178+00:00,2026-05-28T20:53:24.131806+00:00,results/tables/gradient_diagnostics/resource_benchmarks/manifests/pendigits__pendigits__sta4__non-overlap-patch-block-hamiltonian__L8__lr0.01__bs32__seed0__checkpoints__pendigits__pendigits__sta4__non-overlap-patch-block-hamiltonian__L8__lr0.01__bs32__seed0__checkpoints.json,results/tables/gradient_diagnostics/resource_benchmarks/resource_samples/pendigits__pendigits__sta4__non-overlap-patch-block-hamiltonian__L8__lr0.01__bs32__seed0__checkpoints__pendigits__pendigits__sta4__non-overlap-patch-block-hamiltonian__L8__lr0.01__bs32__seed0__checkpoints.jsonl,"["".venv/bin/python3"", ""scripts/gradient_diagnostics.py"", ""--manifest"", ""results/tables/gradient_diagnostics/resource_benchmarks/manifests/pendigits__pendigits__sta4__non-overlap-patch-block-hamiltonian__L8__lr0.01__bs32__seed0__checkpoints__pendigits__pendigits__sta4__non-overlap-patch-block-hamiltonian__L8__lr0.01__bs32__seed0__checkpoints.json"", ""--mode"", ""checkpoints"", ""--runs-root"", ""results/runs"", ""--diagnostic-batch-size"", ""32"", ""--diagnostic-seed"", ""0"", ""--near-zero-tol"", ""1e-10"", ""--n-init-seeds"", ""20"", ""--fisher-batch-size"", ""32"", ""--output"", ""results/tables/gradient_diagnostics/resource_benchmarks/diagnostics/pendigits__pendigits__sta4__non-overlap-patch-block-hamiltonian__L8__lr0.01__bs32__seed0__checkpoints__pendigits__pendigits__sta4__non-overlap-patch-block-hamiltonian__L8__lr0.01__bs32__seed0__checkpoints.json""]",results/tables/gradient_diagnostics/resource_benchmarks/pendigits__pendigits__sta4__non-overlap-patch-block-hamiltonian__L8__lr0.01__bs32__seed0__checkpoints_runs.csv
complete,pendigits,configs/experiments/pendigits.json,pendigits__pendigits__sta4__non-overlap-patch-block-hamiltonian__L8__lr0.01__bs32__seed0__final,final,pendigits__sta4__non-overlap-patch-block-hamiltonian__L8__lr0.01__bs32__seed0,pendigits,sta4,non-overlap-patch-block-hamiltonian,8,0,0.01,32,0,32.215072028920986,results/tables/gradient_diagnostics/resource_benchmarks/diagnostics/pendigits__pendigits__sta4__non-overlap-patch-block-hamiltonian__L8__lr0.01__bs32__seed0__final__pendigits__pendigits__sta4__non-overlap-patch-block-hamiltonian__L8__lr0.01__bs32__seed0__final.json,1,1,"{""complete"": 1}",16,4228751360,4032.8515625,128.50213775310914,86.45412577836122,28.600764,6.081278999999999,34.682043,4311052288,4111.33984375,True,16,35.0,3.0625,72611.0,72602.0,2026-05-28T22:52:57.232138+00:00,2026-05-28T22:53:29.447220+00:00,results/tables/gradient_diagnostics/resource_benchmarks/manifests/pendigits__pendigits__sta4__non-overlap-patch-block-hamiltonian__L8__lr0.01__bs32__seed0__final__pendigits__pendigits__sta4__non-overlap-patch-block-hamiltonian__L8__lr0.01__bs32__seed0__final.json,results/tables/gradient_diagnostics/resource_benchmarks/resource_samples/pendigits__pendigits__sta4__non-overlap-patch-block-hamiltonian__L8__lr0.01__bs32__seed0__final__pendigits__pendigits__sta4__non-overlap-patch-block-hamiltonian__L8__lr0.01__bs32__seed0__final.jsonl,"["".venv/bin/python3"", ""scripts/gradient_diagnostics.py"", ""--manifest"", ""results/tables/gradient_diagnostics/resource_benchmarks/manifests/pendigits__pendigits__sta4__non-overlap-patch-block-hamiltonian__L8__lr0.01__bs32__seed0__final__pendigits__pendigits__sta4__non-overlap-patch-block-hamiltonian__L8__lr0.01__bs32__seed0__final.json"", ""--mode"", ""final"", ""--runs-root"", ""results/runs"", ""--diagnostic-batch-size"", ""32"", ""--diagnostic-seed"", ""0"", ""--near-zero-tol"", ""1e-10"", ""--n-init-seeds"", ""20"", ""--fisher-batch-size"", ""32"", ""--output"", ""results/tables/gradient_diagnostics/resource_benchmarks/diagnostics/pendigits__pendigits__sta4__non-overlap-patch-block-hamiltonian__L8__lr0.01__bs32__seed0__final__pendigits__pendigits__sta4__non-overlap-patch-block-hamiltonian__L8__lr0.01__bs32__seed0__final.json""]",results/tables/gradient_diagnostics/resource_benchmarks/pendigits__pendigits__sta4__non-overlap-patch-block-hamiltonian__L8__lr0.01__bs32__seed0__final_runs.csv
complete,pendigits,configs/experiments/pendigits.json,pendigits__pendigits__sta4__non-overlap-patch-block-hamiltonian__L8__lr0.01__bs32__seed0__init,init,pendigits__sta4__non-overlap-patch-block-hamiltonian__L8__lr0.01__bs32__seed0,pendigits,sta4,non-overlap-patch-block-hamiltonian,8,0,0.01,32,0,74.77294503292069,results/tables/gradient_diagnostics/resource_benchmarks/diagnostics/pendigits__pendigits__sta4__non-overlap-patch-block-hamiltonian__L8__lr0.01__bs32__seed0__init__pendigits__pendigits__sta4__non-overlap-patch-block-hamiltonian__L8__lr0.01__bs32__seed0__init.json,1,1,"{""complete"": 1}",36,4408381440,4204.16015625,140.84311395134444,112.73710216305783,79.602888,14.884802,94.48768999999999,4425060352,4220.06640625,True,36,33.0,3.138888888888889,72611.0,72602.0,2026-05-28T20:30:50.279406+00:00,2026-05-28T20:32:05.052364+00:00,results/tables/gradient_diagnostics/resource_benchmarks/manifests/pendigits__pendigits__sta4__non-overlap-patch-block-hamiltonian__L8__lr0.01__bs32__seed0__init__pendigits__pendigits__sta4__non-overlap-patch-block-hamiltonian__L8__lr0.01__bs32__seed0__init.json,results/tables/gradient_diagnostics/resource_benchmarks/resource_samples/pendigits__pendigits__sta4__non-overlap-patch-block-hamiltonian__L8__lr0.01__bs32__seed0__init__pendigits__pendigits__sta4__non-overlap-patch-block-hamiltonian__L8__lr0.01__bs32__seed0__init.jsonl,"["".venv/bin/python3"", ""scripts/gradient_diagnostics.py"", ""--manifest"", ""results/tables/gradient_diagnostics/resource_benchmarks/manifests/pendigits__pendigits__sta4__non-overlap-patch-block-hamiltonian__L8__lr0.01__bs32__seed0__init__pendigits__pendigits__sta4__non-overlap-patch-block-hamiltonian__L8__lr0.01__bs32__seed0__init.json"", ""--mode"", ""init"", ""--runs-root"", ""results/runs"", ""--diagnostic-batch-size"", ""32"", ""--diagnostic-seed"", ""0"", ""--near-zero-tol"", ""1e-10"", ""--n-init-seeds"", ""20"", ""--fisher-batch-size"", ""32"", ""--output"", ""results/tables/gradient_diagnostics/resource_benchmarks/diagnostics/pendigits__pendigits__sta4__non-overlap-patch-block-hamiltonian__L8__lr0.01__bs32__seed0__init__pendigits__pendigits__sta4__non-overlap-patch-block-hamiltonian__L8__lr0.01__bs32__seed0__init.json""]",results/tables/gradient_diagnostics/resource_benchmarks/pendigits__pendigits__sta4__non-overlap-patch-block-hamiltonian__L8__lr0.01__bs32__seed0__init_runs.csv
complete,pendigits,configs/experiments/pendigits.json,pendigits__pendigits__sta4__patch-su4__L1__lr0.01__bs32__seed0__checkpoints,checkpoints,pendigits__sta4__patch-su4__L1__lr0.01__bs32__seed0,pendigits,sta4,patch-su4,1,0,0.01,32,0,24.43737564003095,results/tables/gradient_diagnostics/resource_benchmarks/diagnostics/pendigits__pendigits__sta4__patch-su4__L1__lr0.01__bs32__seed0__checkpoints__pendigits__pendigits__sta4__patch-su4__L1__lr0.01__bs32__seed0__checkpoints.json,8,8,"{""complete"": 8}",12,4038365184,3851.28515625,143.52444402687573,100.09423020864125,23.624916999999996,5.08259,28.707506999999996,4116123648,3925.44140625,True,12,71.0,7.0,72611.0,72602.0,2026-05-28T23:14:41.189100+00:00,2026-05-28T23:15:05.626482+00:00,results/tables/gradient_diagnostics/resource_benchmarks/manifests/pendigits__pendigits__sta4__patch-su4__L1__lr0.01__bs32__seed0__checkpoints__pendigits__pendigits__sta4__patch-su4__L1__lr0.01__bs32__seed0__checkpoints.json,results/tables/gradient_diagnostics/resource_benchmarks/resource_samples/pendigits__pendigits__sta4__patch-su4__L1__lr0.01__bs32__seed0__checkpoints__pendigits__pendigits__sta4__patch-su4__L1__lr0.01__bs32__seed0__checkpoints.jsonl,"["".venv/bin/python3"", ""scripts/gradient_diagnostics.py"", ""--manifest"", ""results/tables/gradient_diagnostics/resource_benchmarks/manifests/pendigits__pendigits__sta4__patch-su4__L1__lr0.01__bs32__seed0__checkpoints__pendigits__pendigits__sta4__patch-su4__L1__lr0.01__bs32__seed0__checkpoints.json"", ""--mode"", ""checkpoints"", ""--runs-root"", ""results/runs"", ""--diagnostic-batch-size"", ""32"", ""--diagnostic-seed"", ""0"", ""--near-zero-tol"", ""1e-10"", ""--n-init-seeds"", ""20"", ""--fisher-batch-size"", ""32"", ""--output"", ""results/tables/gradient_diagnostics/resource_benchmarks/diagnostics/pendigits__pendigits__sta4__patch-su4__L1__lr0.01__bs32__seed0__checkpoints__pendigits__pendigits__sta4__patch-su4__L1__lr0.01__bs32__seed0__checkpoints.json""]",results/tables/gradient_diagnostics/resource_benchmarks/pendigits__pendigits__sta4__patch-su4__L1__lr0.01__bs32__seed0__checkpoints_runs.csv
complete,pendigits,configs/experiments/pendigits.json,pendigits__pendigits__sta4__patch-su4__L1__lr0.01__bs32__seed0__final,final,pendigits__sta4__patch-su4__L1__lr0.01__bs32__seed0,pendigits,sta4,patch-su4,1,0,0.01,32,0,20.05222083895933,results/tables/gradient_diagnostics/resource_benchmarks/diagnostics/pendigits__pendigits__sta4__patch-su4__L1__lr0.01__bs32__seed0__final__pendigits__pendigits__sta4__patch-su4__L1__lr0.01__bs32__seed0__final.json,1,1,"{""complete"": 1}",10,4037595136,3850.55078125,111.22202197473337,89.85849669214628,18.293294,4.004705,22.297999,4110594048,3920.16796875,True,10,81.0,8.6,72611.0,72602.0,2026-05-28T23:18:12.492171+00:00,2026-05-28T23:18:32.544398+00:00,results/tables/gradient_diagnostics/resource_benchmarks/manifests/pendigits__pendigits__sta4__patch-su4__L1__lr0.01__bs32__seed0__final__pendigits__pendigits__sta4__patch-su4__L1__lr0.01__bs32__seed0__final.json,results/tables/gradient_diagnostics/resource_benchmarks/resource_samples/pendigits__pendigits__sta4__patch-su4__L1__lr0.01__bs32__seed0__final__pendigits__pendigits__sta4__patch-su4__L1__lr0.01__bs32__seed0__final.jsonl,"["".venv/bin/python3"", ""scripts/gradient_diagnostics.py"", ""--manifest"", ""results/tables/gradient_diagnostics/resource_benchmarks/manifests/pendigits__pendigits__sta4__patch-su4__L1__lr0.01__bs32__seed0__final__pendigits__pendigits__sta4__patch-su4__L1__lr0.01__bs32__seed0__final.json"", ""--mode"", ""final"", ""--runs-root"", ""results/runs"", ""--diagnostic-batch-size"", ""32"", ""--diagnostic-seed"", ""0"", ""--near-zero-tol"", ""1e-10"", ""--n-init-seeds"", ""20"", ""--fisher-batch-size"", ""32"", ""--output"", ""results/tables/gradient_diagnostics/resource_benchmarks/diagnostics/pendigits__pendigits__sta4__patch-su4__L1__lr0.01__bs32__seed0__final__pendigits__pendigits__sta4__patch-su4__L1__lr0.01__bs32__seed0__final.json""]",results/tables/gradient_diagnostics/resource_benchmarks/pendigits__pendigits__sta4__patch-su4__L1__lr0.01__bs32__seed0__final_runs.csv
complete,pendigits,configs/experiments/pendigits.json,pendigits__pendigits__sta4__patch-su4__L1__lr0.01__bs32__seed0__init,init,pendigits__sta4__patch-su4__L1__lr0.01__bs32__seed0,pendigits,sta4,patch-su4,1,0,0.01,32,0,30.034611676004715,results/tables/gradient_diagnostics/resource_benchmarks/diagnostics/pendigits__pendigits__sta4__patch-su4__L1__lr0.01__bs32__seed0__init__pendigits__pendigits__sta4__patch-su4__L1__lr0.01__bs32__seed0__init.json,1,1,"{""complete"": 1}",15,4077174784,3888.296875,148.3334920320191,96.6116597000178,29.143665,6.328898000000001,35.472563,4121055232,3930.14453125,True,15,96.0,7.133333333333334,72611.0,72602.0,2026-05-28T23:09:13.580780+00:00,2026-05-28T23:09:43.615405+00:00,results/tables/gradient_diagnostics/resource_benchmarks/manifests/pendigits__pendigits__sta4__patch-su4__L1__lr0.01__bs32__seed0__init__pendigits__pendigits__sta4__patch-su4__L1__lr0.01__bs32__seed0__init.json,results/tables/gradient_diagnostics/resource_benchmarks/resource_samples/pendigits__pendigits__sta4__patch-su4__L1__lr0.01__bs32__seed0__init__pendigits__pendigits__sta4__patch-su4__L1__lr0.01__bs32__seed0__init.jsonl,"["".venv/bin/python3"", ""scripts/gradient_diagnostics.py"", ""--manifest"", ""results/tables/gradient_diagnostics/resource_benchmarks/manifests/pendigits__pendigits__sta4__patch-su4__L1__lr0.01__bs32__seed0__init__pendigits__pendigits__sta4__patch-su4__L1__lr0.01__bs32__seed0__init.json"", ""--mode"", ""init"", ""--runs-root"", ""results/runs"", ""--diagnostic-batch-size"", ""32"", ""--diagnostic-seed"", ""0"", ""--near-zero-tol"", ""1e-10"", ""--n-init-seeds"", ""20"", ""--fisher-batch-size"", ""32"", ""--output"", ""results/tables/gradient_diagnostics/resource_benchmarks/diagnostics/pendigits__pendigits__sta4__patch-su4__L1__lr0.01__bs32__seed0__init__pendigits__pendigits__sta4__patch-su4__L1__lr0.01__bs32__seed0__init.json""]",results/tables/gradient_diagnostics/resource_benchmarks/pendigits__pendigits__sta4__patch-su4__L1__lr0.01__bs32__seed0__init_runs.csv
complete,pendigits,configs/experiments/pendigits.json,pendigits__pendigits__sta4__patch-su4__L32__lr0.01__bs32__seed0__checkpoints,checkpoints,pendigits__sta4__patch-su4__L32__lr0.01__bs32__seed0,pendigits,sta4,patch-su4,32,0,0.01,32,0,186.44811294099782,results/tables/gradient_diagnostics/resource_benchmarks/diagnostics/pendigits__pendigits__sta4__patch-su4__L32__lr0.01__bs32__seed0__checkpoints__pendigits__pendigits__sta4__patch-su4__L32__lr0.01__bs32__seed0__checkpoints.json,8,8,"{""complete"": 8}",89,4139728896,3947.953125,149.63623450087937,131.1321571406844,209.996752,42.057348999999995,252.05410099999997,4230782976,4034.7890625,True,89,89.0,4.561797752808989,72611.0,72602.0,2026-05-28T18:31:15.037074+00:00,2026-05-28T18:34:21.485198+00:00,results/tables/gradient_diagnostics/resource_benchmarks/manifests/pendigits__pendigits__sta4__patch-su4__L32__lr0.01__bs32__seed0__checkpoints__pendigits__pendigits__sta4__patch-su4__L32__lr0.01__bs32__seed0__checkpoints.json,results/tables/gradient_diagnostics/resource_benchmarks/resource_samples/pendigits__pendigits__sta4__patch-su4__L32__lr0.01__bs32__seed0__checkpoints__pendigits__pendigits__sta4__patch-su4__L32__lr0.01__bs32__seed0__checkpoints.jsonl,"["".venv/bin/python3"", ""scripts/gradient_diagnostics.py"", ""--manifest"", ""results/tables/gradient_diagnostics/resource_benchmarks/manifests/pendigits__pendigits__sta4__patch-su4__L32__lr0.01__bs32__seed0__checkpoints__pendigits__pendigits__sta4__patch-su4__L32__lr0.01__bs32__seed0__checkpoints.json"", ""--mode"", ""checkpoints"", ""--runs-root"", ""results/runs"", ""--diagnostic-batch-size"", ""32"", ""--diagnostic-seed"", ""0"", ""--near-zero-tol"", ""1e-10"", ""--n-init-seeds"", ""20"", ""--fisher-batch-size"", ""32"", ""--output"", ""results/tables/gradient_diagnostics/resource_benchmarks/diagnostics/pendigits__pendigits__sta4__patch-su4__L32__lr0.01__bs32__seed0__checkpoints__pendigits__pendigits__sta4__patch-su4__L32__lr0.01__bs32__seed0__checkpoints.json""]",results/tables/gradient_diagnostics/resource_benchmarks/pendigits__pendigits__sta4__patch-su4__L32__lr0.01__bs32__seed0__checkpoints_runs.csv
complete,pendigits,configs/experiments/pendigits.json,pendigits__pendigits__sta4__patch-su4__L32__lr0.01__bs32__seed0__final,final,pendigits__sta4__patch-su4__L32__lr0.01__bs32__seed0,pendigits,sta4,patch-su4,32,0,0.01,32,0,45.281630315002985,results/tables/gradient_diagnostics/resource_benchmarks/diagnostics/pendigits__pendigits__sta4__patch-su4__L32__lr0.01__bs32__seed0__final__pendigits__pendigits__sta4__patch-su4__L32__lr0.01__bs32__seed0__final.json,1,1,"{""complete"": 1}",22,4133662720,3942.16796875,149.1104913642777,106.76586937031821,44.469808,9.556382000000001,54.02619,4173524992,3980.18359375,True,22,55.0,4.2272727272727275,72611.0,72602.0,2026-05-28T22:20:55.100840+00:00,2026-05-28T22:21:40.382481+00:00,results/tables/gradient_diagnostics/resource_benchmarks/manifests/pendigits__pendigits__sta4__patch-su4__L32__lr0.01__bs32__seed0__final__pendigits__pendigits__sta4__patch-su4__L32__lr0.01__bs32__seed0__final.json,results/tables/gradient_diagnostics/resource_benchmarks/resource_samples/pendigits__pendigits__sta4__patch-su4__L32__lr0.01__bs32__seed0__final__pendigits__pendigits__sta4__patch-su4__L32__lr0.01__bs32__seed0__final.jsonl,"["".venv/bin/python3"", ""scripts/gradient_diagnostics.py"", ""--manifest"", ""results/tables/gradient_diagnostics/resource_benchmarks/manifests/pendigits__pendigits__sta4__patch-su4__L32__lr0.01__bs32__seed0__final__pendigits__pendigits__sta4__patch-su4__L32__lr0.01__bs32__seed0__final.json"", ""--mode"", ""final"", ""--runs-root"", ""results/runs"", ""--diagnostic-batch-size"", ""32"", ""--diagnostic-seed"", ""0"", ""--near-zero-tol"", ""1e-10"", ""--n-init-seeds"", ""20"", ""--fisher-batch-size"", ""32"", ""--output"", ""results/tables/gradient_diagnostics/resource_benchmarks/diagnostics/pendigits__pendigits__sta4__patch-su4__L32__lr0.01__bs32__seed0__final__pendigits__pendigits__sta4__patch-su4__L32__lr0.01__bs32__seed0__final.json""]",results/tables/gradient_diagnostics/resource_benchmarks/pendigits__pendigits__sta4__patch-su4__L32__lr0.01__bs32__seed0__final_runs.csv
complete,pendigits,configs/experiments/pendigits.json,pendigits__pendigits__sta4__patch-su4__L32__lr0.01__bs32__seed0__init,init,pendigits__sta4__patch-su4__L32__lr0.01__bs32__seed0,pendigits,sta4,patch-su4,32,0,0.01,32,0,227.2937941129785,results/tables/gradient_diagnostics/resource_benchmarks/diagnostics/pendigits__pendigits__sta4__patch-su4__L32__lr0.01__bs32__seed0__init__pendigits__pendigits__sta4__patch-su4__L32__lr0.01__bs32__seed0__init.json,1,1,"{""complete"": 1}",108,4289409024,4090.69921875,149.89681103470443,134.9661855516726,263.07821,53.971181,317.049391,4252749824,4055.73828125,True,108,100.0,4.814814814814815,72613.0,72602.0,2026-05-28T18:06:01.139021+00:00,2026-05-28T18:09:48.432826+00:00,results/tables/gradient_diagnostics/resource_benchmarks/manifests/pendigits__pendigits__sta4__patch-su4__L32__lr0.01__bs32__seed0__init__pendigits__pendigits__sta4__patch-su4__L32__lr0.01__bs32__seed0__init.json,results/tables/gradient_diagnostics/resource_benchmarks/resource_samples/pendigits__pendigits__sta4__patch-su4__L32__lr0.01__bs32__seed0__init__pendigits__pendigits__sta4__patch-su4__L32__lr0.01__bs32__seed0__init.jsonl,"["".venv/bin/python3"", ""scripts/gradient_diagnostics.py"", ""--manifest"", ""results/tables/gradient_diagnostics/resource_benchmarks/manifests/pendigits__pendigits__sta4__patch-su4__L32__lr0.01__bs32__seed0__init__pendigits__pendigits__sta4__patch-su4__L32__lr0.01__bs32__seed0__init.json"", ""--mode"", ""init"", ""--runs-root"", ""results/runs"", ""--diagnostic-batch-size"", ""32"", ""--diagnostic-seed"", ""0"", ""--near-zero-tol"", ""1e-10"", ""--n-init-seeds"", ""20"", ""--fisher-batch-size"", ""32"", ""--output"", ""results/tables/gradient_diagnostics/resource_benchmarks/diagnostics/pendigits__pendigits__sta4__patch-su4__L32__lr0.01__bs32__seed0__init__pendigits__pendigits__sta4__patch-su4__L32__lr0.01__bs32__seed0__init.json""]",results/tables/gradient_diagnostics/resource_benchmarks/pendigits__pendigits__sta4__patch-su4__L32__lr0.01__bs32__seed0__init_runs.csv
complete,pendigits,configs/experiments/pendigits.json,pendigits__pendigits__sta4__patch-su4__L8__lr0.01__bs32__seed0__checkpoints,checkpoints,pendigits__sta4__patch-su4__L8__lr0.01__bs32__seed0,pendigits,sta4,patch-su4,8,0,0.01,32,0,64.16859691194259,results/tables/gradient_diagnostics/resource_benchmarks/diagnostics/pendigits__pendigits__sta4__patch-su4__L8__lr0.01__bs32__seed0__checkpoints__pendigits__pendigits__sta4__patch-su4__L8__lr0.01__bs32__seed0__checkpoints.json,8,8,"{""complete"": 8}",31,4042133504,3854.87890625,146.59246261764383,116.96444358150929,66.71266,13.662698,80.375358,4137787392,3946.1015625,True,31,100.0,6.032258064516129,72611.0,72602.0,2026-05-28T21:32:46.626999+00:00,2026-05-28T21:33:50.795609+00:00,results/tables/gradient_diagnostics/resource_benchmarks/manifests/pendigits__pendigits__sta4__patch-su4__L8__lr0.01__bs32__seed0__checkpoints__pendigits__pendigits__sta4__patch-su4__L8__lr0.01__bs32__seed0__checkpoints.json,results/tables/gradient_diagnostics/resource_benchmarks/resource_samples/pendigits__pendigits__sta4__patch-su4__L8__lr0.01__bs32__seed0__checkpoints__pendigits__pendigits__sta4__patch-su4__L8__lr0.01__bs32__seed0__checkpoints.jsonl,"["".venv/bin/python3"", ""scripts/gradient_diagnostics.py"", ""--manifest"", ""results/tables/gradient_diagnostics/resource_benchmarks/manifests/pendigits__pendigits__sta4__patch-su4__L8__lr0.01__bs32__seed0__checkpoints__pendigits__pendigits__sta4__patch-su4__L8__lr0.01__bs32__seed0__checkpoints.json"", ""--mode"", ""checkpoints"", ""--runs-root"", ""results/runs"", ""--diagnostic-batch-size"", ""32"", ""--diagnostic-seed"", ""0"", ""--near-zero-tol"", ""1e-10"", ""--n-init-seeds"", ""20"", ""--fisher-batch-size"", ""32"", ""--output"", ""results/tables/gradient_diagnostics/resource_benchmarks/diagnostics/pendigits__pendigits__sta4__patch-su4__L8__lr0.01__bs32__seed0__checkpoints__pendigits__pendigits__sta4__patch-su4__L8__lr0.01__bs32__seed0__checkpoints.json""]",results/tables/gradient_diagnostics/resource_benchmarks/pendigits__pendigits__sta4__patch-su4__L8__lr0.01__bs32__seed0__checkpoints_runs.csv
complete,pendigits,configs/experiments/pendigits.json,pendigits__pendigits__sta4__patch-su4__L8__lr0.01__bs32__seed0__final,final,pendigits__sta4__patch-su4__L8__lr0.01__bs32__seed0,pendigits,sta4,patch-su4,8,0,0.01,32,0,30.806823587976396,results/tables/gradient_diagnostics/resource_benchmarks/diagnostics/pendigits__pendigits__sta4__patch-su4__L8__lr0.01__bs32__seed0__final__pendigits__pendigits__sta4__patch-su4__L8__lr0.01__bs32__seed0__final.json,1,1,"{""complete"": 1}",15,4007481344,3821.83203125,124.04568699843925,82.91023080278411,25.197661999999998,5.332714,30.530375999999997,4093767680,3904.12109375,True,15,100.0,7.333333333333333,72611.0,72602.0,2026-05-28T23:12:21.261066+00:00,2026-05-28T23:12:52.067904+00:00,results/tables/gradient_diagnostics/resource_benchmarks/manifests/pendigits__pendigits__sta4__patch-su4__L8__lr0.01__bs32__seed0__final__pendigits__pendigits__sta4__patch-su4__L8__lr0.01__bs32__seed0__final.json,results/tables/gradient_diagnostics/resource_benchmarks/resource_samples/pendigits__pendigits__sta4__patch-su4__L8__lr0.01__bs32__seed0__final__pendigits__pendigits__sta4__patch-su4__L8__lr0.01__bs32__seed0__final.jsonl,"["".venv/bin/python3"", ""scripts/gradient_diagnostics.py"", ""--manifest"", ""results/tables/gradient_diagnostics/resource_benchmarks/manifests/pendigits__pendigits__sta4__patch-su4__L8__lr0.01__bs32__seed0__final__pendigits__pendigits__sta4__patch-su4__L8__lr0.01__bs32__seed0__final.json"", ""--mode"", ""final"", ""--runs-root"", ""results/runs"", ""--diagnostic-batch-size"", ""32"", ""--diagnostic-seed"", ""0"", ""--near-zero-tol"", ""1e-10"", ""--n-init-seeds"", ""20"", ""--fisher-batch-size"", ""32"", ""--output"", ""results/tables/gradient_diagnostics/resource_benchmarks/diagnostics/pendigits__pendigits__sta4__patch-su4__L8__lr0.01__bs32__seed0__final__pendigits__pendigits__sta4__patch-su4__L8__lr0.01__bs32__seed0__final.json""]",results/tables/gradient_diagnostics/resource_benchmarks/pendigits__pendigits__sta4__patch-su4__L8__lr0.01__bs32__seed0__final_runs.csv
complete,pendigits,configs/experiments/pendigits.json,pendigits__pendigits__sta4__patch-su4__L8__lr0.01__bs32__seed0__init,init,pendigits__sta4__patch-su4__L8__lr0.01__bs32__seed0,pendigits,sta4,patch-su4,8,0,0.01,32,0,76.66636578005273,results/tables/gradient_diagnostics/resource_benchmarks/diagnostics/pendigits__pendigits__sta4__patch-su4__L8__lr0.01__bs32__seed0__init__pendigits__pendigits__sta4__patch-su4__L8__lr0.01__bs32__seed0__init.json,1,1,"{""complete"": 1}",37,4203098112,4008.38671875,147.7674691125401,121.63605948845877,83.90039900000001,17.501258,101.401657,4176003072,3982.546875,True,37,100.0,5.8108108108108105,72611.0,72602.0,2026-05-28T20:53:35.842349+00:00,2026-05-28T20:54:52.508727+00:00,results/tables/gradient_diagnostics/resource_benchmarks/manifests/pendigits__pendigits__sta4__patch-su4__L8__lr0.01__bs32__seed0__init__pendigits__pendigits__sta4__patch-su4__L8__lr0.01__bs32__seed0__init.json,results/tables/gradient_diagnostics/resource_benchmarks/resource_samples/pendigits__pendigits__sta4__patch-su4__L8__lr0.01__bs32__seed0__init__pendigits__pendigits__sta4__patch-su4__L8__lr0.01__bs32__seed0__init.jsonl,"["".venv/bin/python3"", ""scripts/gradient_diagnostics.py"", ""--manifest"", ""results/tables/gradient_diagnostics/resource_benchmarks/manifests/pendigits__pendigits__sta4__patch-su4__L8__lr0.01__bs32__seed0__init__pendigits__pendigits__sta4__patch-su4__L8__lr0.01__bs32__seed0__init.json"", ""--mode"", ""init"", ""--runs-root"", ""results/runs"", ""--diagnostic-batch-size"", ""32"", ""--diagnostic-seed"", ""0"", ""--near-zero-tol"", ""1e-10"", ""--n-init-seeds"", ""20"", ""--fisher-batch-size"", ""32"", ""--output"", ""results/tables/gradient_diagnostics/resource_benchmarks/diagnostics/pendigits__pendigits__sta4__patch-su4__L8__lr0.01__bs32__seed0__init__pendigits__pendigits__sta4__patch-su4__L8__lr0.01__bs32__seed0__init.json""]",results/tables/gradient_diagnostics/resource_benchmarks/pendigits__pendigits__sta4__patch-su4__L8__lr0.01__bs32__seed0__init_runs.csv
complete,pendigits,configs/experiments/pendigits.json,pendigits__pendigits__sta4__symmetric-hamiltonian__L1__lr0.01__bs32__seed0__checkpoints,checkpoints,pendigits__sta4__symmetric-hamiltonian__L1__lr0.01__bs32__seed0,pendigits,sta4,symmetric-hamiltonian,1,0,0.01,32,0,20.969415336032398,results/tables/gradient_diagnostics/resource_benchmarks/diagnostics/pendigits__pendigits__sta4__symmetric-hamiltonian__L1__lr0.01__bs32__seed0__checkpoints__pendigits__pendigits__sta4__symmetric-hamiltonian__L1__lr0.01__bs32__seed0__checkpoints.json,8,8,"{""complete"": 8}",10,4014743552,3828.7578125,114.27688944530692,90.36165951895046,19.392477,3.8926360000000004,23.285113,4124114944,3933.0625,True,10,100.0,10.7,72609.0,72600.0,2026-05-28T22:53:40.226541+00:00,2026-05-28T22:54:01.195963+00:00,results/tables/gradient_diagnostics/resource_benchmarks/manifests/pendigits__pendigits__sta4__symmetric-hamiltonian__L1__lr0.01__bs32__seed0__checkpoints__pendigits__pendigits__sta4__symmetric-hamiltonian__L1__lr0.01__bs32__seed0__checkpoints.json,results/tables/gradient_diagnostics/resource_benchmarks/resource_samples/pendigits__pendigits__sta4__symmetric-hamiltonian__L1__lr0.01__bs32__seed0__checkpoints__pendigits__pendigits__sta4__symmetric-hamiltonian__L1__lr0.01__bs32__seed0__checkpoints.jsonl,"["".venv/bin/python3"", ""scripts/gradient_diagnostics.py"", ""--manifest"", ""results/tables/gradient_diagnostics/resource_benchmarks/manifests/pendigits__pendigits__sta4__symmetric-hamiltonian__L1__lr0.01__bs32__seed0__checkpoints__pendigits__pendigits__sta4__symmetric-hamiltonian__L1__lr0.01__bs32__seed0__checkpoints.json"", ""--mode"", ""checkpoints"", ""--runs-root"", ""results/runs"", ""--diagnostic-batch-size"", ""32"", ""--diagnostic-seed"", ""0"", ""--near-zero-tol"", ""1e-10"", ""--n-init-seeds"", ""20"", ""--fisher-batch-size"", ""32"", ""--output"", ""results/tables/gradient_diagnostics/resource_benchmarks/diagnostics/pendigits__pendigits__sta4__symmetric-hamiltonian__L1__lr0.01__bs32__seed0__checkpoints__pendigits__pendigits__sta4__symmetric-hamiltonian__L1__lr0.01__bs32__seed0__checkpoints.json""]",results/tables/gradient_diagnostics/resource_benchmarks/pendigits__pendigits__sta4__symmetric-hamiltonian__L1__lr0.01__bs32__seed0__checkpoints_runs.csv
complete,pendigits,configs/experiments/pendigits.json,pendigits__pendigits__sta4__symmetric-hamiltonian__L1__lr0.01__bs32__seed0__final,final,pendigits__sta4__symmetric-hamiltonian__L1__lr0.01__bs32__seed0,pendigits,sta4,symmetric-hamiltonian,1,0,0.01,32,0,20.381132851005532,results/tables/gradient_diagnostics/resource_benchmarks/diagnostics/pendigits__pendigits__sta4__symmetric-hamiltonian__L1__lr0.01__bs32__seed0__final__pendigits__pendigits__sta4__symmetric-hamiltonian__L1__lr0.01__bs32__seed0__final.json,1,1,"{""complete"": 1}",10,3997388800,3812.20703125,97.73117457932139,81.77677741235976,16.766817,4.022556,20.789372999999998,4101144576,3911.15625,True,10,97.0,10.0,72609.0,72600.0,2026-05-28T23:04:55.906032+00:00,2026-05-28T23:05:16.287172+00:00,results/tables/gradient_diagnostics/resource_benchmarks/manifests/pendigits__pendigits__sta4__symmetric-hamiltonian__L1__lr0.01__bs32__seed0__final__pendigits__pendigits__sta4__symmetric-hamiltonian__L1__lr0.01__bs32__seed0__final.json,results/tables/gradient_diagnostics/resource_benchmarks/resource_samples/pendigits__pendigits__sta4__symmetric-hamiltonian__L1__lr0.01__bs32__seed0__final__pendigits__pendigits__sta4__symmetric-hamiltonian__L1__lr0.01__bs32__seed0__final.jsonl,"["".venv/bin/python3"", ""scripts/gradient_diagnostics.py"", ""--manifest"", ""results/tables/gradient_diagnostics/resource_benchmarks/manifests/pendigits__pendigits__sta4__symmetric-hamiltonian__L1__lr0.01__bs32__seed0__final__pendigits__pendigits__sta4__symmetric-hamiltonian__L1__lr0.01__bs32__seed0__final.json"", ""--mode"", ""final"", ""--runs-root"", ""results/runs"", ""--diagnostic-batch-size"", ""32"", ""--diagnostic-seed"", ""0"", ""--near-zero-tol"", ""1e-10"", ""--n-init-seeds"", ""20"", ""--fisher-batch-size"", ""32"", ""--output"", ""results/tables/gradient_diagnostics/resource_benchmarks/diagnostics/pendigits__pendigits__sta4__symmetric-hamiltonian__L1__lr0.01__bs32__seed0__final__pendigits__pendigits__sta4__symmetric-hamiltonian__L1__lr0.01__bs32__seed0__final.json""]",results/tables/gradient_diagnostics/resource_benchmarks/pendigits__pendigits__sta4__symmetric-hamiltonian__L1__lr0.01__bs32__seed0__final_runs.csv
complete,pendigits,configs/experiments/pendigits.json,pendigits__pendigits__sta4__symmetric-hamiltonian__L1__lr0.01__bs32__seed0__init,init,pendigits__sta4__symmetric-hamiltonian__L1__lr0.01__bs32__seed0,pendigits,sta4,symmetric-hamiltonian,1,0,0.01,32,0,33.39930029003881,results/tables/gradient_diagnostics/resource_benchmarks/diagnostics/pendigits__pendigits__sta4__symmetric-hamiltonian__L1__lr0.01__bs32__seed0__init__pendigits__pendigits__sta4__symmetric-hamiltonian__L1__lr0.01__bs32__seed0__init.json,1,1,"{""complete"": 1}",16,4093521920,3903.88671875,124.04498974579062,71.01395833524603,24.621847000000002,5.419184,30.041031000000004,4137291776,3945.62890625,True,16,100.0,6.75,72611.0,72602.0,2026-05-28T22:11:57.622361+00:00,2026-05-28T22:12:31.021672+00:00,results/tables/gradient_diagnostics/resource_benchmarks/manifests/pendigits__pendigits__sta4__symmetric-hamiltonian__L1__lr0.01__bs32__seed0__init__pendigits__pendigits__sta4__symmetric-hamiltonian__L1__lr0.01__bs32__seed0__init.json,results/tables/gradient_diagnostics/resource_benchmarks/resource_samples/pendigits__pendigits__sta4__symmetric-hamiltonian__L1__lr0.01__bs32__seed0__init__pendigits__pendigits__sta4__symmetric-hamiltonian__L1__lr0.01__bs32__seed0__init.jsonl,"["".venv/bin/python3"", ""scripts/gradient_diagnostics.py"", ""--manifest"", ""results/tables/gradient_diagnostics/resource_benchmarks/manifests/pendigits__pendigits__sta4__symmetric-hamiltonian__L1__lr0.01__bs32__seed0__init__pendigits__pendigits__sta4__symmetric-hamiltonian__L1__lr0.01__bs32__seed0__init.json"", ""--mode"", ""init"", ""--runs-root"", ""results/runs"", ""--diagnostic-batch-size"", ""32"", ""--diagnostic-seed"", ""0"", ""--near-zero-tol"", ""1e-10"", ""--n-init-seeds"", ""20"", ""--fisher-batch-size"", ""32"", ""--output"", ""results/tables/gradient_diagnostics/resource_benchmarks/diagnostics/pendigits__pendigits__sta4__symmetric-hamiltonian__L1__lr0.01__bs32__seed0__init__pendigits__pendigits__sta4__symmetric-hamiltonian__L1__lr0.01__bs32__seed0__init.json""]",results/tables/gradient_diagnostics/resource_benchmarks/pendigits__pendigits__sta4__symmetric-hamiltonian__L1__lr0.01__bs32__seed0__init_runs.csv
complete,pendigits,configs/experiments/pendigits.json,pendigits__pendigits__sta4__symmetric-hamiltonian__L32__lr0.01__bs32__seed0__checkpoints,checkpoints,pendigits__sta4__symmetric-hamiltonian__L32__lr0.01__bs32__seed0,pendigits,sta4,symmetric-hamiltonian,32,0,0.01,32,0,80.48100448702462,results/tables/gradient_diagnostics/resource_benchmarks/diagnostics/pendigits__pendigits__sta4__symmetric-hamiltonian__L32__lr0.01__bs32__seed0__checkpoints__pendigits__pendigits__sta4__symmetric-hamiltonian__L32__lr0.01__bs32__seed0__checkpoints.json,8,8,"{""complete"": 8}",39,4290170880,4091.42578125,142.24154131139537,114.97931313080034,83.875901,15.874236999999999,99.75013799999999,4305289216,4105.84375,True,39,22.0,3.0256410256410255,72611.0,72602.0,2026-05-28T20:14:20.684491+00:00,2026-05-28T20:15:41.165506+00:00,results/tables/gradient_diagnostics/resource_benchmarks/manifests/pendigits__pendigits__sta4__symmetric-hamiltonian__L32__lr0.01__bs32__seed0__checkpoints__pendigits__pendigits__sta4__symmetric-hamiltonian__L32__lr0.01__bs32__seed0__checkpoints.json,results/tables/gradient_diagnostics/resource_benchmarks/resource_samples/pendigits__pendigits__sta4__symmetric-hamiltonian__L32__lr0.01__bs32__seed0__checkpoints__pendigits__pendigits__sta4__symmetric-hamiltonian__L32__lr0.01__bs32__seed0__checkpoints.jsonl,"["".venv/bin/python3"", ""scripts/gradient_diagnostics.py"", ""--manifest"", ""results/tables/gradient_diagnostics/resource_benchmarks/manifests/pendigits__pendigits__sta4__symmetric-hamiltonian__L32__lr0.01__bs32__seed0__checkpoints__pendigits__pendigits__sta4__symmetric-hamiltonian__L32__lr0.01__bs32__seed0__checkpoints.json"", ""--mode"", ""checkpoints"", ""--runs-root"", ""results/runs"", ""--diagnostic-batch-size"", ""32"", ""--diagnostic-seed"", ""0"", ""--near-zero-tol"", ""1e-10"", ""--n-init-seeds"", ""20"", ""--fisher-batch-size"", ""32"", ""--output"", ""results/tables/gradient_diagnostics/resource_benchmarks/diagnostics/pendigits__pendigits__sta4__symmetric-hamiltonian__L32__lr0.01__bs32__seed0__checkpoints__pendigits__pendigits__sta4__symmetric-hamiltonian__L32__lr0.01__bs32__seed0__checkpoints.json""]",results/tables/gradient_diagnostics/resource_benchmarks/pendigits__pendigits__sta4__symmetric-hamiltonian__L32__lr0.01__bs32__seed0__checkpoints_runs.csv
complete,pendigits,configs/experiments/pendigits.json,pendigits__pendigits__sta4__symmetric-hamiltonian__L32__lr0.01__bs32__seed0__final,final,pendigits__sta4__symmetric-hamiltonian__L32__lr0.01__bs32__seed0,pendigits,sta4,symmetric-hamiltonian,32,0,0.01,32,0,32.674421084928326,results/tables/gradient_diagnostics/resource_benchmarks/diagnostics/pendigits__pendigits__sta4__symmetric-hamiltonian__L32__lr0.01__bs32__seed0__final__pendigits__pendigits__sta4__symmetric-hamiltonian__L32__lr0.01__bs32__seed0__final.json,1,1,"{""complete"": 1}",16,4169256960,3976.11328125,139.32818691291837,92.71648378413914,30.646357000000002,5.910926999999999,36.557284,4271042560,4073.18359375,True,16,75.0,5.75,72611.0,72602.0,2026-05-28T22:24:11.481755+00:00,2026-05-28T22:24:44.156188+00:00,results/tables/gradient_diagnostics/resource_benchmarks/manifests/pendigits__pendigits__sta4__symmetric-hamiltonian__L32__lr0.01__bs32__seed0__final__pendigits__pendigits__sta4__symmetric-hamiltonian__L32__lr0.01__bs32__seed0__final.json,results/tables/gradient_diagnostics/resource_benchmarks/resource_samples/pendigits__pendigits__sta4__symmetric-hamiltonian__L32__lr0.01__bs32__seed0__final__pendigits__pendigits__sta4__symmetric-hamiltonian__L32__lr0.01__bs32__seed0__final.jsonl,"["".venv/bin/python3"", ""scripts/gradient_diagnostics.py"", ""--manifest"", ""results/tables/gradient_diagnostics/resource_benchmarks/manifests/pendigits__pendigits__sta4__symmetric-hamiltonian__L32__lr0.01__bs32__seed0__final__pendigits__pendigits__sta4__symmetric-hamiltonian__L32__lr0.01__bs32__seed0__final.json"", ""--mode"", ""final"", ""--runs-root"", ""results/runs"", ""--diagnostic-batch-size"", ""32"", ""--diagnostic-seed"", ""0"", ""--near-zero-tol"", ""1e-10"", ""--n-init-seeds"", ""20"", ""--fisher-batch-size"", ""32"", ""--output"", ""results/tables/gradient_diagnostics/resource_benchmarks/diagnostics/pendigits__pendigits__sta4__symmetric-hamiltonian__L32__lr0.01__bs32__seed0__final__pendigits__pendigits__sta4__symmetric-hamiltonian__L32__lr0.01__bs32__seed0__final.json""]",results/tables/gradient_diagnostics/resource_benchmarks/pendigits__pendigits__sta4__symmetric-hamiltonian__L32__lr0.01__bs32__seed0__final_runs.csv
complete,pendigits,configs/experiments/pendigits.json,pendigits__pendigits__sta4__symmetric-hamiltonian__L32__lr0.01__bs32__seed0__init,init,pendigits__sta4__symmetric-hamiltonian__L32__lr0.01__bs32__seed0,pendigits,sta4,symmetric-hamiltonian,32,0,0.01,32,0,99.05119385698345,results/tables/gradient_diagnostics/resource_benchmarks/diagnostics/pendigits__pendigits__sta4__symmetric-hamiltonian__L32__lr0.01__bs32__seed0__init__pendigits__pendigits__sta4__symmetric-hamiltonian__L32__lr0.01__bs32__seed0__init.json,1,1,"{""complete"": 1}",47,4334563328,4133.76171875,143.706577048299,117.75499740106919,105.228634,20.813545,126.042179,4429185024,4224.0,True,47,41.0,3.851063829787234,72613.0,72604.0,2026-05-28T20:07:06.065686+00:00,2026-05-28T20:08:45.116890+00:00,results/tables/gradient_diagnostics/resource_benchmarks/manifests/pendigits__pendigits__sta4__symmetric-hamiltonian__L32__lr0.01__bs32__seed0__init__pendigits__pendigits__sta4__symmetric-hamiltonian__L32__lr0.01__bs32__seed0__init.json,results/tables/gradient_diagnostics/resource_benchmarks/resource_samples/pendigits__pendigits__sta4__symmetric-hamiltonian__L32__lr0.01__bs32__seed0__init__pendigits__pendigits__sta4__symmetric-hamiltonian__L32__lr0.01__bs32__seed0__init.jsonl,"["".venv/bin/python3"", ""scripts/gradient_diagnostics.py"", ""--manifest"", ""results/tables/gradient_diagnostics/resource_benchmarks/manifests/pendigits__pendigits__sta4__symmetric-hamiltonian__L32__lr0.01__bs32__seed0__init__pendigits__pendigits__sta4__symmetric-hamiltonian__L32__lr0.01__bs32__seed0__init.json"", ""--mode"", ""init"", ""--runs-root"", ""results/runs"", ""--diagnostic-batch-size"", ""32"", ""--diagnostic-seed"", ""0"", ""--near-zero-tol"", ""1e-10"", ""--n-init-seeds"", ""20"", ""--fisher-batch-size"", ""32"", ""--output"", ""results/tables/gradient_diagnostics/resource_benchmarks/diagnostics/pendigits__pendigits__sta4__symmetric-hamiltonian__L32__lr0.01__bs32__seed0__init__pendigits__pendigits__sta4__symmetric-hamiltonian__L32__lr0.01__bs32__seed0__init.json""]",results/tables/gradient_diagnostics/resource_benchmarks/pendigits__pendigits__sta4__symmetric-hamiltonian__L32__lr0.01__bs32__seed0__init_runs.csv
complete,pendigits,configs/experiments/pendigits.json,pendigits__pendigits__sta4__symmetric-hamiltonian__L8__lr0.01__bs32__seed0__checkpoints,checkpoints,pendigits__sta4__symmetric-hamiltonian__L8__lr0.01__bs32__seed0,pendigits,sta4,symmetric-hamiltonian,8,0,0.01,32,0,37.133699232013896,results/tables/gradient_diagnostics/resource_benchmarks/diagnostics/pendigits__pendigits__sta4__symmetric-hamiltonian__L8__lr0.01__bs32__seed0__checkpoints__pendigits__pendigits__sta4__symmetric-hamiltonian__L8__lr0.01__bs32__seed0__checkpoints.json,8,8,"{""complete"": 8}",18,4083015680,3893.8671875,139.98422377813455,99.3766640797064,34.650684,7.125751,41.776435,4146880512,3954.7734375,True,18,100.0,7.222222222222222,72609.0,72600.0,2026-05-28T22:23:23.142640+00:00,2026-05-28T22:24:00.276351+00:00,results/tables/gradient_diagnostics/resource_benchmarks/manifests/pendigits__pendigits__sta4__symmetric-hamiltonian__L8__lr0.01__bs32__seed0__checkpoints__pendigits__pendigits__sta4__symmetric-hamiltonian__L8__lr0.01__bs32__seed0__checkpoints.json,results/tables/gradient_diagnostics/resource_benchmarks/resource_samples/pendigits__pendigits__sta4__symmetric-hamiltonian__L8__lr0.01__bs32__seed0__checkpoints__pendigits__pendigits__sta4__symmetric-hamiltonian__L8__lr0.01__bs32__seed0__checkpoints.jsonl,"["".venv/bin/python3"", ""scripts/gradient_diagnostics.py"", ""--manifest"", ""results/tables/gradient_diagnostics/resource_benchmarks/manifests/pendigits__pendigits__sta4__symmetric-hamiltonian__L8__lr0.01__bs32__seed0__checkpoints__pendigits__pendigits__sta4__symmetric-hamiltonian__L8__lr0.01__bs32__seed0__checkpoints.json"", ""--mode"", ""checkpoints"", ""--runs-root"", ""results/runs"", ""--diagnostic-batch-size"", ""32"", ""--diagnostic-seed"", ""0"", ""--near-zero-tol"", ""1e-10"", ""--n-init-seeds"", ""20"", ""--fisher-batch-size"", ""32"", ""--output"", ""results/tables/gradient_diagnostics/resource_benchmarks/diagnostics/pendigits__pendigits__sta4__symmetric-hamiltonian__L8__lr0.01__bs32__seed0__checkpoints__pendigits__pendigits__sta4__symmetric-hamiltonian__L8__lr0.01__bs32__seed0__checkpoints.json""]",results/tables/gradient_diagnostics/resource_benchmarks/pendigits__pendigits__sta4__symmetric-hamiltonian__L8__lr0.01__bs32__seed0__checkpoints_runs.csv
complete,pendigits,configs/experiments/pendigits.json,pendigits__pendigits__sta4__symmetric-hamiltonian__L8__lr0.01__bs32__seed0__final,final,pendigits__sta4__symmetric-hamiltonian__L8__lr0.01__bs32__seed0,pendigits,sta4,symmetric-hamiltonian,8,0,0.01,32,0,24.341024084948003,results/tables/gradient_diagnostics/resource_benchmarks/diagnostics/pendigits__pendigits__sta4__symmetric-hamiltonian__L8__lr0.01__bs32__seed0__final__pendigits__pendigits__sta4__symmetric-hamiltonian__L8__lr0.01__bs32__seed0__final.json,1,1,"{""complete"": 1}",12,4067287040,3878.8671875,108.68368633610163,84.10405835622176,20.736416000000002,4.793354000000001,25.529770000000003,4104286208,3914.15234375,True,12,100.0,8.75,72609.0,72600.0,2026-05-28T22:43:25.841573+00:00,2026-05-28T22:43:50.182605+00:00,results/tables/gradient_diagnostics/resource_benchmarks/manifests/pendigits__pendigits__sta4__symmetric-hamiltonian__L8__lr0.01__bs32__seed0__final__pendigits__pendigits__sta4__symmetric-hamiltonian__L8__lr0.01__bs32__seed0__final.json,results/tables/gradient_diagnostics/resource_benchmarks/resource_samples/pendigits__pendigits__sta4__symmetric-hamiltonian__L8__lr0.01__bs32__seed0__final__pendigits__pendigits__sta4__symmetric-hamiltonian__L8__lr0.01__bs32__seed0__final.jsonl,"["".venv/bin/python3"", ""scripts/gradient_diagnostics.py"", ""--manifest"", ""results/tables/gradient_diagnostics/resource_benchmarks/manifests/pendigits__pendigits__sta4__symmetric-hamiltonian__L8__lr0.01__bs32__seed0__final__pendigits__pendigits__sta4__symmetric-hamiltonian__L8__lr0.01__bs32__seed0__final.json"", ""--mode"", ""final"", ""--runs-root"", ""results/runs"", ""--diagnostic-batch-size"", ""32"", ""--diagnostic-seed"", ""0"", ""--near-zero-tol"", ""1e-10"", ""--n-init-seeds"", ""20"", ""--fisher-batch-size"", ""32"", ""--output"", ""results/tables/gradient_diagnostics/resource_benchmarks/diagnostics/pendigits__pendigits__sta4__symmetric-hamiltonian__L8__lr0.01__bs32__seed0__final__pendigits__pendigits__sta4__symmetric-hamiltonian__L8__lr0.01__bs32__seed0__final.json""]",results/tables/gradient_diagnostics/resource_benchmarks/pendigits__pendigits__sta4__symmetric-hamiltonian__L8__lr0.01__bs32__seed0__final_runs.csv
complete,pendigits,configs/experiments/pendigits.json,pendigits__pendigits__sta4__symmetric-hamiltonian__L8__lr0.01__bs32__seed0__init,init,pendigits__sta4__symmetric-hamiltonian__L8__lr0.01__bs32__seed0,pendigits,sta4,symmetric-hamiltonian,8,0,0.01,32,0,44.445159869035706,results/tables/gradient_diagnostics/resource_benchmarks/diagnostics/pendigits__pendigits__sta4__symmetric-hamiltonian__L8__lr0.01__bs32__seed0__init__pendigits__pendigits__sta4__symmetric-hamiltonian__L8__lr0.01__bs32__seed0__init.json,1,1,"{""complete"": 1}",22,4230529024,4034.546875,143.6567506190192,101.72232521526034,44.924949000000005,8.907863,53.832812000000004,4264321024,4066.7734375,True,22,84.0,5.409090909090909,72613.0,72604.0,2026-05-28T21:35:17.978488+00:00,2026-05-28T21:36:02.423660+00:00,results/tables/gradient_diagnostics/resource_benchmarks/manifests/pendigits__pendigits__sta4__symmetric-hamiltonian__L8__lr0.01__bs32__seed0__init__pendigits__pendigits__sta4__symmetric-hamiltonian__L8__lr0.01__bs32__seed0__init.json,results/tables/gradient_diagnostics/resource_benchmarks/resource_samples/pendigits__pendigits__sta4__symmetric-hamiltonian__L8__lr0.01__bs32__seed0__init__pendigits__pendigits__sta4__symmetric-hamiltonian__L8__lr0.01__bs32__seed0__init.jsonl,"["".venv/bin/python3"", ""scripts/gradient_diagnostics.py"", ""--manifest"", ""results/tables/gradient_diagnostics/resource_benchmarks/manifests/pendigits__pendigits__sta4__symmetric-hamiltonian__L8__lr0.01__bs32__seed0__init__pendigits__pendigits__sta4__symmetric-hamiltonian__L8__lr0.01__bs32__seed0__init.json"", ""--mode"", ""init"", ""--runs-root"", ""results/runs"", ""--diagnostic-batch-size"", ""32"", ""--diagnostic-seed"", ""0"", ""--near-zero-tol"", ""1e-10"", ""--n-init-seeds"", ""20"", ""--fisher-batch-size"", ""32"", ""--output"", ""results/tables/gradient_diagnostics/resource_benchmarks/diagnostics/pendigits__pendigits__sta4__symmetric-hamiltonian__L8__lr0.01__bs32__seed0__init__pendigits__pendigits__sta4__symmetric-hamiltonian__L8__lr0.01__bs32__seed0__init.json""]",results/tables/gradient_diagnostics/resource_benchmarks/pendigits__pendigits__sta4__symmetric-hamiltonian__L8__lr0.01__bs32__seed0__init_runs.csv
complete,pendigits,configs/experiments/pendigits.json,pendigits__pendigits__sta4__trainable-frequency-ry__L1__lr0.01__bs32__seed0__checkpoints,checkpoints,pendigits__sta4__trainable-frequency-ry__L1__lr0.01__bs32__seed0,pendigits,sta4,trainable-frequency-ry,1,0,0.01,32,0,53.709348017931916,results/tables/gradient_diagnostics/resource_benchmarks/diagnostics/pendigits__pendigits__sta4__trainable-frequency-ry__L1__lr0.01__bs32__seed0__checkpoints__pendigits__pendigits__sta4__trainable-frequency-ry__L1__lr0.01__bs32__seed0__checkpoints.json,8,8,"{""complete"": 8}",26,4440064000,4234.375,129.13976356184463,94.74635177973893,52.301915,9.327151,61.629066,4537184256,4326.99609375,True,26,100.0,5.384615384615385,72611.0,72602.0,2026-05-28T22:01:49.940014+00:00,2026-05-28T22:02:43.649374+00:00,results/tables/gradient_diagnostics/resource_benchmarks/manifests/pendigits__pendigits__sta4__trainable-frequency-ry__L1__lr0.01__bs32__seed0__checkpoints__pendigits__pendigits__sta4__trainable-frequency-ry__L1__lr0.01__bs32__seed0__checkpoints.json,results/tables/gradient_diagnostics/resource_benchmarks/resource_samples/pendigits__pendigits__sta4__trainable-frequency-ry__L1__lr0.01__bs32__seed0__checkpoints__pendigits__pendigits__sta4__trainable-frequency-ry__L1__lr0.01__bs32__seed0__checkpoints.jsonl,"["".venv/bin/python3"", ""scripts/gradient_diagnostics.py"", ""--manifest"", ""results/tables/gradient_diagnostics/resource_benchmarks/manifests/pendigits__pendigits__sta4__trainable-frequency-ry__L1__lr0.01__bs32__seed0__checkpoints__pendigits__pendigits__sta4__trainable-frequency-ry__L1__lr0.01__bs32__seed0__checkpoints.json"", ""--mode"", ""checkpoints"", ""--runs-root"", ""results/runs"", ""--diagnostic-batch-size"", ""32"", ""--diagnostic-seed"", ""0"", ""--near-zero-tol"", ""1e-10"", ""--n-init-seeds"", ""20"", ""--fisher-batch-size"", ""32"", ""--output"", ""results/tables/gradient_diagnostics/resource_benchmarks/diagnostics/pendigits__pendigits__sta4__trainable-frequency-ry__L1__lr0.01__bs32__seed0__checkpoints__pendigits__pendigits__sta4__trainable-frequency-ry__L1__lr0.01__bs32__seed0__checkpoints.json""]",results/tables/gradient_diagnostics/resource_benchmarks/pendigits__pendigits__sta4__trainable-frequency-ry__L1__lr0.01__bs32__seed0__checkpoints_runs.csv
complete,pendigits,configs/experiments/pendigits.json,pendigits__pendigits__sta4__trainable-frequency-ry__L1__lr0.01__bs32__seed0__final,final,pendigits__sta4__trainable-frequency-ry__L1__lr0.01__bs32__seed0,pendigits,sta4,trainable-frequency-ry,1,0,0.01,32,0,41.34512340195943,results/tables/gradient_diagnostics/resource_benchmarks/diagnostics/pendigits__pendigits__sta4__trainable-frequency-ry__L1__lr0.01__bs32__seed0__final__pendigits__pendigits__sta4__trainable-frequency-ry__L1__lr0.01__bs32__seed0__final.json,1,1,"{""complete"": 1}",20,4393152512,4189.63671875,132.88738420944495,90.03532063331049,39.92729799999999,7.687161,47.614459,4499046400,4290.625,True,20,2.0,0.55,72611.0,72602.0,2026-05-28T22:37:07.800986+00:00,2026-05-28T22:37:49.146122+00:00,results/tables/gradient_diagnostics/resource_benchmarks/manifests/pendigits__pendigits__sta4__trainable-frequency-ry__L1__lr0.01__bs32__seed0__final__pendigits__pendigits__sta4__trainable-frequency-ry__L1__lr0.01__bs32__seed0__final.json,results/tables/gradient_diagnostics/resource_benchmarks/resource_samples/pendigits__pendigits__sta4__trainable-frequency-ry__L1__lr0.01__bs32__seed0__final__pendigits__pendigits__sta4__trainable-frequency-ry__L1__lr0.01__bs32__seed0__final.jsonl,"["".venv/bin/python3"", ""scripts/gradient_diagnostics.py"", ""--manifest"", ""results/tables/gradient_diagnostics/resource_benchmarks/manifests/pendigits__pendigits__sta4__trainable-frequency-ry__L1__lr0.01__bs32__seed0__final__pendigits__pendigits__sta4__trainable-frequency-ry__L1__lr0.01__bs32__seed0__final.json"", ""--mode"", ""final"", ""--runs-root"", ""results/runs"", ""--diagnostic-batch-size"", ""32"", ""--diagnostic-seed"", ""0"", ""--near-zero-tol"", ""1e-10"", ""--n-init-seeds"", ""20"", ""--fisher-batch-size"", ""32"", ""--output"", ""results/tables/gradient_diagnostics/resource_benchmarks/diagnostics/pendigits__pendigits__sta4__trainable-frequency-ry__L1__lr0.01__bs32__seed0__final__pendigits__pendigits__sta4__trainable-frequency-ry__L1__lr0.01__bs32__seed0__final.json""]",results/tables/gradient_diagnostics/resource_benchmarks/pendigits__pendigits__sta4__trainable-frequency-ry__L1__lr0.01__bs32__seed0__final_runs.csv
complete,pendigits,configs/experiments/pendigits.json,pendigits__pendigits__sta4__trainable-frequency-ry__L1__lr0.01__bs32__seed0__init,init,pendigits__sta4__trainable-frequency-ry__L1__lr0.01__bs32__seed0,pendigits,sta4,trainable-frequency-ry,1,0,0.01,32,0,64.975575275952,results/tables/gradient_diagnostics/resource_benchmarks/diagnostics/pendigits__pendigits__sta4__trainable-frequency-ry__L1__lr0.01__bs32__seed0__init__pendigits__pendigits__sta4__trainable-frequency-ry__L1__lr0.01__bs32__seed0__init.json,1,1,"{""complete"": 1}",31,4577431552,4365.37890625,132.778412827968,93.90747326011544,63.095326,11.344973,74.440299,4669415424,4453.1015625,True,31,68.0,3.5483870967741935,72613.0,72604.0,2026-05-28T21:31:30.175195+00:00,2026-05-28T21:32:35.150782+00:00,results/tables/gradient_diagnostics/resource_benchmarks/manifests/pendigits__pendigits__sta4__trainable-frequency-ry__L1__lr0.01__bs32__seed0__init__pendigits__pendigits__sta4__trainable-frequency-ry__L1__lr0.01__bs32__seed0__init.json,results/tables/gradient_diagnostics/resource_benchmarks/resource_samples/pendigits__pendigits__sta4__trainable-frequency-ry__L1__lr0.01__bs32__seed0__init__pendigits__pendigits__sta4__trainable-frequency-ry__L1__lr0.01__bs32__seed0__init.jsonl,"["".venv/bin/python3"", ""scripts/gradient_diagnostics.py"", ""--manifest"", ""results/tables/gradient_diagnostics/resource_benchmarks/manifests/pendigits__pendigits__sta4__trainable-frequency-ry__L1__lr0.01__bs32__seed0__init__pendigits__pendigits__sta4__trainable-frequency-ry__L1__lr0.01__bs32__seed0__init.json"", ""--mode"", ""init"", ""--runs-root"", ""results/runs"", ""--diagnostic-batch-size"", ""32"", ""--diagnostic-seed"", ""0"", ""--near-zero-tol"", ""1e-10"", ""--n-init-seeds"", ""20"", ""--fisher-batch-size"", ""32"", ""--output"", ""results/tables/gradient_diagnostics/resource_benchmarks/diagnostics/pendigits__pendigits__sta4__trainable-frequency-ry__L1__lr0.01__bs32__seed0__init__pendigits__pendigits__sta4__trainable-frequency-ry__L1__lr0.01__bs32__seed0__init.json""]",results/tables/gradient_diagnostics/resource_benchmarks/pendigits__pendigits__sta4__trainable-frequency-ry__L1__lr0.01__bs32__seed0__init_runs.csv
complete,pendigits,configs/experiments/pendigits.json,pendigits__pendigits__sta4__trainable-frequency-ry__L32__lr0.01__bs32__seed0__checkpoints,checkpoints,pendigits__sta4__trainable-frequency-ry__L32__lr0.01__bs32__seed0,pendigits,sta4,trainable-frequency-ry,32,0,0.01,32,0,449.97301047702786,results/tables/gradient_diagnostics/resource_benchmarks/diagnostics/pendigits__pendigits__sta4__trainable-frequency-ry__L32__lr0.01__bs32__seed0__checkpoints__pendigits__pendigits__sta4__trainable-frequency-ry__L32__lr0.01__bs32__seed0__checkpoints.json,8,8,"{""complete"": 8}",214,4788535296,4566.703125,137.33676547277074,121.18145382518205,489.074007,74.734649,563.808656,4847247360,4622.6953125,True,214,83.0,5.850467289719626,72611.0,72602.0,2026-05-28T15:33:10.990463+00:00,2026-05-28T15:40:40.963480+00:00,results/tables/gradient_diagnostics/resource_benchmarks/manifests/pendigits__pendigits__sta4__trainable-frequency-ry__L32__lr0.01__bs32__seed0__checkpoints__pendigits__pendigits__sta4__trainable-frequency-ry__L32__lr0.01__bs32__seed0__checkpoints.json,results/tables/gradient_diagnostics/resource_benchmarks/resource_samples/pendigits__pendigits__sta4__trainable-frequency-ry__L32__lr0.01__bs32__seed0__checkpoints__pendigits__pendigits__sta4__trainable-frequency-ry__L32__lr0.01__bs32__seed0__checkpoints.jsonl,"["".venv/bin/python3"", ""scripts/gradient_diagnostics.py"", ""--manifest"", ""results/tables/gradient_diagnostics/resource_benchmarks/manifests/pendigits__pendigits__sta4__trainable-frequency-ry__L32__lr0.01__bs32__seed0__checkpoints__pendigits__pendigits__sta4__trainable-frequency-ry__L32__lr0.01__bs32__seed0__checkpoints.json"", ""--mode"", ""checkpoints"", ""--runs-root"", ""results/runs"", ""--diagnostic-batch-size"", ""32"", ""--diagnostic-seed"", ""0"", ""--near-zero-tol"", ""1e-10"", ""--n-init-seeds"", ""20"", ""--fisher-batch-size"", ""32"", ""--output"", ""results/tables/gradient_diagnostics/resource_benchmarks/diagnostics/pendigits__pendigits__sta4__trainable-frequency-ry__L32__lr0.01__bs32__seed0__checkpoints__pendigits__pendigits__sta4__trainable-frequency-ry__L32__lr0.01__bs32__seed0__checkpoints.json""]",results/tables/gradient_diagnostics/resource_benchmarks/pendigits__pendigits__sta4__trainable-frequency-ry__L32__lr0.01__bs32__seed0__checkpoints_runs.csv
complete,pendigits,configs/experiments/pendigits.json,pendigits__pendigits__sta4__trainable-frequency-ry__L32__lr0.01__bs32__seed0__final,final,pendigits__sta4__trainable-frequency-ry__L32__lr0.01__bs32__seed0,pendigits,sta4,trainable-frequency-ry,32,0,0.01,32,0,97.62386732106097,results/tables/gradient_diagnostics/resource_benchmarks/diagnostics/pendigits__pendigits__sta4__trainable-frequency-ry__L32__lr0.01__bs32__seed0__final__pendigits__pendigits__sta4__trainable-frequency-ry__L32__lr0.01__bs32__seed0__final.json,1,1,"{""complete"": 1}",47,4764471296,4543.75390625,132.84372809285537,105.69050619051669,100.955131,16.313689,117.26881999999999,4818808832,4595.57421875,True,47,94.0,5.361702127659575,72611.0,72602.0,2026-05-28T20:12:32.026103+00:00,2026-05-28T20:14:09.649982+00:00,results/tables/gradient_diagnostics/resource_benchmarks/manifests/pendigits__pendigits__sta4__trainable-frequency-ry__L32__lr0.01__bs32__seed0__final__pendigits__pendigits__sta4__trainable-frequency-ry__L32__lr0.01__bs32__seed0__final.json,results/tables/gradient_diagnostics/resource_benchmarks/resource_samples/pendigits__pendigits__sta4__trainable-frequency-ry__L32__lr0.01__bs32__seed0__final__pendigits__pendigits__sta4__trainable-frequency-ry__L32__lr0.01__bs32__seed0__final.jsonl,"["".venv/bin/python3"", ""scripts/gradient_diagnostics.py"", ""--manifest"", ""results/tables/gradient_diagnostics/resource_benchmarks/manifests/pendigits__pendigits__sta4__trainable-frequency-ry__L32__lr0.01__bs32__seed0__final__pendigits__pendigits__sta4__trainable-frequency-ry__L32__lr0.01__bs32__seed0__final.json"", ""--mode"", ""final"", ""--runs-root"", ""results/runs"", ""--diagnostic-batch-size"", ""32"", ""--diagnostic-seed"", ""0"", ""--near-zero-tol"", ""1e-10"", ""--n-init-seeds"", ""20"", ""--fisher-batch-size"", ""32"", ""--output"", ""results/tables/gradient_diagnostics/resource_benchmarks/diagnostics/pendigits__pendigits__sta4__trainable-frequency-ry__L32__lr0.01__bs32__seed0__final__pendigits__pendigits__sta4__trainable-frequency-ry__L32__lr0.01__bs32__seed0__final.json""]",results/tables/gradient_diagnostics/resource_benchmarks/pendigits__pendigits__sta4__trainable-frequency-ry__L32__lr0.01__bs32__seed0__final_runs.csv
complete,pendigits,configs/experiments/pendigits.json,pendigits__pendigits__sta4__trainable-frequency-ry__L32__lr0.01__bs32__seed0__init,init,pendigits__sta4__trainable-frequency-ry__L32__lr0.01__bs32__seed0,pendigits,sta4,trainable-frequency-ry,32,0,0.01,32,0,587.5695903910091,results/tables/gradient_diagnostics/resource_benchmarks/diagnostics/pendigits__pendigits__sta4__trainable-frequency-ry__L32__lr0.01__bs32__seed0__init__pendigits__pendigits__sta4__trainable-frequency-ry__L32__lr0.01__bs32__seed0__init.json,1,1,"{""complete"": 1}",278,4845129728,4620.67578125,141.05736051631015,113.24077244533613,591.178874,95.797044,686.975918,4894363648,4667.62890625,True,278,26.0,5.694244604316546,72615.0,72606.0,2026-05-28T14:22:00.650832+00:00,2026-05-28T14:31:48.220434+00:00,results/tables/gradient_diagnostics/resource_benchmarks/manifests/pendigits__pendigits__sta4__trainable-frequency-ry__L32__lr0.01__bs32__seed0__init__pendigits__pendigits__sta4__trainable-frequency-ry__L32__lr0.01__bs32__seed0__init.json,results/tables/gradient_diagnostics/resource_benchmarks/resource_samples/pendigits__pendigits__sta4__trainable-frequency-ry__L32__lr0.01__bs32__seed0__init__pendigits__pendigits__sta4__trainable-frequency-ry__L32__lr0.01__bs32__seed0__init.jsonl,"["".venv/bin/python3"", ""scripts/gradient_diagnostics.py"", ""--manifest"", ""results/tables/gradient_diagnostics/resource_benchmarks/manifests/pendigits__pendigits__sta4__trainable-frequency-ry__L32__lr0.01__bs32__seed0__init__pendigits__pendigits__sta4__trainable-frequency-ry__L32__lr0.01__bs32__seed0__init.json"", ""--mode"", ""init"", ""--runs-root"", ""results/runs"", ""--diagnostic-batch-size"", ""32"", ""--diagnostic-seed"", ""0"", ""--near-zero-tol"", ""1e-10"", ""--n-init-seeds"", ""20"", ""--fisher-batch-size"", ""32"", ""--output"", ""results/tables/gradient_diagnostics/resource_benchmarks/diagnostics/pendigits__pendigits__sta4__trainable-frequency-ry__L32__lr0.01__bs32__seed0__init__pendigits__pendigits__sta4__trainable-frequency-ry__L32__lr0.01__bs32__seed0__init.json""]",results/tables/gradient_diagnostics/resource_benchmarks/pendigits__pendigits__sta4__trainable-frequency-ry__L32__lr0.01__bs32__seed0__init_runs.csv
complete,pendigits,configs/experiments/pendigits.json,pendigits__pendigits__sta4__trainable-frequency-ry__L8__lr0.01__bs32__seed0__checkpoints,checkpoints,pendigits__sta4__trainable-frequency-ry__L8__lr0.01__bs32__seed0,pendigits,sta4,trainable-frequency-ry,8,0,0.01,32,0,145.87243354099337,results/tables/gradient_diagnostics/resource_benchmarks/diagnostics/pendigits__pendigits__sta4__trainable-frequency-ry__L8__lr0.01__bs32__seed0__checkpoints__pendigits__pendigits__sta4__trainable-frequency-ry__L8__lr0.01__bs32__seed0__checkpoints.json,8,8,"{""complete"": 8}",70,4622471168,4408.33203125,133.66847825339792,111.5862586540255,151.69746600000002,24.398843,176.09630900000002,4623437824,4409.25390625,True,70,32.0,3.9,72611.0,72602.0,2026-05-28T19:22:39.758908+00:00,2026-05-28T19:25:05.631347+00:00,results/tables/gradient_diagnostics/resource_benchmarks/manifests/pendigits__pendigits__sta4__trainable-frequency-ry__L8__lr0.01__bs32__seed0__checkpoints__pendigits__pendigits__sta4__trainable-frequency-ry__L8__lr0.01__bs32__seed0__checkpoints.json,results/tables/gradient_diagnostics/resource_benchmarks/resource_samples/pendigits__pendigits__sta4__trainable-frequency-ry__L8__lr0.01__bs32__seed0__checkpoints__pendigits__pendigits__sta4__trainable-frequency-ry__L8__lr0.01__bs32__seed0__checkpoints.jsonl,"["".venv/bin/python3"", ""scripts/gradient_diagnostics.py"", ""--manifest"", ""results/tables/gradient_diagnostics/resource_benchmarks/manifests/pendigits__pendigits__sta4__trainable-frequency-ry__L8__lr0.01__bs32__seed0__checkpoints__pendigits__pendigits__sta4__trainable-frequency-ry__L8__lr0.01__bs32__seed0__checkpoints.json"", ""--mode"", ""checkpoints"", ""--runs-root"", ""results/runs"", ""--diagnostic-batch-size"", ""32"", ""--diagnostic-seed"", ""0"", ""--near-zero-tol"", ""1e-10"", ""--n-init-seeds"", ""20"", ""--fisher-batch-size"", ""32"", ""--output"", ""results/tables/gradient_diagnostics/resource_benchmarks/diagnostics/pendigits__pendigits__sta4__trainable-frequency-ry__L8__lr0.01__bs32__seed0__checkpoints__pendigits__pendigits__sta4__trainable-frequency-ry__L8__lr0.01__bs32__seed0__checkpoints.json""]",results/tables/gradient_diagnostics/resource_benchmarks/pendigits__pendigits__sta4__trainable-frequency-ry__L8__lr0.01__bs32__seed0__checkpoints_runs.csv
complete,pendigits,configs/experiments/pendigits.json,pendigits__pendigits__sta4__trainable-frequency-ry__L8__lr0.01__bs32__seed0__final,final,pendigits__sta4__trainable-frequency-ry__L8__lr0.01__bs32__seed0,pendigits,sta4,trainable-frequency-ry,8,0,0.01,32,0,54.11114934401121,results/tables/gradient_diagnostics/resource_benchmarks/diagnostics/pendigits__pendigits__sta4__trainable-frequency-ry__L8__lr0.01__bs32__seed0__final__pendigits__pendigits__sta4__trainable-frequency-ry__L8__lr0.01__bs32__seed0__final.json,1,1,"{""complete"": 1}",26,4490874880,4282.83203125,132.55455914119898,98.33441828360282,54.510641,9.900717,64.411358,4583587840,4371.25,True,26,69.0,4.615384615384615,72611.0,72602.0,2026-05-28T21:56:03.182160+00:00,2026-05-28T21:56:57.293321+00:00,results/tables/gradient_diagnostics/resource_benchmarks/manifests/pendigits__pendigits__sta4__trainable-frequency-ry__L8__lr0.01__bs32__seed0__final__pendigits__pendigits__sta4__trainable-frequency-ry__L8__lr0.01__bs32__seed0__final.json,results/tables/gradient_diagnostics/resource_benchmarks/resource_samples/pendigits__pendigits__sta4__trainable-frequency-ry__L8__lr0.01__bs32__seed0__final__pendigits__pendigits__sta4__trainable-frequency-ry__L8__lr0.01__bs32__seed0__final.jsonl,"["".venv/bin/python3"", ""scripts/gradient_diagnostics.py"", ""--manifest"", ""results/tables/gradient_diagnostics/resource_benchmarks/manifests/pendigits__pendigits__sta4__trainable-frequency-ry__L8__lr0.01__bs32__seed0__final__pendigits__pendigits__sta4__trainable-frequency-ry__L8__lr0.01__bs32__seed0__final.json"", ""--mode"", ""final"", ""--runs-root"", ""results/runs"", ""--diagnostic-batch-size"", ""32"", ""--diagnostic-seed"", ""0"", ""--near-zero-tol"", ""1e-10"", ""--n-init-seeds"", ""20"", ""--fisher-batch-size"", ""32"", ""--output"", ""results/tables/gradient_diagnostics/resource_benchmarks/diagnostics/pendigits__pendigits__sta4__trainable-frequency-ry__L8__lr0.01__bs32__seed0__final__pendigits__pendigits__sta4__trainable-frequency-ry__L8__lr0.01__bs32__seed0__final.json""]",results/tables/gradient_diagnostics/resource_benchmarks/pendigits__pendigits__sta4__trainable-frequency-ry__L8__lr0.01__bs32__seed0__final_runs.csv
complete,pendigits,configs/experiments/pendigits.json,pendigits__pendigits__sta4__trainable-frequency-ry__L8__lr0.01__bs32__seed0__init,init,pendigits__sta4__trainable-frequency-ry__L8__lr0.01__bs32__seed0,pendigits,sta4,trainable-frequency-ry,8,0,0.01,32,0,168.38417543901596,results/tables/gradient_diagnostics/resource_benchmarks/diagnostics/pendigits__pendigits__sta4__trainable-frequency-ry__L8__lr0.01__bs32__seed0__init__pendigits__pendigits__sta4__trainable-frequency-ry__L8__lr0.01__bs32__seed0__init.json,1,1,"{""complete"": 1}",80,4660752384,4444.83984375,135.34630264487743,117.6737632362896,184.41967400000001,29.781348,214.20102200000002,4694093824,4476.63671875,True,80,25.0,5.3875,72615.0,72606.0,2026-05-28T18:52:48.135201+00:00,2026-05-28T18:55:36.519383+00:00,results/tables/gradient_diagnostics/resource_benchmarks/manifests/pendigits__pendigits__sta4__trainable-frequency-ry__L8__lr0.01__bs32__seed0__init__pendigits__pendigits__sta4__trainable-frequency-ry__L8__lr0.01__bs32__seed0__init.json,results/tables/gradient_diagnostics/resource_benchmarks/resource_samples/pendigits__pendigits__sta4__trainable-frequency-ry__L8__lr0.01__bs32__seed0__init__pendigits__pendigits__sta4__trainable-frequency-ry__L8__lr0.01__bs32__seed0__init.jsonl,"["".venv/bin/python3"", ""scripts/gradient_diagnostics.py"", ""--manifest"", ""results/tables/gradient_diagnostics/resource_benchmarks/manifests/pendigits__pendigits__sta4__trainable-frequency-ry__L8__lr0.01__bs32__seed0__init__pendigits__pendigits__sta4__trainable-frequency-ry__L8__lr0.01__bs32__seed0__init.json"", ""--mode"", ""init"", ""--runs-root"", ""results/runs"", ""--diagnostic-batch-size"", ""32"", ""--diagnostic-seed"", ""0"", ""--near-zero-tol"", ""1e-10"", ""--n-init-seeds"", ""20"", ""--fisher-batch-size"", ""32"", ""--output"", ""results/tables/gradient_diagnostics/resource_benchmarks/diagnostics/pendigits__pendigits__sta4__trainable-frequency-ry__L8__lr0.01__bs32__seed0__init__pendigits__pendigits__sta4__trainable-frequency-ry__L8__lr0.01__bs32__seed0__init.json""]",results/tables/gradient_diagnostics/resource_benchmarks/pendigits__pendigits__sta4__trainable-frequency-ry__L8__lr0.01__bs32__seed0__init_runs.csv
complete,pendigits,configs/experiments/pendigits.json,pendigits__pendigits__sta4__trainable-patch-su4__L1__lr0.01__bs32__seed0__checkpoints,checkpoints,pendigits__sta4__trainable-patch-su4__L1__lr0.01__bs32__seed0,pendigits,sta4,trainable-patch-su4,1,0,0.01,32,0,30.448412313009612,results/tables/gradient_diagnostics/resource_benchmarks/diagnostics/pendigits__pendigits__sta4__trainable-patch-su4__L1__lr0.01__bs32__seed0__checkpoints__pendigits__pendigits__sta4__trainable-patch-su4__L1__lr0.01__bs32__seed0__checkpoints.json,8,8,"{""complete"": 8}",15,4114677760,3924.0625,140.34702303054945,94.61615058341344,28.234737,6.301466,34.536203,4202815488,4008.1171875,True,15,83.0,6.066666666666666,72611.0,72602.0,2026-05-28T23:07:58.165977+00:00,2026-05-28T23:08:28.614400+00:00,results/tables/gradient_diagnostics/resource_benchmarks/manifests/pendigits__pendigits__sta4__trainable-patch-su4__L1__lr0.01__bs32__seed0__checkpoints__pendigits__pendigits__sta4__trainable-patch-su4__L1__lr0.01__bs32__seed0__checkpoints.json,results/tables/gradient_diagnostics/resource_benchmarks/resource_samples/pendigits__pendigits__sta4__trainable-patch-su4__L1__lr0.01__bs32__seed0__checkpoints__pendigits__pendigits__sta4__trainable-patch-su4__L1__lr0.01__bs32__seed0__checkpoints.jsonl,"["".venv/bin/python3"", ""scripts/gradient_diagnostics.py"", ""--manifest"", ""results/tables/gradient_diagnostics/resource_benchmarks/manifests/pendigits__pendigits__sta4__trainable-patch-su4__L1__lr0.01__bs32__seed0__checkpoints__pendigits__pendigits__sta4__trainable-patch-su4__L1__lr0.01__bs32__seed0__checkpoints.json"", ""--mode"", ""checkpoints"", ""--runs-root"", ""results/runs"", ""--diagnostic-batch-size"", ""32"", ""--diagnostic-seed"", ""0"", ""--near-zero-tol"", ""1e-10"", ""--n-init-seeds"", ""20"", ""--fisher-batch-size"", ""32"", ""--output"", ""results/tables/gradient_diagnostics/resource_benchmarks/diagnostics/pendigits__pendigits__sta4__trainable-patch-su4__L1__lr0.01__bs32__seed0__checkpoints__pendigits__pendigits__sta4__trainable-patch-su4__L1__lr0.01__bs32__seed0__checkpoints.json""]",results/tables/gradient_diagnostics/resource_benchmarks/pendigits__pendigits__sta4__trainable-patch-su4__L1__lr0.01__bs32__seed0__checkpoints_runs.csv
complete,pendigits,configs/experiments/pendigits.json,pendigits__pendigits__sta4__trainable-patch-su4__L1__lr0.01__bs32__seed0__final,final,pendigits__sta4__trainable-patch-su4__L1__lr0.01__bs32__seed0,pendigits,sta4,trainable-patch-su4,1,0,0.01,32,0,26.115885344916023,results/tables/gradient_diagnostics/resource_benchmarks/diagnostics/pendigits__pendigits__sta4__trainable-patch-su4__L1__lr0.01__bs32__seed0__final__pendigits__pendigits__sta4__trainable-patch-su4__L1__lr0.01__bs32__seed0__final.json,1,1,"{""complete"": 1}",13,4112347136,3921.83984375,111.85704323274645,83.28519452687235,22.584389,4.946002,27.530391,4174225408,3980.8515625,True,13,0.0,0.0,72611.0,72602.0,2026-05-28T23:16:24.988118+00:00,2026-05-28T23:16:51.104010+00:00,results/tables/gradient_diagnostics/resource_benchmarks/manifests/pendigits__pendigits__sta4__trainable-patch-su4__L1__lr0.01__bs32__seed0__final__pendigits__pendigits__sta4__trainable-patch-su4__L1__lr0.01__bs32__seed0__final.json,results/tables/gradient_diagnostics/resource_benchmarks/resource_samples/pendigits__pendigits__sta4__trainable-patch-su4__L1__lr0.01__bs32__seed0__final__pendigits__pendigits__sta4__trainable-patch-su4__L1__lr0.01__bs32__seed0__final.jsonl,"["".venv/bin/python3"", ""scripts/gradient_diagnostics.py"", ""--manifest"", ""results/tables/gradient_diagnostics/resource_benchmarks/manifests/pendigits__pendigits__sta4__trainable-patch-su4__L1__lr0.01__bs32__seed0__final__pendigits__pendigits__sta4__trainable-patch-su4__L1__lr0.01__bs32__seed0__final.json"", ""--mode"", ""final"", ""--runs-root"", ""results/runs"", ""--diagnostic-batch-size"", ""32"", ""--diagnostic-seed"", ""0"", ""--near-zero-tol"", ""1e-10"", ""--n-init-seeds"", ""20"", ""--fisher-batch-size"", ""32"", ""--output"", ""results/tables/gradient_diagnostics/resource_benchmarks/diagnostics/pendigits__pendigits__sta4__trainable-patch-su4__L1__lr0.01__bs32__seed0__final__pendigits__pendigits__sta4__trainable-patch-su4__L1__lr0.01__bs32__seed0__final.json""]",results/tables/gradient_diagnostics/resource_benchmarks/pendigits__pendigits__sta4__trainable-patch-su4__L1__lr0.01__bs32__seed0__final_runs.csv
complete,pendigits,configs/experiments/pendigits.json,pendigits__pendigits__sta4__trainable-patch-su4__L1__lr0.01__bs32__seed0__init,init,pendigits__sta4__trainable-patch-su4__L1__lr0.01__bs32__seed0,pendigits,sta4,trainable-patch-su4,1,0,0.01,32,0,39.073191491072066,results/tables/gradient_diagnostics/resource_benchmarks/diagnostics/pendigits__pendigits__sta4__trainable-patch-su4__L1__lr0.01__bs32__seed0__init__pendigits__pendigits__sta4__trainable-patch-su4__L1__lr0.01__bs32__seed0__init.json,1,1,"{""complete"": 1}",19,4231106560,4035.09765625,144.5715508442546,96.62824466316883,39.158955,7.084322,46.243277,4331118592,4130.4765625,True,19,75.0,4.578947368421052,72611.0,72602.0,2026-05-28T22:46:57.446073+00:00,2026-05-28T22:47:36.519276+00:00,results/tables/gradient_diagnostics/resource_benchmarks/manifests/pendigits__pendigits__sta4__trainable-patch-su4__L1__lr0.01__bs32__seed0__init__pendigits__pendigits__sta4__trainable-patch-su4__L1__lr0.01__bs32__seed0__init.json,results/tables/gradient_diagnostics/resource_benchmarks/resource_samples/pendigits__pendigits__sta4__trainable-patch-su4__L1__lr0.01__bs32__seed0__init__pendigits__pendigits__sta4__trainable-patch-su4__L1__lr0.01__bs32__seed0__init.jsonl,"["".venv/bin/python3"", ""scripts/gradient_diagnostics.py"", ""--manifest"", ""results/tables/gradient_diagnostics/resource_benchmarks/manifests/pendigits__pendigits__sta4__trainable-patch-su4__L1__lr0.01__bs32__seed0__init__pendigits__pendigits__sta4__trainable-patch-su4__L1__lr0.01__bs32__seed0__init.json"", ""--mode"", ""init"", ""--runs-root"", ""results/runs"", ""--diagnostic-batch-size"", ""32"", ""--diagnostic-seed"", ""0"", ""--near-zero-tol"", ""1e-10"", ""--n-init-seeds"", ""20"", ""--fisher-batch-size"", ""32"", ""--output"", ""results/tables/gradient_diagnostics/resource_benchmarks/diagnostics/pendigits__pendigits__sta4__trainable-patch-su4__L1__lr0.01__bs32__seed0__init__pendigits__pendigits__sta4__trainable-patch-su4__L1__lr0.01__bs32__seed0__init.json""]",results/tables/gradient_diagnostics/resource_benchmarks/pendigits__pendigits__sta4__trainable-patch-su4__L1__lr0.01__bs32__seed0__init_runs.csv
complete,pendigits,configs/experiments/pendigits.json,pendigits__pendigits__sta4__trainable-patch-su4__L32__lr0.01__bs32__seed0__checkpoints,checkpoints,pendigits__sta4__trainable-patch-su4__L32__lr0.01__bs32__seed0,pendigits,sta4,trainable-patch-su4,32,0,0.01,32,0,220.0261021249462,results/tables/gradient_diagnostics/resource_benchmarks/diagnostics/pendigits__pendigits__sta4__trainable-patch-su4__L32__lr0.01__bs32__seed0__checkpoints__pendigits__pendigits__sta4__trainable-patch-su4__L32__lr0.01__bs32__seed0__checkpoints.json,8,8,"{""complete"": 8}",105,4665696256,4449.5546875,147.53558133286714,125.55491669031927,243.38008100000002,45.504727,288.884808,4731359232,4512.17578125,True,105,76.0,3.8380952380952382,72613.0,72604.0,2026-05-28T17:58:11.243829+00:00,2026-05-28T18:01:51.269944+00:00,results/tables/gradient_diagnostics/resource_benchmarks/manifests/pendigits__pendigits__sta4__trainable-patch-su4__L32__lr0.01__bs32__seed0__checkpoints__pendigits__pendigits__sta4__trainable-patch-su4__L32__lr0.01__bs32__seed0__checkpoints.json,results/tables/gradient_diagnostics/resource_benchmarks/resource_samples/pendigits__pendigits__sta4__trainable-patch-su4__L32__lr0.01__bs32__seed0__checkpoints__pendigits__pendigits__sta4__trainable-patch-su4__L32__lr0.01__bs32__seed0__checkpoints.jsonl,"["".venv/bin/python3"", ""scripts/gradient_diagnostics.py"", ""--manifest"", ""results/tables/gradient_diagnostics/resource_benchmarks/manifests/pendigits__pendigits__sta4__trainable-patch-su4__L32__lr0.01__bs32__seed0__checkpoints__pendigits__pendigits__sta4__trainable-patch-su4__L32__lr0.01__bs32__seed0__checkpoints.json"", ""--mode"", ""checkpoints"", ""--runs-root"", ""results/runs"", ""--diagnostic-batch-size"", ""32"", ""--diagnostic-seed"", ""0"", ""--near-zero-tol"", ""1e-10"", ""--n-init-seeds"", ""20"", ""--fisher-batch-size"", ""32"", ""--output"", ""results/tables/gradient_diagnostics/resource_benchmarks/diagnostics/pendigits__pendigits__sta4__trainable-patch-su4__L32__lr0.01__bs32__seed0__checkpoints__pendigits__pendigits__sta4__trainable-patch-su4__L32__lr0.01__bs32__seed0__checkpoints.json""]",results/tables/gradient_diagnostics/resource_benchmarks/pendigits__pendigits__sta4__trainable-patch-su4__L32__lr0.01__bs32__seed0__checkpoints_runs.csv
complete,pendigits,configs/experiments/pendigits.json,pendigits__pendigits__sta4__trainable-patch-su4__L32__lr0.01__bs32__seed0__final,final,pendigits__sta4__trainable-patch-su4__L32__lr0.01__bs32__seed0,pendigits,sta4,trainable-patch-su4,32,0,0.01,32,0,67.37516411603428,results/tables/gradient_diagnostics/resource_benchmarks/diagnostics/pendigits__pendigits__sta4__trainable-patch-su4__L32__lr0.01__bs32__seed0__final__pendigits__pendigits__sta4__trainable-patch-su4__L32__lr0.01__bs32__seed0__final.json,1,1,"{""complete"": 1}",32,4642713600,4427.63671875,147.20307460428336,94.10917574406437,61.99713799999999,11.911785,73.90892299999999,4735848448,4516.45703125,True,32,52.0,3.0,72613.0,72604.0,2026-05-28T20:48:01.203447+00:00,2026-05-28T20:49:08.578622+00:00,results/tables/gradient_diagnostics/resource_benchmarks/manifests/pendigits__pendigits__sta4__trainable-patch-su4__L32__lr0.01__bs32__seed0__final__pendigits__pendigits__sta4__trainable-patch-su4__L32__lr0.01__bs32__seed0__final.json,results/tables/gradient_diagnostics/resource_benchmarks/resource_samples/pendigits__pendigits__sta4__trainable-patch-su4__L32__lr0.01__bs32__seed0__final__pendigits__pendigits__sta4__trainable-patch-su4__L32__lr0.01__bs32__seed0__final.jsonl,"["".venv/bin/python3"", ""scripts/gradient_diagnostics.py"", ""--manifest"", ""results/tables/gradient_diagnostics/resource_benchmarks/manifests/pendigits__pendigits__sta4__trainable-patch-su4__L32__lr0.01__bs32__seed0__final__pendigits__pendigits__sta4__trainable-patch-su4__L32__lr0.01__bs32__seed0__final.json"", ""--mode"", ""final"", ""--runs-root"", ""results/runs"", ""--diagnostic-batch-size"", ""32"", ""--diagnostic-seed"", ""0"", ""--near-zero-tol"", ""1e-10"", ""--n-init-seeds"", ""20"", ""--fisher-batch-size"", ""32"", ""--output"", ""results/tables/gradient_diagnostics/resource_benchmarks/diagnostics/pendigits__pendigits__sta4__trainable-patch-su4__L32__lr0.01__bs32__seed0__final__pendigits__pendigits__sta4__trainable-patch-su4__L32__lr0.01__bs32__seed0__final.json""]",results/tables/gradient_diagnostics/resource_benchmarks/pendigits__pendigits__sta4__trainable-patch-su4__L32__lr0.01__bs32__seed0__final_runs.csv
complete,pendigits,configs/experiments/pendigits.json,pendigits__pendigits__sta4__trainable-patch-su4__L32__lr0.01__bs32__seed0__init,init,pendigits__sta4__trainable-patch-su4__L32__lr0.01__bs32__seed0,pendigits,sta4,trainable-patch-su4,32,0,0.01,32,0,262.78498357802164,results/tables/gradient_diagnostics/resource_benchmarks/diagnostics/pendigits__pendigits__sta4__trainable-patch-su4__L32__lr0.01__bs32__seed0__init__pendigits__pendigits__sta4__trainable-patch-su4__L32__lr0.01__bs32__seed0__init.json,1,1,"{""complete"": 1}",125,4770295808,4549.30859375,147.87229651959555,130.06837737910823,299.570156,58.376341000000004,357.946497,4841205760,4616.93359375,True,125,100.0,4.192,72613.0,72604.0,2026-05-28T17:21:23.181064+00:00,2026-05-28T17:25:45.966059+00:00,results/tables/gradient_diagnostics/resource_benchmarks/manifests/pendigits__pendigits__sta4__trainable-patch-su4__L32__lr0.01__bs32__seed0__init__pendigits__pendigits__sta4__trainable-patch-su4__L32__lr0.01__bs32__seed0__init.json,results/tables/gradient_diagnostics/resource_benchmarks/resource_samples/pendigits__pendigits__sta4__trainable-patch-su4__L32__lr0.01__bs32__seed0__init__pendigits__pendigits__sta4__trainable-patch-su4__L32__lr0.01__bs32__seed0__init.jsonl,"["".venv/bin/python3"", ""scripts/gradient_diagnostics.py"", ""--manifest"", ""results/tables/gradient_diagnostics/resource_benchmarks/manifests/pendigits__pendigits__sta4__trainable-patch-su4__L32__lr0.01__bs32__seed0__init__pendigits__pendigits__sta4__trainable-patch-su4__L32__lr0.01__bs32__seed0__init.json"", ""--mode"", ""init"", ""--runs-root"", ""results/runs"", ""--diagnostic-batch-size"", ""32"", ""--diagnostic-seed"", ""0"", ""--near-zero-tol"", ""1e-10"", ""--n-init-seeds"", ""20"", ""--fisher-batch-size"", ""32"", ""--output"", ""results/tables/gradient_diagnostics/resource_benchmarks/diagnostics/pendigits__pendigits__sta4__trainable-patch-su4__L32__lr0.01__bs32__seed0__init__pendigits__pendigits__sta4__trainable-patch-su4__L32__lr0.01__bs32__seed0__init.json""]",results/tables/gradient_diagnostics/resource_benchmarks/pendigits__pendigits__sta4__trainable-patch-su4__L32__lr0.01__bs32__seed0__init_runs.csv
complete,pendigits,configs/experiments/pendigits.json,pendigits__pendigits__sta4__trainable-patch-su4__L8__lr0.01__bs32__seed0__checkpoints,checkpoints,pendigits__sta4__trainable-patch-su4__L8__lr0.01__bs32__seed0,pendigits,sta4,trainable-patch-su4,8,0,0.01,32,0,72.67258914606646,results/tables/gradient_diagnostics/resource_benchmarks/diagnostics/pendigits__pendigits__sta4__trainable-patch-su4__L8__lr0.01__bs32__seed0__checkpoints__pendigits__pendigits__sta4__trainable-patch-su4__L8__lr0.01__bs32__seed0__checkpoints.json,8,8,"{""complete_dirty_git"": 8}",35,4261347328,4063.9375,143.89536175653987,116.80041086269176,77.203419,14.817646,92.021065,4337885184,4136.9296875,True,35,41.0,3.6857142857142855,72611.0,72602.0,2026-05-28T21:06:28.861463+00:00,2026-05-28T21:07:41.534064+00:00,results/tables/gradient_diagnostics/resource_benchmarks/manifests/pendigits__pendigits__sta4__trainable-patch-su4__L8__lr0.01__bs32__seed0__checkpoints__pendigits__pendigits__sta4__trainable-patch-su4__L8__lr0.01__bs32__seed0__checkpoints.json,results/tables/gradient_diagnostics/resource_benchmarks/resource_samples/pendigits__pendigits__sta4__trainable-patch-su4__L8__lr0.01__bs32__seed0__checkpoints__pendigits__pendigits__sta4__trainable-patch-su4__L8__lr0.01__bs32__seed0__checkpoints.jsonl,"["".venv/bin/python3"", ""scripts/gradient_diagnostics.py"", ""--manifest"", ""results/tables/gradient_diagnostics/resource_benchmarks/manifests/pendigits__pendigits__sta4__trainable-patch-su4__L8__lr0.01__bs32__seed0__checkpoints__pendigits__pendigits__sta4__trainable-patch-su4__L8__lr0.01__bs32__seed0__checkpoints.json"", ""--mode"", ""checkpoints"", ""--runs-root"", ""results/runs"", ""--diagnostic-batch-size"", ""32"", ""--diagnostic-seed"", ""0"", ""--near-zero-tol"", ""1e-10"", ""--n-init-seeds"", ""20"", ""--fisher-batch-size"", ""32"", ""--output"", ""results/tables/gradient_diagnostics/resource_benchmarks/diagnostics/pendigits__pendigits__sta4__trainable-patch-su4__L8__lr0.01__bs32__seed0__checkpoints__pendigits__pendigits__sta4__trainable-patch-su4__L8__lr0.01__bs32__seed0__checkpoints.json""]",results/tables/gradient_diagnostics/resource_benchmarks/pendigits__pendigits__sta4__trainable-patch-su4__L8__lr0.01__bs32__seed0__checkpoints_runs.csv
complete,pendigits,configs/experiments/pendigits.json,pendigits__pendigits__sta4__trainable-patch-su4__L8__lr0.01__bs32__seed0__final,final,pendigits__sta4__trainable-patch-su4__L8__lr0.01__bs32__seed0,pendigits,sta4,trainable-patch-su4,8,0,0.01,32,0,36.1471414740663,results/tables/gradient_diagnostics/resource_benchmarks/diagnostics/pendigits__pendigits__sta4__trainable-patch-su4__L8__lr0.01__bs32__seed0__final__pendigits__pendigits__sta4__trainable-patch-su4__L8__lr0.01__bs32__seed0__final.json,1,1,"{""complete_dirty_git"": 1}",18,4352004096,4150.39453125,137.50216979481795,86.43931118734025,32.269902,6.532826999999999,38.802729,4353966080,4152.265625,True,18,5.0,0.9444444444444444,72611.0,72602.0,2026-05-28T22:41:53.970025+00:00,2026-05-28T22:42:30.117179+00:00,results/tables/gradient_diagnostics/resource_benchmarks/manifests/pendigits__pendigits__sta4__trainable-patch-su4__L8__lr0.01__bs32__seed0__final__pendigits__pendigits__sta4__trainable-patch-su4__L8__lr0.01__bs32__seed0__final.json,results/tables/gradient_diagnostics/resource_benchmarks/resource_samples/pendigits__pendigits__sta4__trainable-patch-su4__L8__lr0.01__bs32__seed0__final__pendigits__pendigits__sta4__trainable-patch-su4__L8__lr0.01__bs32__seed0__final.jsonl,"["".venv/bin/python3"", ""scripts/gradient_diagnostics.py"", ""--manifest"", ""results/tables/gradient_diagnostics/resource_benchmarks/manifests/pendigits__pendigits__sta4__trainable-patch-su4__L8__lr0.01__bs32__seed0__final__pendigits__pendigits__sta4__trainable-patch-su4__L8__lr0.01__bs32__seed0__final.json"", ""--mode"", ""final"", ""--runs-root"", ""results/runs"", ""--diagnostic-batch-size"", ""32"", ""--diagnostic-seed"", ""0"", ""--near-zero-tol"", ""1e-10"", ""--n-init-seeds"", ""20"", ""--fisher-batch-size"", ""32"", ""--output"", ""results/tables/gradient_diagnostics/resource_benchmarks/diagnostics/pendigits__pendigits__sta4__trainable-patch-su4__L8__lr0.01__bs32__seed0__final__pendigits__pendigits__sta4__trainable-patch-su4__L8__lr0.01__bs32__seed0__final.json""]",results/tables/gradient_diagnostics/resource_benchmarks/pendigits__pendigits__sta4__trainable-patch-su4__L8__lr0.01__bs32__seed0__final_runs.csv
complete,pendigits,configs/experiments/pendigits.json,pendigits__pendigits__sta4__trainable-patch-su4__L8__lr0.01__bs32__seed0__init,init,pendigits__sta4__trainable-patch-su4__L8__lr0.01__bs32__seed0,pendigits,sta4,trainable-patch-su4,8,0,0.01,32,0,92.78729524405207,results/tables/gradient_diagnostics/resource_benchmarks/diagnostics/pendigits__pendigits__sta4__trainable-patch-su4__L8__lr0.01__bs32__seed0__init__pendigits__pendigits__sta4__trainable-patch-su4__L8__lr0.01__bs32__seed0__init.json,1,1,"{""complete"": 1}",44,4378861568,4176.0078125,147.02393700777714,117.31586955525519,101.017011,19.613544,120.630555,4402610176,4198.65625,True,44,100.0,5.0227272727272725,72613.0,72604.0,2026-05-28T20:21:05.576510+00:00,2026-05-28T20:22:38.363817+00:00,results/tables/gradient_diagnostics/resource_benchmarks/manifests/pendigits__pendigits__sta4__trainable-patch-su4__L8__lr0.01__bs32__seed0__init__pendigits__pendigits__sta4__trainable-patch-su4__L8__lr0.01__bs32__seed0__init.json,results/tables/gradient_diagnostics/resource_benchmarks/resource_samples/pendigits__pendigits__sta4__trainable-patch-su4__L8__lr0.01__bs32__seed0__init__pendigits__pendigits__sta4__trainable-patch-su4__L8__lr0.01__bs32__seed0__init.jsonl,"["".venv/bin/python3"", ""scripts/gradient_diagnostics.py"", ""--manifest"", ""results/tables/gradient_diagnostics/resource_benchmarks/manifests/pendigits__pendigits__sta4__trainable-patch-su4__L8__lr0.01__bs32__seed0__init__pendigits__pendigits__sta4__trainable-patch-su4__L8__lr0.01__bs32__seed0__init.json"", ""--mode"", ""init"", ""--runs-root"", ""results/runs"", ""--diagnostic-batch-size"", ""32"", ""--diagnostic-seed"", ""0"", ""--near-zero-tol"", ""1e-10"", ""--n-init-seeds"", ""20"", ""--fisher-batch-size"", ""32"", ""--output"", ""results/tables/gradient_diagnostics/resource_benchmarks/diagnostics/pendigits__pendigits__sta4__trainable-patch-su4__L8__lr0.01__bs32__seed0__init__pendigits__pendigits__sta4__trainable-patch-su4__L8__lr0.01__bs32__seed0__init.json""]",results/tables/gradient_diagnostics/resource_benchmarks/pendigits__pendigits__sta4__trainable-patch-su4__L8__lr0.01__bs32__seed0__init_runs.csv
complete,synthetic,configs/experiments/synthetic.json,synthetic__synthetic-eigengap__synthetic__block-hamiltonian__L1__lr0.01__bs64__seed0__checkpoints,checkpoints,synthetic-eigengap__synthetic__block-hamiltonian__L1__lr0.01__bs64__seed0,synthetic-eigengap,synthetic,block-hamiltonian,1,0,0.01,64,0,23.595833563013002,results/tables/gradient_diagnostics/resource_benchmarks/diagnostics/synthetic__synthetic-eigengap__synthetic__block-hamiltonian__L1__lr0.01__bs64__seed0__checkpoints__synthetic__synthetic-eigengap__synthetic__block-hamiltonian__L1__lr0.01__bs64__seed0__checkpoints.json,8,8,"{""complete"": 8}",12,4176560128,3983.078125,111.40850566028845,87.70098384257629,20.971303000000002,4.952623,25.923926,4179525632,3985.90625,True,12,100.0,8.833333333333334,72675.0,72666.0,2026-05-28T22:49:14.681456+00:00,2026-05-28T22:49:38.277296+00:00,results/tables/gradient_diagnostics/resource_benchmarks/manifests/synthetic__synthetic-eigengap__synthetic__block-hamiltonian__L1__lr0.01__bs64__seed0__checkpoints__synthetic__synthetic-eigengap__synthetic__block-hamiltonian__L1__lr0.01__bs64__seed0__checkpoints.json,results/tables/gradient_diagnostics/resource_benchmarks/resource_samples/synthetic__synthetic-eigengap__synthetic__block-hamiltonian__L1__lr0.01__bs64__seed0__checkpoints__synthetic__synthetic-eigengap__synthetic__block-hamiltonian__L1__lr0.01__bs64__seed0__checkpoints.jsonl,"["".venv/bin/python3"", ""scripts/gradient_diagnostics.py"", ""--manifest"", ""results/tables/gradient_diagnostics/resource_benchmarks/manifests/synthetic__synthetic-eigengap__synthetic__block-hamiltonian__L1__lr0.01__bs64__seed0__checkpoints__synthetic__synthetic-eigengap__synthetic__block-hamiltonian__L1__lr0.01__bs64__seed0__checkpoints.json"", ""--mode"", ""checkpoints"", ""--runs-root"", ""results/runs"", ""--diagnostic-batch-size"", ""32"", ""--diagnostic-seed"", ""0"", ""--near-zero-tol"", ""1e-10"", ""--n-init-seeds"", ""20"", ""--fisher-batch-size"", ""32"", ""--output"", ""results/tables/gradient_diagnostics/resource_benchmarks/diagnostics/synthetic__synthetic-eigengap__synthetic__block-hamiltonian__L1__lr0.01__bs64__seed0__checkpoints__synthetic__synthetic-eigengap__synthetic__block-hamiltonian__L1__lr0.01__bs64__seed0__checkpoints.json""]",results/tables/gradient_diagnostics/resource_benchmarks/synthetic__synthetic-eigengap__synthetic__block-hamiltonian__L1__lr0.01__bs64__seed0__checkpoints_runs.csv
complete,synthetic,configs/experiments/synthetic.json,synthetic__synthetic-eigengap__synthetic__block-hamiltonian__L1__lr0.01__bs64__seed0__final,final,synthetic-eigengap__synthetic__block-hamiltonian__L1__lr0.01__bs64__seed0,synthetic-eigengap,synthetic,block-hamiltonian,1,0,0.01,64,0,22.33245986700058,results/tables/gradient_diagnostics/resource_benchmarks/diagnostics/synthetic__synthetic-eigengap__synthetic__block-hamiltonian__L1__lr0.01__bs64__seed0__final__synthetic__synthetic-eigengap__synthetic__block-hamiltonian__L1__lr0.01__bs64__seed0__final.json,1,1,"{""complete"": 1}",11,4072431616,3883.7734375,109.88731626412182,86.9174745966723,19.862845,4.204789,24.067633999999998,4176883712,3983.38671875,True,11,73.0,7.2727272727272725,72673.0,72664.0,2026-05-28T22:49:49.012328+00:00,2026-05-28T22:50:11.344794+00:00,results/tables/gradient_diagnostics/resource_benchmarks/manifests/synthetic__synthetic-eigengap__synthetic__block-hamiltonian__L1__lr0.01__bs64__seed0__final__synthetic__synthetic-eigengap__synthetic__block-hamiltonian__L1__lr0.01__bs64__seed0__final.json,results/tables/gradient_diagnostics/resource_benchmarks/resource_samples/synthetic__synthetic-eigengap__synthetic__block-hamiltonian__L1__lr0.01__bs64__seed0__final__synthetic__synthetic-eigengap__synthetic__block-hamiltonian__L1__lr0.01__bs64__seed0__final.jsonl,"["".venv/bin/python3"", ""scripts/gradient_diagnostics.py"", ""--manifest"", ""results/tables/gradient_diagnostics/resource_benchmarks/manifests/synthetic__synthetic-eigengap__synthetic__block-hamiltonian__L1__lr0.01__bs64__seed0__final__synthetic__synthetic-eigengap__synthetic__block-hamiltonian__L1__lr0.01__bs64__seed0__final.json"", ""--mode"", ""final"", ""--runs-root"", ""results/runs"", ""--diagnostic-batch-size"", ""32"", ""--diagnostic-seed"", ""0"", ""--near-zero-tol"", ""1e-10"", ""--n-init-seeds"", ""20"", ""--fisher-batch-size"", ""32"", ""--output"", ""results/tables/gradient_diagnostics/resource_benchmarks/diagnostics/synthetic__synthetic-eigengap__synthetic__block-hamiltonian__L1__lr0.01__bs64__seed0__final__synthetic__synthetic-eigengap__synthetic__block-hamiltonian__L1__lr0.01__bs64__seed0__final.json""]",results/tables/gradient_diagnostics/resource_benchmarks/synthetic__synthetic-eigengap__synthetic__block-hamiltonian__L1__lr0.01__bs64__seed0__final_runs.csv
complete,synthetic,configs/experiments/synthetic.json,synthetic__synthetic-eigengap__synthetic__block-hamiltonian__L1__lr0.01__bs64__seed0__init,init,synthetic-eigengap__synthetic__block-hamiltonian__L1__lr0.01__bs64__seed0,synthetic-eigengap,synthetic,block-hamiltonian,1,0,0.01,64,0,30.4595194500871,results/tables/gradient_diagnostics/resource_benchmarks/diagnostics/synthetic__synthetic-eigengap__synthetic__block-hamiltonian__L1__lr0.01__bs64__seed0__init__synthetic__synthetic-eigengap__synthetic__block-hamiltonian__L1__lr0.01__bs64__seed0__init.json,1,1,"{""complete"": 1}",15,4132278272,3940.84765625,128.03408044997894,82.12213717084758,26.350512,5.428521,31.779033,4193177600,3998.92578125,True,15,100.0,6.666666666666667,72675.0,72666.0,2026-05-28T22:33:33.176597+00:00,2026-05-28T22:34:03.636127+00:00,results/tables/gradient_diagnostics/resource_benchmarks/manifests/synthetic__synthetic-eigengap__synthetic__block-hamiltonian__L1__lr0.01__bs64__seed0__init__synthetic__synthetic-eigengap__synthetic__block-hamiltonian__L1__lr0.01__bs64__seed0__init.json,results/tables/gradient_diagnostics/resource_benchmarks/resource_samples/synthetic__synthetic-eigengap__synthetic__block-hamiltonian__L1__lr0.01__bs64__seed0__init__synthetic__synthetic-eigengap__synthetic__block-hamiltonian__L1__lr0.01__bs64__seed0__init.jsonl,"["".venv/bin/python3"", ""scripts/gradient_diagnostics.py"", ""--manifest"", ""results/tables/gradient_diagnostics/resource_benchmarks/manifests/synthetic__synthetic-eigengap__synthetic__block-hamiltonian__L1__lr0.01__bs64__seed0__init__synthetic__synthetic-eigengap__synthetic__block-hamiltonian__L1__lr0.01__bs64__seed0__init.json"", ""--mode"", ""init"", ""--runs-root"", ""results/runs"", ""--diagnostic-batch-size"", ""32"", ""--diagnostic-seed"", ""0"", ""--near-zero-tol"", ""1e-10"", ""--n-init-seeds"", ""20"", ""--fisher-batch-size"", ""32"", ""--output"", ""results/tables/gradient_diagnostics/resource_benchmarks/diagnostics/synthetic__synthetic-eigengap__synthetic__block-hamiltonian__L1__lr0.01__bs64__seed0__init__synthetic__synthetic-eigengap__synthetic__block-hamiltonian__L1__lr0.01__bs64__seed0__init.json""]",results/tables/gradient_diagnostics/resource_benchmarks/synthetic__synthetic-eigengap__synthetic__block-hamiltonian__L1__lr0.01__bs64__seed0__init_runs.csv
complete,synthetic,configs/experiments/synthetic.json,synthetic__synthetic-eigengap__synthetic__block-hamiltonian__L32__lr0.01__bs64__seed0__checkpoints,checkpoints,synthetic-eigengap__synthetic__block-hamiltonian__L32__lr0.01__bs64__seed0,synthetic-eigengap,synthetic,block-hamiltonian,32,0,0.01,64,0,65.32392615894787,results/tables/gradient_diagnostics/resource_benchmarks/diagnostics/synthetic__synthetic-eigengap__synthetic__block-hamiltonian__L32__lr0.01__bs64__seed0__checkpoints__synthetic__synthetic-eigengap__synthetic__block-hamiltonian__L32__lr0.01__bs64__seed0__checkpoints.json,8,8,"{""complete"": 8}",31,4296024064,4097.0078125,142.3316569472503,111.74945978946575,66.594301,12.96586,79.560161,4366430208,4164.15234375,True,31,93.0,5.354838709677419,72675.0,72666.0,2026-05-28T21:05:12.202770+00:00,2026-05-28T21:06:17.526707+00:00,results/tables/gradient_diagnostics/resource_benchmarks/manifests/synthetic__synthetic-eigengap__synthetic__block-hamiltonian__L32__lr0.01__bs64__seed0__checkpoints__synthetic__synthetic-eigengap__synthetic__block-hamiltonian__L32__lr0.01__bs64__seed0__checkpoints.json,results/tables/gradient_diagnostics/resource_benchmarks/resource_samples/synthetic__synthetic-eigengap__synthetic__block-hamiltonian__L32__lr0.01__bs64__seed0__checkpoints__synthetic__synthetic-eigengap__synthetic__block-hamiltonian__L32__lr0.01__bs64__seed0__checkpoints.jsonl,"["".venv/bin/python3"", ""scripts/gradient_diagnostics.py"", ""--manifest"", ""results/tables/gradient_diagnostics/resource_benchmarks/manifests/synthetic__synthetic-eigengap__synthetic__block-hamiltonian__L32__lr0.01__bs64__seed0__checkpoints__synthetic__synthetic-eigengap__synthetic__block-hamiltonian__L32__lr0.01__bs64__seed0__checkpoints.json"", ""--mode"", ""checkpoints"", ""--runs-root"", ""results/runs"", ""--diagnostic-batch-size"", ""32"", ""--diagnostic-seed"", ""0"", ""--near-zero-tol"", ""1e-10"", ""--n-init-seeds"", ""20"", ""--fisher-batch-size"", ""32"", ""--output"", ""results/tables/gradient_diagnostics/resource_benchmarks/diagnostics/synthetic__synthetic-eigengap__synthetic__block-hamiltonian__L32__lr0.01__bs64__seed0__checkpoints__synthetic__synthetic-eigengap__synthetic__block-hamiltonian__L32__lr0.01__bs64__seed0__checkpoints.json""]",results/tables/gradient_diagnostics/resource_benchmarks/synthetic__synthetic-eigengap__synthetic__block-hamiltonian__L32__lr0.01__bs64__seed0__checkpoints_runs.csv
complete,synthetic,configs/experiments/synthetic.json,synthetic__synthetic-eigengap__synthetic__block-hamiltonian__L32__lr0.01__bs64__seed0__final,final,synthetic-eigengap__synthetic__block-hamiltonian__L32__lr0.01__bs64__seed0,synthetic-eigengap,synthetic,block-hamiltonian,32,0,0.01,64,0,31.77778970799409,results/tables/gradient_diagnostics/resource_benchmarks/diagnostics/synthetic__synthetic-eigengap__synthetic__block-hamiltonian__L32__lr0.01__bs64__seed0__final__synthetic__synthetic-eigengap__synthetic__block-hamiltonian__L32__lr0.01__bs64__seed0__final.json,1,1,"{""complete"": 1}",16,4276523008,4078.41015625,130.00111555812418,92.09307077973553,30.502169000000002,5.925523,36.427692,4380221440,4177.3046875,True,16,95.0,6.4375,72675.0,72666.0,2026-05-28T22:29:30.376266+00:00,2026-05-28T22:30:02.154069+00:00,results/tables/gradient_diagnostics/resource_benchmarks/manifests/synthetic__synthetic-eigengap__synthetic__block-hamiltonian__L32__lr0.01__bs64__seed0__final__synthetic__synthetic-eigengap__synthetic__block-hamiltonian__L32__lr0.01__bs64__seed0__final.json,results/tables/gradient_diagnostics/resource_benchmarks/resource_samples/synthetic__synthetic-eigengap__synthetic__block-hamiltonian__L32__lr0.01__bs64__seed0__final__synthetic__synthetic-eigengap__synthetic__block-hamiltonian__L32__lr0.01__bs64__seed0__final.jsonl,"["".venv/bin/python3"", ""scripts/gradient_diagnostics.py"", ""--manifest"", ""results/tables/gradient_diagnostics/resource_benchmarks/manifests/synthetic__synthetic-eigengap__synthetic__block-hamiltonian__L32__lr0.01__bs64__seed0__final__synthetic__synthetic-eigengap__synthetic__block-hamiltonian__L32__lr0.01__bs64__seed0__final.json"", ""--mode"", ""final"", ""--runs-root"", ""results/runs"", ""--diagnostic-batch-size"", ""32"", ""--diagnostic-seed"", ""0"", ""--near-zero-tol"", ""1e-10"", ""--n-init-seeds"", ""20"", ""--fisher-batch-size"", ""32"", ""--output"", ""results/tables/gradient_diagnostics/resource_benchmarks/diagnostics/synthetic__synthetic-eigengap__synthetic__block-hamiltonian__L32__lr0.01__bs64__seed0__final__synthetic__synthetic-eigengap__synthetic__block-hamiltonian__L32__lr0.01__bs64__seed0__final.json""]",results/tables/gradient_diagnostics/resource_benchmarks/synthetic__synthetic-eigengap__synthetic__block-hamiltonian__L32__lr0.01__bs64__seed0__final_runs.csv
complete,synthetic,configs/experiments/synthetic.json,synthetic__synthetic-eigengap__synthetic__block-hamiltonian__L32__lr0.01__bs64__seed0__init,init,synthetic-eigengap__synthetic__block-hamiltonian__L32__lr0.01__bs64__seed0,synthetic-eigengap,synthetic,block-hamiltonian,32,0,0.01,64,0,79.44712097092997,results/tables/gradient_diagnostics/resource_benchmarks/diagnostics/synthetic__synthetic-eigengap__synthetic__block-hamiltonian__L32__lr0.01__bs64__seed0__init__synthetic__synthetic-eigengap__synthetic__block-hamiltonian__L32__lr0.01__bs64__seed0__init.json,1,1,"{""complete"": 1}",38,4391153664,4187.73046875,143.7916448188091,113.0914936320864,84.110224,15.757311000000001,99.867535,4481191936,4273.59765625,True,38,56.0,3.9473684210526314,72677.0,72668.0,2026-05-28T20:26:07.242302+00:00,2026-05-28T20:27:26.689435+00:00,results/tables/gradient_diagnostics/resource_benchmarks/manifests/synthetic__synthetic-eigengap__synthetic__block-hamiltonian__L32__lr0.01__bs64__seed0__init__synthetic__synthetic-eigengap__synthetic__block-hamiltonian__L32__lr0.01__bs64__seed0__init.json,results/tables/gradient_diagnostics/resource_benchmarks/resource_samples/synthetic__synthetic-eigengap__synthetic__block-hamiltonian__L32__lr0.01__bs64__seed0__init__synthetic__synthetic-eigengap__synthetic__block-hamiltonian__L32__lr0.01__bs64__seed0__init.jsonl,"["".venv/bin/python3"", ""scripts/gradient_diagnostics.py"", ""--manifest"", ""results/tables/gradient_diagnostics/resource_benchmarks/manifests/synthetic__synthetic-eigengap__synthetic__block-hamiltonian__L32__lr0.01__bs64__seed0__init__synthetic__synthetic-eigengap__synthetic__block-hamiltonian__L32__lr0.01__bs64__seed0__init.json"", ""--mode"", ""init"", ""--runs-root"", ""results/runs"", ""--diagnostic-batch-size"", ""32"", ""--diagnostic-seed"", ""0"", ""--near-zero-tol"", ""1e-10"", ""--n-init-seeds"", ""20"", ""--fisher-batch-size"", ""32"", ""--output"", ""results/tables/gradient_diagnostics/resource_benchmarks/diagnostics/synthetic__synthetic-eigengap__synthetic__block-hamiltonian__L32__lr0.01__bs64__seed0__init__synthetic__synthetic-eigengap__synthetic__block-hamiltonian__L32__lr0.01__bs64__seed0__init.json""]",results/tables/gradient_diagnostics/resource_benchmarks/synthetic__synthetic-eigengap__synthetic__block-hamiltonian__L32__lr0.01__bs64__seed0__init_runs.csv
complete,synthetic,configs/experiments/synthetic.json,synthetic__synthetic-eigengap__synthetic__block-hamiltonian__L8__lr0.01__bs64__seed0__checkpoints,checkpoints,synthetic-eigengap__synthetic__block-hamiltonian__L8__lr0.01__bs64__seed0,synthetic-eigengap,synthetic,block-hamiltonian,8,0,0.01,64,0,35.06847556703724,results/tables/gradient_diagnostics/resource_benchmarks/diagnostics/synthetic__synthetic-eigengap__synthetic__block-hamiltonian__L8__lr0.01__bs64__seed0__checkpoints__synthetic__synthetic-eigengap__synthetic__block-hamiltonian__L8__lr0.01__bs64__seed0__checkpoints.json,8,8,"{""complete"": 8}",17,4116578304,3925.875,138.21398806309907,95.49082982880188,32.098516,6.539018,38.637533999999995,4216082432,4020.76953125,True,17,37.0,3.6470588235294117,72675.0,72666.0,2026-05-28T22:45:23.914437+00:00,2026-05-28T22:45:58.982923+00:00,results/tables/gradient_diagnostics/resource_benchmarks/manifests/synthetic__synthetic-eigengap__synthetic__block-hamiltonian__L8__lr0.01__bs64__seed0__checkpoints__synthetic__synthetic-eigengap__synthetic__block-hamiltonian__L8__lr0.01__bs64__seed0__checkpoints.json,results/tables/gradient_diagnostics/resource_benchmarks/resource_samples/synthetic__synthetic-eigengap__synthetic__block-hamiltonian__L8__lr0.01__bs64__seed0__checkpoints__synthetic__synthetic-eigengap__synthetic__block-hamiltonian__L8__lr0.01__bs64__seed0__checkpoints.jsonl,"["".venv/bin/python3"", ""scripts/gradient_diagnostics.py"", ""--manifest"", ""results/tables/gradient_diagnostics/resource_benchmarks/manifests/synthetic__synthetic-eigengap__synthetic__block-hamiltonian__L8__lr0.01__bs64__seed0__checkpoints__synthetic__synthetic-eigengap__synthetic__block-hamiltonian__L8__lr0.01__bs64__seed0__checkpoints.json"", ""--mode"", ""checkpoints"", ""--runs-root"", ""results/runs"", ""--diagnostic-batch-size"", ""32"", ""--diagnostic-seed"", ""0"", ""--near-zero-tol"", ""1e-10"", ""--n-init-seeds"", ""20"", ""--fisher-batch-size"", ""32"", ""--output"", ""results/tables/gradient_diagnostics/resource_benchmarks/diagnostics/synthetic__synthetic-eigengap__synthetic__block-hamiltonian__L8__lr0.01__bs64__seed0__checkpoints__synthetic__synthetic-eigengap__synthetic__block-hamiltonian__L8__lr0.01__bs64__seed0__checkpoints.json""]",results/tables/gradient_diagnostics/resource_benchmarks/synthetic__synthetic-eigengap__synthetic__block-hamiltonian__L8__lr0.01__bs64__seed0__checkpoints_runs.csv
complete,synthetic,configs/experiments/synthetic.json,synthetic__synthetic-eigengap__synthetic__block-hamiltonian__L8__lr0.01__bs64__seed0__final,final,synthetic-eigengap__synthetic__block-hamiltonian__L8__lr0.01__bs64__seed0,synthetic-eigengap,synthetic,block-hamiltonian,8,0,0.01,64,0,25.781666834955104,results/tables/gradient_diagnostics/resource_benchmarks/diagnostics/synthetic__synthetic-eigengap__synthetic__block-hamiltonian__L8__lr0.01__bs64__seed0__final__synthetic__synthetic-eigengap__synthetic__block-hamiltonian__L8__lr0.01__bs64__seed0__final.json,1,1,"{""complete"": 1}",13,4172292096,3979.0078125,110.40032205664696,84.52901874370451,23.098694,4.673171999999999,27.771865999999996,4175474688,3982.04296875,True,13,100.0,8.384615384615385,72675.0,72666.0,2026-05-28T22:27:59.932607+00:00,2026-05-28T22:28:25.714280+00:00,results/tables/gradient_diagnostics/resource_benchmarks/manifests/synthetic__synthetic-eigengap__synthetic__block-hamiltonian__L8__lr0.01__bs64__seed0__final__synthetic__synthetic-eigengap__synthetic__block-hamiltonian__L8__lr0.01__bs64__seed0__final.json,results/tables/gradient_diagnostics/resource_benchmarks/resource_samples/synthetic__synthetic-eigengap__synthetic__block-hamiltonian__L8__lr0.01__bs64__seed0__final__synthetic__synthetic-eigengap__synthetic__block-hamiltonian__L8__lr0.01__bs64__seed0__final.jsonl,"["".venv/bin/python3"", ""scripts/gradient_diagnostics.py"", ""--manifest"", ""results/tables/gradient_diagnostics/resource_benchmarks/manifests/synthetic__synthetic-eigengap__synthetic__block-hamiltonian__L8__lr0.01__bs64__seed0__final__synthetic__synthetic-eigengap__synthetic__block-hamiltonian__L8__lr0.01__bs64__seed0__final.json"", ""--mode"", ""final"", ""--runs-root"", ""results/runs"", ""--diagnostic-batch-size"", ""32"", ""--diagnostic-seed"", ""0"", ""--near-zero-tol"", ""1e-10"", ""--n-init-seeds"", ""20"", ""--fisher-batch-size"", ""32"", ""--output"", ""results/tables/gradient_diagnostics/resource_benchmarks/diagnostics/synthetic__synthetic-eigengap__synthetic__block-hamiltonian__L8__lr0.01__bs64__seed0__final__synthetic__synthetic-eigengap__synthetic__block-hamiltonian__L8__lr0.01__bs64__seed0__final.json""]",results/tables/gradient_diagnostics/resource_benchmarks/synthetic__synthetic-eigengap__synthetic__block-hamiltonian__L8__lr0.01__bs64__seed0__final_runs.csv
complete,synthetic,configs/experiments/synthetic.json,synthetic__synthetic-eigengap__synthetic__block-hamiltonian__L8__lr0.01__bs64__seed0__init,init,synthetic-eigengap__synthetic__block-hamiltonian__L8__lr0.01__bs64__seed0,synthetic-eigengap,synthetic,block-hamiltonian,8,0,0.01,64,0,44.870597725966945,results/tables/gradient_diagnostics/resource_benchmarks/diagnostics/synthetic__synthetic-eigengap__synthetic__block-hamiltonian__L8__lr0.01__bs64__seed0__init__synthetic__synthetic-eigengap__synthetic__block-hamiltonian__L8__lr0.01__bs64__seed0__init.json,1,1,"{""complete"": 1}",22,4292722688,4093.859375,142.86376856367258,91.24871399521729,41.702803,7.987629999999999,49.690433,4330754048,4130.12890625,True,22,34.0,2.6363636363636362,72677.0,72668.0,2026-05-28T21:46:09.941956+00:00,2026-05-28T21:46:54.812566+00:00,results/tables/gradient_diagnostics/resource_benchmarks/manifests/synthetic__synthetic-eigengap__synthetic__block-hamiltonian__L8__lr0.01__bs64__seed0__init__synthetic__synthetic-eigengap__synthetic__block-hamiltonian__L8__lr0.01__bs64__seed0__init.json,results/tables/gradient_diagnostics/resource_benchmarks/resource_samples/synthetic__synthetic-eigengap__synthetic__block-hamiltonian__L8__lr0.01__bs64__seed0__init__synthetic__synthetic-eigengap__synthetic__block-hamiltonian__L8__lr0.01__bs64__seed0__init.jsonl,"["".venv/bin/python3"", ""scripts/gradient_diagnostics.py"", ""--manifest"", ""results/tables/gradient_diagnostics/resource_benchmarks/manifests/synthetic__synthetic-eigengap__synthetic__block-hamiltonian__L8__lr0.01__bs64__seed0__init__synthetic__synthetic-eigengap__synthetic__block-hamiltonian__L8__lr0.01__bs64__seed0__init.json"", ""--mode"", ""init"", ""--runs-root"", ""results/runs"", ""--diagnostic-batch-size"", ""32"", ""--diagnostic-seed"", ""0"", ""--near-zero-tol"", ""1e-10"", ""--n-init-seeds"", ""20"", ""--fisher-batch-size"", ""32"", ""--output"", ""results/tables/gradient_diagnostics/resource_benchmarks/diagnostics/synthetic__synthetic-eigengap__synthetic__block-hamiltonian__L8__lr0.01__bs64__seed0__init__synthetic__synthetic-eigengap__synthetic__block-hamiltonian__L8__lr0.01__bs64__seed0__init.json""]",results/tables/gradient_diagnostics/resource_benchmarks/synthetic__synthetic-eigengap__synthetic__block-hamiltonian__L8__lr0.01__bs64__seed0__init_runs.csv
complete,synthetic,configs/experiments/synthetic.json,synthetic__synthetic-eigengap__synthetic__fixed-ry-rz__L1__lr0.01__bs64__seed0__checkpoints,checkpoints,synthetic-eigengap__synthetic__fixed-ry-rz__L1__lr0.01__bs64__seed0,synthetic-eigengap,synthetic,fixed-ry-rz,1,0,0.01,64,0,46.21712372393813,results/tables/gradient_diagnostics/resource_benchmarks/diagnostics/synthetic__synthetic-eigengap__synthetic__fixed-ry-rz__L1__lr0.01__bs64__seed0__checkpoints__synthetic__synthetic-eigengap__synthetic__fixed-ry-rz__L1__lr0.01__bs64__seed0__checkpoints.json,8,8,"{""complete"": 8}",22,4332572672,4131.86328125,136.20609624089926,100.56925889805564,47.035106,9.025471,56.060576999999995,4426375168,4221.3203125,True,22,13.0,1.9090909090909092,72675.0,72666.0,2026-05-28T21:23:52.073342+00:00,2026-05-28T21:24:38.290476+00:00,results/tables/gradient_diagnostics/resource_benchmarks/manifests/synthetic__synthetic-eigengap__synthetic__fixed-ry-rz__L1__lr0.01__bs64__seed0__checkpoints__synthetic__synthetic-eigengap__synthetic__fixed-ry-rz__L1__lr0.01__bs64__seed0__checkpoints.json,results/tables/gradient_diagnostics/resource_benchmarks/resource_samples/synthetic__synthetic-eigengap__synthetic__fixed-ry-rz__L1__lr0.01__bs64__seed0__checkpoints__synthetic__synthetic-eigengap__synthetic__fixed-ry-rz__L1__lr0.01__bs64__seed0__checkpoints.jsonl,"["".venv/bin/python3"", ""scripts/gradient_diagnostics.py"", ""--manifest"", ""results/tables/gradient_diagnostics/resource_benchmarks/manifests/synthetic__synthetic-eigengap__synthetic__fixed-ry-rz__L1__lr0.01__bs64__seed0__checkpoints__synthetic__synthetic-eigengap__synthetic__fixed-ry-rz__L1__lr0.01__bs64__seed0__checkpoints.json"", ""--mode"", ""checkpoints"", ""--runs-root"", ""results/runs"", ""--diagnostic-batch-size"", ""32"", ""--diagnostic-seed"", ""0"", ""--near-zero-tol"", ""1e-10"", ""--n-init-seeds"", ""20"", ""--fisher-batch-size"", ""32"", ""--output"", ""results/tables/gradient_diagnostics/resource_benchmarks/diagnostics/synthetic__synthetic-eigengap__synthetic__fixed-ry-rz__L1__lr0.01__bs64__seed0__checkpoints__synthetic__synthetic-eigengap__synthetic__fixed-ry-rz__L1__lr0.01__bs64__seed0__checkpoints.json""]",results/tables/gradient_diagnostics/resource_benchmarks/synthetic__synthetic-eigengap__synthetic__fixed-ry-rz__L1__lr0.01__bs64__seed0__checkpoints_runs.csv
complete,synthetic,configs/experiments/synthetic.json,synthetic__synthetic-eigengap__synthetic__fixed-ry-rz__L1__lr0.01__bs64__seed0__final,final,synthetic-eigengap__synthetic__fixed-ry-rz__L1__lr0.01__bs64__seed0,synthetic-eigengap,synthetic,fixed-ry-rz,1,0,0.01,64,0,36.31359956401866,results/tables/gradient_diagnostics/resource_benchmarks/diagnostics/synthetic__synthetic-eigengap__synthetic__fixed-ry-rz__L1__lr0.01__bs64__seed0__final__synthetic__synthetic-eigengap__synthetic__fixed-ry-rz__L1__lr0.01__bs64__seed0__final.json,1,1,"{""complete"": 1}",18,4319354880,4119.2578125,132.97222316292377,94.9013232402271,37.181163000000005,7.005839,44.18700200000001,4393517056,4189.984375,True,18,40.0,3.1666666666666665,72675.0,72666.0,2026-05-28T22:46:10.435523+00:00,2026-05-28T22:46:46.749133+00:00,results/tables/gradient_diagnostics/resource_benchmarks/manifests/synthetic__synthetic-eigengap__synthetic__fixed-ry-rz__L1__lr0.01__bs64__seed0__final__synthetic__synthetic-eigengap__synthetic__fixed-ry-rz__L1__lr0.01__bs64__seed0__final.json,results/tables/gradient_diagnostics/resource_benchmarks/resource_samples/synthetic__synthetic-eigengap__synthetic__fixed-ry-rz__L1__lr0.01__bs64__seed0__final__synthetic__synthetic-eigengap__synthetic__fixed-ry-rz__L1__lr0.01__bs64__seed0__final.jsonl,"["".venv/bin/python3"", ""scripts/gradient_diagnostics.py"", ""--manifest"", ""results/tables/gradient_diagnostics/resource_benchmarks/manifests/synthetic__synthetic-eigengap__synthetic__fixed-ry-rz__L1__lr0.01__bs64__seed0__final__synthetic__synthetic-eigengap__synthetic__fixed-ry-rz__L1__lr0.01__bs64__seed0__final.json"", ""--mode"", ""final"", ""--runs-root"", ""results/runs"", ""--diagnostic-batch-size"", ""32"", ""--diagnostic-seed"", ""0"", ""--near-zero-tol"", ""1e-10"", ""--n-init-seeds"", ""20"", ""--fisher-batch-size"", ""32"", ""--output"", ""results/tables/gradient_diagnostics/resource_benchmarks/diagnostics/synthetic__synthetic-eigengap__synthetic__fixed-ry-rz__L1__lr0.01__bs64__seed0__final__synthetic__synthetic-eigengap__synthetic__fixed-ry-rz__L1__lr0.01__bs64__seed0__final.json""]",results/tables/gradient_diagnostics/resource_benchmarks/synthetic__synthetic-eigengap__synthetic__fixed-ry-rz__L1__lr0.01__bs64__seed0__final_runs.csv
complete,synthetic,configs/experiments/synthetic.json,synthetic__synthetic-eigengap__synthetic__fixed-ry-rz__L1__lr0.01__bs64__seed0__init,init,synthetic-eigengap__synthetic__fixed-ry-rz__L1__lr0.01__bs64__seed0,synthetic-eigengap,synthetic,fixed-ry-rz,1,0,0.01,64,0,53.7079726801021,results/tables/gradient_diagnostics/resource_benchmarks/diagnostics/synthetic__synthetic-eigengap__synthetic__fixed-ry-rz__L1__lr0.01__bs64__seed0__init__synthetic__synthetic-eigengap__synthetic__fixed-ry-rz__L1__lr0.01__bs64__seed0__init.json,1,1,"{""complete"": 1}",26,4428701696,4223.5390625,139.8227731583551,99.71967204659205,55.228697999999994,10.244558000000001,65.47325599999999,4510187520,4301.25,True,26,100.0,5.269230769230769,72675.0,72666.0,2026-05-28T21:47:58.762445+00:00,2026-05-28T21:48:52.470430+00:00,results/tables/gradient_diagnostics/resource_benchmarks/manifests/synthetic__synthetic-eigengap__synthetic__fixed-ry-rz__L1__lr0.01__bs64__seed0__init__synthetic__synthetic-eigengap__synthetic__fixed-ry-rz__L1__lr0.01__bs64__seed0__init.json,results/tables/gradient_diagnostics/resource_benchmarks/resource_samples/synthetic__synthetic-eigengap__synthetic__fixed-ry-rz__L1__lr0.01__bs64__seed0__init__synthetic__synthetic-eigengap__synthetic__fixed-ry-rz__L1__lr0.01__bs64__seed0__init.jsonl,"["".venv/bin/python3"", ""scripts/gradient_diagnostics.py"", ""--manifest"", ""results/tables/gradient_diagnostics/resource_benchmarks/manifests/synthetic__synthetic-eigengap__synthetic__fixed-ry-rz__L1__lr0.01__bs64__seed0__init__synthetic__synthetic-eigengap__synthetic__fixed-ry-rz__L1__lr0.01__bs64__seed0__init.json"", ""--mode"", ""init"", ""--runs-root"", ""results/runs"", ""--diagnostic-batch-size"", ""32"", ""--diagnostic-seed"", ""0"", ""--near-zero-tol"", ""1e-10"", ""--n-init-seeds"", ""20"", ""--fisher-batch-size"", ""32"", ""--output"", ""results/tables/gradient_diagnostics/resource_benchmarks/diagnostics/synthetic__synthetic-eigengap__synthetic__fixed-ry-rz__L1__lr0.01__bs64__seed0__init__synthetic__synthetic-eigengap__synthetic__fixed-ry-rz__L1__lr0.01__bs64__seed0__init.json""]",results/tables/gradient_diagnostics/resource_benchmarks/synthetic__synthetic-eigengap__synthetic__fixed-ry-rz__L1__lr0.01__bs64__seed0__init_runs.csv
complete,synthetic,configs/experiments/synthetic.json,synthetic__synthetic-eigengap__synthetic__fixed-ry-rz__L32__lr0.01__bs64__seed0__checkpoints,checkpoints,synthetic-eigengap__synthetic__fixed-ry-rz__L32__lr0.01__bs64__seed0,synthetic-eigengap,synthetic,fixed-ry-rz,32,0,0.01,64,0,410.7570663030492,results/tables/gradient_diagnostics/resource_benchmarks/diagnostics/synthetic__synthetic-eigengap__synthetic__fixed-ry-rz__L32__lr0.01__bs64__seed0__checkpoints__synthetic__synthetic-eigengap__synthetic__fixed-ry-rz__L32__lr0.01__bs64__seed0__checkpoints.json,8,8,"{""complete"": 8}",195,4638015488,4423.15625,136.99457553053097,124.89853660090574,455.54009,73.27155400000001,528.811644,4699885568,4482.16015625,True,195,36.0,6.8307692307692305,72675.0,72666.0,2026-05-28T16:17:22.294908+00:00,2026-05-28T16:24:13.051981+00:00,results/tables/gradient_diagnostics/resource_benchmarks/manifests/synthetic__synthetic-eigengap__synthetic__fixed-ry-rz__L32__lr0.01__bs64__seed0__checkpoints__synthetic__synthetic-eigengap__synthetic__fixed-ry-rz__L32__lr0.01__bs64__seed0__checkpoints.json,results/tables/gradient_diagnostics/resource_benchmarks/resource_samples/synthetic__synthetic-eigengap__synthetic__fixed-ry-rz__L32__lr0.01__bs64__seed0__checkpoints__synthetic__synthetic-eigengap__synthetic__fixed-ry-rz__L32__lr0.01__bs64__seed0__checkpoints.jsonl,"["".venv/bin/python3"", ""scripts/gradient_diagnostics.py"", ""--manifest"", ""results/tables/gradient_diagnostics/resource_benchmarks/manifests/synthetic__synthetic-eigengap__synthetic__fixed-ry-rz__L32__lr0.01__bs64__seed0__checkpoints__synthetic__synthetic-eigengap__synthetic__fixed-ry-rz__L32__lr0.01__bs64__seed0__checkpoints.json"", ""--mode"", ""checkpoints"", ""--runs-root"", ""results/runs"", ""--diagnostic-batch-size"", ""32"", ""--diagnostic-seed"", ""0"", ""--near-zero-tol"", ""1e-10"", ""--n-init-seeds"", ""20"", ""--fisher-batch-size"", ""32"", ""--output"", ""results/tables/gradient_diagnostics/resource_benchmarks/diagnostics/synthetic__synthetic-eigengap__synthetic__fixed-ry-rz__L32__lr0.01__bs64__seed0__checkpoints__synthetic__synthetic-eigengap__synthetic__fixed-ry-rz__L32__lr0.01__bs64__seed0__checkpoints.json""]",results/tables/gradient_diagnostics/resource_benchmarks/synthetic__synthetic-eigengap__synthetic__fixed-ry-rz__L32__lr0.01__bs64__seed0__checkpoints_runs.csv
complete,synthetic,configs/experiments/synthetic.json,synthetic__synthetic-eigengap__synthetic__fixed-ry-rz__L32__lr0.01__bs64__seed0__final,final,synthetic-eigengap__synthetic__fixed-ry-rz__L32__lr0.01__bs64__seed0,synthetic-eigengap,synthetic,fixed-ry-rz,32,0,0.01,64,0,89.87945673998911,results/tables/gradient_diagnostics/resource_benchmarks/diagnostics/synthetic__synthetic-eigengap__synthetic__fixed-ry-rz__L32__lr0.01__bs64__seed0__final__synthetic__synthetic-eigengap__synthetic__fixed-ry-rz__L32__lr0.01__bs64__seed0__final.json,1,1,"{""complete"": 1}",43,4614082560,4400.33203125,136.4319941579061,109.58786762378756,94.410494,16.376279,110.786773,4683796480,4466.81640625,True,43,45.0,5.5813953488372094,72675.0,72666.0,2026-05-28T19:46:04.936617+00:00,2026-05-28T19:47:34.816085+00:00,results/tables/gradient_diagnostics/resource_benchmarks/manifests/synthetic__synthetic-eigengap__synthetic__fixed-ry-rz__L32__lr0.01__bs64__seed0__final__synthetic__synthetic-eigengap__synthetic__fixed-ry-rz__L32__lr0.01__bs64__seed0__final.json,results/tables/gradient_diagnostics/resource_benchmarks/resource_samples/synthetic__synthetic-eigengap__synthetic__fixed-ry-rz__L32__lr0.01__bs64__seed0__final__synthetic__synthetic-eigengap__synthetic__fixed-ry-rz__L32__lr0.01__bs64__seed0__final.jsonl,"["".venv/bin/python3"", ""scripts/gradient_diagnostics.py"", ""--manifest"", ""results/tables/gradient_diagnostics/resource_benchmarks/manifests/synthetic__synthetic-eigengap__synthetic__fixed-ry-rz__L32__lr0.01__bs64__seed0__final__synthetic__synthetic-eigengap__synthetic__fixed-ry-rz__L32__lr0.01__bs64__seed0__final.json"", ""--mode"", ""final"", ""--runs-root"", ""results/runs"", ""--diagnostic-batch-size"", ""32"", ""--diagnostic-seed"", ""0"", ""--near-zero-tol"", ""1e-10"", ""--n-init-seeds"", ""20"", ""--fisher-batch-size"", ""32"", ""--output"", ""results/tables/gradient_diagnostics/resource_benchmarks/diagnostics/synthetic__synthetic-eigengap__synthetic__fixed-ry-rz__L32__lr0.01__bs64__seed0__final__synthetic__synthetic-eigengap__synthetic__fixed-ry-rz__L32__lr0.01__bs64__seed0__final.json""]",results/tables/gradient_diagnostics/resource_benchmarks/synthetic__synthetic-eigengap__synthetic__fixed-ry-rz__L32__lr0.01__bs64__seed0__final_runs.csv
complete,synthetic,configs/experiments/synthetic.json,synthetic__synthetic-eigengap__synthetic__fixed-ry-rz__L32__lr0.01__bs64__seed0__init,init,synthetic-eigengap__synthetic__fixed-ry-rz__L32__lr0.01__bs64__seed0,synthetic-eigengap,synthetic,fixed-ry-rz,32,0,0.01,64,0,494.58149807492737,results/tables/gradient_diagnostics/resource_benchmarks/diagnostics/synthetic__synthetic-eigengap__synthetic__fixed-ry-rz__L32__lr0.01__bs64__seed0__init__synthetic__synthetic-eigengap__synthetic__fixed-ry-rz__L32__lr0.01__bs64__seed0__init.json,1,1,"{""complete"": 1}",235,4644917248,4429.73828125,137.51791770191159,128.36612902672715,558.795771,94.041083,652.8368539999999,4729368576,4510.27734375,True,235,75.0,7.914893617021277,72675.0,72666.0,2026-05-28T15:00:19.199370+00:00,2026-05-28T15:08:33.780879+00:00,results/tables/gradient_diagnostics/resource_benchmarks/manifests/synthetic__synthetic-eigengap__synthetic__fixed-ry-rz__L32__lr0.01__bs64__seed0__init__synthetic__synthetic-eigengap__synthetic__fixed-ry-rz__L32__lr0.01__bs64__seed0__init.json,results/tables/gradient_diagnostics/resource_benchmarks/resource_samples/synthetic__synthetic-eigengap__synthetic__fixed-ry-rz__L32__lr0.01__bs64__seed0__init__synthetic__synthetic-eigengap__synthetic__fixed-ry-rz__L32__lr0.01__bs64__seed0__init.jsonl,"["".venv/bin/python3"", ""scripts/gradient_diagnostics.py"", ""--manifest"", ""results/tables/gradient_diagnostics/resource_benchmarks/manifests/synthetic__synthetic-eigengap__synthetic__fixed-ry-rz__L32__lr0.01__bs64__seed0__init__synthetic__synthetic-eigengap__synthetic__fixed-ry-rz__L32__lr0.01__bs64__seed0__init.json"", ""--mode"", ""init"", ""--runs-root"", ""results/runs"", ""--diagnostic-batch-size"", ""32"", ""--diagnostic-seed"", ""0"", ""--near-zero-tol"", ""1e-10"", ""--n-init-seeds"", ""20"", ""--fisher-batch-size"", ""32"", ""--output"", ""results/tables/gradient_diagnostics/resource_benchmarks/diagnostics/synthetic__synthetic-eigengap__synthetic__fixed-ry-rz__L32__lr0.01__bs64__seed0__init__synthetic__synthetic-eigengap__synthetic__fixed-ry-rz__L32__lr0.01__bs64__seed0__init.json""]",results/tables/gradient_diagnostics/resource_benchmarks/synthetic__synthetic-eigengap__synthetic__fixed-ry-rz__L32__lr0.01__bs64__seed0__init_runs.csv
complete,synthetic,configs/experiments/synthetic.json,synthetic__synthetic-eigengap__synthetic__fixed-ry-rz__L8__lr0.01__bs64__seed0__checkpoints,checkpoints,synthetic-eigengap__synthetic__fixed-ry-rz__L8__lr0.01__bs64__seed0,synthetic-eigengap,synthetic,fixed-ry-rz,8,0,0.01,64,0,132.36465803603642,results/tables/gradient_diagnostics/resource_benchmarks/diagnostics/synthetic__synthetic-eigengap__synthetic__fixed-ry-rz__L8__lr0.01__bs64__seed0__checkpoints__synthetic__synthetic-eigengap__synthetic__fixed-ry-rz__L8__lr0.01__bs64__seed0__checkpoints.json,8,8,"{""complete"": 8}",63,4508098560,4299.2578125,136.54167284711124,117.41603929114879,143.17627199999998,23.416209,166.592481,4573945856,4362.0546875,True,63,28.0,5.253968253968254,72675.0,72666.0,2026-05-28T19:17:53.509922+00:00,2026-05-28T19:20:05.874586+00:00,results/tables/gradient_diagnostics/resource_benchmarks/manifests/synthetic__synthetic-eigengap__synthetic__fixed-ry-rz__L8__lr0.01__bs64__seed0__checkpoints__synthetic__synthetic-eigengap__synthetic__fixed-ry-rz__L8__lr0.01__bs64__seed0__checkpoints.json,results/tables/gradient_diagnostics/resource_benchmarks/resource_samples/synthetic__synthetic-eigengap__synthetic__fixed-ry-rz__L8__lr0.01__bs64__seed0__checkpoints__synthetic__synthetic-eigengap__synthetic__fixed-ry-rz__L8__lr0.01__bs64__seed0__checkpoints.jsonl,"["".venv/bin/python3"", ""scripts/gradient_diagnostics.py"", ""--manifest"", ""results/tables/gradient_diagnostics/resource_benchmarks/manifests/synthetic__synthetic-eigengap__synthetic__fixed-ry-rz__L8__lr0.01__bs64__seed0__checkpoints__synthetic__synthetic-eigengap__synthetic__fixed-ry-rz__L8__lr0.01__bs64__seed0__checkpoints.json"", ""--mode"", ""checkpoints"", ""--runs-root"", ""results/runs"", ""--diagnostic-batch-size"", ""32"", ""--diagnostic-seed"", ""0"", ""--near-zero-tol"", ""1e-10"", ""--n-init-seeds"", ""20"", ""--fisher-batch-size"", ""32"", ""--output"", ""results/tables/gradient_diagnostics/resource_benchmarks/diagnostics/synthetic__synthetic-eigengap__synthetic__fixed-ry-rz__L8__lr0.01__bs64__seed0__checkpoints__synthetic__synthetic-eigengap__synthetic__fixed-ry-rz__L8__lr0.01__bs64__seed0__checkpoints.json""]",results/tables/gradient_diagnostics/resource_benchmarks/synthetic__synthetic-eigengap__synthetic__fixed-ry-rz__L8__lr0.01__bs64__seed0__checkpoints_runs.csv
complete,synthetic,configs/experiments/synthetic.json,synthetic__synthetic-eigengap__synthetic__fixed-ry-rz__L8__lr0.01__bs64__seed0__final,final,synthetic-eigengap__synthetic__fixed-ry-rz__L8__lr0.01__bs64__seed0,synthetic-eigengap,synthetic,fixed-ry-rz,8,0,0.01,64,0,49.16090040805284,results/tables/gradient_diagnostics/resource_benchmarks/diagnostics/synthetic__synthetic-eigengap__synthetic__fixed-ry-rz__L8__lr0.01__bs64__seed0__final__synthetic__synthetic-eigengap__synthetic__fixed-ry-rz__L8__lr0.01__bs64__seed0__final.json,1,1,"{""complete"": 1}",24,4485787648,4277.98046875,136.28411774636828,102.8762860269166,52.338263,9.308896,61.647159,4571168768,4359.40625,True,24,8.0,1.7083333333333333,72675.0,72666.0,2026-05-28T21:52:37.456245+00:00,2026-05-28T21:53:26.617156+00:00,results/tables/gradient_diagnostics/resource_benchmarks/manifests/synthetic__synthetic-eigengap__synthetic__fixed-ry-rz__L8__lr0.01__bs64__seed0__final__synthetic__synthetic-eigengap__synthetic__fixed-ry-rz__L8__lr0.01__bs64__seed0__final.json,results/tables/gradient_diagnostics/resource_benchmarks/resource_samples/synthetic__synthetic-eigengap__synthetic__fixed-ry-rz__L8__lr0.01__bs64__seed0__final__synthetic__synthetic-eigengap__synthetic__fixed-ry-rz__L8__lr0.01__bs64__seed0__final.jsonl,"["".venv/bin/python3"", ""scripts/gradient_diagnostics.py"", ""--manifest"", ""results/tables/gradient_diagnostics/resource_benchmarks/manifests/synthetic__synthetic-eigengap__synthetic__fixed-ry-rz__L8__lr0.01__bs64__seed0__final__synthetic__synthetic-eigengap__synthetic__fixed-ry-rz__L8__lr0.01__bs64__seed0__final.json"", ""--mode"", ""final"", ""--runs-root"", ""results/runs"", ""--diagnostic-batch-size"", ""32"", ""--diagnostic-seed"", ""0"", ""--near-zero-tol"", ""1e-10"", ""--n-init-seeds"", ""20"", ""--fisher-batch-size"", ""32"", ""--output"", ""results/tables/gradient_diagnostics/resource_benchmarks/diagnostics/synthetic__synthetic-eigengap__synthetic__fixed-ry-rz__L8__lr0.01__bs64__seed0__final__synthetic__synthetic-eigengap__synthetic__fixed-ry-rz__L8__lr0.01__bs64__seed0__final.json""]",results/tables/gradient_diagnostics/resource_benchmarks/synthetic__synthetic-eigengap__synthetic__fixed-ry-rz__L8__lr0.01__bs64__seed0__final_runs.csv
complete,synthetic,configs/experiments/synthetic.json,synthetic__synthetic-eigengap__synthetic__fixed-ry-rz__L8__lr0.01__bs64__seed0__init,init,synthetic-eigengap__synthetic__fixed-ry-rz__L8__lr0.01__bs64__seed0,synthetic-eigengap,synthetic,fixed-ry-rz,8,0,0.01,64,0,156.0027037479449,results/tables/gradient_diagnostics/resource_benchmarks/diagnostics/synthetic__synthetic-eigengap__synthetic__fixed-ry-rz__L8__lr0.01__bs64__seed0__init__synthetic__synthetic-eigengap__synthetic__fixed-ry-rz__L8__lr0.01__bs64__seed0__init.json,1,1,"{""complete"": 1}",74,4563431424,4352.02734375,138.07228279072186,120.37504345428653,173.109284,28.927829,202.037113,4598722560,4385.68359375,True,74,49.0,6.54054054054054,72677.0,72668.0,2026-05-28T19:09:45.591113+00:00,2026-05-28T19:12:21.593823+00:00,results/tables/gradient_diagnostics/resource_benchmarks/manifests/synthetic__synthetic-eigengap__synthetic__fixed-ry-rz__L8__lr0.01__bs64__seed0__init__synthetic__synthetic-eigengap__synthetic__fixed-ry-rz__L8__lr0.01__bs64__seed0__init.json,results/tables/gradient_diagnostics/resource_benchmarks/resource_samples/synthetic__synthetic-eigengap__synthetic__fixed-ry-rz__L8__lr0.01__bs64__seed0__init__synthetic__synthetic-eigengap__synthetic__fixed-ry-rz__L8__lr0.01__bs64__seed0__init.jsonl,"["".venv/bin/python3"", ""scripts/gradient_diagnostics.py"", ""--manifest"", ""results/tables/gradient_diagnostics/resource_benchmarks/manifests/synthetic__synthetic-eigengap__synthetic__fixed-ry-rz__L8__lr0.01__bs64__seed0__init__synthetic__synthetic-eigengap__synthetic__fixed-ry-rz__L8__lr0.01__bs64__seed0__init.json"", ""--mode"", ""init"", ""--runs-root"", ""results/runs"", ""--diagnostic-batch-size"", ""32"", ""--diagnostic-seed"", ""0"", ""--near-zero-tol"", ""1e-10"", ""--n-init-seeds"", ""20"", ""--fisher-batch-size"", ""32"", ""--output"", ""results/tables/gradient_diagnostics/resource_benchmarks/diagnostics/synthetic__synthetic-eigengap__synthetic__fixed-ry-rz__L8__lr0.01__bs64__seed0__init__synthetic__synthetic-eigengap__synthetic__fixed-ry-rz__L8__lr0.01__bs64__seed0__init.json""]",results/tables/gradient_diagnostics/resource_benchmarks/synthetic__synthetic-eigengap__synthetic__fixed-ry-rz__L8__lr0.01__bs64__seed0__init_runs.csv
complete,synthetic,configs/experiments/synthetic.json,synthetic__synthetic-eigengap__synthetic__fixed-ry__L1__lr0.01__bs64__seed0__checkpoints,checkpoints,synthetic-eigengap__synthetic__fixed-ry__L1__lr0.01__bs64__seed0,synthetic-eigengap,synthetic,fixed-ry,1,0,0.01,64,0,44.456196679966524,results/tables/gradient_diagnostics/resource_benchmarks/diagnostics/synthetic__synthetic-eigengap__synthetic__fixed-ry__L1__lr0.01__bs64__seed0__checkpoints__synthetic__synthetic-eigengap__synthetic__fixed-ry__L1__lr0.01__bs64__seed0__checkpoints.json,8,8,"{""complete"": 8}",22,4368125952,4165.76953125,137.32314353234378,100.21008101426898,46.048871,8.839191999999999,54.888062999999995,4402114560,4198.18359375,True,22,7.0,1.4090909090909092,72675.0,72666.0,2026-05-28T21:42:15.521769+00:00,2026-05-28T21:42:59.977977+00:00,results/tables/gradient_diagnostics/resource_benchmarks/manifests/synthetic__synthetic-eigengap__synthetic__fixed-ry__L1__lr0.01__bs64__seed0__checkpoints__synthetic__synthetic-eigengap__synthetic__fixed-ry__L1__lr0.01__bs64__seed0__checkpoints.json,results/tables/gradient_diagnostics/resource_benchmarks/resource_samples/synthetic__synthetic-eigengap__synthetic__fixed-ry__L1__lr0.01__bs64__seed0__checkpoints__synthetic__synthetic-eigengap__synthetic__fixed-ry__L1__lr0.01__bs64__seed0__checkpoints.jsonl,"["".venv/bin/python3"", ""scripts/gradient_diagnostics.py"", ""--manifest"", ""results/tables/gradient_diagnostics/resource_benchmarks/manifests/synthetic__synthetic-eigengap__synthetic__fixed-ry__L1__lr0.01__bs64__seed0__checkpoints__synthetic__synthetic-eigengap__synthetic__fixed-ry__L1__lr0.01__bs64__seed0__checkpoints.json"", ""--mode"", ""checkpoints"", ""--runs-root"", ""results/runs"", ""--diagnostic-batch-size"", ""32"", ""--diagnostic-seed"", ""0"", ""--near-zero-tol"", ""1e-10"", ""--n-init-seeds"", ""20"", ""--fisher-batch-size"", ""32"", ""--output"", ""results/tables/gradient_diagnostics/resource_benchmarks/diagnostics/synthetic__synthetic-eigengap__synthetic__fixed-ry__L1__lr0.01__bs64__seed0__checkpoints__synthetic__synthetic-eigengap__synthetic__fixed-ry__L1__lr0.01__bs64__seed0__checkpoints.json""]",results/tables/gradient_diagnostics/resource_benchmarks/synthetic__synthetic-eigengap__synthetic__fixed-ry__L1__lr0.01__bs64__seed0__checkpoints_runs.csv
complete,synthetic,configs/experiments/synthetic.json,synthetic__synthetic-eigengap__synthetic__fixed-ry__L1__lr0.01__bs64__seed0__final,final,synthetic-eigengap__synthetic__fixed-ry__L1__lr0.01__bs64__seed0,synthetic-eigengap,synthetic,fixed-ry,1,0,0.01,64,0,36.46701435698196,results/tables/gradient_diagnostics/resource_benchmarks/diagnostics/synthetic__synthetic-eigengap__synthetic__fixed-ry__L1__lr0.01__bs64__seed0__final__synthetic__synthetic-eigengap__synthetic__fixed-ry__L1__lr0.01__bs64__seed0__final.json,1,1,"{""complete"": 1}",18,4315193344,4115.2890625,123.0857643979827,94.20156824875801,37.032813000000004,7.270485000000001,44.303298000000005,4383944704,4180.85546875,True,18,81.0,5.055555555555555,72675.0,72666.0,2026-05-28T22:04:25.169855+00:00,2026-05-28T22:05:01.636881+00:00,results/tables/gradient_diagnostics/resource_benchmarks/manifests/synthetic__synthetic-eigengap__synthetic__fixed-ry__L1__lr0.01__bs64__seed0__final__synthetic__synthetic-eigengap__synthetic__fixed-ry__L1__lr0.01__bs64__seed0__final.json,results/tables/gradient_diagnostics/resource_benchmarks/resource_samples/synthetic__synthetic-eigengap__synthetic__fixed-ry__L1__lr0.01__bs64__seed0__final__synthetic__synthetic-eigengap__synthetic__fixed-ry__L1__lr0.01__bs64__seed0__final.jsonl,"["".venv/bin/python3"", ""scripts/gradient_diagnostics.py"", ""--manifest"", ""results/tables/gradient_diagnostics/resource_benchmarks/manifests/synthetic__synthetic-eigengap__synthetic__fixed-ry__L1__lr0.01__bs64__seed0__final__synthetic__synthetic-eigengap__synthetic__fixed-ry__L1__lr0.01__bs64__seed0__final.json"", ""--mode"", ""final"", ""--runs-root"", ""results/runs"", ""--diagnostic-batch-size"", ""32"", ""--diagnostic-seed"", ""0"", ""--near-zero-tol"", ""1e-10"", ""--n-init-seeds"", ""20"", ""--fisher-batch-size"", ""32"", ""--output"", ""results/tables/gradient_diagnostics/resource_benchmarks/diagnostics/synthetic__synthetic-eigengap__synthetic__fixed-ry__L1__lr0.01__bs64__seed0__final__synthetic__synthetic-eigengap__synthetic__fixed-ry__L1__lr0.01__bs64__seed0__final.json""]",results/tables/gradient_diagnostics/resource_benchmarks/synthetic__synthetic-eigengap__synthetic__fixed-ry__L1__lr0.01__bs64__seed0__final_runs.csv
complete,synthetic,configs/experiments/synthetic.json,synthetic__synthetic-eigengap__synthetic__fixed-ry__L1__lr0.01__bs64__seed0__init,init,synthetic-eigengap__synthetic__fixed-ry__L1__lr0.01__bs64__seed0,synthetic-eigengap,synthetic,fixed-ry,1,0,0.01,64,0,47.728249794919975,results/tables/gradient_diagnostics/resource_benchmarks/diagnostics/synthetic__synthetic-eigengap__synthetic__fixed-ry__L1__lr0.01__bs64__seed0__init__synthetic__synthetic-eigengap__synthetic__fixed-ry__L1__lr0.01__bs64__seed0__init.json,1,1,"{""complete"": 1}",23,4403855360,4199.84375,142.2745619258059,108.10264865724754,53.096414,9.848619,62.945033,4499992576,4291.52734375,True,23,70.0,5.086956521739131,72675.0,72666.0,2026-05-28T21:43:11.043194+00:00,2026-05-28T21:43:58.771455+00:00,results/tables/gradient_diagnostics/resource_benchmarks/manifests/synthetic__synthetic-eigengap__synthetic__fixed-ry__L1__lr0.01__bs64__seed0__init__synthetic__synthetic-eigengap__synthetic__fixed-ry__L1__lr0.01__bs64__seed0__init.json,results/tables/gradient_diagnostics/resource_benchmarks/resource_samples/synthetic__synthetic-eigengap__synthetic__fixed-ry__L1__lr0.01__bs64__seed0__init__synthetic__synthetic-eigengap__synthetic__fixed-ry__L1__lr0.01__bs64__seed0__init.jsonl,"["".venv/bin/python3"", ""scripts/gradient_diagnostics.py"", ""--manifest"", ""results/tables/gradient_diagnostics/resource_benchmarks/manifests/synthetic__synthetic-eigengap__synthetic__fixed-ry__L1__lr0.01__bs64__seed0__init__synthetic__synthetic-eigengap__synthetic__fixed-ry__L1__lr0.01__bs64__seed0__init.json"", ""--mode"", ""init"", ""--runs-root"", ""results/runs"", ""--diagnostic-batch-size"", ""32"", ""--diagnostic-seed"", ""0"", ""--near-zero-tol"", ""1e-10"", ""--n-init-seeds"", ""20"", ""--fisher-batch-size"", ""32"", ""--output"", ""results/tables/gradient_diagnostics/resource_benchmarks/diagnostics/synthetic__synthetic-eigengap__synthetic__fixed-ry__L1__lr0.01__bs64__seed0__init__synthetic__synthetic-eigengap__synthetic__fixed-ry__L1__lr0.01__bs64__seed0__init.json""]",results/tables/gradient_diagnostics/resource_benchmarks/synthetic__synthetic-eigengap__synthetic__fixed-ry__L1__lr0.01__bs64__seed0__init_runs.csv
complete,synthetic,configs/experiments/synthetic.json,synthetic__synthetic-eigengap__synthetic__fixed-ry__L32__lr0.01__bs64__seed0__checkpoints,checkpoints,synthetic-eigengap__synthetic__fixed-ry__L32__lr0.01__bs64__seed0,synthetic-eigengap,synthetic,fixed-ry,32,0,0.01,64,0,353.4198746959446,results/tables/gradient_diagnostics/resource_benchmarks/diagnostics/synthetic__synthetic-eigengap__synthetic__fixed-ry__L32__lr0.01__bs64__seed0__checkpoints__synthetic__synthetic-eigengap__synthetic__fixed-ry__L32__lr0.01__bs64__seed0__checkpoints.json,8,8,"{""complete"": 8}",168,4608032768,4394.5625,140.34251349973144,125.73446675563119,392.830855,66.73476000000001,459.565615,4656328704,4440.62109375,True,168,64.0,6.505952380952381,72675.0,72666.0,2026-05-28T16:52:24.488379+00:00,2026-05-28T16:58:17.908264+00:00,results/tables/gradient_diagnostics/resource_benchmarks/manifests/synthetic__synthetic-eigengap__synthetic__fixed-ry__L32__lr0.01__bs64__seed0__checkpoints__synthetic__synthetic-eigengap__synthetic__fixed-ry__L32__lr0.01__bs64__seed0__checkpoints.json,results/tables/gradient_diagnostics/resource_benchmarks/resource_samples/synthetic__synthetic-eigengap__synthetic__fixed-ry__L32__lr0.01__bs64__seed0__checkpoints__synthetic__synthetic-eigengap__synthetic__fixed-ry__L32__lr0.01__bs64__seed0__checkpoints.jsonl,"["".venv/bin/python3"", ""scripts/gradient_diagnostics.py"", ""--manifest"", ""results/tables/gradient_diagnostics/resource_benchmarks/manifests/synthetic__synthetic-eigengap__synthetic__fixed-ry__L32__lr0.01__bs64__seed0__checkpoints__synthetic__synthetic-eigengap__synthetic__fixed-ry__L32__lr0.01__bs64__seed0__checkpoints.json"", ""--mode"", ""checkpoints"", ""--runs-root"", ""results/runs"", ""--diagnostic-batch-size"", ""32"", ""--diagnostic-seed"", ""0"", ""--near-zero-tol"", ""1e-10"", ""--n-init-seeds"", ""20"", ""--fisher-batch-size"", ""32"", ""--output"", ""results/tables/gradient_diagnostics/resource_benchmarks/diagnostics/synthetic__synthetic-eigengap__synthetic__fixed-ry__L32__lr0.01__bs64__seed0__checkpoints__synthetic__synthetic-eigengap__synthetic__fixed-ry__L32__lr0.01__bs64__seed0__checkpoints.json""]",results/tables/gradient_diagnostics/resource_benchmarks/synthetic__synthetic-eigengap__synthetic__fixed-ry__L32__lr0.01__bs64__seed0__checkpoints_runs.csv
complete,synthetic,configs/experiments/synthetic.json,synthetic__synthetic-eigengap__synthetic__fixed-ry__L32__lr0.01__bs64__seed0__final,final,synthetic-eigengap__synthetic__fixed-ry__L32__lr0.01__bs64__seed0,synthetic-eigengap,synthetic,fixed-ry,32,0,0.01,64,0,82.02850987005513,results/tables/gradient_diagnostics/resource_benchmarks/diagnostics/synthetic__synthetic-eigengap__synthetic__fixed-ry__L32__lr0.01__bs64__seed0__final__synthetic__synthetic-eigengap__synthetic__fixed-ry__L32__lr0.01__bs64__seed0__final.json,1,1,"{""complete"": 1}",39,4595073024,4382.203125,139.7876737450937,108.99283583855846,85.936081,15.392280999999999,101.328362,4619857920,4405.83984375,True,39,100.0,6.461538461538462,72675.0,72666.0,2026-05-28T20:32:15.982046+00:00,2026-05-28T20:33:38.010568+00:00,results/tables/gradient_diagnostics/resource_benchmarks/manifests/synthetic__synthetic-eigengap__synthetic__fixed-ry__L32__lr0.01__bs64__seed0__final__synthetic__synthetic-eigengap__synthetic__fixed-ry__L32__lr0.01__bs64__seed0__final.json,results/tables/gradient_diagnostics/resource_benchmarks/resource_samples/synthetic__synthetic-eigengap__synthetic__fixed-ry__L32__lr0.01__bs64__seed0__final__synthetic__synthetic-eigengap__synthetic__fixed-ry__L32__lr0.01__bs64__seed0__final.jsonl,"["".venv/bin/python3"", ""scripts/gradient_diagnostics.py"", ""--manifest"", ""results/tables/gradient_diagnostics/resource_benchmarks/manifests/synthetic__synthetic-eigengap__synthetic__fixed-ry__L32__lr0.01__bs64__seed0__final__synthetic__synthetic-eigengap__synthetic__fixed-ry__L32__lr0.01__bs64__seed0__final.json"", ""--mode"", ""final"", ""--runs-root"", ""results/runs"", ""--diagnostic-batch-size"", ""32"", ""--diagnostic-seed"", ""0"", ""--near-zero-tol"", ""1e-10"", ""--n-init-seeds"", ""20"", ""--fisher-batch-size"", ""32"", ""--output"", ""results/tables/gradient_diagnostics/resource_benchmarks/diagnostics/synthetic__synthetic-eigengap__synthetic__fixed-ry__L32__lr0.01__bs64__seed0__final__synthetic__synthetic-eigengap__synthetic__fixed-ry__L32__lr0.01__bs64__seed0__final.json""]",results/tables/gradient_diagnostics/resource_benchmarks/synthetic__synthetic-eigengap__synthetic__fixed-ry__L32__lr0.01__bs64__seed0__final_runs.csv
complete,synthetic,configs/experiments/synthetic.json,synthetic__synthetic-eigengap__synthetic__fixed-ry__L32__lr0.01__bs64__seed0__init,init,synthetic-eigengap__synthetic__fixed-ry__L32__lr0.01__bs64__seed0,synthetic-eigengap,synthetic,fixed-ry,32,0,0.01,64,0,411.07723931898363,results/tables/gradient_diagnostics/resource_benchmarks/diagnostics/synthetic__synthetic-eigengap__synthetic__fixed-ry__L32__lr0.01__bs64__seed0__init__synthetic__synthetic-eigengap__synthetic__fixed-ry__L32__lr0.01__bs64__seed0__init.json,1,1,"{""complete"": 1}",195,4672831488,4456.359375,141.54040486285618,131.03995487673674,471.042176,84.401606,555.4437819999999,4748566528,4528.5859375,True,195,29.0,7.015384615384615,72675.0,72666.0,2026-05-28T16:10:20.354011+00:00,2026-05-28T16:17:11.431257+00:00,results/tables/gradient_diagnostics/resource_benchmarks/manifests/synthetic__synthetic-eigengap__synthetic__fixed-ry__L32__lr0.01__bs64__seed0__init__synthetic__synthetic-eigengap__synthetic__fixed-ry__L32__lr0.01__bs64__seed0__init.json,results/tables/gradient_diagnostics/resource_benchmarks/resource_samples/synthetic__synthetic-eigengap__synthetic__fixed-ry__L32__lr0.01__bs64__seed0__init__synthetic__synthetic-eigengap__synthetic__fixed-ry__L32__lr0.01__bs64__seed0__init.jsonl,"["".venv/bin/python3"", ""scripts/gradient_diagnostics.py"", ""--manifest"", ""results/tables/gradient_diagnostics/resource_benchmarks/manifests/synthetic__synthetic-eigengap__synthetic__fixed-ry__L32__lr0.01__bs64__seed0__init__synthetic__synthetic-eigengap__synthetic__fixed-ry__L32__lr0.01__bs64__seed0__init.json"", ""--mode"", ""init"", ""--runs-root"", ""results/runs"", ""--diagnostic-batch-size"", ""32"", ""--diagnostic-seed"", ""0"", ""--near-zero-tol"", ""1e-10"", ""--n-init-seeds"", ""20"", ""--fisher-batch-size"", ""32"", ""--output"", ""results/tables/gradient_diagnostics/resource_benchmarks/diagnostics/synthetic__synthetic-eigengap__synthetic__fixed-ry__L32__lr0.01__bs64__seed0__init__synthetic__synthetic-eigengap__synthetic__fixed-ry__L32__lr0.01__bs64__seed0__init.json""]",results/tables/gradient_diagnostics/resource_benchmarks/synthetic__synthetic-eigengap__synthetic__fixed-ry__L32__lr0.01__bs64__seed0__init_runs.csv
complete,synthetic,configs/experiments/synthetic.json,synthetic__synthetic-eigengap__synthetic__fixed-ry__L8__lr0.01__bs64__seed0__checkpoints,checkpoints,synthetic-eigengap__synthetic__fixed-ry__L8__lr0.01__bs64__seed0,synthetic-eigengap,synthetic,fixed-ry,8,0,0.01,64,0,117.52999478206038,results/tables/gradient_diagnostics/resource_benchmarks/diagnostics/synthetic__synthetic-eigengap__synthetic__fixed-ry__L8__lr0.01__bs64__seed0__checkpoints__synthetic__synthetic-eigengap__synthetic__fixed-ry__L8__lr0.01__bs64__seed0__checkpoints.json,8,8,"{""complete"": 8}",57,4465139712,4258.2890625,137.9900172188402,115.74817510883874,126.32281600000002,21.233401,147.556217,4553195520,4342.265625,True,57,100.0,6.245614035087719,72675.0,72666.0,2026-05-28T19:39:45.179638+00:00,2026-05-28T19:41:42.709643+00:00,results/tables/gradient_diagnostics/resource_benchmarks/manifests/synthetic__synthetic-eigengap__synthetic__fixed-ry__L8__lr0.01__bs64__seed0__checkpoints__synthetic__synthetic-eigengap__synthetic__fixed-ry__L8__lr0.01__bs64__seed0__checkpoints.json,results/tables/gradient_diagnostics/resource_benchmarks/resource_samples/synthetic__synthetic-eigengap__synthetic__fixed-ry__L8__lr0.01__bs64__seed0__checkpoints__synthetic__synthetic-eigengap__synthetic__fixed-ry__L8__lr0.01__bs64__seed0__checkpoints.jsonl,"["".venv/bin/python3"", ""scripts/gradient_diagnostics.py"", ""--manifest"", ""results/tables/gradient_diagnostics/resource_benchmarks/manifests/synthetic__synthetic-eigengap__synthetic__fixed-ry__L8__lr0.01__bs64__seed0__checkpoints__synthetic__synthetic-eigengap__synthetic__fixed-ry__L8__lr0.01__bs64__seed0__checkpoints.json"", ""--mode"", ""checkpoints"", ""--runs-root"", ""results/runs"", ""--diagnostic-batch-size"", ""32"", ""--diagnostic-seed"", ""0"", ""--near-zero-tol"", ""1e-10"", ""--n-init-seeds"", ""20"", ""--fisher-batch-size"", ""32"", ""--output"", ""results/tables/gradient_diagnostics/resource_benchmarks/diagnostics/synthetic__synthetic-eigengap__synthetic__fixed-ry__L8__lr0.01__bs64__seed0__checkpoints__synthetic__synthetic-eigengap__synthetic__fixed-ry__L8__lr0.01__bs64__seed0__checkpoints.json""]",results/tables/gradient_diagnostics/resource_benchmarks/synthetic__synthetic-eigengap__synthetic__fixed-ry__L8__lr0.01__bs64__seed0__checkpoints_runs.csv
complete,synthetic,configs/experiments/synthetic.json,synthetic__synthetic-eigengap__synthetic__fixed-ry__L8__lr0.01__bs64__seed0__final,final,synthetic-eigengap__synthetic__fixed-ry__L8__lr0.01__bs64__seed0,synthetic-eigengap,synthetic,fixed-ry,8,0,0.01,64,0,49.09376644692384,results/tables/gradient_diagnostics/resource_benchmarks/diagnostics/synthetic__synthetic-eigengap__synthetic__fixed-ry__L8__lr0.01__bs64__seed0__final__synthetic__synthetic-eigengap__synthetic__fixed-ry__L8__lr0.01__bs64__seed0__final.json,1,1,"{""complete"": 1}",24,4460298240,4253.671875,139.89182680892347,98.54106632648099,50.090794,9.367396,59.45819,4509102080,4300.21484375,True,24,96.0,5.041666666666667,72675.0,72666.0,2026-05-28T21:44:08.373894+00:00,2026-05-28T21:44:57.467672+00:00,results/tables/gradient_diagnostics/resource_benchmarks/manifests/synthetic__synthetic-eigengap__synthetic__fixed-ry__L8__lr0.01__bs64__seed0__final__synthetic__synthetic-eigengap__synthetic__fixed-ry__L8__lr0.01__bs64__seed0__final.json,results/tables/gradient_diagnostics/resource_benchmarks/resource_samples/synthetic__synthetic-eigengap__synthetic__fixed-ry__L8__lr0.01__bs64__seed0__final__synthetic__synthetic-eigengap__synthetic__fixed-ry__L8__lr0.01__bs64__seed0__final.jsonl,"["".venv/bin/python3"", ""scripts/gradient_diagnostics.py"", ""--manifest"", ""results/tables/gradient_diagnostics/resource_benchmarks/manifests/synthetic__synthetic-eigengap__synthetic__fixed-ry__L8__lr0.01__bs64__seed0__final__synthetic__synthetic-eigengap__synthetic__fixed-ry__L8__lr0.01__bs64__seed0__final.json"", ""--mode"", ""final"", ""--runs-root"", ""results/runs"", ""--diagnostic-batch-size"", ""32"", ""--diagnostic-seed"", ""0"", ""--near-zero-tol"", ""1e-10"", ""--n-init-seeds"", ""20"", ""--fisher-batch-size"", ""32"", ""--output"", ""results/tables/gradient_diagnostics/resource_benchmarks/diagnostics/synthetic__synthetic-eigengap__synthetic__fixed-ry__L8__lr0.01__bs64__seed0__final__synthetic__synthetic-eigengap__synthetic__fixed-ry__L8__lr0.01__bs64__seed0__final.json""]",results/tables/gradient_diagnostics/resource_benchmarks/synthetic__synthetic-eigengap__synthetic__fixed-ry__L8__lr0.01__bs64__seed0__final_runs.csv
complete,synthetic,configs/experiments/synthetic.json,synthetic__synthetic-eigengap__synthetic__fixed-ry__L8__lr0.01__bs64__seed0__init,init,synthetic-eigengap__synthetic__fixed-ry__L8__lr0.01__bs64__seed0,synthetic-eigengap,synthetic,fixed-ry,8,0,0.01,64,0,137.51379998901393,results/tables/gradient_diagnostics/resource_benchmarks/diagnostics/synthetic__synthetic-eigengap__synthetic__fixed-ry__L8__lr0.01__bs64__seed0__init__synthetic__synthetic-eigengap__synthetic__fixed-ry__L8__lr0.01__bs64__seed0__init.json,1,1,"{""complete"": 1}",66,4594343936,4381.5078125,140.84731822266693,119.47615748971955,151.816193,27.541112000000002,179.357305,4597407744,4384.4296875,True,66,93.0,5.621212121212121,72677.0,72668.0,2026-05-28T19:04:44.532298+00:00,2026-05-28T19:07:02.046105+00:00,results/tables/gradient_diagnostics/resource_benchmarks/manifests/synthetic__synthetic-eigengap__synthetic__fixed-ry__L8__lr0.01__bs64__seed0__init__synthetic__synthetic-eigengap__synthetic__fixed-ry__L8__lr0.01__bs64__seed0__init.json,results/tables/gradient_diagnostics/resource_benchmarks/resource_samples/synthetic__synthetic-eigengap__synthetic__fixed-ry__L8__lr0.01__bs64__seed0__init__synthetic__synthetic-eigengap__synthetic__fixed-ry__L8__lr0.01__bs64__seed0__init.jsonl,"["".venv/bin/python3"", ""scripts/gradient_diagnostics.py"", ""--manifest"", ""results/tables/gradient_diagnostics/resource_benchmarks/manifests/synthetic__synthetic-eigengap__synthetic__fixed-ry__L8__lr0.01__bs64__seed0__init__synthetic__synthetic-eigengap__synthetic__fixed-ry__L8__lr0.01__bs64__seed0__init.json"", ""--mode"", ""init"", ""--runs-root"", ""results/runs"", ""--diagnostic-batch-size"", ""32"", ""--diagnostic-seed"", ""0"", ""--near-zero-tol"", ""1e-10"", ""--n-init-seeds"", ""20"", ""--fisher-batch-size"", ""32"", ""--output"", ""results/tables/gradient_diagnostics/resource_benchmarks/diagnostics/synthetic__synthetic-eigengap__synthetic__fixed-ry__L8__lr0.01__bs64__seed0__init__synthetic__synthetic-eigengap__synthetic__fixed-ry__L8__lr0.01__bs64__seed0__init.json""]",results/tables/gradient_diagnostics/resource_benchmarks/synthetic__synthetic-eigengap__synthetic__fixed-ry__L8__lr0.01__bs64__seed0__init_runs.csv
complete,synthetic,configs/experiments/synthetic.json,synthetic__synthetic-eigengap__synthetic__non-overlap-patch-block-hamiltonian__L1__lr0.01__bs64__seed0__checkpoints,checkpoints,synthetic-eigengap__synthetic__non-overlap-patch-block-hamiltonian__L1__lr0.01__bs64__seed0,synthetic-eigengap,synthetic,non-overlap-patch-block-hamiltonian,1,0,0.01,64,0,32.61686541198287,results/tables/gradient_diagnostics/resource_benchmarks/diagnostics/synthetic__synthetic-eigengap__synthetic__non-overlap-patch-block-hamiltonian__L1__lr0.01__bs64__seed0__checkpoints__synthetic__synthetic-eigengap__synthetic__non-overlap-patch-block-hamiltonian__L1__lr0.01__bs64__seed0__checkpoints.json,8,8,"{""complete"": 8}",16,4201127936,4006.5078125,133.31718148458987,88.57588354622183,28.753453,6.212261,34.965714,4304510976,4105.1015625,True,16,73.0,5.1875,72675.0,72666.0,2026-05-28T22:15:18.099458+00:00,2026-05-28T22:15:50.716333+00:00,results/tables/gradient_diagnostics/resource_benchmarks/manifests/synthetic__synthetic-eigengap__synthetic__non-overlap-patch-block-hamiltonian__L1__lr0.01__bs64__seed0__checkpoints__synthetic__synthetic-eigengap__synthetic__non-overlap-patch-block-hamiltonian__L1__lr0.01__bs64__seed0__checkpoints.json,results/tables/gradient_diagnostics/resource_benchmarks/resource_samples/synthetic__synthetic-eigengap__synthetic__non-overlap-patch-block-hamiltonian__L1__lr0.01__bs64__seed0__checkpoints__synthetic__synthetic-eigengap__synthetic__non-overlap-patch-block-hamiltonian__L1__lr0.01__bs64__seed0__checkpoints.jsonl,"["".venv/bin/python3"", ""scripts/gradient_diagnostics.py"", ""--manifest"", ""results/tables/gradient_diagnostics/resource_benchmarks/manifests/synthetic__synthetic-eigengap__synthetic__non-overlap-patch-block-hamiltonian__L1__lr0.01__bs64__seed0__checkpoints__synthetic__synthetic-eigengap__synthetic__non-overlap-patch-block-hamiltonian__L1__lr0.01__bs64__seed0__checkpoints.json"", ""--mode"", ""checkpoints"", ""--runs-root"", ""results/runs"", ""--diagnostic-batch-size"", ""32"", ""--diagnostic-seed"", ""0"", ""--near-zero-tol"", ""1e-10"", ""--n-init-seeds"", ""20"", ""--fisher-batch-size"", ""32"", ""--output"", ""results/tables/gradient_diagnostics/resource_benchmarks/diagnostics/synthetic__synthetic-eigengap__synthetic__non-overlap-patch-block-hamiltonian__L1__lr0.01__bs64__seed0__checkpoints__synthetic__synthetic-eigengap__synthetic__non-overlap-patch-block-hamiltonian__L1__lr0.01__bs64__seed0__checkpoints.json""]",results/tables/gradient_diagnostics/resource_benchmarks/synthetic__synthetic-eigengap__synthetic__non-overlap-patch-block-hamiltonian__L1__lr0.01__bs64__seed0__checkpoints_runs.csv
complete,synthetic,configs/experiments/synthetic.json,synthetic__synthetic-eigengap__synthetic__non-overlap-patch-block-hamiltonian__L1__lr0.01__bs64__seed0__final,final,synthetic-eigengap__synthetic__non-overlap-patch-block-hamiltonian__L1__lr0.01__bs64__seed0,synthetic-eigengap,synthetic,non-overlap-patch-block-hamiltonian,1,0,0.01,64,0,25.442684366949834,results/tables/gradient_diagnostics/resource_benchmarks/diagnostics/synthetic__synthetic-eigengap__synthetic__non-overlap-patch-block-hamiltonian__L1__lr0.01__bs64__seed0__final__synthetic__synthetic-eigengap__synthetic__non-overlap-patch-block-hamiltonian__L1__lr0.01__bs64__seed0__final.json,1,1,"{""complete"": 1}",13,4183470080,3989.66796875,112.3378144523507,92.26969353503746,24.055833,5.160905,29.216738,4237602816,4041.29296875,True,13,100.0,7.846153846153846,72675.0,72666.0,2026-05-28T23:07:21.250688+00:00,2026-05-28T23:07:46.693380+00:00,results/tables/gradient_diagnostics/resource_benchmarks/manifests/synthetic__synthetic-eigengap__synthetic__non-overlap-patch-block-hamiltonian__L1__lr0.01__bs64__seed0__final__synthetic__synthetic-eigengap__synthetic__non-overlap-patch-block-hamiltonian__L1__lr0.01__bs64__seed0__final.json,results/tables/gradient_diagnostics/resource_benchmarks/resource_samples/synthetic__synthetic-eigengap__synthetic__non-overlap-patch-block-hamiltonian__L1__lr0.01__bs64__seed0__final__synthetic__synthetic-eigengap__synthetic__non-overlap-patch-block-hamiltonian__L1__lr0.01__bs64__seed0__final.jsonl,"["".venv/bin/python3"", ""scripts/gradient_diagnostics.py"", ""--manifest"", ""results/tables/gradient_diagnostics/resource_benchmarks/manifests/synthetic__synthetic-eigengap__synthetic__non-overlap-patch-block-hamiltonian__L1__lr0.01__bs64__seed0__final__synthetic__synthetic-eigengap__synthetic__non-overlap-patch-block-hamiltonian__L1__lr0.01__bs64__seed0__final.json"", ""--mode"", ""final"", ""--runs-root"", ""results/runs"", ""--diagnostic-batch-size"", ""32"", ""--diagnostic-seed"", ""0"", ""--near-zero-tol"", ""1e-10"", ""--n-init-seeds"", ""20"", ""--fisher-batch-size"", ""32"", ""--output"", ""results/tables/gradient_diagnostics/resource_benchmarks/diagnostics/synthetic__synthetic-eigengap__synthetic__non-overlap-patch-block-hamiltonian__L1__lr0.01__bs64__seed0__final__synthetic__synthetic-eigengap__synthetic__non-overlap-patch-block-hamiltonian__L1__lr0.01__bs64__seed0__final.json""]",results/tables/gradient_diagnostics/resource_benchmarks/synthetic__synthetic-eigengap__synthetic__non-overlap-patch-block-hamiltonian__L1__lr0.01__bs64__seed0__final_runs.csv
complete,synthetic,configs/experiments/synthetic.json,synthetic__synthetic-eigengap__synthetic__non-overlap-patch-block-hamiltonian__L1__lr0.01__bs64__seed0__init,init,synthetic-eigengap__synthetic__non-overlap-patch-block-hamiltonian__L1__lr0.01__bs64__seed0,synthetic-eigengap,synthetic,non-overlap-patch-block-hamiltonian,1,0,0.01,64,0,35.66666101699229,results/tables/gradient_diagnostics/resource_benchmarks/diagnostics/synthetic__synthetic-eigengap__synthetic__non-overlap-patch-block-hamiltonian__L1__lr0.01__bs64__seed0__init__synthetic__synthetic-eigengap__synthetic__non-overlap-patch-block-hamiltonian__L1__lr0.01__bs64__seed0__init.json,1,1,"{""complete"": 1}",17,4292993024,4094.1171875,139.79773217738307,97.62368734746384,35.7557,6.998037,42.753737,4394573824,4190.9921875,True,17,100.0,6.411764705882353,72675.0,72666.0,2026-05-28T22:25:35.464324+00:00,2026-05-28T22:26:11.130996+00:00,results/tables/gradient_diagnostics/resource_benchmarks/manifests/synthetic__synthetic-eigengap__synthetic__non-overlap-patch-block-hamiltonian__L1__lr0.01__bs64__seed0__init__synthetic__synthetic-eigengap__synthetic__non-overlap-patch-block-hamiltonian__L1__lr0.01__bs64__seed0__init.json,results/tables/gradient_diagnostics/resource_benchmarks/resource_samples/synthetic__synthetic-eigengap__synthetic__non-overlap-patch-block-hamiltonian__L1__lr0.01__bs64__seed0__init__synthetic__synthetic-eigengap__synthetic__non-overlap-patch-block-hamiltonian__L1__lr0.01__bs64__seed0__init.jsonl,"["".venv/bin/python3"", ""scripts/gradient_diagnostics.py"", ""--manifest"", ""results/tables/gradient_diagnostics/resource_benchmarks/manifests/synthetic__synthetic-eigengap__synthetic__non-overlap-patch-block-hamiltonian__L1__lr0.01__bs64__seed0__init__synthetic__synthetic-eigengap__synthetic__non-overlap-patch-block-hamiltonian__L1__lr0.01__bs64__seed0__init.json"", ""--mode"", ""init"", ""--runs-root"", ""results/runs"", ""--diagnostic-batch-size"", ""32"", ""--diagnostic-seed"", ""0"", ""--near-zero-tol"", ""1e-10"", ""--n-init-seeds"", ""20"", ""--fisher-batch-size"", ""32"", ""--output"", ""results/tables/gradient_diagnostics/resource_benchmarks/diagnostics/synthetic__synthetic-eigengap__synthetic__non-overlap-patch-block-hamiltonian__L1__lr0.01__bs64__seed0__init__synthetic__synthetic-eigengap__synthetic__non-overlap-patch-block-hamiltonian__L1__lr0.01__bs64__seed0__init.json""]",results/tables/gradient_diagnostics/resource_benchmarks/synthetic__synthetic-eigengap__synthetic__non-overlap-patch-block-hamiltonian__L1__lr0.01__bs64__seed0__init_runs.csv
complete,synthetic,configs/experiments/synthetic.json,synthetic__synthetic-eigengap__synthetic__non-overlap-patch-block-hamiltonian__L32__lr0.01__bs64__seed0__checkpoints,checkpoints,synthetic-eigengap__synthetic__non-overlap-patch-block-hamiltonian__L32__lr0.01__bs64__seed0,synthetic-eigengap,synthetic,non-overlap-patch-block-hamiltonian,32,0,0.01,64,0,177.79748485900927,results/tables/gradient_diagnostics/resource_benchmarks/diagnostics/synthetic__synthetic-eigengap__synthetic__non-overlap-patch-block-hamiltonian__L32__lr0.01__bs64__seed0__checkpoints__synthetic__synthetic-eigengap__synthetic__non-overlap-patch-block-hamiltonian__L32__lr0.01__bs64__seed0__checkpoints.json,8,8,"{""complete"": 8}",85,4725760000,4506.8359375,142.10401276627573,120.38612069500314,191.79775899999999,33.602772,225.400531,4772282368,4551.203125,True,85,6.0,2.8823529411764706,72675.0,72666.0,2026-05-28T18:28:05.927319+00:00,2026-05-28T18:31:03.724815+00:00,results/tables/gradient_diagnostics/resource_benchmarks/manifests/synthetic__synthetic-eigengap__synthetic__non-overlap-patch-block-hamiltonian__L32__lr0.01__bs64__seed0__checkpoints__synthetic__synthetic-eigengap__synthetic__non-overlap-patch-block-hamiltonian__L32__lr0.01__bs64__seed0__checkpoints.json,results/tables/gradient_diagnostics/resource_benchmarks/resource_samples/synthetic__synthetic-eigengap__synthetic__non-overlap-patch-block-hamiltonian__L32__lr0.01__bs64__seed0__checkpoints__synthetic__synthetic-eigengap__synthetic__non-overlap-patch-block-hamiltonian__L32__lr0.01__bs64__seed0__checkpoints.jsonl,"["".venv/bin/python3"", ""scripts/gradient_diagnostics.py"", ""--manifest"", ""results/tables/gradient_diagnostics/resource_benchmarks/manifests/synthetic__synthetic-eigengap__synthetic__non-overlap-patch-block-hamiltonian__L32__lr0.01__bs64__seed0__checkpoints__synthetic__synthetic-eigengap__synthetic__non-overlap-patch-block-hamiltonian__L32__lr0.01__bs64__seed0__checkpoints.json"", ""--mode"", ""checkpoints"", ""--runs-root"", ""results/runs"", ""--diagnostic-batch-size"", ""32"", ""--diagnostic-seed"", ""0"", ""--near-zero-tol"", ""1e-10"", ""--n-init-seeds"", ""20"", ""--fisher-batch-size"", ""32"", ""--output"", ""results/tables/gradient_diagnostics/resource_benchmarks/diagnostics/synthetic__synthetic-eigengap__synthetic__non-overlap-patch-block-hamiltonian__L32__lr0.01__bs64__seed0__checkpoints__synthetic__synthetic-eigengap__synthetic__non-overlap-patch-block-hamiltonian__L32__lr0.01__bs64__seed0__checkpoints.json""]",results/tables/gradient_diagnostics/resource_benchmarks/synthetic__synthetic-eigengap__synthetic__non-overlap-patch-block-hamiltonian__L32__lr0.01__bs64__seed0__checkpoints_runs.csv
complete,synthetic,configs/experiments/synthetic.json,synthetic__synthetic-eigengap__synthetic__non-overlap-patch-block-hamiltonian__L32__lr0.01__bs64__seed0__final,final,synthetic-eigengap__synthetic__non-overlap-patch-block-hamiltonian__L32__lr0.01__bs64__seed0,synthetic-eigengap,synthetic,non-overlap-patch-block-hamiltonian,32,0,0.01,64,0,56.3932750109816,results/tables/gradient_diagnostics/resource_benchmarks/diagnostics/synthetic__synthetic-eigengap__synthetic__non-overlap-patch-block-hamiltonian__L32__lr0.01__bs64__seed0__final__synthetic__synthetic-eigengap__synthetic__non-overlap-patch-block-hamiltonian__L32__lr0.01__bs64__seed0__final.json,1,1,"{""complete"": 1}",27,4697501696,4479.88671875,141.28937114124497,98.65414461981133,54.82175,10.323075,65.144825,4784791552,4563.1328125,True,27,100.0,4.777777777777778,72675.0,72666.0,2026-05-28T20:39:48.265675+00:00,2026-05-28T20:40:44.658962+00:00,results/tables/gradient_diagnostics/resource_benchmarks/manifests/synthetic__synthetic-eigengap__synthetic__non-overlap-patch-block-hamiltonian__L32__lr0.01__bs64__seed0__final__synthetic__synthetic-eigengap__synthetic__non-overlap-patch-block-hamiltonian__L32__lr0.01__bs64__seed0__final.json,results/tables/gradient_diagnostics/resource_benchmarks/resource_samples/synthetic__synthetic-eigengap__synthetic__non-overlap-patch-block-hamiltonian__L32__lr0.01__bs64__seed0__final__synthetic__synthetic-eigengap__synthetic__non-overlap-patch-block-hamiltonian__L32__lr0.01__bs64__seed0__final.jsonl,"["".venv/bin/python3"", ""scripts/gradient_diagnostics.py"", ""--manifest"", ""results/tables/gradient_diagnostics/resource_benchmarks/manifests/synthetic__synthetic-eigengap__synthetic__non-overlap-patch-block-hamiltonian__L32__lr0.01__bs64__seed0__final__synthetic__synthetic-eigengap__synthetic__non-overlap-patch-block-hamiltonian__L32__lr0.01__bs64__seed0__final.json"", ""--mode"", ""final"", ""--runs-root"", ""results/runs"", ""--diagnostic-batch-size"", ""32"", ""--diagnostic-seed"", ""0"", ""--near-zero-tol"", ""1e-10"", ""--n-init-seeds"", ""20"", ""--fisher-batch-size"", ""32"", ""--output"", ""results/tables/gradient_diagnostics/resource_benchmarks/diagnostics/synthetic__synthetic-eigengap__synthetic__non-overlap-patch-block-hamiltonian__L32__lr0.01__bs64__seed0__final__synthetic__synthetic-eigengap__synthetic__non-overlap-patch-block-hamiltonian__L32__lr0.01__bs64__seed0__final.json""]",results/tables/gradient_diagnostics/resource_benchmarks/synthetic__synthetic-eigengap__synthetic__non-overlap-patch-block-hamiltonian__L32__lr0.01__bs64__seed0__final_runs.csv
complete,synthetic,configs/experiments/synthetic.json,synthetic__synthetic-eigengap__synthetic__non-overlap-patch-block-hamiltonian__L32__lr0.01__bs64__seed0__init,init,synthetic-eigengap__synthetic__non-overlap-patch-block-hamiltonian__L32__lr0.01__bs64__seed0,synthetic-eigengap,synthetic,non-overlap-patch-block-hamiltonian,32,0,0.01,64,0,210.2094851329457,results/tables/gradient_diagnostics/resource_benchmarks/diagnostics/synthetic__synthetic-eigengap__synthetic__non-overlap-patch-block-hamiltonian__L32__lr0.01__bs64__seed0__init__synthetic__synthetic-eigengap__synthetic__non-overlap-patch-block-hamiltonian__L32__lr0.01__bs64__seed0__init.json,1,1,"{""complete"": 1}",100,4813340672,4590.359375,145.23628398342464,125.2926434391843,235.834844,42.610189,278.445033,4820996096,4597.66015625,True,100,100.0,4.22,72677.0,72668.0,2026-05-28T17:30:36.705479+00:00,2026-05-28T17:34:06.914977+00:00,results/tables/gradient_diagnostics/resource_benchmarks/manifests/synthetic__synthetic-eigengap__synthetic__non-overlap-patch-block-hamiltonian__L32__lr0.01__bs64__seed0__init__synthetic__synthetic-eigengap__synthetic__non-overlap-patch-block-hamiltonian__L32__lr0.01__bs64__seed0__init.json,results/tables/gradient_diagnostics/resource_benchmarks/resource_samples/synthetic__synthetic-eigengap__synthetic__non-overlap-patch-block-hamiltonian__L32__lr0.01__bs64__seed0__init__synthetic__synthetic-eigengap__synthetic__non-overlap-patch-block-hamiltonian__L32__lr0.01__bs64__seed0__init.jsonl,"["".venv/bin/python3"", ""scripts/gradient_diagnostics.py"", ""--manifest"", ""results/tables/gradient_diagnostics/resource_benchmarks/manifests/synthetic__synthetic-eigengap__synthetic__non-overlap-patch-block-hamiltonian__L32__lr0.01__bs64__seed0__init__synthetic__synthetic-eigengap__synthetic__non-overlap-patch-block-hamiltonian__L32__lr0.01__bs64__seed0__init.json"", ""--mode"", ""init"", ""--runs-root"", ""results/runs"", ""--diagnostic-batch-size"", ""32"", ""--diagnostic-seed"", ""0"", ""--near-zero-tol"", ""1e-10"", ""--n-init-seeds"", ""20"", ""--fisher-batch-size"", ""32"", ""--output"", ""results/tables/gradient_diagnostics/resource_benchmarks/diagnostics/synthetic__synthetic-eigengap__synthetic__non-overlap-patch-block-hamiltonian__L32__lr0.01__bs64__seed0__init__synthetic__synthetic-eigengap__synthetic__non-overlap-patch-block-hamiltonian__L32__lr0.01__bs64__seed0__init.json""]",results/tables/gradient_diagnostics/resource_benchmarks/synthetic__synthetic-eigengap__synthetic__non-overlap-patch-block-hamiltonian__L32__lr0.01__bs64__seed0__init_runs.csv
complete,synthetic,configs/experiments/synthetic.json,synthetic__synthetic-eigengap__synthetic__non-overlap-patch-block-hamiltonian__L8__lr0.01__bs64__seed0__checkpoints,checkpoints,synthetic-eigengap__synthetic__non-overlap-patch-block-hamiltonian__L8__lr0.01__bs64__seed0,synthetic-eigengap,synthetic,non-overlap-patch-block-hamiltonian,8,0,0.01,64,0,64.11837627994828,results/tables/gradient_diagnostics/resource_benchmarks/diagnostics/synthetic__synthetic-eigengap__synthetic__non-overlap-patch-block-hamiltonian__L8__lr0.01__bs64__seed0__checkpoints__synthetic__synthetic-eigengap__synthetic__non-overlap-patch-block-hamiltonian__L8__lr0.01__bs64__seed0__checkpoints.json,8,8,"{""complete"": 8}",31,4320702464,4120.54296875,140.4669912156604,109.95069149829555,65.29063599999999,12.680002,77.970638,4395929600,4192.28515625,True,31,6.0,2.193548387096774,72675.0,72666.0,2026-05-28T21:34:02.083362+00:00,2026-05-28T21:35:06.201749+00:00,results/tables/gradient_diagnostics/resource_benchmarks/manifests/synthetic__synthetic-eigengap__synthetic__non-overlap-patch-block-hamiltonian__L8__lr0.01__bs64__seed0__checkpoints__synthetic__synthetic-eigengap__synthetic__non-overlap-patch-block-hamiltonian__L8__lr0.01__bs64__seed0__checkpoints.json,results/tables/gradient_diagnostics/resource_benchmarks/resource_samples/synthetic__synthetic-eigengap__synthetic__non-overlap-patch-block-hamiltonian__L8__lr0.01__bs64__seed0__checkpoints__synthetic__synthetic-eigengap__synthetic__non-overlap-patch-block-hamiltonian__L8__lr0.01__bs64__seed0__checkpoints.jsonl,"["".venv/bin/python3"", ""scripts/gradient_diagnostics.py"", ""--manifest"", ""results/tables/gradient_diagnostics/resource_benchmarks/manifests/synthetic__synthetic-eigengap__synthetic__non-overlap-patch-block-hamiltonian__L8__lr0.01__bs64__seed0__checkpoints__synthetic__synthetic-eigengap__synthetic__non-overlap-patch-block-hamiltonian__L8__lr0.01__bs64__seed0__checkpoints.json"", ""--mode"", ""checkpoints"", ""--runs-root"", ""results/runs"", ""--diagnostic-batch-size"", ""32"", ""--diagnostic-seed"", ""0"", ""--near-zero-tol"", ""1e-10"", ""--n-init-seeds"", ""20"", ""--fisher-batch-size"", ""32"", ""--output"", ""results/tables/gradient_diagnostics/resource_benchmarks/diagnostics/synthetic__synthetic-eigengap__synthetic__non-overlap-patch-block-hamiltonian__L8__lr0.01__bs64__seed0__checkpoints__synthetic__synthetic-eigengap__synthetic__non-overlap-patch-block-hamiltonian__L8__lr0.01__bs64__seed0__checkpoints.json""]",results/tables/gradient_diagnostics/resource_benchmarks/synthetic__synthetic-eigengap__synthetic__non-overlap-patch-block-hamiltonian__L8__lr0.01__bs64__seed0__checkpoints_runs.csv
complete,synthetic,configs/experiments/synthetic.json,synthetic__synthetic-eigengap__synthetic__non-overlap-patch-block-hamiltonian__L8__lr0.01__bs64__seed0__final,final,synthetic-eigengap__synthetic__non-overlap-patch-block-hamiltonian__L8__lr0.01__bs64__seed0,synthetic-eigengap,synthetic,non-overlap-patch-block-hamiltonian,8,0,0.01,64,0,41.67462304304354,results/tables/gradient_diagnostics/resource_benchmarks/diagnostics/synthetic__synthetic-eigengap__synthetic__non-overlap-patch-block-hamiltonian__L8__lr0.01__bs64__seed0__final__synthetic__synthetic-eigengap__synthetic__non-overlap-patch-block-hamiltonian__L8__lr0.01__bs64__seed0__final.json,1,1,"{""complete"": 1}",20,4309004288,4109.38671875,122.30827451714852,75.7360718379711,31.794616,6.990962,38.785578,4409085952,4204.83203125,True,20,4.0,0.5,72675.0,72666.0,2026-05-28T22:16:02.036043+00:00,2026-05-28T22:16:43.710678+00:00,results/tables/gradient_diagnostics/resource_benchmarks/manifests/synthetic__synthetic-eigengap__synthetic__non-overlap-patch-block-hamiltonian__L8__lr0.01__bs64__seed0__final__synthetic__synthetic-eigengap__synthetic__non-overlap-patch-block-hamiltonian__L8__lr0.01__bs64__seed0__final.json,results/tables/gradient_diagnostics/resource_benchmarks/resource_samples/synthetic__synthetic-eigengap__synthetic__non-overlap-patch-block-hamiltonian__L8__lr0.01__bs64__seed0__final__synthetic__synthetic-eigengap__synthetic__non-overlap-patch-block-hamiltonian__L8__lr0.01__bs64__seed0__final.jsonl,"["".venv/bin/python3"", ""scripts/gradient_diagnostics.py"", ""--manifest"", ""results/tables/gradient_diagnostics/resource_benchmarks/manifests/synthetic__synthetic-eigengap__synthetic__non-overlap-patch-block-hamiltonian__L8__lr0.01__bs64__seed0__final__synthetic__synthetic-eigengap__synthetic__non-overlap-patch-block-hamiltonian__L8__lr0.01__bs64__seed0__final.json"", ""--mode"", ""final"", ""--runs-root"", ""results/runs"", ""--diagnostic-batch-size"", ""32"", ""--diagnostic-seed"", ""0"", ""--near-zero-tol"", ""1e-10"", ""--n-init-seeds"", ""20"", ""--fisher-batch-size"", ""32"", ""--output"", ""results/tables/gradient_diagnostics/resource_benchmarks/diagnostics/synthetic__synthetic-eigengap__synthetic__non-overlap-patch-block-hamiltonian__L8__lr0.01__bs64__seed0__final__synthetic__synthetic-eigengap__synthetic__non-overlap-patch-block-hamiltonian__L8__lr0.01__bs64__seed0__final.json""]",results/tables/gradient_diagnostics/resource_benchmarks/synthetic__synthetic-eigengap__synthetic__non-overlap-patch-block-hamiltonian__L8__lr0.01__bs64__seed0__final_runs.csv
complete,synthetic,configs/experiments/synthetic.json,synthetic__synthetic-eigengap__synthetic__non-overlap-patch-block-hamiltonian__L8__lr0.01__bs64__seed0__init,init,synthetic-eigengap__synthetic__non-overlap-patch-block-hamiltonian__L8__lr0.01__bs64__seed0,synthetic-eigengap,synthetic,non-overlap-patch-block-hamiltonian,8,0,0.01,64,0,77.84337034297641,results/tables/gradient_diagnostics/resource_benchmarks/diagnostics/synthetic__synthetic-eigengap__synthetic__non-overlap-patch-block-hamiltonian__L8__lr0.01__bs64__seed0__init__synthetic__synthetic-eigengap__synthetic__non-overlap-patch-block-hamiltonian__L8__lr0.01__bs64__seed0__init.json,1,1,"{""complete"": 1}",37,4417384448,4212.74609375,141.24469256998668,112.86656726941013,82.81331800000001,15.51486,98.32817800000001,4512604160,4303.5546875,True,37,100.0,5.216216216216216,72677.0,72668.0,2026-05-28T19:57:15.886380+00:00,2026-05-28T19:58:33.729761+00:00,results/tables/gradient_diagnostics/resource_benchmarks/manifests/synthetic__synthetic-eigengap__synthetic__non-overlap-patch-block-hamiltonian__L8__lr0.01__bs64__seed0__init__synthetic__synthetic-eigengap__synthetic__non-overlap-patch-block-hamiltonian__L8__lr0.01__bs64__seed0__init.json,results/tables/gradient_diagnostics/resource_benchmarks/resource_samples/synthetic__synthetic-eigengap__synthetic__non-overlap-patch-block-hamiltonian__L8__lr0.01__bs64__seed0__init__synthetic__synthetic-eigengap__synthetic__non-overlap-patch-block-hamiltonian__L8__lr0.01__bs64__seed0__init.jsonl,"["".venv/bin/python3"", ""scripts/gradient_diagnostics.py"", ""--manifest"", ""results/tables/gradient_diagnostics/resource_benchmarks/manifests/synthetic__synthetic-eigengap__synthetic__non-overlap-patch-block-hamiltonian__L8__lr0.01__bs64__seed0__init__synthetic__synthetic-eigengap__synthetic__non-overlap-patch-block-hamiltonian__L8__lr0.01__bs64__seed0__init.json"", ""--mode"", ""init"", ""--runs-root"", ""results/runs"", ""--diagnostic-batch-size"", ""32"", ""--diagnostic-seed"", ""0"", ""--near-zero-tol"", ""1e-10"", ""--n-init-seeds"", ""20"", ""--fisher-batch-size"", ""32"", ""--output"", ""results/tables/gradient_diagnostics/resource_benchmarks/diagnostics/synthetic__synthetic-eigengap__synthetic__non-overlap-patch-block-hamiltonian__L8__lr0.01__bs64__seed0__init__synthetic__synthetic-eigengap__synthetic__non-overlap-patch-block-hamiltonian__L8__lr0.01__bs64__seed0__init.json""]",results/tables/gradient_diagnostics/resource_benchmarks/synthetic__synthetic-eigengap__synthetic__non-overlap-patch-block-hamiltonian__L8__lr0.01__bs64__seed0__init_runs.csv
complete,synthetic,configs/experiments/synthetic.json,synthetic__synthetic-eigengap__synthetic__patch-su4__L1__lr0.01__bs64__seed0__checkpoints,checkpoints,synthetic-eigengap__synthetic__patch-su4__L1__lr0.01__bs64__seed0,synthetic-eigengap,synthetic,patch-su4,1,0,0.01,64,0,30.84224206104409,results/tables/gradient_diagnostics/resource_benchmarks/diagnostics/synthetic__synthetic-eigengap__synthetic__patch-su4__L1__lr0.01__bs64__seed0__checkpoints__synthetic__synthetic-eigengap__synthetic__patch-su4__L1__lr0.01__bs64__seed0__checkpoints.json,8,8,"{""complete"": 8}",15,4125028352,3933.93359375,141.76966279823506,88.77332565963736,26.661527999999997,5.751111,32.412639,4162392064,3969.56640625,True,15,26.0,2.2666666666666666,72675.0,72666.0,2026-05-28T22:08:50.051969+00:00,2026-05-28T22:09:20.894221+00:00,results/tables/gradient_diagnostics/resource_benchmarks/manifests/synthetic__synthetic-eigengap__synthetic__patch-su4__L1__lr0.01__bs64__seed0__checkpoints__synthetic__synthetic-eigengap__synthetic__patch-su4__L1__lr0.01__bs64__seed0__checkpoints.json,results/tables/gradient_diagnostics/resource_benchmarks/resource_samples/synthetic__synthetic-eigengap__synthetic__patch-su4__L1__lr0.01__bs64__seed0__checkpoints__synthetic__synthetic-eigengap__synthetic__patch-su4__L1__lr0.01__bs64__seed0__checkpoints.jsonl,"["".venv/bin/python3"", ""scripts/gradient_diagnostics.py"", ""--manifest"", ""results/tables/gradient_diagnostics/resource_benchmarks/manifests/synthetic__synthetic-eigengap__synthetic__patch-su4__L1__lr0.01__bs64__seed0__checkpoints__synthetic__synthetic-eigengap__synthetic__patch-su4__L1__lr0.01__bs64__seed0__checkpoints.json"", ""--mode"", ""checkpoints"", ""--runs-root"", ""results/runs"", ""--diagnostic-batch-size"", ""32"", ""--diagnostic-seed"", ""0"", ""--near-zero-tol"", ""1e-10"", ""--n-init-seeds"", ""20"", ""--fisher-batch-size"", ""32"", ""--output"", ""results/tables/gradient_diagnostics/resource_benchmarks/diagnostics/synthetic__synthetic-eigengap__synthetic__patch-su4__L1__lr0.01__bs64__seed0__checkpoints__synthetic__synthetic-eigengap__synthetic__patch-su4__L1__lr0.01__bs64__seed0__checkpoints.json""]",results/tables/gradient_diagnostics/resource_benchmarks/synthetic__synthetic-eigengap__synthetic__patch-su4__L1__lr0.01__bs64__seed0__checkpoints_runs.csv
complete,synthetic,configs/experiments/synthetic.json,synthetic__synthetic-eigengap__synthetic__patch-su4__L1__lr0.01__bs64__seed0__final,final,synthetic-eigengap__synthetic__patch-su4__L1__lr0.01__bs64__seed0,synthetic-eigengap,synthetic,patch-su4,1,0,0.01,64,0,28.771438761032186,results/tables/gradient_diagnostics/resource_benchmarks/diagnostics/synthetic__synthetic-eigengap__synthetic__patch-su4__L1__lr0.01__bs64__seed0__final__synthetic__synthetic-eigengap__synthetic__patch-su4__L1__lr0.01__bs64__seed0__final.json,1,1,"{""complete"": 1}",14,4071149568,3882.55078125,112.38361295234803,74.27105793330487,21.495009,5.06082,26.555829,4166299648,3973.29296875,True,14,81.0,5.928571428571429,72675.0,72666.0,2026-05-28T22:59:21.171929+00:00,2026-05-28T22:59:49.943374+00:00,results/tables/gradient_diagnostics/resource_benchmarks/manifests/synthetic__synthetic-eigengap__synthetic__patch-su4__L1__lr0.01__bs64__seed0__final__synthetic__synthetic-eigengap__synthetic__patch-su4__L1__lr0.01__bs64__seed0__final.json,results/tables/gradient_diagnostics/resource_benchmarks/resource_samples/synthetic__synthetic-eigengap__synthetic__patch-su4__L1__lr0.01__bs64__seed0__final__synthetic__synthetic-eigengap__synthetic__patch-su4__L1__lr0.01__bs64__seed0__final.jsonl,"["".venv/bin/python3"", ""scripts/gradient_diagnostics.py"", ""--manifest"", ""results/tables/gradient_diagnostics/resource_benchmarks/manifests/synthetic__synthetic-eigengap__synthetic__patch-su4__L1__lr0.01__bs64__seed0__final__synthetic__synthetic-eigengap__synthetic__patch-su4__L1__lr0.01__bs64__seed0__final.json"", ""--mode"", ""final"", ""--runs-root"", ""results/runs"", ""--diagnostic-batch-size"", ""32"", ""--diagnostic-seed"", ""0"", ""--near-zero-tol"", ""1e-10"", ""--n-init-seeds"", ""20"", ""--fisher-batch-size"", ""32"", ""--output"", ""results/tables/gradient_diagnostics/resource_benchmarks/diagnostics/synthetic__synthetic-eigengap__synthetic__patch-su4__L1__lr0.01__bs64__seed0__final__synthetic__synthetic-eigengap__synthetic__patch-su4__L1__lr0.01__bs64__seed0__final.json""]",results/tables/gradient_diagnostics/resource_benchmarks/synthetic__synthetic-eigengap__synthetic__patch-su4__L1__lr0.01__bs64__seed0__final_runs.csv
complete,synthetic,configs/experiments/synthetic.json,synthetic__synthetic-eigengap__synthetic__patch-su4__L1__lr0.01__bs64__seed0__init,init,synthetic-eigengap__synthetic__patch-su4__L1__lr0.01__bs64__seed0,synthetic-eigengap,synthetic,patch-su4,1,0,0.01,64,0,32.69800173002295,results/tables/gradient_diagnostics/resource_benchmarks/diagnostics/synthetic__synthetic-eigengap__synthetic__patch-su4__L1__lr0.01__bs64__seed0__init__synthetic__synthetic-eigengap__synthetic__patch-su4__L1__lr0.01__bs64__seed0__init.json,1,1,"{""complete"": 1}",16,4176449536,3982.97265625,149.04183139172002,98.6687487940673,32.08687,6.6315040000000005,38.718374,4279279616,4081.0390625,True,16,86.0,6.25,72675.0,72666.0,2026-05-28T22:30:12.858990+00:00,2026-05-28T22:30:45.557003+00:00,results/tables/gradient_diagnostics/resource_benchmarks/manifests/synthetic__synthetic-eigengap__synthetic__patch-su4__L1__lr0.01__bs64__seed0__init__synthetic__synthetic-eigengap__synthetic__patch-su4__L1__lr0.01__bs64__seed0__init.json,results/tables/gradient_diagnostics/resource_benchmarks/resource_samples/synthetic__synthetic-eigengap__synthetic__patch-su4__L1__lr0.01__bs64__seed0__init__synthetic__synthetic-eigengap__synthetic__patch-su4__L1__lr0.01__bs64__seed0__init.jsonl,"["".venv/bin/python3"", ""scripts/gradient_diagnostics.py"", ""--manifest"", ""results/tables/gradient_diagnostics/resource_benchmarks/manifests/synthetic__synthetic-eigengap__synthetic__patch-su4__L1__lr0.01__bs64__seed0__init__synthetic__synthetic-eigengap__synthetic__patch-su4__L1__lr0.01__bs64__seed0__init.json"", ""--mode"", ""init"", ""--runs-root"", ""results/runs"", ""--diagnostic-batch-size"", ""32"", ""--diagnostic-seed"", ""0"", ""--near-zero-tol"", ""1e-10"", ""--n-init-seeds"", ""20"", ""--fisher-batch-size"", ""32"", ""--output"", ""results/tables/gradient_diagnostics/resource_benchmarks/diagnostics/synthetic__synthetic-eigengap__synthetic__patch-su4__L1__lr0.01__bs64__seed0__init__synthetic__synthetic-eigengap__synthetic__patch-su4__L1__lr0.01__bs64__seed0__init.json""]",results/tables/gradient_diagnostics/resource_benchmarks/synthetic__synthetic-eigengap__synthetic__patch-su4__L1__lr0.01__bs64__seed0__init_runs.csv
complete,synthetic,configs/experiments/synthetic.json,synthetic__synthetic-eigengap__synthetic__patch-su4__L32__lr0.01__bs64__seed0__checkpoints,checkpoints,synthetic-eigengap__synthetic__patch-su4__L32__lr0.01__bs64__seed0,synthetic-eigengap,synthetic,patch-su4,32,0,0.01,64,0,187.29729197605047,results/tables/gradient_diagnostics/resource_benchmarks/diagnostics/synthetic__synthetic-eigengap__synthetic__patch-su4__L32__lr0.01__bs64__seed0__checkpoints__synthetic__synthetic-eigengap__synthetic__patch-su4__L32__lr0.01__bs64__seed0__checkpoints.json,8,8,"{""complete"": 8}",89,4266119168,4068.48828125,149.69873856152208,132.97801879717142,213.579868,42.512332,256.0922,4323368960,4123.0859375,True,89,100.0,4.50561797752809,72675.0,72666.0,2026-05-28T18:24:46.908651+00:00,2026-05-28T18:27:54.205955+00:00,results/tables/gradient_diagnostics/resource_benchmarks/manifests/synthetic__synthetic-eigengap__synthetic__patch-su4__L32__lr0.01__bs64__seed0__checkpoints__synthetic__synthetic-eigengap__synthetic__patch-su4__L32__lr0.01__bs64__seed0__checkpoints.json,results/tables/gradient_diagnostics/resource_benchmarks/resource_samples/synthetic__synthetic-eigengap__synthetic__patch-su4__L32__lr0.01__bs64__seed0__checkpoints__synthetic__synthetic-eigengap__synthetic__patch-su4__L32__lr0.01__bs64__seed0__checkpoints.jsonl,"["".venv/bin/python3"", ""scripts/gradient_diagnostics.py"", ""--manifest"", ""results/tables/gradient_diagnostics/resource_benchmarks/manifests/synthetic__synthetic-eigengap__synthetic__patch-su4__L32__lr0.01__bs64__seed0__checkpoints__synthetic__synthetic-eigengap__synthetic__patch-su4__L32__lr0.01__bs64__seed0__checkpoints.json"", ""--mode"", ""checkpoints"", ""--runs-root"", ""results/runs"", ""--diagnostic-batch-size"", ""32"", ""--diagnostic-seed"", ""0"", ""--near-zero-tol"", ""1e-10"", ""--n-init-seeds"", ""20"", ""--fisher-batch-size"", ""32"", ""--output"", ""results/tables/gradient_diagnostics/resource_benchmarks/diagnostics/synthetic__synthetic-eigengap__synthetic__patch-su4__L32__lr0.01__bs64__seed0__checkpoints__synthetic__synthetic-eigengap__synthetic__patch-su4__L32__lr0.01__bs64__seed0__checkpoints.json""]",results/tables/gradient_diagnostics/resource_benchmarks/synthetic__synthetic-eigengap__synthetic__patch-su4__L32__lr0.01__bs64__seed0__checkpoints_runs.csv
complete,synthetic,configs/experiments/synthetic.json,synthetic__synthetic-eigengap__synthetic__patch-su4__L32__lr0.01__bs64__seed0__final,final,synthetic-eigengap__synthetic__patch-su4__L32__lr0.01__bs64__seed0,synthetic-eigengap,synthetic,patch-su4,32,0,0.01,64,0,46.86770726798568,results/tables/gradient_diagnostics/resource_benchmarks/diagnostics/synthetic__synthetic-eigengap__synthetic__patch-su4__L32__lr0.01__bs64__seed0__final__synthetic__synthetic-eigengap__synthetic__patch-su4__L32__lr0.01__bs64__seed0__final.json,1,1,"{""complete"": 1}",23,4254425088,4057.3359375,148.75332384764334,108.3104228326843,47.581313,9.977273,57.558586000000005,4336033792,4135.1640625,True,23,100.0,6.304347826086956,72675.0,72666.0,2026-05-28T21:49:03.110879+00:00,2026-05-28T21:49:49.978596+00:00,results/tables/gradient_diagnostics/resource_benchmarks/manifests/synthetic__synthetic-eigengap__synthetic__patch-su4__L32__lr0.01__bs64__seed0__final__synthetic__synthetic-eigengap__synthetic__patch-su4__L32__lr0.01__bs64__seed0__final.json,results/tables/gradient_diagnostics/resource_benchmarks/resource_samples/synthetic__synthetic-eigengap__synthetic__patch-su4__L32__lr0.01__bs64__seed0__final__synthetic__synthetic-eigengap__synthetic__patch-su4__L32__lr0.01__bs64__seed0__final.jsonl,"["".venv/bin/python3"", ""scripts/gradient_diagnostics.py"", ""--manifest"", ""results/tables/gradient_diagnostics/resource_benchmarks/manifests/synthetic__synthetic-eigengap__synthetic__patch-su4__L32__lr0.01__bs64__seed0__final__synthetic__synthetic-eigengap__synthetic__patch-su4__L32__lr0.01__bs64__seed0__final.json"", ""--mode"", ""final"", ""--runs-root"", ""results/runs"", ""--diagnostic-batch-size"", ""32"", ""--diagnostic-seed"", ""0"", ""--near-zero-tol"", ""1e-10"", ""--n-init-seeds"", ""20"", ""--fisher-batch-size"", ""32"", ""--output"", ""results/tables/gradient_diagnostics/resource_benchmarks/diagnostics/synthetic__synthetic-eigengap__synthetic__patch-su4__L32__lr0.01__bs64__seed0__final__synthetic__synthetic-eigengap__synthetic__patch-su4__L32__lr0.01__bs64__seed0__final.json""]",results/tables/gradient_diagnostics/resource_benchmarks/synthetic__synthetic-eigengap__synthetic__patch-su4__L32__lr0.01__bs64__seed0__final_runs.csv
complete,synthetic,configs/experiments/synthetic.json,synthetic__synthetic-eigengap__synthetic__patch-su4__L32__lr0.01__bs64__seed0__init,init,synthetic-eigengap__synthetic__patch-su4__L32__lr0.01__bs64__seed0,synthetic-eigengap,synthetic,patch-su4,32,0,0.01,64,0,227.85741217702162,results/tables/gradient_diagnostics/resource_benchmarks/diagnostics/synthetic__synthetic-eigengap__synthetic__patch-su4__L32__lr0.01__bs64__seed0__init__synthetic__synthetic-eigengap__synthetic__patch-su4__L32__lr0.01__bs64__seed0__init.json,1,1,"{""complete"": 1}",109,4310994944,4111.28515625,150.73749277350092,135.5766806737771,265.980614,55.056526,321.03714,4399980544,4196.1484375,True,109,100.0,4.889908256880734,72677.0,72668.0,2026-05-28T18:02:02.528131+00:00,2026-05-28T18:05:50.385554+00:00,results/tables/gradient_diagnostics/resource_benchmarks/manifests/synthetic__synthetic-eigengap__synthetic__patch-su4__L32__lr0.01__bs64__seed0__init__synthetic__synthetic-eigengap__synthetic__patch-su4__L32__lr0.01__bs64__seed0__init.json,results/tables/gradient_diagnostics/resource_benchmarks/resource_samples/synthetic__synthetic-eigengap__synthetic__patch-su4__L32__lr0.01__bs64__seed0__init__synthetic__synthetic-eigengap__synthetic__patch-su4__L32__lr0.01__bs64__seed0__init.jsonl,"["".venv/bin/python3"", ""scripts/gradient_diagnostics.py"", ""--manifest"", ""results/tables/gradient_diagnostics/resource_benchmarks/manifests/synthetic__synthetic-eigengap__synthetic__patch-su4__L32__lr0.01__bs64__seed0__init__synthetic__synthetic-eigengap__synthetic__patch-su4__L32__lr0.01__bs64__seed0__init.json"", ""--mode"", ""init"", ""--runs-root"", ""results/runs"", ""--diagnostic-batch-size"", ""32"", ""--diagnostic-seed"", ""0"", ""--near-zero-tol"", ""1e-10"", ""--n-init-seeds"", ""20"", ""--fisher-batch-size"", ""32"", ""--output"", ""results/tables/gradient_diagnostics/resource_benchmarks/diagnostics/synthetic__synthetic-eigengap__synthetic__patch-su4__L32__lr0.01__bs64__seed0__init__synthetic__synthetic-eigengap__synthetic__patch-su4__L32__lr0.01__bs64__seed0__init.json""]",results/tables/gradient_diagnostics/resource_benchmarks/synthetic__synthetic-eigengap__synthetic__patch-su4__L32__lr0.01__bs64__seed0__init_runs.csv
complete,synthetic,configs/experiments/synthetic.json,synthetic__synthetic-eigengap__synthetic__patch-su4__L8__lr0.01__bs64__seed0__checkpoints,checkpoints,synthetic-eigengap__synthetic__patch-su4__L8__lr0.01__bs64__seed0,synthetic-eigengap,synthetic,patch-su4,8,0,0.01,64,0,67.25086312706117,results/tables/gradient_diagnostics/resource_benchmarks/diagnostics/synthetic__synthetic-eigengap__synthetic__patch-su4__L8__lr0.01__bs64__seed0__checkpoints__synthetic__synthetic-eigengap__synthetic__patch-su4__L8__lr0.01__bs64__seed0__checkpoints.json,8,8,"{""complete"": 8}",32,4134432768,3942.90234375,147.2765049753447,116.33043148086068,69.16514400000001,14.558319000000001,83.72346300000001,4232245248,4036.18359375,True,32,52.0,4.0,72675.0,72666.0,2026-05-28T20:58:00.044750+00:00,2026-05-28T20:59:07.295625+00:00,results/tables/gradient_diagnostics/resource_benchmarks/manifests/synthetic__synthetic-eigengap__synthetic__patch-su4__L8__lr0.01__bs64__seed0__checkpoints__synthetic__synthetic-eigengap__synthetic__patch-su4__L8__lr0.01__bs64__seed0__checkpoints.json,results/tables/gradient_diagnostics/resource_benchmarks/resource_samples/synthetic__synthetic-eigengap__synthetic__patch-su4__L8__lr0.01__bs64__seed0__checkpoints__synthetic__synthetic-eigengap__synthetic__patch-su4__L8__lr0.01__bs64__seed0__checkpoints.jsonl,"["".venv/bin/python3"", ""scripts/gradient_diagnostics.py"", ""--manifest"", ""results/tables/gradient_diagnostics/resource_benchmarks/manifests/synthetic__synthetic-eigengap__synthetic__patch-su4__L8__lr0.01__bs64__seed0__checkpoints__synthetic__synthetic-eigengap__synthetic__patch-su4__L8__lr0.01__bs64__seed0__checkpoints.json"", ""--mode"", ""checkpoints"", ""--runs-root"", ""results/runs"", ""--diagnostic-batch-size"", ""32"", ""--diagnostic-seed"", ""0"", ""--near-zero-tol"", ""1e-10"", ""--n-init-seeds"", ""20"", ""--fisher-batch-size"", ""32"", ""--output"", ""results/tables/gradient_diagnostics/resource_benchmarks/diagnostics/synthetic__synthetic-eigengap__synthetic__patch-su4__L8__lr0.01__bs64__seed0__checkpoints__synthetic__synthetic-eigengap__synthetic__patch-su4__L8__lr0.01__bs64__seed0__checkpoints.json""]",results/tables/gradient_diagnostics/resource_benchmarks/synthetic__synthetic-eigengap__synthetic__patch-su4__L8__lr0.01__bs64__seed0__checkpoints_runs.csv
complete,synthetic,configs/experiments/synthetic.json,synthetic__synthetic-eigengap__synthetic__patch-su4__L8__lr0.01__bs64__seed0__final,final,synthetic-eigengap__synthetic__patch-su4__L8__lr0.01__bs64__seed0,synthetic-eigengap,synthetic,patch-su4,8,0,0.01,64,0,33.25445542798843,results/tables/gradient_diagnostics/resource_benchmarks/diagnostics/synthetic__synthetic-eigengap__synthetic__patch-su4__L8__lr0.01__bs64__seed0__final__synthetic__synthetic-eigengap__synthetic__patch-su4__L8__lr0.01__bs64__seed0__final.json,1,1,"{""complete"": 1}",16,4140990464,3949.15625,128.1555505331177,85.69641866592033,28.067246,5.952236,34.019482,4244643840,4048.0078125,True,16,100.0,6.875,72675.0,72666.0,2026-05-28T22:14:35.024031+00:00,2026-05-28T22:15:08.278498+00:00,results/tables/gradient_diagnostics/resource_benchmarks/manifests/synthetic__synthetic-eigengap__synthetic__patch-su4__L8__lr0.01__bs64__seed0__final__synthetic__synthetic-eigengap__synthetic__patch-su4__L8__lr0.01__bs64__seed0__final.json,results/tables/gradient_diagnostics/resource_benchmarks/resource_samples/synthetic__synthetic-eigengap__synthetic__patch-su4__L8__lr0.01__bs64__seed0__final__synthetic__synthetic-eigengap__synthetic__patch-su4__L8__lr0.01__bs64__seed0__final.jsonl,"["".venv/bin/python3"", ""scripts/gradient_diagnostics.py"", ""--manifest"", ""results/tables/gradient_diagnostics/resource_benchmarks/manifests/synthetic__synthetic-eigengap__synthetic__patch-su4__L8__lr0.01__bs64__seed0__final__synthetic__synthetic-eigengap__synthetic__patch-su4__L8__lr0.01__bs64__seed0__final.json"", ""--mode"", ""final"", ""--runs-root"", ""results/runs"", ""--diagnostic-batch-size"", ""32"", ""--diagnostic-seed"", ""0"", ""--near-zero-tol"", ""1e-10"", ""--n-init-seeds"", ""20"", ""--fisher-batch-size"", ""32"", ""--output"", ""results/tables/gradient_diagnostics/resource_benchmarks/diagnostics/synthetic__synthetic-eigengap__synthetic__patch-su4__L8__lr0.01__bs64__seed0__final__synthetic__synthetic-eigengap__synthetic__patch-su4__L8__lr0.01__bs64__seed0__final.json""]",results/tables/gradient_diagnostics/resource_benchmarks/synthetic__synthetic-eigengap__synthetic__patch-su4__L8__lr0.01__bs64__seed0__final_runs.csv
complete,synthetic,configs/experiments/synthetic.json,synthetic__synthetic-eigengap__synthetic__patch-su4__L8__lr0.01__bs64__seed0__init,init,synthetic-eigengap__synthetic__patch-su4__L8__lr0.01__bs64__seed0,synthetic-eigengap,synthetic,patch-su4,8,0,0.01,64,0,78.78564962302335,results/tables/gradient_diagnostics/resource_benchmarks/diagnostics/synthetic__synthetic-eigengap__synthetic__patch-su4__L8__lr0.01__bs64__seed0__init__synthetic__synthetic-eigengap__synthetic__patch-su4__L8__lr0.01__bs64__seed0__init.json,1,1,"{""complete"": 1}",38,4245917696,4049.22265625,147.94709941928613,121.66019618181511,86.902327,17.709464999999998,104.611792,4321943552,4121.7265625,True,38,100.0,5.631578947368421,72675.0,72666.0,2026-05-28T20:49:19.402945+00:00,2026-05-28T20:50:38.188606+00:00,results/tables/gradient_diagnostics/resource_benchmarks/manifests/synthetic__synthetic-eigengap__synthetic__patch-su4__L8__lr0.01__bs64__seed0__init__synthetic__synthetic-eigengap__synthetic__patch-su4__L8__lr0.01__bs64__seed0__init.json,results/tables/gradient_diagnostics/resource_benchmarks/resource_samples/synthetic__synthetic-eigengap__synthetic__patch-su4__L8__lr0.01__bs64__seed0__init__synthetic__synthetic-eigengap__synthetic__patch-su4__L8__lr0.01__bs64__seed0__init.jsonl,"["".venv/bin/python3"", ""scripts/gradient_diagnostics.py"", ""--manifest"", ""results/tables/gradient_diagnostics/resource_benchmarks/manifests/synthetic__synthetic-eigengap__synthetic__patch-su4__L8__lr0.01__bs64__seed0__init__synthetic__synthetic-eigengap__synthetic__patch-su4__L8__lr0.01__bs64__seed0__init.json"", ""--mode"", ""init"", ""--runs-root"", ""results/runs"", ""--diagnostic-batch-size"", ""32"", ""--diagnostic-seed"", ""0"", ""--near-zero-tol"", ""1e-10"", ""--n-init-seeds"", ""20"", ""--fisher-batch-size"", ""32"", ""--output"", ""results/tables/gradient_diagnostics/resource_benchmarks/diagnostics/synthetic__synthetic-eigengap__synthetic__patch-su4__L8__lr0.01__bs64__seed0__init__synthetic__synthetic-eigengap__synthetic__patch-su4__L8__lr0.01__bs64__seed0__init.json""]",results/tables/gradient_diagnostics/resource_benchmarks/synthetic__synthetic-eigengap__synthetic__patch-su4__L8__lr0.01__bs64__seed0__init_runs.csv
complete,synthetic,configs/experiments/synthetic.json,synthetic__synthetic-eigengap__synthetic__symmetric-hamiltonian__L1__lr0.01__bs64__seed0__checkpoints,checkpoints,synthetic-eigengap__synthetic__symmetric-hamiltonian__L1__lr0.01__bs64__seed0,synthetic-eigengap,synthetic,symmetric-hamiltonian,1,0,0.01,64,0,22.147518073092215,results/tables/gradient_diagnostics/resource_benchmarks/diagnostics/synthetic__synthetic-eigengap__synthetic__symmetric-hamiltonian__L1__lr0.01__bs64__seed0__checkpoints__synthetic__synthetic-eigengap__synthetic__symmetric-hamiltonian__L1__lr0.01__bs64__seed0__checkpoints.json,8,8,"{""complete"": 8}",11,4075479040,3886.6796875,112.65828018178466,83.29369026486094,18.310206,4.159630999999999,22.469837,4134830080,3943.28125,True,11,100.0,9.545454545454545,72673.0,72664.0,2026-05-28T22:57:33.507739+00:00,2026-05-28T22:57:55.655263+00:00,results/tables/gradient_diagnostics/resource_benchmarks/manifests/synthetic__synthetic-eigengap__synthetic__symmetric-hamiltonian__L1__lr0.01__bs64__seed0__checkpoints__synthetic__synthetic-eigengap__synthetic__symmetric-hamiltonian__L1__lr0.01__bs64__seed0__checkpoints.json,results/tables/gradient_diagnostics/resource_benchmarks/resource_samples/synthetic__synthetic-eigengap__synthetic__symmetric-hamiltonian__L1__lr0.01__bs64__seed0__checkpoints__synthetic__synthetic-eigengap__synthetic__symmetric-hamiltonian__L1__lr0.01__bs64__seed0__checkpoints.jsonl,"["".venv/bin/python3"", ""scripts/gradient_diagnostics.py"", ""--manifest"", ""results/tables/gradient_diagnostics/resource_benchmarks/manifests/synthetic__synthetic-eigengap__synthetic__symmetric-hamiltonian__L1__lr0.01__bs64__seed0__checkpoints__synthetic__synthetic-eigengap__synthetic__symmetric-hamiltonian__L1__lr0.01__bs64__seed0__checkpoints.json"", ""--mode"", ""checkpoints"", ""--runs-root"", ""results/runs"", ""--diagnostic-batch-size"", ""32"", ""--diagnostic-seed"", ""0"", ""--near-zero-tol"", ""1e-10"", ""--n-init-seeds"", ""20"", ""--fisher-batch-size"", ""32"", ""--output"", ""results/tables/gradient_diagnostics/resource_benchmarks/diagnostics/synthetic__synthetic-eigengap__synthetic__symmetric-hamiltonian__L1__lr0.01__bs64__seed0__checkpoints__synthetic__synthetic-eigengap__synthetic__symmetric-hamiltonian__L1__lr0.01__bs64__seed0__checkpoints.json""]",results/tables/gradient_diagnostics/resource_benchmarks/synthetic__synthetic-eigengap__synthetic__symmetric-hamiltonian__L1__lr0.01__bs64__seed0__checkpoints_runs.csv
complete,synthetic,configs/experiments/synthetic.json,synthetic__synthetic-eigengap__synthetic__symmetric-hamiltonian__L1__lr0.01__bs64__seed0__final,final,synthetic-eigengap__synthetic__symmetric-hamiltonian__L1__lr0.01__bs64__seed0,synthetic-eigengap,synthetic,symmetric-hamiltonian,1,0,0.01,64,0,19.679446444031782,results/tables/gradient_diagnostics/resource_benchmarks/diagnostics/synthetic__synthetic-eigengap__synthetic__symmetric-hamiltonian__L1__lr0.01__bs64__seed0__final__synthetic__synthetic-eigengap__synthetic__symmetric-hamiltonian__L1__lr0.01__bs64__seed0__final.json,1,1,"{""complete"": 1}",10,4071505920,3882.890625,106.7732802418732,87.69859998504094,17.609016,3.869015,21.478031,4150538240,3958.26171875,True,10,58.0,5.9,72673.0,72664.0,2026-05-28T23:13:37.303637+00:00,2026-05-28T23:13:56.983091+00:00,results/tables/gradient_diagnostics/resource_benchmarks/manifests/synthetic__synthetic-eigengap__synthetic__symmetric-hamiltonian__L1__lr0.01__bs64__seed0__final__synthetic__synthetic-eigengap__synthetic__symmetric-hamiltonian__L1__lr0.01__bs64__seed0__final.json,results/tables/gradient_diagnostics/resource_benchmarks/resource_samples/synthetic__synthetic-eigengap__synthetic__symmetric-hamiltonian__L1__lr0.01__bs64__seed0__final__synthetic__synthetic-eigengap__synthetic__symmetric-hamiltonian__L1__lr0.01__bs64__seed0__final.jsonl,"["".venv/bin/python3"", ""scripts/gradient_diagnostics.py"", ""--manifest"", ""results/tables/gradient_diagnostics/resource_benchmarks/manifests/synthetic__synthetic-eigengap__synthetic__symmetric-hamiltonian__L1__lr0.01__bs64__seed0__final__synthetic__synthetic-eigengap__synthetic__symmetric-hamiltonian__L1__lr0.01__bs64__seed0__final.json"", ""--mode"", ""final"", ""--runs-root"", ""results/runs"", ""--diagnostic-batch-size"", ""32"", ""--diagnostic-seed"", ""0"", ""--near-zero-tol"", ""1e-10"", ""--n-init-seeds"", ""20"", ""--fisher-batch-size"", ""32"", ""--output"", ""results/tables/gradient_diagnostics/resource_benchmarks/diagnostics/synthetic__synthetic-eigengap__synthetic__symmetric-hamiltonian__L1__lr0.01__bs64__seed0__final__synthetic__synthetic-eigengap__synthetic__symmetric-hamiltonian__L1__lr0.01__bs64__seed0__final.json""]",results/tables/gradient_diagnostics/resource_benchmarks/synthetic__synthetic-eigengap__synthetic__symmetric-hamiltonian__L1__lr0.01__bs64__seed0__final_runs.csv
complete,synthetic,configs/experiments/synthetic.json,synthetic__synthetic-eigengap__synthetic__symmetric-hamiltonian__L1__lr0.01__bs64__seed0__init,init,synthetic-eigengap__synthetic__symmetric-hamiltonian__L1__lr0.01__bs64__seed0,synthetic-eigengap,synthetic,symmetric-hamiltonian,1,0,0.01,64,0,25.440870289923623,results/tables/gradient_diagnostics/resource_benchmarks/diagnostics/synthetic__synthetic-eigengap__synthetic__symmetric-hamiltonian__L1__lr0.01__bs64__seed0__init__synthetic__synthetic-eigengap__synthetic__symmetric-hamiltonian__L1__lr0.01__bs64__seed0__init.json,1,1,"{""complete"": 1}",13,4143632384,3951.67578125,114.95421594502686,89.26229100609717,23.016197,5.206655,28.222851999999996,4148416512,3956.23828125,True,13,70.0,5.615384615384615,72675.0,72666.0,2026-05-28T22:22:47.002712+00:00,2026-05-28T22:23:12.443589+00:00,results/tables/gradient_diagnostics/resource_benchmarks/manifests/synthetic__synthetic-eigengap__synthetic__symmetric-hamiltonian__L1__lr0.01__bs64__seed0__init__synthetic__synthetic-eigengap__synthetic__symmetric-hamiltonian__L1__lr0.01__bs64__seed0__init.json,results/tables/gradient_diagnostics/resource_benchmarks/resource_samples/synthetic__synthetic-eigengap__synthetic__symmetric-hamiltonian__L1__lr0.01__bs64__seed0__init__synthetic__synthetic-eigengap__synthetic__symmetric-hamiltonian__L1__lr0.01__bs64__seed0__init.jsonl,"["".venv/bin/python3"", ""scripts/gradient_diagnostics.py"", ""--manifest"", ""results/tables/gradient_diagnostics/resource_benchmarks/manifests/synthetic__synthetic-eigengap__synthetic__symmetric-hamiltonian__L1__lr0.01__bs64__seed0__init__synthetic__synthetic-eigengap__synthetic__symmetric-hamiltonian__L1__lr0.01__bs64__seed0__init.json"", ""--mode"", ""init"", ""--runs-root"", ""results/runs"", ""--diagnostic-batch-size"", ""32"", ""--diagnostic-seed"", ""0"", ""--near-zero-tol"", ""1e-10"", ""--n-init-seeds"", ""20"", ""--fisher-batch-size"", ""32"", ""--output"", ""results/tables/gradient_diagnostics/resource_benchmarks/diagnostics/synthetic__synthetic-eigengap__synthetic__symmetric-hamiltonian__L1__lr0.01__bs64__seed0__init__synthetic__synthetic-eigengap__synthetic__symmetric-hamiltonian__L1__lr0.01__bs64__seed0__init.json""]",results/tables/gradient_diagnostics/resource_benchmarks/synthetic__synthetic-eigengap__synthetic__symmetric-hamiltonian__L1__lr0.01__bs64__seed0__init_runs.csv
complete,synthetic,configs/experiments/synthetic.json,synthetic__synthetic-eigengap__synthetic__symmetric-hamiltonian__L32__lr0.01__bs64__seed0__checkpoints,checkpoints,synthetic-eigengap__synthetic__symmetric-hamiltonian__L32__lr0.01__bs64__seed0,synthetic-eigengap,synthetic,symmetric-hamiltonian,32,0,0.01,64,0,45.6817469750531,results/tables/gradient_diagnostics/resource_benchmarks/diagnostics/synthetic__synthetic-eigengap__synthetic__symmetric-hamiltonian__L32__lr0.01__bs64__seed0__checkpoints__synthetic__synthetic-eigengap__synthetic__symmetric-hamiltonian__L32__lr0.01__bs64__seed0__checkpoints.json,8,8,"{""complete"": 8}",22,4249841664,4052.96484375,137.49223258069665,105.19880749247588,44.898975,8.826604,53.725578999999996,4329041920,4128.49609375,True,22,73.0,5.0,72675.0,72666.0,2026-05-28T21:30:32.891525+00:00,2026-05-28T21:31:18.573282+00:00,results/tables/gradient_diagnostics/resource_benchmarks/manifests/synthetic__synthetic-eigengap__synthetic__symmetric-hamiltonian__L32__lr0.01__bs64__seed0__checkpoints__synthetic__synthetic-eigengap__synthetic__symmetric-hamiltonian__L32__lr0.01__bs64__seed0__checkpoints.json,results/tables/gradient_diagnostics/resource_benchmarks/resource_samples/synthetic__synthetic-eigengap__synthetic__symmetric-hamiltonian__L32__lr0.01__bs64__seed0__checkpoints__synthetic__synthetic-eigengap__synthetic__symmetric-hamiltonian__L32__lr0.01__bs64__seed0__checkpoints.jsonl,"["".venv/bin/python3"", ""scripts/gradient_diagnostics.py"", ""--manifest"", ""results/tables/gradient_diagnostics/resource_benchmarks/manifests/synthetic__synthetic-eigengap__synthetic__symmetric-hamiltonian__L32__lr0.01__bs64__seed0__checkpoints__synthetic__synthetic-eigengap__synthetic__symmetric-hamiltonian__L32__lr0.01__bs64__seed0__checkpoints.json"", ""--mode"", ""checkpoints"", ""--runs-root"", ""results/runs"", ""--diagnostic-batch-size"", ""32"", ""--diagnostic-seed"", ""0"", ""--near-zero-tol"", ""1e-10"", ""--n-init-seeds"", ""20"", ""--fisher-batch-size"", ""32"", ""--output"", ""results/tables/gradient_diagnostics/resource_benchmarks/diagnostics/synthetic__synthetic-eigengap__synthetic__symmetric-hamiltonian__L32__lr0.01__bs64__seed0__checkpoints__synthetic__synthetic-eigengap__synthetic__symmetric-hamiltonian__L32__lr0.01__bs64__seed0__checkpoints.json""]",results/tables/gradient_diagnostics/resource_benchmarks/synthetic__synthetic-eigengap__synthetic__symmetric-hamiltonian__L32__lr0.01__bs64__seed0__checkpoints_runs.csv
complete,synthetic,configs/experiments/synthetic.json,synthetic__synthetic-eigengap__synthetic__symmetric-hamiltonian__L32__lr0.01__bs64__seed0__final,final,synthetic-eigengap__synthetic__symmetric-hamiltonian__L32__lr0.01__bs64__seed0,synthetic-eigengap,synthetic,symmetric-hamiltonian,32,0,0.01,64,0,29.268243299913593,results/tables/gradient_diagnostics/resource_benchmarks/diagnostics/synthetic__synthetic-eigengap__synthetic__symmetric-hamiltonian__L32__lr0.01__bs64__seed0__final__synthetic__synthetic-eigengap__synthetic__symmetric-hamiltonian__L32__lr0.01__bs64__seed0__final.json,1,1,"{""complete"": 1}",14,4233641984,4037.515625,110.0399338027605,86.68989615028337,25.918597,5.268469,31.187065999999998,4334759936,4133.94921875,True,14,75.0,6.0,72675.0,72666.0,2026-05-28T22:24:55.891755+00:00,2026-05-28T22:25:25.160005+00:00,results/tables/gradient_diagnostics/resource_benchmarks/manifests/synthetic__synthetic-eigengap__synthetic__symmetric-hamiltonian__L32__lr0.01__bs64__seed0__final__synthetic__synthetic-eigengap__synthetic__symmetric-hamiltonian__L32__lr0.01__bs64__seed0__final.json,results/tables/gradient_diagnostics/resource_benchmarks/resource_samples/synthetic__synthetic-eigengap__synthetic__symmetric-hamiltonian__L32__lr0.01__bs64__seed0__final__synthetic__synthetic-eigengap__synthetic__symmetric-hamiltonian__L32__lr0.01__bs64__seed0__final.jsonl,"["".venv/bin/python3"", ""scripts/gradient_diagnostics.py"", ""--manifest"", ""results/tables/gradient_diagnostics/resource_benchmarks/manifests/synthetic__synthetic-eigengap__synthetic__symmetric-hamiltonian__L32__lr0.01__bs64__seed0__final__synthetic__synthetic-eigengap__synthetic__symmetric-hamiltonian__L32__lr0.01__bs64__seed0__final.json"", ""--mode"", ""final"", ""--runs-root"", ""results/runs"", ""--diagnostic-batch-size"", ""32"", ""--diagnostic-seed"", ""0"", ""--near-zero-tol"", ""1e-10"", ""--n-init-seeds"", ""20"", ""--fisher-batch-size"", ""32"", ""--output"", ""results/tables/gradient_diagnostics/resource_benchmarks/diagnostics/synthetic__synthetic-eigengap__synthetic__symmetric-hamiltonian__L32__lr0.01__bs64__seed0__final__synthetic__synthetic-eigengap__synthetic__symmetric-hamiltonian__L32__lr0.01__bs64__seed0__final.json""]",results/tables/gradient_diagnostics/resource_benchmarks/synthetic__synthetic-eigengap__synthetic__symmetric-hamiltonian__L32__lr0.01__bs64__seed0__final_runs.csv
complete,synthetic,configs/experiments/synthetic.json,synthetic__synthetic-eigengap__synthetic__symmetric-hamiltonian__L32__lr0.01__bs64__seed0__init,init,synthetic-eigengap__synthetic__symmetric-hamiltonian__L32__lr0.01__bs64__seed0,synthetic-eigengap,synthetic,symmetric-hamiltonian,32,0,0.01,64,0,56.815977504011244,results/tables/gradient_diagnostics/resource_benchmarks/diagnostics/synthetic__synthetic-eigengap__synthetic__symmetric-hamiltonian__L32__lr0.01__bs64__seed0__init__synthetic__synthetic-eigengap__synthetic__symmetric-hamiltonian__L32__lr0.01__bs64__seed0__init.json,1,1,"{""complete"": 1}",27,4400234496,4196.390625,141.58383786874472,105.23137917990013,57.871,10.734279,68.605279,4436783104,4231.24609375,True,27,45.0,3.3703703703703702,72677.0,72668.0,2026-05-28T21:04:04.731884+00:00,2026-05-28T21:05:01.547874+00:00,results/tables/gradient_diagnostics/resource_benchmarks/manifests/synthetic__synthetic-eigengap__synthetic__symmetric-hamiltonian__L32__lr0.01__bs64__seed0__init__synthetic__synthetic-eigengap__synthetic__symmetric-hamiltonian__L32__lr0.01__bs64__seed0__init.json,results/tables/gradient_diagnostics/resource_benchmarks/resource_samples/synthetic__synthetic-eigengap__synthetic__symmetric-hamiltonian__L32__lr0.01__bs64__seed0__init__synthetic__synthetic-eigengap__synthetic__symmetric-hamiltonian__L32__lr0.01__bs64__seed0__init.jsonl,"["".venv/bin/python3"", ""scripts/gradient_diagnostics.py"", ""--manifest"", ""results/tables/gradient_diagnostics/resource_benchmarks/manifests/synthetic__synthetic-eigengap__synthetic__symmetric-hamiltonian__L32__lr0.01__bs64__seed0__init__synthetic__synthetic-eigengap__synthetic__symmetric-hamiltonian__L32__lr0.01__bs64__seed0__init.json"", ""--mode"", ""init"", ""--runs-root"", ""results/runs"", ""--diagnostic-batch-size"", ""32"", ""--diagnostic-seed"", ""0"", ""--near-zero-tol"", ""1e-10"", ""--n-init-seeds"", ""20"", ""--fisher-batch-size"", ""32"", ""--output"", ""results/tables/gradient_diagnostics/resource_benchmarks/diagnostics/synthetic__synthetic-eigengap__synthetic__symmetric-hamiltonian__L32__lr0.01__bs64__seed0__init__synthetic__synthetic-eigengap__synthetic__symmetric-hamiltonian__L32__lr0.01__bs64__seed0__init.json""]",results/tables/gradient_diagnostics/resource_benchmarks/synthetic__synthetic-eigengap__synthetic__symmetric-hamiltonian__L32__lr0.01__bs64__seed0__init_runs.csv
complete,synthetic,configs/experiments/synthetic.json,synthetic__synthetic-eigengap__synthetic__symmetric-hamiltonian__L8__lr0.01__bs64__seed0__checkpoints,checkpoints,synthetic-eigengap__synthetic__symmetric-hamiltonian__L8__lr0.01__bs64__seed0,synthetic-eigengap,synthetic,symmetric-hamiltonian,8,0,0.01,64,0,28.473457805928774,results/tables/gradient_diagnostics/resource_benchmarks/diagnostics/synthetic__synthetic-eigengap__synthetic__symmetric-hamiltonian__L8__lr0.01__bs64__seed0__checkpoints__synthetic__synthetic-eigengap__synthetic__symmetric-hamiltonian__L8__lr0.01__bs64__seed0__checkpoints.json,8,8,"{""complete"": 8}",14,4099928064,3909.99609375,135.54405412428557,90.57454651140364,24.944957000000002,5.488580000000001,30.433537,4139741184,3947.96484375,True,14,79.0,6.714285714285714,72673.0,72664.0,2026-05-28T22:16:55.293309+00:00,2026-05-28T22:17:23.766773+00:00,results/tables/gradient_diagnostics/resource_benchmarks/manifests/synthetic__synthetic-eigengap__synthetic__symmetric-hamiltonian__L8__lr0.01__bs64__seed0__checkpoints__synthetic__synthetic-eigengap__synthetic__symmetric-hamiltonian__L8__lr0.01__bs64__seed0__checkpoints.json,results/tables/gradient_diagnostics/resource_benchmarks/resource_samples/synthetic__synthetic-eigengap__synthetic__symmetric-hamiltonian__L8__lr0.01__bs64__seed0__checkpoints__synthetic__synthetic-eigengap__synthetic__symmetric-hamiltonian__L8__lr0.01__bs64__seed0__checkpoints.jsonl,"["".venv/bin/python3"", ""scripts/gradient_diagnostics.py"", ""--manifest"", ""results/tables/gradient_diagnostics/resource_benchmarks/manifests/synthetic__synthetic-eigengap__synthetic__symmetric-hamiltonian__L8__lr0.01__bs64__seed0__checkpoints__synthetic__synthetic-eigengap__synthetic__symmetric-hamiltonian__L8__lr0.01__bs64__seed0__checkpoints.json"", ""--mode"", ""checkpoints"", ""--runs-root"", ""results/runs"", ""--diagnostic-batch-size"", ""32"", ""--diagnostic-seed"", ""0"", ""--near-zero-tol"", ""1e-10"", ""--n-init-seeds"", ""20"", ""--fisher-batch-size"", ""32"", ""--output"", ""results/tables/gradient_diagnostics/resource_benchmarks/diagnostics/synthetic__synthetic-eigengap__synthetic__symmetric-hamiltonian__L8__lr0.01__bs64__seed0__checkpoints__synthetic__synthetic-eigengap__synthetic__symmetric-hamiltonian__L8__lr0.01__bs64__seed0__checkpoints.json""]",results/tables/gradient_diagnostics/resource_benchmarks/synthetic__synthetic-eigengap__synthetic__symmetric-hamiltonian__L8__lr0.01__bs64__seed0__checkpoints_runs.csv
complete,synthetic,configs/experiments/synthetic.json,synthetic__synthetic-eigengap__synthetic__symmetric-hamiltonian__L8__lr0.01__bs64__seed0__final,final,synthetic-eigengap__synthetic__symmetric-hamiltonian__L8__lr0.01__bs64__seed0,synthetic-eigengap,synthetic,symmetric-hamiltonian,8,0,0.01,64,0,25.15687170100864,results/tables/gradient_diagnostics/resource_benchmarks/diagnostics/synthetic__synthetic-eigengap__synthetic__symmetric-hamiltonian__L8__lr0.01__bs64__seed0__final__synthetic__synthetic-eigengap__synthetic__symmetric-hamiltonian__L8__lr0.01__bs64__seed0__final.json,1,1,"{""complete"": 1}",12,4108972032,3918.62109375,125.97766612715436,78.65217966473683,20.011631,4.509135000000001,24.520766000000002,4214796288,4019.54296875,True,12,100.0,8.416666666666666,72673.0,72664.0,2026-05-28T22:34:12.992745+00:00,2026-05-28T22:34:38.149622+00:00,results/tables/gradient_diagnostics/resource_benchmarks/manifests/synthetic__synthetic-eigengap__synthetic__symmetric-hamiltonian__L8__lr0.01__bs64__seed0__final__synthetic__synthetic-eigengap__synthetic__symmetric-hamiltonian__L8__lr0.01__bs64__seed0__final.json,results/tables/gradient_diagnostics/resource_benchmarks/resource_samples/synthetic__synthetic-eigengap__synthetic__symmetric-hamiltonian__L8__lr0.01__bs64__seed0__final__synthetic__synthetic-eigengap__synthetic__symmetric-hamiltonian__L8__lr0.01__bs64__seed0__final.jsonl,"["".venv/bin/python3"", ""scripts/gradient_diagnostics.py"", ""--manifest"", ""results/tables/gradient_diagnostics/resource_benchmarks/manifests/synthetic__synthetic-eigengap__synthetic__symmetric-hamiltonian__L8__lr0.01__bs64__seed0__final__synthetic__synthetic-eigengap__synthetic__symmetric-hamiltonian__L8__lr0.01__bs64__seed0__final.json"", ""--mode"", ""final"", ""--runs-root"", ""results/runs"", ""--diagnostic-batch-size"", ""32"", ""--diagnostic-seed"", ""0"", ""--near-zero-tol"", ""1e-10"", ""--n-init-seeds"", ""20"", ""--fisher-batch-size"", ""32"", ""--output"", ""results/tables/gradient_diagnostics/resource_benchmarks/diagnostics/synthetic__synthetic-eigengap__synthetic__symmetric-hamiltonian__L8__lr0.01__bs64__seed0__final__synthetic__synthetic-eigengap__synthetic__symmetric-hamiltonian__L8__lr0.01__bs64__seed0__final.json""]",results/tables/gradient_diagnostics/resource_benchmarks/synthetic__synthetic-eigengap__synthetic__symmetric-hamiltonian__L8__lr0.01__bs64__seed0__final_runs.csv
complete,synthetic,configs/experiments/synthetic.json,synthetic__synthetic-eigengap__synthetic__symmetric-hamiltonian__L8__lr0.01__bs64__seed0__init,init,synthetic-eigengap__synthetic__symmetric-hamiltonian__L8__lr0.01__bs64__seed0,synthetic-eigengap,synthetic,symmetric-hamiltonian,8,0,0.01,64,0,33.223632514011115,results/tables/gradient_diagnostics/resource_benchmarks/diagnostics/synthetic__synthetic-eigengap__synthetic__symmetric-hamiltonian__L8__lr0.01__bs64__seed0__init__synthetic__synthetic-eigengap__synthetic__symmetric-hamiltonian__L8__lr0.01__bs64__seed0__init.json,1,1,"{""complete"": 1}",16,4175110144,3981.6953125,139.40168537494804,96.03205802902177,32.297939,6.203563000000001,38.501502,4276801536,4078.67578125,True,16,100.0,6.9375,72677.0,72668.0,2026-05-28T22:02:54.854067+00:00,2026-05-28T22:03:28.077711+00:00,results/tables/gradient_diagnostics/resource_benchmarks/manifests/synthetic__synthetic-eigengap__synthetic__symmetric-hamiltonian__L8__lr0.01__bs64__seed0__init__synthetic__synthetic-eigengap__synthetic__symmetric-hamiltonian__L8__lr0.01__bs64__seed0__init.json,results/tables/gradient_diagnostics/resource_benchmarks/resource_samples/synthetic__synthetic-eigengap__synthetic__symmetric-hamiltonian__L8__lr0.01__bs64__seed0__init__synthetic__synthetic-eigengap__synthetic__symmetric-hamiltonian__L8__lr0.01__bs64__seed0__init.jsonl,"["".venv/bin/python3"", ""scripts/gradient_diagnostics.py"", ""--manifest"", ""results/tables/gradient_diagnostics/resource_benchmarks/manifests/synthetic__synthetic-eigengap__synthetic__symmetric-hamiltonian__L8__lr0.01__bs64__seed0__init__synthetic__synthetic-eigengap__synthetic__symmetric-hamiltonian__L8__lr0.01__bs64__seed0__init.json"", ""--mode"", ""init"", ""--runs-root"", ""results/runs"", ""--diagnostic-batch-size"", ""32"", ""--diagnostic-seed"", ""0"", ""--near-zero-tol"", ""1e-10"", ""--n-init-seeds"", ""20"", ""--fisher-batch-size"", ""32"", ""--output"", ""results/tables/gradient_diagnostics/resource_benchmarks/diagnostics/synthetic__synthetic-eigengap__synthetic__symmetric-hamiltonian__L8__lr0.01__bs64__seed0__init__synthetic__synthetic-eigengap__synthetic__symmetric-hamiltonian__L8__lr0.01__bs64__seed0__init.json""]",results/tables/gradient_diagnostics/resource_benchmarks/synthetic__synthetic-eigengap__synthetic__symmetric-hamiltonian__L8__lr0.01__bs64__seed0__init_runs.csv
complete,synthetic,configs/experiments/synthetic.json,synthetic__synthetic-eigengap__synthetic__trainable-frequency-ry__L1__lr0.01__bs64__seed0__checkpoints,checkpoints,synthetic-eigengap__synthetic__trainable-frequency-ry__L1__lr0.01__bs64__seed0,synthetic-eigengap,synthetic,trainable-frequency-ry,1,0,0.01,64,0,54.40897580701858,results/tables/gradient_diagnostics/resource_benchmarks/diagnostics/synthetic__synthetic-eigengap__synthetic__trainable-frequency-ry__L1__lr0.01__bs64__seed0__checkpoints__synthetic__synthetic-eigengap__synthetic__trainable-frequency-ry__L1__lr0.01__bs64__seed0__checkpoints.json,8,8,"{""complete"": 8}",26,4581756928,4369.50390625,131.33711321444622,100.76595343046611,55.691391,10.168206999999999,65.859598,4626632704,4412.30078125,True,26,61.0,3.730769230769231,72675.0,72666.0,2026-05-28T21:36:12.378868+00:00,2026-05-28T21:37:06.787853+00:00,results/tables/gradient_diagnostics/resource_benchmarks/manifests/synthetic__synthetic-eigengap__synthetic__trainable-frequency-ry__L1__lr0.01__bs64__seed0__checkpoints__synthetic__synthetic-eigengap__synthetic__trainable-frequency-ry__L1__lr0.01__bs64__seed0__checkpoints.json,results/tables/gradient_diagnostics/resource_benchmarks/resource_samples/synthetic__synthetic-eigengap__synthetic__trainable-frequency-ry__L1__lr0.01__bs64__seed0__checkpoints__synthetic__synthetic-eigengap__synthetic__trainable-frequency-ry__L1__lr0.01__bs64__seed0__checkpoints.jsonl,"["".venv/bin/python3"", ""scripts/gradient_diagnostics.py"", ""--manifest"", ""results/tables/gradient_diagnostics/resource_benchmarks/manifests/synthetic__synthetic-eigengap__synthetic__trainable-frequency-ry__L1__lr0.01__bs64__seed0__checkpoints__synthetic__synthetic-eigengap__synthetic__trainable-frequency-ry__L1__lr0.01__bs64__seed0__checkpoints.json"", ""--mode"", ""checkpoints"", ""--runs-root"", ""results/runs"", ""--diagnostic-batch-size"", ""32"", ""--diagnostic-seed"", ""0"", ""--near-zero-tol"", ""1e-10"", ""--n-init-seeds"", ""20"", ""--fisher-batch-size"", ""32"", ""--output"", ""results/tables/gradient_diagnostics/resource_benchmarks/diagnostics/synthetic__synthetic-eigengap__synthetic__trainable-frequency-ry__L1__lr0.01__bs64__seed0__checkpoints__synthetic__synthetic-eigengap__synthetic__trainable-frequency-ry__L1__lr0.01__bs64__seed0__checkpoints.json""]",results/tables/gradient_diagnostics/resource_benchmarks/synthetic__synthetic-eigengap__synthetic__trainable-frequency-ry__L1__lr0.01__bs64__seed0__checkpoints_runs.csv
complete,synthetic,configs/experiments/synthetic.json,synthetic__synthetic-eigengap__synthetic__trainable-frequency-ry__L1__lr0.01__bs64__seed0__final,final,synthetic-eigengap__synthetic__trainable-frequency-ry__L1__lr0.01__bs64__seed0,synthetic-eigengap,synthetic,trainable-frequency-ry,1,0,0.01,64,0,41.52628031803761,results/tables/gradient_diagnostics/resource_benchmarks/diagnostics/synthetic__synthetic-eigengap__synthetic__trainable-frequency-ry__L1__lr0.01__bs64__seed0__final__synthetic__synthetic-eigengap__synthetic__trainable-frequency-ry__L1__lr0.01__bs64__seed0__final.json,1,1,"{""complete"": 1}",20,4523679744,4314.1171875,121.38534965634132,96.90438765767914,43.452507999999995,7.615903999999999,51.068411999999995,4604317696,4391.01953125,True,20,56.0,3.4,72675.0,72666.0,2026-05-28T22:00:58.111696+00:00,2026-05-28T22:01:39.637989+00:00,results/tables/gradient_diagnostics/resource_benchmarks/manifests/synthetic__synthetic-eigengap__synthetic__trainable-frequency-ry__L1__lr0.01__bs64__seed0__final__synthetic__synthetic-eigengap__synthetic__trainable-frequency-ry__L1__lr0.01__bs64__seed0__final.json,results/tables/gradient_diagnostics/resource_benchmarks/resource_samples/synthetic__synthetic-eigengap__synthetic__trainable-frequency-ry__L1__lr0.01__bs64__seed0__final__synthetic__synthetic-eigengap__synthetic__trainable-frequency-ry__L1__lr0.01__bs64__seed0__final.jsonl,"["".venv/bin/python3"", ""scripts/gradient_diagnostics.py"", ""--manifest"", ""results/tables/gradient_diagnostics/resource_benchmarks/manifests/synthetic__synthetic-eigengap__synthetic__trainable-frequency-ry__L1__lr0.01__bs64__seed0__final__synthetic__synthetic-eigengap__synthetic__trainable-frequency-ry__L1__lr0.01__bs64__seed0__final.json"", ""--mode"", ""final"", ""--runs-root"", ""results/runs"", ""--diagnostic-batch-size"", ""32"", ""--diagnostic-seed"", ""0"", ""--near-zero-tol"", ""1e-10"", ""--n-init-seeds"", ""20"", ""--fisher-batch-size"", ""32"", ""--output"", ""results/tables/gradient_diagnostics/resource_benchmarks/diagnostics/synthetic__synthetic-eigengap__synthetic__trainable-frequency-ry__L1__lr0.01__bs64__seed0__final__synthetic__synthetic-eigengap__synthetic__trainable-frequency-ry__L1__lr0.01__bs64__seed0__final.json""]",results/tables/gradient_diagnostics/resource_benchmarks/synthetic__synthetic-eigengap__synthetic__trainable-frequency-ry__L1__lr0.01__bs64__seed0__final_runs.csv
complete,synthetic,configs/experiments/synthetic.json,synthetic__synthetic-eigengap__synthetic__trainable-frequency-ry__L1__lr0.01__bs64__seed0__init,init,synthetic-eigengap__synthetic__trainable-frequency-ry__L1__lr0.01__bs64__seed0,synthetic-eigengap,synthetic,trainable-frequency-ry,1,0,0.01,64,0,63.47500564903021,results/tables/gradient_diagnostics/resource_benchmarks/diagnostics/synthetic__synthetic-eigengap__synthetic__trainable-frequency-ry__L1__lr0.01__bs64__seed0__init__synthetic__synthetic-eigengap__synthetic__trainable-frequency-ry__L1__lr0.01__bs64__seed0__init.json,1,1,"{""complete"": 1}",31,4677652480,4460.95703125,133.3516070285255,98.86286666847516,66.415468,11.152287,77.567755,4764602368,4543.87890625,True,31,73.0,3.838709677419355,72679.0,72670.0,2026-05-28T21:07:52.800573+00:00,2026-05-28T21:08:56.275591+00:00,results/tables/gradient_diagnostics/resource_benchmarks/manifests/synthetic__synthetic-eigengap__synthetic__trainable-frequency-ry__L1__lr0.01__bs64__seed0__init__synthetic__synthetic-eigengap__synthetic__trainable-frequency-ry__L1__lr0.01__bs64__seed0__init.json,results/tables/gradient_diagnostics/resource_benchmarks/resource_samples/synthetic__synthetic-eigengap__synthetic__trainable-frequency-ry__L1__lr0.01__bs64__seed0__init__synthetic__synthetic-eigengap__synthetic__trainable-frequency-ry__L1__lr0.01__bs64__seed0__init.jsonl,"["".venv/bin/python3"", ""scripts/gradient_diagnostics.py"", ""--manifest"", ""results/tables/gradient_diagnostics/resource_benchmarks/manifests/synthetic__synthetic-eigengap__synthetic__trainable-frequency-ry__L1__lr0.01__bs64__seed0__init__synthetic__synthetic-eigengap__synthetic__trainable-frequency-ry__L1__lr0.01__bs64__seed0__init.json"", ""--mode"", ""init"", ""--runs-root"", ""results/runs"", ""--diagnostic-batch-size"", ""32"", ""--diagnostic-seed"", ""0"", ""--near-zero-tol"", ""1e-10"", ""--n-init-seeds"", ""20"", ""--fisher-batch-size"", ""32"", ""--output"", ""results/tables/gradient_diagnostics/resource_benchmarks/diagnostics/synthetic__synthetic-eigengap__synthetic__trainable-frequency-ry__L1__lr0.01__bs64__seed0__init__synthetic__synthetic-eigengap__synthetic__trainable-frequency-ry__L1__lr0.01__bs64__seed0__init.json""]",results/tables/gradient_diagnostics/resource_benchmarks/synthetic__synthetic-eigengap__synthetic__trainable-frequency-ry__L1__lr0.01__bs64__seed0__init_runs.csv
complete,synthetic,configs/experiments/synthetic.json,synthetic__synthetic-eigengap__synthetic__trainable-frequency-ry__L32__lr0.01__bs64__seed0__checkpoints,checkpoints,synthetic-eigengap__synthetic__trainable-frequency-ry__L32__lr0.01__bs64__seed0,synthetic-eigengap,synthetic,trainable-frequency-ry,32,0,0.01,64,0,447.65210644504987,results/tables/gradient_diagnostics/resource_benchmarks/diagnostics/synthetic__synthetic-eigengap__synthetic__trainable-frequency-ry__L32__lr0.01__bs64__seed0__checkpoints__synthetic__synthetic-eigengap__synthetic__trainable-frequency-ry__L32__lr0.01__bs64__seed0__checkpoints.json,8,8,"{""complete"": 8}",213,4945461248,4716.359375,137.90687562968748,121.66399941144687,489.772991,73.967895,563.740886,4949401600,4720.1171875,True,213,47.0,6.0,72677.0,72668.0,2026-05-28T15:48:33.116542+00:00,2026-05-28T15:56:00.768656+00:00,results/tables/gradient_diagnostics/resource_benchmarks/manifests/synthetic__synthetic-eigengap__synthetic__trainable-frequency-ry__L32__lr0.01__bs64__seed0__checkpoints__synthetic__synthetic-eigengap__synthetic__trainable-frequency-ry__L32__lr0.01__bs64__seed0__checkpoints.json,results/tables/gradient_diagnostics/resource_benchmarks/resource_samples/synthetic__synthetic-eigengap__synthetic__trainable-frequency-ry__L32__lr0.01__bs64__seed0__checkpoints__synthetic__synthetic-eigengap__synthetic__trainable-frequency-ry__L32__lr0.01__bs64__seed0__checkpoints.jsonl,"["".venv/bin/python3"", ""scripts/gradient_diagnostics.py"", ""--manifest"", ""results/tables/gradient_diagnostics/resource_benchmarks/manifests/synthetic__synthetic-eigengap__synthetic__trainable-frequency-ry__L32__lr0.01__bs64__seed0__checkpoints__synthetic__synthetic-eigengap__synthetic__trainable-frequency-ry__L32__lr0.01__bs64__seed0__checkpoints.json"", ""--mode"", ""checkpoints"", ""--runs-root"", ""results/runs"", ""--diagnostic-batch-size"", ""32"", ""--diagnostic-seed"", ""0"", ""--near-zero-tol"", ""1e-10"", ""--n-init-seeds"", ""20"", ""--fisher-batch-size"", ""32"", ""--output"", ""results/tables/gradient_diagnostics/resource_benchmarks/diagnostics/synthetic__synthetic-eigengap__synthetic__trainable-frequency-ry__L32__lr0.01__bs64__seed0__checkpoints__synthetic__synthetic-eigengap__synthetic__trainable-frequency-ry__L32__lr0.01__bs64__seed0__checkpoints.json""]",results/tables/gradient_diagnostics/resource_benchmarks/synthetic__synthetic-eigengap__synthetic__trainable-frequency-ry__L32__lr0.01__bs64__seed0__checkpoints_runs.csv
complete,synthetic,configs/experiments/synthetic.json,synthetic__synthetic-eigengap__synthetic__trainable-frequency-ry__L32__lr0.01__bs64__seed0__final,final,synthetic-eigengap__synthetic__trainable-frequency-ry__L32__lr0.01__bs64__seed0,synthetic-eigengap,synthetic,trainable-frequency-ry,32,0,0.01,64,0,101.8716576679144,results/tables/gradient_diagnostics/resource_benchmarks/diagnostics/synthetic__synthetic-eigengap__synthetic__trainable-frequency-ry__L32__lr0.01__bs64__seed0__final__synthetic__synthetic-eigengap__synthetic__trainable-frequency-ry__L32__lr0.01__bs64__seed0__final.json,1,1,"{""complete"": 1}",49,4865691648,4640.28515625,133.3239017219452,104.57891415289897,104.41928300000001,17.05683,121.47611300000001,4912828416,4685.23828125,True,49,62.0,4.714285714285714,72677.0,72668.0,2026-05-28T20:00:35.690537+00:00,2026-05-28T20:02:17.562207+00:00,results/tables/gradient_diagnostics/resource_benchmarks/manifests/synthetic__synthetic-eigengap__synthetic__trainable-frequency-ry__L32__lr0.01__bs64__seed0__final__synthetic__synthetic-eigengap__synthetic__trainable-frequency-ry__L32__lr0.01__bs64__seed0__final.json,results/tables/gradient_diagnostics/resource_benchmarks/resource_samples/synthetic__synthetic-eigengap__synthetic__trainable-frequency-ry__L32__lr0.01__bs64__seed0__final__synthetic__synthetic-eigengap__synthetic__trainable-frequency-ry__L32__lr0.01__bs64__seed0__final.jsonl,"["".venv/bin/python3"", ""scripts/gradient_diagnostics.py"", ""--manifest"", ""results/tables/gradient_diagnostics/resource_benchmarks/manifests/synthetic__synthetic-eigengap__synthetic__trainable-frequency-ry__L32__lr0.01__bs64__seed0__final__synthetic__synthetic-eigengap__synthetic__trainable-frequency-ry__L32__lr0.01__bs64__seed0__final.json"", ""--mode"", ""final"", ""--runs-root"", ""results/runs"", ""--diagnostic-batch-size"", ""32"", ""--diagnostic-seed"", ""0"", ""--near-zero-tol"", ""1e-10"", ""--n-init-seeds"", ""20"", ""--fisher-batch-size"", ""32"", ""--output"", ""results/tables/gradient_diagnostics/resource_benchmarks/diagnostics/synthetic__synthetic-eigengap__synthetic__trainable-frequency-ry__L32__lr0.01__bs64__seed0__final__synthetic__synthetic-eigengap__synthetic__trainable-frequency-ry__L32__lr0.01__bs64__seed0__final.json""]",results/tables/gradient_diagnostics/resource_benchmarks/synthetic__synthetic-eigengap__synthetic__trainable-frequency-ry__L32__lr0.01__bs64__seed0__final_runs.csv
complete,synthetic,configs/experiments/synthetic.json,synthetic__synthetic-eigengap__synthetic__trainable-frequency-ry__L32__lr0.01__bs64__seed0__init,init,synthetic-eigengap__synthetic__trainable-frequency-ry__L32__lr0.01__bs64__seed0,synthetic-eigengap,synthetic,trainable-frequency-ry,32,0,0.01,64,0,598.8422700959491,results/tables/gradient_diagnostics/resource_benchmarks/diagnostics/synthetic__synthetic-eigengap__synthetic__trainable-frequency-ry__L32__lr0.01__bs64__seed0__init__synthetic__synthetic-eigengap__synthetic__trainable-frequency-ry__L32__lr0.01__bs64__seed0__init.json,1,1,"{""complete"": 1}",284,4978864128,4748.21484375,140.07902801986407,111.696963648462,595.972077,96.903683,692.87576,4937211904,4708.4921875,True,284,25.0,5.76056338028169,72679.0,72670.0,2026-05-28T14:11:32.716916+00:00,2026-05-28T14:21:31.559197+00:00,results/tables/gradient_diagnostics/resource_benchmarks/manifests/synthetic__synthetic-eigengap__synthetic__trainable-frequency-ry__L32__lr0.01__bs64__seed0__init__synthetic__synthetic-eigengap__synthetic__trainable-frequency-ry__L32__lr0.01__bs64__seed0__init.json,results/tables/gradient_diagnostics/resource_benchmarks/resource_samples/synthetic__synthetic-eigengap__synthetic__trainable-frequency-ry__L32__lr0.01__bs64__seed0__init__synthetic__synthetic-eigengap__synthetic__trainable-frequency-ry__L32__lr0.01__bs64__seed0__init.jsonl,"["".venv/bin/python3"", ""scripts/gradient_diagnostics.py"", ""--manifest"", ""results/tables/gradient_diagnostics/resource_benchmarks/manifests/synthetic__synthetic-eigengap__synthetic__trainable-frequency-ry__L32__lr0.01__bs64__seed0__init__synthetic__synthetic-eigengap__synthetic__trainable-frequency-ry__L32__lr0.01__bs64__seed0__init.json"", ""--mode"", ""init"", ""--runs-root"", ""results/runs"", ""--diagnostic-batch-size"", ""32"", ""--diagnostic-seed"", ""0"", ""--near-zero-tol"", ""1e-10"", ""--n-init-seeds"", ""20"", ""--fisher-batch-size"", ""32"", ""--output"", ""results/tables/gradient_diagnostics/resource_benchmarks/diagnostics/synthetic__synthetic-eigengap__synthetic__trainable-frequency-ry__L32__lr0.01__bs64__seed0__init__synthetic__synthetic-eigengap__synthetic__trainable-frequency-ry__L32__lr0.01__bs64__seed0__init.json""]",results/tables/gradient_diagnostics/resource_benchmarks/synthetic__synthetic-eigengap__synthetic__trainable-frequency-ry__L32__lr0.01__bs64__seed0__init_runs.csv
complete,synthetic,configs/experiments/synthetic.json,synthetic__synthetic-eigengap__synthetic__trainable-frequency-ry__L8__lr0.01__bs64__seed0__checkpoints,checkpoints,synthetic-eigengap__synthetic__trainable-frequency-ry__L8__lr0.01__bs64__seed0,synthetic-eigengap,synthetic,trainable-frequency-ry,8,0,0.01,64,0,148.7207558719674,results/tables/gradient_diagnostics/resource_benchmarks/diagnostics/synthetic__synthetic-eigengap__synthetic__trainable-frequency-ry__L8__lr0.01__bs64__seed0__checkpoints__synthetic__synthetic-eigengap__synthetic__trainable-frequency-ry__L8__lr0.01__bs64__seed0__checkpoints.json,8,8,"{""complete"": 8}",71,4639629312,4424.6953125,134.23575321874264,112.18162035382433,154.998211,24.713169,179.71138,4717211648,4498.68359375,True,71,100.0,4.802816901408451,72675.0,72666.0,2026-05-28T18:50:08.155012+00:00,2026-05-28T18:52:36.875774+00:00,results/tables/gradient_diagnostics/resource_benchmarks/manifests/synthetic__synthetic-eigengap__synthetic__trainable-frequency-ry__L8__lr0.01__bs64__seed0__checkpoints__synthetic__synthetic-eigengap__synthetic__trainable-frequency-ry__L8__lr0.01__bs64__seed0__checkpoints.json,results/tables/gradient_diagnostics/resource_benchmarks/resource_samples/synthetic__synthetic-eigengap__synthetic__trainable-frequency-ry__L8__lr0.01__bs64__seed0__checkpoints__synthetic__synthetic-eigengap__synthetic__trainable-frequency-ry__L8__lr0.01__bs64__seed0__checkpoints.jsonl,"["".venv/bin/python3"", ""scripts/gradient_diagnostics.py"", ""--manifest"", ""results/tables/gradient_diagnostics/resource_benchmarks/manifests/synthetic__synthetic-eigengap__synthetic__trainable-frequency-ry__L8__lr0.01__bs64__seed0__checkpoints__synthetic__synthetic-eigengap__synthetic__trainable-frequency-ry__L8__lr0.01__bs64__seed0__checkpoints.json"", ""--mode"", ""checkpoints"", ""--runs-root"", ""results/runs"", ""--diagnostic-batch-size"", ""32"", ""--diagnostic-seed"", ""0"", ""--near-zero-tol"", ""1e-10"", ""--n-init-seeds"", ""20"", ""--fisher-batch-size"", ""32"", ""--output"", ""results/tables/gradient_diagnostics/resource_benchmarks/diagnostics/synthetic__synthetic-eigengap__synthetic__trainable-frequency-ry__L8__lr0.01__bs64__seed0__checkpoints__synthetic__synthetic-eigengap__synthetic__trainable-frequency-ry__L8__lr0.01__bs64__seed0__checkpoints.json""]",results/tables/gradient_diagnostics/resource_benchmarks/synthetic__synthetic-eigengap__synthetic__trainable-frequency-ry__L8__lr0.01__bs64__seed0__checkpoints_runs.csv
complete,synthetic,configs/experiments/synthetic.json,synthetic__synthetic-eigengap__synthetic__trainable-frequency-ry__L8__lr0.01__bs64__seed0__final,final,synthetic-eigengap__synthetic__trainable-frequency-ry__L8__lr0.01__bs64__seed0,synthetic-eigengap,synthetic,trainable-frequency-ry,8,0,0.01,64,0,58.42763270798605,results/tables/gradient_diagnostics/resource_benchmarks/diagnostics/synthetic__synthetic-eigengap__synthetic__trainable-frequency-ry__L8__lr0.01__bs64__seed0__final__synthetic__synthetic-eigengap__synthetic__trainable-frequency-ry__L8__lr0.01__bs64__seed0__final.json,1,1,"{""complete"": 1}",28,4635758592,4421.00390625,131.38481849674397,95.7283619399778,57.431202,10.304844,67.736046,4726525952,4507.56640625,True,28,100.0,5.5,72675.0,72666.0,2026-05-28T21:22:42.978370+00:00,2026-05-28T21:23:41.406015+00:00,results/tables/gradient_diagnostics/resource_benchmarks/manifests/synthetic__synthetic-eigengap__synthetic__trainable-frequency-ry__L8__lr0.01__bs64__seed0__final__synthetic__synthetic-eigengap__synthetic__trainable-frequency-ry__L8__lr0.01__bs64__seed0__final.json,results/tables/gradient_diagnostics/resource_benchmarks/resource_samples/synthetic__synthetic-eigengap__synthetic__trainable-frequency-ry__L8__lr0.01__bs64__seed0__final__synthetic__synthetic-eigengap__synthetic__trainable-frequency-ry__L8__lr0.01__bs64__seed0__final.jsonl,"["".venv/bin/python3"", ""scripts/gradient_diagnostics.py"", ""--manifest"", ""results/tables/gradient_diagnostics/resource_benchmarks/manifests/synthetic__synthetic-eigengap__synthetic__trainable-frequency-ry__L8__lr0.01__bs64__seed0__final__synthetic__synthetic-eigengap__synthetic__trainable-frequency-ry__L8__lr0.01__bs64__seed0__final.json"", ""--mode"", ""final"", ""--runs-root"", ""results/runs"", ""--diagnostic-batch-size"", ""32"", ""--diagnostic-seed"", ""0"", ""--near-zero-tol"", ""1e-10"", ""--n-init-seeds"", ""20"", ""--fisher-batch-size"", ""32"", ""--output"", ""results/tables/gradient_diagnostics/resource_benchmarks/diagnostics/synthetic__synthetic-eigengap__synthetic__trainable-frequency-ry__L8__lr0.01__bs64__seed0__final__synthetic__synthetic-eigengap__synthetic__trainable-frequency-ry__L8__lr0.01__bs64__seed0__final.json""]",results/tables/gradient_diagnostics/resource_benchmarks/synthetic__synthetic-eigengap__synthetic__trainable-frequency-ry__L8__lr0.01__bs64__seed0__final_runs.csv
complete,synthetic,configs/experiments/synthetic.json,synthetic__synthetic-eigengap__synthetic__trainable-frequency-ry__L8__lr0.01__bs64__seed0__init,init,synthetic-eigengap__synthetic__trainable-frequency-ry__L8__lr0.01__bs64__seed0,synthetic-eigengap,synthetic,trainable-frequency-ry,8,0,0.01,64,0,170.75391759409104,results/tables/gradient_diagnostics/resource_benchmarks/diagnostics/synthetic__synthetic-eigengap__synthetic__trainable-frequency-ry__L8__lr0.01__bs64__seed0__init__synthetic__synthetic-eigengap__synthetic__trainable-frequency-ry__L8__lr0.01__bs64__seed0__init.json,1,1,"{""complete"": 1}",81,4752650240,4532.48046875,134.2560784281867,117.92781336466365,187.74562600000002,30.222411,217.968037,4840595456,4616.3515625,True,81,100.0,6.160493827160494,72679.0,72670.0,2026-05-28T18:34:32.765941+00:00,2026-05-28T18:37:23.519865+00:00,results/tables/gradient_diagnostics/resource_benchmarks/manifests/synthetic__synthetic-eigengap__synthetic__trainable-frequency-ry__L8__lr0.01__bs64__seed0__init__synthetic__synthetic-eigengap__synthetic__trainable-frequency-ry__L8__lr0.01__bs64__seed0__init.json,results/tables/gradient_diagnostics/resource_benchmarks/resource_samples/synthetic__synthetic-eigengap__synthetic__trainable-frequency-ry__L8__lr0.01__bs64__seed0__init__synthetic__synthetic-eigengap__synthetic__trainable-frequency-ry__L8__lr0.01__bs64__seed0__init.jsonl,"["".venv/bin/python3"", ""scripts/gradient_diagnostics.py"", ""--manifest"", ""results/tables/gradient_diagnostics/resource_benchmarks/manifests/synthetic__synthetic-eigengap__synthetic__trainable-frequency-ry__L8__lr0.01__bs64__seed0__init__synthetic__synthetic-eigengap__synthetic__trainable-frequency-ry__L8__lr0.01__bs64__seed0__init.json"", ""--mode"", ""init"", ""--runs-root"", ""results/runs"", ""--diagnostic-batch-size"", ""32"", ""--diagnostic-seed"", ""0"", ""--near-zero-tol"", ""1e-10"", ""--n-init-seeds"", ""20"", ""--fisher-batch-size"", ""32"", ""--output"", ""results/tables/gradient_diagnostics/resource_benchmarks/diagnostics/synthetic__synthetic-eigengap__synthetic__trainable-frequency-ry__L8__lr0.01__bs64__seed0__init__synthetic__synthetic-eigengap__synthetic__trainable-frequency-ry__L8__lr0.01__bs64__seed0__init.json""]",results/tables/gradient_diagnostics/resource_benchmarks/synthetic__synthetic-eigengap__synthetic__trainable-frequency-ry__L8__lr0.01__bs64__seed0__init_runs.csv
complete,synthetic,configs/experiments/synthetic.json,synthetic__synthetic-eigengap__synthetic__trainable-patch-su4__L1__lr0.01__bs64__seed0__checkpoints,checkpoints,synthetic-eigengap__synthetic__trainable-patch-su4__L1__lr0.01__bs64__seed0,synthetic-eigengap,synthetic,trainable-patch-su4,1,0,0.01,64,0,32.6333212669706,results/tables/gradient_diagnostics/resource_benchmarks/diagnostics/synthetic__synthetic-eigengap__synthetic__trainable-patch-su4__L1__lr0.01__bs64__seed0__checkpoints__synthetic__synthetic-eigengap__synthetic__trainable-patch-su4__L1__lr0.01__bs64__seed0__checkpoints.json,8,8,"{""complete"": 8}",16,4230631424,4034.64453125,139.80168698141154,96.82115228605306,31.539531,6.301335,37.840866,4331094016,4130.453125,True,16,4.0,0.625,72675.0,72666.0,2026-05-28T22:30:55.829890+00:00,2026-05-28T22:31:28.463222+00:00,results/tables/gradient_diagnostics/resource_benchmarks/manifests/synthetic__synthetic-eigengap__synthetic__trainable-patch-su4__L1__lr0.01__bs64__seed0__checkpoints__synthetic__synthetic-eigengap__synthetic__trainable-patch-su4__L1__lr0.01__bs64__seed0__checkpoints.json,results/tables/gradient_diagnostics/resource_benchmarks/resource_samples/synthetic__synthetic-eigengap__synthetic__trainable-patch-su4__L1__lr0.01__bs64__seed0__checkpoints__synthetic__synthetic-eigengap__synthetic__trainable-patch-su4__L1__lr0.01__bs64__seed0__checkpoints.jsonl,"["".venv/bin/python3"", ""scripts/gradient_diagnostics.py"", ""--manifest"", ""results/tables/gradient_diagnostics/resource_benchmarks/manifests/synthetic__synthetic-eigengap__synthetic__trainable-patch-su4__L1__lr0.01__bs64__seed0__checkpoints__synthetic__synthetic-eigengap__synthetic__trainable-patch-su4__L1__lr0.01__bs64__seed0__checkpoints.json"", ""--mode"", ""checkpoints"", ""--runs-root"", ""results/runs"", ""--diagnostic-batch-size"", ""32"", ""--diagnostic-seed"", ""0"", ""--near-zero-tol"", ""1e-10"", ""--n-init-seeds"", ""20"", ""--fisher-batch-size"", ""32"", ""--output"", ""results/tables/gradient_diagnostics/resource_benchmarks/diagnostics/synthetic__synthetic-eigengap__synthetic__trainable-patch-su4__L1__lr0.01__bs64__seed0__checkpoints__synthetic__synthetic-eigengap__synthetic__trainable-patch-su4__L1__lr0.01__bs64__seed0__checkpoints.json""]",results/tables/gradient_diagnostics/resource_benchmarks/synthetic__synthetic-eigengap__synthetic__trainable-patch-su4__L1__lr0.01__bs64__seed0__checkpoints_runs.csv
complete,synthetic,configs/experiments/synthetic.json,synthetic__synthetic-eigengap__synthetic__trainable-patch-su4__L1__lr0.01__bs64__seed0__final,final,synthetic-eigengap__synthetic__trainable-patch-su4__L1__lr0.01__bs64__seed0,synthetic-eigengap,synthetic,trainable-patch-su4,1,0,0.01,64,0,27.329521174076945,results/tables/gradient_diagnostics/resource_benchmarks/diagnostics/synthetic__synthetic-eigengap__synthetic__trainable-patch-su4__L1__lr0.01__bs64__seed0__final__synthetic__synthetic-eigengap__synthetic__trainable-patch-su4__L1__lr0.01__bs64__seed0__final.json,1,1,"{""complete"": 1}",13,4212858880,4017.6953125,110.2793490252987,91.05842329765996,25.394719000000002,5.326011,30.720730000000003,4264574976,4067.015625,True,13,1.0,0.15384615384615385,72675.0,72666.0,2026-05-28T22:32:18.209992+00:00,2026-05-28T22:32:45.539520+00:00,results/tables/gradient_diagnostics/resource_benchmarks/manifests/synthetic__synthetic-eigengap__synthetic__trainable-patch-su4__L1__lr0.01__bs64__seed0__final__synthetic__synthetic-eigengap__synthetic__trainable-patch-su4__L1__lr0.01__bs64__seed0__final.json,results/tables/gradient_diagnostics/resource_benchmarks/resource_samples/synthetic__synthetic-eigengap__synthetic__trainable-patch-su4__L1__lr0.01__bs64__seed0__final__synthetic__synthetic-eigengap__synthetic__trainable-patch-su4__L1__lr0.01__bs64__seed0__final.jsonl,"["".venv/bin/python3"", ""scripts/gradient_diagnostics.py"", ""--manifest"", ""results/tables/gradient_diagnostics/resource_benchmarks/manifests/synthetic__synthetic-eigengap__synthetic__trainable-patch-su4__L1__lr0.01__bs64__seed0__final__synthetic__synthetic-eigengap__synthetic__trainable-patch-su4__L1__lr0.01__bs64__seed0__final.json"", ""--mode"", ""final"", ""--runs-root"", ""results/runs"", ""--diagnostic-batch-size"", ""32"", ""--diagnostic-seed"", ""0"", ""--near-zero-tol"", ""1e-10"", ""--n-init-seeds"", ""20"", ""--fisher-batch-size"", ""32"", ""--output"", ""results/tables/gradient_diagnostics/resource_benchmarks/diagnostics/synthetic__synthetic-eigengap__synthetic__trainable-patch-su4__L1__lr0.01__bs64__seed0__final__synthetic__synthetic-eigengap__synthetic__trainable-patch-su4__L1__lr0.01__bs64__seed0__final.json""]",results/tables/gradient_diagnostics/resource_benchmarks/synthetic__synthetic-eigengap__synthetic__trainable-patch-su4__L1__lr0.01__bs64__seed0__final_runs.csv
complete,synthetic,configs/experiments/synthetic.json,synthetic__synthetic-eigengap__synthetic__trainable-patch-su4__L1__lr0.01__bs64__seed0__init,init,synthetic-eigengap__synthetic__trainable-patch-su4__L1__lr0.01__bs64__seed0,synthetic-eigengap,synthetic,trainable-patch-su4,1,0,0.01,64,0,39.07832655298989,results/tables/gradient_diagnostics/resource_benchmarks/diagnostics/synthetic__synthetic-eigengap__synthetic__trainable-patch-su4__L1__lr0.01__bs64__seed0__init__synthetic__synthetic-eigengap__synthetic__trainable-patch-su4__L1__lr0.01__bs64__seed0__init.json,1,1,"{""complete"": 1}",19,4316393472,4116.43359375,143.57824150685656,101.8081185962674,41.497009999999996,7.550183,49.04719299999999,4371193856,4168.6953125,True,19,39.0,2.5789473684210527,72677.0,72668.0,2026-05-28T21:40:18.646082+00:00,2026-05-28T21:40:57.724420+00:00,results/tables/gradient_diagnostics/resource_benchmarks/manifests/synthetic__synthetic-eigengap__synthetic__trainable-patch-su4__L1__lr0.01__bs64__seed0__init__synthetic__synthetic-eigengap__synthetic__trainable-patch-su4__L1__lr0.01__bs64__seed0__init.json,results/tables/gradient_diagnostics/resource_benchmarks/resource_samples/synthetic__synthetic-eigengap__synthetic__trainable-patch-su4__L1__lr0.01__bs64__seed0__init__synthetic__synthetic-eigengap__synthetic__trainable-patch-su4__L1__lr0.01__bs64__seed0__init.jsonl,"["".venv/bin/python3"", ""scripts/gradient_diagnostics.py"", ""--manifest"", ""results/tables/gradient_diagnostics/resource_benchmarks/manifests/synthetic__synthetic-eigengap__synthetic__trainable-patch-su4__L1__lr0.01__bs64__seed0__init__synthetic__synthetic-eigengap__synthetic__trainable-patch-su4__L1__lr0.01__bs64__seed0__init.json"", ""--mode"", ""init"", ""--runs-root"", ""results/runs"", ""--diagnostic-batch-size"", ""32"", ""--diagnostic-seed"", ""0"", ""--near-zero-tol"", ""1e-10"", ""--n-init-seeds"", ""20"", ""--fisher-batch-size"", ""32"", ""--output"", ""results/tables/gradient_diagnostics/resource_benchmarks/diagnostics/synthetic__synthetic-eigengap__synthetic__trainable-patch-su4__L1__lr0.01__bs64__seed0__init__synthetic__synthetic-eigengap__synthetic__trainable-patch-su4__L1__lr0.01__bs64__seed0__init.json""]",results/tables/gradient_diagnostics/resource_benchmarks/synthetic__synthetic-eigengap__synthetic__trainable-patch-su4__L1__lr0.01__bs64__seed0__init_runs.csv
complete,synthetic,configs/experiments/synthetic.json,synthetic__synthetic-eigengap__synthetic__trainable-patch-su4__L32__lr0.01__bs64__seed0__checkpoints,checkpoints,synthetic-eigengap__synthetic__trainable-patch-su4__L32__lr0.01__bs64__seed0,synthetic-eigengap,synthetic,trainable-patch-su4,32,0,0.01,64,0,221.09617262298707,results/tables/gradient_diagnostics/resource_benchmarks/diagnostics/synthetic__synthetic-eigengap__synthetic__trainable-patch-su4__L32__lr0.01__bs64__seed0__checkpoints__synthetic__synthetic-eigengap__synthetic__trainable-patch-su4__L32__lr0.01__bs64__seed0__checkpoints.json,8,8,"{""complete_dirty_git"": 8}",105,4770566144,4549.56640625,147.76324314730485,126.38277086554952,245.669231,46.124197,291.793428,4822077440,4598.69140625,True,105,5.0,3.2,72677.0,72668.0,2026-05-28T17:42:41.274076+00:00,2026-05-28T17:46:22.370259+00:00,results/tables/gradient_diagnostics/resource_benchmarks/manifests/synthetic__synthetic-eigengap__synthetic__trainable-patch-su4__L32__lr0.01__bs64__seed0__checkpoints__synthetic__synthetic-eigengap__synthetic__trainable-patch-su4__L32__lr0.01__bs64__seed0__checkpoints.json,results/tables/gradient_diagnostics/resource_benchmarks/resource_samples/synthetic__synthetic-eigengap__synthetic__trainable-patch-su4__L32__lr0.01__bs64__seed0__checkpoints__synthetic__synthetic-eigengap__synthetic__trainable-patch-su4__L32__lr0.01__bs64__seed0__checkpoints.jsonl,"["".venv/bin/python3"", ""scripts/gradient_diagnostics.py"", ""--manifest"", ""results/tables/gradient_diagnostics/resource_benchmarks/manifests/synthetic__synthetic-eigengap__synthetic__trainable-patch-su4__L32__lr0.01__bs64__seed0__checkpoints__synthetic__synthetic-eigengap__synthetic__trainable-patch-su4__L32__lr0.01__bs64__seed0__checkpoints.json"", ""--mode"", ""checkpoints"", ""--runs-root"", ""results/runs"", ""--diagnostic-batch-size"", ""32"", ""--diagnostic-seed"", ""0"", ""--near-zero-tol"", ""1e-10"", ""--n-init-seeds"", ""20"", ""--fisher-batch-size"", ""32"", ""--output"", ""results/tables/gradient_diagnostics/resource_benchmarks/diagnostics/synthetic__synthetic-eigengap__synthetic__trainable-patch-su4__L32__lr0.01__bs64__seed0__checkpoints__synthetic__synthetic-eigengap__synthetic__trainable-patch-su4__L32__lr0.01__bs64__seed0__checkpoints.json""]",results/tables/gradient_diagnostics/resource_benchmarks/synthetic__synthetic-eigengap__synthetic__trainable-patch-su4__L32__lr0.01__bs64__seed0__checkpoints_runs.csv
complete,synthetic,configs/experiments/synthetic.json,synthetic__synthetic-eigengap__synthetic__trainable-patch-su4__L32__lr0.01__bs64__seed0__final,final,synthetic-eigengap__synthetic__trainable-patch-su4__L32__lr0.01__bs64__seed0,synthetic-eigengap,synthetic,trainable-patch-su4,32,0,0.01,64,0,66.16228762897663,results/tables/gradient_diagnostics/resource_benchmarks/diagnostics/synthetic__synthetic-eigengap__synthetic__trainable-patch-su4__L32__lr0.01__bs64__seed0__final__synthetic__synthetic-eigengap__synthetic__trainable-patch-su4__L32__lr0.01__bs64__seed0__final.json,1,1,"{""complete_dirty_git"": 1}",32,4728909824,4509.83984375,147.62496407544518,99.47362223483321,65.414406,11.821909,77.236315,4815589376,4592.50390625,True,32,100.0,4.40625,72677.0,72668.0,2026-05-28T21:11:14.118199+00:00,2026-05-28T21:12:20.280499+00:00,results/tables/gradient_diagnostics/resource_benchmarks/manifests/synthetic__synthetic-eigengap__synthetic__trainable-patch-su4__L32__lr0.01__bs64__seed0__final__synthetic__synthetic-eigengap__synthetic__trainable-patch-su4__L32__lr0.01__bs64__seed0__final.json,results/tables/gradient_diagnostics/resource_benchmarks/resource_samples/synthetic__synthetic-eigengap__synthetic__trainable-patch-su4__L32__lr0.01__bs64__seed0__final__synthetic__synthetic-eigengap__synthetic__trainable-patch-su4__L32__lr0.01__bs64__seed0__final.jsonl,"["".venv/bin/python3"", ""scripts/gradient_diagnostics.py"", ""--manifest"", ""results/tables/gradient_diagnostics/resource_benchmarks/manifests/synthetic__synthetic-eigengap__synthetic__trainable-patch-su4__L32__lr0.01__bs64__seed0__final__synthetic__synthetic-eigengap__synthetic__trainable-patch-su4__L32__lr0.01__bs64__seed0__final.json"", ""--mode"", ""final"", ""--runs-root"", ""results/runs"", ""--diagnostic-batch-size"", ""32"", ""--diagnostic-seed"", ""0"", ""--near-zero-tol"", ""1e-10"", ""--n-init-seeds"", ""20"", ""--fisher-batch-size"", ""32"", ""--output"", ""results/tables/gradient_diagnostics/resource_benchmarks/diagnostics/synthetic__synthetic-eigengap__synthetic__trainable-patch-su4__L32__lr0.01__bs64__seed0__final__synthetic__synthetic-eigengap__synthetic__trainable-patch-su4__L32__lr0.01__bs64__seed0__final.json""]",results/tables/gradient_diagnostics/resource_benchmarks/synthetic__synthetic-eigengap__synthetic__trainable-patch-su4__L32__lr0.01__bs64__seed0__final_runs.csv
complete,synthetic,configs/experiments/synthetic.json,synthetic__synthetic-eigengap__synthetic__trainable-patch-su4__L32__lr0.01__bs64__seed0__init,init,synthetic-eigengap__synthetic__trainable-patch-su4__L32__lr0.01__bs64__seed0,synthetic-eigengap,synthetic,trainable-patch-su4,32,0,0.01,64,0,268.8197977360105,results/tables/gradient_diagnostics/resource_benchmarks/diagnostics/synthetic__synthetic-eigengap__synthetic__trainable-patch-su4__L32__lr0.01__bs64__seed0__init__synthetic__synthetic-eigengap__synthetic__trainable-patch-su4__L32__lr0.01__bs64__seed0__init.json,1,1,"{""complete"": 1}",128,4860125184,4634.9765625,148.91285432875705,128.44837147247281,302.43759800000004,59.819089000000005,362.25668700000006,4879020032,4652.99609375,True,128,100.0,4.21875,72677.0,72668.0,2026-05-28T17:25:56.746635+00:00,2026-05-28T17:30:25.566445+00:00,results/tables/gradient_diagnostics/resource_benchmarks/manifests/synthetic__synthetic-eigengap__synthetic__trainable-patch-su4__L32__lr0.01__bs64__seed0__init__synthetic__synthetic-eigengap__synthetic__trainable-patch-su4__L32__lr0.01__bs64__seed0__init.json,results/tables/gradient_diagnostics/resource_benchmarks/resource_samples/synthetic__synthetic-eigengap__synthetic__trainable-patch-su4__L32__lr0.01__bs64__seed0__init__synthetic__synthetic-eigengap__synthetic__trainable-patch-su4__L32__lr0.01__bs64__seed0__init.jsonl,"["".venv/bin/python3"", ""scripts/gradient_diagnostics.py"", ""--manifest"", ""results/tables/gradient_diagnostics/resource_benchmarks/manifests/synthetic__synthetic-eigengap__synthetic__trainable-patch-su4__L32__lr0.01__bs64__seed0__init__synthetic__synthetic-eigengap__synthetic__trainable-patch-su4__L32__lr0.01__bs64__seed0__init.json"", ""--mode"", ""init"", ""--runs-root"", ""results/runs"", ""--diagnostic-batch-size"", ""32"", ""--diagnostic-seed"", ""0"", ""--near-zero-tol"", ""1e-10"", ""--n-init-seeds"", ""20"", ""--fisher-batch-size"", ""32"", ""--output"", ""results/tables/gradient_diagnostics/resource_benchmarks/diagnostics/synthetic__synthetic-eigengap__synthetic__trainable-patch-su4__L32__lr0.01__bs64__seed0__init__synthetic__synthetic-eigengap__synthetic__trainable-patch-su4__L32__lr0.01__bs64__seed0__init.json""]",results/tables/gradient_diagnostics/resource_benchmarks/synthetic__synthetic-eigengap__synthetic__trainable-patch-su4__L32__lr0.01__bs64__seed0__init_runs.csv
complete,synthetic,configs/experiments/synthetic.json,synthetic__synthetic-eigengap__synthetic__trainable-patch-su4__L8__lr0.01__bs64__seed0__checkpoints,checkpoints,synthetic-eigengap__synthetic__trainable-patch-su4__L8__lr0.01__bs64__seed0,synthetic-eigengap,synthetic,trainable-patch-su4,8,0,0.01,64,0,77.90846134803724,results/tables/gradient_diagnostics/resource_benchmarks/diagnostics/synthetic__synthetic-eigengap__synthetic__trainable-patch-su4__L8__lr0.01__bs64__seed0__checkpoints__synthetic__synthetic-eigengap__synthetic__trainable-patch-su4__L8__lr0.01__bs64__seed0__checkpoints.json,8,8,"{""complete_dirty_git"": 8}",37,4332310528,4131.61328125,145.12147553279473,113.48399019924042,80.343802,15.433973000000002,95.77777499999999,4428173312,4223.03515625,True,37,41.0,3.5405405405405403,72675.0,72666.0,2026-05-28T20:24:38.035925+00:00,2026-05-28T20:25:55.944398+00:00,results/tables/gradient_diagnostics/resource_benchmarks/manifests/synthetic__synthetic-eigengap__synthetic__trainable-patch-su4__L8__lr0.01__bs64__seed0__checkpoints__synthetic__synthetic-eigengap__synthetic__trainable-patch-su4__L8__lr0.01__bs64__seed0__checkpoints.json,results/tables/gradient_diagnostics/resource_benchmarks/resource_samples/synthetic__synthetic-eigengap__synthetic__trainable-patch-su4__L8__lr0.01__bs64__seed0__checkpoints__synthetic__synthetic-eigengap__synthetic__trainable-patch-su4__L8__lr0.01__bs64__seed0__checkpoints.jsonl,"["".venv/bin/python3"", ""scripts/gradient_diagnostics.py"", ""--manifest"", ""results/tables/gradient_diagnostics/resource_benchmarks/manifests/synthetic__synthetic-eigengap__synthetic__trainable-patch-su4__L8__lr0.01__bs64__seed0__checkpoints__synthetic__synthetic-eigengap__synthetic__trainable-patch-su4__L8__lr0.01__bs64__seed0__checkpoints.json"", ""--mode"", ""checkpoints"", ""--runs-root"", ""results/runs"", ""--diagnostic-batch-size"", ""32"", ""--diagnostic-seed"", ""0"", ""--near-zero-tol"", ""1e-10"", ""--n-init-seeds"", ""20"", ""--fisher-batch-size"", ""32"", ""--output"", ""results/tables/gradient_diagnostics/resource_benchmarks/diagnostics/synthetic__synthetic-eigengap__synthetic__trainable-patch-su4__L8__lr0.01__bs64__seed0__checkpoints__synthetic__synthetic-eigengap__synthetic__trainable-patch-su4__L8__lr0.01__bs64__seed0__checkpoints.json""]",results/tables/gradient_diagnostics/resource_benchmarks/synthetic__synthetic-eigengap__synthetic__trainable-patch-su4__L8__lr0.01__bs64__seed0__checkpoints_runs.csv
complete,synthetic,configs/experiments/synthetic.json,synthetic__synthetic-eigengap__synthetic__trainable-patch-su4__L8__lr0.01__bs64__seed0__final,final,synthetic-eigengap__synthetic__trainable-patch-su4__L8__lr0.01__bs64__seed0,synthetic-eigengap,synthetic,trainable-patch-su4,8,0,0.01,64,0,36.734380804002285,results/tables/gradient_diagnostics/resource_benchmarks/diagnostics/synthetic__synthetic-eigengap__synthetic__trainable-patch-su4__L8__lr0.01__bs64__seed0__final__synthetic__synthetic-eigengap__synthetic__trainable-patch-su4__L8__lr0.01__bs64__seed0__final.json,1,1,"{""complete_dirty_git"": 1}",18,4342599680,4141.42578125,138.5960563016333,93.78660719140198,34.998314,6.9926129999999995,41.990927,4438933504,4233.296875,True,18,100.0,6.388888888888889,72675.0,72666.0,2026-05-28T21:57:08.050421+00:00,2026-05-28T21:57:44.784814+00:00,results/tables/gradient_diagnostics/resource_benchmarks/manifests/synthetic__synthetic-eigengap__synthetic__trainable-patch-su4__L8__lr0.01__bs64__seed0__final__synthetic__synthetic-eigengap__synthetic__trainable-patch-su4__L8__lr0.01__bs64__seed0__final.json,results/tables/gradient_diagnostics/resource_benchmarks/resource_samples/synthetic__synthetic-eigengap__synthetic__trainable-patch-su4__L8__lr0.01__bs64__seed0__final__synthetic__synthetic-eigengap__synthetic__trainable-patch-su4__L8__lr0.01__bs64__seed0__final.jsonl,"["".venv/bin/python3"", ""scripts/gradient_diagnostics.py"", ""--manifest"", ""results/tables/gradient_diagnostics/resource_benchmarks/manifests/synthetic__synthetic-eigengap__synthetic__trainable-patch-su4__L8__lr0.01__bs64__seed0__final__synthetic__synthetic-eigengap__synthetic__trainable-patch-su4__L8__lr0.01__bs64__seed0__final.json"", ""--mode"", ""final"", ""--runs-root"", ""results/runs"", ""--diagnostic-batch-size"", ""32"", ""--diagnostic-seed"", ""0"", ""--near-zero-tol"", ""1e-10"", ""--n-init-seeds"", ""20"", ""--fisher-batch-size"", ""32"", ""--output"", ""results/tables/gradient_diagnostics/resource_benchmarks/diagnostics/synthetic__synthetic-eigengap__synthetic__trainable-patch-su4__L8__lr0.01__bs64__seed0__final__synthetic__synthetic-eigengap__synthetic__trainable-patch-su4__L8__lr0.01__bs64__seed0__final.json""]",results/tables/gradient_diagnostics/resource_benchmarks/synthetic__synthetic-eigengap__synthetic__trainable-patch-su4__L8__lr0.01__bs64__seed0__final_runs.csv
complete,synthetic,configs/experiments/synthetic.json,synthetic__synthetic-eigengap__synthetic__trainable-patch-su4__L8__lr0.01__bs64__seed0__init,init,synthetic-eigengap__synthetic__trainable-patch-su4__L8__lr0.01__bs64__seed0,synthetic-eigengap,synthetic,trainable-patch-su4,8,0,0.01,64,0,95.30364197201561,results/tables/gradient_diagnostics/resource_benchmarks/diagnostics/synthetic__synthetic-eigengap__synthetic__trainable-patch-su4__L8__lr0.01__bs64__seed0__init__synthetic__synthetic-eigengap__synthetic__trainable-patch-su4__L8__lr0.01__bs64__seed0__init.json,1,1,"{""complete"": 1}",46,4562616320,4351.25,145.4278610721596,115.81112673309107,104.19934,19.604034,123.803374,4565430272,4353.93359375,True,46,89.0,4.391304347826087,72677.0,72670.0,2026-05-28T20:08:56.019648+00:00,2026-05-28T20:10:31.323301+00:00,results/tables/gradient_diagnostics/resource_benchmarks/manifests/synthetic__synthetic-eigengap__synthetic__trainable-patch-su4__L8__lr0.01__bs64__seed0__init__synthetic__synthetic-eigengap__synthetic__trainable-patch-su4__L8__lr0.01__bs64__seed0__init.json,results/tables/gradient_diagnostics/resource_benchmarks/resource_samples/synthetic__synthetic-eigengap__synthetic__trainable-patch-su4__L8__lr0.01__bs64__seed0__init__synthetic__synthetic-eigengap__synthetic__trainable-patch-su4__L8__lr0.01__bs64__seed0__init.jsonl,"["".venv/bin/python3"", ""scripts/gradient_diagnostics.py"", ""--manifest"", ""results/tables/gradient_diagnostics/resource_benchmarks/manifests/synthetic__synthetic-eigengap__synthetic__trainable-patch-su4__L8__lr0.01__bs64__seed0__init__synthetic__synthetic-eigengap__synthetic__trainable-patch-su4__L8__lr0.01__bs64__seed0__init.json"", ""--mode"", ""init"", ""--runs-root"", ""results/runs"", ""--diagnostic-batch-size"", ""32"", ""--diagnostic-seed"", ""0"", ""--near-zero-tol"", ""1e-10"", ""--n-init-seeds"", ""20"", ""--fisher-batch-size"", ""32"", ""--output"", ""results/tables/gradient_diagnostics/resource_benchmarks/diagnostics/synthetic__synthetic-eigengap__synthetic__trainable-patch-su4__L8__lr0.01__bs64__seed0__init__synthetic__synthetic-eigengap__synthetic__trainable-patch-su4__L8__lr0.01__bs64__seed0__init.json""]",results/tables/gradient_diagnostics/resource_benchmarks/synthetic__synthetic-eigengap__synthetic__trainable-patch-su4__L8__lr0.01__bs64__seed0__init_runs.csv
complete,synthetic,configs/experiments/synthetic.json,synthetic__synthetic-singular__synthetic__block-hamiltonian__L1__lr0.01__bs64__seed0__checkpoints,checkpoints,synthetic-singular__synthetic__block-hamiltonian__L1__lr0.01__bs64__seed0,synthetic-singular,synthetic,block-hamiltonian,1,0,0.01,64,0,25.788750712992623,results/tables/gradient_diagnostics/resource_benchmarks/diagnostics/synthetic__synthetic-singular__synthetic__block-hamiltonian__L1__lr0.01__bs64__seed0__checkpoints__synthetic__synthetic-singular__synthetic__block-hamiltonian__L1__lr0.01__bs64__seed0__checkpoints.json,8,8,"{""complete"": 8}",13,4174565376,3981.17578125,120.90989107968568,87.88439894625708,23.288883,4.753171,28.042054,4181311488,3987.609375,True,13,9.0,1.0,72675.0,72666.0,2026-05-28T22:58:06.608721+00:00,2026-05-28T22:58:32.397479+00:00,results/tables/gradient_diagnostics/resource_benchmarks/manifests/synthetic__synthetic-singular__synthetic__block-hamiltonian__L1__lr0.01__bs64__seed0__checkpoints__synthetic__synthetic-singular__synthetic__block-hamiltonian__L1__lr0.01__bs64__seed0__checkpoints.json,results/tables/gradient_diagnostics/resource_benchmarks/resource_samples/synthetic__synthetic-singular__synthetic__block-hamiltonian__L1__lr0.01__bs64__seed0__checkpoints__synthetic__synthetic-singular__synthetic__block-hamiltonian__L1__lr0.01__bs64__seed0__checkpoints.jsonl,"["".venv/bin/python3"", ""scripts/gradient_diagnostics.py"", ""--manifest"", ""results/tables/gradient_diagnostics/resource_benchmarks/manifests/synthetic__synthetic-singular__synthetic__block-hamiltonian__L1__lr0.01__bs64__seed0__checkpoints__synthetic__synthetic-singular__synthetic__block-hamiltonian__L1__lr0.01__bs64__seed0__checkpoints.json"", ""--mode"", ""checkpoints"", ""--runs-root"", ""results/runs"", ""--diagnostic-batch-size"", ""32"", ""--diagnostic-seed"", ""0"", ""--near-zero-tol"", ""1e-10"", ""--n-init-seeds"", ""20"", ""--fisher-batch-size"", ""32"", ""--output"", ""results/tables/gradient_diagnostics/resource_benchmarks/diagnostics/synthetic__synthetic-singular__synthetic__block-hamiltonian__L1__lr0.01__bs64__seed0__checkpoints__synthetic__synthetic-singular__synthetic__block-hamiltonian__L1__lr0.01__bs64__seed0__checkpoints.json""]",results/tables/gradient_diagnostics/resource_benchmarks/synthetic__synthetic-singular__synthetic__block-hamiltonian__L1__lr0.01__bs64__seed0__checkpoints_runs.csv
complete,synthetic,configs/experiments/synthetic.json,synthetic__synthetic-singular__synthetic__block-hamiltonian__L1__lr0.01__bs64__seed0__final,final,synthetic-singular__synthetic__block-hamiltonian__L1__lr0.01__bs64__seed0,synthetic-singular,synthetic,block-hamiltonian,1,0,0.01,64,0,23.527581464964896,results/tables/gradient_diagnostics/resource_benchmarks/diagnostics/synthetic__synthetic-singular__synthetic__block-hamiltonian__L1__lr0.01__bs64__seed0__final__synthetic__synthetic-singular__synthetic__block-hamiltonian__L1__lr0.01__bs64__seed0__final.json,1,1,"{""complete"": 1}",12,4206706688,4011.828125,115.93597625589328,86.67927373399534,21.448129,4.351590999999999,25.79972,4207624192,4012.703125,True,12,85.0,7.25,72673.0,72664.0,2026-05-28T22:51:38.084169+00:00,2026-05-28T22:52:01.611756+00:00,results/tables/gradient_diagnostics/resource_benchmarks/manifests/synthetic__synthetic-singular__synthetic__block-hamiltonian__L1__lr0.01__bs64__seed0__final__synthetic__synthetic-singular__synthetic__block-hamiltonian__L1__lr0.01__bs64__seed0__final.json,results/tables/gradient_diagnostics/resource_benchmarks/resource_samples/synthetic__synthetic-singular__synthetic__block-hamiltonian__L1__lr0.01__bs64__seed0__final__synthetic__synthetic-singular__synthetic__block-hamiltonian__L1__lr0.01__bs64__seed0__final.jsonl,"["".venv/bin/python3"", ""scripts/gradient_diagnostics.py"", ""--manifest"", ""results/tables/gradient_diagnostics/resource_benchmarks/manifests/synthetic__synthetic-singular__synthetic__block-hamiltonian__L1__lr0.01__bs64__seed0__final__synthetic__synthetic-singular__synthetic__block-hamiltonian__L1__lr0.01__bs64__seed0__final.json"", ""--mode"", ""final"", ""--runs-root"", ""results/runs"", ""--diagnostic-batch-size"", ""32"", ""--diagnostic-seed"", ""0"", ""--near-zero-tol"", ""1e-10"", ""--n-init-seeds"", ""20"", ""--fisher-batch-size"", ""32"", ""--output"", ""results/tables/gradient_diagnostics/resource_benchmarks/diagnostics/synthetic__synthetic-singular__synthetic__block-hamiltonian__L1__lr0.01__bs64__seed0__final__synthetic__synthetic-singular__synthetic__block-hamiltonian__L1__lr0.01__bs64__seed0__final.json""]",results/tables/gradient_diagnostics/resource_benchmarks/synthetic__synthetic-singular__synthetic__block-hamiltonian__L1__lr0.01__bs64__seed0__final_runs.csv
complete,synthetic,configs/experiments/synthetic.json,synthetic__synthetic-singular__synthetic__block-hamiltonian__L1__lr0.01__bs64__seed0__init,init,synthetic-singular__synthetic__block-hamiltonian__L1__lr0.01__bs64__seed0,synthetic-singular,synthetic,block-hamiltonian,1,0,0.01,64,0,29.20381917897612,results/tables/gradient_diagnostics/resource_benchmarks/diagnostics/synthetic__synthetic-singular__synthetic__block-hamiltonian__L1__lr0.01__bs64__seed0__init__synthetic__synthetic-singular__synthetic__block-hamiltonian__L1__lr0.01__bs64__seed0__init.json,1,1,"{""complete"": 1}",14,4179505152,3985.88671875,126.39182883312817,95.41712014602311,28.828154,5.664127000000001,34.492281000000006,4276596736,4078.48046875,True,14,100.0,7.857142857142857,72675.0,72666.0,2026-05-28T22:54:53.513296+00:00,2026-05-28T22:55:22.717122+00:00,results/tables/gradient_diagnostics/resource_benchmarks/manifests/synthetic__synthetic-singular__synthetic__block-hamiltonian__L1__lr0.01__bs64__seed0__init__synthetic__synthetic-singular__synthetic__block-hamiltonian__L1__lr0.01__bs64__seed0__init.json,results/tables/gradient_diagnostics/resource_benchmarks/resource_samples/synthetic__synthetic-singular__synthetic__block-hamiltonian__L1__lr0.01__bs64__seed0__init__synthetic__synthetic-singular__synthetic__block-hamiltonian__L1__lr0.01__bs64__seed0__init.jsonl,"["".venv/bin/python3"", ""scripts/gradient_diagnostics.py"", ""--manifest"", ""results/tables/gradient_diagnostics/resource_benchmarks/manifests/synthetic__synthetic-singular__synthetic__block-hamiltonian__L1__lr0.01__bs64__seed0__init__synthetic__synthetic-singular__synthetic__block-hamiltonian__L1__lr0.01__bs64__seed0__init.json"", ""--mode"", ""init"", ""--runs-root"", ""results/runs"", ""--diagnostic-batch-size"", ""32"", ""--diagnostic-seed"", ""0"", ""--near-zero-tol"", ""1e-10"", ""--n-init-seeds"", ""20"", ""--fisher-batch-size"", ""32"", ""--output"", ""results/tables/gradient_diagnostics/resource_benchmarks/diagnostics/synthetic__synthetic-singular__synthetic__block-hamiltonian__L1__lr0.01__bs64__seed0__init__synthetic__synthetic-singular__synthetic__block-hamiltonian__L1__lr0.01__bs64__seed0__init.json""]",results/tables/gradient_diagnostics/resource_benchmarks/synthetic__synthetic-singular__synthetic__block-hamiltonian__L1__lr0.01__bs64__seed0__init_runs.csv
complete,synthetic,configs/experiments/synthetic.json,synthetic__synthetic-singular__synthetic__block-hamiltonian__L32__lr0.01__bs64__seed0__checkpoints,checkpoints,synthetic-singular__synthetic__block-hamiltonian__L32__lr0.01__bs64__seed0,synthetic-singular,synthetic,block-hamiltonian,32,0,0.01,64,0,84.08100854302756,results/tables/gradient_diagnostics/resource_benchmarks/diagnostics/synthetic__synthetic-singular__synthetic__block-hamiltonian__L32__lr0.01__bs64__seed0__checkpoints__synthetic__synthetic-singular__synthetic__block-hamiltonian__L32__lr0.01__bs64__seed0__checkpoints.json,8,8,"{""complete"": 8}",40,4328693760,4128.1640625,144.83061018348684,115.23384122346422,87.758713,16.206816000000003,103.965529,4397846528,4194.11328125,True,40,28.0,3.275,72675.0,72666.0,2026-05-28T20:15:52.711121+00:00,2026-05-28T20:17:16.792141+00:00,results/tables/gradient_diagnostics/resource_benchmarks/manifests/synthetic__synthetic-singular__synthetic__block-hamiltonian__L32__lr0.01__bs64__seed0__checkpoints__synthetic__synthetic-singular__synthetic__block-hamiltonian__L32__lr0.01__bs64__seed0__checkpoints.json,results/tables/gradient_diagnostics/resource_benchmarks/resource_samples/synthetic__synthetic-singular__synthetic__block-hamiltonian__L32__lr0.01__bs64__seed0__checkpoints__synthetic__synthetic-singular__synthetic__block-hamiltonian__L32__lr0.01__bs64__seed0__checkpoints.jsonl,"["".venv/bin/python3"", ""scripts/gradient_diagnostics.py"", ""--manifest"", ""results/tables/gradient_diagnostics/resource_benchmarks/manifests/synthetic__synthetic-singular__synthetic__block-hamiltonian__L32__lr0.01__bs64__seed0__checkpoints__synthetic__synthetic-singular__synthetic__block-hamiltonian__L32__lr0.01__bs64__seed0__checkpoints.json"", ""--mode"", ""checkpoints"", ""--runs-root"", ""results/runs"", ""--diagnostic-batch-size"", ""32"", ""--diagnostic-seed"", ""0"", ""--near-zero-tol"", ""1e-10"", ""--n-init-seeds"", ""20"", ""--fisher-batch-size"", ""32"", ""--output"", ""results/tables/gradient_diagnostics/resource_benchmarks/diagnostics/synthetic__synthetic-singular__synthetic__block-hamiltonian__L32__lr0.01__bs64__seed0__checkpoints__synthetic__synthetic-singular__synthetic__block-hamiltonian__L32__lr0.01__bs64__seed0__checkpoints.json""]",results/tables/gradient_diagnostics/resource_benchmarks/synthetic__synthetic-singular__synthetic__block-hamiltonian__L32__lr0.01__bs64__seed0__checkpoints_runs.csv
complete,synthetic,configs/experiments/synthetic.json,synthetic__synthetic-singular__synthetic__block-hamiltonian__L32__lr0.01__bs64__seed0__final,final,synthetic-singular__synthetic__block-hamiltonian__L32__lr0.01__bs64__seed0,synthetic-singular,synthetic,block-hamiltonian,32,0,0.01,64,0,38.768250938970596,results/tables/gradient_diagnostics/resource_benchmarks/diagnostics/synthetic__synthetic-singular__synthetic__block-hamiltonian__L32__lr0.01__bs64__seed0__final__synthetic__synthetic-singular__synthetic__block-hamiltonian__L32__lr0.01__bs64__seed0__final.json,1,1,"{""complete"": 1}",19,4308398080,4108.80859375,134.18987463172542,88.90595756127642,34.733323,7.184069,41.917392,4366315520,4164.04296875,True,19,58.0,3.9473684210526314,72675.0,72666.0,2026-05-28T21:55:13.607775+00:00,2026-05-28T21:55:52.376039+00:00,results/tables/gradient_diagnostics/resource_benchmarks/manifests/synthetic__synthetic-singular__synthetic__block-hamiltonian__L32__lr0.01__bs64__seed0__final__synthetic__synthetic-singular__synthetic__block-hamiltonian__L32__lr0.01__bs64__seed0__final.json,results/tables/gradient_diagnostics/resource_benchmarks/resource_samples/synthetic__synthetic-singular__synthetic__block-hamiltonian__L32__lr0.01__bs64__seed0__final__synthetic__synthetic-singular__synthetic__block-hamiltonian__L32__lr0.01__bs64__seed0__final.jsonl,"["".venv/bin/python3"", ""scripts/gradient_diagnostics.py"", ""--manifest"", ""results/tables/gradient_diagnostics/resource_benchmarks/manifests/synthetic__synthetic-singular__synthetic__block-hamiltonian__L32__lr0.01__bs64__seed0__final__synthetic__synthetic-singular__synthetic__block-hamiltonian__L32__lr0.01__bs64__seed0__final.json"", ""--mode"", ""final"", ""--runs-root"", ""results/runs"", ""--diagnostic-batch-size"", ""32"", ""--diagnostic-seed"", ""0"", ""--near-zero-tol"", ""1e-10"", ""--n-init-seeds"", ""20"", ""--fisher-batch-size"", ""32"", ""--output"", ""results/tables/gradient_diagnostics/resource_benchmarks/diagnostics/synthetic__synthetic-singular__synthetic__block-hamiltonian__L32__lr0.01__bs64__seed0__final__synthetic__synthetic-singular__synthetic__block-hamiltonian__L32__lr0.01__bs64__seed0__final.json""]",results/tables/gradient_diagnostics/resource_benchmarks/synthetic__synthetic-singular__synthetic__block-hamiltonian__L32__lr0.01__bs64__seed0__final_runs.csv
complete,synthetic,configs/experiments/synthetic.json,synthetic__synthetic-singular__synthetic__block-hamiltonian__L32__lr0.01__bs64__seed0__init,init,synthetic-singular__synthetic__block-hamiltonian__L32__lr0.01__bs64__seed0,synthetic-singular,synthetic,block-hamiltonian,32,0,0.01,64,0,99.02829923399258,results/tables/gradient_diagnostics/resource_benchmarks/diagnostics/synthetic__synthetic-singular__synthetic__block-hamiltonian__L32__lr0.01__bs64__seed0__init__synthetic__synthetic-singular__synthetic__block-hamiltonian__L32__lr0.01__bs64__seed0__init.json,1,1,"{""complete"": 1}",47,4428791808,4223.625,145.6296335420847,119.95092568420155,108.490465,20.528687,129.019152,4513697792,4304.59765625,True,47,15.0,3.127659574468085,72677.0,72668.0,2026-05-28T20:10:42.187219+00:00,2026-05-28T20:12:21.215532+00:00,results/tables/gradient_diagnostics/resource_benchmarks/manifests/synthetic__synthetic-singular__synthetic__block-hamiltonian__L32__lr0.01__bs64__seed0__init__synthetic__synthetic-singular__synthetic__block-hamiltonian__L32__lr0.01__bs64__seed0__init.json,results/tables/gradient_diagnostics/resource_benchmarks/resource_samples/synthetic__synthetic-singular__synthetic__block-hamiltonian__L32__lr0.01__bs64__seed0__init__synthetic__synthetic-singular__synthetic__block-hamiltonian__L32__lr0.01__bs64__seed0__init.jsonl,"["".venv/bin/python3"", ""scripts/gradient_diagnostics.py"", ""--manifest"", ""results/tables/gradient_diagnostics/resource_benchmarks/manifests/synthetic__synthetic-singular__synthetic__block-hamiltonian__L32__lr0.01__bs64__seed0__init__synthetic__synthetic-singular__synthetic__block-hamiltonian__L32__lr0.01__bs64__seed0__init.json"", ""--mode"", ""init"", ""--runs-root"", ""results/runs"", ""--diagnostic-batch-size"", ""32"", ""--diagnostic-seed"", ""0"", ""--near-zero-tol"", ""1e-10"", ""--n-init-seeds"", ""20"", ""--fisher-batch-size"", ""32"", ""--output"", ""results/tables/gradient_diagnostics/resource_benchmarks/diagnostics/synthetic__synthetic-singular__synthetic__block-hamiltonian__L32__lr0.01__bs64__seed0__init__synthetic__synthetic-singular__synthetic__block-hamiltonian__L32__lr0.01__bs64__seed0__init.json""]",results/tables/gradient_diagnostics/resource_benchmarks/synthetic__synthetic-singular__synthetic__block-hamiltonian__L32__lr0.01__bs64__seed0__init_runs.csv
complete,synthetic,configs/experiments/synthetic.json,synthetic__synthetic-singular__synthetic__block-hamiltonian__L8__lr0.01__bs64__seed0__checkpoints,checkpoints,synthetic-singular__synthetic__block-hamiltonian__L8__lr0.01__bs64__seed0,synthetic-singular,synthetic,block-hamiltonian,8,0,0.01,64,0,40.38271610601805,results/tables/gradient_diagnostics/resource_benchmarks/diagnostics/synthetic__synthetic-singular__synthetic__block-hamiltonian__L8__lr0.01__bs64__seed0__checkpoints__synthetic__synthetic-singular__synthetic__block-hamiltonian__L8__lr0.01__bs64__seed0__checkpoints.json,8,8,"{""complete"": 8}",20,4220121088,4024.62109375,138.96172343378637,99.19783697796159,38.81285,7.694938,46.507788,4222496768,4026.88671875,True,20,5.0,1.3,72675.0,72666.0,2026-05-28T21:16:08.723891+00:00,2026-05-28T21:16:49.106617+00:00,results/tables/gradient_diagnostics/resource_benchmarks/manifests/synthetic__synthetic-singular__synthetic__block-hamiltonian__L8__lr0.01__bs64__seed0__checkpoints__synthetic__synthetic-singular__synthetic__block-hamiltonian__L8__lr0.01__bs64__seed0__checkpoints.json,results/tables/gradient_diagnostics/resource_benchmarks/resource_samples/synthetic__synthetic-singular__synthetic__block-hamiltonian__L8__lr0.01__bs64__seed0__checkpoints__synthetic__synthetic-singular__synthetic__block-hamiltonian__L8__lr0.01__bs64__seed0__checkpoints.jsonl,"["".venv/bin/python3"", ""scripts/gradient_diagnostics.py"", ""--manifest"", ""results/tables/gradient_diagnostics/resource_benchmarks/manifests/synthetic__synthetic-singular__synthetic__block-hamiltonian__L8__lr0.01__bs64__seed0__checkpoints__synthetic__synthetic-singular__synthetic__block-hamiltonian__L8__lr0.01__bs64__seed0__checkpoints.json"", ""--mode"", ""checkpoints"", ""--runs-root"", ""results/runs"", ""--diagnostic-batch-size"", ""32"", ""--diagnostic-seed"", ""0"", ""--near-zero-tol"", ""1e-10"", ""--n-init-seeds"", ""20"", ""--fisher-batch-size"", ""32"", ""--output"", ""results/tables/gradient_diagnostics/resource_benchmarks/diagnostics/synthetic__synthetic-singular__synthetic__block-hamiltonian__L8__lr0.01__bs64__seed0__checkpoints__synthetic__synthetic-singular__synthetic__block-hamiltonian__L8__lr0.01__bs64__seed0__checkpoints.json""]",results/tables/gradient_diagnostics/resource_benchmarks/synthetic__synthetic-singular__synthetic__block-hamiltonian__L8__lr0.01__bs64__seed0__checkpoints_runs.csv
complete,synthetic,configs/experiments/synthetic.json,synthetic__synthetic-singular__synthetic__block-hamiltonian__L8__lr0.01__bs64__seed0__final,final,synthetic-singular__synthetic__block-hamiltonian__L8__lr0.01__bs64__seed0,synthetic-singular,synthetic,block-hamiltonian,8,0,0.01,64,0,26.203678490011953,results/tables/gradient_diagnostics/resource_benchmarks/diagnostics/synthetic__synthetic-singular__synthetic__block-hamiltonian__L8__lr0.01__bs64__seed0__final__synthetic__synthetic-singular__synthetic__block-hamiltonian__L8__lr0.01__bs64__seed0__final.json,1,1,"{""complete"": 1}",13,4159021056,3966.3515625,127.80896066042821,93.75453034965712,25.575156999999997,5.011783,30.58694,4214267904,4019.0390625,True,13,100.0,8.23076923076923,72675.0,72666.0,2026-05-28T22:32:57.530011+00:00,2026-05-28T22:33:23.733695+00:00,results/tables/gradient_diagnostics/resource_benchmarks/manifests/synthetic__synthetic-singular__synthetic__block-hamiltonian__L8__lr0.01__bs64__seed0__final__synthetic__synthetic-singular__synthetic__block-hamiltonian__L8__lr0.01__bs64__seed0__final.json,results/tables/gradient_diagnostics/resource_benchmarks/resource_samples/synthetic__synthetic-singular__synthetic__block-hamiltonian__L8__lr0.01__bs64__seed0__final__synthetic__synthetic-singular__synthetic__block-hamiltonian__L8__lr0.01__bs64__seed0__final.jsonl,"["".venv/bin/python3"", ""scripts/gradient_diagnostics.py"", ""--manifest"", ""results/tables/gradient_diagnostics/resource_benchmarks/manifests/synthetic__synthetic-singular__synthetic__block-hamiltonian__L8__lr0.01__bs64__seed0__final__synthetic__synthetic-singular__synthetic__block-hamiltonian__L8__lr0.01__bs64__seed0__final.json"", ""--mode"", ""final"", ""--runs-root"", ""results/runs"", ""--diagnostic-batch-size"", ""32"", ""--diagnostic-seed"", ""0"", ""--near-zero-tol"", ""1e-10"", ""--n-init-seeds"", ""20"", ""--fisher-batch-size"", ""32"", ""--output"", ""results/tables/gradient_diagnostics/resource_benchmarks/diagnostics/synthetic__synthetic-singular__synthetic__block-hamiltonian__L8__lr0.01__bs64__seed0__final__synthetic__synthetic-singular__synthetic__block-hamiltonian__L8__lr0.01__bs64__seed0__final.json""]",results/tables/gradient_diagnostics/resource_benchmarks/synthetic__synthetic-singular__synthetic__block-hamiltonian__L8__lr0.01__bs64__seed0__final_runs.csv
complete,synthetic,configs/experiments/synthetic.json,synthetic__synthetic-singular__synthetic__block-hamiltonian__L8__lr0.01__bs64__seed0__init,init,synthetic-singular__synthetic__block-hamiltonian__L8__lr0.01__bs64__seed0,synthetic-singular,synthetic,block-hamiltonian,8,0,0.01,64,0,48.08276114088949,results/tables/gradient_diagnostics/resource_benchmarks/diagnostics/synthetic__synthetic-singular__synthetic__block-hamiltonian__L8__lr0.01__bs64__seed0__init__synthetic__synthetic-singular__synthetic__block-hamiltonian__L8__lr0.01__bs64__seed0__init.json,1,1,"{""complete"": 1}",23,4327366656,4126.8984375,142.69520898854708,104.4757620253019,49.241898,9.505725,58.747623,4366471168,4164.19140625,True,23,65.0,4.3478260869565215,72677.0,72668.0,2026-05-28T21:03:05.688958+00:00,2026-05-28T21:03:53.771731+00:00,results/tables/gradient_diagnostics/resource_benchmarks/manifests/synthetic__synthetic-singular__synthetic__block-hamiltonian__L8__lr0.01__bs64__seed0__init__synthetic__synthetic-singular__synthetic__block-hamiltonian__L8__lr0.01__bs64__seed0__init.json,results/tables/gradient_diagnostics/resource_benchmarks/resource_samples/synthetic__synthetic-singular__synthetic__block-hamiltonian__L8__lr0.01__bs64__seed0__init__synthetic__synthetic-singular__synthetic__block-hamiltonian__L8__lr0.01__bs64__seed0__init.jsonl,"["".venv/bin/python3"", ""scripts/gradient_diagnostics.py"", ""--manifest"", ""results/tables/gradient_diagnostics/resource_benchmarks/manifests/synthetic__synthetic-singular__synthetic__block-hamiltonian__L8__lr0.01__bs64__seed0__init__synthetic__synthetic-singular__synthetic__block-hamiltonian__L8__lr0.01__bs64__seed0__init.json"", ""--mode"", ""init"", ""--runs-root"", ""results/runs"", ""--diagnostic-batch-size"", ""32"", ""--diagnostic-seed"", ""0"", ""--near-zero-tol"", ""1e-10"", ""--n-init-seeds"", ""20"", ""--fisher-batch-size"", ""32"", ""--output"", ""results/tables/gradient_diagnostics/resource_benchmarks/diagnostics/synthetic__synthetic-singular__synthetic__block-hamiltonian__L8__lr0.01__bs64__seed0__init__synthetic__synthetic-singular__synthetic__block-hamiltonian__L8__lr0.01__bs64__seed0__init.json""]",results/tables/gradient_diagnostics/resource_benchmarks/synthetic__synthetic-singular__synthetic__block-hamiltonian__L8__lr0.01__bs64__seed0__init_runs.csv
complete,synthetic,configs/experiments/synthetic.json,synthetic__synthetic-singular__synthetic__fixed-ry-rz__L1__lr0.01__bs64__seed0__checkpoints,checkpoints,synthetic-singular__synthetic__fixed-ry-rz__L1__lr0.01__bs64__seed0,synthetic-singular,synthetic,fixed-ry-rz,1,0,0.01,64,0,44.71200034907088,results/tables/gradient_diagnostics/resource_benchmarks/diagnostics/synthetic__synthetic-singular__synthetic__fixed-ry-rz__L1__lr0.01__bs64__seed0__checkpoints__synthetic__synthetic-singular__synthetic__fixed-ry-rz__L1__lr0.01__bs64__seed0__checkpoints.json,8,8,"{""complete"": 8}",22,4409589760,4205.3125,141.83745361169738,105.08672657324256,48.674187,8.678145,57.352332000000004,4412813312,4208.38671875,True,22,100.0,6.636363636363637,72675.0,72666.0,2026-05-28T21:29:37.327135+00:00,2026-05-28T21:30:22.039145+00:00,results/tables/gradient_diagnostics/resource_benchmarks/manifests/synthetic__synthetic-singular__synthetic__fixed-ry-rz__L1__lr0.01__bs64__seed0__checkpoints__synthetic__synthetic-singular__synthetic__fixed-ry-rz__L1__lr0.01__bs64__seed0__checkpoints.json,results/tables/gradient_diagnostics/resource_benchmarks/resource_samples/synthetic__synthetic-singular__synthetic__fixed-ry-rz__L1__lr0.01__bs64__seed0__checkpoints__synthetic__synthetic-singular__synthetic__fixed-ry-rz__L1__lr0.01__bs64__seed0__checkpoints.jsonl,"["".venv/bin/python3"", ""scripts/gradient_diagnostics.py"", ""--manifest"", ""results/tables/gradient_diagnostics/resource_benchmarks/manifests/synthetic__synthetic-singular__synthetic__fixed-ry-rz__L1__lr0.01__bs64__seed0__checkpoints__synthetic__synthetic-singular__synthetic__fixed-ry-rz__L1__lr0.01__bs64__seed0__checkpoints.json"", ""--mode"", ""checkpoints"", ""--runs-root"", ""results/runs"", ""--diagnostic-batch-size"", ""32"", ""--diagnostic-seed"", ""0"", ""--near-zero-tol"", ""1e-10"", ""--n-init-seeds"", ""20"", ""--fisher-batch-size"", ""32"", ""--output"", ""results/tables/gradient_diagnostics/resource_benchmarks/diagnostics/synthetic__synthetic-singular__synthetic__fixed-ry-rz__L1__lr0.01__bs64__seed0__checkpoints__synthetic__synthetic-singular__synthetic__fixed-ry-rz__L1__lr0.01__bs64__seed0__checkpoints.json""]",results/tables/gradient_diagnostics/resource_benchmarks/synthetic__synthetic-singular__synthetic__fixed-ry-rz__L1__lr0.01__bs64__seed0__checkpoints_runs.csv
complete,synthetic,configs/experiments/synthetic.json,synthetic__synthetic-singular__synthetic__fixed-ry-rz__L1__lr0.01__bs64__seed0__final,final,synthetic-singular__synthetic__fixed-ry-rz__L1__lr0.01__bs64__seed0,synthetic-singular,synthetic,fixed-ry-rz,1,0,0.01,64,0,36.91244636301417,results/tables/gradient_diagnostics/resource_benchmarks/diagnostics/synthetic__synthetic-singular__synthetic__fixed-ry-rz__L1__lr0.01__bs64__seed0__final__synthetic__synthetic-singular__synthetic__fixed-ry-rz__L1__lr0.01__bs64__seed0__final.json,1,1,"{""complete"": 1}",18,4360425472,4158.42578125,126.17924417571929,97.78867023944133,38.995723999999996,6.698271,45.693994999999994,4400672768,4196.80859375,True,18,100.0,5.888888888888889,72675.0,72666.0,2026-05-28T21:37:18.443111+00:00,2026-05-28T21:37:55.355569+00:00,results/tables/gradient_diagnostics/resource_benchmarks/manifests/synthetic__synthetic-singular__synthetic__fixed-ry-rz__L1__lr0.01__bs64__seed0__final__synthetic__synthetic-singular__synthetic__fixed-ry-rz__L1__lr0.01__bs64__seed0__final.json,results/tables/gradient_diagnostics/resource_benchmarks/resource_samples/synthetic__synthetic-singular__synthetic__fixed-ry-rz__L1__lr0.01__bs64__seed0__final__synthetic__synthetic-singular__synthetic__fixed-ry-rz__L1__lr0.01__bs64__seed0__final.jsonl,"["".venv/bin/python3"", ""scripts/gradient_diagnostics.py"", ""--manifest"", ""results/tables/gradient_diagnostics/resource_benchmarks/manifests/synthetic__synthetic-singular__synthetic__fixed-ry-rz__L1__lr0.01__bs64__seed0__final__synthetic__synthetic-singular__synthetic__fixed-ry-rz__L1__lr0.01__bs64__seed0__final.json"", ""--mode"", ""final"", ""--runs-root"", ""results/runs"", ""--diagnostic-batch-size"", ""32"", ""--diagnostic-seed"", ""0"", ""--near-zero-tol"", ""1e-10"", ""--n-init-seeds"", ""20"", ""--fisher-batch-size"", ""32"", ""--output"", ""results/tables/gradient_diagnostics/resource_benchmarks/diagnostics/synthetic__synthetic-singular__synthetic__fixed-ry-rz__L1__lr0.01__bs64__seed0__final__synthetic__synthetic-singular__synthetic__fixed-ry-rz__L1__lr0.01__bs64__seed0__final.json""]",results/tables/gradient_diagnostics/resource_benchmarks/synthetic__synthetic-singular__synthetic__fixed-ry-rz__L1__lr0.01__bs64__seed0__final_runs.csv
complete,synthetic,configs/experiments/synthetic.json,synthetic__synthetic-singular__synthetic__fixed-ry-rz__L1__lr0.01__bs64__seed0__init,init,synthetic-singular__synthetic__fixed-ry-rz__L1__lr0.01__bs64__seed0,synthetic-singular,synthetic,fixed-ry-rz,1,0,0.01,64,0,51.23420945298858,results/tables/gradient_diagnostics/resource_benchmarks/diagnostics/synthetic__synthetic-singular__synthetic__fixed-ry-rz__L1__lr0.01__bs64__seed0__init__synthetic__synthetic-singular__synthetic__fixed-ry-rz__L1__lr0.01__bs64__seed0__init.json,1,1,"{""complete"": 1}",25,4511444992,4302.44921875,140.4265384617469,105.90728314847739,56.788551,9.912220999999999,66.700772,4516089856,4306.87890625,True,25,10.0,2.44,72675.0,72666.0,2026-05-28T21:17:00.403790+00:00,2026-05-28T21:17:51.638010+00:00,results/tables/gradient_diagnostics/resource_benchmarks/manifests/synthetic__synthetic-singular__synthetic__fixed-ry-rz__L1__lr0.01__bs64__seed0__init__synthetic__synthetic-singular__synthetic__fixed-ry-rz__L1__lr0.01__bs64__seed0__init.json,results/tables/gradient_diagnostics/resource_benchmarks/resource_samples/synthetic__synthetic-singular__synthetic__fixed-ry-rz__L1__lr0.01__bs64__seed0__init__synthetic__synthetic-singular__synthetic__fixed-ry-rz__L1__lr0.01__bs64__seed0__init.jsonl,"["".venv/bin/python3"", ""scripts/gradient_diagnostics.py"", ""--manifest"", ""results/tables/gradient_diagnostics/resource_benchmarks/manifests/synthetic__synthetic-singular__synthetic__fixed-ry-rz__L1__lr0.01__bs64__seed0__init__synthetic__synthetic-singular__synthetic__fixed-ry-rz__L1__lr0.01__bs64__seed0__init.json"", ""--mode"", ""init"", ""--runs-root"", ""results/runs"", ""--diagnostic-batch-size"", ""32"", ""--diagnostic-seed"", ""0"", ""--near-zero-tol"", ""1e-10"", ""--n-init-seeds"", ""20"", ""--fisher-batch-size"", ""32"", ""--output"", ""results/tables/gradient_diagnostics/resource_benchmarks/diagnostics/synthetic__synthetic-singular__synthetic__fixed-ry-rz__L1__lr0.01__bs64__seed0__init__synthetic__synthetic-singular__synthetic__fixed-ry-rz__L1__lr0.01__bs64__seed0__init.json""]",results/tables/gradient_diagnostics/resource_benchmarks/synthetic__synthetic-singular__synthetic__fixed-ry-rz__L1__lr0.01__bs64__seed0__init_runs.csv
complete,synthetic,configs/experiments/synthetic.json,synthetic__synthetic-singular__synthetic__fixed-ry-rz__L32__lr0.01__bs64__seed0__checkpoints,checkpoints,synthetic-singular__synthetic__fixed-ry-rz__L32__lr0.01__bs64__seed0,synthetic-singular,synthetic,fixed-ry-rz,32,0,0.01,64,0,413.51696572604124,results/tables/gradient_diagnostics/resource_benchmarks/diagnostics/synthetic__synthetic-singular__synthetic__fixed-ry-rz__L32__lr0.01__bs64__seed0__checkpoints__synthetic__synthetic-singular__synthetic__fixed-ry-rz__L32__lr0.01__bs64__seed0__checkpoints.json,8,8,"{""complete"": 8}",197,4723986432,4505.14453125,137.1721049761907,124.22798404700302,456.910774,73.984307,530.895081,4725575680,4506.66015625,True,197,100.0,7.467005076142132,72675.0,72666.0,2026-05-28T16:03:15.283963+00:00,2026-05-28T16:10:08.800936+00:00,results/tables/gradient_diagnostics/resource_benchmarks/manifests/synthetic__synthetic-singular__synthetic__fixed-ry-rz__L32__lr0.01__bs64__seed0__checkpoints__synthetic__synthetic-singular__synthetic__fixed-ry-rz__L32__lr0.01__bs64__seed0__checkpoints.json,results/tables/gradient_diagnostics/resource_benchmarks/resource_samples/synthetic__synthetic-singular__synthetic__fixed-ry-rz__L32__lr0.01__bs64__seed0__checkpoints__synthetic__synthetic-singular__synthetic__fixed-ry-rz__L32__lr0.01__bs64__seed0__checkpoints.jsonl,"["".venv/bin/python3"", ""scripts/gradient_diagnostics.py"", ""--manifest"", ""results/tables/gradient_diagnostics/resource_benchmarks/manifests/synthetic__synthetic-singular__synthetic__fixed-ry-rz__L32__lr0.01__bs64__seed0__checkpoints__synthetic__synthetic-singular__synthetic__fixed-ry-rz__L32__lr0.01__bs64__seed0__checkpoints.json"", ""--mode"", ""checkpoints"", ""--runs-root"", ""results/runs"", ""--diagnostic-batch-size"", ""32"", ""--diagnostic-seed"", ""0"", ""--near-zero-tol"", ""1e-10"", ""--n-init-seeds"", ""20"", ""--fisher-batch-size"", ""32"", ""--output"", ""results/tables/gradient_diagnostics/resource_benchmarks/diagnostics/synthetic__synthetic-singular__synthetic__fixed-ry-rz__L32__lr0.01__bs64__seed0__checkpoints__synthetic__synthetic-singular__synthetic__fixed-ry-rz__L32__lr0.01__bs64__seed0__checkpoints.json""]",results/tables/gradient_diagnostics/resource_benchmarks/synthetic__synthetic-singular__synthetic__fixed-ry-rz__L32__lr0.01__bs64__seed0__checkpoints_runs.csv
complete,synthetic,configs/experiments/synthetic.json,synthetic__synthetic-singular__synthetic__fixed-ry-rz__L32__lr0.01__bs64__seed0__final,final,synthetic-singular__synthetic__fixed-ry-rz__L32__lr0.01__bs64__seed0,synthetic-singular,synthetic,fixed-ry-rz,32,0,0.01,64,0,91.06583223899361,results/tables/gradient_diagnostics/resource_benchmarks/diagnostics/synthetic__synthetic-singular__synthetic__fixed-ry-rz__L32__lr0.01__bs64__seed0__final__synthetic__synthetic-singular__synthetic__fixed-ry-rz__L32__lr0.01__bs64__seed0__final.json,1,1,"{""complete"": 1}",44,4695015424,4477.515625,137.04891651173784,108.81627620224523,95.951324,16.596626,112.54795,4697493504,4479.87890625,True,44,100.0,6.4772727272727275,72675.0,72666.0,2026-05-28T19:47:45.847549+00:00,2026-05-28T19:49:16.913393+00:00,results/tables/gradient_diagnostics/resource_benchmarks/manifests/synthetic__synthetic-singular__synthetic__fixed-ry-rz__L32__lr0.01__bs64__seed0__final__synthetic__synthetic-singular__synthetic__fixed-ry-rz__L32__lr0.01__bs64__seed0__final.json,results/tables/gradient_diagnostics/resource_benchmarks/resource_samples/synthetic__synthetic-singular__synthetic__fixed-ry-rz__L32__lr0.01__bs64__seed0__final__synthetic__synthetic-singular__synthetic__fixed-ry-rz__L32__lr0.01__bs64__seed0__final.jsonl,"["".venv/bin/python3"", ""scripts/gradient_diagnostics.py"", ""--manifest"", ""results/tables/gradient_diagnostics/resource_benchmarks/manifests/synthetic__synthetic-singular__synthetic__fixed-ry-rz__L32__lr0.01__bs64__seed0__final__synthetic__synthetic-singular__synthetic__fixed-ry-rz__L32__lr0.01__bs64__seed0__final.json"", ""--mode"", ""final"", ""--runs-root"", ""results/runs"", ""--diagnostic-batch-size"", ""32"", ""--diagnostic-seed"", ""0"", ""--near-zero-tol"", ""1e-10"", ""--n-init-seeds"", ""20"", ""--fisher-batch-size"", ""32"", ""--output"", ""results/tables/gradient_diagnostics/resource_benchmarks/diagnostics/synthetic__synthetic-singular__synthetic__fixed-ry-rz__L32__lr0.01__bs64__seed0__final__synthetic__synthetic-singular__synthetic__fixed-ry-rz__L32__lr0.01__bs64__seed0__final.json""]",results/tables/gradient_diagnostics/resource_benchmarks/synthetic__synthetic-singular__synthetic__fixed-ry-rz__L32__lr0.01__bs64__seed0__final_runs.csv
complete,synthetic,configs/experiments/synthetic.json,synthetic__synthetic-singular__synthetic__fixed-ry-rz__L32__lr0.01__bs64__seed0__init,init,synthetic-singular__synthetic__fixed-ry-rz__L32__lr0.01__bs64__seed0,synthetic-singular,synthetic,fixed-ry-rz,32,0,0.01,64,0,503.49205199908465,results/tables/gradient_diagnostics/resource_benchmarks/diagnostics/synthetic__synthetic-singular__synthetic__fixed-ry-rz__L32__lr0.01__bs64__seed0__init__synthetic__synthetic-singular__synthetic__fixed-ry-rz__L32__lr0.01__bs64__seed0__init.json,1,1,"{""complete"": 1}",239,4677627904,4460.93359375,154.0514358996548,125.4981359361149,555.165692,94.952834,650.118526,4747354112,4527.4296875,True,239,36.0,7.2175732217573225,72675.0,72666.0,2026-05-28T14:51:44.589673+00:00,2026-05-28T15:00:08.081737+00:00,results/tables/gradient_diagnostics/resource_benchmarks/manifests/synthetic__synthetic-singular__synthetic__fixed-ry-rz__L32__lr0.01__bs64__seed0__init__synthetic__synthetic-singular__synthetic__fixed-ry-rz__L32__lr0.01__bs64__seed0__init.json,results/tables/gradient_diagnostics/resource_benchmarks/resource_samples/synthetic__synthetic-singular__synthetic__fixed-ry-rz__L32__lr0.01__bs64__seed0__init__synthetic__synthetic-singular__synthetic__fixed-ry-rz__L32__lr0.01__bs64__seed0__init.jsonl,"["".venv/bin/python3"", ""scripts/gradient_diagnostics.py"", ""--manifest"", ""results/tables/gradient_diagnostics/resource_benchmarks/manifests/synthetic__synthetic-singular__synthetic__fixed-ry-rz__L32__lr0.01__bs64__seed0__init__synthetic__synthetic-singular__synthetic__fixed-ry-rz__L32__lr0.01__bs64__seed0__init.json"", ""--mode"", ""init"", ""--runs-root"", ""results/runs"", ""--diagnostic-batch-size"", ""32"", ""--diagnostic-seed"", ""0"", ""--near-zero-tol"", ""1e-10"", ""--n-init-seeds"", ""20"", ""--fisher-batch-size"", ""32"", ""--output"", ""results/tables/gradient_diagnostics/resource_benchmarks/diagnostics/synthetic__synthetic-singular__synthetic__fixed-ry-rz__L32__lr0.01__bs64__seed0__init__synthetic__synthetic-singular__synthetic__fixed-ry-rz__L32__lr0.01__bs64__seed0__init.json""]",results/tables/gradient_diagnostics/resource_benchmarks/synthetic__synthetic-singular__synthetic__fixed-ry-rz__L32__lr0.01__bs64__seed0__init_runs.csv
complete,synthetic,configs/experiments/synthetic.json,synthetic__synthetic-singular__synthetic__fixed-ry-rz__L8__lr0.01__bs64__seed0__checkpoints,checkpoints,synthetic-singular__synthetic__fixed-ry-rz__L8__lr0.01__bs64__seed0,synthetic-singular,synthetic,fixed-ry-rz,8,0,0.01,64,0,131.40901381499134,results/tables/gradient_diagnostics/resource_benchmarks/diagnostics/synthetic__synthetic-singular__synthetic__fixed-ry-rz__L8__lr0.01__bs64__seed0__checkpoints__synthetic__synthetic-singular__synthetic__fixed-ry-rz__L8__lr0.01__bs64__seed0__checkpoints.json,8,8,"{""complete"": 8}",63,4519329792,4309.96875,137.00216646808823,118.17991319317372,143.90292499999998,23.48194,167.384865,4582424576,4370.140625,True,63,100.0,7.063492063492063,72675.0,72666.0,2026-05-28T19:20:17.086790+00:00,2026-05-28T19:22:28.495811+00:00,results/tables/gradient_diagnostics/resource_benchmarks/manifests/synthetic__synthetic-singular__synthetic__fixed-ry-rz__L8__lr0.01__bs64__seed0__checkpoints__synthetic__synthetic-singular__synthetic__fixed-ry-rz__L8__lr0.01__bs64__seed0__checkpoints.json,results/tables/gradient_diagnostics/resource_benchmarks/resource_samples/synthetic__synthetic-singular__synthetic__fixed-ry-rz__L8__lr0.01__bs64__seed0__checkpoints__synthetic__synthetic-singular__synthetic__fixed-ry-rz__L8__lr0.01__bs64__seed0__checkpoints.jsonl,"["".venv/bin/python3"", ""scripts/gradient_diagnostics.py"", ""--manifest"", ""results/tables/gradient_diagnostics/resource_benchmarks/manifests/synthetic__synthetic-singular__synthetic__fixed-ry-rz__L8__lr0.01__bs64__seed0__checkpoints__synthetic__synthetic-singular__synthetic__fixed-ry-rz__L8__lr0.01__bs64__seed0__checkpoints.json"", ""--mode"", ""checkpoints"", ""--runs-root"", ""results/runs"", ""--diagnostic-batch-size"", ""32"", ""--diagnostic-seed"", ""0"", ""--near-zero-tol"", ""1e-10"", ""--n-init-seeds"", ""20"", ""--fisher-batch-size"", ""32"", ""--output"", ""results/tables/gradient_diagnostics/resource_benchmarks/diagnostics/synthetic__synthetic-singular__synthetic__fixed-ry-rz__L8__lr0.01__bs64__seed0__checkpoints__synthetic__synthetic-singular__synthetic__fixed-ry-rz__L8__lr0.01__bs64__seed0__checkpoints.json""]",results/tables/gradient_diagnostics/resource_benchmarks/synthetic__synthetic-singular__synthetic__fixed-ry-rz__L8__lr0.01__bs64__seed0__checkpoints_runs.csv
complete,synthetic,configs/experiments/synthetic.json,synthetic__synthetic-singular__synthetic__fixed-ry-rz__L8__lr0.01__bs64__seed0__final,final,synthetic-singular__synthetic__fixed-ry-rz__L8__lr0.01__bs64__seed0,synthetic-singular,synthetic,fixed-ry-rz,8,0,0.01,64,0,51.667825354030356,results/tables/gradient_diagnostics/resource_benchmarks/diagnostics/synthetic__synthetic-singular__synthetic__fixed-ry-rz__L8__lr0.01__bs64__seed0__final__synthetic__synthetic-singular__synthetic__fixed-ry-rz__L8__lr0.01__bs64__seed0__final.json,1,1,"{""complete"": 1}",25,4490207232,4282.1953125,134.62586361522403,101.81657072954012,53.706733,9.884331,63.591064,4591616000,4378.90625,True,25,87.0,5.32,72675.0,72666.0,2026-05-28T21:19:06.196799+00:00,2026-05-28T21:19:57.864636+00:00,results/tables/gradient_diagnostics/resource_benchmarks/manifests/synthetic__synthetic-singular__synthetic__fixed-ry-rz__L8__lr0.01__bs64__seed0__final__synthetic__synthetic-singular__synthetic__fixed-ry-rz__L8__lr0.01__bs64__seed0__final.json,results/tables/gradient_diagnostics/resource_benchmarks/resource_samples/synthetic__synthetic-singular__synthetic__fixed-ry-rz__L8__lr0.01__bs64__seed0__final__synthetic__synthetic-singular__synthetic__fixed-ry-rz__L8__lr0.01__bs64__seed0__final.jsonl,"["".venv/bin/python3"", ""scripts/gradient_diagnostics.py"", ""--manifest"", ""results/tables/gradient_diagnostics/resource_benchmarks/manifests/synthetic__synthetic-singular__synthetic__fixed-ry-rz__L8__lr0.01__bs64__seed0__final__synthetic__synthetic-singular__synthetic__fixed-ry-rz__L8__lr0.01__bs64__seed0__final.json"", ""--mode"", ""final"", ""--runs-root"", ""results/runs"", ""--diagnostic-batch-size"", ""32"", ""--diagnostic-seed"", ""0"", ""--near-zero-tol"", ""1e-10"", ""--n-init-seeds"", ""20"", ""--fisher-batch-size"", ""32"", ""--output"", ""results/tables/gradient_diagnostics/resource_benchmarks/diagnostics/synthetic__synthetic-singular__synthetic__fixed-ry-rz__L8__lr0.01__bs64__seed0__final__synthetic__synthetic-singular__synthetic__fixed-ry-rz__L8__lr0.01__bs64__seed0__final.json""]",results/tables/gradient_diagnostics/resource_benchmarks/synthetic__synthetic-singular__synthetic__fixed-ry-rz__L8__lr0.01__bs64__seed0__final_runs.csv
complete,synthetic,configs/experiments/synthetic.json,synthetic__synthetic-singular__synthetic__fixed-ry-rz__L8__lr0.01__bs64__seed0__init,init,synthetic-singular__synthetic__fixed-ry-rz__L8__lr0.01__bs64__seed0,synthetic-singular,synthetic,fixed-ry-rz,8,0,0.01,64,0,157.01222478994168,results/tables/gradient_diagnostics/resource_benchmarks/diagnostics/synthetic__synthetic-singular__synthetic__fixed-ry-rz__L8__lr0.01__bs64__seed0__init__synthetic__synthetic-singular__synthetic__fixed-ry-rz__L8__lr0.01__bs64__seed0__init.json,1,1,"{""complete"": 1}",75,4580753408,4368.546875,136.8837491754135,119.47412495926767,172.765262,30.050690999999997,202.815953,4609110016,4395.58984375,True,75,70.0,7.2,72675.0,72666.0,2026-05-28T18:58:52.044181+00:00,2026-05-28T19:01:29.056412+00:00,results/tables/gradient_diagnostics/resource_benchmarks/manifests/synthetic__synthetic-singular__synthetic__fixed-ry-rz__L8__lr0.01__bs64__seed0__init__synthetic__synthetic-singular__synthetic__fixed-ry-rz__L8__lr0.01__bs64__seed0__init.json,results/tables/gradient_diagnostics/resource_benchmarks/resource_samples/synthetic__synthetic-singular__synthetic__fixed-ry-rz__L8__lr0.01__bs64__seed0__init__synthetic__synthetic-singular__synthetic__fixed-ry-rz__L8__lr0.01__bs64__seed0__init.jsonl,"["".venv/bin/python3"", ""scripts/gradient_diagnostics.py"", ""--manifest"", ""results/tables/gradient_diagnostics/resource_benchmarks/manifests/synthetic__synthetic-singular__synthetic__fixed-ry-rz__L8__lr0.01__bs64__seed0__init__synthetic__synthetic-singular__synthetic__fixed-ry-rz__L8__lr0.01__bs64__seed0__init.json"", ""--mode"", ""init"", ""--runs-root"", ""results/runs"", ""--diagnostic-batch-size"", ""32"", ""--diagnostic-seed"", ""0"", ""--near-zero-tol"", ""1e-10"", ""--n-init-seeds"", ""20"", ""--fisher-batch-size"", ""32"", ""--output"", ""results/tables/gradient_diagnostics/resource_benchmarks/diagnostics/synthetic__synthetic-singular__synthetic__fixed-ry-rz__L8__lr0.01__bs64__seed0__init__synthetic__synthetic-singular__synthetic__fixed-ry-rz__L8__lr0.01__bs64__seed0__init.json""]",results/tables/gradient_diagnostics/resource_benchmarks/synthetic__synthetic-singular__synthetic__fixed-ry-rz__L8__lr0.01__bs64__seed0__init_runs.csv
complete,synthetic,configs/experiments/synthetic.json,synthetic__synthetic-singular__synthetic__fixed-ry__L1__lr0.01__bs64__seed0__checkpoints,checkpoints,synthetic-singular__synthetic__fixed-ry__L1__lr0.01__bs64__seed0,synthetic-singular,synthetic,fixed-ry,1,0,0.01,64,0,42.95649696094915,results/tables/gradient_diagnostics/resource_benchmarks/diagnostics/synthetic__synthetic-singular__synthetic__fixed-ry__L1__lr0.01__bs64__seed0__checkpoints__synthetic__synthetic-singular__synthetic__fixed-ry__L1__lr0.01__bs64__seed0__checkpoints.json,8,8,"{""complete"": 8}",21,4380532736,4177.6015625,137.8679010785825,106.98219226145712,47.216876000000006,8.883064999999998,56.099941,4416806912,4212.1953125,True,21,100.0,6.714285714285714,72675.0,72666.0,2026-05-28T21:47:05.024116+00:00,2026-05-28T21:47:47.980623+00:00,results/tables/gradient_diagnostics/resource_benchmarks/manifests/synthetic__synthetic-singular__synthetic__fixed-ry__L1__lr0.01__bs64__seed0__checkpoints__synthetic__synthetic-singular__synthetic__fixed-ry__L1__lr0.01__bs64__seed0__checkpoints.json,results/tables/gradient_diagnostics/resource_benchmarks/resource_samples/synthetic__synthetic-singular__synthetic__fixed-ry__L1__lr0.01__bs64__seed0__checkpoints__synthetic__synthetic-singular__synthetic__fixed-ry__L1__lr0.01__bs64__seed0__checkpoints.jsonl,"["".venv/bin/python3"", ""scripts/gradient_diagnostics.py"", ""--manifest"", ""results/tables/gradient_diagnostics/resource_benchmarks/manifests/synthetic__synthetic-singular__synthetic__fixed-ry__L1__lr0.01__bs64__seed0__checkpoints__synthetic__synthetic-singular__synthetic__fixed-ry__L1__lr0.01__bs64__seed0__checkpoints.json"", ""--mode"", ""checkpoints"", ""--runs-root"", ""results/runs"", ""--diagnostic-batch-size"", ""32"", ""--diagnostic-seed"", ""0"", ""--near-zero-tol"", ""1e-10"", ""--n-init-seeds"", ""20"", ""--fisher-batch-size"", ""32"", ""--output"", ""results/tables/gradient_diagnostics/resource_benchmarks/diagnostics/synthetic__synthetic-singular__synthetic__fixed-ry__L1__lr0.01__bs64__seed0__checkpoints__synthetic__synthetic-singular__synthetic__fixed-ry__L1__lr0.01__bs64__seed0__checkpoints.json""]",results/tables/gradient_diagnostics/resource_benchmarks/synthetic__synthetic-singular__synthetic__fixed-ry__L1__lr0.01__bs64__seed0__checkpoints_runs.csv
complete,synthetic,configs/experiments/synthetic.json,synthetic__synthetic-singular__synthetic__fixed-ry__L1__lr0.01__bs64__seed0__final,final,synthetic-singular__synthetic__fixed-ry__L1__lr0.01__bs64__seed0,synthetic-singular,synthetic,fixed-ry,1,0,0.01,64,0,35.7425790639827,results/tables/gradient_diagnostics/resource_benchmarks/diagnostics/synthetic__synthetic-singular__synthetic__fixed-ry__L1__lr0.01__bs64__seed0__final__synthetic__synthetic-singular__synthetic__fixed-ry__L1__lr0.01__bs64__seed0__final.json,1,1,"{""complete"": 1}",17,4354445312,4152.72265625,131.66336391461002,100.31373902828162,38.018949,7.223504,45.242453,4441096192,4235.359375,True,17,100.0,6.470588235294118,72675.0,72666.0,2026-05-28T21:25:58.352520+00:00,2026-05-28T21:26:34.095111+00:00,results/tables/gradient_diagnostics/resource_benchmarks/manifests/synthetic__synthetic-singular__synthetic__fixed-ry__L1__lr0.01__bs64__seed0__final__synthetic__synthetic-singular__synthetic__fixed-ry__L1__lr0.01__bs64__seed0__final.json,results/tables/gradient_diagnostics/resource_benchmarks/resource_samples/synthetic__synthetic-singular__synthetic__fixed-ry__L1__lr0.01__bs64__seed0__final__synthetic__synthetic-singular__synthetic__fixed-ry__L1__lr0.01__bs64__seed0__final.jsonl,"["".venv/bin/python3"", ""scripts/gradient_diagnostics.py"", ""--manifest"", ""results/tables/gradient_diagnostics/resource_benchmarks/manifests/synthetic__synthetic-singular__synthetic__fixed-ry__L1__lr0.01__bs64__seed0__final__synthetic__synthetic-singular__synthetic__fixed-ry__L1__lr0.01__bs64__seed0__final.json"", ""--mode"", ""final"", ""--runs-root"", ""results/runs"", ""--diagnostic-batch-size"", ""32"", ""--diagnostic-seed"", ""0"", ""--near-zero-tol"", ""1e-10"", ""--n-init-seeds"", ""20"", ""--fisher-batch-size"", ""32"", ""--output"", ""results/tables/gradient_diagnostics/resource_benchmarks/diagnostics/synthetic__synthetic-singular__synthetic__fixed-ry__L1__lr0.01__bs64__seed0__final__synthetic__synthetic-singular__synthetic__fixed-ry__L1__lr0.01__bs64__seed0__final.json""]",results/tables/gradient_diagnostics/resource_benchmarks/synthetic__synthetic-singular__synthetic__fixed-ry__L1__lr0.01__bs64__seed0__final_runs.csv
complete,synthetic,configs/experiments/synthetic.json,synthetic__synthetic-singular__synthetic__fixed-ry__L1__lr0.01__bs64__seed0__init,init,synthetic-singular__synthetic__fixed-ry__L1__lr0.01__bs64__seed0,synthetic-singular,synthetic,fixed-ry,1,0,0.01,64,0,50.60489938990213,results/tables/gradient_diagnostics/resource_benchmarks/diagnostics/synthetic__synthetic-singular__synthetic__fixed-ry__L1__lr0.01__bs64__seed0__init__synthetic__synthetic-singular__synthetic__fixed-ry__L1__lr0.01__bs64__seed0__init.json,1,1,"{""complete"": 1}",24,4420136960,4215.37109375,142.85736626649054,104.99408860626505,54.825632,9.870904,64.696536,4517670912,4308.38671875,True,24,77.0,5.125,72675.0,72666.0,2026-05-28T21:10:12.678756+00:00,2026-05-28T21:11:03.283666+00:00,results/tables/gradient_diagnostics/resource_benchmarks/manifests/synthetic__synthetic-singular__synthetic__fixed-ry__L1__lr0.01__bs64__seed0__init__synthetic__synthetic-singular__synthetic__fixed-ry__L1__lr0.01__bs64__seed0__init.json,results/tables/gradient_diagnostics/resource_benchmarks/resource_samples/synthetic__synthetic-singular__synthetic__fixed-ry__L1__lr0.01__bs64__seed0__init__synthetic__synthetic-singular__synthetic__fixed-ry__L1__lr0.01__bs64__seed0__init.jsonl,"["".venv/bin/python3"", ""scripts/gradient_diagnostics.py"", ""--manifest"", ""results/tables/gradient_diagnostics/resource_benchmarks/manifests/synthetic__synthetic-singular__synthetic__fixed-ry__L1__lr0.01__bs64__seed0__init__synthetic__synthetic-singular__synthetic__fixed-ry__L1__lr0.01__bs64__seed0__init.json"", ""--mode"", ""init"", ""--runs-root"", ""results/runs"", ""--diagnostic-batch-size"", ""32"", ""--diagnostic-seed"", ""0"", ""--near-zero-tol"", ""1e-10"", ""--n-init-seeds"", ""20"", ""--fisher-batch-size"", ""32"", ""--output"", ""results/tables/gradient_diagnostics/resource_benchmarks/diagnostics/synthetic__synthetic-singular__synthetic__fixed-ry__L1__lr0.01__bs64__seed0__init__synthetic__synthetic-singular__synthetic__fixed-ry__L1__lr0.01__bs64__seed0__init.json""]",results/tables/gradient_diagnostics/resource_benchmarks/synthetic__synthetic-singular__synthetic__fixed-ry__L1__lr0.01__bs64__seed0__init_runs.csv
complete,synthetic,configs/experiments/synthetic.json,synthetic__synthetic-singular__synthetic__fixed-ry__L32__lr0.01__bs64__seed0__checkpoints,checkpoints,synthetic-singular__synthetic__fixed-ry__L32__lr0.01__bs64__seed0,synthetic-singular,synthetic,fixed-ry,32,0,0.01,64,0,355.3285059930058,results/tables/gradient_diagnostics/resource_benchmarks/diagnostics/synthetic__synthetic-singular__synthetic__fixed-ry__L32__lr0.01__bs64__seed0__checkpoints__synthetic__synthetic-singular__synthetic__fixed-ry__L32__lr0.01__bs64__seed0__checkpoints.json,8,8,"{""complete"": 8}",169,4614615040,4400.83984375,140.19344224977436,125.93016870283253,395.965214,67.150356,463.11557,4678725632,4461.98046875,True,169,100.0,6.834319526627219,72675.0,72666.0,2026-05-28T17:04:35.416986+00:00,2026-05-28T17:10:30.745503+00:00,results/tables/gradient_diagnostics/resource_benchmarks/manifests/synthetic__synthetic-singular__synthetic__fixed-ry__L32__lr0.01__bs64__seed0__checkpoints__synthetic__synthetic-singular__synthetic__fixed-ry__L32__lr0.01__bs64__seed0__checkpoints.json,results/tables/gradient_diagnostics/resource_benchmarks/resource_samples/synthetic__synthetic-singular__synthetic__fixed-ry__L32__lr0.01__bs64__seed0__checkpoints__synthetic__synthetic-singular__synthetic__fixed-ry__L32__lr0.01__bs64__seed0__checkpoints.jsonl,"["".venv/bin/python3"", ""scripts/gradient_diagnostics.py"", ""--manifest"", ""results/tables/gradient_diagnostics/resource_benchmarks/manifests/synthetic__synthetic-singular__synthetic__fixed-ry__L32__lr0.01__bs64__seed0__checkpoints__synthetic__synthetic-singular__synthetic__fixed-ry__L32__lr0.01__bs64__seed0__checkpoints.json"", ""--mode"", ""checkpoints"", ""--runs-root"", ""results/runs"", ""--diagnostic-batch-size"", ""32"", ""--diagnostic-seed"", ""0"", ""--near-zero-tol"", ""1e-10"", ""--n-init-seeds"", ""20"", ""--fisher-batch-size"", ""32"", ""--output"", ""results/tables/gradient_diagnostics/resource_benchmarks/diagnostics/synthetic__synthetic-singular__synthetic__fixed-ry__L32__lr0.01__bs64__seed0__checkpoints__synthetic__synthetic-singular__synthetic__fixed-ry__L32__lr0.01__bs64__seed0__checkpoints.json""]",results/tables/gradient_diagnostics/resource_benchmarks/synthetic__synthetic-singular__synthetic__fixed-ry__L32__lr0.01__bs64__seed0__checkpoints_runs.csv
complete,synthetic,configs/experiments/synthetic.json,synthetic__synthetic-singular__synthetic__fixed-ry__L32__lr0.01__bs64__seed0__final,final,synthetic-singular__synthetic__fixed-ry__L32__lr0.01__bs64__seed0,synthetic-singular,synthetic,fixed-ry,32,0,0.01,64,0,82.44420127698686,results/tables/gradient_diagnostics/resource_benchmarks/diagnostics/synthetic__synthetic-singular__synthetic__fixed-ry__L32__lr0.01__bs64__seed0__final__synthetic__synthetic-singular__synthetic__fixed-ry__L32__lr0.01__bs64__seed0__final.json,1,1,"{""complete"": 1}",40,4607500288,4394.0546875,141.3625130099757,110.93995009700836,88.065052,15.589052,103.65410399999999,4679200768,4462.43359375,True,40,100.0,6.25,72675.0,72666.0,2026-05-28T20:36:59.218090+00:00,2026-05-28T20:38:21.662305+00:00,results/tables/gradient_diagnostics/resource_benchmarks/manifests/synthetic__synthetic-singular__synthetic__fixed-ry__L32__lr0.01__bs64__seed0__final__synthetic__synthetic-singular__synthetic__fixed-ry__L32__lr0.01__bs64__seed0__final.json,results/tables/gradient_diagnostics/resource_benchmarks/resource_samples/synthetic__synthetic-singular__synthetic__fixed-ry__L32__lr0.01__bs64__seed0__final__synthetic__synthetic-singular__synthetic__fixed-ry__L32__lr0.01__bs64__seed0__final.jsonl,"["".venv/bin/python3"", ""scripts/gradient_diagnostics.py"", ""--manifest"", ""results/tables/gradient_diagnostics/resource_benchmarks/manifests/synthetic__synthetic-singular__synthetic__fixed-ry__L32__lr0.01__bs64__seed0__final__synthetic__synthetic-singular__synthetic__fixed-ry__L32__lr0.01__bs64__seed0__final.json"", ""--mode"", ""final"", ""--runs-root"", ""results/runs"", ""--diagnostic-batch-size"", ""32"", ""--diagnostic-seed"", ""0"", ""--near-zero-tol"", ""1e-10"", ""--n-init-seeds"", ""20"", ""--fisher-batch-size"", ""32"", ""--output"", ""results/tables/gradient_diagnostics/resource_benchmarks/diagnostics/synthetic__synthetic-singular__synthetic__fixed-ry__L32__lr0.01__bs64__seed0__final__synthetic__synthetic-singular__synthetic__fixed-ry__L32__lr0.01__bs64__seed0__final.json""]",results/tables/gradient_diagnostics/resource_benchmarks/synthetic__synthetic-singular__synthetic__fixed-ry__L32__lr0.01__bs64__seed0__final_runs.csv
complete,synthetic,configs/experiments/synthetic.json,synthetic__synthetic-singular__synthetic__fixed-ry__L32__lr0.01__bs64__seed0__init,init,synthetic-singular__synthetic__fixed-ry__L32__lr0.01__bs64__seed0,synthetic-singular,synthetic,fixed-ry,32,0,0.01,64,0,411.98371609998867,results/tables/gradient_diagnostics/resource_benchmarks/diagnostics/synthetic__synthetic-singular__synthetic__fixed-ry__L32__lr0.01__bs64__seed0__init__synthetic__synthetic-singular__synthetic__fixed-ry__L32__lr0.01__bs64__seed0__init.json,1,1,"{""complete"": 1}",196,4752707584,4532.53515625,141.7219457378086,130.34488690797735,469.037155,86.21847100000001,555.255626,4756275200,4535.9375,True,196,100.0,7.341836734693878,72675.0,72666.0,2026-05-28T15:56:12.338069+00:00,2026-05-28T16:03:04.321793+00:00,results/tables/gradient_diagnostics/resource_benchmarks/manifests/synthetic__synthetic-singular__synthetic__fixed-ry__L32__lr0.01__bs64__seed0__init__synthetic__synthetic-singular__synthetic__fixed-ry__L32__lr0.01__bs64__seed0__init.json,results/tables/gradient_diagnostics/resource_benchmarks/resource_samples/synthetic__synthetic-singular__synthetic__fixed-ry__L32__lr0.01__bs64__seed0__init__synthetic__synthetic-singular__synthetic__fixed-ry__L32__lr0.01__bs64__seed0__init.jsonl,"["".venv/bin/python3"", ""scripts/gradient_diagnostics.py"", ""--manifest"", ""results/tables/gradient_diagnostics/resource_benchmarks/manifests/synthetic__synthetic-singular__synthetic__fixed-ry__L32__lr0.01__bs64__seed0__init__synthetic__synthetic-singular__synthetic__fixed-ry__L32__lr0.01__bs64__seed0__init.json"", ""--mode"", ""init"", ""--runs-root"", ""results/runs"", ""--diagnostic-batch-size"", ""32"", ""--diagnostic-seed"", ""0"", ""--near-zero-tol"", ""1e-10"", ""--n-init-seeds"", ""20"", ""--fisher-batch-size"", ""32"", ""--output"", ""results/tables/gradient_diagnostics/resource_benchmarks/diagnostics/synthetic__synthetic-singular__synthetic__fixed-ry__L32__lr0.01__bs64__seed0__init__synthetic__synthetic-singular__synthetic__fixed-ry__L32__lr0.01__bs64__seed0__init.json""]",results/tables/gradient_diagnostics/resource_benchmarks/synthetic__synthetic-singular__synthetic__fixed-ry__L32__lr0.01__bs64__seed0__init_runs.csv
complete,synthetic,configs/experiments/synthetic.json,synthetic__synthetic-singular__synthetic__fixed-ry__L8__lr0.01__bs64__seed0__checkpoints,checkpoints,synthetic-singular__synthetic__fixed-ry__L8__lr0.01__bs64__seed0,synthetic-singular,synthetic,fixed-ry,8,0,0.01,64,0,118.64460232900456,results/tables/gradient_diagnostics/resource_benchmarks/diagnostics/synthetic__synthetic-singular__synthetic__fixed-ry__L8__lr0.01__bs64__seed0__checkpoints__synthetic__synthetic-singular__synthetic__fixed-ry__L8__lr0.01__bs64__seed0__checkpoints.json,8,8,"{""complete"": 8}",57,4473925632,4266.66796875,139.8949199604712,116.78931999285932,128.33277700000002,21.783188000000003,150.11596500000002,4569309184,4357.6328125,True,57,100.0,6.0,72675.0,72666.0,2026-05-28T19:37:35.247998+00:00,2026-05-28T19:39:33.892611+00:00,results/tables/gradient_diagnostics/resource_benchmarks/manifests/synthetic__synthetic-singular__synthetic__fixed-ry__L8__lr0.01__bs64__seed0__checkpoints__synthetic__synthetic-singular__synthetic__fixed-ry__L8__lr0.01__bs64__seed0__checkpoints.json,results/tables/gradient_diagnostics/resource_benchmarks/resource_samples/synthetic__synthetic-singular__synthetic__fixed-ry__L8__lr0.01__bs64__seed0__checkpoints__synthetic__synthetic-singular__synthetic__fixed-ry__L8__lr0.01__bs64__seed0__checkpoints.jsonl,"["".venv/bin/python3"", ""scripts/gradient_diagnostics.py"", ""--manifest"", ""results/tables/gradient_diagnostics/resource_benchmarks/manifests/synthetic__synthetic-singular__synthetic__fixed-ry__L8__lr0.01__bs64__seed0__checkpoints__synthetic__synthetic-singular__synthetic__fixed-ry__L8__lr0.01__bs64__seed0__checkpoints.json"", ""--mode"", ""checkpoints"", ""--runs-root"", ""results/runs"", ""--diagnostic-batch-size"", ""32"", ""--diagnostic-seed"", ""0"", ""--near-zero-tol"", ""1e-10"", ""--n-init-seeds"", ""20"", ""--fisher-batch-size"", ""32"", ""--output"", ""results/tables/gradient_diagnostics/resource_benchmarks/diagnostics/synthetic__synthetic-singular__synthetic__fixed-ry__L8__lr0.01__bs64__seed0__checkpoints__synthetic__synthetic-singular__synthetic__fixed-ry__L8__lr0.01__bs64__seed0__checkpoints.json""]",results/tables/gradient_diagnostics/resource_benchmarks/synthetic__synthetic-singular__synthetic__fixed-ry__L8__lr0.01__bs64__seed0__checkpoints_runs.csv
complete,synthetic,configs/experiments/synthetic.json,synthetic__synthetic-singular__synthetic__fixed-ry__L8__lr0.01__bs64__seed0__final,final,synthetic-singular__synthetic__fixed-ry__L8__lr0.01__bs64__seed0,synthetic-singular,synthetic,fixed-ry,8,0,0.01,64,0,48.961582764051855,results/tables/gradient_diagnostics/resource_benchmarks/diagnostics/synthetic__synthetic-singular__synthetic__fixed-ry__L8__lr0.01__bs64__seed0__final__synthetic__synthetic-singular__synthetic__fixed-ry__L8__lr0.01__bs64__seed0__final.json,1,1,"{""complete"": 1}",24,4582834176,4370.53125,140.08372331742348,100.89419136120034,51.788305,9.242207,61.030512,4585193472,4372.78125,True,24,100.0,5.416666666666667,72675.0,72666.0,2026-05-28T21:39:19.734088+00:00,2026-05-28T21:40:08.695682+00:00,results/tables/gradient_diagnostics/resource_benchmarks/manifests/synthetic__synthetic-singular__synthetic__fixed-ry__L8__lr0.01__bs64__seed0__final__synthetic__synthetic-singular__synthetic__fixed-ry__L8__lr0.01__bs64__seed0__final.json,results/tables/gradient_diagnostics/resource_benchmarks/resource_samples/synthetic__synthetic-singular__synthetic__fixed-ry__L8__lr0.01__bs64__seed0__final__synthetic__synthetic-singular__synthetic__fixed-ry__L8__lr0.01__bs64__seed0__final.jsonl,"["".venv/bin/python3"", ""scripts/gradient_diagnostics.py"", ""--manifest"", ""results/tables/gradient_diagnostics/resource_benchmarks/manifests/synthetic__synthetic-singular__synthetic__fixed-ry__L8__lr0.01__bs64__seed0__final__synthetic__synthetic-singular__synthetic__fixed-ry__L8__lr0.01__bs64__seed0__final.json"", ""--mode"", ""final"", ""--runs-root"", ""results/runs"", ""--diagnostic-batch-size"", ""32"", ""--diagnostic-seed"", ""0"", ""--near-zero-tol"", ""1e-10"", ""--n-init-seeds"", ""20"", ""--fisher-batch-size"", ""32"", ""--output"", ""results/tables/gradient_diagnostics/resource_benchmarks/diagnostics/synthetic__synthetic-singular__synthetic__fixed-ry__L8__lr0.01__bs64__seed0__final__synthetic__synthetic-singular__synthetic__fixed-ry__L8__lr0.01__bs64__seed0__final.json""]",results/tables/gradient_diagnostics/resource_benchmarks/synthetic__synthetic-singular__synthetic__fixed-ry__L8__lr0.01__bs64__seed0__final_runs.csv
complete,synthetic,configs/experiments/synthetic.json,synthetic__synthetic-singular__synthetic__fixed-ry__L8__lr0.01__bs64__seed0__init,init,synthetic-singular__synthetic__fixed-ry__L8__lr0.01__bs64__seed0,synthetic-singular,synthetic,fixed-ry,8,0,0.01,64,0,137.3790854770923,results/tables/gradient_diagnostics/resource_benchmarks/diagnostics/synthetic__synthetic-singular__synthetic__fixed-ry__L8__lr0.01__bs64__seed0__init__synthetic__synthetic-singular__synthetic__fixed-ry__L8__lr0.01__bs64__seed0__init.json,1,1,"{""complete"": 1}",66,4650434560,4435.0,141.19910880126707,120.25858049085059,153.265403,27.320811,180.58621399999998,4652498944,4436.96875,True,66,100.0,5.636363636363637,72677.0,72668.0,2026-05-28T19:28:00.159771+00:00,2026-05-28T19:30:17.538863+00:00,results/tables/gradient_diagnostics/resource_benchmarks/manifests/synthetic__synthetic-singular__synthetic__fixed-ry__L8__lr0.01__bs64__seed0__init__synthetic__synthetic-singular__synthetic__fixed-ry__L8__lr0.01__bs64__seed0__init.json,results/tables/gradient_diagnostics/resource_benchmarks/resource_samples/synthetic__synthetic-singular__synthetic__fixed-ry__L8__lr0.01__bs64__seed0__init__synthetic__synthetic-singular__synthetic__fixed-ry__L8__lr0.01__bs64__seed0__init.jsonl,"["".venv/bin/python3"", ""scripts/gradient_diagnostics.py"", ""--manifest"", ""results/tables/gradient_diagnostics/resource_benchmarks/manifests/synthetic__synthetic-singular__synthetic__fixed-ry__L8__lr0.01__bs64__seed0__init__synthetic__synthetic-singular__synthetic__fixed-ry__L8__lr0.01__bs64__seed0__init.json"", ""--mode"", ""init"", ""--runs-root"", ""results/runs"", ""--diagnostic-batch-size"", ""32"", ""--diagnostic-seed"", ""0"", ""--near-zero-tol"", ""1e-10"", ""--n-init-seeds"", ""20"", ""--fisher-batch-size"", ""32"", ""--output"", ""results/tables/gradient_diagnostics/resource_benchmarks/diagnostics/synthetic__synthetic-singular__synthetic__fixed-ry__L8__lr0.01__bs64__seed0__init__synthetic__synthetic-singular__synthetic__fixed-ry__L8__lr0.01__bs64__seed0__init.json""]",results/tables/gradient_diagnostics/resource_benchmarks/synthetic__synthetic-singular__synthetic__fixed-ry__L8__lr0.01__bs64__seed0__init_runs.csv
complete,synthetic,configs/experiments/synthetic.json,synthetic__synthetic-singular__synthetic__non-overlap-patch-block-hamiltonian__L1__lr0.01__bs64__seed0__checkpoints,checkpoints,synthetic-singular__synthetic__non-overlap-patch-block-hamiltonian__L1__lr0.01__bs64__seed0,synthetic-singular,synthetic,non-overlap-patch-block-hamiltonian,1,0,0.01,64,0,32.735586188035086,results/tables/gradient_diagnostics/resource_benchmarks/diagnostics/synthetic__synthetic-singular__synthetic__non-overlap-patch-block-hamiltonian__L1__lr0.01__bs64__seed0__checkpoints__synthetic__synthetic-singular__synthetic__non-overlap-patch-block-hamiltonian__L1__lr0.01__bs64__seed0__checkpoints.json,8,8,"{""complete"": 8}",16,4216332288,4021.0078125,136.17407684876872,92.27761715510685,30.124297,6.323112,36.447409,4319674368,4119.5625,True,16,52.0,3.9375,72675.0,72666.0,2026-05-28T22:19:13.816732+00:00,2026-05-28T22:19:46.552331+00:00,results/tables/gradient_diagnostics/resource_benchmarks/manifests/synthetic__synthetic-singular__synthetic__non-overlap-patch-block-hamiltonian__L1__lr0.01__bs64__seed0__checkpoints__synthetic__synthetic-singular__synthetic__non-overlap-patch-block-hamiltonian__L1__lr0.01__bs64__seed0__checkpoints.json,results/tables/gradient_diagnostics/resource_benchmarks/resource_samples/synthetic__synthetic-singular__synthetic__non-overlap-patch-block-hamiltonian__L1__lr0.01__bs64__seed0__checkpoints__synthetic__synthetic-singular__synthetic__non-overlap-patch-block-hamiltonian__L1__lr0.01__bs64__seed0__checkpoints.jsonl,"["".venv/bin/python3"", ""scripts/gradient_diagnostics.py"", ""--manifest"", ""results/tables/gradient_diagnostics/resource_benchmarks/manifests/synthetic__synthetic-singular__synthetic__non-overlap-patch-block-hamiltonian__L1__lr0.01__bs64__seed0__checkpoints__synthetic__synthetic-singular__synthetic__non-overlap-patch-block-hamiltonian__L1__lr0.01__bs64__seed0__checkpoints.json"", ""--mode"", ""checkpoints"", ""--runs-root"", ""results/runs"", ""--diagnostic-batch-size"", ""32"", ""--diagnostic-seed"", ""0"", ""--near-zero-tol"", ""1e-10"", ""--n-init-seeds"", ""20"", ""--fisher-batch-size"", ""32"", ""--output"", ""results/tables/gradient_diagnostics/resource_benchmarks/diagnostics/synthetic__synthetic-singular__synthetic__non-overlap-patch-block-hamiltonian__L1__lr0.01__bs64__seed0__checkpoints__synthetic__synthetic-singular__synthetic__non-overlap-patch-block-hamiltonian__L1__lr0.01__bs64__seed0__checkpoints.json""]",results/tables/gradient_diagnostics/resource_benchmarks/synthetic__synthetic-singular__synthetic__non-overlap-patch-block-hamiltonian__L1__lr0.01__bs64__seed0__checkpoints_runs.csv
complete,synthetic,configs/experiments/synthetic.json,synthetic__synthetic-singular__synthetic__non-overlap-patch-block-hamiltonian__L1__lr0.01__bs64__seed0__final,final,synthetic-singular__synthetic__non-overlap-patch-block-hamiltonian__L1__lr0.01__bs64__seed0,synthetic-singular,synthetic,non-overlap-patch-block-hamiltonian,1,0,0.01,64,0,28.419100921950303,results/tables/gradient_diagnostics/resource_benchmarks/diagnostics/synthetic__synthetic-singular__synthetic__non-overlap-patch-block-hamiltonian__L1__lr0.01__bs64__seed0__final__synthetic__synthetic-singular__synthetic__non-overlap-patch-block-hamiltonian__L1__lr0.01__bs64__seed0__final.json,1,1,"{""complete"": 1}",14,4170059776,3976.87890625,115.05486862468953,87.51956663086804,25.902711,5.284698,31.187409,4244283392,4047.6640625,True,14,57.0,4.142857142857143,72675.0,72666.0,2026-05-28T22:31:38.437436+00:00,2026-05-28T22:32:06.856544+00:00,results/tables/gradient_diagnostics/resource_benchmarks/manifests/synthetic__synthetic-singular__synthetic__non-overlap-patch-block-hamiltonian__L1__lr0.01__bs64__seed0__final__synthetic__synthetic-singular__synthetic__non-overlap-patch-block-hamiltonian__L1__lr0.01__bs64__seed0__final.json,results/tables/gradient_diagnostics/resource_benchmarks/resource_samples/synthetic__synthetic-singular__synthetic__non-overlap-patch-block-hamiltonian__L1__lr0.01__bs64__seed0__final__synthetic__synthetic-singular__synthetic__non-overlap-patch-block-hamiltonian__L1__lr0.01__bs64__seed0__final.jsonl,"["".venv/bin/python3"", ""scripts/gradient_diagnostics.py"", ""--manifest"", ""results/tables/gradient_diagnostics/resource_benchmarks/manifests/synthetic__synthetic-singular__synthetic__non-overlap-patch-block-hamiltonian__L1__lr0.01__bs64__seed0__final__synthetic__synthetic-singular__synthetic__non-overlap-patch-block-hamiltonian__L1__lr0.01__bs64__seed0__final.json"", ""--mode"", ""final"", ""--runs-root"", ""results/runs"", ""--diagnostic-batch-size"", ""32"", ""--diagnostic-seed"", ""0"", ""--near-zero-tol"", ""1e-10"", ""--n-init-seeds"", ""20"", ""--fisher-batch-size"", ""32"", ""--output"", ""results/tables/gradient_diagnostics/resource_benchmarks/diagnostics/synthetic__synthetic-singular__synthetic__non-overlap-patch-block-hamiltonian__L1__lr0.01__bs64__seed0__final__synthetic__synthetic-singular__synthetic__non-overlap-patch-block-hamiltonian__L1__lr0.01__bs64__seed0__final.json""]",results/tables/gradient_diagnostics/resource_benchmarks/synthetic__synthetic-singular__synthetic__non-overlap-patch-block-hamiltonian__L1__lr0.01__bs64__seed0__final_runs.csv
complete,synthetic,configs/experiments/synthetic.json,synthetic__synthetic-singular__synthetic__non-overlap-patch-block-hamiltonian__L1__lr0.01__bs64__seed0__init,init,synthetic-singular__synthetic__non-overlap-patch-block-hamiltonian__L1__lr0.01__bs64__seed0,synthetic-singular,synthetic,non-overlap-patch-block-hamiltonian,1,0,0.01,64,0,36.894827599986456,results/tables/gradient_diagnostics/resource_benchmarks/diagnostics/synthetic__synthetic-singular__synthetic__non-overlap-patch-block-hamiltonian__L1__lr0.01__bs64__seed0__init__synthetic__synthetic-singular__synthetic__non-overlap-patch-block-hamiltonian__L1__lr0.01__bs64__seed0__init.json,1,1,"{""complete"": 1}",18,4303306752,4103.953125,160.628199354074,97.61526534108498,37.115736999999996,7.22947,44.345206999999995,4364079104,4161.91015625,True,18,100.0,6.611111111111111,72675.0,72666.0,2026-05-28T21:49:59.815223+00:00,2026-05-28T21:50:36.710062+00:00,results/tables/gradient_diagnostics/resource_benchmarks/manifests/synthetic__synthetic-singular__synthetic__non-overlap-patch-block-hamiltonian__L1__lr0.01__bs64__seed0__init__synthetic__synthetic-singular__synthetic__non-overlap-patch-block-hamiltonian__L1__lr0.01__bs64__seed0__init.json,results/tables/gradient_diagnostics/resource_benchmarks/resource_samples/synthetic__synthetic-singular__synthetic__non-overlap-patch-block-hamiltonian__L1__lr0.01__bs64__seed0__init__synthetic__synthetic-singular__synthetic__non-overlap-patch-block-hamiltonian__L1__lr0.01__bs64__seed0__init.jsonl,"["".venv/bin/python3"", ""scripts/gradient_diagnostics.py"", ""--manifest"", ""results/tables/gradient_diagnostics/resource_benchmarks/manifests/synthetic__synthetic-singular__synthetic__non-overlap-patch-block-hamiltonian__L1__lr0.01__bs64__seed0__init__synthetic__synthetic-singular__synthetic__non-overlap-patch-block-hamiltonian__L1__lr0.01__bs64__seed0__init.json"", ""--mode"", ""init"", ""--runs-root"", ""results/runs"", ""--diagnostic-batch-size"", ""32"", ""--diagnostic-seed"", ""0"", ""--near-zero-tol"", ""1e-10"", ""--n-init-seeds"", ""20"", ""--fisher-batch-size"", ""32"", ""--output"", ""results/tables/gradient_diagnostics/resource_benchmarks/diagnostics/synthetic__synthetic-singular__synthetic__non-overlap-patch-block-hamiltonian__L1__lr0.01__bs64__seed0__init__synthetic__synthetic-singular__synthetic__non-overlap-patch-block-hamiltonian__L1__lr0.01__bs64__seed0__init.json""]",results/tables/gradient_diagnostics/resource_benchmarks/synthetic__synthetic-singular__synthetic__non-overlap-patch-block-hamiltonian__L1__lr0.01__bs64__seed0__init_runs.csv
complete,synthetic,configs/experiments/synthetic.json,synthetic__synthetic-singular__synthetic__non-overlap-patch-block-hamiltonian__L32__lr0.01__bs64__seed0__checkpoints,checkpoints,synthetic-singular__synthetic__non-overlap-patch-block-hamiltonian__L32__lr0.01__bs64__seed0,synthetic-singular,synthetic,non-overlap-patch-block-hamiltonian,32,0,0.01,64,0,180.80101688299328,results/tables/gradient_diagnostics/resource_benchmarks/diagnostics/synthetic__synthetic-singular__synthetic__non-overlap-patch-block-hamiltonian__L32__lr0.01__bs64__seed0__checkpoints__synthetic__synthetic-singular__synthetic__non-overlap-patch-block-hamiltonian__L32__lr0.01__bs64__seed0__checkpoints.json,8,8,"{""complete"": 8}",86,4742905856,4523.1875,143.0973195982903,119.86633474345345,193.61219499999999,34.097508,227.709703,4800442368,4578.05859375,True,86,40.0,3.2325581395348837,72675.0,72666.0,2026-05-28T18:46:55.888299+00:00,2026-05-28T18:49:56.689328+00:00,results/tables/gradient_diagnostics/resource_benchmarks/manifests/synthetic__synthetic-singular__synthetic__non-overlap-patch-block-hamiltonian__L32__lr0.01__bs64__seed0__checkpoints__synthetic__synthetic-singular__synthetic__non-overlap-patch-block-hamiltonian__L32__lr0.01__bs64__seed0__checkpoints.json,results/tables/gradient_diagnostics/resource_benchmarks/resource_samples/synthetic__synthetic-singular__synthetic__non-overlap-patch-block-hamiltonian__L32__lr0.01__bs64__seed0__checkpoints__synthetic__synthetic-singular__synthetic__non-overlap-patch-block-hamiltonian__L32__lr0.01__bs64__seed0__checkpoints.jsonl,"["".venv/bin/python3"", ""scripts/gradient_diagnostics.py"", ""--manifest"", ""results/tables/gradient_diagnostics/resource_benchmarks/manifests/synthetic__synthetic-singular__synthetic__non-overlap-patch-block-hamiltonian__L32__lr0.01__bs64__seed0__checkpoints__synthetic__synthetic-singular__synthetic__non-overlap-patch-block-hamiltonian__L32__lr0.01__bs64__seed0__checkpoints.json"", ""--mode"", ""checkpoints"", ""--runs-root"", ""results/runs"", ""--diagnostic-batch-size"", ""32"", ""--diagnostic-seed"", ""0"", ""--near-zero-tol"", ""1e-10"", ""--n-init-seeds"", ""20"", ""--fisher-batch-size"", ""32"", ""--output"", ""results/tables/gradient_diagnostics/resource_benchmarks/diagnostics/synthetic__synthetic-singular__synthetic__non-overlap-patch-block-hamiltonian__L32__lr0.01__bs64__seed0__checkpoints__synthetic__synthetic-singular__synthetic__non-overlap-patch-block-hamiltonian__L32__lr0.01__bs64__seed0__checkpoints.json""]",results/tables/gradient_diagnostics/resource_benchmarks/synthetic__synthetic-singular__synthetic__non-overlap-patch-block-hamiltonian__L32__lr0.01__bs64__seed0__checkpoints_runs.csv
complete,synthetic,configs/experiments/synthetic.json,synthetic__synthetic-singular__synthetic__non-overlap-patch-block-hamiltonian__L32__lr0.01__bs64__seed0__final,final,synthetic-singular__synthetic__non-overlap-patch-block-hamiltonian__L32__lr0.01__bs64__seed0,synthetic-singular,synthetic,non-overlap-patch-block-hamiltonian,32,0,0.01,64,0,57.132764435024,results/tables/gradient_diagnostics/resource_benchmarks/diagnostics/synthetic__synthetic-singular__synthetic__non-overlap-patch-block-hamiltonian__L32__lr0.01__bs64__seed0__final__synthetic__synthetic-singular__synthetic__non-overlap-patch-block-hamiltonian__L32__lr0.01__bs64__seed0__final.json,1,1,"{""complete"": 1}",28,4709003264,4490.85546875,142.0617931315669,98.04454597048563,55.953664,10.569007,66.522671,4798033920,4575.76171875,True,28,30.0,2.142857142857143,72675.0,72666.0,2026-05-28T21:27:40.011114+00:00,2026-05-28T21:28:37.143890+00:00,results/tables/gradient_diagnostics/resource_benchmarks/manifests/synthetic__synthetic-singular__synthetic__non-overlap-patch-block-hamiltonian__L32__lr0.01__bs64__seed0__final__synthetic__synthetic-singular__synthetic__non-overlap-patch-block-hamiltonian__L32__lr0.01__bs64__seed0__final.json,results/tables/gradient_diagnostics/resource_benchmarks/resource_samples/synthetic__synthetic-singular__synthetic__non-overlap-patch-block-hamiltonian__L32__lr0.01__bs64__seed0__final__synthetic__synthetic-singular__synthetic__non-overlap-patch-block-hamiltonian__L32__lr0.01__bs64__seed0__final.jsonl,"["".venv/bin/python3"", ""scripts/gradient_diagnostics.py"", ""--manifest"", ""results/tables/gradient_diagnostics/resource_benchmarks/manifests/synthetic__synthetic-singular__synthetic__non-overlap-patch-block-hamiltonian__L32__lr0.01__bs64__seed0__final__synthetic__synthetic-singular__synthetic__non-overlap-patch-block-hamiltonian__L32__lr0.01__bs64__seed0__final.json"", ""--mode"", ""final"", ""--runs-root"", ""results/runs"", ""--diagnostic-batch-size"", ""32"", ""--diagnostic-seed"", ""0"", ""--near-zero-tol"", ""1e-10"", ""--n-init-seeds"", ""20"", ""--fisher-batch-size"", ""32"", ""--output"", ""results/tables/gradient_diagnostics/resource_benchmarks/diagnostics/synthetic__synthetic-singular__synthetic__non-overlap-patch-block-hamiltonian__L32__lr0.01__bs64__seed0__final__synthetic__synthetic-singular__synthetic__non-overlap-patch-block-hamiltonian__L32__lr0.01__bs64__seed0__final.json""]",results/tables/gradient_diagnostics/resource_benchmarks/synthetic__synthetic-singular__synthetic__non-overlap-patch-block-hamiltonian__L32__lr0.01__bs64__seed0__final_runs.csv
complete,synthetic,configs/experiments/synthetic.json,synthetic__synthetic-singular__synthetic__non-overlap-patch-block-hamiltonian__L32__lr0.01__bs64__seed0__init,init,synthetic-singular__synthetic__non-overlap-patch-block-hamiltonian__L32__lr0.01__bs64__seed0,synthetic-singular,synthetic,non-overlap-patch-block-hamiltonian,32,0,0.01,64,0,214.66432379605249,results/tables/gradient_diagnostics/resource_benchmarks/diagnostics/synthetic__synthetic-singular__synthetic__non-overlap-patch-block-hamiltonian__L32__lr0.01__bs64__seed0__init__synthetic__synthetic-singular__synthetic__non-overlap-patch-block-hamiltonian__L32__lr0.01__bs64__seed0__init.json,1,1,"{""complete"": 1}",102,4825157632,4601.62890625,142.54774130630406,123.70727096424876,237.270121,43.638841,280.908962,4834361344,4610.40625,True,102,70.0,3.872549019607843,72677.0,72668.0,2026-05-28T17:38:54.863124+00:00,2026-05-28T17:42:29.527459+00:00,results/tables/gradient_diagnostics/resource_benchmarks/manifests/synthetic__synthetic-singular__synthetic__non-overlap-patch-block-hamiltonian__L32__lr0.01__bs64__seed0__init__synthetic__synthetic-singular__synthetic__non-overlap-patch-block-hamiltonian__L32__lr0.01__bs64__seed0__init.json,results/tables/gradient_diagnostics/resource_benchmarks/resource_samples/synthetic__synthetic-singular__synthetic__non-overlap-patch-block-hamiltonian__L32__lr0.01__bs64__seed0__init__synthetic__synthetic-singular__synthetic__non-overlap-patch-block-hamiltonian__L32__lr0.01__bs64__seed0__init.jsonl,"["".venv/bin/python3"", ""scripts/gradient_diagnostics.py"", ""--manifest"", ""results/tables/gradient_diagnostics/resource_benchmarks/manifests/synthetic__synthetic-singular__synthetic__non-overlap-patch-block-hamiltonian__L32__lr0.01__bs64__seed0__init__synthetic__synthetic-singular__synthetic__non-overlap-patch-block-hamiltonian__L32__lr0.01__bs64__seed0__init.json"", ""--mode"", ""init"", ""--runs-root"", ""results/runs"", ""--diagnostic-batch-size"", ""32"", ""--diagnostic-seed"", ""0"", ""--near-zero-tol"", ""1e-10"", ""--n-init-seeds"", ""20"", ""--fisher-batch-size"", ""32"", ""--output"", ""results/tables/gradient_diagnostics/resource_benchmarks/diagnostics/synthetic__synthetic-singular__synthetic__non-overlap-patch-block-hamiltonian__L32__lr0.01__bs64__seed0__init__synthetic__synthetic-singular__synthetic__non-overlap-patch-block-hamiltonian__L32__lr0.01__bs64__seed0__init.json""]",results/tables/gradient_diagnostics/resource_benchmarks/synthetic__synthetic-singular__synthetic__non-overlap-patch-block-hamiltonian__L32__lr0.01__bs64__seed0__init_runs.csv
complete,synthetic,configs/experiments/synthetic.json,synthetic__synthetic-singular__synthetic__non-overlap-patch-block-hamiltonian__L8__lr0.01__bs64__seed0__checkpoints,checkpoints,synthetic-singular__synthetic__non-overlap-patch-block-hamiltonian__L8__lr0.01__bs64__seed0,synthetic-singular,synthetic,non-overlap-patch-block-hamiltonian,8,0,0.01,64,0,64.04876077303197,results/tables/gradient_diagnostics/resource_benchmarks/diagnostics/synthetic__synthetic-singular__synthetic__non-overlap-patch-block-hamiltonian__L8__lr0.01__bs64__seed0__checkpoints__synthetic__synthetic-singular__synthetic__non-overlap-patch-block-hamiltonian__L8__lr0.01__bs64__seed0__checkpoints.json,8,8,"{""complete"": 8}",31,4339957760,4138.90625,139.30507933388947,111.9012015460387,66.92187799999999,12.627592,79.54946999999999,4409016320,4204.765625,True,31,100.0,5.096774193548387,72675.0,72666.0,2026-05-28T20:46:45.553847+00:00,2026-05-28T20:47:49.602620+00:00,results/tables/gradient_diagnostics/resource_benchmarks/manifests/synthetic__synthetic-singular__synthetic__non-overlap-patch-block-hamiltonian__L8__lr0.01__bs64__seed0__checkpoints__synthetic__synthetic-singular__synthetic__non-overlap-patch-block-hamiltonian__L8__lr0.01__bs64__seed0__checkpoints.json,results/tables/gradient_diagnostics/resource_benchmarks/resource_samples/synthetic__synthetic-singular__synthetic__non-overlap-patch-block-hamiltonian__L8__lr0.01__bs64__seed0__checkpoints__synthetic__synthetic-singular__synthetic__non-overlap-patch-block-hamiltonian__L8__lr0.01__bs64__seed0__checkpoints.jsonl,"["".venv/bin/python3"", ""scripts/gradient_diagnostics.py"", ""--manifest"", ""results/tables/gradient_diagnostics/resource_benchmarks/manifests/synthetic__synthetic-singular__synthetic__non-overlap-patch-block-hamiltonian__L8__lr0.01__bs64__seed0__checkpoints__synthetic__synthetic-singular__synthetic__non-overlap-patch-block-hamiltonian__L8__lr0.01__bs64__seed0__checkpoints.json"", ""--mode"", ""checkpoints"", ""--runs-root"", ""results/runs"", ""--diagnostic-batch-size"", ""32"", ""--diagnostic-seed"", ""0"", ""--near-zero-tol"", ""1e-10"", ""--n-init-seeds"", ""20"", ""--fisher-batch-size"", ""32"", ""--output"", ""results/tables/gradient_diagnostics/resource_benchmarks/diagnostics/synthetic__synthetic-singular__synthetic__non-overlap-patch-block-hamiltonian__L8__lr0.01__bs64__seed0__checkpoints__synthetic__synthetic-singular__synthetic__non-overlap-patch-block-hamiltonian__L8__lr0.01__bs64__seed0__checkpoints.json""]",results/tables/gradient_diagnostics/resource_benchmarks/synthetic__synthetic-singular__synthetic__non-overlap-patch-block-hamiltonian__L8__lr0.01__bs64__seed0__checkpoints_runs.csv
complete,synthetic,configs/experiments/synthetic.json,synthetic__synthetic-singular__synthetic__non-overlap-patch-block-hamiltonian__L8__lr0.01__bs64__seed0__final,final,synthetic-singular__synthetic__non-overlap-patch-block-hamiltonian__L8__lr0.01__bs64__seed0,synthetic-singular,synthetic,non-overlap-patch-block-hamiltonian,8,0,0.01,64,0,36.48227744200267,results/tables/gradient_diagnostics/resource_benchmarks/diagnostics/synthetic__synthetic-singular__synthetic__non-overlap-patch-block-hamiltonian__L8__lr0.01__bs64__seed0__final__synthetic__synthetic-singular__synthetic__non-overlap-patch-block-hamiltonian__L8__lr0.01__bs64__seed0__final.json,1,1,"{""complete"": 1}",18,4338696192,4137.703125,122.1764875801163,87.93405286374956,33.027359999999994,6.733989,39.761348999999996,4418936832,4214.2265625,True,18,81.0,5.111111111111111,72675.0,72666.0,2026-05-28T22:03:37.904955+00:00,2026-05-28T22:04:14.387245+00:00,results/tables/gradient_diagnostics/resource_benchmarks/manifests/synthetic__synthetic-singular__synthetic__non-overlap-patch-block-hamiltonian__L8__lr0.01__bs64__seed0__final__synthetic__synthetic-singular__synthetic__non-overlap-patch-block-hamiltonian__L8__lr0.01__bs64__seed0__final.json,results/tables/gradient_diagnostics/resource_benchmarks/resource_samples/synthetic__synthetic-singular__synthetic__non-overlap-patch-block-hamiltonian__L8__lr0.01__bs64__seed0__final__synthetic__synthetic-singular__synthetic__non-overlap-patch-block-hamiltonian__L8__lr0.01__bs64__seed0__final.jsonl,"["".venv/bin/python3"", ""scripts/gradient_diagnostics.py"", ""--manifest"", ""results/tables/gradient_diagnostics/resource_benchmarks/manifests/synthetic__synthetic-singular__synthetic__non-overlap-patch-block-hamiltonian__L8__lr0.01__bs64__seed0__final__synthetic__synthetic-singular__synthetic__non-overlap-patch-block-hamiltonian__L8__lr0.01__bs64__seed0__final.json"", ""--mode"", ""final"", ""--runs-root"", ""results/runs"", ""--diagnostic-batch-size"", ""32"", ""--diagnostic-seed"", ""0"", ""--near-zero-tol"", ""1e-10"", ""--n-init-seeds"", ""20"", ""--fisher-batch-size"", ""32"", ""--output"", ""results/tables/gradient_diagnostics/resource_benchmarks/diagnostics/synthetic__synthetic-singular__synthetic__non-overlap-patch-block-hamiltonian__L8__lr0.01__bs64__seed0__final__synthetic__synthetic-singular__synthetic__non-overlap-patch-block-hamiltonian__L8__lr0.01__bs64__seed0__final.json""]",results/tables/gradient_diagnostics/resource_benchmarks/synthetic__synthetic-singular__synthetic__non-overlap-patch-block-hamiltonian__L8__lr0.01__bs64__seed0__final_runs.csv
complete,synthetic,configs/experiments/synthetic.json,synthetic__synthetic-singular__synthetic__non-overlap-patch-block-hamiltonian__L8__lr0.01__bs64__seed0__init,init,synthetic-singular__synthetic__non-overlap-patch-block-hamiltonian__L8__lr0.01__bs64__seed0,synthetic-singular,synthetic,non-overlap-patch-block-hamiltonian,8,0,0.01,64,0,80.5160512329312,results/tables/gradient_diagnostics/resource_benchmarks/diagnostics/synthetic__synthetic-singular__synthetic__non-overlap-patch-block-hamiltonian__L8__lr0.01__bs64__seed0__init__synthetic__synthetic-singular__synthetic__non-overlap-patch-block-hamiltonian__L8__lr0.01__bs64__seed0__init.json,1,1,"{""complete"": 1}",39,4436484096,4230.9609375,141.16571226757722,109.81558621220871,84.355936,16.007915,100.363851,4529098752,4319.28515625,True,39,14.0,2.3846153846153846,72677.0,72668.0,2026-05-28T20:02:28.490868+00:00,2026-05-28T20:03:49.006930+00:00,results/tables/gradient_diagnostics/resource_benchmarks/manifests/synthetic__synthetic-singular__synthetic__non-overlap-patch-block-hamiltonian__L8__lr0.01__bs64__seed0__init__synthetic__synthetic-singular__synthetic__non-overlap-patch-block-hamiltonian__L8__lr0.01__bs64__seed0__init.json,results/tables/gradient_diagnostics/resource_benchmarks/resource_samples/synthetic__synthetic-singular__synthetic__non-overlap-patch-block-hamiltonian__L8__lr0.01__bs64__seed0__init__synthetic__synthetic-singular__synthetic__non-overlap-patch-block-hamiltonian__L8__lr0.01__bs64__seed0__init.jsonl,"["".venv/bin/python3"", ""scripts/gradient_diagnostics.py"", ""--manifest"", ""results/tables/gradient_diagnostics/resource_benchmarks/manifests/synthetic__synthetic-singular__synthetic__non-overlap-patch-block-hamiltonian__L8__lr0.01__bs64__seed0__init__synthetic__synthetic-singular__synthetic__non-overlap-patch-block-hamiltonian__L8__lr0.01__bs64__seed0__init.json"", ""--mode"", ""init"", ""--runs-root"", ""results/runs"", ""--diagnostic-batch-size"", ""32"", ""--diagnostic-seed"", ""0"", ""--near-zero-tol"", ""1e-10"", ""--n-init-seeds"", ""20"", ""--fisher-batch-size"", ""32"", ""--output"", ""results/tables/gradient_diagnostics/resource_benchmarks/diagnostics/synthetic__synthetic-singular__synthetic__non-overlap-patch-block-hamiltonian__L8__lr0.01__bs64__seed0__init__synthetic__synthetic-singular__synthetic__non-overlap-patch-block-hamiltonian__L8__lr0.01__bs64__seed0__init.json""]",results/tables/gradient_diagnostics/resource_benchmarks/synthetic__synthetic-singular__synthetic__non-overlap-patch-block-hamiltonian__L8__lr0.01__bs64__seed0__init_runs.csv
complete,synthetic,configs/experiments/synthetic.json,synthetic__synthetic-singular__synthetic__patch-su4__L1__lr0.01__bs64__seed0__checkpoints,checkpoints,synthetic-singular__synthetic__patch-su4__L1__lr0.01__bs64__seed0,synthetic-singular,synthetic,patch-su4,1,0,0.01,64,0,27.60942073597107,results/tables/gradient_diagnostics/resource_benchmarks/diagnostics/synthetic__synthetic-singular__synthetic__patch-su4__L1__lr0.01__bs64__seed0__checkpoints__synthetic__synthetic-singular__synthetic__patch-su4__L1__lr0.01__bs64__seed0__checkpoints.json,8,8,"{""complete"": 8}",14,4203950080,4009.19921875,142.02679768643364,101.24327322147785,27.876891999999998,5.572186,33.449078,4206772224,4011.890625,True,14,100.0,7.928571428571429,72675.0,72666.0,2026-05-28T22:47:48.195877+00:00,2026-05-28T22:48:15.805304+00:00,results/tables/gradient_diagnostics/resource_benchmarks/manifests/synthetic__synthetic-singular__synthetic__patch-su4__L1__lr0.01__bs64__seed0__checkpoints__synthetic__synthetic-singular__synthetic__patch-su4__L1__lr0.01__bs64__seed0__checkpoints.json,results/tables/gradient_diagnostics/resource_benchmarks/resource_samples/synthetic__synthetic-singular__synthetic__patch-su4__L1__lr0.01__bs64__seed0__checkpoints__synthetic__synthetic-singular__synthetic__patch-su4__L1__lr0.01__bs64__seed0__checkpoints.jsonl,"["".venv/bin/python3"", ""scripts/gradient_diagnostics.py"", ""--manifest"", ""results/tables/gradient_diagnostics/resource_benchmarks/manifests/synthetic__synthetic-singular__synthetic__patch-su4__L1__lr0.01__bs64__seed0__checkpoints__synthetic__synthetic-singular__synthetic__patch-su4__L1__lr0.01__bs64__seed0__checkpoints.json"", ""--mode"", ""checkpoints"", ""--runs-root"", ""results/runs"", ""--diagnostic-batch-size"", ""32"", ""--diagnostic-seed"", ""0"", ""--near-zero-tol"", ""1e-10"", ""--n-init-seeds"", ""20"", ""--fisher-batch-size"", ""32"", ""--output"", ""results/tables/gradient_diagnostics/resource_benchmarks/diagnostics/synthetic__synthetic-singular__synthetic__patch-su4__L1__lr0.01__bs64__seed0__checkpoints__synthetic__synthetic-singular__synthetic__patch-su4__L1__lr0.01__bs64__seed0__checkpoints.json""]",results/tables/gradient_diagnostics/resource_benchmarks/synthetic__synthetic-singular__synthetic__patch-su4__L1__lr0.01__bs64__seed0__checkpoints_runs.csv
complete,synthetic,configs/experiments/synthetic.json,synthetic__synthetic-singular__synthetic__patch-su4__L1__lr0.01__bs64__seed0__final,final,synthetic-singular__synthetic__patch-su4__L1__lr0.01__bs64__seed0,synthetic-singular,synthetic,patch-su4,1,0,0.01,64,0,23.268802401958965,results/tables/gradient_diagnostics/resource_benchmarks/diagnostics/synthetic__synthetic-singular__synthetic__patch-su4__L1__lr0.01__bs64__seed0__final__synthetic__synthetic-singular__synthetic__patch-su4__L1__lr0.01__bs64__seed0__final.json,1,1,"{""complete"": 1}",12,4132298752,3940.8671875,114.73902451436724,96.76323254645,22.735368,4.7154,27.450768,4250669056,4053.75390625,True,12,84.0,12.083333333333334,72675.0,72666.0,2026-05-28T22:41:19.990642+00:00,2026-05-28T22:41:43.259451+00:00,results/tables/gradient_diagnostics/resource_benchmarks/manifests/synthetic__synthetic-singular__synthetic__patch-su4__L1__lr0.01__bs64__seed0__final__synthetic__synthetic-singular__synthetic__patch-su4__L1__lr0.01__bs64__seed0__final.json,results/tables/gradient_diagnostics/resource_benchmarks/resource_samples/synthetic__synthetic-singular__synthetic__patch-su4__L1__lr0.01__bs64__seed0__final__synthetic__synthetic-singular__synthetic__patch-su4__L1__lr0.01__bs64__seed0__final.jsonl,"["".venv/bin/python3"", ""scripts/gradient_diagnostics.py"", ""--manifest"", ""results/tables/gradient_diagnostics/resource_benchmarks/manifests/synthetic__synthetic-singular__synthetic__patch-su4__L1__lr0.01__bs64__seed0__final__synthetic__synthetic-singular__synthetic__patch-su4__L1__lr0.01__bs64__seed0__final.json"", ""--mode"", ""final"", ""--runs-root"", ""results/runs"", ""--diagnostic-batch-size"", ""32"", ""--diagnostic-seed"", ""0"", ""--near-zero-tol"", ""1e-10"", ""--n-init-seeds"", ""20"", ""--fisher-batch-size"", ""32"", ""--output"", ""results/tables/gradient_diagnostics/resource_benchmarks/diagnostics/synthetic__synthetic-singular__synthetic__patch-su4__L1__lr0.01__bs64__seed0__final__synthetic__synthetic-singular__synthetic__patch-su4__L1__lr0.01__bs64__seed0__final.json""]",results/tables/gradient_diagnostics/resource_benchmarks/synthetic__synthetic-singular__synthetic__patch-su4__L1__lr0.01__bs64__seed0__final_runs.csv
complete,synthetic,configs/experiments/synthetic.json,synthetic__synthetic-singular__synthetic__patch-su4__L1__lr0.01__bs64__seed0__init,init,synthetic-singular__synthetic__patch-su4__L1__lr0.01__bs64__seed0,synthetic-singular,synthetic,patch-su4,1,0,0.01,64,0,31.543860000092536,results/tables/gradient_diagnostics/resource_benchmarks/diagnostics/synthetic__synthetic-singular__synthetic__patch-su4__L1__lr0.01__bs64__seed0__init__synthetic__synthetic-singular__synthetic__patch-su4__L1__lr0.01__bs64__seed0__init.json,1,1,"{""complete"": 1}",15,4191391744,3997.22265625,149.1353978271641,106.71663595455018,33.640725,6.413226,40.053951000000005,4233875456,4037.73828125,True,15,82.0,6.933333333333334,72675.0,72666.0,2026-05-28T22:09:30.929597+00:00,2026-05-28T22:10:02.473470+00:00,results/tables/gradient_diagnostics/resource_benchmarks/manifests/synthetic__synthetic-singular__synthetic__patch-su4__L1__lr0.01__bs64__seed0__init__synthetic__synthetic-singular__synthetic__patch-su4__L1__lr0.01__bs64__seed0__init.json,results/tables/gradient_diagnostics/resource_benchmarks/resource_samples/synthetic__synthetic-singular__synthetic__patch-su4__L1__lr0.01__bs64__seed0__init__synthetic__synthetic-singular__synthetic__patch-su4__L1__lr0.01__bs64__seed0__init.jsonl,"["".venv/bin/python3"", ""scripts/gradient_diagnostics.py"", ""--manifest"", ""results/tables/gradient_diagnostics/resource_benchmarks/manifests/synthetic__synthetic-singular__synthetic__patch-su4__L1__lr0.01__bs64__seed0__init__synthetic__synthetic-singular__synthetic__patch-su4__L1__lr0.01__bs64__seed0__init.json"", ""--mode"", ""init"", ""--runs-root"", ""results/runs"", ""--diagnostic-batch-size"", ""32"", ""--diagnostic-seed"", ""0"", ""--near-zero-tol"", ""1e-10"", ""--n-init-seeds"", ""20"", ""--fisher-batch-size"", ""32"", ""--output"", ""results/tables/gradient_diagnostics/resource_benchmarks/diagnostics/synthetic__synthetic-singular__synthetic__patch-su4__L1__lr0.01__bs64__seed0__init__synthetic__synthetic-singular__synthetic__patch-su4__L1__lr0.01__bs64__seed0__init.json""]",results/tables/gradient_diagnostics/resource_benchmarks/synthetic__synthetic-singular__synthetic__patch-su4__L1__lr0.01__bs64__seed0__init_runs.csv
complete,synthetic,configs/experiments/synthetic.json,synthetic__synthetic-singular__synthetic__patch-su4__L32__lr0.01__bs64__seed0__checkpoints,checkpoints,synthetic-singular__synthetic__patch-su4__L32__lr0.01__bs64__seed0,synthetic-singular,synthetic,patch-su4,32,0,0.01,64,0,190.85841797897592,results/tables/gradient_diagnostics/resource_benchmarks/diagnostics/synthetic__synthetic-singular__synthetic__patch-su4__L32__lr0.01__bs64__seed0__checkpoints__synthetic__synthetic-singular__synthetic__patch-su4__L32__lr0.01__bs64__seed0__checkpoints.json,8,8,"{""complete"": 8}",91,4256907264,4059.703125,150.41517230671832,131.27555819904916,215.71252,42.786259,258.498779,4343865344,4142.6328125,True,91,100.0,4.549450549450549,72675.0,72666.0,2026-05-28T18:21:24.688055+00:00,2026-05-28T18:24:35.546484+00:00,results/tables/gradient_diagnostics/resource_benchmarks/manifests/synthetic__synthetic-singular__synthetic__patch-su4__L32__lr0.01__bs64__seed0__checkpoints__synthetic__synthetic-singular__synthetic__patch-su4__L32__lr0.01__bs64__seed0__checkpoints.json,results/tables/gradient_diagnostics/resource_benchmarks/resource_samples/synthetic__synthetic-singular__synthetic__patch-su4__L32__lr0.01__bs64__seed0__checkpoints__synthetic__synthetic-singular__synthetic__patch-su4__L32__lr0.01__bs64__seed0__checkpoints.jsonl,"["".venv/bin/python3"", ""scripts/gradient_diagnostics.py"", ""--manifest"", ""results/tables/gradient_diagnostics/resource_benchmarks/manifests/synthetic__synthetic-singular__synthetic__patch-su4__L32__lr0.01__bs64__seed0__checkpoints__synthetic__synthetic-singular__synthetic__patch-su4__L32__lr0.01__bs64__seed0__checkpoints.json"", ""--mode"", ""checkpoints"", ""--runs-root"", ""results/runs"", ""--diagnostic-batch-size"", ""32"", ""--diagnostic-seed"", ""0"", ""--near-zero-tol"", ""1e-10"", ""--n-init-seeds"", ""20"", ""--fisher-batch-size"", ""32"", ""--output"", ""results/tables/gradient_diagnostics/resource_benchmarks/diagnostics/synthetic__synthetic-singular__synthetic__patch-su4__L32__lr0.01__bs64__seed0__checkpoints__synthetic__synthetic-singular__synthetic__patch-su4__L32__lr0.01__bs64__seed0__checkpoints.json""]",results/tables/gradient_diagnostics/resource_benchmarks/synthetic__synthetic-singular__synthetic__patch-su4__L32__lr0.01__bs64__seed0__checkpoints_runs.csv
complete,synthetic,configs/experiments/synthetic.json,synthetic__synthetic-singular__synthetic__patch-su4__L32__lr0.01__bs64__seed0__final,final,synthetic-singular__synthetic__patch-su4__L32__lr0.01__bs64__seed0,synthetic-singular,synthetic,patch-su4,32,0,0.01,64,0,55.31279228697531,results/tables/gradient_diagnostics/resource_benchmarks/diagnostics/synthetic__synthetic-singular__synthetic__patch-su4__L32__lr0.01__bs64__seed0__final__synthetic__synthetic-singular__synthetic__patch-su4__L32__lr0.01__bs64__seed0__final.json,1,1,"{""complete"": 1}",27,4287549440,4088.92578125,158.48419250703995,94.66368195703353,49.329967999999994,10.223364,59.553332,4291215360,4092.421875,True,27,5.0,1.5555555555555556,72675.0,72666.0,2026-05-28T21:41:09.039671+00:00,2026-05-28T21:42:04.352476+00:00,results/tables/gradient_diagnostics/resource_benchmarks/manifests/synthetic__synthetic-singular__synthetic__patch-su4__L32__lr0.01__bs64__seed0__final__synthetic__synthetic-singular__synthetic__patch-su4__L32__lr0.01__bs64__seed0__final.json,results/tables/gradient_diagnostics/resource_benchmarks/resource_samples/synthetic__synthetic-singular__synthetic__patch-su4__L32__lr0.01__bs64__seed0__final__synthetic__synthetic-singular__synthetic__patch-su4__L32__lr0.01__bs64__seed0__final.jsonl,"["".venv/bin/python3"", ""scripts/gradient_diagnostics.py"", ""--manifest"", ""results/tables/gradient_diagnostics/resource_benchmarks/manifests/synthetic__synthetic-singular__synthetic__patch-su4__L32__lr0.01__bs64__seed0__final__synthetic__synthetic-singular__synthetic__patch-su4__L32__lr0.01__bs64__seed0__final.json"", ""--mode"", ""final"", ""--runs-root"", ""results/runs"", ""--diagnostic-batch-size"", ""32"", ""--diagnostic-seed"", ""0"", ""--near-zero-tol"", ""1e-10"", ""--n-init-seeds"", ""20"", ""--fisher-batch-size"", ""32"", ""--output"", ""results/tables/gradient_diagnostics/resource_benchmarks/diagnostics/synthetic__synthetic-singular__synthetic__patch-su4__L32__lr0.01__bs64__seed0__final__synthetic__synthetic-singular__synthetic__patch-su4__L32__lr0.01__bs64__seed0__final.json""]",results/tables/gradient_diagnostics/resource_benchmarks/synthetic__synthetic-singular__synthetic__patch-su4__L32__lr0.01__bs64__seed0__final_runs.csv
complete,synthetic,configs/experiments/synthetic.json,synthetic__synthetic-singular__synthetic__patch-su4__L32__lr0.01__bs64__seed0__init,init,synthetic-singular__synthetic__patch-su4__L32__lr0.01__bs64__seed0,synthetic-singular,synthetic,patch-su4,32,0,0.01,64,0,230.3019103310071,results/tables/gradient_diagnostics/resource_benchmarks/diagnostics/synthetic__synthetic-singular__synthetic__patch-su4__L32__lr0.01__bs64__seed0__init__synthetic__synthetic-singular__synthetic__patch-su4__L32__lr0.01__bs64__seed0__init.json,1,1,"{""complete"": 1}",110,4349542400,4148.046875,150.30803384450263,134.84421226716267,267.48080200000004,55.262601000000004,322.74340300000006,4353691648,4152.00390625,True,110,6.0,3.9727272727272727,72675.0,72666.0,2026-05-28T17:54:10.167488+00:00,2026-05-28T17:58:00.469409+00:00,results/tables/gradient_diagnostics/resource_benchmarks/manifests/synthetic__synthetic-singular__synthetic__patch-su4__L32__lr0.01__bs64__seed0__init__synthetic__synthetic-singular__synthetic__patch-su4__L32__lr0.01__bs64__seed0__init.json,results/tables/gradient_diagnostics/resource_benchmarks/resource_samples/synthetic__synthetic-singular__synthetic__patch-su4__L32__lr0.01__bs64__seed0__init__synthetic__synthetic-singular__synthetic__patch-su4__L32__lr0.01__bs64__seed0__init.jsonl,"["".venv/bin/python3"", ""scripts/gradient_diagnostics.py"", ""--manifest"", ""results/tables/gradient_diagnostics/resource_benchmarks/manifests/synthetic__synthetic-singular__synthetic__patch-su4__L32__lr0.01__bs64__seed0__init__synthetic__synthetic-singular__synthetic__patch-su4__L32__lr0.01__bs64__seed0__init.json"", ""--mode"", ""init"", ""--runs-root"", ""results/runs"", ""--diagnostic-batch-size"", ""32"", ""--diagnostic-seed"", ""0"", ""--near-zero-tol"", ""1e-10"", ""--n-init-seeds"", ""20"", ""--fisher-batch-size"", ""32"", ""--output"", ""results/tables/gradient_diagnostics/resource_benchmarks/diagnostics/synthetic__synthetic-singular__synthetic__patch-su4__L32__lr0.01__bs64__seed0__init__synthetic__synthetic-singular__synthetic__patch-su4__L32__lr0.01__bs64__seed0__init.json""]",results/tables/gradient_diagnostics/resource_benchmarks/synthetic__synthetic-singular__synthetic__patch-su4__L32__lr0.01__bs64__seed0__init_runs.csv
complete,synthetic,configs/experiments/synthetic.json,synthetic__synthetic-singular__synthetic__patch-su4__L8__lr0.01__bs64__seed0__checkpoints,checkpoints,synthetic-singular__synthetic__patch-su4__L8__lr0.01__bs64__seed0,synthetic-singular,synthetic,patch-su4,8,0,0.01,64,0,65.35392458201386,results/tables/gradient_diagnostics/resource_benchmarks/diagnostics/synthetic__synthetic-singular__synthetic__patch-su4__L8__lr0.01__bs64__seed0__checkpoints__synthetic__synthetic-singular__synthetic__patch-su4__L8__lr0.01__bs64__seed0__checkpoints.json,8,8,"{""complete"": 8}",31,4171452416,3978.20703125,142.81455247198954,121.41700917127172,70.458092,14.32906,84.78715199999999,4237553664,4041.24609375,True,31,44.0,4.064516129032258,72675.0,72666.0,2026-05-28T20:40:54.748527+00:00,2026-05-28T20:42:00.102462+00:00,results/tables/gradient_diagnostics/resource_benchmarks/manifests/synthetic__synthetic-singular__synthetic__patch-su4__L8__lr0.01__bs64__seed0__checkpoints__synthetic__synthetic-singular__synthetic__patch-su4__L8__lr0.01__bs64__seed0__checkpoints.json,results/tables/gradient_diagnostics/resource_benchmarks/resource_samples/synthetic__synthetic-singular__synthetic__patch-su4__L8__lr0.01__bs64__seed0__checkpoints__synthetic__synthetic-singular__synthetic__patch-su4__L8__lr0.01__bs64__seed0__checkpoints.jsonl,"["".venv/bin/python3"", ""scripts/gradient_diagnostics.py"", ""--manifest"", ""results/tables/gradient_diagnostics/resource_benchmarks/manifests/synthetic__synthetic-singular__synthetic__patch-su4__L8__lr0.01__bs64__seed0__checkpoints__synthetic__synthetic-singular__synthetic__patch-su4__L8__lr0.01__bs64__seed0__checkpoints.json"", ""--mode"", ""checkpoints"", ""--runs-root"", ""results/runs"", ""--diagnostic-batch-size"", ""32"", ""--diagnostic-seed"", ""0"", ""--near-zero-tol"", ""1e-10"", ""--n-init-seeds"", ""20"", ""--fisher-batch-size"", ""32"", ""--output"", ""results/tables/gradient_diagnostics/resource_benchmarks/diagnostics/synthetic__synthetic-singular__synthetic__patch-su4__L8__lr0.01__bs64__seed0__checkpoints__synthetic__synthetic-singular__synthetic__patch-su4__L8__lr0.01__bs64__seed0__checkpoints.json""]",results/tables/gradient_diagnostics/resource_benchmarks/synthetic__synthetic-singular__synthetic__patch-su4__L8__lr0.01__bs64__seed0__checkpoints_runs.csv
complete,synthetic,configs/experiments/synthetic.json,synthetic__synthetic-singular__synthetic__patch-su4__L8__lr0.01__bs64__seed0__final,final,synthetic-singular__synthetic__patch-su4__L8__lr0.01__bs64__seed0,synthetic-singular,synthetic,patch-su4,8,0,0.01,64,0,29.734498121892102,results/tables/gradient_diagnostics/resource_benchmarks/diagnostics/synthetic__synthetic-singular__synthetic__patch-su4__L8__lr0.01__bs64__seed0__final__synthetic__synthetic-singular__synthetic__patch-su4__L8__lr0.01__bs64__seed0__final.json,1,1,"{""complete"": 1}",15,4131241984,3939.859375,145.0472458083556,96.9273114187611,29.275466,5.92727,35.202736,4260732928,4063.3515625,True,15,13.0,1.4,72675.0,72666.0,2026-05-28T22:50:21.234660+00:00,2026-05-28T22:50:50.969169+00:00,results/tables/gradient_diagnostics/resource_benchmarks/manifests/synthetic__synthetic-singular__synthetic__patch-su4__L8__lr0.01__bs64__seed0__final__synthetic__synthetic-singular__synthetic__patch-su4__L8__lr0.01__bs64__seed0__final.json,results/tables/gradient_diagnostics/resource_benchmarks/resource_samples/synthetic__synthetic-singular__synthetic__patch-su4__L8__lr0.01__bs64__seed0__final__synthetic__synthetic-singular__synthetic__patch-su4__L8__lr0.01__bs64__seed0__final.jsonl,"["".venv/bin/python3"", ""scripts/gradient_diagnostics.py"", ""--manifest"", ""results/tables/gradient_diagnostics/resource_benchmarks/manifests/synthetic__synthetic-singular__synthetic__patch-su4__L8__lr0.01__bs64__seed0__final__synthetic__synthetic-singular__synthetic__patch-su4__L8__lr0.01__bs64__seed0__final.json"", ""--mode"", ""final"", ""--runs-root"", ""results/runs"", ""--diagnostic-batch-size"", ""32"", ""--diagnostic-seed"", ""0"", ""--near-zero-tol"", ""1e-10"", ""--n-init-seeds"", ""20"", ""--fisher-batch-size"", ""32"", ""--output"", ""results/tables/gradient_diagnostics/resource_benchmarks/diagnostics/synthetic__synthetic-singular__synthetic__patch-su4__L8__lr0.01__bs64__seed0__final__synthetic__synthetic-singular__synthetic__patch-su4__L8__lr0.01__bs64__seed0__final.json""]",results/tables/gradient_diagnostics/resource_benchmarks/synthetic__synthetic-singular__synthetic__patch-su4__L8__lr0.01__bs64__seed0__final_runs.csv
complete,synthetic,configs/experiments/synthetic.json,synthetic__synthetic-singular__synthetic__patch-su4__L8__lr0.01__bs64__seed0__init,init,synthetic-singular__synthetic__patch-su4__L8__lr0.01__bs64__seed0,synthetic-singular,synthetic,patch-su4,8,0,0.01,64,0,81.26429056504276,results/tables/gradient_diagnostics/resource_benchmarks/diagnostics/synthetic__synthetic-singular__synthetic__patch-su4__L8__lr0.01__bs64__seed0__init__synthetic__synthetic-singular__synthetic__patch-su4__L8__lr0.01__bs64__seed0__init.json,1,1,"{""complete"": 1}",39,4242284544,4045.7578125,148.5245610213429,120.39186397675768,88.259441,18.172342999999998,106.431784,4328534016,4128.01171875,True,39,62.0,4.3076923076923075,72675.0,72666.0,2026-05-28T20:29:18.224837+00:00,2026-05-28T20:30:39.489138+00:00,results/tables/gradient_diagnostics/resource_benchmarks/manifests/synthetic__synthetic-singular__synthetic__patch-su4__L8__lr0.01__bs64__seed0__init__synthetic__synthetic-singular__synthetic__patch-su4__L8__lr0.01__bs64__seed0__init.json,results/tables/gradient_diagnostics/resource_benchmarks/resource_samples/synthetic__synthetic-singular__synthetic__patch-su4__L8__lr0.01__bs64__seed0__init__synthetic__synthetic-singular__synthetic__patch-su4__L8__lr0.01__bs64__seed0__init.jsonl,"["".venv/bin/python3"", ""scripts/gradient_diagnostics.py"", ""--manifest"", ""results/tables/gradient_diagnostics/resource_benchmarks/manifests/synthetic__synthetic-singular__synthetic__patch-su4__L8__lr0.01__bs64__seed0__init__synthetic__synthetic-singular__synthetic__patch-su4__L8__lr0.01__bs64__seed0__init.json"", ""--mode"", ""init"", ""--runs-root"", ""results/runs"", ""--diagnostic-batch-size"", ""32"", ""--diagnostic-seed"", ""0"", ""--near-zero-tol"", ""1e-10"", ""--n-init-seeds"", ""20"", ""--fisher-batch-size"", ""32"", ""--output"", ""results/tables/gradient_diagnostics/resource_benchmarks/diagnostics/synthetic__synthetic-singular__synthetic__patch-su4__L8__lr0.01__bs64__seed0__init__synthetic__synthetic-singular__synthetic__patch-su4__L8__lr0.01__bs64__seed0__init.json""]",results/tables/gradient_diagnostics/resource_benchmarks/synthetic__synthetic-singular__synthetic__patch-su4__L8__lr0.01__bs64__seed0__init_runs.csv
complete,synthetic,configs/experiments/synthetic.json,synthetic__synthetic-singular__synthetic__symmetric-hamiltonian__L1__lr0.01__bs64__seed0__checkpoints,checkpoints,synthetic-singular__synthetic__symmetric-hamiltonian__L1__lr0.01__bs64__seed0,synthetic-singular,synthetic,symmetric-hamiltonian,1,0,0.01,64,0,24.213270798907615,results/tables/gradient_diagnostics/resource_benchmarks/diagnostics/synthetic__synthetic-singular__synthetic__symmetric-hamiltonian__L1__lr0.01__bs64__seed0__checkpoints__synthetic__synthetic-singular__synthetic__symmetric-hamiltonian__L1__lr0.01__bs64__seed0__checkpoints.json,8,8,"{""complete"": 8}",12,4084334592,3895.125,113.41934512452502,91.09287223491918,22.041709,4.921492,26.963201,4141408256,3949.5546875,True,12,84.0,7.25,72675.0,72666.0,2026-05-28T22:55:33.772625+00:00,2026-05-28T22:55:57.985902+00:00,results/tables/gradient_diagnostics/resource_benchmarks/manifests/synthetic__synthetic-singular__synthetic__symmetric-hamiltonian__L1__lr0.01__bs64__seed0__checkpoints__synthetic__synthetic-singular__synthetic__symmetric-hamiltonian__L1__lr0.01__bs64__seed0__checkpoints.json,results/tables/gradient_diagnostics/resource_benchmarks/resource_samples/synthetic__synthetic-singular__synthetic__symmetric-hamiltonian__L1__lr0.01__bs64__seed0__checkpoints__synthetic__synthetic-singular__synthetic__symmetric-hamiltonian__L1__lr0.01__bs64__seed0__checkpoints.jsonl,"["".venv/bin/python3"", ""scripts/gradient_diagnostics.py"", ""--manifest"", ""results/tables/gradient_diagnostics/resource_benchmarks/manifests/synthetic__synthetic-singular__synthetic__symmetric-hamiltonian__L1__lr0.01__bs64__seed0__checkpoints__synthetic__synthetic-singular__synthetic__symmetric-hamiltonian__L1__lr0.01__bs64__seed0__checkpoints.json"", ""--mode"", ""checkpoints"", ""--runs-root"", ""results/runs"", ""--diagnostic-batch-size"", ""32"", ""--diagnostic-seed"", ""0"", ""--near-zero-tol"", ""1e-10"", ""--n-init-seeds"", ""20"", ""--fisher-batch-size"", ""32"", ""--output"", ""results/tables/gradient_diagnostics/resource_benchmarks/diagnostics/synthetic__synthetic-singular__synthetic__symmetric-hamiltonian__L1__lr0.01__bs64__seed0__checkpoints__synthetic__synthetic-singular__synthetic__symmetric-hamiltonian__L1__lr0.01__bs64__seed0__checkpoints.json""]",results/tables/gradient_diagnostics/resource_benchmarks/synthetic__synthetic-singular__synthetic__symmetric-hamiltonian__L1__lr0.01__bs64__seed0__checkpoints_runs.csv
complete,synthetic,configs/experiments/synthetic.json,synthetic__synthetic-singular__synthetic__symmetric-hamiltonian__L1__lr0.01__bs64__seed0__final,final,synthetic-singular__synthetic__symmetric-hamiltonian__L1__lr0.01__bs64__seed0,synthetic-singular,synthetic,symmetric-hamiltonian,1,0,0.01,64,0,22.903082047007047,results/tables/gradient_diagnostics/resource_benchmarks/diagnostics/synthetic__synthetic-singular__synthetic__symmetric-hamiltonian__L1__lr0.01__bs64__seed0__final__synthetic__synthetic-singular__synthetic__symmetric-hamiltonian__L1__lr0.01__bs64__seed0__final.json,1,1,"{""complete"": 1}",11,4078624768,3889.6796875,114.90526791810348,89.26602684541427,20.54487,4.590032000000001,25.134902,4184379392,3990.53515625,True,11,100.0,9.636363636363637,72675.0,72666.0,2026-05-28T22:40:09.798846+00:00,2026-05-28T22:40:32.701935+00:00,results/tables/gradient_diagnostics/resource_benchmarks/manifests/synthetic__synthetic-singular__synthetic__symmetric-hamiltonian__L1__lr0.01__bs64__seed0__final__synthetic__synthetic-singular__synthetic__symmetric-hamiltonian__L1__lr0.01__bs64__seed0__final.json,results/tables/gradient_diagnostics/resource_benchmarks/resource_samples/synthetic__synthetic-singular__synthetic__symmetric-hamiltonian__L1__lr0.01__bs64__seed0__final__synthetic__synthetic-singular__synthetic__symmetric-hamiltonian__L1__lr0.01__bs64__seed0__final.jsonl,"["".venv/bin/python3"", ""scripts/gradient_diagnostics.py"", ""--manifest"", ""results/tables/gradient_diagnostics/resource_benchmarks/manifests/synthetic__synthetic-singular__synthetic__symmetric-hamiltonian__L1__lr0.01__bs64__seed0__final__synthetic__synthetic-singular__synthetic__symmetric-hamiltonian__L1__lr0.01__bs64__seed0__final.json"", ""--mode"", ""final"", ""--runs-root"", ""results/runs"", ""--diagnostic-batch-size"", ""32"", ""--diagnostic-seed"", ""0"", ""--near-zero-tol"", ""1e-10"", ""--n-init-seeds"", ""20"", ""--fisher-batch-size"", ""32"", ""--output"", ""results/tables/gradient_diagnostics/resource_benchmarks/diagnostics/synthetic__synthetic-singular__synthetic__symmetric-hamiltonian__L1__lr0.01__bs64__seed0__final__synthetic__synthetic-singular__synthetic__symmetric-hamiltonian__L1__lr0.01__bs64__seed0__final.json""]",results/tables/gradient_diagnostics/resource_benchmarks/synthetic__synthetic-singular__synthetic__symmetric-hamiltonian__L1__lr0.01__bs64__seed0__final_runs.csv
complete,synthetic,configs/experiments/synthetic.json,synthetic__synthetic-singular__synthetic__symmetric-hamiltonian__L1__lr0.01__bs64__seed0__init,init,synthetic-singular__synthetic__symmetric-hamiltonian__L1__lr0.01__bs64__seed0,synthetic-singular,synthetic,symmetric-hamiltonian,1,0,0.01,64,0,28.075026907026768,results/tables/gradient_diagnostics/resource_benchmarks/diagnostics/synthetic__synthetic-singular__synthetic__symmetric-hamiltonian__L1__lr0.01__bs64__seed0__init__synthetic__synthetic-singular__synthetic__symmetric-hamiltonian__L1__lr0.01__bs64__seed0__init.json,1,1,"{""complete"": 1}",14,4175851520,3982.40234375,128.4623096519904,93.26188762579503,27.663066,5.572113,33.235179,4265381888,4067.78515625,True,14,80.0,5.857142857142857,72675.0,72666.0,2026-05-28T22:34:49.786097+00:00,2026-05-28T22:35:17.861130+00:00,results/tables/gradient_diagnostics/resource_benchmarks/manifests/synthetic__synthetic-singular__synthetic__symmetric-hamiltonian__L1__lr0.01__bs64__seed0__init__synthetic__synthetic-singular__synthetic__symmetric-hamiltonian__L1__lr0.01__bs64__seed0__init.json,results/tables/gradient_diagnostics/resource_benchmarks/resource_samples/synthetic__synthetic-singular__synthetic__symmetric-hamiltonian__L1__lr0.01__bs64__seed0__init__synthetic__synthetic-singular__synthetic__symmetric-hamiltonian__L1__lr0.01__bs64__seed0__init.jsonl,"["".venv/bin/python3"", ""scripts/gradient_diagnostics.py"", ""--manifest"", ""results/tables/gradient_diagnostics/resource_benchmarks/manifests/synthetic__synthetic-singular__synthetic__symmetric-hamiltonian__L1__lr0.01__bs64__seed0__init__synthetic__synthetic-singular__synthetic__symmetric-hamiltonian__L1__lr0.01__bs64__seed0__init.json"", ""--mode"", ""init"", ""--runs-root"", ""results/runs"", ""--diagnostic-batch-size"", ""32"", ""--diagnostic-seed"", ""0"", ""--near-zero-tol"", ""1e-10"", ""--n-init-seeds"", ""20"", ""--fisher-batch-size"", ""32"", ""--output"", ""results/tables/gradient_diagnostics/resource_benchmarks/diagnostics/synthetic__synthetic-singular__synthetic__symmetric-hamiltonian__L1__lr0.01__bs64__seed0__init__synthetic__synthetic-singular__synthetic__symmetric-hamiltonian__L1__lr0.01__bs64__seed0__init.json""]",results/tables/gradient_diagnostics/resource_benchmarks/synthetic__synthetic-singular__synthetic__symmetric-hamiltonian__L1__lr0.01__bs64__seed0__init_runs.csv
complete,synthetic,configs/experiments/synthetic.json,synthetic__synthetic-singular__synthetic__symmetric-hamiltonian__L32__lr0.01__bs64__seed0__checkpoints,checkpoints,synthetic-singular__synthetic__symmetric-hamiltonian__L32__lr0.01__bs64__seed0,synthetic-singular,synthetic,symmetric-hamiltonian,32,0,0.01,64,0,66.44032647495624,results/tables/gradient_diagnostics/resource_benchmarks/diagnostics/synthetic__synthetic-singular__synthetic__symmetric-hamiltonian__L32__lr0.01__bs64__seed0__checkpoints__synthetic__synthetic-singular__synthetic__symmetric-hamiltonian__L32__lr0.01__bs64__seed0__checkpoints.json,8,8,"{""complete"": 8}",32,4311109632,4111.39453125,140.24186136911263,110.2249985219946,67.204015,13.166259,80.370274,4377174016,4174.3984375,True,32,5.0,2.1875,72675.0,72666.0,2026-05-28T21:20:08.863789+00:00,2026-05-28T21:21:15.304127+00:00,results/tables/gradient_diagnostics/resource_benchmarks/manifests/synthetic__synthetic-singular__synthetic__symmetric-hamiltonian__L32__lr0.01__bs64__seed0__checkpoints__synthetic__synthetic-singular__synthetic__symmetric-hamiltonian__L32__lr0.01__bs64__seed0__checkpoints.json,results/tables/gradient_diagnostics/resource_benchmarks/resource_samples/synthetic__synthetic-singular__synthetic__symmetric-hamiltonian__L32__lr0.01__bs64__seed0__checkpoints__synthetic__synthetic-singular__synthetic__symmetric-hamiltonian__L32__lr0.01__bs64__seed0__checkpoints.jsonl,"["".venv/bin/python3"", ""scripts/gradient_diagnostics.py"", ""--manifest"", ""results/tables/gradient_diagnostics/resource_benchmarks/manifests/synthetic__synthetic-singular__synthetic__symmetric-hamiltonian__L32__lr0.01__bs64__seed0__checkpoints__synthetic__synthetic-singular__synthetic__symmetric-hamiltonian__L32__lr0.01__bs64__seed0__checkpoints.json"", ""--mode"", ""checkpoints"", ""--runs-root"", ""results/runs"", ""--diagnostic-batch-size"", ""32"", ""--diagnostic-seed"", ""0"", ""--near-zero-tol"", ""1e-10"", ""--n-init-seeds"", ""20"", ""--fisher-batch-size"", ""32"", ""--output"", ""results/tables/gradient_diagnostics/resource_benchmarks/diagnostics/synthetic__synthetic-singular__synthetic__symmetric-hamiltonian__L32__lr0.01__bs64__seed0__checkpoints__synthetic__synthetic-singular__synthetic__symmetric-hamiltonian__L32__lr0.01__bs64__seed0__checkpoints.json""]",results/tables/gradient_diagnostics/resource_benchmarks/synthetic__synthetic-singular__synthetic__symmetric-hamiltonian__L32__lr0.01__bs64__seed0__checkpoints_runs.csv
complete,synthetic,configs/experiments/synthetic.json,synthetic__synthetic-singular__synthetic__symmetric-hamiltonian__L32__lr0.01__bs64__seed0__final,final,synthetic-singular__synthetic__symmetric-hamiltonian__L32__lr0.01__bs64__seed0,synthetic-singular,synthetic,symmetric-hamiltonian,32,0,0.01,64,0,35.1190374889411,results/tables/gradient_diagnostics/resource_benchmarks/diagnostics/synthetic__synthetic-singular__synthetic__symmetric-hamiltonian__L32__lr0.01__bs64__seed0__final__synthetic__synthetic-singular__synthetic__symmetric-hamiltonian__L32__lr0.01__bs64__seed0__final.json,1,1,"{""complete"": 1}",17,4292964352,4094.08984375,134.74160642742515,89.2014504143546,31.877645,6.216470999999999,38.094116,4377620480,4174.82421875,True,17,100.0,6.470588235294118,72675.0,72666.0,2026-05-28T22:36:22.367745+00:00,2026-05-28T22:36:57.486795+00:00,results/tables/gradient_diagnostics/resource_benchmarks/manifests/synthetic__synthetic-singular__synthetic__symmetric-hamiltonian__L32__lr0.01__bs64__seed0__final__synthetic__synthetic-singular__synthetic__symmetric-hamiltonian__L32__lr0.01__bs64__seed0__final.json,results/tables/gradient_diagnostics/resource_benchmarks/resource_samples/synthetic__synthetic-singular__synthetic__symmetric-hamiltonian__L32__lr0.01__bs64__seed0__final__synthetic__synthetic-singular__synthetic__symmetric-hamiltonian__L32__lr0.01__bs64__seed0__final.jsonl,"["".venv/bin/python3"", ""scripts/gradient_diagnostics.py"", ""--manifest"", ""results/tables/gradient_diagnostics/resource_benchmarks/manifests/synthetic__synthetic-singular__synthetic__symmetric-hamiltonian__L32__lr0.01__bs64__seed0__final__synthetic__synthetic-singular__synthetic__symmetric-hamiltonian__L32__lr0.01__bs64__seed0__final.json"", ""--mode"", ""final"", ""--runs-root"", ""results/runs"", ""--diagnostic-batch-size"", ""32"", ""--diagnostic-seed"", ""0"", ""--near-zero-tol"", ""1e-10"", ""--n-init-seeds"", ""20"", ""--fisher-batch-size"", ""32"", ""--output"", ""results/tables/gradient_diagnostics/resource_benchmarks/diagnostics/synthetic__synthetic-singular__synthetic__symmetric-hamiltonian__L32__lr0.01__bs64__seed0__final__synthetic__synthetic-singular__synthetic__symmetric-hamiltonian__L32__lr0.01__bs64__seed0__final.json""]",results/tables/gradient_diagnostics/resource_benchmarks/synthetic__synthetic-singular__synthetic__symmetric-hamiltonian__L32__lr0.01__bs64__seed0__final_runs.csv
complete,synthetic,configs/experiments/synthetic.json,synthetic__synthetic-singular__synthetic__symmetric-hamiltonian__L32__lr0.01__bs64__seed0__init,init,synthetic-singular__synthetic__symmetric-hamiltonian__L32__lr0.01__bs64__seed0,synthetic-singular,synthetic,symmetric-hamiltonian,32,0,0.01,64,0,79.94321528298315,results/tables/gradient_diagnostics/resource_benchmarks/diagnostics/synthetic__synthetic-singular__synthetic__symmetric-hamiltonian__L32__lr0.01__bs64__seed0__init__synthetic__synthetic-singular__synthetic__symmetric-hamiltonian__L32__lr0.01__bs64__seed0__init.json,1,1,"{""complete"": 1}",38,4403662848,4199.66015625,161.69303062197505,114.17175958393258,84.992605,16.348425000000002,101.34103,4496453632,4288.15234375,True,38,56.0,3.8157894736842106,72679.0,72670.0,2026-05-28T20:43:43.455099+00:00,2026-05-28T20:45:03.398325+00:00,results/tables/gradient_diagnostics/resource_benchmarks/manifests/synthetic__synthetic-singular__synthetic__symmetric-hamiltonian__L32__lr0.01__bs64__seed0__init__synthetic__synthetic-singular__synthetic__symmetric-hamiltonian__L32__lr0.01__bs64__seed0__init.json,results/tables/gradient_diagnostics/resource_benchmarks/resource_samples/synthetic__synthetic-singular__synthetic__symmetric-hamiltonian__L32__lr0.01__bs64__seed0__init__synthetic__synthetic-singular__synthetic__symmetric-hamiltonian__L32__lr0.01__bs64__seed0__init.jsonl,"["".venv/bin/python3"", ""scripts/gradient_diagnostics.py"", ""--manifest"", ""results/tables/gradient_diagnostics/resource_benchmarks/manifests/synthetic__synthetic-singular__synthetic__symmetric-hamiltonian__L32__lr0.01__bs64__seed0__init__synthetic__synthetic-singular__synthetic__symmetric-hamiltonian__L32__lr0.01__bs64__seed0__init.json"", ""--mode"", ""init"", ""--runs-root"", ""results/runs"", ""--diagnostic-batch-size"", ""32"", ""--diagnostic-seed"", ""0"", ""--near-zero-tol"", ""1e-10"", ""--n-init-seeds"", ""20"", ""--fisher-batch-size"", ""32"", ""--output"", ""results/tables/gradient_diagnostics/resource_benchmarks/diagnostics/synthetic__synthetic-singular__synthetic__symmetric-hamiltonian__L32__lr0.01__bs64__seed0__init__synthetic__synthetic-singular__synthetic__symmetric-hamiltonian__L32__lr0.01__bs64__seed0__init.json""]",results/tables/gradient_diagnostics/resource_benchmarks/synthetic__synthetic-singular__synthetic__symmetric-hamiltonian__L32__lr0.01__bs64__seed0__init_runs.csv
complete,synthetic,configs/experiments/synthetic.json,synthetic__synthetic-singular__synthetic__symmetric-hamiltonian__L8__lr0.01__bs64__seed0__checkpoints,checkpoints,synthetic-singular__synthetic__symmetric-hamiltonian__L8__lr0.01__bs64__seed0,synthetic-singular,synthetic,symmetric-hamiltonian,8,0,0.01,64,0,33.86280254507437,results/tables/gradient_diagnostics/resource_benchmarks/diagnostics/synthetic__synthetic-singular__synthetic__symmetric-hamiltonian__L8__lr0.01__bs64__seed0__checkpoints__synthetic__synthetic-singular__synthetic__symmetric-hamiltonian__L8__lr0.01__bs64__seed0__checkpoints.json,8,8,"{""complete"": 8}",17,4150341632,3958.07421875,138.99428494408969,98.42880331886307,33.120706999999996,6.477594,39.59830099999999,4251578368,4054.62109375,True,17,85.0,6.176470588235294,72675.0,72666.0,2026-05-28T22:11:11.466172+00:00,2026-05-28T22:11:45.328986+00:00,results/tables/gradient_diagnostics/resource_benchmarks/manifests/synthetic__synthetic-singular__synthetic__symmetric-hamiltonian__L8__lr0.01__bs64__seed0__checkpoints__synthetic__synthetic-singular__synthetic__symmetric-hamiltonian__L8__lr0.01__bs64__seed0__checkpoints.json,results/tables/gradient_diagnostics/resource_benchmarks/resource_samples/synthetic__synthetic-singular__synthetic__symmetric-hamiltonian__L8__lr0.01__bs64__seed0__checkpoints__synthetic__synthetic-singular__synthetic__symmetric-hamiltonian__L8__lr0.01__bs64__seed0__checkpoints.jsonl,"["".venv/bin/python3"", ""scripts/gradient_diagnostics.py"", ""--manifest"", ""results/tables/gradient_diagnostics/resource_benchmarks/manifests/synthetic__synthetic-singular__synthetic__symmetric-hamiltonian__L8__lr0.01__bs64__seed0__checkpoints__synthetic__synthetic-singular__synthetic__symmetric-hamiltonian__L8__lr0.01__bs64__seed0__checkpoints.json"", ""--mode"", ""checkpoints"", ""--runs-root"", ""results/runs"", ""--diagnostic-batch-size"", ""32"", ""--diagnostic-seed"", ""0"", ""--near-zero-tol"", ""1e-10"", ""--n-init-seeds"", ""20"", ""--fisher-batch-size"", ""32"", ""--output"", ""results/tables/gradient_diagnostics/resource_benchmarks/diagnostics/synthetic__synthetic-singular__synthetic__symmetric-hamiltonian__L8__lr0.01__bs64__seed0__checkpoints__synthetic__synthetic-singular__synthetic__symmetric-hamiltonian__L8__lr0.01__bs64__seed0__checkpoints.json""]",results/tables/gradient_diagnostics/resource_benchmarks/synthetic__synthetic-singular__synthetic__symmetric-hamiltonian__L8__lr0.01__bs64__seed0__checkpoints_runs.csv
complete,synthetic,configs/experiments/synthetic.json,synthetic__synthetic-singular__synthetic__symmetric-hamiltonian__L8__lr0.01__bs64__seed0__final,final,synthetic-singular__synthetic__symmetric-hamiltonian__L8__lr0.01__bs64__seed0,synthetic-singular,synthetic,symmetric-hamiltonian,8,0,0.01,64,0,26.32365335698705,results/tables/gradient_diagnostics/resource_benchmarks/diagnostics/synthetic__synthetic-singular__synthetic__symmetric-hamiltonian__L8__lr0.01__bs64__seed0__final__synthetic__synthetic-singular__synthetic__symmetric-hamiltonian__L8__lr0.01__bs64__seed0__final.json,1,1,"{""complete"": 1}",13,4138319872,3946.609375,115.14028321858858,88.97540097467534,24.056255,5.007562,29.063817,4240396288,4043.95703125,True,13,100.0,8.076923076923077,72675.0,72666.0,2026-05-28T23:05:27.253870+00:00,2026-05-28T23:05:53.577530+00:00,results/tables/gradient_diagnostics/resource_benchmarks/manifests/synthetic__synthetic-singular__synthetic__symmetric-hamiltonian__L8__lr0.01__bs64__seed0__final__synthetic__synthetic-singular__synthetic__symmetric-hamiltonian__L8__lr0.01__bs64__seed0__final.json,results/tables/gradient_diagnostics/resource_benchmarks/resource_samples/synthetic__synthetic-singular__synthetic__symmetric-hamiltonian__L8__lr0.01__bs64__seed0__final__synthetic__synthetic-singular__synthetic__symmetric-hamiltonian__L8__lr0.01__bs64__seed0__final.jsonl,"["".venv/bin/python3"", ""scripts/gradient_diagnostics.py"", ""--manifest"", ""results/tables/gradient_diagnostics/resource_benchmarks/manifests/synthetic__synthetic-singular__synthetic__symmetric-hamiltonian__L8__lr0.01__bs64__seed0__final__synthetic__synthetic-singular__synthetic__symmetric-hamiltonian__L8__lr0.01__bs64__seed0__final.json"", ""--mode"", ""final"", ""--runs-root"", ""results/runs"", ""--diagnostic-batch-size"", ""32"", ""--diagnostic-seed"", ""0"", ""--near-zero-tol"", ""1e-10"", ""--n-init-seeds"", ""20"", ""--fisher-batch-size"", ""32"", ""--output"", ""results/tables/gradient_diagnostics/resource_benchmarks/diagnostics/synthetic__synthetic-singular__synthetic__symmetric-hamiltonian__L8__lr0.01__bs64__seed0__final__synthetic__synthetic-singular__synthetic__symmetric-hamiltonian__L8__lr0.01__bs64__seed0__final.json""]",results/tables/gradient_diagnostics/resource_benchmarks/synthetic__synthetic-singular__synthetic__symmetric-hamiltonian__L8__lr0.01__bs64__seed0__final_runs.csv
complete,synthetic,configs/experiments/synthetic.json,synthetic__synthetic-singular__synthetic__symmetric-hamiltonian__L8__lr0.01__bs64__seed0__init,init,synthetic-singular__synthetic__symmetric-hamiltonian__L8__lr0.01__bs64__seed0,synthetic-singular,synthetic,symmetric-hamiltonian,8,0,0.01,64,0,42.96618214296177,results/tables/gradient_diagnostics/resource_benchmarks/diagnostics/synthetic__synthetic-singular__synthetic__symmetric-hamiltonian__L8__lr0.01__bs64__seed0__init__synthetic__synthetic-singular__synthetic__symmetric-hamiltonian__L8__lr0.01__bs64__seed0__init.json,1,1,"{""complete"": 1}",21,4249387008,4052.53125,143.17101408654634,97.79465042354096,42.463342,8.162677,50.626019,4340273152,4139.20703125,True,21,57.0,3.6666666666666665,72677.0,72668.0,2026-05-28T21:50:47.718785+00:00,2026-05-28T21:51:30.684979+00:00,results/tables/gradient_diagnostics/resource_benchmarks/manifests/synthetic__synthetic-singular__synthetic__symmetric-hamiltonian__L8__lr0.01__bs64__seed0__init__synthetic__synthetic-singular__synthetic__symmetric-hamiltonian__L8__lr0.01__bs64__seed0__init.json,results/tables/gradient_diagnostics/resource_benchmarks/resource_samples/synthetic__synthetic-singular__synthetic__symmetric-hamiltonian__L8__lr0.01__bs64__seed0__init__synthetic__synthetic-singular__synthetic__symmetric-hamiltonian__L8__lr0.01__bs64__seed0__init.jsonl,"["".venv/bin/python3"", ""scripts/gradient_diagnostics.py"", ""--manifest"", ""results/tables/gradient_diagnostics/resource_benchmarks/manifests/synthetic__synthetic-singular__synthetic__symmetric-hamiltonian__L8__lr0.01__bs64__seed0__init__synthetic__synthetic-singular__synthetic__symmetric-hamiltonian__L8__lr0.01__bs64__seed0__init.json"", ""--mode"", ""init"", ""--runs-root"", ""results/runs"", ""--diagnostic-batch-size"", ""32"", ""--diagnostic-seed"", ""0"", ""--near-zero-tol"", ""1e-10"", ""--n-init-seeds"", ""20"", ""--fisher-batch-size"", ""32"", ""--output"", ""results/tables/gradient_diagnostics/resource_benchmarks/diagnostics/synthetic__synthetic-singular__synthetic__symmetric-hamiltonian__L8__lr0.01__bs64__seed0__init__synthetic__synthetic-singular__synthetic__symmetric-hamiltonian__L8__lr0.01__bs64__seed0__init.json""]",results/tables/gradient_diagnostics/resource_benchmarks/synthetic__synthetic-singular__synthetic__symmetric-hamiltonian__L8__lr0.01__bs64__seed0__init_runs.csv
complete,synthetic,configs/experiments/synthetic.json,synthetic__synthetic-singular__synthetic__trainable-frequency-ry__L1__lr0.01__bs64__seed0__checkpoints,checkpoints,synthetic-singular__synthetic__trainable-frequency-ry__L1__lr0.01__bs64__seed0,synthetic-singular,synthetic,trainable-frequency-ry,1,0,0.01,64,0,54.109033674001694,results/tables/gradient_diagnostics/resource_benchmarks/diagnostics/synthetic__synthetic-singular__synthetic__trainable-frequency-ry__L1__lr0.01__bs64__seed0__checkpoints__synthetic__synthetic-singular__synthetic__trainable-frequency-ry__L1__lr0.01__bs64__seed0__checkpoints.json,8,8,"{""complete_dirty_git"": 8}",26,4596957184,4384.0,131.30540485805253,103.41397026251603,57.055189999999996,10.308938000000001,67.364128,4646764544,4431.5,True,26,7.0,1.3846153846153846,72675.0,72666.0,2026-05-28T21:09:07.005687+00:00,2026-05-28T21:10:01.114732+00:00,results/tables/gradient_diagnostics/resource_benchmarks/manifests/synthetic__synthetic-singular__synthetic__trainable-frequency-ry__L1__lr0.01__bs64__seed0__checkpoints__synthetic__synthetic-singular__synthetic__trainable-frequency-ry__L1__lr0.01__bs64__seed0__checkpoints.json,results/tables/gradient_diagnostics/resource_benchmarks/resource_samples/synthetic__synthetic-singular__synthetic__trainable-frequency-ry__L1__lr0.01__bs64__seed0__checkpoints__synthetic__synthetic-singular__synthetic__trainable-frequency-ry__L1__lr0.01__bs64__seed0__checkpoints.jsonl,"["".venv/bin/python3"", ""scripts/gradient_diagnostics.py"", ""--manifest"", ""results/tables/gradient_diagnostics/resource_benchmarks/manifests/synthetic__synthetic-singular__synthetic__trainable-frequency-ry__L1__lr0.01__bs64__seed0__checkpoints__synthetic__synthetic-singular__synthetic__trainable-frequency-ry__L1__lr0.01__bs64__seed0__checkpoints.json"", ""--mode"", ""checkpoints"", ""--runs-root"", ""results/runs"", ""--diagnostic-batch-size"", ""32"", ""--diagnostic-seed"", ""0"", ""--near-zero-tol"", ""1e-10"", ""--n-init-seeds"", ""20"", ""--fisher-batch-size"", ""32"", ""--output"", ""results/tables/gradient_diagnostics/resource_benchmarks/diagnostics/synthetic__synthetic-singular__synthetic__trainable-frequency-ry__L1__lr0.01__bs64__seed0__checkpoints__synthetic__synthetic-singular__synthetic__trainable-frequency-ry__L1__lr0.01__bs64__seed0__checkpoints.json""]",results/tables/gradient_diagnostics/resource_benchmarks/synthetic__synthetic-singular__synthetic__trainable-frequency-ry__L1__lr0.01__bs64__seed0__checkpoints_runs.csv
complete,synthetic,configs/experiments/synthetic.json,synthetic__synthetic-singular__synthetic__trainable-frequency-ry__L1__lr0.01__bs64__seed0__final,final,synthetic-singular__synthetic__trainable-frequency-ry__L1__lr0.01__bs64__seed0,synthetic-singular,synthetic,trainable-frequency-ry,1,0,0.01,64,0,43.387163820909336,results/tables/gradient_diagnostics/resource_benchmarks/diagnostics/synthetic__synthetic-singular__synthetic__trainable-frequency-ry__L1__lr0.01__bs64__seed0__final__synthetic__synthetic-singular__synthetic__trainable-frequency-ry__L1__lr0.01__bs64__seed0__final.json,1,1,"{""complete_dirty_git"": 1}",21,4541227008,4330.8515625,124.08315563728652,95.73931409980491,44.691468,8.066786,52.758254,4618055680,4404.12109375,True,21,16.0,1.1904761904761905,72675.0,72666.0,2026-05-28T21:26:45.660548+00:00,2026-05-28T21:27:29.047724+00:00,results/tables/gradient_diagnostics/resource_benchmarks/manifests/synthetic__synthetic-singular__synthetic__trainable-frequency-ry__L1__lr0.01__bs64__seed0__final__synthetic__synthetic-singular__synthetic__trainable-frequency-ry__L1__lr0.01__bs64__seed0__final.json,results/tables/gradient_diagnostics/resource_benchmarks/resource_samples/synthetic__synthetic-singular__synthetic__trainable-frequency-ry__L1__lr0.01__bs64__seed0__final__synthetic__synthetic-singular__synthetic__trainable-frequency-ry__L1__lr0.01__bs64__seed0__final.jsonl,"["".venv/bin/python3"", ""scripts/gradient_diagnostics.py"", ""--manifest"", ""results/tables/gradient_diagnostics/resource_benchmarks/manifests/synthetic__synthetic-singular__synthetic__trainable-frequency-ry__L1__lr0.01__bs64__seed0__final__synthetic__synthetic-singular__synthetic__trainable-frequency-ry__L1__lr0.01__bs64__seed0__final.json"", ""--mode"", ""final"", ""--runs-root"", ""results/runs"", ""--diagnostic-batch-size"", ""32"", ""--diagnostic-seed"", ""0"", ""--near-zero-tol"", ""1e-10"", ""--n-init-seeds"", ""20"", ""--fisher-batch-size"", ""32"", ""--output"", ""results/tables/gradient_diagnostics/resource_benchmarks/diagnostics/synthetic__synthetic-singular__synthetic__trainable-frequency-ry__L1__lr0.01__bs64__seed0__final__synthetic__synthetic-singular__synthetic__trainable-frequency-ry__L1__lr0.01__bs64__seed0__final.json""]",results/tables/gradient_diagnostics/resource_benchmarks/synthetic__synthetic-singular__synthetic__trainable-frequency-ry__L1__lr0.01__bs64__seed0__final_runs.csv
complete,synthetic,configs/experiments/synthetic.json,synthetic__synthetic-singular__synthetic__trainable-frequency-ry__L1__lr0.01__bs64__seed0__init,init,synthetic-singular__synthetic__trainable-frequency-ry__L1__lr0.01__bs64__seed0,synthetic-singular,synthetic,trainable-frequency-ry,1,0,0.01,64,0,64.99477586802095,results/tables/gradient_diagnostics/resource_benchmarks/diagnostics/synthetic__synthetic-singular__synthetic__trainable-frequency-ry__L1__lr0.01__bs64__seed0__init__synthetic__synthetic-singular__synthetic__trainable-frequency-ry__L1__lr0.01__bs64__seed0__init.json,1,1,"{""complete"": 1}",31,4680179712,4463.3671875,132.8507261027464,100.48748540869528,67.579102,11.949817999999999,79.52892,4775989248,4554.73828125,True,31,67.0,3.5161290322580645,72679.0,72670.0,2026-05-28T20:38:32.378173+00:00,2026-05-28T20:39:37.372959+00:00,results/tables/gradient_diagnostics/resource_benchmarks/manifests/synthetic__synthetic-singular__synthetic__trainable-frequency-ry__L1__lr0.01__bs64__seed0__init__synthetic__synthetic-singular__synthetic__trainable-frequency-ry__L1__lr0.01__bs64__seed0__init.json,results/tables/gradient_diagnostics/resource_benchmarks/resource_samples/synthetic__synthetic-singular__synthetic__trainable-frequency-ry__L1__lr0.01__bs64__seed0__init__synthetic__synthetic-singular__synthetic__trainable-frequency-ry__L1__lr0.01__bs64__seed0__init.jsonl,"["".venv/bin/python3"", ""scripts/gradient_diagnostics.py"", ""--manifest"", ""results/tables/gradient_diagnostics/resource_benchmarks/manifests/synthetic__synthetic-singular__synthetic__trainable-frequency-ry__L1__lr0.01__bs64__seed0__init__synthetic__synthetic-singular__synthetic__trainable-frequency-ry__L1__lr0.01__bs64__seed0__init.json"", ""--mode"", ""init"", ""--runs-root"", ""results/runs"", ""--diagnostic-batch-size"", ""32"", ""--diagnostic-seed"", ""0"", ""--near-zero-tol"", ""1e-10"", ""--n-init-seeds"", ""20"", ""--fisher-batch-size"", ""32"", ""--output"", ""results/tables/gradient_diagnostics/resource_benchmarks/diagnostics/synthetic__synthetic-singular__synthetic__trainable-frequency-ry__L1__lr0.01__bs64__seed0__init__synthetic__synthetic-singular__synthetic__trainable-frequency-ry__L1__lr0.01__bs64__seed0__init.json""]",results/tables/gradient_diagnostics/resource_benchmarks/synthetic__synthetic-singular__synthetic__trainable-frequency-ry__L1__lr0.01__bs64__seed0__init_runs.csv
complete,synthetic,configs/experiments/synthetic.json,synthetic__synthetic-singular__synthetic__trainable-frequency-ry__L32__lr0.01__bs64__seed0__checkpoints,checkpoints,synthetic-singular__synthetic__trainable-frequency-ry__L32__lr0.01__bs64__seed0,synthetic-singular,synthetic,trainable-frequency-ry,32,0,0.01,64,0,449.22032626799773,results/tables/gradient_diagnostics/resource_benchmarks/diagnostics/synthetic__synthetic-singular__synthetic__trainable-frequency-ry__L32__lr0.01__bs64__seed0__checkpoints__synthetic__synthetic-singular__synthetic__trainable-frequency-ry__L32__lr0.01__bs64__seed0__checkpoints.json,8,8,"{""complete"": 8}",214,4923523072,4695.4375,137.83892557969054,121.08555298746118,488.410801,75.234337,563.645138,4965986304,4735.93359375,True,214,80.0,6.383177570093458,72677.0,72668.0,2026-05-28T15:40:52.440171+00:00,2026-05-28T15:48:21.660504+00:00,results/tables/gradient_diagnostics/resource_benchmarks/manifests/synthetic__synthetic-singular__synthetic__trainable-frequency-ry__L32__lr0.01__bs64__seed0__checkpoints__synthetic__synthetic-singular__synthetic__trainable-frequency-ry__L32__lr0.01__bs64__seed0__checkpoints.json,results/tables/gradient_diagnostics/resource_benchmarks/resource_samples/synthetic__synthetic-singular__synthetic__trainable-frequency-ry__L32__lr0.01__bs64__seed0__checkpoints__synthetic__synthetic-singular__synthetic__trainable-frequency-ry__L32__lr0.01__bs64__seed0__checkpoints.jsonl,"["".venv/bin/python3"", ""scripts/gradient_diagnostics.py"", ""--manifest"", ""results/tables/gradient_diagnostics/resource_benchmarks/manifests/synthetic__synthetic-singular__synthetic__trainable-frequency-ry__L32__lr0.01__bs64__seed0__checkpoints__synthetic__synthetic-singular__synthetic__trainable-frequency-ry__L32__lr0.01__bs64__seed0__checkpoints.json"", ""--mode"", ""checkpoints"", ""--runs-root"", ""results/runs"", ""--diagnostic-batch-size"", ""32"", ""--diagnostic-seed"", ""0"", ""--near-zero-tol"", ""1e-10"", ""--n-init-seeds"", ""20"", ""--fisher-batch-size"", ""32"", ""--output"", ""results/tables/gradient_diagnostics/resource_benchmarks/diagnostics/synthetic__synthetic-singular__synthetic__trainable-frequency-ry__L32__lr0.01__bs64__seed0__checkpoints__synthetic__synthetic-singular__synthetic__trainable-frequency-ry__L32__lr0.01__bs64__seed0__checkpoints.json""]",results/tables/gradient_diagnostics/resource_benchmarks/synthetic__synthetic-singular__synthetic__trainable-frequency-ry__L32__lr0.01__bs64__seed0__checkpoints_runs.csv
complete,synthetic,configs/experiments/synthetic.json,synthetic__synthetic-singular__synthetic__trainable-frequency-ry__L32__lr0.01__bs64__seed0__final,final,synthetic-singular__synthetic__trainable-frequency-ry__L32__lr0.01__bs64__seed0,synthetic-singular,synthetic,trainable-frequency-ry,32,0,0.01,64,0,101.40610905992799,results/tables/gradient_diagnostics/resource_benchmarks/diagnostics/synthetic__synthetic-singular__synthetic__trainable-frequency-ry__L32__lr0.01__bs64__seed0__final__synthetic__synthetic-singular__synthetic__trainable-frequency-ry__L32__lr0.01__bs64__seed0__final.json,1,1,"{""complete"": 1}",49,4880375808,4654.2890625,133.15004665579423,105.94507729889769,105.55038499999999,17.184874,122.73525899999999,4930674688,4702.2578125,True,49,65.0,4.775510204081633,72677.0,72668.0,2026-05-28T19:53:19.880966+00:00,2026-05-28T19:55:01.287089+00:00,results/tables/gradient_diagnostics/resource_benchmarks/manifests/synthetic__synthetic-singular__synthetic__trainable-frequency-ry__L32__lr0.01__bs64__seed0__final__synthetic__synthetic-singular__synthetic__trainable-frequency-ry__L32__lr0.01__bs64__seed0__final.json,results/tables/gradient_diagnostics/resource_benchmarks/resource_samples/synthetic__synthetic-singular__synthetic__trainable-frequency-ry__L32__lr0.01__bs64__seed0__final__synthetic__synthetic-singular__synthetic__trainable-frequency-ry__L32__lr0.01__bs64__seed0__final.jsonl,"["".venv/bin/python3"", ""scripts/gradient_diagnostics.py"", ""--manifest"", ""results/tables/gradient_diagnostics/resource_benchmarks/manifests/synthetic__synthetic-singular__synthetic__trainable-frequency-ry__L32__lr0.01__bs64__seed0__final__synthetic__synthetic-singular__synthetic__trainable-frequency-ry__L32__lr0.01__bs64__seed0__final.json"", ""--mode"", ""final"", ""--runs-root"", ""results/runs"", ""--diagnostic-batch-size"", ""32"", ""--diagnostic-seed"", ""0"", ""--near-zero-tol"", ""1e-10"", ""--n-init-seeds"", ""20"", ""--fisher-batch-size"", ""32"", ""--output"", ""results/tables/gradient_diagnostics/resource_benchmarks/diagnostics/synthetic__synthetic-singular__synthetic__trainable-frequency-ry__L32__lr0.01__bs64__seed0__final__synthetic__synthetic-singular__synthetic__trainable-frequency-ry__L32__lr0.01__bs64__seed0__final.json""]",results/tables/gradient_diagnostics/resource_benchmarks/synthetic__synthetic-singular__synthetic__trainable-frequency-ry__L32__lr0.01__bs64__seed0__final_runs.csv
complete,synthetic,configs/experiments/synthetic.json,synthetic__synthetic-singular__synthetic__trainable-frequency-ry__L32__lr0.01__bs64__seed0__init,init,synthetic-singular__synthetic__trainable-frequency-ry__L32__lr0.01__bs64__seed0,synthetic-singular,synthetic,trainable-frequency-ry,32,0,0.01,64,0,580.8495025769807,results/tables/gradient_diagnostics/resource_benchmarks/diagnostics/synthetic__synthetic-singular__synthetic__trainable-frequency-ry__L32__lr0.01__bs64__seed0__init__synthetic__synthetic-singular__synthetic__trainable-frequency-ry__L32__lr0.01__bs64__seed0__init.json,1,1,"{""complete"": 1}",275,4940247040,4711.38671875,139.45159603835785,115.32297509034494,596.27603,96.222764,692.498794,5008789504,4776.75390625,True,275,25.0,5.9781818181818185,72679.0,72670.0,2026-05-28T14:32:17.687305+00:00,2026-05-28T14:41:58.536820+00:00,results/tables/gradient_diagnostics/resource_benchmarks/manifests/synthetic__synthetic-singular__synthetic__trainable-frequency-ry__L32__lr0.01__bs64__seed0__init__synthetic__synthetic-singular__synthetic__trainable-frequency-ry__L32__lr0.01__bs64__seed0__init.json,results/tables/gradient_diagnostics/resource_benchmarks/resource_samples/synthetic__synthetic-singular__synthetic__trainable-frequency-ry__L32__lr0.01__bs64__seed0__init__synthetic__synthetic-singular__synthetic__trainable-frequency-ry__L32__lr0.01__bs64__seed0__init.jsonl,"["".venv/bin/python3"", ""scripts/gradient_diagnostics.py"", ""--manifest"", ""results/tables/gradient_diagnostics/resource_benchmarks/manifests/synthetic__synthetic-singular__synthetic__trainable-frequency-ry__L32__lr0.01__bs64__seed0__init__synthetic__synthetic-singular__synthetic__trainable-frequency-ry__L32__lr0.01__bs64__seed0__init.json"", ""--mode"", ""init"", ""--runs-root"", ""results/runs"", ""--diagnostic-batch-size"", ""32"", ""--diagnostic-seed"", ""0"", ""--near-zero-tol"", ""1e-10"", ""--n-init-seeds"", ""20"", ""--fisher-batch-size"", ""32"", ""--output"", ""results/tables/gradient_diagnostics/resource_benchmarks/diagnostics/synthetic__synthetic-singular__synthetic__trainable-frequency-ry__L32__lr0.01__bs64__seed0__init__synthetic__synthetic-singular__synthetic__trainable-frequency-ry__L32__lr0.01__bs64__seed0__init.json""]",results/tables/gradient_diagnostics/resource_benchmarks/synthetic__synthetic-singular__synthetic__trainable-frequency-ry__L32__lr0.01__bs64__seed0__init_runs.csv
complete,synthetic,configs/experiments/synthetic.json,synthetic__synthetic-singular__synthetic__trainable-frequency-ry__L8__lr0.01__bs64__seed0__checkpoints,checkpoints,synthetic-singular__synthetic__trainable-frequency-ry__L8__lr0.01__bs64__seed0,synthetic-singular,synthetic,trainable-frequency-ry,8,0,0.01,64,0,147.5476439410122,results/tables/gradient_diagnostics/resource_benchmarks/diagnostics/synthetic__synthetic-singular__synthetic__trainable-frequency-ry__L8__lr0.01__bs64__seed0__checkpoints__synthetic__synthetic-singular__synthetic__trainable-frequency-ry__L8__lr0.01__bs64__seed0__checkpoints.json,8,8,"{""complete"": 8}",70,4672757760,4456.2890625,132.7754142666893,113.98497927060151,156.06584700000002,24.804864,180.87071100000003,4733734912,4514.44140625,True,70,100.0,7.585714285714285,72675.0,72666.0,2026-05-28T19:12:32.348969+00:00,2026-05-28T19:14:59.896619+00:00,results/tables/gradient_diagnostics/resource_benchmarks/manifests/synthetic__synthetic-singular__synthetic__trainable-frequency-ry__L8__lr0.01__bs64__seed0__checkpoints__synthetic__synthetic-singular__synthetic__trainable-frequency-ry__L8__lr0.01__bs64__seed0__checkpoints.json,results/tables/gradient_diagnostics/resource_benchmarks/resource_samples/synthetic__synthetic-singular__synthetic__trainable-frequency-ry__L8__lr0.01__bs64__seed0__checkpoints__synthetic__synthetic-singular__synthetic__trainable-frequency-ry__L8__lr0.01__bs64__seed0__checkpoints.jsonl,"["".venv/bin/python3"", ""scripts/gradient_diagnostics.py"", ""--manifest"", ""results/tables/gradient_diagnostics/resource_benchmarks/manifests/synthetic__synthetic-singular__synthetic__trainable-frequency-ry__L8__lr0.01__bs64__seed0__checkpoints__synthetic__synthetic-singular__synthetic__trainable-frequency-ry__L8__lr0.01__bs64__seed0__checkpoints.json"", ""--mode"", ""checkpoints"", ""--runs-root"", ""results/runs"", ""--diagnostic-batch-size"", ""32"", ""--diagnostic-seed"", ""0"", ""--near-zero-tol"", ""1e-10"", ""--n-init-seeds"", ""20"", ""--fisher-batch-size"", ""32"", ""--output"", ""results/tables/gradient_diagnostics/resource_benchmarks/diagnostics/synthetic__synthetic-singular__synthetic__trainable-frequency-ry__L8__lr0.01__bs64__seed0__checkpoints__synthetic__synthetic-singular__synthetic__trainable-frequency-ry__L8__lr0.01__bs64__seed0__checkpoints.json""]",results/tables/gradient_diagnostics/resource_benchmarks/synthetic__synthetic-singular__synthetic__trainable-frequency-ry__L8__lr0.01__bs64__seed0__checkpoints_runs.csv
complete,synthetic,configs/experiments/synthetic.json,synthetic__synthetic-singular__synthetic__trainable-frequency-ry__L8__lr0.01__bs64__seed0__final,final,synthetic-singular__synthetic__trainable-frequency-ry__L8__lr0.01__bs64__seed0,synthetic-singular,synthetic,trainable-frequency-ry,8,0,0.01,64,0,58.69094074994791,results/tables/gradient_diagnostics/resource_benchmarks/diagnostics/synthetic__synthetic-singular__synthetic__trainable-frequency-ry__L8__lr0.01__bs64__seed0__final__synthetic__synthetic-singular__synthetic__trainable-frequency-ry__L8__lr0.01__bs64__seed0__final.json,1,1,"{""complete"": 1}",28,4644360192,4429.20703125,130.42425872069103,97.8234452702041,58.778458,10.757057,69.535515,4733636608,4514.34765625,True,28,51.0,3.607142857142857,72675.0,72666.0,2026-05-28T21:13:43.617391+00:00,2026-05-28T21:14:42.308342+00:00,results/tables/gradient_diagnostics/resource_benchmarks/manifests/synthetic__synthetic-singular__synthetic__trainable-frequency-ry__L8__lr0.01__bs64__seed0__final__synthetic__synthetic-singular__synthetic__trainable-frequency-ry__L8__lr0.01__bs64__seed0__final.json,results/tables/gradient_diagnostics/resource_benchmarks/resource_samples/synthetic__synthetic-singular__synthetic__trainable-frequency-ry__L8__lr0.01__bs64__seed0__final__synthetic__synthetic-singular__synthetic__trainable-frequency-ry__L8__lr0.01__bs64__seed0__final.jsonl,"["".venv/bin/python3"", ""scripts/gradient_diagnostics.py"", ""--manifest"", ""results/tables/gradient_diagnostics/resource_benchmarks/manifests/synthetic__synthetic-singular__synthetic__trainable-frequency-ry__L8__lr0.01__bs64__seed0__final__synthetic__synthetic-singular__synthetic__trainable-frequency-ry__L8__lr0.01__bs64__seed0__final.json"", ""--mode"", ""final"", ""--runs-root"", ""results/runs"", ""--diagnostic-batch-size"", ""32"", ""--diagnostic-seed"", ""0"", ""--near-zero-tol"", ""1e-10"", ""--n-init-seeds"", ""20"", ""--fisher-batch-size"", ""32"", ""--output"", ""results/tables/gradient_diagnostics/resource_benchmarks/diagnostics/synthetic__synthetic-singular__synthetic__trainable-frequency-ry__L8__lr0.01__bs64__seed0__final__synthetic__synthetic-singular__synthetic__trainable-frequency-ry__L8__lr0.01__bs64__seed0__final.json""]",results/tables/gradient_diagnostics/resource_benchmarks/synthetic__synthetic-singular__synthetic__trainable-frequency-ry__L8__lr0.01__bs64__seed0__final_runs.csv
complete,synthetic,configs/experiments/synthetic.json,synthetic__synthetic-singular__synthetic__trainable-frequency-ry__L8__lr0.01__bs64__seed0__init,init,synthetic-singular__synthetic__trainable-frequency-ry__L8__lr0.01__bs64__seed0,synthetic-singular,synthetic,trainable-frequency-ry,8,0,0.01,64,0,172.70891139400192,results/tables/gradient_diagnostics/resource_benchmarks/diagnostics/synthetic__synthetic-singular__synthetic__trainable-frequency-ry__L8__lr0.01__bs64__seed0__init__synthetic__synthetic-singular__synthetic__trainable-frequency-ry__L8__lr0.01__bs64__seed0__init.json,1,1,"{""complete"": 1}",82,4769349632,4548.40625,135.87857301111643,117.73296660200977,189.682589,30.688041000000002,220.37063,4796780544,4574.56640625,True,82,99.0,6.5,72679.0,72670.0,2026-05-28T18:37:34.338966+00:00,2026-05-28T18:40:27.047884+00:00,results/tables/gradient_diagnostics/resource_benchmarks/manifests/synthetic__synthetic-singular__synthetic__trainable-frequency-ry__L8__lr0.01__bs64__seed0__init__synthetic__synthetic-singular__synthetic__trainable-frequency-ry__L8__lr0.01__bs64__seed0__init.json,results/tables/gradient_diagnostics/resource_benchmarks/resource_samples/synthetic__synthetic-singular__synthetic__trainable-frequency-ry__L8__lr0.01__bs64__seed0__init__synthetic__synthetic-singular__synthetic__trainable-frequency-ry__L8__lr0.01__bs64__seed0__init.jsonl,"["".venv/bin/python3"", ""scripts/gradient_diagnostics.py"", ""--manifest"", ""results/tables/gradient_diagnostics/resource_benchmarks/manifests/synthetic__synthetic-singular__synthetic__trainable-frequency-ry__L8__lr0.01__bs64__seed0__init__synthetic__synthetic-singular__synthetic__trainable-frequency-ry__L8__lr0.01__bs64__seed0__init.json"", ""--mode"", ""init"", ""--runs-root"", ""results/runs"", ""--diagnostic-batch-size"", ""32"", ""--diagnostic-seed"", ""0"", ""--near-zero-tol"", ""1e-10"", ""--n-init-seeds"", ""20"", ""--fisher-batch-size"", ""32"", ""--output"", ""results/tables/gradient_diagnostics/resource_benchmarks/diagnostics/synthetic__synthetic-singular__synthetic__trainable-frequency-ry__L8__lr0.01__bs64__seed0__init__synthetic__synthetic-singular__synthetic__trainable-frequency-ry__L8__lr0.01__bs64__seed0__init.json""]",results/tables/gradient_diagnostics/resource_benchmarks/synthetic__synthetic-singular__synthetic__trainable-frequency-ry__L8__lr0.01__bs64__seed0__init_runs.csv
complete,synthetic,configs/experiments/synthetic.json,synthetic__synthetic-singular__synthetic__trainable-patch-su4__L1__lr0.01__bs64__seed0__checkpoints,checkpoints,synthetic-singular__synthetic__trainable-patch-su4__L1__lr0.01__bs64__seed0,synthetic-singular,synthetic,trainable-patch-su4,1,0,0.01,64,0,31.309642666950822,results/tables/gradient_diagnostics/resource_benchmarks/diagnostics/synthetic__synthetic-singular__synthetic__trainable-patch-su4__L1__lr0.01__bs64__seed0__checkpoints__synthetic__synthetic-singular__synthetic__trainable-patch-su4__L1__lr0.01__bs64__seed0__checkpoints.json,8,8,"{""complete"": 8}",15,4242370560,4045.83984375,140.42283154395753,104.787425496816,32.650366000000005,6.2537910000000005,38.904157000000005,4343558144,4142.33984375,True,15,24.0,2.533333333333333,72675.0,72666.0,2026-05-28T21:53:37.083865+00:00,2026-05-28T21:54:08.393519+00:00,results/tables/gradient_diagnostics/resource_benchmarks/manifests/synthetic__synthetic-singular__synthetic__trainable-patch-su4__L1__lr0.01__bs64__seed0__checkpoints__synthetic__synthetic-singular__synthetic__trainable-patch-su4__L1__lr0.01__bs64__seed0__checkpoints.json,results/tables/gradient_diagnostics/resource_benchmarks/resource_samples/synthetic__synthetic-singular__synthetic__trainable-patch-su4__L1__lr0.01__bs64__seed0__checkpoints__synthetic__synthetic-singular__synthetic__trainable-patch-su4__L1__lr0.01__bs64__seed0__checkpoints.jsonl,"["".venv/bin/python3"", ""scripts/gradient_diagnostics.py"", ""--manifest"", ""results/tables/gradient_diagnostics/resource_benchmarks/manifests/synthetic__synthetic-singular__synthetic__trainable-patch-su4__L1__lr0.01__bs64__seed0__checkpoints__synthetic__synthetic-singular__synthetic__trainable-patch-su4__L1__lr0.01__bs64__seed0__checkpoints.json"", ""--mode"", ""checkpoints"", ""--runs-root"", ""results/runs"", ""--diagnostic-batch-size"", ""32"", ""--diagnostic-seed"", ""0"", ""--near-zero-tol"", ""1e-10"", ""--n-init-seeds"", ""20"", ""--fisher-batch-size"", ""32"", ""--output"", ""results/tables/gradient_diagnostics/resource_benchmarks/diagnostics/synthetic__synthetic-singular__synthetic__trainable-patch-su4__L1__lr0.01__bs64__seed0__checkpoints__synthetic__synthetic-singular__synthetic__trainable-patch-su4__L1__lr0.01__bs64__seed0__checkpoints.json""]",results/tables/gradient_diagnostics/resource_benchmarks/synthetic__synthetic-singular__synthetic__trainable-patch-su4__L1__lr0.01__bs64__seed0__checkpoints_runs.csv
complete,synthetic,configs/experiments/synthetic.json,synthetic__synthetic-singular__synthetic__trainable-patch-su4__L1__lr0.01__bs64__seed0__final,final,synthetic-singular__synthetic__trainable-patch-su4__L1__lr0.01__bs64__seed0,synthetic-singular,synthetic,trainable-patch-su4,1,0,0.01,64,0,26.73595019907225,results/tables/gradient_diagnostics/resource_benchmarks/diagnostics/synthetic__synthetic-singular__synthetic__trainable-patch-su4__L1__lr0.01__bs64__seed0__final__synthetic__synthetic-singular__synthetic__trainable-patch-su4__L1__lr0.01__bs64__seed0__final.json,1,1,"{""complete"": 1}",13,4225417216,4029.671875,113.11816775852174,97.78763467068633,27.016174000000003,5.280397000000001,32.296571,4328427520,4127.91015625,True,13,83.0,6.461538461538462,72675.0,72666.0,2026-05-28T23:11:45.082673+00:00,2026-05-28T23:12:11.818630+00:00,results/tables/gradient_diagnostics/resource_benchmarks/manifests/synthetic__synthetic-singular__synthetic__trainable-patch-su4__L1__lr0.01__bs64__seed0__final__synthetic__synthetic-singular__synthetic__trainable-patch-su4__L1__lr0.01__bs64__seed0__final.json,results/tables/gradient_diagnostics/resource_benchmarks/resource_samples/synthetic__synthetic-singular__synthetic__trainable-patch-su4__L1__lr0.01__bs64__seed0__final__synthetic__synthetic-singular__synthetic__trainable-patch-su4__L1__lr0.01__bs64__seed0__final.jsonl,"["".venv/bin/python3"", ""scripts/gradient_diagnostics.py"", ""--manifest"", ""results/tables/gradient_diagnostics/resource_benchmarks/manifests/synthetic__synthetic-singular__synthetic__trainable-patch-su4__L1__lr0.01__bs64__seed0__final__synthetic__synthetic-singular__synthetic__trainable-patch-su4__L1__lr0.01__bs64__seed0__final.json"", ""--mode"", ""final"", ""--runs-root"", ""results/runs"", ""--diagnostic-batch-size"", ""32"", ""--diagnostic-seed"", ""0"", ""--near-zero-tol"", ""1e-10"", ""--n-init-seeds"", ""20"", ""--fisher-batch-size"", ""32"", ""--output"", ""results/tables/gradient_diagnostics/resource_benchmarks/diagnostics/synthetic__synthetic-singular__synthetic__trainable-patch-su4__L1__lr0.01__bs64__seed0__final__synthetic__synthetic-singular__synthetic__trainable-patch-su4__L1__lr0.01__bs64__seed0__final.json""]",results/tables/gradient_diagnostics/resource_benchmarks/synthetic__synthetic-singular__synthetic__trainable-patch-su4__L1__lr0.01__bs64__seed0__final_runs.csv
complete,synthetic,configs/experiments/synthetic.json,synthetic__synthetic-singular__synthetic__trainable-patch-su4__L1__lr0.01__bs64__seed0__init,init,synthetic-singular__synthetic__trainable-patch-su4__L1__lr0.01__bs64__seed0,synthetic-singular,synthetic,trainable-patch-su4,1,0,0.01,64,0,41.64528037398122,results/tables/gradient_diagnostics/resource_benchmarks/diagnostics/synthetic__synthetic-singular__synthetic__trainable-patch-su4__L1__lr0.01__bs64__seed0__init__synthetic__synthetic-singular__synthetic__trainable-patch-su4__L1__lr0.01__bs64__seed0__init.json,1,1,"{""complete"": 1}",20,4380438528,4177.51171875,143.5964127553379,99.40976215370146,43.057494999999996,7.812592,50.870087,4388098048,4184.81640625,True,20,100.0,6.05,72677.0,72668.0,2026-05-28T21:54:20.251321+00:00,2026-05-28T21:55:01.896613+00:00,results/tables/gradient_diagnostics/resource_benchmarks/manifests/synthetic__synthetic-singular__synthetic__trainable-patch-su4__L1__lr0.01__bs64__seed0__init__synthetic__synthetic-singular__synthetic__trainable-patch-su4__L1__lr0.01__bs64__seed0__init.json,results/tables/gradient_diagnostics/resource_benchmarks/resource_samples/synthetic__synthetic-singular__synthetic__trainable-patch-su4__L1__lr0.01__bs64__seed0__init__synthetic__synthetic-singular__synthetic__trainable-patch-su4__L1__lr0.01__bs64__seed0__init.jsonl,"["".venv/bin/python3"", ""scripts/gradient_diagnostics.py"", ""--manifest"", ""results/tables/gradient_diagnostics/resource_benchmarks/manifests/synthetic__synthetic-singular__synthetic__trainable-patch-su4__L1__lr0.01__bs64__seed0__init__synthetic__synthetic-singular__synthetic__trainable-patch-su4__L1__lr0.01__bs64__seed0__init.json"", ""--mode"", ""init"", ""--runs-root"", ""results/runs"", ""--diagnostic-batch-size"", ""32"", ""--diagnostic-seed"", ""0"", ""--near-zero-tol"", ""1e-10"", ""--n-init-seeds"", ""20"", ""--fisher-batch-size"", ""32"", ""--output"", ""results/tables/gradient_diagnostics/resource_benchmarks/diagnostics/synthetic__synthetic-singular__synthetic__trainable-patch-su4__L1__lr0.01__bs64__seed0__init__synthetic__synthetic-singular__synthetic__trainable-patch-su4__L1__lr0.01__bs64__seed0__init.json""]",results/tables/gradient_diagnostics/resource_benchmarks/synthetic__synthetic-singular__synthetic__trainable-patch-su4__L1__lr0.01__bs64__seed0__init_runs.csv
complete,synthetic,configs/experiments/synthetic.json,synthetic__synthetic-singular__synthetic__trainable-patch-su4__L32__lr0.01__bs64__seed0__checkpoints,checkpoints,synthetic-singular__synthetic__trainable-patch-su4__L32__lr0.01__bs64__seed0,synthetic-singular,synthetic,trainable-patch-su4,32,0,0.01,64,0,222.39479790907353,results/tables/gradient_diagnostics/resource_benchmarks/diagnostics/synthetic__synthetic-singular__synthetic__trainable-patch-su4__L32__lr0.01__bs64__seed0__checkpoints__synthetic__synthetic-singular__synthetic__trainable-patch-su4__L32__lr0.01__bs64__seed0__checkpoints.json,8,8,"{""complete"": 8}",106,4783460352,4561.86328125,148.3418842562854,126.69430934246972,248.973028,46.050979999999996,295.024008,4836278272,4612.234375,True,106,57.0,3.6792452830188678,72677.0,72668.0,2026-05-28T18:13:50.983171+00:00,2026-05-28T18:17:33.377980+00:00,results/tables/gradient_diagnostics/resource_benchmarks/manifests/synthetic__synthetic-singular__synthetic__trainable-patch-su4__L32__lr0.01__bs64__seed0__checkpoints__synthetic__synthetic-singular__synthetic__trainable-patch-su4__L32__lr0.01__bs64__seed0__checkpoints.json,results/tables/gradient_diagnostics/resource_benchmarks/resource_samples/synthetic__synthetic-singular__synthetic__trainable-patch-su4__L32__lr0.01__bs64__seed0__checkpoints__synthetic__synthetic-singular__synthetic__trainable-patch-su4__L32__lr0.01__bs64__seed0__checkpoints.jsonl,"["".venv/bin/python3"", ""scripts/gradient_diagnostics.py"", ""--manifest"", ""results/tables/gradient_diagnostics/resource_benchmarks/manifests/synthetic__synthetic-singular__synthetic__trainable-patch-su4__L32__lr0.01__bs64__seed0__checkpoints__synthetic__synthetic-singular__synthetic__trainable-patch-su4__L32__lr0.01__bs64__seed0__checkpoints.json"", ""--mode"", ""checkpoints"", ""--runs-root"", ""results/runs"", ""--diagnostic-batch-size"", ""32"", ""--diagnostic-seed"", ""0"", ""--near-zero-tol"", ""1e-10"", ""--n-init-seeds"", ""20"", ""--fisher-batch-size"", ""32"", ""--output"", ""results/tables/gradient_diagnostics/resource_benchmarks/diagnostics/synthetic__synthetic-singular__synthetic__trainable-patch-su4__L32__lr0.01__bs64__seed0__checkpoints__synthetic__synthetic-singular__synthetic__trainable-patch-su4__L32__lr0.01__bs64__seed0__checkpoints.json""]",results/tables/gradient_diagnostics/resource_benchmarks/synthetic__synthetic-singular__synthetic__trainable-patch-su4__L32__lr0.01__bs64__seed0__checkpoints_runs.csv
complete,synthetic,configs/experiments/synthetic.json,synthetic__synthetic-singular__synthetic__trainable-patch-su4__L32__lr0.01__bs64__seed0__final,final,synthetic-singular__synthetic__trainable-patch-su4__L32__lr0.01__bs64__seed0,synthetic-singular,synthetic,trainable-patch-su4,32,0,0.01,64,0,66.31586370209698,results/tables/gradient_diagnostics/resource_benchmarks/diagnostics/synthetic__synthetic-singular__synthetic__trainable-patch-su4__L32__lr0.01__bs64__seed0__final__synthetic__synthetic-singular__synthetic__trainable-patch-su4__L32__lr0.01__bs64__seed0__final.json,1,1,"{""complete"": 1}",32,4737744896,4518.265625,147.61583570387046,101.49353510791707,66.987459,11.83645,78.823909,4824043520,4600.56640625,True,32,12.0,1.875,72677.0,72668.0,2026-05-28T21:21:26.728844+00:00,2026-05-28T21:22:33.044720+00:00,results/tables/gradient_diagnostics/resource_benchmarks/manifests/synthetic__synthetic-singular__synthetic__trainable-patch-su4__L32__lr0.01__bs64__seed0__final__synthetic__synthetic-singular__synthetic__trainable-patch-su4__L32__lr0.01__bs64__seed0__final.json,results/tables/gradient_diagnostics/resource_benchmarks/resource_samples/synthetic__synthetic-singular__synthetic__trainable-patch-su4__L32__lr0.01__bs64__seed0__final__synthetic__synthetic-singular__synthetic__trainable-patch-su4__L32__lr0.01__bs64__seed0__final.jsonl,"["".venv/bin/python3"", ""scripts/gradient_diagnostics.py"", ""--manifest"", ""results/tables/gradient_diagnostics/resource_benchmarks/manifests/synthetic__synthetic-singular__synthetic__trainable-patch-su4__L32__lr0.01__bs64__seed0__final__synthetic__synthetic-singular__synthetic__trainable-patch-su4__L32__lr0.01__bs64__seed0__final.json"", ""--mode"", ""final"", ""--runs-root"", ""results/runs"", ""--diagnostic-batch-size"", ""32"", ""--diagnostic-seed"", ""0"", ""--near-zero-tol"", ""1e-10"", ""--n-init-seeds"", ""20"", ""--fisher-batch-size"", ""32"", ""--output"", ""results/tables/gradient_diagnostics/resource_benchmarks/diagnostics/synthetic__synthetic-singular__synthetic__trainable-patch-su4__L32__lr0.01__bs64__seed0__final__synthetic__synthetic-singular__synthetic__trainable-patch-su4__L32__lr0.01__bs64__seed0__final.json""]",results/tables/gradient_diagnostics/resource_benchmarks/synthetic__synthetic-singular__synthetic__trainable-patch-su4__L32__lr0.01__bs64__seed0__final_runs.csv
complete,synthetic,configs/experiments/synthetic.json,synthetic__synthetic-singular__synthetic__trainable-patch-su4__L32__lr0.01__bs64__seed0__init,init,synthetic-singular__synthetic__trainable-patch-su4__L32__lr0.01__bs64__seed0,synthetic-singular,synthetic,trainable-patch-su4,32,0,0.01,64,0,269.45722083596047,results/tables/gradient_diagnostics/resource_benchmarks/diagnostics/synthetic__synthetic-singular__synthetic__trainable-patch-su4__L32__lr0.01__bs64__seed0__init__synthetic__synthetic-singular__synthetic__trainable-patch-su4__L32__lr0.01__bs64__seed0__init.json,1,1,"{""complete"": 1}",128,4874039296,4648.24609375,147.63427846659434,129.2797376812462,305.853321,59.142237,364.995558,4945633280,4716.5234375,True,128,100.0,4.1875,72677.0,72668.0,2026-05-28T17:16:42.741413+00:00,2026-05-28T17:21:12.198647+00:00,results/tables/gradient_diagnostics/resource_benchmarks/manifests/synthetic__synthetic-singular__synthetic__trainable-patch-su4__L32__lr0.01__bs64__seed0__init__synthetic__synthetic-singular__synthetic__trainable-patch-su4__L32__lr0.01__bs64__seed0__init.json,results/tables/gradient_diagnostics/resource_benchmarks/resource_samples/synthetic__synthetic-singular__synthetic__trainable-patch-su4__L32__lr0.01__bs64__seed0__init__synthetic__synthetic-singular__synthetic__trainable-patch-su4__L32__lr0.01__bs64__seed0__init.jsonl,"["".venv/bin/python3"", ""scripts/gradient_diagnostics.py"", ""--manifest"", ""results/tables/gradient_diagnostics/resource_benchmarks/manifests/synthetic__synthetic-singular__synthetic__trainable-patch-su4__L32__lr0.01__bs64__seed0__init__synthetic__synthetic-singular__synthetic__trainable-patch-su4__L32__lr0.01__bs64__seed0__init.json"", ""--mode"", ""init"", ""--runs-root"", ""results/runs"", ""--diagnostic-batch-size"", ""32"", ""--diagnostic-seed"", ""0"", ""--near-zero-tol"", ""1e-10"", ""--n-init-seeds"", ""20"", ""--fisher-batch-size"", ""32"", ""--output"", ""results/tables/gradient_diagnostics/resource_benchmarks/diagnostics/synthetic__synthetic-singular__synthetic__trainable-patch-su4__L32__lr0.01__bs64__seed0__init__synthetic__synthetic-singular__synthetic__trainable-patch-su4__L32__lr0.01__bs64__seed0__init.json""]",results/tables/gradient_diagnostics/resource_benchmarks/synthetic__synthetic-singular__synthetic__trainable-patch-su4__L32__lr0.01__bs64__seed0__init_runs.csv
complete,synthetic,configs/experiments/synthetic.json,synthetic__synthetic-singular__synthetic__trainable-patch-su4__L8__lr0.01__bs64__seed0__checkpoints,checkpoints,synthetic-singular__synthetic__trainable-patch-su4__L8__lr0.01__bs64__seed0,synthetic-singular,synthetic,trainable-patch-su4,8,0,0.01,64,0,78.65243564604316,results/tables/gradient_diagnostics/resource_benchmarks/diagnostics/synthetic__synthetic-singular__synthetic__trainable-patch-su4__L8__lr0.01__bs64__seed0__checkpoints__synthetic__synthetic-singular__synthetic__trainable-patch-su4__L8__lr0.01__bs64__seed0__checkpoints.json,8,8,"{""complete_dirty_git"": 8}",38,4373237760,4170.64453125,143.32345085799128,112.8055945980548,81.389263,15.751853999999998,97.141117,4444139520,4238.26171875,True,38,57.0,3.8157894736842106,72675.0,72666.0,2026-05-28T20:05:35.842067+00:00,2026-05-28T20:06:54.494514+00:00,results/tables/gradient_diagnostics/resource_benchmarks/manifests/synthetic__synthetic-singular__synthetic__trainable-patch-su4__L8__lr0.01__bs64__seed0__checkpoints__synthetic__synthetic-singular__synthetic__trainable-patch-su4__L8__lr0.01__bs64__seed0__checkpoints.json,results/tables/gradient_diagnostics/resource_benchmarks/resource_samples/synthetic__synthetic-singular__synthetic__trainable-patch-su4__L8__lr0.01__bs64__seed0__checkpoints__synthetic__synthetic-singular__synthetic__trainable-patch-su4__L8__lr0.01__bs64__seed0__checkpoints.jsonl,"["".venv/bin/python3"", ""scripts/gradient_diagnostics.py"", ""--manifest"", ""results/tables/gradient_diagnostics/resource_benchmarks/manifests/synthetic__synthetic-singular__synthetic__trainable-patch-su4__L8__lr0.01__bs64__seed0__checkpoints__synthetic__synthetic-singular__synthetic__trainable-patch-su4__L8__lr0.01__bs64__seed0__checkpoints.json"", ""--mode"", ""checkpoints"", ""--runs-root"", ""results/runs"", ""--diagnostic-batch-size"", ""32"", ""--diagnostic-seed"", ""0"", ""--near-zero-tol"", ""1e-10"", ""--n-init-seeds"", ""20"", ""--fisher-batch-size"", ""32"", ""--output"", ""results/tables/gradient_diagnostics/resource_benchmarks/diagnostics/synthetic__synthetic-singular__synthetic__trainable-patch-su4__L8__lr0.01__bs64__seed0__checkpoints__synthetic__synthetic-singular__synthetic__trainable-patch-su4__L8__lr0.01__bs64__seed0__checkpoints.json""]",results/tables/gradient_diagnostics/resource_benchmarks/synthetic__synthetic-singular__synthetic__trainable-patch-su4__L8__lr0.01__bs64__seed0__checkpoints_runs.csv
complete,synthetic,configs/experiments/synthetic.json,synthetic__synthetic-singular__synthetic__trainable-patch-su4__L8__lr0.01__bs64__seed0__final,final,synthetic-singular__synthetic__trainable-patch-su4__L8__lr0.01__bs64__seed0,synthetic-singular,synthetic,trainable-patch-su4,8,0,0.01,64,0,35.65932417602744,results/tables/gradient_diagnostics/resource_benchmarks/diagnostics/synthetic__synthetic-singular__synthetic__trainable-patch-su4__L8__lr0.01__bs64__seed0__final__synthetic__synthetic-singular__synthetic__trainable-patch-su4__L8__lr0.01__bs64__seed0__final.json,1,1,"{""complete_dirty_git"": 1}",17,4355678208,4153.8984375,122.51070492471214,100.0239563577269,36.414774,6.619979000000001,43.034753,4457926656,4251.41015625,True,17,15.0,1.588235294117647,72675.0,72666.0,2026-05-28T22:08:05.062652+00:00,2026-05-28T22:08:40.721989+00:00,results/tables/gradient_diagnostics/resource_benchmarks/manifests/synthetic__synthetic-singular__synthetic__trainable-patch-su4__L8__lr0.01__bs64__seed0__final__synthetic__synthetic-singular__synthetic__trainable-patch-su4__L8__lr0.01__bs64__seed0__final.json,results/tables/gradient_diagnostics/resource_benchmarks/resource_samples/synthetic__synthetic-singular__synthetic__trainable-patch-su4__L8__lr0.01__bs64__seed0__final__synthetic__synthetic-singular__synthetic__trainable-patch-su4__L8__lr0.01__bs64__seed0__final.jsonl,"["".venv/bin/python3"", ""scripts/gradient_diagnostics.py"", ""--manifest"", ""results/tables/gradient_diagnostics/resource_benchmarks/manifests/synthetic__synthetic-singular__synthetic__trainable-patch-su4__L8__lr0.01__bs64__seed0__final__synthetic__synthetic-singular__synthetic__trainable-patch-su4__L8__lr0.01__bs64__seed0__final.json"", ""--mode"", ""final"", ""--runs-root"", ""results/runs"", ""--diagnostic-batch-size"", ""32"", ""--diagnostic-seed"", ""0"", ""--near-zero-tol"", ""1e-10"", ""--n-init-seeds"", ""20"", ""--fisher-batch-size"", ""32"", ""--output"", ""results/tables/gradient_diagnostics/resource_benchmarks/diagnostics/synthetic__synthetic-singular__synthetic__trainable-patch-su4__L8__lr0.01__bs64__seed0__final__synthetic__synthetic-singular__synthetic__trainable-patch-su4__L8__lr0.01__bs64__seed0__final.json""]",results/tables/gradient_diagnostics/resource_benchmarks/synthetic__synthetic-singular__synthetic__trainable-patch-su4__L8__lr0.01__bs64__seed0__final_runs.csv
complete,synthetic,configs/experiments/synthetic.json,synthetic__synthetic-singular__synthetic__trainable-patch-su4__L8__lr0.01__bs64__seed0__init,init,synthetic-singular__synthetic__trainable-patch-su4__L8__lr0.01__bs64__seed0,synthetic-singular,synthetic,trainable-patch-su4,8,0,0.01,64,0,97.02264921099413,results/tables/gradient_diagnostics/resource_benchmarks/diagnostics/synthetic__synthetic-singular__synthetic__trainable-patch-su4__L8__lr0.01__bs64__seed0__init__synthetic__synthetic-singular__synthetic__trainable-patch-su4__L8__lr0.01__bs64__seed0__init.json,1,1,"{""complete"": 1}",46,4480851968,4273.2734375,146.71217481456657,116.2937430097794,105.434948,20.106165,125.54111300000001,4503998464,4295.34765625,True,46,100.0,4.717391304347826,72679.0,72670.0,2026-05-28T19:49:27.939917+00:00,2026-05-28T19:51:04.962579+00:00,results/tables/gradient_diagnostics/resource_benchmarks/manifests/synthetic__synthetic-singular__synthetic__trainable-patch-su4__L8__lr0.01__bs64__seed0__init__synthetic__synthetic-singular__synthetic__trainable-patch-su4__L8__lr0.01__bs64__seed0__init.json,results/tables/gradient_diagnostics/resource_benchmarks/resource_samples/synthetic__synthetic-singular__synthetic__trainable-patch-su4__L8__lr0.01__bs64__seed0__init__synthetic__synthetic-singular__synthetic__trainable-patch-su4__L8__lr0.01__bs64__seed0__init.jsonl,"["".venv/bin/python3"", ""scripts/gradient_diagnostics.py"", ""--manifest"", ""results/tables/gradient_diagnostics/resource_benchmarks/manifests/synthetic__synthetic-singular__synthetic__trainable-patch-su4__L8__lr0.01__bs64__seed0__init__synthetic__synthetic-singular__synthetic__trainable-patch-su4__L8__lr0.01__bs64__seed0__init.json"", ""--mode"", ""init"", ""--runs-root"", ""results/runs"", ""--diagnostic-batch-size"", ""32"", ""--diagnostic-seed"", ""0"", ""--near-zero-tol"", ""1e-10"", ""--n-init-seeds"", ""20"", ""--fisher-batch-size"", ""32"", ""--output"", ""results/tables/gradient_diagnostics/resource_benchmarks/diagnostics/synthetic__synthetic-singular__synthetic__trainable-patch-su4__L8__lr0.01__bs64__seed0__init__synthetic__synthetic-singular__synthetic__trainable-patch-su4__L8__lr0.01__bs64__seed0__init.json""]",results/tables/gradient_diagnostics/resource_benchmarks/synthetic__synthetic-singular__synthetic__trainable-patch-su4__L8__lr0.01__bs64__seed0__init_runs.csv
