status,manifest_id,job_slug,run_dir,dataset,representation,encoder,depth,seed,learning_rate,batch_size,steps,standardize,initial_state,projector_renormalize,track_readout_leakage,final_validation_loss,final_validation_accuracy,final_test_loss,final_test_accuracy,best_validation_accuracy,validation_accuracy_auc,time_to_target_step,wall_time_seconds,mean_readout_leakage_mass,parameter_count,n_qubits,hilbert_dim,git_commit,git_dirty
complete,synthetic,synthetic-eigengap__synthetic__symmetric-hamiltonian__L16__lr0.01__bs64__seed0,results/runs/synthetic_ablation_eigenvector-only/synthetic-eigengap__synthetic__symmetric-hamiltonian__L16__lr0.01__bs64__seed0_seed0,synthetic-eigengap,synthetic,symmetric-hamiltonian,16,0,0.01,64,2000,True,plus,True,False,0.6813165401084094,0.6067073170731707,0.67401865985245,0.5982905982905983,0.6067073170731707,1068.1402439024391,,44.6780641078949,,256,2,4,6e3df8c2ae7503394992a62eaa877ace7721f2bc,False
complete,synthetic,synthetic-eigengap__synthetic__symmetric-hamiltonian__L16__lr0.01__bs64__seed10,results/runs/synthetic_ablation_eigenvector-only/synthetic-eigengap__synthetic__symmetric-hamiltonian__L16__lr0.01__bs64__seed10_seed10,synthetic-eigengap,synthetic,symmetric-hamiltonian,16,10,0.01,64,2000,True,plus,True,False,0.6778700401853012,0.5853658536585366,0.6778599298571847,0.590964590964591,0.5975609756097561,1060.6707317073171,,46.72245383262634,,256,2,4,6e3df8c2ae7503394992a62eaa877ace7721f2bc,False
complete,synthetic,synthetic-eigengap__synthetic__symmetric-hamiltonian__L16__lr0.01__bs64__seed11,results/runs/synthetic_ablation_eigenvector-only/synthetic-eigengap__synthetic__symmetric-hamiltonian__L16__lr0.01__bs64__seed11_seed11,synthetic-eigengap,synthetic,symmetric-hamiltonian,16,11,0.01,64,2000,True,plus,True,False,0.6696993188041049,0.5701219512195121,0.6810476383348726,0.5616605616605617,0.5975609756097561,1039.7865853658536,,44.54269075393677,,256,2,4,6e3df8c2ae7503394992a62eaa877ace7721f2bc,False
complete,synthetic,synthetic-eigengap__synthetic__symmetric-hamiltonian__L16__lr0.01__bs64__seed12,results/runs/synthetic_ablation_eigenvector-only/synthetic-eigengap__synthetic__symmetric-hamiltonian__L16__lr0.01__bs64__seed12_seed12,synthetic-eigengap,synthetic,symmetric-hamiltonian,16,12,0.01,64,2000,True,plus,True,False,0.689858775606055,0.5792682926829268,0.6809961315372982,0.6031746031746031,0.5945121951219512,1064.0243902439024,,44.73452711105347,,256,2,4,6e3df8c2ae7503394992a62eaa877ace7721f2bc,False
complete,synthetic,synthetic-eigengap__synthetic__symmetric-hamiltonian__L16__lr0.01__bs64__seed13,results/runs/synthetic_ablation_eigenvector-only/synthetic-eigengap__synthetic__symmetric-hamiltonian__L16__lr0.01__bs64__seed13_seed13,synthetic-eigengap,synthetic,symmetric-hamiltonian,16,13,0.01,64,2000,True,plus,True,False,0.6951280659874435,0.5914634146341463,0.6892930453966537,0.612942612942613,0.5945121951219512,1067.6829268292681,,42.8565514087677,,256,2,4,6e3df8c2ae7503394992a62eaa877ace7721f2bc,False
complete,synthetic,synthetic-eigengap__synthetic__symmetric-hamiltonian__L16__lr0.01__bs64__seed14,results/runs/synthetic_ablation_eigenvector-only/synthetic-eigengap__synthetic__symmetric-hamiltonian__L16__lr0.01__bs64__seed14_seed14,synthetic-eigengap,synthetic,symmetric-hamiltonian,16,14,0.01,64,2000,True,plus,True,False,0.690998193656266,0.5914634146341463,0.6834640434215861,0.612942612942613,0.5914634146341463,1070.4268292682925,,45.50682187080383,,256,2,4,6e3df8c2ae7503394992a62eaa877ace7721f2bc,False
complete,synthetic,synthetic-eigengap__synthetic__symmetric-hamiltonian__L16__lr0.01__bs64__seed15,results/runs/synthetic_ablation_eigenvector-only/synthetic-eigengap__synthetic__symmetric-hamiltonian__L16__lr0.01__bs64__seed15_seed15,synthetic-eigengap,synthetic,symmetric-hamiltonian,16,15,0.01,64,2000,True,plus,True,False,0.6889487851787732,0.5914634146341463,0.6785872852365662,0.612942612942613,0.5975609756097561,1070.7317073170732,,42.114890575408936,,256,2,4,6e3df8c2ae7503394992a62eaa877ace7721f2bc,False
complete,synthetic,synthetic-eigengap__synthetic__symmetric-hamiltonian__L16__lr0.01__bs64__seed16,results/runs/synthetic_ablation_eigenvector-only/synthetic-eigengap__synthetic__symmetric-hamiltonian__L16__lr0.01__bs64__seed16_seed16,synthetic-eigengap,synthetic,symmetric-hamiltonian,16,16,0.01,64,2000,True,plus,True,False,0.6816500497560648,0.5914634146341463,0.6829543731520179,0.612942612942613,0.5914634146341463,1055.7926829268292,,43.693960666656494,,256,2,4,6e3df8c2ae7503394992a62eaa877ace7721f2bc,False
complete,synthetic,synthetic-eigengap__synthetic__symmetric-hamiltonian__L16__lr0.01__bs64__seed17,results/runs/synthetic_ablation_eigenvector-only/synthetic-eigengap__synthetic__symmetric-hamiltonian__L16__lr0.01__bs64__seed17_seed17,synthetic-eigengap,synthetic,symmetric-hamiltonian,16,17,0.01,64,2000,True,plus,True,False,0.6749104247391939,0.5914634146341463,0.6704628279431653,0.612942612942613,0.5945121951219512,1083.841463414634,,45.4481737613678,,256,2,4,6e3df8c2ae7503394992a62eaa877ace7721f2bc,False
complete,synthetic,synthetic-eigengap__synthetic__symmetric-hamiltonian__L16__lr0.01__bs64__seed18,results/runs/synthetic_ablation_eigenvector-only/synthetic-eigengap__synthetic__symmetric-hamiltonian__L16__lr0.01__bs64__seed18_seed18,synthetic-eigengap,synthetic,symmetric-hamiltonian,16,18,0.01,64,2000,True,plus,True,False,0.7051626379337891,0.5914634146341463,0.6974602829888171,0.612942612942613,0.5945121951219512,1063.1097560975609,,44.31389141082764,,256,2,4,6e3df8c2ae7503394992a62eaa877ace7721f2bc,False
complete,synthetic,synthetic-eigengap__synthetic__symmetric-hamiltonian__L16__lr0.01__bs64__seed19,results/runs/synthetic_ablation_eigenvector-only/synthetic-eigengap__synthetic__symmetric-hamiltonian__L16__lr0.01__bs64__seed19_seed19,synthetic-eigengap,synthetic,symmetric-hamiltonian,16,19,0.01,64,2000,True,plus,True,False,0.674794995530905,0.5823170731707317,0.6734281742575592,0.612942612942613,0.5975609756097561,1073.3231707317073,,44.40479779243469,,256,2,4,6e3df8c2ae7503394992a62eaa877ace7721f2bc,False
complete,synthetic,synthetic-eigengap__synthetic__symmetric-hamiltonian__L16__lr0.01__bs64__seed1,results/runs/synthetic_ablation_eigenvector-only/synthetic-eigengap__synthetic__symmetric-hamiltonian__L16__lr0.01__bs64__seed1_seed1,synthetic-eigengap,synthetic,symmetric-hamiltonian,16,1,0.01,64,2000,True,plus,True,False,0.6705707005604584,0.5914634146341463,0.6692163029401611,0.612942612942613,0.5914634146341463,1059.7560975609754,,43.02240800857544,,256,2,4,6e3df8c2ae7503394992a62eaa877ace7721f2bc,False
complete,synthetic,synthetic-eigengap__synthetic__symmetric-hamiltonian__L16__lr0.01__bs64__seed2,results/runs/synthetic_ablation_eigenvector-only/synthetic-eigengap__synthetic__symmetric-hamiltonian__L16__lr0.01__bs64__seed2_seed2,synthetic-eigengap,synthetic,symmetric-hamiltonian,16,2,0.01,64,2000,True,plus,True,False,0.6790928549176144,0.5884146341463414,0.6980452883421447,0.5067155067155067,0.5945121951219512,1052.8963414634145,,42.15088725090027,,256,2,4,6e3df8c2ae7503394992a62eaa877ace7721f2bc,False
complete,synthetic,synthetic-eigengap__synthetic__symmetric-hamiltonian__L16__lr0.01__bs64__seed3,results/runs/synthetic_ablation_eigenvector-only/synthetic-eigengap__synthetic__symmetric-hamiltonian__L16__lr0.01__bs64__seed3_seed3,synthetic-eigengap,synthetic,symmetric-hamiltonian,16,3,0.01,64,2000,True,plus,True,False,0.675099097394334,0.5762195121951219,0.6740524679127138,0.6068376068376068,0.5945121951219512,1049.2378048780488,,44.59270167350769,,256,2,4,6e3df8c2ae7503394992a62eaa877ace7721f2bc,False
complete,synthetic,synthetic-eigengap__synthetic__symmetric-hamiltonian__L16__lr0.01__bs64__seed4,results/runs/synthetic_ablation_eigenvector-only/synthetic-eigengap__synthetic__symmetric-hamiltonian__L16__lr0.01__bs64__seed4_seed4,synthetic-eigengap,synthetic,symmetric-hamiltonian,16,4,0.01,64,2000,True,plus,True,False,0.7317890213153999,0.5914634146341463,0.7065632155040732,0.612942612942613,0.6158536585365854,1067.0731707317075,,43.877482891082764,,256,2,4,6e3df8c2ae7503394992a62eaa877ace7721f2bc,False
complete,synthetic,synthetic-eigengap__synthetic__symmetric-hamiltonian__L16__lr0.01__bs64__seed5,results/runs/synthetic_ablation_eigenvector-only/synthetic-eigengap__synthetic__symmetric-hamiltonian__L16__lr0.01__bs64__seed5_seed5,synthetic-eigengap,synthetic,symmetric-hamiltonian,16,5,0.01,64,2000,True,plus,True,False,0.7028672612906836,0.5030487804878049,0.7046649259747166,0.47374847374847373,0.600609756097561,1079.1158536585365,,45.14920496940613,,256,2,4,6e3df8c2ae7503394992a62eaa877ace7721f2bc,False
complete,synthetic,synthetic-eigengap__synthetic__symmetric-hamiltonian__L16__lr0.01__bs64__seed6,results/runs/synthetic_ablation_eigenvector-only/synthetic-eigengap__synthetic__symmetric-hamiltonian__L16__lr0.01__bs64__seed6_seed6,synthetic-eigengap,synthetic,symmetric-hamiltonian,16,6,0.01,64,2000,True,plus,True,False,0.685387853762039,0.5457317073170732,0.6835436459866812,0.575091575091575,0.6158536585365854,1062.65243902439,,43.3679678440094,,256,2,4,6e3df8c2ae7503394992a62eaa877ace7721f2bc,False
complete,synthetic,synthetic-eigengap__synthetic__symmetric-hamiltonian__L16__lr0.01__bs64__seed7,results/runs/synthetic_ablation_eigenvector-only/synthetic-eigengap__synthetic__symmetric-hamiltonian__L16__lr0.01__bs64__seed7_seed7,synthetic-eigengap,synthetic,symmetric-hamiltonian,16,7,0.01,64,2000,True,plus,True,False,0.676229734395963,0.5914634146341463,0.6832491549057432,0.5787545787545788,0.600609756097561,1097.560975609756,,44.41589021682739,,256,2,4,6e3df8c2ae7503394992a62eaa877ace7721f2bc,False
complete,synthetic,synthetic-eigengap__synthetic__symmetric-hamiltonian__L16__lr0.01__bs64__seed8,results/runs/synthetic_ablation_eigenvector-only/synthetic-eigengap__synthetic__symmetric-hamiltonian__L16__lr0.01__bs64__seed8_seed8,synthetic-eigengap,synthetic,symmetric-hamiltonian,16,8,0.01,64,2000,True,plus,True,False,0.6904906659692651,0.5945121951219512,0.6825950766340287,0.612942612942613,0.5945121951219512,1040.7012195121952,,43.40470218658447,,256,2,4,6e3df8c2ae7503394992a62eaa877ace7721f2bc,False
complete,synthetic,synthetic-eigengap__synthetic__symmetric-hamiltonian__L16__lr0.01__bs64__seed9,results/runs/synthetic_ablation_eigenvector-only/synthetic-eigengap__synthetic__symmetric-hamiltonian__L16__lr0.01__bs64__seed9_seed9,synthetic-eigengap,synthetic,symmetric-hamiltonian,16,9,0.01,64,2000,True,plus,True,False,0.7000047698119708,0.49085365853658536,0.7114980788958674,0.4554334554334554,0.600609756097561,1096.7987804878048,,43.96937298774719,,256,2,4,6e3df8c2ae7503394992a62eaa877ace7721f2bc,False
complete,synthetic,synthetic-eigengap__synthetic__symmetric-hamiltonian__L1__lr0.01__bs64__seed0,results/runs/synthetic_ablation_eigenvector-only/synthetic-eigengap__synthetic__symmetric-hamiltonian__L1__lr0.01__bs64__seed0_seed0,synthetic-eigengap,synthetic,symmetric-hamiltonian,1,0,0.01,64,2000,True,plus,True,False,0.6735196416710909,0.5914634146341463,0.668208148805807,0.612942612942613,0.600609756097561,1125.0,,16.117974281311035,,16,2,4,6e3df8c2ae7503394992a62eaa877ace7721f2bc,False
complete,synthetic,synthetic-eigengap__synthetic__symmetric-hamiltonian__L1__lr0.01__bs64__seed10,results/runs/synthetic_ablation_eigenvector-only/synthetic-eigengap__synthetic__symmetric-hamiltonian__L1__lr0.01__bs64__seed10_seed10,synthetic-eigengap,synthetic,symmetric-hamiltonian,1,10,0.01,64,2000,True,plus,True,False,0.6756125690990774,0.5914634146341463,0.6707366379730471,0.612942612942613,0.600609756097561,1124.8475609756097,,15.733642339706421,,16,2,4,6e3df8c2ae7503394992a62eaa877ace7721f2bc,False
complete,synthetic,synthetic-eigengap__synthetic__symmetric-hamiltonian__L1__lr0.01__bs64__seed11,results/runs/synthetic_ablation_eigenvector-only/synthetic-eigengap__synthetic__symmetric-hamiltonian__L1__lr0.01__bs64__seed11_seed11,synthetic-eigengap,synthetic,symmetric-hamiltonian,1,11,0.01,64,2000,True,plus,True,False,0.6710177539736939,0.5914634146341463,0.6699381695797411,0.6117216117216118,0.6158536585365854,1126.371951219512,,16.509429216384888,,16,2,4,6e3df8c2ae7503394992a62eaa877ace7721f2bc,False
complete,synthetic,synthetic-eigengap__synthetic__symmetric-hamiltonian__L1__lr0.01__bs64__seed12,results/runs/synthetic_ablation_eigenvector-only/synthetic-eigengap__synthetic__symmetric-hamiltonian__L1__lr0.01__bs64__seed12_seed12,synthetic-eigengap,synthetic,symmetric-hamiltonian,1,12,0.01,64,2000,True,plus,True,False,0.673617700013014,0.5914634146341463,0.6701072951101519,0.612942612942613,0.5975609756097561,1124.390243902439,,17.73681950569153,,16,2,4,6e3df8c2ae7503394992a62eaa877ace7721f2bc,False
complete,synthetic,synthetic-eigengap__synthetic__symmetric-hamiltonian__L1__lr0.01__bs64__seed13,results/runs/synthetic_ablation_eigenvector-only/synthetic-eigengap__synthetic__symmetric-hamiltonian__L1__lr0.01__bs64__seed13_seed13,synthetic-eigengap,synthetic,symmetric-hamiltonian,1,13,0.01,64,2000,True,plus,True,False,0.6745195778681472,0.5914634146341463,0.6687525847719539,0.612942612942613,0.5975609756097561,1124.5426829268292,,16.475287437438965,,16,2,4,6e3df8c2ae7503394992a62eaa877ace7721f2bc,False
complete,synthetic,synthetic-eigengap__synthetic__symmetric-hamiltonian__L1__lr0.01__bs64__seed14,results/runs/synthetic_ablation_eigenvector-only/synthetic-eigengap__synthetic__symmetric-hamiltonian__L1__lr0.01__bs64__seed14_seed14,synthetic-eigengap,synthetic,symmetric-hamiltonian,1,14,0.01,64,2000,True,plus,True,False,0.6769193955311825,0.5914634146341463,0.6678572607788218,0.612942612942613,0.6036585365853658,1125.9146341463413,,17.02231192588806,,16,2,4,6e3df8c2ae7503394992a62eaa877ace7721f2bc,False
complete,synthetic,synthetic-eigengap__synthetic__symmetric-hamiltonian__L1__lr0.01__bs64__seed15,results/runs/synthetic_ablation_eigenvector-only/synthetic-eigengap__synthetic__symmetric-hamiltonian__L1__lr0.01__bs64__seed15_seed15,synthetic-eigengap,synthetic,symmetric-hamiltonian,1,15,0.01,64,2000,True,plus,True,False,0.6764523830210663,0.5914634146341463,0.6684750402526387,0.612942612942613,0.5975609756097561,1124.390243902439,,17.493896961212158,,16,2,4,6e3df8c2ae7503394992a62eaa877ace7721f2bc,False
complete,synthetic,synthetic-eigengap__synthetic__symmetric-hamiltonian__L1__lr0.01__bs64__seed16,results/runs/synthetic_ablation_eigenvector-only/synthetic-eigengap__synthetic__symmetric-hamiltonian__L1__lr0.01__bs64__seed16_seed16,synthetic-eigengap,synthetic,symmetric-hamiltonian,1,16,0.01,64,2000,True,plus,True,False,0.6741557388190282,0.5914634146341463,0.6680908589505007,0.612942612942613,0.6189024390243902,1127.2865853658534,,16.12264657020569,,16,2,4,6e3df8c2ae7503394992a62eaa877ace7721f2bc,False
complete,synthetic,synthetic-eigengap__synthetic__symmetric-hamiltonian__L1__lr0.01__bs64__seed17,results/runs/synthetic_ablation_eigenvector-only/synthetic-eigengap__synthetic__symmetric-hamiltonian__L1__lr0.01__bs64__seed17_seed17,synthetic-eigengap,synthetic,symmetric-hamiltonian,1,17,0.01,64,2000,True,plus,True,False,0.6817087453082519,0.5914634146341463,0.6707790276714006,0.612942612942613,0.600609756097561,1125.9146341463415,,16.83637833595276,,16,2,4,6e3df8c2ae7503394992a62eaa877ace7721f2bc,False
complete,synthetic,synthetic-eigengap__synthetic__symmetric-hamiltonian__L1__lr0.01__bs64__seed18,results/runs/synthetic_ablation_eigenvector-only/synthetic-eigengap__synthetic__symmetric-hamiltonian__L1__lr0.01__bs64__seed18_seed18,synthetic-eigengap,synthetic,symmetric-hamiltonian,1,18,0.01,64,2000,True,plus,True,False,0.6761985770297377,0.5914634146341463,0.6692157519815615,0.612942612942613,0.5975609756097561,1125.6097560975609,,15.804961204528809,,16,2,4,6e3df8c2ae7503394992a62eaa877ace7721f2bc,False
complete,synthetic,synthetic-eigengap__synthetic__symmetric-hamiltonian__L1__lr0.01__bs64__seed19,results/runs/synthetic_ablation_eigenvector-only/synthetic-eigengap__synthetic__symmetric-hamiltonian__L1__lr0.01__bs64__seed19_seed19,synthetic-eigengap,synthetic,symmetric-hamiltonian,1,19,0.01,64,2000,True,plus,True,False,0.6741190984668132,0.5914634146341463,0.668184565568682,0.612942612942613,0.6036585365853658,1125.9146341463413,,16.06525206565857,,16,2,4,6e3df8c2ae7503394992a62eaa877ace7721f2bc,False
complete,synthetic,synthetic-eigengap__synthetic__symmetric-hamiltonian__L1__lr0.01__bs64__seed1,results/runs/synthetic_ablation_eigenvector-only/synthetic-eigengap__synthetic__symmetric-hamiltonian__L1__lr0.01__bs64__seed1_seed1,synthetic-eigengap,synthetic,symmetric-hamiltonian,1,1,0.01,64,2000,True,plus,True,False,0.672022105002347,0.5914634146341463,0.6690726553775719,0.612942612942613,0.6036585365853658,1125.3048780487804,,16.707963466644287,,16,2,4,6e3df8c2ae7503394992a62eaa877ace7721f2bc,False
complete,synthetic,synthetic-eigengap__synthetic__symmetric-hamiltonian__L1__lr0.01__bs64__seed2,results/runs/synthetic_ablation_eigenvector-only/synthetic-eigengap__synthetic__symmetric-hamiltonian__L1__lr0.01__bs64__seed2_seed2,synthetic-eigengap,synthetic,symmetric-hamiltonian,1,2,0.01,64,2000,True,plus,True,False,0.6747987996797812,0.5914634146341463,0.6692791150443321,0.612942612942613,0.600609756097561,1125.6097560975609,,16.777055263519287,,16,2,4,6e3df8c2ae7503394992a62eaa877ace7721f2bc,False
complete,synthetic,synthetic-eigengap__synthetic__symmetric-hamiltonian__L1__lr0.01__bs64__seed3,results/runs/synthetic_ablation_eigenvector-only/synthetic-eigengap__synthetic__symmetric-hamiltonian__L1__lr0.01__bs64__seed3_seed3,synthetic-eigengap,synthetic,symmetric-hamiltonian,1,3,0.01,64,2000,True,plus,True,False,0.675428894764012,0.5914634146341463,0.6741984214467259,0.6105006105006106,0.5975609756097561,1125.3048780487804,,17.3076274394989,,16,2,4,6e3df8c2ae7503394992a62eaa877ace7721f2bc,False
complete,synthetic,synthetic-eigengap__synthetic__symmetric-hamiltonian__L1__lr0.01__bs64__seed4,results/runs/synthetic_ablation_eigenvector-only/synthetic-eigengap__synthetic__symmetric-hamiltonian__L1__lr0.01__bs64__seed4_seed4,synthetic-eigengap,synthetic,symmetric-hamiltonian,1,4,0.01,64,2000,True,plus,True,False,0.6739280533358968,0.5914634146341463,0.6691207597838724,0.612942612942613,0.600609756097561,1125.9146341463413,,16.00542378425598,,16,2,4,6e3df8c2ae7503394992a62eaa877ace7721f2bc,False
complete,synthetic,synthetic-eigengap__synthetic__symmetric-hamiltonian__L1__lr0.01__bs64__seed5,results/runs/synthetic_ablation_eigenvector-only/synthetic-eigengap__synthetic__symmetric-hamiltonian__L1__lr0.01__bs64__seed5_seed5,synthetic-eigengap,synthetic,symmetric-hamiltonian,1,5,0.01,64,2000,True,plus,True,False,0.6741494027659337,0.5914634146341463,0.6684385595240119,0.612942612942613,0.5945121951219512,1123.932926829268,,16.76263189315796,,16,2,4,6e3df8c2ae7503394992a62eaa877ace7721f2bc,False
complete,synthetic,synthetic-eigengap__synthetic__symmetric-hamiltonian__L1__lr0.01__bs64__seed6,results/runs/synthetic_ablation_eigenvector-only/synthetic-eigengap__synthetic__symmetric-hamiltonian__L1__lr0.01__bs64__seed6_seed6,synthetic-eigengap,synthetic,symmetric-hamiltonian,1,6,0.01,64,2000,True,plus,True,False,0.6756445700928522,0.5914634146341463,0.6716637682629546,0.6141636141636142,0.600609756097561,1124.9999999999998,,15.773723602294922,,16,2,4,6e3df8c2ae7503394992a62eaa877ace7721f2bc,False
complete,synthetic,synthetic-eigengap__synthetic__symmetric-hamiltonian__L1__lr0.01__bs64__seed7,results/runs/synthetic_ablation_eigenvector-only/synthetic-eigengap__synthetic__symmetric-hamiltonian__L1__lr0.01__bs64__seed7_seed7,synthetic-eigengap,synthetic,symmetric-hamiltonian,1,7,0.01,64,2000,True,plus,True,False,0.6775295676519955,0.5914634146341463,0.6703981138491084,0.612942612942613,0.6036585365853658,1124.390243902439,,16.34545922279358,,16,2,4,6e3df8c2ae7503394992a62eaa877ace7721f2bc,False
complete,synthetic,synthetic-eigengap__synthetic__symmetric-hamiltonian__L1__lr0.01__bs64__seed8,results/runs/synthetic_ablation_eigenvector-only/synthetic-eigengap__synthetic__symmetric-hamiltonian__L1__lr0.01__bs64__seed8_seed8,synthetic-eigengap,synthetic,symmetric-hamiltonian,1,8,0.01,64,2000,True,plus,True,False,0.6752685291517524,0.5914634146341463,0.67077182370649,0.612942612942613,0.5945121951219512,1124.0853658536585,,17.109229564666748,,16,2,4,6e3df8c2ae7503394992a62eaa877ace7721f2bc,False
complete,synthetic,synthetic-eigengap__synthetic__symmetric-hamiltonian__L1__lr0.01__bs64__seed9,results/runs/synthetic_ablation_eigenvector-only/synthetic-eigengap__synthetic__symmetric-hamiltonian__L1__lr0.01__bs64__seed9_seed9,synthetic-eigengap,synthetic,symmetric-hamiltonian,1,9,0.01,64,2000,True,plus,True,False,0.6772070507338752,0.5914634146341463,0.6749894935360584,0.612942612942613,0.5975609756097561,1124.0853658536585,,15.700637817382812,,16,2,4,6e3df8c2ae7503394992a62eaa877ace7721f2bc,False
complete,synthetic,synthetic-eigengap__synthetic__symmetric-hamiltonian__L2__lr0.01__bs64__seed0,results/runs/synthetic_ablation_eigenvector-only/synthetic-eigengap__synthetic__symmetric-hamiltonian__L2__lr0.01__bs64__seed0_seed0,synthetic-eigengap,synthetic,symmetric-hamiltonian,2,0,0.01,64,2000,True,plus,True,False,0.6733062800694211,0.5914634146341463,0.6711432751812096,0.612942612942613,0.5945121951219512,1108.5365853658536,,18.430066347122192,,32,2,4,6e3df8c2ae7503394992a62eaa877ace7721f2bc,False
complete,synthetic,synthetic-eigengap__synthetic__symmetric-hamiltonian__L2__lr0.01__bs64__seed10,results/runs/synthetic_ablation_eigenvector-only/synthetic-eigengap__synthetic__symmetric-hamiltonian__L2__lr0.01__bs64__seed10_seed10,synthetic-eigengap,synthetic,symmetric-hamiltonian,2,10,0.01,64,2000,True,plus,True,False,0.6791387553027225,0.5670731707317073,0.6831633573673854,0.575091575091575,0.600609756097561,1119.8170731707314,,17.87235975265503,,32,2,4,6e3df8c2ae7503394992a62eaa877ace7721f2bc,False
complete,synthetic,synthetic-eigengap__synthetic__symmetric-hamiltonian__L2__lr0.01__bs64__seed11,results/runs/synthetic_ablation_eigenvector-only/synthetic-eigengap__synthetic__symmetric-hamiltonian__L2__lr0.01__bs64__seed11_seed11,synthetic-eigengap,synthetic,symmetric-hamiltonian,2,11,0.01,64,2000,True,plus,True,False,0.6756338663485689,0.573170731707317,0.6803488464693728,0.57997557997558,0.5975609756097561,1115.2439024390244,,18.64993929862976,,32,2,4,6e3df8c2ae7503394992a62eaa877ace7721f2bc,False
complete,synthetic,synthetic-eigengap__synthetic__symmetric-hamiltonian__L2__lr0.01__bs64__seed12,results/runs/synthetic_ablation_eigenvector-only/synthetic-eigengap__synthetic__symmetric-hamiltonian__L2__lr0.01__bs64__seed12_seed12,synthetic-eigengap,synthetic,symmetric-hamiltonian,2,12,0.01,64,2000,True,plus,True,False,0.6743637481154313,0.5914634146341463,0.6715610576995378,0.6141636141636142,0.5975609756097561,1117.3780487804877,,17.955599546432495,,32,2,4,6e3df8c2ae7503394992a62eaa877ace7721f2bc,False
complete,synthetic,synthetic-eigengap__synthetic__symmetric-hamiltonian__L2__lr0.01__bs64__seed13,results/runs/synthetic_ablation_eigenvector-only/synthetic-eigengap__synthetic__symmetric-hamiltonian__L2__lr0.01__bs64__seed13_seed13,synthetic-eigengap,synthetic,symmetric-hamiltonian,2,13,0.01,64,2000,True,plus,True,False,0.672826051325467,0.5884146341463414,0.6729583150954965,0.612942612942613,0.6036585365853658,1122.408536585366,,18.42812204360962,,32,2,4,6e3df8c2ae7503394992a62eaa877ace7721f2bc,False
complete,synthetic,synthetic-eigengap__synthetic__symmetric-hamiltonian__L2__lr0.01__bs64__seed14,results/runs/synthetic_ablation_eigenvector-only/synthetic-eigengap__synthetic__symmetric-hamiltonian__L2__lr0.01__bs64__seed14_seed14,synthetic-eigengap,synthetic,symmetric-hamiltonian,2,14,0.01,64,2000,True,plus,True,False,0.6783359838290399,0.5914634146341463,0.6715719793788373,0.612942612942613,0.5914634146341463,1119.2073170731705,,17.485102653503418,,32,2,4,6e3df8c2ae7503394992a62eaa877ace7721f2bc,False
complete,synthetic,synthetic-eigengap__synthetic__symmetric-hamiltonian__L2__lr0.01__bs64__seed15,results/runs/synthetic_ablation_eigenvector-only/synthetic-eigengap__synthetic__symmetric-hamiltonian__L2__lr0.01__bs64__seed15_seed15,synthetic-eigengap,synthetic,symmetric-hamiltonian,2,15,0.01,64,2000,True,plus,True,False,0.6796924151342352,0.5914634146341463,0.6728827181105337,0.612942612942613,0.5914634146341463,1122.560975609756,,18.486900329589844,,32,2,4,6e3df8c2ae7503394992a62eaa877ace7721f2bc,False
complete,synthetic,synthetic-eigengap__synthetic__symmetric-hamiltonian__L2__lr0.01__bs64__seed16,results/runs/synthetic_ablation_eigenvector-only/synthetic-eigengap__synthetic__symmetric-hamiltonian__L2__lr0.01__bs64__seed16_seed16,synthetic-eigengap,synthetic,symmetric-hamiltonian,2,16,0.01,64,2000,True,plus,True,False,0.6719251552837915,0.5853658536585366,0.6772654855716577,0.5970695970695971,0.6036585365853658,1126.0670731707314,,19.3788959980011,,32,2,4,6e3df8c2ae7503394992a62eaa877ace7721f2bc,False
complete,synthetic,synthetic-eigengap__synthetic__symmetric-hamiltonian__L2__lr0.01__bs64__seed17,results/runs/synthetic_ablation_eigenvector-only/synthetic-eigengap__synthetic__symmetric-hamiltonian__L2__lr0.01__bs64__seed17_seed17,synthetic-eigengap,synthetic,symmetric-hamiltonian,2,17,0.01,64,2000,True,plus,True,False,0.6797126941709057,0.5914634146341463,0.6731380736455774,0.612942612942613,0.6036585365853658,1119.207317073171,,19.686387538909912,,32,2,4,6e3df8c2ae7503394992a62eaa877ace7721f2bc,False
complete,synthetic,synthetic-eigengap__synthetic__symmetric-hamiltonian__L2__lr0.01__bs64__seed18,results/runs/synthetic_ablation_eigenvector-only/synthetic-eigengap__synthetic__symmetric-hamiltonian__L2__lr0.01__bs64__seed18_seed18,synthetic-eigengap,synthetic,symmetric-hamiltonian,2,18,0.01,64,2000,True,plus,True,False,0.6717757773592662,0.5884146341463414,0.6717392322116345,0.612942612942613,0.6067073170731707,1123.9329268292681,,18.476499319076538,,32,2,4,6e3df8c2ae7503394992a62eaa877ace7721f2bc,False
complete,synthetic,synthetic-eigengap__synthetic__symmetric-hamiltonian__L2__lr0.01__bs64__seed19,results/runs/synthetic_ablation_eigenvector-only/synthetic-eigengap__synthetic__symmetric-hamiltonian__L2__lr0.01__bs64__seed19_seed19,synthetic-eigengap,synthetic,symmetric-hamiltonian,2,19,0.01,64,2000,True,plus,True,False,0.6736344682425437,0.5884146341463414,0.6736989050521345,0.6092796092796092,0.5975609756097561,1123.9329268292681,,18.671886205673218,,32,2,4,6e3df8c2ae7503394992a62eaa877ace7721f2bc,False
complete,synthetic,synthetic-eigengap__synthetic__symmetric-hamiltonian__L2__lr0.01__bs64__seed1,results/runs/synthetic_ablation_eigenvector-only/synthetic-eigengap__synthetic__symmetric-hamiltonian__L2__lr0.01__bs64__seed1_seed1,synthetic-eigengap,synthetic,symmetric-hamiltonian,2,1,0.01,64,2000,True,plus,True,False,0.6728384652844976,0.5884146341463414,0.6765082686427311,0.5873015873015873,0.6067073170731707,1123.6280487804877,,18.95388913154602,,32,2,4,6e3df8c2ae7503394992a62eaa877ace7721f2bc,False
complete,synthetic,synthetic-eigengap__synthetic__symmetric-hamiltonian__L2__lr0.01__bs64__seed2,results/runs/synthetic_ablation_eigenvector-only/synthetic-eigengap__synthetic__symmetric-hamiltonian__L2__lr0.01__bs64__seed2_seed2,synthetic-eigengap,synthetic,symmetric-hamiltonian,2,2,0.01,64,2000,True,plus,True,False,0.6728653932801129,0.5914634146341463,0.6727763131429563,0.612942612942613,0.6036585365853658,1122.2560975609756,,18.9504234790802,,32,2,4,6e3df8c2ae7503394992a62eaa877ace7721f2bc,False
complete,synthetic,synthetic-eigengap__synthetic__symmetric-hamiltonian__L2__lr0.01__bs64__seed3,results/runs/synthetic_ablation_eigenvector-only/synthetic-eigengap__synthetic__symmetric-hamiltonian__L2__lr0.01__bs64__seed3_seed3,synthetic-eigengap,synthetic,symmetric-hamiltonian,2,3,0.01,64,2000,True,plus,True,False,0.6738011718762524,0.5914634146341463,0.6711086798035668,0.612942612942613,0.600609756097561,1122.560975609756,,19.53934645652771,,32,2,4,6e3df8c2ae7503394992a62eaa877ace7721f2bc,False
complete,synthetic,synthetic-eigengap__synthetic__symmetric-hamiltonian__L2__lr0.01__bs64__seed4,results/runs/synthetic_ablation_eigenvector-only/synthetic-eigengap__synthetic__symmetric-hamiltonian__L2__lr0.01__bs64__seed4_seed4,synthetic-eigengap,synthetic,symmetric-hamiltonian,2,4,0.01,64,2000,True,plus,True,False,0.6712551434412034,0.5914634146341463,0.6746116149663067,0.6105006105006106,0.5975609756097561,1120.7317073170734,,18.10042691230774,,32,2,4,6e3df8c2ae7503394992a62eaa877ace7721f2bc,False
complete,synthetic,synthetic-eigengap__synthetic__symmetric-hamiltonian__L2__lr0.01__bs64__seed5,results/runs/synthetic_ablation_eigenvector-only/synthetic-eigengap__synthetic__symmetric-hamiltonian__L2__lr0.01__bs64__seed5_seed5,synthetic-eigengap,synthetic,symmetric-hamiltonian,2,5,0.01,64,2000,True,plus,True,False,0.6721521765890743,0.5914634146341463,0.6700087958321783,0.612942612942613,0.6036585365853658,1121.6463414634147,,18.654111623764038,,32,2,4,6e3df8c2ae7503394992a62eaa877ace7721f2bc,False
complete,synthetic,synthetic-eigengap__synthetic__symmetric-hamiltonian__L2__lr0.01__bs64__seed6,results/runs/synthetic_ablation_eigenvector-only/synthetic-eigengap__synthetic__symmetric-hamiltonian__L2__lr0.01__bs64__seed6_seed6,synthetic-eigengap,synthetic,symmetric-hamiltonian,2,6,0.01,64,2000,True,plus,True,False,0.6750199363580177,0.5975609756097561,0.6726830600938155,0.6166056166056166,0.6097560975609756,1117.0731707317073,,17.833215475082397,,32,2,4,6e3df8c2ae7503394992a62eaa877ace7721f2bc,False
complete,synthetic,synthetic-eigengap__synthetic__symmetric-hamiltonian__L2__lr0.01__bs64__seed7,results/runs/synthetic_ablation_eigenvector-only/synthetic-eigengap__synthetic__symmetric-hamiltonian__L2__lr0.01__bs64__seed7_seed7,synthetic-eigengap,synthetic,symmetric-hamiltonian,2,7,0.01,64,2000,True,plus,True,False,0.6734953454788322,0.5914634146341463,0.6707550385635065,0.6141636141636142,0.6036585365853658,1120.8841463414635,,18.474540948867798,,32,2,4,6e3df8c2ae7503394992a62eaa877ace7721f2bc,False
complete,synthetic,synthetic-eigengap__synthetic__symmetric-hamiltonian__L2__lr0.01__bs64__seed8,results/runs/synthetic_ablation_eigenvector-only/synthetic-eigengap__synthetic__symmetric-hamiltonian__L2__lr0.01__bs64__seed8_seed8,synthetic-eigengap,synthetic,symmetric-hamiltonian,2,8,0.01,64,2000,True,plus,True,False,0.6734023364989806,0.5945121951219512,0.6707552015361193,0.6117216117216118,0.600609756097561,1123.6280487804877,,18.562493562698364,,32,2,4,6e3df8c2ae7503394992a62eaa877ace7721f2bc,False
complete,synthetic,synthetic-eigengap__synthetic__symmetric-hamiltonian__L2__lr0.01__bs64__seed9,results/runs/synthetic_ablation_eigenvector-only/synthetic-eigengap__synthetic__symmetric-hamiltonian__L2__lr0.01__bs64__seed9_seed9,synthetic-eigengap,synthetic,symmetric-hamiltonian,2,9,0.01,64,2000,True,plus,True,False,0.6820617442529376,0.5426829268292683,0.6862344349398589,0.5518925518925519,0.6067073170731707,1122.8658536585365,,19.27730083465576,,32,2,4,6e3df8c2ae7503394992a62eaa877ace7721f2bc,False
complete,synthetic,synthetic-eigengap__synthetic__symmetric-hamiltonian__L32__lr0.01__bs64__seed0,results/runs/synthetic_ablation_eigenvector-only/synthetic-eigengap__synthetic__symmetric-hamiltonian__L32__lr0.01__bs64__seed0_seed0,synthetic-eigengap,synthetic,symmetric-hamiltonian,32,0,0.01,64,2000,True,plus,True,False,0.7929749271483328,0.5914634146341463,0.7577375802355512,0.612942612942613,0.5914634146341463,1037.1951219512196,,76.78603839874268,,512,2,4,6e3df8c2ae7503394992a62eaa877ace7721f2bc,False
complete,synthetic,synthetic-eigengap__synthetic__symmetric-hamiltonian__L32__lr0.01__bs64__seed10,results/runs/synthetic_ablation_eigenvector-only/synthetic-eigengap__synthetic__symmetric-hamiltonian__L32__lr0.01__bs64__seed10_seed10,synthetic-eigengap,synthetic,symmetric-hamiltonian,32,10,0.01,64,2000,True,plus,True,False,0.8813938125840255,0.4115853658536585,0.914471826771599,0.38705738705738707,0.5975609756097561,1018.9024390243901,,81.73764896392822,,512,2,4,6e3df8c2ae7503394992a62eaa877ace7721f2bc,False
complete,synthetic,synthetic-eigengap__synthetic__symmetric-hamiltonian__L32__lr0.01__bs64__seed11,results/runs/synthetic_ablation_eigenvector-only/synthetic-eigengap__synthetic__symmetric-hamiltonian__L32__lr0.01__bs64__seed11_seed11,synthetic-eigengap,synthetic,symmetric-hamiltonian,32,11,0.01,64,2000,True,plus,True,False,0.6785094047175908,0.5609756097560976,0.6991096779737739,0.5421245421245421,0.5975609756097561,1053.3536585365855,,78.18660521507263,,512,2,4,6e3df8c2ae7503394992a62eaa877ace7721f2bc,False
complete,synthetic,synthetic-eigengap__synthetic__symmetric-hamiltonian__L32__lr0.01__bs64__seed12,results/runs/synthetic_ablation_eigenvector-only/synthetic-eigengap__synthetic__symmetric-hamiltonian__L32__lr0.01__bs64__seed12_seed12,synthetic-eigengap,synthetic,symmetric-hamiltonian,32,12,0.01,64,2000,True,plus,True,False,0.8440893100771459,0.5914634146341463,0.7953832894625171,0.612942612942613,0.5914634146341463,1000.1524390243901,,80.38915824890137,,512,2,4,6e3df8c2ae7503394992a62eaa877ace7721f2bc,False
complete,synthetic,synthetic-eigengap__synthetic__symmetric-hamiltonian__L32__lr0.01__bs64__seed13,results/runs/synthetic_ablation_eigenvector-only/synthetic-eigengap__synthetic__symmetric-hamiltonian__L32__lr0.01__bs64__seed13_seed13,synthetic-eigengap,synthetic,symmetric-hamiltonian,32,13,0.01,64,2000,True,plus,True,False,0.7762112314149548,0.5487804878048781,0.7610709155304075,0.5372405372405372,0.600609756097561,1053.810975609756,,78.69066047668457,,512,2,4,6e3df8c2ae7503394992a62eaa877ace7721f2bc,False
complete,synthetic,synthetic-eigengap__synthetic__symmetric-hamiltonian__L32__lr0.01__bs64__seed14,results/runs/synthetic_ablation_eigenvector-only/synthetic-eigengap__synthetic__symmetric-hamiltonian__L32__lr0.01__bs64__seed14_seed14,synthetic-eigengap,synthetic,symmetric-hamiltonian,32,14,0.01,64,2000,True,plus,True,False,0.816338616928302,0.5762195121951219,0.7669627806839497,0.5970695970695971,0.5914634146341463,1003.8109756097559,,79.29922127723694,,512,2,4,6e3df8c2ae7503394992a62eaa877ace7721f2bc,False
complete,synthetic,synthetic-eigengap__synthetic__symmetric-hamiltonian__L32__lr0.01__bs64__seed15,results/runs/synthetic_ablation_eigenvector-only/synthetic-eigengap__synthetic__symmetric-hamiltonian__L32__lr0.01__bs64__seed15_seed15,synthetic-eigengap,synthetic,symmetric-hamiltonian,32,15,0.01,64,2000,True,plus,True,False,0.6993905082530868,0.5792682926829268,0.6927411027550829,0.5970695970695971,0.6189024390243902,1048.780487804878,,80.00323700904846,,512,2,4,6e3df8c2ae7503394992a62eaa877ace7721f2bc,False
complete,synthetic,synthetic-eigengap__synthetic__symmetric-hamiltonian__L32__lr0.01__bs64__seed16,results/runs/synthetic_ablation_eigenvector-only/synthetic-eigengap__synthetic__symmetric-hamiltonian__L32__lr0.01__bs64__seed16_seed16,synthetic-eigengap,synthetic,symmetric-hamiltonian,32,16,0.01,64,2000,True,plus,True,False,0.6828898631703806,0.5914634146341463,0.6849349201564167,0.6068376068376068,0.5945121951219512,993.140243902439,,79.21714234352112,,512,2,4,6e3df8c2ae7503394992a62eaa877ace7721f2bc,False
complete,synthetic,synthetic-eigengap__synthetic__symmetric-hamiltonian__L32__lr0.01__bs64__seed17,results/runs/synthetic_ablation_eigenvector-only/synthetic-eigengap__synthetic__symmetric-hamiltonian__L32__lr0.01__bs64__seed17_seed17,synthetic-eigengap,synthetic,symmetric-hamiltonian,32,17,0.01,64,2000,True,plus,True,False,0.7180755974208068,0.49085365853658536,0.7054169761420527,0.525030525030525,0.5914634146341463,1009.451219512195,,77.79853653907776,,512,2,4,6e3df8c2ae7503394992a62eaa877ace7721f2bc,False
complete,synthetic,synthetic-eigengap__synthetic__symmetric-hamiltonian__L32__lr0.01__bs64__seed18,results/runs/synthetic_ablation_eigenvector-only/synthetic-eigengap__synthetic__symmetric-hamiltonian__L32__lr0.01__bs64__seed18_seed18,synthetic-eigengap,synthetic,symmetric-hamiltonian,32,18,0.01,64,2000,True,plus,True,False,0.7416595345403875,0.43597560975609756,0.7670632735422497,0.39316239316239315,0.6036585365853658,1002.1341463414634,,78.29466223716736,,512,2,4,6e3df8c2ae7503394992a62eaa877ace7721f2bc,False
complete,synthetic,synthetic-eigengap__synthetic__symmetric-hamiltonian__L32__lr0.01__bs64__seed19,results/runs/synthetic_ablation_eigenvector-only/synthetic-eigengap__synthetic__symmetric-hamiltonian__L32__lr0.01__bs64__seed19_seed19,synthetic-eigengap,synthetic,symmetric-hamiltonian,32,19,0.01,64,2000,True,plus,True,False,0.6857448921034499,0.5762195121951219,0.6828169760349329,0.5848595848595849,0.6189024390243902,1032.7743902439024,,78.67400908470154,,512,2,4,6e3df8c2ae7503394992a62eaa877ace7721f2bc,False
complete,synthetic,synthetic-eigengap__synthetic__symmetric-hamiltonian__L32__lr0.01__bs64__seed1,results/runs/synthetic_ablation_eigenvector-only/synthetic-eigengap__synthetic__symmetric-hamiltonian__L32__lr0.01__bs64__seed1_seed1,synthetic-eigengap,synthetic,symmetric-hamiltonian,32,1,0.01,64,2000,True,plus,True,False,0.6965396532440391,0.5487804878048781,0.7086810392207555,0.5006105006105006,0.6036585365853658,1018.1402439024389,,78.23323893547058,,512,2,4,6e3df8c2ae7503394992a62eaa877ace7721f2bc,False
complete,synthetic,synthetic-eigengap__synthetic__symmetric-hamiltonian__L32__lr0.01__bs64__seed2,results/runs/synthetic_ablation_eigenvector-only/synthetic-eigengap__synthetic__symmetric-hamiltonian__L32__lr0.01__bs64__seed2_seed2,synthetic-eigengap,synthetic,symmetric-hamiltonian,32,2,0.01,64,2000,True,plus,True,False,0.7386404866046601,0.40853658536585363,0.7625362812507679,0.39438339438339437,0.6097560975609756,1028.2012195121952,,78.59996747970581,,512,2,4,6e3df8c2ae7503394992a62eaa877ace7721f2bc,False
complete,synthetic,synthetic-eigengap__synthetic__symmetric-hamiltonian__L32__lr0.01__bs64__seed3,results/runs/synthetic_ablation_eigenvector-only/synthetic-eigengap__synthetic__symmetric-hamiltonian__L32__lr0.01__bs64__seed3_seed3,synthetic-eigengap,synthetic,symmetric-hamiltonian,32,3,0.01,64,2000,True,plus,True,False,0.6836760088642451,0.5975609756097561,0.6811763985238924,0.6202686202686203,0.5975609756097561,984.1463414634145,,79.41223073005676,,512,2,4,6e3df8c2ae7503394992a62eaa877ace7721f2bc,False
complete,synthetic,synthetic-eigengap__synthetic__symmetric-hamiltonian__L32__lr0.01__bs64__seed4,results/runs/synthetic_ablation_eigenvector-only/synthetic-eigengap__synthetic__symmetric-hamiltonian__L32__lr0.01__bs64__seed4_seed4,synthetic-eigengap,synthetic,symmetric-hamiltonian,32,4,0.01,64,2000,True,plus,True,False,0.8597225075586464,0.5914634146341463,0.8310612683186164,0.612942612942613,0.5914634146341463,1031.5548780487804,,77.41007542610168,,512,2,4,6e3df8c2ae7503394992a62eaa877ace7721f2bc,False
complete,synthetic,synthetic-eigengap__synthetic__symmetric-hamiltonian__L32__lr0.01__bs64__seed5,results/runs/synthetic_ablation_eigenvector-only/synthetic-eigengap__synthetic__symmetric-hamiltonian__L32__lr0.01__bs64__seed5_seed5,synthetic-eigengap,synthetic,symmetric-hamiltonian,32,5,0.01,64,2000,True,plus,True,False,0.6952037671299665,0.5914634146341463,0.6846839430156397,0.612942612942613,0.600609756097561,1053.9634146341464,,79.61215543746948,,512,2,4,6e3df8c2ae7503394992a62eaa877ace7721f2bc,False
complete,synthetic,synthetic-eigengap__synthetic__symmetric-hamiltonian__L32__lr0.01__bs64__seed6,results/runs/synthetic_ablation_eigenvector-only/synthetic-eigengap__synthetic__symmetric-hamiltonian__L32__lr0.01__bs64__seed6_seed6,synthetic-eigengap,synthetic,symmetric-hamiltonian,32,6,0.01,64,2000,True,plus,True,False,0.7231243309374844,0.5670731707317073,0.6966447375257041,0.5677655677655677,0.5914634146341463,1037.5,,78.46052122116089,,512,2,4,6e3df8c2ae7503394992a62eaa877ace7721f2bc,False
complete,synthetic,synthetic-eigengap__synthetic__symmetric-hamiltonian__L32__lr0.01__bs64__seed7,results/runs/synthetic_ablation_eigenvector-only/synthetic-eigengap__synthetic__symmetric-hamiltonian__L32__lr0.01__bs64__seed7_seed7,synthetic-eigengap,synthetic,symmetric-hamiltonian,32,7,0.01,64,2000,True,plus,True,False,0.7223544448449768,0.5914634146341463,0.7021015120151174,0.612942612942613,0.6189024390243902,1060.3658536585365,,78.7694501876831,,512,2,4,6e3df8c2ae7503394992a62eaa877ace7721f2bc,False
complete,synthetic,synthetic-eigengap__synthetic__symmetric-hamiltonian__L32__lr0.01__bs64__seed8,results/runs/synthetic_ablation_eigenvector-only/synthetic-eigengap__synthetic__symmetric-hamiltonian__L32__lr0.01__bs64__seed8_seed8,synthetic-eigengap,synthetic,symmetric-hamiltonian,32,8,0.01,64,2000,True,plus,True,False,0.6898453897194597,0.5701219512195121,0.6837499197947995,0.5641025641025641,0.600609756097561,1057.7743902439024,,78.39834856987,,512,2,4,6e3df8c2ae7503394992a62eaa877ace7721f2bc,False
complete,synthetic,synthetic-eigengap__synthetic__symmetric-hamiltonian__L32__lr0.01__bs64__seed9,results/runs/synthetic_ablation_eigenvector-only/synthetic-eigengap__synthetic__symmetric-hamiltonian__L32__lr0.01__bs64__seed9_seed9,synthetic-eigengap,synthetic,symmetric-hamiltonian,32,9,0.01,64,2000,True,plus,True,False,0.6899416867389648,0.5640243902439024,0.6985474335712907,0.536019536019536,0.6189024390243902,1027.439024390244,,78.66169548034668,,512,2,4,6e3df8c2ae7503394992a62eaa877ace7721f2bc,False
complete,synthetic,synthetic-eigengap__synthetic__symmetric-hamiltonian__L4__lr0.01__bs64__seed0,results/runs/synthetic_ablation_eigenvector-only/synthetic-eigengap__synthetic__symmetric-hamiltonian__L4__lr0.01__bs64__seed0_seed0,synthetic-eigengap,synthetic,symmetric-hamiltonian,4,0,0.01,64,2000,True,plus,True,False,0.6738993030751468,0.5792682926829268,0.6750823025256468,0.6019536019536019,0.5945121951219512,1115.091463414634,,22.576260566711426,,64,2,4,6e3df8c2ae7503394992a62eaa877ace7721f2bc,False
complete,synthetic,synthetic-eigengap__synthetic__symmetric-hamiltonian__L4__lr0.01__bs64__seed10,results/runs/synthetic_ablation_eigenvector-only/synthetic-eigengap__synthetic__symmetric-hamiltonian__L4__lr0.01__bs64__seed10_seed10,synthetic-eigengap,synthetic,symmetric-hamiltonian,4,10,0.01,64,2000,True,plus,True,False,0.6867449071992885,0.5548780487804879,0.6928269865097697,0.5262515262515263,0.6036585365853658,1116.920731707317,,22.0685293674469,,64,2,4,6e3df8c2ae7503394992a62eaa877ace7721f2bc,False
complete,synthetic,synthetic-eigengap__synthetic__symmetric-hamiltonian__L4__lr0.01__bs64__seed11,results/runs/synthetic_ablation_eigenvector-only/synthetic-eigengap__synthetic__symmetric-hamiltonian__L4__lr0.01__bs64__seed11_seed11,synthetic-eigengap,synthetic,symmetric-hamiltonian,4,11,0.01,64,2000,True,plus,True,False,0.6828311907354507,0.5701219512195121,0.6982281612839999,0.536019536019536,0.5914634146341463,1100.4573170731708,,21.874938488006592,,64,2,4,6e3df8c2ae7503394992a62eaa877ace7721f2bc,False
complete,synthetic,synthetic-eigengap__synthetic__symmetric-hamiltonian__L4__lr0.01__bs64__seed12,results/runs/synthetic_ablation_eigenvector-only/synthetic-eigengap__synthetic__symmetric-hamiltonian__L4__lr0.01__bs64__seed12_seed12,synthetic-eigengap,synthetic,symmetric-hamiltonian,4,12,0.01,64,2000,True,plus,True,False,0.6695163188623008,0.5853658536585366,0.6739454679775319,0.6007326007326007,0.5945121951219512,1103.0487804878046,,21.36381459236145,,64,2,4,6e3df8c2ae7503394992a62eaa877ace7721f2bc,False
complete,synthetic,synthetic-eigengap__synthetic__symmetric-hamiltonian__L4__lr0.01__bs64__seed13,results/runs/synthetic_ablation_eigenvector-only/synthetic-eigengap__synthetic__symmetric-hamiltonian__L4__lr0.01__bs64__seed13_seed13,synthetic-eigengap,synthetic,symmetric-hamiltonian,4,13,0.01,64,2000,True,plus,True,False,0.6730228499886198,0.5701219512195121,0.6756494051504465,0.5982905982905983,0.6128048780487805,1100.7621951219512,,21.955510139465332,,64,2,4,6e3df8c2ae7503394992a62eaa877ace7721f2bc,False
complete,synthetic,synthetic-eigengap__synthetic__symmetric-hamiltonian__L4__lr0.01__bs64__seed14,results/runs/synthetic_ablation_eigenvector-only/synthetic-eigengap__synthetic__symmetric-hamiltonian__L4__lr0.01__bs64__seed14_seed14,synthetic-eigengap,synthetic,symmetric-hamiltonian,4,14,0.01,64,2000,True,plus,True,False,0.6814584046602037,0.5914634146341463,0.6722018062502347,0.612942612942613,0.600609756097561,1113.1097560975609,,22.777132511138916,,64,2,4,6e3df8c2ae7503394992a62eaa877ace7721f2bc,False
complete,synthetic,synthetic-eigengap__synthetic__symmetric-hamiltonian__L4__lr0.01__bs64__seed15,results/runs/synthetic_ablation_eigenvector-only/synthetic-eigengap__synthetic__symmetric-hamiltonian__L4__lr0.01__bs64__seed15_seed15,synthetic-eigengap,synthetic,symmetric-hamiltonian,4,15,0.01,64,2000,True,plus,True,False,0.6834929784361345,0.5914634146341463,0.6751407282712796,0.612942612942613,0.5914634146341463,1117.3780487804877,,22.067379474639893,,64,2,4,6e3df8c2ae7503394992a62eaa877ace7721f2bc,False
complete,synthetic,synthetic-eigengap__synthetic__symmetric-hamiltonian__L4__lr0.01__bs64__seed16,results/runs/synthetic_ablation_eigenvector-only/synthetic-eigengap__synthetic__symmetric-hamiltonian__L4__lr0.01__bs64__seed16_seed16,synthetic-eigengap,synthetic,symmetric-hamiltonian,4,16,0.01,64,2000,True,plus,True,False,0.672313627965293,0.573170731707317,0.6820157808398181,0.5714285714285714,0.6036585365853658,1118.5975609756097,,22.113577365875244,,64,2,4,6e3df8c2ae7503394992a62eaa877ace7721f2bc,False
complete,synthetic,synthetic-eigengap__synthetic__symmetric-hamiltonian__L4__lr0.01__bs64__seed17,results/runs/synthetic_ablation_eigenvector-only/synthetic-eigengap__synthetic__symmetric-hamiltonian__L4__lr0.01__bs64__seed17_seed17,synthetic-eigengap,synthetic,symmetric-hamiltonian,4,17,0.01,64,2000,True,plus,True,False,0.6852621784339151,0.5914634146341463,0.6742758805530426,0.612942612942613,0.600609756097561,1096.341463414634,,22.271660327911377,,64,2,4,6e3df8c2ae7503394992a62eaa877ace7721f2bc,False
complete,synthetic,synthetic-eigengap__synthetic__symmetric-hamiltonian__L4__lr0.01__bs64__seed18,results/runs/synthetic_ablation_eigenvector-only/synthetic-eigengap__synthetic__symmetric-hamiltonian__L4__lr0.01__bs64__seed18_seed18,synthetic-eigengap,synthetic,symmetric-hamiltonian,4,18,0.01,64,2000,True,plus,True,False,0.6739136000880258,0.5914634146341463,0.6712463892052473,0.612942612942613,0.6036585365853658,1110.518292682927,,21.50228786468506,,64,2,4,6e3df8c2ae7503394992a62eaa877ace7721f2bc,False
complete,synthetic,synthetic-eigengap__synthetic__symmetric-hamiltonian__L4__lr0.01__bs64__seed19,results/runs/synthetic_ablation_eigenvector-only/synthetic-eigengap__synthetic__symmetric-hamiltonian__L4__lr0.01__bs64__seed19_seed19,synthetic-eigengap,synthetic,symmetric-hamiltonian,4,19,0.01,64,2000,True,plus,True,False,0.6755396918768696,0.5762195121951219,0.6748915107063906,0.6056166056166056,0.5914634146341463,1114.7865853658536,,21.63637638092041,,64,2,4,6e3df8c2ae7503394992a62eaa877ace7721f2bc,False
complete,synthetic,synthetic-eigengap__synthetic__symmetric-hamiltonian__L4__lr0.01__bs64__seed1,results/runs/synthetic_ablation_eigenvector-only/synthetic-eigengap__synthetic__symmetric-hamiltonian__L4__lr0.01__bs64__seed1_seed1,synthetic-eigengap,synthetic,symmetric-hamiltonian,4,1,0.01,64,2000,True,plus,True,False,0.6717463966357496,0.5884146341463414,0.6792162121879909,0.5738705738705738,0.6036585365853658,1111.4329268292684,,22.11053442955017,,64,2,4,6e3df8c2ae7503394992a62eaa877ace7721f2bc,False
complete,synthetic,synthetic-eigengap__synthetic__symmetric-hamiltonian__L4__lr0.01__bs64__seed2,results/runs/synthetic_ablation_eigenvector-only/synthetic-eigengap__synthetic__symmetric-hamiltonian__L4__lr0.01__bs64__seed2_seed2,synthetic-eigengap,synthetic,symmetric-hamiltonian,4,2,0.01,64,2000,True,plus,True,False,0.6713352840617707,0.5914634146341463,0.6746151291530766,0.6068376068376068,0.5975609756097561,1112.1951219512196,,21.735196352005005,,64,2,4,6e3df8c2ae7503394992a62eaa877ace7721f2bc,False
complete,synthetic,synthetic-eigengap__synthetic__symmetric-hamiltonian__L4__lr0.01__bs64__seed3,results/runs/synthetic_ablation_eigenvector-only/synthetic-eigengap__synthetic__symmetric-hamiltonian__L4__lr0.01__bs64__seed3_seed3,synthetic-eigengap,synthetic,symmetric-hamiltonian,4,3,0.01,64,2000,True,plus,True,False,0.6731714671677173,0.5945121951219512,0.6736988644884755,0.6117216117216118,0.5945121951219512,1111.1280487804877,,21.88657522201538,,64,2,4,6e3df8c2ae7503394992a62eaa877ace7721f2bc,False
complete,synthetic,synthetic-eigengap__synthetic__symmetric-hamiltonian__L4__lr0.01__bs64__seed4,results/runs/synthetic_ablation_eigenvector-only/synthetic-eigengap__synthetic__symmetric-hamiltonian__L4__lr0.01__bs64__seed4_seed4,synthetic-eigengap,synthetic,symmetric-hamiltonian,4,4,0.01,64,2000,True,plus,True,False,0.6785301677601621,0.5914634146341463,0.6747998355075855,0.612942612942613,0.5914634146341463,1103.9634146341464,,21.227073431015015,,64,2,4,6e3df8c2ae7503394992a62eaa877ace7721f2bc,False
complete,synthetic,synthetic-eigengap__synthetic__symmetric-hamiltonian__L4__lr0.01__bs64__seed5,results/runs/synthetic_ablation_eigenvector-only/synthetic-eigengap__synthetic__symmetric-hamiltonian__L4__lr0.01__bs64__seed5_seed5,synthetic-eigengap,synthetic,symmetric-hamiltonian,4,5,0.01,64,2000,True,plus,True,False,0.6825655623685282,0.5914634146341463,0.6776095937370645,0.612942612942613,0.5914634146341463,1112.8048780487807,,21.99231195449829,,64,2,4,6e3df8c2ae7503394992a62eaa877ace7721f2bc,False
complete,synthetic,synthetic-eigengap__synthetic__symmetric-hamiltonian__L4__lr0.01__bs64__seed6,results/runs/synthetic_ablation_eigenvector-only/synthetic-eigengap__synthetic__symmetric-hamiltonian__L4__lr0.01__bs64__seed6_seed6,synthetic-eigengap,synthetic,symmetric-hamiltonian,4,6,0.01,64,2000,True,plus,True,False,0.6726529269217902,0.5975609756097561,0.6750412530379198,0.6031746031746031,0.600609756097561,1110.0609756097558,,21.835750102996826,,64,2,4,6e3df8c2ae7503394992a62eaa877ace7721f2bc,False
complete,synthetic,synthetic-eigengap__synthetic__symmetric-hamiltonian__L4__lr0.01__bs64__seed7,results/runs/synthetic_ablation_eigenvector-only/synthetic-eigengap__synthetic__symmetric-hamiltonian__L4__lr0.01__bs64__seed7_seed7,synthetic-eigengap,synthetic,symmetric-hamiltonian,4,7,0.01,64,2000,True,plus,True,False,0.6760750118383888,0.5914634146341463,0.6733865988887889,0.612942612942613,0.5975609756097561,1115.0914634146338,,21.721245527267456,,64,2,4,6e3df8c2ae7503394992a62eaa877ace7721f2bc,False
complete,synthetic,synthetic-eigengap__synthetic__symmetric-hamiltonian__L4__lr0.01__bs64__seed8,results/runs/synthetic_ablation_eigenvector-only/synthetic-eigengap__synthetic__symmetric-hamiltonian__L4__lr0.01__bs64__seed8_seed8,synthetic-eigengap,synthetic,symmetric-hamiltonian,4,8,0.01,64,2000,True,plus,True,False,0.6737153282922557,0.5884146341463414,0.6728697389775291,0.6031746031746031,0.600609756097561,1115.7012195121952,,21.765216827392578,,64,2,4,6e3df8c2ae7503394992a62eaa877ace7721f2bc,False
complete,synthetic,synthetic-eigengap__synthetic__symmetric-hamiltonian__L4__lr0.01__bs64__seed9,results/runs/synthetic_ablation_eigenvector-only/synthetic-eigengap__synthetic__symmetric-hamiltonian__L4__lr0.01__bs64__seed9_seed9,synthetic-eigengap,synthetic,symmetric-hamiltonian,4,9,0.01,64,2000,True,plus,True,False,0.6752625832508559,0.5884146341463414,0.676652649457878,0.6031746031746031,0.5945121951219512,1121.9512195121947,,22.07557964324951,,64,2,4,6e3df8c2ae7503394992a62eaa877ace7721f2bc,False
complete,synthetic,synthetic-eigengap__synthetic__symmetric-hamiltonian__L8__lr0.01__bs64__seed0,results/runs/synthetic_ablation_eigenvector-only/synthetic-eigengap__synthetic__symmetric-hamiltonian__L8__lr0.01__bs64__seed0_seed0,synthetic-eigengap,synthetic,symmetric-hamiltonian,8,0,0.01,64,2000,True,plus,True,False,0.6853564800411488,0.5914634146341463,0.6779981813619835,0.612942612942613,0.6036585365853658,1088.109756097561,,28.34769344329834,,128,2,4,6e3df8c2ae7503394992a62eaa877ace7721f2bc,False
complete,synthetic,synthetic-eigengap__synthetic__symmetric-hamiltonian__L8__lr0.01__bs64__seed10,results/runs/synthetic_ablation_eigenvector-only/synthetic-eigengap__synthetic__symmetric-hamiltonian__L8__lr0.01__bs64__seed10_seed10,synthetic-eigengap,synthetic,symmetric-hamiltonian,8,10,0.01,64,2000,True,plus,True,False,0.6795969248237687,0.5914634146341463,0.6720126773590687,0.612942612942613,0.6067073170731707,1103.6585365853657,,29.17493462562561,,128,2,4,6e3df8c2ae7503394992a62eaa877ace7721f2bc,False
complete,synthetic,synthetic-eigengap__synthetic__symmetric-hamiltonian__L8__lr0.01__bs64__seed11,results/runs/synthetic_ablation_eigenvector-only/synthetic-eigengap__synthetic__symmetric-hamiltonian__L8__lr0.01__bs64__seed11_seed11,synthetic-eigengap,synthetic,symmetric-hamiltonian,8,11,0.01,64,2000,True,plus,True,False,0.7092166817452628,0.4847560975609756,0.7260544376118406,0.463980463980464,0.6036585365853658,1074.6951219512193,,27.486233949661255,,128,2,4,6e3df8c2ae7503394992a62eaa877ace7721f2bc,False
complete,synthetic,synthetic-eigengap__synthetic__symmetric-hamiltonian__L8__lr0.01__bs64__seed12,results/runs/synthetic_ablation_eigenvector-only/synthetic-eigengap__synthetic__symmetric-hamiltonian__L8__lr0.01__bs64__seed12_seed12,synthetic-eigengap,synthetic,symmetric-hamiltonian,8,12,0.01,64,2000,True,plus,True,False,0.6771878089292779,0.5640243902439024,0.6846327672870939,0.5787545787545788,0.5914634146341463,1063.871951219512,,29.183455228805542,,128,2,4,6e3df8c2ae7503394992a62eaa877ace7721f2bc,False
complete,synthetic,synthetic-eigengap__synthetic__symmetric-hamiltonian__L8__lr0.01__bs64__seed13,results/runs/synthetic_ablation_eigenvector-only/synthetic-eigengap__synthetic__symmetric-hamiltonian__L8__lr0.01__bs64__seed13_seed13,synthetic-eigengap,synthetic,symmetric-hamiltonian,8,13,0.01,64,2000,True,plus,True,False,0.6919742964105186,0.5914634146341463,0.6808879778210531,0.612942612942613,0.5914634146341463,1067.9878048780486,,27.707247018814087,,128,2,4,6e3df8c2ae7503394992a62eaa877ace7721f2bc,False
complete,synthetic,synthetic-eigengap__synthetic__symmetric-hamiltonian__L8__lr0.01__bs64__seed14,results/runs/synthetic_ablation_eigenvector-only/synthetic-eigengap__synthetic__symmetric-hamiltonian__L8__lr0.01__bs64__seed14_seed14,synthetic-eigengap,synthetic,symmetric-hamiltonian,8,14,0.01,64,2000,True,plus,True,False,0.690776764987029,0.5914634146341463,0.6794986237694092,0.612942612942613,0.5945121951219512,1081.7073170731705,,31.151068925857544,,128,2,4,6e3df8c2ae7503394992a62eaa877ace7721f2bc,False
complete,synthetic,synthetic-eigengap__synthetic__symmetric-hamiltonian__L8__lr0.01__bs64__seed15,results/runs/synthetic_ablation_eigenvector-only/synthetic-eigengap__synthetic__symmetric-hamiltonian__L8__lr0.01__bs64__seed15_seed15,synthetic-eigengap,synthetic,symmetric-hamiltonian,8,15,0.01,64,2000,True,plus,True,False,0.6933398703950804,0.5914634146341463,0.6841511550041777,0.612942612942613,0.5914634146341463,1112.8048780487802,,27.442873239517212,,128,2,4,6e3df8c2ae7503394992a62eaa877ace7721f2bc,False
complete,synthetic,synthetic-eigengap__synthetic__symmetric-hamiltonian__L8__lr0.01__bs64__seed16,results/runs/synthetic_ablation_eigenvector-only/synthetic-eigengap__synthetic__symmetric-hamiltonian__L8__lr0.01__bs64__seed16_seed16,synthetic-eigengap,synthetic,symmetric-hamiltonian,8,16,0.01,64,2000,True,plus,True,False,0.6710732736446534,0.5823170731707317,0.6753670077108676,0.6007326007326007,0.600609756097561,1105.3353658536582,,29.589882135391235,,128,2,4,6e3df8c2ae7503394992a62eaa877ace7721f2bc,False
complete,synthetic,synthetic-eigengap__synthetic__symmetric-hamiltonian__L8__lr0.01__bs64__seed17,results/runs/synthetic_ablation_eigenvector-only/synthetic-eigengap__synthetic__symmetric-hamiltonian__L8__lr0.01__bs64__seed17_seed17,synthetic-eigengap,synthetic,symmetric-hamiltonian,8,17,0.01,64,2000,True,plus,True,False,0.6750831666200745,0.5914634146341463,0.6679446860243128,0.612942612942613,0.5975609756097561,1078.9634146341461,,29.861268997192383,,128,2,4,6e3df8c2ae7503394992a62eaa877ace7721f2bc,False
complete,synthetic,synthetic-eigengap__synthetic__symmetric-hamiltonian__L8__lr0.01__bs64__seed18,results/runs/synthetic_ablation_eigenvector-only/synthetic-eigengap__synthetic__symmetric-hamiltonian__L8__lr0.01__bs64__seed18_seed18,synthetic-eigengap,synthetic,symmetric-hamiltonian,8,18,0.01,64,2000,True,plus,True,False,0.6775038896792771,0.5914634146341463,0.6723805139721029,0.612942612942613,0.5975609756097561,1103.0487804878048,,28.450150966644287,,128,2,4,6e3df8c2ae7503394992a62eaa877ace7721f2bc,False
complete,synthetic,synthetic-eigengap__synthetic__symmetric-hamiltonian__L8__lr0.01__bs64__seed19,results/runs/synthetic_ablation_eigenvector-only/synthetic-eigengap__synthetic__symmetric-hamiltonian__L8__lr0.01__bs64__seed19_seed19,synthetic-eigengap,synthetic,symmetric-hamiltonian,8,19,0.01,64,2000,True,plus,True,False,0.6761027820375962,0.5853658536585366,0.6771469253944666,0.6043956043956044,0.600609756097561,1093.9024390243903,,29.865787982940674,,128,2,4,6e3df8c2ae7503394992a62eaa877ace7721f2bc,False
complete,synthetic,synthetic-eigengap__synthetic__symmetric-hamiltonian__L8__lr0.01__bs64__seed1,results/runs/synthetic_ablation_eigenvector-only/synthetic-eigengap__synthetic__symmetric-hamiltonian__L8__lr0.01__bs64__seed1_seed1,synthetic-eigengap,synthetic,symmetric-hamiltonian,8,1,0.01,64,2000,True,plus,True,False,0.6698882418307319,0.5914634146341463,0.67220098592686,0.6092796092796092,0.6067073170731707,1100.9146341463413,,29.015405893325806,,128,2,4,6e3df8c2ae7503394992a62eaa877ace7721f2bc,False
complete,synthetic,synthetic-eigengap__synthetic__symmetric-hamiltonian__L8__lr0.01__bs64__seed2,results/runs/synthetic_ablation_eigenvector-only/synthetic-eigengap__synthetic__symmetric-hamiltonian__L8__lr0.01__bs64__seed2_seed2,synthetic-eigengap,synthetic,symmetric-hamiltonian,8,2,0.01,64,2000,True,plus,True,False,0.6850229586574005,0.5823170731707317,0.6937210750316019,0.5067155067155067,0.5914634146341463,1089.6341463414635,,27.873314380645752,,128,2,4,6e3df8c2ae7503394992a62eaa877ace7721f2bc,False
complete,synthetic,synthetic-eigengap__synthetic__symmetric-hamiltonian__L8__lr0.01__bs64__seed3,results/runs/synthetic_ablation_eigenvector-only/synthetic-eigengap__synthetic__symmetric-hamiltonian__L8__lr0.01__bs64__seed3_seed3,synthetic-eigengap,synthetic,symmetric-hamiltonian,8,3,0.01,64,2000,True,plus,True,False,0.6773099706727386,0.5914634146341463,0.6749453395221492,0.612942612942613,0.5914634146341463,1066.7682926829268,,75.49189257621765,,128,2,4,6e3df8c2ae7503394992a62eaa877ace7721f2bc,False
complete,synthetic,synthetic-eigengap__synthetic__symmetric-hamiltonian__L8__lr0.01__bs64__seed4,results/runs/synthetic_ablation_eigenvector-only/synthetic-eigengap__synthetic__symmetric-hamiltonian__L8__lr0.01__bs64__seed4_seed4,synthetic-eigengap,synthetic,symmetric-hamiltonian,8,4,0.01,64,2000,True,plus,True,False,0.6682590130702228,0.5945121951219512,0.6703440998602536,0.6105006105006106,0.5945121951219512,1109.2987804878048,,27.97085189819336,,128,2,4,6e3df8c2ae7503394992a62eaa877ace7721f2bc,False
complete,synthetic,synthetic-eigengap__synthetic__symmetric-hamiltonian__L8__lr0.01__bs64__seed5,results/runs/synthetic_ablation_eigenvector-only/synthetic-eigengap__synthetic__symmetric-hamiltonian__L8__lr0.01__bs64__seed5_seed5,synthetic-eigengap,synthetic,symmetric-hamiltonian,8,5,0.01,64,2000,True,plus,True,False,0.6787176977674627,0.5914634146341463,0.6727726041596664,0.612942612942613,0.600609756097561,1097.8658536585365,,29.56038808822632,,128,2,4,6e3df8c2ae7503394992a62eaa877ace7721f2bc,False
complete,synthetic,synthetic-eigengap__synthetic__symmetric-hamiltonian__L8__lr0.01__bs64__seed6,results/runs/synthetic_ablation_eigenvector-only/synthetic-eigengap__synthetic__symmetric-hamiltonian__L8__lr0.01__bs64__seed6_seed6,synthetic-eigengap,synthetic,symmetric-hamiltonian,8,6,0.01,64,2000,True,plus,True,False,0.6722128306425152,0.5914634146341463,0.6726344790346798,0.612942612942613,0.6128048780487805,1081.4024390243899,,28.442035913467407,,128,2,4,6e3df8c2ae7503394992a62eaa877ace7721f2bc,False
complete,synthetic,synthetic-eigengap__synthetic__symmetric-hamiltonian__L8__lr0.01__bs64__seed7,results/runs/synthetic_ablation_eigenvector-only/synthetic-eigengap__synthetic__symmetric-hamiltonian__L8__lr0.01__bs64__seed7_seed7,synthetic-eigengap,synthetic,symmetric-hamiltonian,8,7,0.01,64,2000,True,plus,True,False,0.6729808314053791,0.5792682926829268,0.6736549812229068,0.6019536019536019,0.600609756097561,1110.9756097560974,,29.808789014816284,,128,2,4,6e3df8c2ae7503394992a62eaa877ace7721f2bc,False
complete,synthetic,synthetic-eigengap__synthetic__symmetric-hamiltonian__L8__lr0.01__bs64__seed8,results/runs/synthetic_ablation_eigenvector-only/synthetic-eigengap__synthetic__symmetric-hamiltonian__L8__lr0.01__bs64__seed8_seed8,synthetic-eigengap,synthetic,symmetric-hamiltonian,8,8,0.01,64,2000,True,plus,True,False,0.6889916797633256,0.5914634146341463,0.6816612655569009,0.612942612942613,0.5945121951219512,1075.3048780487802,,27.935223817825317,,128,2,4,6e3df8c2ae7503394992a62eaa877ace7721f2bc,False
complete,synthetic,synthetic-eigengap__synthetic__symmetric-hamiltonian__L8__lr0.01__bs64__seed9,results/runs/synthetic_ablation_eigenvector-only/synthetic-eigengap__synthetic__symmetric-hamiltonian__L8__lr0.01__bs64__seed9_seed9,synthetic-eigengap,synthetic,symmetric-hamiltonian,8,9,0.01,64,2000,True,plus,True,False,0.6830094419763136,0.5548780487804879,0.6874021293546425,0.5518925518925519,0.6067073170731707,1113.4146341463413,,28.436232089996338,,128,2,4,6e3df8c2ae7503394992a62eaa877ace7721f2bc,False
complete,synthetic,synthetic-singular__synthetic__symmetric-hamiltonian__L16__lr0.01__bs64__seed0,results/runs/synthetic_ablation_eigenvector-only/synthetic-singular__synthetic__symmetric-hamiltonian__L16__lr0.01__bs64__seed0_seed0,synthetic-singular,synthetic,symmetric-hamiltonian,16,0,0.01,64,2000,True,plus,True,False,0.6890177457894158,0.5365853658536586,0.6918328924081919,0.5311355311355311,0.5640243902439024,960.8231707317073,,67.69678664207458,,496,3,8,6e3df8c2ae7503394992a62eaa877ace7721f2bc,False
complete,synthetic,synthetic-singular__synthetic__symmetric-hamiltonian__L16__lr0.01__bs64__seed10,results/runs/synthetic_ablation_eigenvector-only/synthetic-singular__synthetic__symmetric-hamiltonian__L16__lr0.01__bs64__seed10_seed10,synthetic-singular,synthetic,symmetric-hamiltonian,16,10,0.01,64,2000,True,plus,True,False,0.6919653084357079,0.5182926829268293,0.6949874625773586,0.5164835164835165,0.5426829268292683,955.1829268292684,,68.61952567100525,,496,3,8,6e3df8c2ae7503394992a62eaa877ace7721f2bc,False
complete,synthetic,synthetic-singular__synthetic__symmetric-hamiltonian__L16__lr0.01__bs64__seed11,results/runs/synthetic_ablation_eigenvector-only/synthetic-singular__synthetic__symmetric-hamiltonian__L16__lr0.01__bs64__seed11_seed11,synthetic-singular,synthetic,symmetric-hamiltonian,16,11,0.01,64,2000,True,plus,True,False,0.6966564853998292,0.5091463414634146,0.6966137570373943,0.5079365079365079,0.5396341463414634,952.8963414634145,,68.49034881591797,,496,3,8,6e3df8c2ae7503394992a62eaa877ace7721f2bc,False
complete,synthetic,synthetic-singular__synthetic__symmetric-hamiltonian__L16__lr0.01__bs64__seed12,results/runs/synthetic_ablation_eigenvector-only/synthetic-singular__synthetic__symmetric-hamiltonian__L16__lr0.01__bs64__seed12_seed12,synthetic-singular,synthetic,symmetric-hamiltonian,16,12,0.01,64,2000,True,plus,True,False,0.69117454513704,0.5182926829268293,0.6967990577525731,0.48473748473748474,0.5335365853658537,947.7134146341461,,68.8014121055603,,496,3,8,6e3df8c2ae7503394992a62eaa877ace7721f2bc,False
complete,synthetic,synthetic-singular__synthetic__symmetric-hamiltonian__L16__lr0.01__bs64__seed13,results/runs/synthetic_ablation_eigenvector-only/synthetic-singular__synthetic__symmetric-hamiltonian__L16__lr0.01__bs64__seed13_seed13,synthetic-singular,synthetic,symmetric-hamiltonian,16,13,0.01,64,2000,True,plus,True,False,0.6983654834956136,0.47560975609756095,0.6998595138438827,0.48473748473748474,0.5579268292682927,959.1463414634146,,68.57622385025024,,496,3,8,6e3df8c2ae7503394992a62eaa877ace7721f2bc,False
complete,synthetic,synthetic-singular__synthetic__symmetric-hamiltonian__L16__lr0.01__bs64__seed14,results/runs/synthetic_ablation_eigenvector-only/synthetic-singular__synthetic__symmetric-hamiltonian__L16__lr0.01__bs64__seed14_seed14,synthetic-singular,synthetic,symmetric-hamiltonian,16,14,0.01,64,2000,True,plus,True,False,0.7020113693295575,0.47865853658536583,0.7031720719640998,0.47741147741147744,0.5335365853658537,956.5548780487806,,68.17874765396118,,496,3,8,6e3df8c2ae7503394992a62eaa877ace7721f2bc,False
complete,synthetic,synthetic-singular__synthetic__symmetric-hamiltonian__L16__lr0.01__bs64__seed15,results/runs/synthetic_ablation_eigenvector-only/synthetic-singular__synthetic__symmetric-hamiltonian__L16__lr0.01__bs64__seed15_seed15,synthetic-singular,synthetic,symmetric-hamiltonian,16,15,0.01,64,2000,True,plus,True,False,0.6960922382638702,0.524390243902439,0.696948331408981,0.4896214896214896,0.5396341463414634,955.4878048780489,,67.57799339294434,,496,3,8,6e3df8c2ae7503394992a62eaa877ace7721f2bc,False
complete,synthetic,synthetic-singular__synthetic__symmetric-hamiltonian__L16__lr0.01__bs64__seed16,results/runs/synthetic_ablation_eigenvector-only/synthetic-singular__synthetic__symmetric-hamiltonian__L16__lr0.01__bs64__seed16_seed16,synthetic-singular,synthetic,symmetric-hamiltonian,16,16,0.01,64,2000,True,plus,True,False,0.6939821753505615,0.5365853658536586,0.6968017239390597,0.5079365079365079,0.5365853658536586,932.6219512195122,,68.97435069084167,,496,3,8,6e3df8c2ae7503394992a62eaa877ace7721f2bc,False
complete,synthetic,synthetic-singular__synthetic__symmetric-hamiltonian__L16__lr0.01__bs64__seed17,results/runs/synthetic_ablation_eigenvector-only/synthetic-singular__synthetic__symmetric-hamiltonian__L16__lr0.01__bs64__seed17_seed17,synthetic-singular,synthetic,symmetric-hamiltonian,16,17,0.01,64,2000,True,plus,True,False,0.6935329724596829,0.5030487804878049,0.6952238963545132,0.518925518925519,0.5548780487804879,956.859756097561,,68.25002646446228,,496,3,8,6e3df8c2ae7503394992a62eaa877ace7721f2bc,False
complete,synthetic,synthetic-singular__synthetic__symmetric-hamiltonian__L16__lr0.01__bs64__seed18,results/runs/synthetic_ablation_eigenvector-only/synthetic-singular__synthetic__symmetric-hamiltonian__L16__lr0.01__bs64__seed18_seed18,synthetic-singular,synthetic,symmetric-hamiltonian,16,18,0.01,64,2000,True,plus,True,False,0.6936703602986327,0.5121951219512195,0.6977303159520468,0.5006105006105006,0.5304878048780488,952.5914634146343,,67.22333765029907,,496,3,8,6e3df8c2ae7503394992a62eaa877ace7721f2bc,False
complete,synthetic,synthetic-singular__synthetic__symmetric-hamiltonian__L16__lr0.01__bs64__seed19,results/runs/synthetic_ablation_eigenvector-only/synthetic-singular__synthetic__symmetric-hamiltonian__L16__lr0.01__bs64__seed19_seed19,synthetic-singular,synthetic,symmetric-hamiltonian,16,19,0.01,64,2000,True,plus,True,False,0.6951098947428391,0.5121951219512195,0.7003808906357897,0.47985347985347987,0.524390243902439,950.609756097561,,67.9250476360321,,496,3,8,6e3df8c2ae7503394992a62eaa877ace7721f2bc,False
complete,synthetic,synthetic-singular__synthetic__symmetric-hamiltonian__L16__lr0.01__bs64__seed1,results/runs/synthetic_ablation_eigenvector-only/synthetic-singular__synthetic__symmetric-hamiltonian__L16__lr0.01__bs64__seed1_seed1,synthetic-singular,synthetic,symmetric-hamiltonian,16,1,0.01,64,2000,True,plus,True,False,0.7086803097173913,0.5396341463414634,0.704581953906689,0.536019536019536,0.5426829268292683,971.7987804878048,,68.63946795463562,,496,3,8,6e3df8c2ae7503394992a62eaa877ace7721f2bc,False
complete,synthetic,synthetic-singular__synthetic__symmetric-hamiltonian__L16__lr0.01__bs64__seed2,results/runs/synthetic_ablation_eigenvector-only/synthetic-singular__synthetic__symmetric-hamiltonian__L16__lr0.01__bs64__seed2_seed2,synthetic-singular,synthetic,symmetric-hamiltonian,16,2,0.01,64,2000,True,plus,True,False,0.6993720415369236,0.5274390243902439,0.700455873868999,0.5115995115995116,0.5304878048780488,939.7865853658536,,68.33950233459473,,496,3,8,6e3df8c2ae7503394992a62eaa877ace7721f2bc,False
complete,synthetic,synthetic-singular__synthetic__symmetric-hamiltonian__L16__lr0.01__bs64__seed3,results/runs/synthetic_ablation_eigenvector-only/synthetic-singular__synthetic__symmetric-hamiltonian__L16__lr0.01__bs64__seed3_seed3,synthetic-singular,synthetic,symmetric-hamiltonian,16,3,0.01,64,2000,True,plus,True,False,0.7136208890463956,0.47865853658536583,0.7169962440853603,0.4725274725274725,0.551829268292683,948.6280487804879,,68.43896698951721,,496,3,8,6e3df8c2ae7503394992a62eaa877ace7721f2bc,False
complete,synthetic,synthetic-singular__synthetic__symmetric-hamiltonian__L16__lr0.01__bs64__seed4,results/runs/synthetic_ablation_eigenvector-only/synthetic-singular__synthetic__symmetric-hamiltonian__L16__lr0.01__bs64__seed4_seed4,synthetic-singular,synthetic,symmetric-hamiltonian,16,4,0.01,64,2000,True,plus,True,False,0.6906104692636131,0.5304878048780488,0.6912895146627255,0.5225885225885226,0.5579268292682927,960.3658536585366,,66.67042064666748,,496,3,8,6e3df8c2ae7503394992a62eaa877ace7721f2bc,False
complete,synthetic,synthetic-singular__synthetic__symmetric-hamiltonian__L16__lr0.01__bs64__seed5,results/runs/synthetic_ablation_eigenvector-only/synthetic-singular__synthetic__symmetric-hamiltonian__L16__lr0.01__bs64__seed5_seed5,synthetic-singular,synthetic,symmetric-hamiltonian,16,5,0.01,64,2000,True,plus,True,False,0.704704720535506,0.5182926829268293,0.7101663346534474,0.514041514041514,0.5426829268292683,957.7743902439024,,66.49375176429749,,496,3,8,6e3df8c2ae7503394992a62eaa877ace7721f2bc,False
complete,synthetic,synthetic-singular__synthetic__symmetric-hamiltonian__L16__lr0.01__bs64__seed6,results/runs/synthetic_ablation_eigenvector-only/synthetic-singular__synthetic__symmetric-hamiltonian__L16__lr0.01__bs64__seed6_seed6,synthetic-singular,synthetic,symmetric-hamiltonian,16,6,0.01,64,2000,True,plus,True,False,0.6964782727065175,0.5030487804878049,0.6976227138162137,0.49694749694749696,0.5487804878048781,975.7621951219512,,68.51577568054199,,496,3,8,6e3df8c2ae7503394992a62eaa877ace7721f2bc,False
complete,synthetic,synthetic-singular__synthetic__symmetric-hamiltonian__L16__lr0.01__bs64__seed7,results/runs/synthetic_ablation_eigenvector-only/synthetic-singular__synthetic__symmetric-hamiltonian__L16__lr0.01__bs64__seed7_seed7,synthetic-singular,synthetic,symmetric-hamiltonian,16,7,0.01,64,2000,True,plus,True,False,0.6948930091238211,0.5182926829268293,0.6956819552042743,0.4932844932844933,0.5365853658536586,961.4329268292684,,67.59726285934448,,496,3,8,6e3df8c2ae7503394992a62eaa877ace7721f2bc,False
complete,synthetic,synthetic-singular__synthetic__symmetric-hamiltonian__L16__lr0.01__bs64__seed8,results/runs/synthetic_ablation_eigenvector-only/synthetic-singular__synthetic__symmetric-hamiltonian__L16__lr0.01__bs64__seed8_seed8,synthetic-singular,synthetic,symmetric-hamiltonian,16,8,0.01,64,2000,True,plus,True,False,0.6920420399364409,0.5274390243902439,0.6929403544391617,0.5054945054945055,0.5274390243902439,962.0426829268292,,68.67577743530273,,496,3,8,6e3df8c2ae7503394992a62eaa877ace7721f2bc,False
complete,synthetic,synthetic-singular__synthetic__symmetric-hamiltonian__L16__lr0.01__bs64__seed9,results/runs/synthetic_ablation_eigenvector-only/synthetic-singular__synthetic__symmetric-hamiltonian__L16__lr0.01__bs64__seed9_seed9,synthetic-singular,synthetic,symmetric-hamiltonian,16,9,0.01,64,2000,True,plus,True,False,0.6922793624920747,0.5030487804878049,0.6962642538072464,0.4884004884004884,0.5335365853658537,961.5853658536582,,67.95560073852539,,496,3,8,6e3df8c2ae7503394992a62eaa877ace7721f2bc,False
complete,synthetic,synthetic-singular__synthetic__symmetric-hamiltonian__L1__lr0.01__bs64__seed0,results/runs/synthetic_ablation_eigenvector-only/synthetic-singular__synthetic__symmetric-hamiltonian__L1__lr0.01__bs64__seed0_seed0,synthetic-singular,synthetic,symmetric-hamiltonian,1,0,0.01,64,2000,True,plus,True,False,0.6944971109903777,0.49085365853658536,0.6945694366442388,0.47863247863247865,0.5365853658536586,946.7987804878048,,19.751254081726074,,31,3,8,6e3df8c2ae7503394992a62eaa877ace7721f2bc,False
complete,synthetic,synthetic-singular__synthetic__symmetric-hamiltonian__L1__lr0.01__bs64__seed10,results/runs/synthetic_ablation_eigenvector-only/synthetic-singular__synthetic__symmetric-hamiltonian__L1__lr0.01__bs64__seed10_seed10,synthetic-singular,synthetic,symmetric-hamiltonian,1,10,0.01,64,2000,True,plus,True,False,0.6945691326712332,0.4969512195121951,0.6942934723980819,0.48717948717948717,0.5335365853658537,951.371951219512,,19.094019651412964,,31,3,8,6e3df8c2ae7503394992a62eaa877ace7721f2bc,False
complete,synthetic,synthetic-singular__synthetic__symmetric-hamiltonian__L1__lr0.01__bs64__seed11,results/runs/synthetic_ablation_eigenvector-only/synthetic-singular__synthetic__symmetric-hamiltonian__L1__lr0.01__bs64__seed11_seed11,synthetic-singular,synthetic,symmetric-hamiltonian,1,11,0.01,64,2000,True,plus,True,False,0.6970595859801718,0.5030487804878049,0.6986335152780375,0.4896214896214896,0.5365853658536586,972.5609756097559,,19.470114946365356,,31,3,8,6e3df8c2ae7503394992a62eaa877ace7721f2bc,False
complete,synthetic,synthetic-singular__synthetic__symmetric-hamiltonian__L1__lr0.01__bs64__seed12,results/runs/synthetic_ablation_eigenvector-only/synthetic-singular__synthetic__symmetric-hamiltonian__L1__lr0.01__bs64__seed12_seed12,synthetic-singular,synthetic,symmetric-hamiltonian,1,12,0.01,64,2000,True,plus,True,False,0.6911328411319835,0.5487804878048781,0.6919134653803474,0.5335775335775336,0.5487804878048781,952.4390243902441,,19.28195309638977,,31,3,8,6e3df8c2ae7503394992a62eaa877ace7721f2bc,False
complete,synthetic,synthetic-singular__synthetic__symmetric-hamiltonian__L1__lr0.01__bs64__seed13,results/runs/synthetic_ablation_eigenvector-only/synthetic-singular__synthetic__symmetric-hamiltonian__L1__lr0.01__bs64__seed13_seed13,synthetic-singular,synthetic,symmetric-hamiltonian,1,13,0.01,64,2000,True,plus,True,False,0.692442161949404,0.5152439024390244,0.6923734480045917,0.5323565323565324,0.5396341463414634,957.1646341463415,,19.43885326385498,,31,3,8,6e3df8c2ae7503394992a62eaa877ace7721f2bc,False
complete,synthetic,synthetic-singular__synthetic__symmetric-hamiltonian__L1__lr0.01__bs64__seed14,results/runs/synthetic_ablation_eigenvector-only/synthetic-singular__synthetic__symmetric-hamiltonian__L1__lr0.01__bs64__seed14_seed14,synthetic-singular,synthetic,symmetric-hamiltonian,1,14,0.01,64,2000,True,plus,True,False,0.6920298280415761,0.5396341463414634,0.6930993664534333,0.5079365079365079,0.5396341463414634,945.2743902439024,,20.633012294769287,,31,3,8,6e3df8c2ae7503394992a62eaa877ace7721f2bc,False
complete,synthetic,synthetic-singular__synthetic__symmetric-hamiltonian__L1__lr0.01__bs64__seed15,results/runs/synthetic_ablation_eigenvector-only/synthetic-singular__synthetic__symmetric-hamiltonian__L1__lr0.01__bs64__seed15_seed15,synthetic-singular,synthetic,symmetric-hamiltonian,1,15,0.01,64,2000,True,plus,True,False,0.7187123220587863,0.4817073170731707,0.7181704233522894,0.4810744810744811,0.5304878048780488,951.5243902439024,,18.555267333984375,,31,3,8,6e3df8c2ae7503394992a62eaa877ace7721f2bc,False
complete,synthetic,synthetic-singular__synthetic__symmetric-hamiltonian__L1__lr0.01__bs64__seed16,results/runs/synthetic_ablation_eigenvector-only/synthetic-singular__synthetic__symmetric-hamiltonian__L1__lr0.01__bs64__seed16_seed16,synthetic-singular,synthetic,symmetric-hamiltonian,1,16,0.01,64,2000,True,plus,True,False,0.6928382553538438,0.5396341463414634,0.6934589367474258,0.5152625152625152,0.5457317073170732,950.1524390243901,,19.407272338867188,,31,3,8,6e3df8c2ae7503394992a62eaa877ace7721f2bc,False
complete,synthetic,synthetic-singular__synthetic__symmetric-hamiltonian__L1__lr0.01__bs64__seed17,results/runs/synthetic_ablation_eigenvector-only/synthetic-singular__synthetic__symmetric-hamiltonian__L1__lr0.01__bs64__seed17_seed17,synthetic-singular,synthetic,symmetric-hamiltonian,1,17,0.01,64,2000,True,plus,True,False,0.6985838950510013,0.4817073170731707,0.6988869437608041,0.47985347985347987,0.5396341463414634,950.7621951219513,,18.82925510406494,,31,3,8,6e3df8c2ae7503394992a62eaa877ace7721f2bc,False
complete,synthetic,synthetic-singular__synthetic__symmetric-hamiltonian__L1__lr0.01__bs64__seed18,results/runs/synthetic_ablation_eigenvector-only/synthetic-singular__synthetic__symmetric-hamiltonian__L1__lr0.01__bs64__seed18_seed18,synthetic-singular,synthetic,symmetric-hamiltonian,1,18,0.01,64,2000,True,plus,True,False,0.7017817912751231,0.4817073170731707,0.7019083124272014,0.4810744810744811,0.551829268292683,964.3292682926827,,19.072191953659058,,31,3,8,6e3df8c2ae7503394992a62eaa877ace7721f2bc,False
complete,synthetic,synthetic-singular__synthetic__symmetric-hamiltonian__L1__lr0.01__bs64__seed19,results/runs/synthetic_ablation_eigenvector-only/synthetic-singular__synthetic__symmetric-hamiltonian__L1__lr0.01__bs64__seed19_seed19,synthetic-singular,synthetic,symmetric-hamiltonian,1,19,0.01,64,2000,True,plus,True,False,0.6920188283879289,0.5335365853658537,0.6922563340342802,0.5225885225885226,0.5426829268292683,964.6341463414634,,19.635109901428223,,31,3,8,6e3df8c2ae7503394992a62eaa877ace7721f2bc,False
complete,synthetic,synthetic-singular__synthetic__symmetric-hamiltonian__L1__lr0.01__bs64__seed1,results/runs/synthetic_ablation_eigenvector-only/synthetic-singular__synthetic__symmetric-hamiltonian__L1__lr0.01__bs64__seed1_seed1,synthetic-singular,synthetic,symmetric-hamiltonian,1,1,0.01,64,2000,True,plus,True,False,0.6930782985485009,0.5030487804878049,0.6936794556444359,0.5006105006105006,0.5365853658536586,961.1280487804876,,19.36038088798523,,31,3,8,6e3df8c2ae7503394992a62eaa877ace7721f2bc,False
complete,synthetic,synthetic-singular__synthetic__symmetric-hamiltonian__L1__lr0.01__bs64__seed2,results/runs/synthetic_ablation_eigenvector-only/synthetic-singular__synthetic__symmetric-hamiltonian__L1__lr0.01__bs64__seed2_seed2,synthetic-singular,synthetic,symmetric-hamiltonian,1,2,0.01,64,2000,True,plus,True,False,0.6929545582950662,0.5274390243902439,0.6939985762992377,0.5067155067155067,0.5426829268292683,963.7195121951219,,20.31386423110962,,31,3,8,6e3df8c2ae7503394992a62eaa877ace7721f2bc,False
complete,synthetic,synthetic-singular__synthetic__symmetric-hamiltonian__L1__lr0.01__bs64__seed3,results/runs/synthetic_ablation_eigenvector-only/synthetic-singular__synthetic__symmetric-hamiltonian__L1__lr0.01__bs64__seed3_seed3,synthetic-singular,synthetic,symmetric-hamiltonian,1,3,0.01,64,2000,True,plus,True,False,0.6923799978498967,0.5091463414634146,0.6924906868329687,0.5225885225885226,0.5396341463414634,975.7621951219513,,19.515169858932495,,31,3,8,6e3df8c2ae7503394992a62eaa877ace7721f2bc,False
complete,synthetic,synthetic-singular__synthetic__symmetric-hamiltonian__L1__lr0.01__bs64__seed4,results/runs/synthetic_ablation_eigenvector-only/synthetic-singular__synthetic__symmetric-hamiltonian__L1__lr0.01__bs64__seed4_seed4,synthetic-singular,synthetic,symmetric-hamiltonian,1,4,0.01,64,2000,True,plus,True,False,0.691876512649968,0.5152439024390244,0.6920749136252167,0.5238095238095238,0.5487804878048781,968.1402439024391,,19.259508848190308,,31,3,8,6e3df8c2ae7503394992a62eaa877ace7721f2bc,False
complete,synthetic,synthetic-singular__synthetic__symmetric-hamiltonian__L1__lr0.01__bs64__seed5,results/runs/synthetic_ablation_eigenvector-only/synthetic-singular__synthetic__symmetric-hamiltonian__L1__lr0.01__bs64__seed5_seed5,synthetic-singular,synthetic,symmetric-hamiltonian,1,5,0.01,64,2000,True,plus,True,False,0.695711008861464,0.4817073170731707,0.6963709930550616,0.47741147741147744,0.5487804878048781,966.768292682927,,19.70217537879944,,31,3,8,6e3df8c2ae7503394992a62eaa877ace7721f2bc,False
complete,synthetic,synthetic-singular__synthetic__symmetric-hamiltonian__L1__lr0.01__bs64__seed6,results/runs/synthetic_ablation_eigenvector-only/synthetic-singular__synthetic__symmetric-hamiltonian__L1__lr0.01__bs64__seed6_seed6,synthetic-singular,synthetic,symmetric-hamiltonian,1,6,0.01,64,2000,True,plus,True,False,0.7005377939448197,0.4817073170731707,0.7005600135642797,0.4810744810744811,0.551829268292683,979.5731707317075,,20.886331796646118,,31,3,8,6e3df8c2ae7503394992a62eaa877ace7721f2bc,False
complete,synthetic,synthetic-singular__synthetic__symmetric-hamiltonian__L1__lr0.01__bs64__seed7,results/runs/synthetic_ablation_eigenvector-only/synthetic-singular__synthetic__symmetric-hamiltonian__L1__lr0.01__bs64__seed7_seed7,synthetic-singular,synthetic,symmetric-hamiltonian,1,7,0.01,64,2000,True,plus,True,False,0.6918606959571503,0.5365853658536586,0.692198446675065,0.5445665445665445,0.5365853658536586,964.1768292682925,,19.31780242919922,,31,3,8,6e3df8c2ae7503394992a62eaa877ace7721f2bc,False
complete,synthetic,synthetic-singular__synthetic__symmetric-hamiltonian__L1__lr0.01__bs64__seed8,results/runs/synthetic_ablation_eigenvector-only/synthetic-singular__synthetic__symmetric-hamiltonian__L1__lr0.01__bs64__seed8_seed8,synthetic-singular,synthetic,symmetric-hamiltonian,1,8,0.01,64,2000,True,plus,True,False,0.6915915041504532,0.5121951219512195,0.6922156399440444,0.518925518925519,0.5426829268292683,954.2682926829267,,19.365844011306763,,31,3,8,6e3df8c2ae7503394992a62eaa877ace7721f2bc,False
complete,synthetic,synthetic-singular__synthetic__symmetric-hamiltonian__L1__lr0.01__bs64__seed9,results/runs/synthetic_ablation_eigenvector-only/synthetic-singular__synthetic__symmetric-hamiltonian__L1__lr0.01__bs64__seed9_seed9,synthetic-singular,synthetic,symmetric-hamiltonian,1,9,0.01,64,2000,True,plus,True,False,0.6944875726927892,0.46646341463414637,0.6950951750357401,0.47619047619047616,0.5396341463414634,966.9207317073171,,18.939570665359497,,31,3,8,6e3df8c2ae7503394992a62eaa877ace7721f2bc,False
complete,synthetic,synthetic-singular__synthetic__symmetric-hamiltonian__L2__lr0.01__bs64__seed0,results/runs/synthetic_ablation_eigenvector-only/synthetic-singular__synthetic__symmetric-hamiltonian__L2__lr0.01__bs64__seed0_seed0,synthetic-singular,synthetic,symmetric-hamiltonian,2,0,0.01,64,2000,True,plus,True,False,0.6958787839191313,0.5152439024390244,0.6954804204815261,0.5347985347985348,0.5487804878048781,962.0426829268292,,22.065574884414673,,62,3,8,6e3df8c2ae7503394992a62eaa877ace7721f2bc,False
complete,synthetic,synthetic-singular__synthetic__symmetric-hamiltonian__L2__lr0.01__bs64__seed10,results/runs/synthetic_ablation_eigenvector-only/synthetic-singular__synthetic__symmetric-hamiltonian__L2__lr0.01__bs64__seed10_seed10,synthetic-singular,synthetic,symmetric-hamiltonian,2,10,0.01,64,2000,True,plus,True,False,0.6976684431881378,0.5,0.69464981384509,0.5177045177045178,0.5670731707317073,979.8780487804879,,22.70178771018982,,62,3,8,6e3df8c2ae7503394992a62eaa877ace7721f2bc,False
complete,synthetic,synthetic-singular__synthetic__symmetric-hamiltonian__L2__lr0.01__bs64__seed11,results/runs/synthetic_ablation_eigenvector-only/synthetic-singular__synthetic__symmetric-hamiltonian__L2__lr0.01__bs64__seed11_seed11,synthetic-singular,synthetic,symmetric-hamiltonian,2,11,0.01,64,2000,True,plus,True,False,0.7077213989098114,0.5,0.7115135337959094,0.5006105006105006,0.5304878048780488,974.390243902439,,23.875459909439087,,62,3,8,6e3df8c2ae7503394992a62eaa877ace7721f2bc,False
complete,synthetic,synthetic-singular__synthetic__symmetric-hamiltonian__L2__lr0.01__bs64__seed12,results/runs/synthetic_ablation_eigenvector-only/synthetic-singular__synthetic__symmetric-hamiltonian__L2__lr0.01__bs64__seed12_seed12,synthetic-singular,synthetic,symmetric-hamiltonian,2,12,0.01,64,2000,True,plus,True,False,0.6925949103900108,0.5213414634146342,0.6957341706839871,0.5128205128205128,0.5640243902439024,958.841463414634,,22.95526885986328,,62,3,8,6e3df8c2ae7503394992a62eaa877ace7721f2bc,False
complete,synthetic,synthetic-singular__synthetic__symmetric-hamiltonian__L2__lr0.01__bs64__seed13,results/runs/synthetic_ablation_eigenvector-only/synthetic-singular__synthetic__symmetric-hamiltonian__L2__lr0.01__bs64__seed13_seed13,synthetic-singular,synthetic,symmetric-hamiltonian,2,13,0.01,64,2000,True,plus,True,False,0.6928696053389941,0.5426829268292683,0.6936566514067907,0.5128205128205128,0.5487804878048781,975.1524390243903,,23.680928945541382,,62,3,8,6e3df8c2ae7503394992a62eaa877ace7721f2bc,False
complete,synthetic,synthetic-singular__synthetic__symmetric-hamiltonian__L2__lr0.01__bs64__seed14,results/runs/synthetic_ablation_eigenvector-only/synthetic-singular__synthetic__symmetric-hamiltonian__L2__lr0.01__bs64__seed14_seed14,synthetic-singular,synthetic,symmetric-hamiltonian,2,14,0.01,64,2000,True,plus,True,False,0.6926134263496871,0.524390243902439,0.6937357989319105,0.4993894993894994,0.5762195121951219,962.0426829268292,,22.345391988754272,,62,3,8,6e3df8c2ae7503394992a62eaa877ace7721f2bc,False
complete,synthetic,synthetic-singular__synthetic__symmetric-hamiltonian__L2__lr0.01__bs64__seed15,results/runs/synthetic_ablation_eigenvector-only/synthetic-singular__synthetic__symmetric-hamiltonian__L2__lr0.01__bs64__seed15_seed15,synthetic-singular,synthetic,symmetric-hamiltonian,2,15,0.01,64,2000,True,plus,True,False,0.7073200872295585,0.5,0.6997793363690777,0.5042735042735043,0.551829268292683,965.2439024390244,,22.92188334465027,,62,3,8,6e3df8c2ae7503394992a62eaa877ace7721f2bc,False
complete,synthetic,synthetic-singular__synthetic__symmetric-hamiltonian__L2__lr0.01__bs64__seed16,results/runs/synthetic_ablation_eigenvector-only/synthetic-singular__synthetic__symmetric-hamiltonian__L2__lr0.01__bs64__seed16_seed16,synthetic-singular,synthetic,symmetric-hamiltonian,2,16,0.01,64,2000,True,plus,True,False,0.6959434594084019,0.5030487804878049,0.6979366694257655,0.5006105006105006,0.5274390243902439,934.9085365853659,,22.551405668258667,,62,3,8,6e3df8c2ae7503394992a62eaa877ace7721f2bc,False
complete,synthetic,synthetic-singular__synthetic__symmetric-hamiltonian__L2__lr0.01__bs64__seed17,results/runs/synthetic_ablation_eigenvector-only/synthetic-singular__synthetic__symmetric-hamiltonian__L2__lr0.01__bs64__seed17_seed17,synthetic-singular,synthetic,symmetric-hamiltonian,2,17,0.01,64,2000,True,plus,True,False,0.6985317378699706,0.49390243902439024,0.7009742530856866,0.5042735042735043,0.5426829268292683,942.3780487804877,,22.329821825027466,,62,3,8,6e3df8c2ae7503394992a62eaa877ace7721f2bc,False
complete,synthetic,synthetic-singular__synthetic__symmetric-hamiltonian__L2__lr0.01__bs64__seed18,results/runs/synthetic_ablation_eigenvector-only/synthetic-singular__synthetic__symmetric-hamiltonian__L2__lr0.01__bs64__seed18_seed18,synthetic-singular,synthetic,symmetric-hamiltonian,2,18,0.01,64,2000,True,plus,True,False,0.7079780272200776,0.4847560975609756,0.7091023377804488,0.5164835164835165,0.5426829268292683,959.7560975609755,,21.794716358184814,,62,3,8,6e3df8c2ae7503394992a62eaa877ace7721f2bc,False
complete,synthetic,synthetic-singular__synthetic__symmetric-hamiltonian__L2__lr0.01__bs64__seed19,results/runs/synthetic_ablation_eigenvector-only/synthetic-singular__synthetic__symmetric-hamiltonian__L2__lr0.01__bs64__seed19_seed19,synthetic-singular,synthetic,symmetric-hamiltonian,2,19,0.01,64,2000,True,plus,True,False,0.6929866478121707,0.49390243902439024,0.6947605855165794,0.5091575091575091,0.5548780487804879,967.2256097560977,,22.623711585998535,,62,3,8,6e3df8c2ae7503394992a62eaa877ace7721f2bc,False
complete,synthetic,synthetic-singular__synthetic__symmetric-hamiltonian__L2__lr0.01__bs64__seed1,results/runs/synthetic_ablation_eigenvector-only/synthetic-singular__synthetic__symmetric-hamiltonian__L2__lr0.01__bs64__seed1_seed1,synthetic-singular,synthetic,symmetric-hamiltonian,2,1,0.01,64,2000,True,plus,True,False,0.7070150696770728,0.4725609756097561,0.7088220213378413,0.518925518925519,0.5609756097560976,975.7621951219512,,23.94651699066162,,62,3,8,6e3df8c2ae7503394992a62eaa877ace7721f2bc,False
complete,synthetic,synthetic-singular__synthetic__symmetric-hamiltonian__L2__lr0.01__bs64__seed2,results/runs/synthetic_ablation_eigenvector-only/synthetic-singular__synthetic__symmetric-hamiltonian__L2__lr0.01__bs64__seed2_seed2,synthetic-singular,synthetic,symmetric-hamiltonian,2,2,0.01,64,2000,True,plus,True,False,0.7018473516184347,0.4878048780487805,0.7041998762591077,0.5067155067155067,0.5335365853658537,981.2500000000001,,22.985928773880005,,62,3,8,6e3df8c2ae7503394992a62eaa877ace7721f2bc,False
complete,synthetic,synthetic-singular__synthetic__symmetric-hamiltonian__L2__lr0.01__bs64__seed3,results/runs/synthetic_ablation_eigenvector-only/synthetic-singular__synthetic__symmetric-hamiltonian__L2__lr0.01__bs64__seed3_seed3,synthetic-singular,synthetic,symmetric-hamiltonian,2,3,0.01,64,2000,True,plus,True,False,0.690848110039709,0.5426829268292683,0.6926163261105809,0.5103785103785103,0.5579268292682927,974.5426829268292,,23.728198766708374,,62,3,8,6e3df8c2ae7503394992a62eaa877ace7721f2bc,False
complete,synthetic,synthetic-singular__synthetic__symmetric-hamiltonian__L2__lr0.01__bs64__seed4,results/runs/synthetic_ablation_eigenvector-only/synthetic-singular__synthetic__symmetric-hamiltonian__L2__lr0.01__bs64__seed4_seed4,synthetic-singular,synthetic,symmetric-hamiltonian,2,4,0.01,64,2000,True,plus,True,False,0.6911596897404144,0.5365853658536586,0.6929047303948851,0.536019536019536,0.5365853658536586,961.1280487804879,,22.039806365966797,,62,3,8,6e3df8c2ae7503394992a62eaa877ace7721f2bc,False
complete,synthetic,synthetic-singular__synthetic__symmetric-hamiltonian__L2__lr0.01__bs64__seed5,results/runs/synthetic_ablation_eigenvector-only/synthetic-singular__synthetic__symmetric-hamiltonian__L2__lr0.01__bs64__seed5_seed5,synthetic-singular,synthetic,symmetric-hamiltonian,2,5,0.01,64,2000,True,plus,True,False,0.6986497671572719,0.5274390243902439,0.6944971558573199,0.5164835164835165,0.5548780487804879,993.2926829268292,,22.67310404777527,,62,3,8,6e3df8c2ae7503394992a62eaa877ace7721f2bc,False
complete,synthetic,synthetic-singular__synthetic__symmetric-hamiltonian__L2__lr0.01__bs64__seed6,results/runs/synthetic_ablation_eigenvector-only/synthetic-singular__synthetic__symmetric-hamiltonian__L2__lr0.01__bs64__seed6_seed6,synthetic-singular,synthetic,symmetric-hamiltonian,2,6,0.01,64,2000,True,plus,True,False,0.7008775018137737,0.5152439024390244,0.7005934986140014,0.5067155067155067,0.5579268292682927,973.7804878048778,,23.178682327270508,,62,3,8,6e3df8c2ae7503394992a62eaa877ace7721f2bc,False
complete,synthetic,synthetic-singular__synthetic__symmetric-hamiltonian__L2__lr0.01__bs64__seed7,results/runs/synthetic_ablation_eigenvector-only/synthetic-singular__synthetic__symmetric-hamiltonian__L2__lr0.01__bs64__seed7_seed7,synthetic-singular,synthetic,symmetric-hamiltonian,2,7,0.01,64,2000,True,plus,True,False,0.6930407253820268,0.5670731707317073,0.6945817778717583,0.5079365079365079,0.5670731707317073,961.5853658536587,,23.30938458442688,,62,3,8,6e3df8c2ae7503394992a62eaa877ace7721f2bc,False
complete,synthetic,synthetic-singular__synthetic__symmetric-hamiltonian__L2__lr0.01__bs64__seed8,results/runs/synthetic_ablation_eigenvector-only/synthetic-singular__synthetic__symmetric-hamiltonian__L2__lr0.01__bs64__seed8_seed8,synthetic-singular,synthetic,symmetric-hamiltonian,2,8,0.01,64,2000,True,plus,True,False,0.6964025216315477,0.524390243902439,0.6992262861970172,0.5152625152625152,0.5457317073170732,959.9085365853658,,21.80790090560913,,62,3,8,6e3df8c2ae7503394992a62eaa877ace7721f2bc,False
complete,synthetic,synthetic-singular__synthetic__symmetric-hamiltonian__L2__lr0.01__bs64__seed9,results/runs/synthetic_ablation_eigenvector-only/synthetic-singular__synthetic__symmetric-hamiltonian__L2__lr0.01__bs64__seed9_seed9,synthetic-singular,synthetic,symmetric-hamiltonian,2,9,0.01,64,2000,True,plus,True,False,0.6973641085712585,0.5152439024390244,0.7006072072948631,0.5274725274725275,0.5457317073170732,958.689024390244,,22.438626050949097,,62,3,8,6e3df8c2ae7503394992a62eaa877ace7721f2bc,False
complete,synthetic,synthetic-singular__synthetic__symmetric-hamiltonian__L32__lr0.01__bs64__seed0,results/runs/synthetic_ablation_eigenvector-only/synthetic-singular__synthetic__symmetric-hamiltonian__L32__lr0.01__bs64__seed0_seed0,synthetic-singular,synthetic,symmetric-hamiltonian,32,0,0.01,64,2000,True,plus,True,False,0.7440612796053271,0.5030487804878049,0.7272101014235499,0.5177045177045178,0.5701219512195121,960.670731707317,,121.61927962303162,,992,3,8,6e3df8c2ae7503394992a62eaa877ace7721f2bc,False
complete,synthetic,synthetic-singular__synthetic__symmetric-hamiltonian__L32__lr0.01__bs64__seed10,results/runs/synthetic_ablation_eigenvector-only/synthetic-singular__synthetic__symmetric-hamiltonian__L32__lr0.01__bs64__seed10_seed10,synthetic-singular,synthetic,symmetric-hamiltonian,32,10,0.01,64,2000,True,plus,True,False,0.6959974177212237,0.5152439024390244,0.6960661773558535,0.5067155067155067,0.524390243902439,948.780487804878,,120.99638366699219,,992,3,8,6e3df8c2ae7503394992a62eaa877ace7721f2bc,False
complete,synthetic,synthetic-singular__synthetic__symmetric-hamiltonian__L32__lr0.01__bs64__seed11,results/runs/synthetic_ablation_eigenvector-only/synthetic-singular__synthetic__symmetric-hamiltonian__L32__lr0.01__bs64__seed11_seed11,synthetic-singular,synthetic,symmetric-hamiltonian,32,11,0.01,64,2000,True,plus,True,False,0.7311858029597476,0.5152439024390244,0.7341685542136358,0.518925518925519,0.5548780487804879,960.0609756097562,,119.44484758377075,,992,3,8,6e3df8c2ae7503394992a62eaa877ace7721f2bc,False
complete,synthetic,synthetic-singular__synthetic__symmetric-hamiltonian__L32__lr0.01__bs64__seed12,results/runs/synthetic_ablation_eigenvector-only/synthetic-singular__synthetic__symmetric-hamiltonian__L32__lr0.01__bs64__seed12_seed12,synthetic-singular,synthetic,symmetric-hamiltonian,32,12,0.01,64,2000,True,plus,True,False,0.7923008163574675,0.4817073170731707,0.769423307940967,0.4932844932844933,0.5457317073170732,968.2926829268292,,118.96759295463562,,992,3,8,6e3df8c2ae7503394992a62eaa877ace7721f2bc,False
complete,synthetic,synthetic-singular__synthetic__symmetric-hamiltonian__L32__lr0.01__bs64__seed13,results/runs/synthetic_ablation_eigenvector-only/synthetic-singular__synthetic__symmetric-hamiltonian__L32__lr0.01__bs64__seed13_seed13,synthetic-singular,synthetic,symmetric-hamiltonian,32,13,0.01,64,2000,True,plus,True,False,0.7233122633294391,0.4878048780487805,0.7214495786077639,0.4981684981684982,0.5487804878048781,962.6524390243904,,122.18979454040527,,992,3,8,6e3df8c2ae7503394992a62eaa877ace7721f2bc,False
complete,synthetic,synthetic-singular__synthetic__symmetric-hamiltonian__L32__lr0.01__bs64__seed14,results/runs/synthetic_ablation_eigenvector-only/synthetic-singular__synthetic__symmetric-hamiltonian__L32__lr0.01__bs64__seed14_seed14,synthetic-singular,synthetic,symmetric-hamiltonian,32,14,0.01,64,2000,True,plus,True,False,0.7739110541267298,0.524390243902439,0.7899069093385401,0.5274725274725275,0.5609756097560976,968.75,,122.5063955783844,,992,3,8,6e3df8c2ae7503394992a62eaa877ace7721f2bc,False
complete,synthetic,synthetic-singular__synthetic__symmetric-hamiltonian__L32__lr0.01__bs64__seed15,results/runs/synthetic_ablation_eigenvector-only/synthetic-singular__synthetic__symmetric-hamiltonian__L32__lr0.01__bs64__seed15_seed15,synthetic-singular,synthetic,symmetric-hamiltonian,32,15,0.01,64,2000,True,plus,True,False,0.7569378165449567,0.4969512195121951,0.744158807503434,0.5238095238095238,0.524390243902439,941.0060975609757,,121.41186094284058,,992,3,8,6e3df8c2ae7503394992a62eaa877ace7721f2bc,False
complete,synthetic,synthetic-singular__synthetic__symmetric-hamiltonian__L32__lr0.01__bs64__seed16,results/runs/synthetic_ablation_eigenvector-only/synthetic-singular__synthetic__symmetric-hamiltonian__L32__lr0.01__bs64__seed16_seed16,synthetic-singular,synthetic,symmetric-hamiltonian,32,16,0.01,64,2000,True,plus,True,False,0.7066601946526505,0.4878048780487805,0.6972588502272464,0.5274725274725275,0.5487804878048781,957.3170731707318,,119.53253555297852,,992,3,8,6e3df8c2ae7503394992a62eaa877ace7721f2bc,False
complete,synthetic,synthetic-singular__synthetic__symmetric-hamiltonian__L32__lr0.01__bs64__seed17,results/runs/synthetic_ablation_eigenvector-only/synthetic-singular__synthetic__symmetric-hamiltonian__L32__lr0.01__bs64__seed17_seed17,synthetic-singular,synthetic,symmetric-hamiltonian,32,17,0.01,64,2000,True,plus,True,False,0.7151628101937906,0.5274390243902439,0.72348053118195,0.514041514041514,0.5640243902439024,952.8963414634147,,120.27401161193848,,992,3,8,6e3df8c2ae7503394992a62eaa877ace7721f2bc,False
complete,synthetic,synthetic-singular__synthetic__symmetric-hamiltonian__L32__lr0.01__bs64__seed18,results/runs/synthetic_ablation_eigenvector-only/synthetic-singular__synthetic__symmetric-hamiltonian__L32__lr0.01__bs64__seed18_seed18,synthetic-singular,synthetic,symmetric-hamiltonian,32,18,0.01,64,2000,True,plus,True,False,0.7177878069819194,0.4817073170731707,0.7176569418307274,0.47496947496947495,0.5426829268292683,952.1341463414636,,121.10015296936035,,992,3,8,6e3df8c2ae7503394992a62eaa877ace7721f2bc,False
complete,synthetic,synthetic-singular__synthetic__symmetric-hamiltonian__L32__lr0.01__bs64__seed19,results/runs/synthetic_ablation_eigenvector-only/synthetic-singular__synthetic__symmetric-hamiltonian__L32__lr0.01__bs64__seed19_seed19,synthetic-singular,synthetic,symmetric-hamiltonian,32,19,0.01,64,2000,True,plus,True,False,0.808772009030137,0.524390243902439,0.7914316831739493,0.5213675213675214,0.5274390243902439,936.8902439024389,,121.99320840835571,,992,3,8,6e3df8c2ae7503394992a62eaa877ace7721f2bc,False
complete,synthetic,synthetic-singular__synthetic__symmetric-hamiltonian__L32__lr0.01__bs64__seed1,results/runs/synthetic_ablation_eigenvector-only/synthetic-singular__synthetic__symmetric-hamiltonian__L32__lr0.01__bs64__seed1_seed1,synthetic-singular,synthetic,symmetric-hamiltonian,32,1,0.01,64,2000,True,plus,True,False,0.7954053670502399,0.4695121951219512,0.7590557268479614,0.48595848595848595,0.5487804878048781,958.0792682926829,,118.82031273841858,,992,3,8,6e3df8c2ae7503394992a62eaa877ace7721f2bc,False
complete,synthetic,synthetic-singular__synthetic__symmetric-hamiltonian__L32__lr0.01__bs64__seed2,results/runs/synthetic_ablation_eigenvector-only/synthetic-singular__synthetic__symmetric-hamiltonian__L32__lr0.01__bs64__seed2_seed2,synthetic-singular,synthetic,symmetric-hamiltonian,32,2,0.01,64,2000,True,plus,True,False,0.7359575481043223,0.5030487804878049,0.7487114254776847,0.5067155067155067,0.5426829268292683,957.1646341463413,,123.34565019607544,,992,3,8,6e3df8c2ae7503394992a62eaa877ace7721f2bc,False
complete,synthetic,synthetic-singular__synthetic__symmetric-hamiltonian__L32__lr0.01__bs64__seed3,results/runs/synthetic_ablation_eigenvector-only/synthetic-singular__synthetic__symmetric-hamiltonian__L32__lr0.01__bs64__seed3_seed3,synthetic-singular,synthetic,symmetric-hamiltonian,32,3,0.01,64,2000,True,plus,True,False,0.7391803828614066,0.5091463414634146,0.7380079571480757,0.5225885225885226,0.5579268292682927,953.5060975609756,,121.23272895812988,,992,3,8,6e3df8c2ae7503394992a62eaa877ace7721f2bc,False
complete,synthetic,synthetic-singular__synthetic__symmetric-hamiltonian__L32__lr0.01__bs64__seed4,results/runs/synthetic_ablation_eigenvector-only/synthetic-singular__synthetic__symmetric-hamiltonian__L32__lr0.01__bs64__seed4_seed4,synthetic-singular,synthetic,symmetric-hamiltonian,32,4,0.01,64,2000,True,plus,True,False,0.7227834905682133,0.4969512195121951,0.7236962273755094,0.525030525030525,0.5426829268292683,960.518292682927,,123.27454137802124,,992,3,8,6e3df8c2ae7503394992a62eaa877ace7721f2bc,False
complete,synthetic,synthetic-singular__synthetic__symmetric-hamiltonian__L32__lr0.01__bs64__seed5,results/runs/synthetic_ablation_eigenvector-only/synthetic-singular__synthetic__symmetric-hamiltonian__L32__lr0.01__bs64__seed5_seed5,synthetic-singular,synthetic,symmetric-hamiltonian,32,5,0.01,64,2000,True,plus,True,False,0.7462734082312672,0.5213414634146342,0.7355813213642383,0.5347985347985348,0.551829268292683,973.4756097560975,,120.28738832473755,,992,3,8,6e3df8c2ae7503394992a62eaa877ace7721f2bc,False
complete,synthetic,synthetic-singular__synthetic__symmetric-hamiltonian__L32__lr0.01__bs64__seed6,results/runs/synthetic_ablation_eigenvector-only/synthetic-singular__synthetic__symmetric-hamiltonian__L32__lr0.01__bs64__seed6_seed6,synthetic-singular,synthetic,symmetric-hamiltonian,32,6,0.01,64,2000,True,plus,True,False,0.7592215796352613,0.4298780487804878,0.7423951303855452,0.4981684981684982,0.5457317073170732,946.0365853658537,,120.12920928001404,,992,3,8,6e3df8c2ae7503394992a62eaa877ace7721f2bc,False
complete,synthetic,synthetic-singular__synthetic__symmetric-hamiltonian__L32__lr0.01__bs64__seed7,results/runs/synthetic_ablation_eigenvector-only/synthetic-singular__synthetic__symmetric-hamiltonian__L32__lr0.01__bs64__seed7_seed7,synthetic-singular,synthetic,symmetric-hamiltonian,32,7,0.01,64,2000,True,plus,True,False,0.9558396717497013,0.47560975609756095,0.9212058046455879,0.48473748473748474,0.551829268292683,962.3475609756098,,121.30249953269958,,992,3,8,6e3df8c2ae7503394992a62eaa877ace7721f2bc,False
complete,synthetic,synthetic-singular__synthetic__symmetric-hamiltonian__L32__lr0.01__bs64__seed8,results/runs/synthetic_ablation_eigenvector-only/synthetic-singular__synthetic__symmetric-hamiltonian__L32__lr0.01__bs64__seed8_seed8,synthetic-singular,synthetic,symmetric-hamiltonian,32,8,0.01,64,2000,True,plus,True,False,0.7417111169894076,0.5335365853658537,0.7418846242621298,0.49572649572649574,0.5457317073170732,963.5670731707319,,118.11223459243774,,992,3,8,6e3df8c2ae7503394992a62eaa877ace7721f2bc,False
complete,synthetic,synthetic-singular__synthetic__symmetric-hamiltonian__L32__lr0.01__bs64__seed9,results/runs/synthetic_ablation_eigenvector-only/synthetic-singular__synthetic__symmetric-hamiltonian__L32__lr0.01__bs64__seed9_seed9,synthetic-singular,synthetic,symmetric-hamiltonian,32,9,0.01,64,2000,True,plus,True,False,0.7452142351669421,0.5060975609756098,0.7423039180175812,0.503052503052503,0.5396341463414634,960.9756097560976,,122.36891150474548,,992,3,8,6e3df8c2ae7503394992a62eaa877ace7721f2bc,False
complete,synthetic,synthetic-singular__synthetic__symmetric-hamiltonian__L4__lr0.01__bs64__seed0,results/runs/synthetic_ablation_eigenvector-only/synthetic-singular__synthetic__symmetric-hamiltonian__L4__lr0.01__bs64__seed0_seed0,synthetic-singular,synthetic,symmetric-hamiltonian,4,0,0.01,64,2000,True,plus,True,False,0.6944475177084455,0.5365853658536586,0.6975585027782544,0.5225885225885226,0.5487804878048781,949.6951219512194,,30.290223836898804,,124,3,8,6e3df8c2ae7503394992a62eaa877ace7721f2bc,False
complete,synthetic,synthetic-singular__synthetic__symmetric-hamiltonian__L4__lr0.01__bs64__seed10,results/runs/synthetic_ablation_eigenvector-only/synthetic-singular__synthetic__symmetric-hamiltonian__L4__lr0.01__bs64__seed10_seed10,synthetic-singular,synthetic,symmetric-hamiltonian,4,10,0.01,64,2000,True,plus,True,False,0.705234299886638,0.49390243902439024,0.7053127689302305,0.4810744810744811,0.5457317073170732,962.5,,30.30851101875305,,124,3,8,6e3df8c2ae7503394992a62eaa877ace7721f2bc,False
complete,synthetic,synthetic-singular__synthetic__symmetric-hamiltonian__L4__lr0.01__bs64__seed11,results/runs/synthetic_ablation_eigenvector-only/synthetic-singular__synthetic__symmetric-hamiltonian__L4__lr0.01__bs64__seed11_seed11,synthetic-singular,synthetic,symmetric-hamiltonian,4,11,0.01,64,2000,True,plus,True,False,0.7094895462298514,0.49085365853658536,0.7107072866486265,0.4981684981684982,0.5426829268292683,948.9329268292682,,28.175068616867065,,124,3,8,6e3df8c2ae7503394992a62eaa877ace7721f2bc,False
complete,synthetic,synthetic-singular__synthetic__symmetric-hamiltonian__L4__lr0.01__bs64__seed12,results/runs/synthetic_ablation_eigenvector-only/synthetic-singular__synthetic__symmetric-hamiltonian__L4__lr0.01__bs64__seed12_seed12,synthetic-singular,synthetic,symmetric-hamiltonian,4,12,0.01,64,2000,True,plus,True,False,0.691784245865817,0.5457317073170732,0.6991656485914957,0.49206349206349204,0.5457317073170732,949.8475609756097,,28.939200401306152,,124,3,8,6e3df8c2ae7503394992a62eaa877ace7721f2bc,False
complete,synthetic,synthetic-singular__synthetic__symmetric-hamiltonian__L4__lr0.01__bs64__seed13,results/runs/synthetic_ablation_eigenvector-only/synthetic-singular__synthetic__symmetric-hamiltonian__L4__lr0.01__bs64__seed13_seed13,synthetic-singular,synthetic,symmetric-hamiltonian,4,13,0.01,64,2000,True,plus,True,False,0.7057367288806861,0.4695121951219512,0.7070891210460418,0.4810744810744811,0.5426829268292683,958.2317073170732,,28.0875985622406,,124,3,8,6e3df8c2ae7503394992a62eaa877ace7721f2bc,False
complete,synthetic,synthetic-singular__synthetic__symmetric-hamiltonian__L4__lr0.01__bs64__seed14,results/runs/synthetic_ablation_eigenvector-only/synthetic-singular__synthetic__symmetric-hamiltonian__L4__lr0.01__bs64__seed14_seed14,synthetic-singular,synthetic,symmetric-hamiltonian,4,14,0.01,64,2000,True,plus,True,False,0.6948649241131601,0.49085365853658536,0.6970028799917538,0.5213675213675214,0.5579268292682927,972.1036585365854,,29.499911546707153,,124,3,8,6e3df8c2ae7503394992a62eaa877ace7721f2bc,False
complete,synthetic,synthetic-singular__synthetic__symmetric-hamiltonian__L4__lr0.01__bs64__seed15,results/runs/synthetic_ablation_eigenvector-only/synthetic-singular__synthetic__symmetric-hamiltonian__L4__lr0.01__bs64__seed15_seed15,synthetic-singular,synthetic,symmetric-hamiltonian,4,15,0.01,64,2000,True,plus,True,False,0.694484373219082,0.5030487804878049,0.6894577280258196,0.5616605616605617,0.5609756097560976,966.3109756097559,,27.452251434326172,,124,3,8,6e3df8c2ae7503394992a62eaa877ace7721f2bc,False
complete,synthetic,synthetic-singular__synthetic__symmetric-hamiltonian__L4__lr0.01__bs64__seed16,results/runs/synthetic_ablation_eigenvector-only/synthetic-singular__synthetic__symmetric-hamiltonian__L4__lr0.01__bs64__seed16_seed16,synthetic-singular,synthetic,symmetric-hamiltonian,4,16,0.01,64,2000,True,plus,True,False,0.7139454938399256,0.4878048780487805,0.7169684136572094,0.4810744810744811,0.551829268292683,953.9634146341466,,27.93833041191101,,124,3,8,6e3df8c2ae7503394992a62eaa877ace7721f2bc,False
complete,synthetic,synthetic-singular__synthetic__symmetric-hamiltonian__L4__lr0.01__bs64__seed17,results/runs/synthetic_ablation_eigenvector-only/synthetic-singular__synthetic__symmetric-hamiltonian__L4__lr0.01__bs64__seed17_seed17,synthetic-singular,synthetic,symmetric-hamiltonian,4,17,0.01,64,2000,True,plus,True,False,0.6990338894896306,0.5060975609756098,0.6988559619810591,0.5079365079365079,0.5457317073170732,961.890243902439,,28.063073873519897,,124,3,8,6e3df8c2ae7503394992a62eaa877ace7721f2bc,False
complete,synthetic,synthetic-singular__synthetic__symmetric-hamiltonian__L4__lr0.01__bs64__seed18,results/runs/synthetic_ablation_eigenvector-only/synthetic-singular__synthetic__symmetric-hamiltonian__L4__lr0.01__bs64__seed18_seed18,synthetic-singular,synthetic,symmetric-hamiltonian,4,18,0.01,64,2000,True,plus,True,False,0.7029401039453997,0.4725609756097561,0.7061161579025919,0.5054945054945055,0.5457317073170732,967.0731707317074,,28.290526151657104,,124,3,8,6e3df8c2ae7503394992a62eaa877ace7721f2bc,False
complete,synthetic,synthetic-singular__synthetic__symmetric-hamiltonian__L4__lr0.01__bs64__seed19,results/runs/synthetic_ablation_eigenvector-only/synthetic-singular__synthetic__symmetric-hamiltonian__L4__lr0.01__bs64__seed19_seed19,synthetic-singular,synthetic,symmetric-hamiltonian,4,19,0.01,64,2000,True,plus,True,False,0.6978430405467416,0.5121951219512195,0.7015332571693824,0.5079365079365079,0.5426829268292683,955.9451219512196,,28.764915704727173,,124,3,8,6e3df8c2ae7503394992a62eaa877ace7721f2bc,False
complete,synthetic,synthetic-singular__synthetic__symmetric-hamiltonian__L4__lr0.01__bs64__seed1,results/runs/synthetic_ablation_eigenvector-only/synthetic-singular__synthetic__symmetric-hamiltonian__L4__lr0.01__bs64__seed1_seed1,synthetic-singular,synthetic,symmetric-hamiltonian,4,1,0.01,64,2000,True,plus,True,False,0.7013084939593657,0.4817073170731707,0.7042669297362629,0.49694749694749696,0.551829268292683,961.280487804878,,28.210151433944702,,124,3,8,6e3df8c2ae7503394992a62eaa877ace7721f2bc,False
complete,synthetic,synthetic-singular__synthetic__symmetric-hamiltonian__L4__lr0.01__bs64__seed2,results/runs/synthetic_ablation_eigenvector-only/synthetic-singular__synthetic__symmetric-hamiltonian__L4__lr0.01__bs64__seed2_seed2,synthetic-singular,synthetic,symmetric-hamiltonian,4,2,0.01,64,2000,True,plus,True,False,0.696960429064618,0.49390243902439024,0.6974230449452898,0.5164835164835165,0.551829268292683,965.0914634146341,,27.77922487258911,,124,3,8,6e3df8c2ae7503394992a62eaa877ace7721f2bc,False
complete,synthetic,synthetic-singular__synthetic__symmetric-hamiltonian__L4__lr0.01__bs64__seed3,results/runs/synthetic_ablation_eigenvector-only/synthetic-singular__synthetic__symmetric-hamiltonian__L4__lr0.01__bs64__seed3_seed3,synthetic-singular,synthetic,symmetric-hamiltonian,4,3,0.01,64,2000,True,plus,True,False,0.6908703693854553,0.5457317073170732,0.6917297770902059,0.5421245421245421,0.5457317073170732,955.3353658536586,,29.54907536506653,,124,3,8,6e3df8c2ae7503394992a62eaa877ace7721f2bc,False
complete,synthetic,synthetic-singular__synthetic__symmetric-hamiltonian__L4__lr0.01__bs64__seed4,results/runs/synthetic_ablation_eigenvector-only/synthetic-singular__synthetic__symmetric-hamiltonian__L4__lr0.01__bs64__seed4_seed4,synthetic-singular,synthetic,symmetric-hamiltonian,4,4,0.01,64,2000,True,plus,True,False,0.6980464250431103,0.5304878048780488,0.692641957469833,0.5409035409035409,0.5396341463414634,954.5731707317074,,28.499399662017822,,124,3,8,6e3df8c2ae7503394992a62eaa877ace7721f2bc,False
complete,synthetic,synthetic-singular__synthetic__symmetric-hamiltonian__L4__lr0.01__bs64__seed5,results/runs/synthetic_ablation_eigenvector-only/synthetic-singular__synthetic__symmetric-hamiltonian__L4__lr0.01__bs64__seed5_seed5,synthetic-singular,synthetic,symmetric-hamiltonian,4,5,0.01,64,2000,True,plus,True,False,0.6885759505303155,0.5335365853658537,0.687846251699221,0.5421245421245421,0.5548780487804879,979.7256097560975,,29.363592624664307,,124,3,8,6e3df8c2ae7503394992a62eaa877ace7721f2bc,False
complete,synthetic,synthetic-singular__synthetic__symmetric-hamiltonian__L4__lr0.01__bs64__seed6,results/runs/synthetic_ablation_eigenvector-only/synthetic-singular__synthetic__symmetric-hamiltonian__L4__lr0.01__bs64__seed6_seed6,synthetic-singular,synthetic,symmetric-hamiltonian,4,6,0.01,64,2000,True,plus,True,False,0.7061131243552209,0.4969512195121951,0.7057922572374998,0.5091575091575091,0.5426829268292683,960.2134146341464,,27.998748302459717,,124,3,8,6e3df8c2ae7503394992a62eaa877ace7721f2bc,False
complete,synthetic,synthetic-singular__synthetic__symmetric-hamiltonian__L4__lr0.01__bs64__seed7,results/runs/synthetic_ablation_eigenvector-only/synthetic-singular__synthetic__symmetric-hamiltonian__L4__lr0.01__bs64__seed7_seed7,synthetic-singular,synthetic,symmetric-hamiltonian,4,7,0.01,64,2000,True,plus,True,False,0.6990360563273907,0.5182926829268293,0.6977856537618498,0.514041514041514,0.5396341463414634,954.5731707317073,,28.987001657485962,,124,3,8,6e3df8c2ae7503394992a62eaa877ace7721f2bc,False
complete,synthetic,synthetic-singular__synthetic__symmetric-hamiltonian__L4__lr0.01__bs64__seed8,results/runs/synthetic_ablation_eigenvector-only/synthetic-singular__synthetic__symmetric-hamiltonian__L4__lr0.01__bs64__seed8_seed8,synthetic-singular,synthetic,symmetric-hamiltonian,4,8,0.01,64,2000,True,plus,True,False,0.6922090266835953,0.5274390243902439,0.6946794167522367,0.5201465201465202,0.5365853658536586,961.280487804878,,27.88501739501953,,124,3,8,6e3df8c2ae7503394992a62eaa877ace7721f2bc,False
complete,synthetic,synthetic-singular__synthetic__symmetric-hamiltonian__L4__lr0.01__bs64__seed9,results/runs/synthetic_ablation_eigenvector-only/synthetic-singular__synthetic__symmetric-hamiltonian__L4__lr0.01__bs64__seed9_seed9,synthetic-singular,synthetic,symmetric-hamiltonian,4,9,0.01,64,2000,True,plus,True,False,0.697786739465458,0.49390243902439024,0.7025395688740447,0.49572649572649574,0.551829268292683,955.030487804878,,29.280340671539307,,124,3,8,6e3df8c2ae7503394992a62eaa877ace7721f2bc,False
complete,synthetic,synthetic-singular__synthetic__symmetric-hamiltonian__L8__lr0.01__bs64__seed0,results/runs/synthetic_ablation_eigenvector-only/synthetic-singular__synthetic__symmetric-hamiltonian__L8__lr0.01__bs64__seed0_seed0,synthetic-singular,synthetic,symmetric-hamiltonian,8,0,0.01,64,2000,True,plus,True,False,0.6916071015632888,0.524390243902439,0.6913946190759859,0.5262515262515263,0.5335365853658537,941.7682926829268,,41.84256029129028,,248,3,8,6e3df8c2ae7503394992a62eaa877ace7721f2bc,False
complete,synthetic,synthetic-singular__synthetic__symmetric-hamiltonian__L8__lr0.01__bs64__seed10,results/runs/synthetic_ablation_eigenvector-only/synthetic-singular__synthetic__symmetric-hamiltonian__L8__lr0.01__bs64__seed10_seed10,synthetic-singular,synthetic,symmetric-hamiltonian,8,10,0.01,64,2000,True,plus,True,False,0.7136795286069755,0.4878048780487805,0.7120404488154746,0.4896214896214896,0.524390243902439,954.8780487804878,,41.989577293395996,,248,3,8,6e3df8c2ae7503394992a62eaa877ace7721f2bc,False
complete,synthetic,synthetic-singular__synthetic__symmetric-hamiltonian__L8__lr0.01__bs64__seed11,results/runs/synthetic_ablation_eigenvector-only/synthetic-singular__synthetic__symmetric-hamiltonian__L8__lr0.01__bs64__seed11_seed11,synthetic-singular,synthetic,symmetric-hamiltonian,8,11,0.01,64,2000,True,plus,True,False,0.7215955648915999,0.4817073170731707,0.724512209114894,0.4822954822954823,0.5426829268292683,962.1951219512197,,41.15480589866638,,248,3,8,6e3df8c2ae7503394992a62eaa877ace7721f2bc,False
complete,synthetic,synthetic-singular__synthetic__symmetric-hamiltonian__L8__lr0.01__bs64__seed12,results/runs/synthetic_ablation_eigenvector-only/synthetic-singular__synthetic__symmetric-hamiltonian__L8__lr0.01__bs64__seed12_seed12,synthetic-singular,synthetic,symmetric-hamiltonian,8,12,0.01,64,2000,True,plus,True,False,0.6911198132636046,0.551829268292683,0.6950793843990132,0.503052503052503,0.551829268292683,934.9085365853659,,41.9745934009552,,248,3,8,6e3df8c2ae7503394992a62eaa877ace7721f2bc,False
complete,synthetic,synthetic-singular__synthetic__symmetric-hamiltonian__L8__lr0.01__bs64__seed13,results/runs/synthetic_ablation_eigenvector-only/synthetic-singular__synthetic__symmetric-hamiltonian__L8__lr0.01__bs64__seed13_seed13,synthetic-singular,synthetic,symmetric-hamiltonian,8,13,0.01,64,2000,True,plus,True,False,0.6928936442993596,0.5060975609756098,0.6952642874431646,0.49694749694749696,0.5335365853658537,943.5975609756097,,41.655943393707275,,248,3,8,6e3df8c2ae7503394992a62eaa877ace7721f2bc,False
complete,synthetic,synthetic-singular__synthetic__symmetric-hamiltonian__L8__lr0.01__bs64__seed14,results/runs/synthetic_ablation_eigenvector-only/synthetic-singular__synthetic__symmetric-hamiltonian__L8__lr0.01__bs64__seed14_seed14,synthetic-singular,synthetic,symmetric-hamiltonian,8,14,0.01,64,2000,True,plus,True,False,0.691538396367493,0.5426829268292683,0.6936845137052798,0.5091575091575091,0.5426829268292683,966.0060975609757,,41.88048791885376,,248,3,8,6e3df8c2ae7503394992a62eaa877ace7721f2bc,False
complete,synthetic,synthetic-singular__synthetic__symmetric-hamiltonian__L8__lr0.01__bs64__seed15,results/runs/synthetic_ablation_eigenvector-only/synthetic-singular__synthetic__symmetric-hamiltonian__L8__lr0.01__bs64__seed15_seed15,synthetic-singular,synthetic,symmetric-hamiltonian,8,15,0.01,64,2000,True,plus,True,False,0.6903905192040699,0.5335365853658537,0.6925985949864003,0.5238095238095238,0.5335365853658537,957.1646341463415,,41.10943007469177,,248,3,8,6e3df8c2ae7503394992a62eaa877ace7721f2bc,False
complete,synthetic,synthetic-singular__synthetic__symmetric-hamiltonian__L8__lr0.01__bs64__seed16,results/runs/synthetic_ablation_eigenvector-only/synthetic-singular__synthetic__symmetric-hamiltonian__L8__lr0.01__bs64__seed16_seed16,synthetic-singular,synthetic,symmetric-hamiltonian,8,16,0.01,64,2000,True,plus,True,False,0.6959212485450541,0.4969512195121951,0.6985095535380698,0.5225885225885226,0.5365853658536586,949.5426829268292,,41.71739935874939,,248,3,8,6e3df8c2ae7503394992a62eaa877ace7721f2bc,False
complete,synthetic,synthetic-singular__synthetic__symmetric-hamiltonian__L8__lr0.01__bs64__seed17,results/runs/synthetic_ablation_eigenvector-only/synthetic-singular__synthetic__symmetric-hamiltonian__L8__lr0.01__bs64__seed17_seed17,synthetic-singular,synthetic,symmetric-hamiltonian,8,17,0.01,64,2000,True,plus,True,False,0.6898215797353876,0.551829268292683,0.6926621374657609,0.518925518925519,0.551829268292683,962.6524390243903,,41.327143907547,,248,3,8,6e3df8c2ae7503394992a62eaa877ace7721f2bc,False
complete,synthetic,synthetic-singular__synthetic__symmetric-hamiltonian__L8__lr0.01__bs64__seed18,results/runs/synthetic_ablation_eigenvector-only/synthetic-singular__synthetic__symmetric-hamiltonian__L8__lr0.01__bs64__seed18_seed18,synthetic-singular,synthetic,symmetric-hamiltonian,8,18,0.01,64,2000,True,plus,True,False,0.6987207804680629,0.5091463414634146,0.7035578568820043,0.5079365079365079,0.5274390243902439,951.9817073170731,,41.92992067337036,,248,3,8,6e3df8c2ae7503394992a62eaa877ace7721f2bc,False
complete,synthetic,synthetic-singular__synthetic__symmetric-hamiltonian__L8__lr0.01__bs64__seed19,results/runs/synthetic_ablation_eigenvector-only/synthetic-singular__synthetic__symmetric-hamiltonian__L8__lr0.01__bs64__seed19_seed19,synthetic-singular,synthetic,symmetric-hamiltonian,8,19,0.01,64,2000,True,plus,True,False,0.696206567806981,0.5030487804878049,0.6980070938042663,0.5054945054945055,0.5274390243902439,949.2378048780487,,40.671276807785034,,248,3,8,6e3df8c2ae7503394992a62eaa877ace7721f2bc,False
complete,synthetic,synthetic-singular__synthetic__symmetric-hamiltonian__L8__lr0.01__bs64__seed1,results/runs/synthetic_ablation_eigenvector-only/synthetic-singular__synthetic__symmetric-hamiltonian__L8__lr0.01__bs64__seed1_seed1,synthetic-singular,synthetic,symmetric-hamiltonian,8,1,0.01,64,2000,True,plus,True,False,0.6981598664437076,0.5030487804878049,0.7015067187581804,0.5079365079365079,0.5426829268292683,968.2926829268292,,40.15835928916931,,248,3,8,6e3df8c2ae7503394992a62eaa877ace7721f2bc,False
complete,synthetic,synthetic-singular__synthetic__symmetric-hamiltonian__L8__lr0.01__bs64__seed2,results/runs/synthetic_ablation_eigenvector-only/synthetic-singular__synthetic__symmetric-hamiltonian__L8__lr0.01__bs64__seed2_seed2,synthetic-singular,synthetic,symmetric-hamiltonian,8,2,0.01,64,2000,True,plus,True,False,0.6997812355455459,0.5304878048780488,0.7031048977987869,0.518925518925519,0.5396341463414634,949.2378048780488,,43.862308502197266,,248,3,8,6e3df8c2ae7503394992a62eaa877ace7721f2bc,False
complete,synthetic,synthetic-singular__synthetic__symmetric-hamiltonian__L8__lr0.01__bs64__seed3,results/runs/synthetic_ablation_eigenvector-only/synthetic-singular__synthetic__symmetric-hamiltonian__L8__lr0.01__bs64__seed3_seed3,synthetic-singular,synthetic,symmetric-hamiltonian,8,3,0.01,64,2000,True,plus,True,False,0.6947095607849576,0.5335365853658537,0.7000510126372168,0.5091575091575091,0.5365853658536586,970.2743902439025,,40.06797456741333,,248,3,8,6e3df8c2ae7503394992a62eaa877ace7721f2bc,False
complete,synthetic,synthetic-singular__synthetic__symmetric-hamiltonian__L8__lr0.01__bs64__seed4,results/runs/synthetic_ablation_eigenvector-only/synthetic-singular__synthetic__symmetric-hamiltonian__L8__lr0.01__bs64__seed4_seed4,synthetic-singular,synthetic,symmetric-hamiltonian,8,4,0.01,64,2000,True,plus,True,False,0.7057566097552398,0.47560975609756095,0.707626709786554,0.4822954822954823,0.5487804878048781,942.0731707317071,,41.28280258178711,,248,3,8,6e3df8c2ae7503394992a62eaa877ace7721f2bc,False
complete,synthetic,synthetic-singular__synthetic__symmetric-hamiltonian__L8__lr0.01__bs64__seed5,results/runs/synthetic_ablation_eigenvector-only/synthetic-singular__synthetic__symmetric-hamiltonian__L8__lr0.01__bs64__seed5_seed5,synthetic-singular,synthetic,symmetric-hamiltonian,8,5,0.01,64,2000,True,plus,True,False,0.699583537298249,0.5091463414634146,0.700625964486764,0.5103785103785103,0.5426829268292683,961.8902439024389,,40.01363801956177,,248,3,8,6e3df8c2ae7503394992a62eaa877ace7721f2bc,False
complete,synthetic,synthetic-singular__synthetic__symmetric-hamiltonian__L8__lr0.01__bs64__seed6,results/runs/synthetic_ablation_eigenvector-only/synthetic-singular__synthetic__symmetric-hamiltonian__L8__lr0.01__bs64__seed6_seed6,synthetic-singular,synthetic,symmetric-hamiltonian,8,6,0.01,64,2000,True,plus,True,False,0.6964521496503266,0.4817073170731707,0.7000700247355462,0.4993894993894994,0.5487804878048781,970.4268292682926,,41.94011902809143,,248,3,8,6e3df8c2ae7503394992a62eaa877ace7721f2bc,False
complete,synthetic,synthetic-singular__synthetic__symmetric-hamiltonian__L8__lr0.01__bs64__seed7,results/runs/synthetic_ablation_eigenvector-only/synthetic-singular__synthetic__symmetric-hamiltonian__L8__lr0.01__bs64__seed7_seed7,synthetic-singular,synthetic,symmetric-hamiltonian,8,7,0.01,64,2000,True,plus,True,False,0.6932003947069805,0.5304878048780488,0.6965064492686257,0.5177045177045178,0.5670731707317073,976.5243902439024,,40.8891282081604,,248,3,8,6e3df8c2ae7503394992a62eaa877ace7721f2bc,False
complete,synthetic,synthetic-singular__synthetic__symmetric-hamiltonian__L8__lr0.01__bs64__seed8,results/runs/synthetic_ablation_eigenvector-only/synthetic-singular__synthetic__symmetric-hamiltonian__L8__lr0.01__bs64__seed8_seed8,synthetic-singular,synthetic,symmetric-hamiltonian,8,8,0.01,64,2000,True,plus,True,False,0.6983150818129271,0.5121951219512195,0.7009730111040221,0.5103785103785103,0.5487804878048781,971.189024390244,,42.792362213134766,,248,3,8,6e3df8c2ae7503394992a62eaa877ace7721f2bc,False
complete,synthetic,synthetic-singular__synthetic__symmetric-hamiltonian__L8__lr0.01__bs64__seed9,results/runs/synthetic_ablation_eigenvector-only/synthetic-singular__synthetic__symmetric-hamiltonian__L8__lr0.01__bs64__seed9_seed9,synthetic-singular,synthetic,symmetric-hamiltonian,8,9,0.01,64,2000,True,plus,True,False,0.694513011063969,0.5457317073170732,0.7008146595842947,0.4981684981684982,0.5457317073170732,953.9634146341461,,42.02631425857544,,248,3,8,6e3df8c2ae7503394992a62eaa877ace7721f2bc,False
