status,manifest_id,job_slug,run_dir,dataset,representation,encoder,depth,seed,learning_rate,batch_size,steps,standardize,initial_state,projector_renormalize,track_readout_leakage,final_validation_loss,final_validation_accuracy,final_test_loss,final_test_accuracy,best_validation_accuracy,validation_accuracy_auc,time_to_target_step,wall_time_seconds,mean_readout_leakage_mass,parameter_count,n_qubits,hilbert_dim,git_commit,git_dirty
complete,synthetic,synthetic-eigengap__synthetic__block-hamiltonian__L16__lr0.01__bs64__seed0,results/runs/synthetic_ablation_singular-vector-only/synthetic-eigengap__synthetic__block-hamiltonian__L16__lr0.01__bs64__seed0_seed0,synthetic-eigengap,synthetic,block-hamiltonian,16,0,0.01,64,2000,True,plus,True,False,0.6135455844302474,0.6859756097560976,0.5992839329764115,0.6837606837606838,0.7012195121951219,1236.280487804878,,64.97357201576233,,496,3,8,6e3df8c2ae7503394992a62eaa877ace7721f2bc,False
complete,synthetic,synthetic-eigengap__synthetic__block-hamiltonian__L16__lr0.01__bs64__seed10,results/runs/synthetic_ablation_singular-vector-only/synthetic-eigengap__synthetic__block-hamiltonian__L16__lr0.01__bs64__seed10_seed10,synthetic-eigengap,synthetic,block-hamiltonian,16,10,0.01,64,2000,True,plus,True,False,0.6082426974573583,0.6646341463414634,0.6233010790519079,0.6752136752136753,0.6859756097560976,1253.0487804878048,,66.29449224472046,,496,3,8,6e3df8c2ae7503394992a62eaa877ace7721f2bc,False
complete,synthetic,synthetic-eigengap__synthetic__block-hamiltonian__L16__lr0.01__bs64__seed11,results/runs/synthetic_ablation_singular-vector-only/synthetic-eigengap__synthetic__block-hamiltonian__L16__lr0.01__bs64__seed11_seed11,synthetic-eigengap,synthetic,block-hamiltonian,16,11,0.01,64,2000,True,plus,True,False,0.6436642733988208,0.6646341463414634,0.6371268017628778,0.6691086691086691,0.6829268292682927,1215.8536585365855,,66.81852650642395,,496,3,8,6e3df8c2ae7503394992a62eaa877ace7721f2bc,False
complete,synthetic,synthetic-eigengap__synthetic__block-hamiltonian__L16__lr0.01__bs64__seed12,results/runs/synthetic_ablation_singular-vector-only/synthetic-eigengap__synthetic__block-hamiltonian__L16__lr0.01__bs64__seed12_seed12,synthetic-eigengap,synthetic,block-hamiltonian,16,12,0.01,64,2000,True,plus,True,False,0.6065616388883668,0.6920731707317073,0.6068261450767718,0.6947496947496947,0.7012195121951219,1229.7256097560976,,64.88592314720154,,496,3,8,6e3df8c2ae7503394992a62eaa877ace7721f2bc,False
complete,synthetic,synthetic-eigengap__synthetic__block-hamiltonian__L16__lr0.01__bs64__seed13,results/runs/synthetic_ablation_singular-vector-only/synthetic-eigengap__synthetic__block-hamiltonian__L16__lr0.01__bs64__seed13_seed13,synthetic-eigengap,synthetic,block-hamiltonian,16,13,0.01,64,2000,True,plus,True,False,0.6425205384460981,0.6463414634146342,0.6234221779178297,0.6593406593406593,0.7012195121951219,1188.871951219512,,66.37112808227539,,496,3,8,6e3df8c2ae7503394992a62eaa877ace7721f2bc,False
complete,synthetic,synthetic-eigengap__synthetic__block-hamiltonian__L16__lr0.01__bs64__seed14,results/runs/synthetic_ablation_singular-vector-only/synthetic-eigengap__synthetic__block-hamiltonian__L16__lr0.01__bs64__seed14_seed14,synthetic-eigengap,synthetic,block-hamiltonian,16,14,0.01,64,2000,True,plus,True,False,0.6177219996121416,0.676829268292683,0.6168707079789219,0.6837606837606838,0.6829268292682927,1232.0121951219512,,66.04240870475769,,496,3,8,6e3df8c2ae7503394992a62eaa877ace7721f2bc,False
complete,synthetic,synthetic-eigengap__synthetic__block-hamiltonian__L16__lr0.01__bs64__seed15,results/runs/synthetic_ablation_singular-vector-only/synthetic-eigengap__synthetic__block-hamiltonian__L16__lr0.01__bs64__seed15_seed15,synthetic-eigengap,synthetic,block-hamiltonian,16,15,0.01,64,2000,True,plus,True,False,0.6273776150317842,0.6676829268292683,0.6067779751084477,0.6715506715506715,0.6798780487804879,1195.4268292682923,,66.47798871994019,,496,3,8,6e3df8c2ae7503394992a62eaa877ace7721f2bc,False
complete,synthetic,synthetic-eigengap__synthetic__block-hamiltonian__L16__lr0.01__bs64__seed16,results/runs/synthetic_ablation_singular-vector-only/synthetic-eigengap__synthetic__block-hamiltonian__L16__lr0.01__bs64__seed16_seed16,synthetic-eigengap,synthetic,block-hamiltonian,16,16,0.01,64,2000,True,plus,True,False,0.6056430450274045,0.6737804878048781,0.6234505079617092,0.6703296703296703,0.6920731707317073,1167.0731707317073,,66.40608358383179,,496,3,8,6e3df8c2ae7503394992a62eaa877ace7721f2bc,False
complete,synthetic,synthetic-eigengap__synthetic__block-hamiltonian__L16__lr0.01__bs64__seed17,results/runs/synthetic_ablation_singular-vector-only/synthetic-eigengap__synthetic__block-hamiltonian__L16__lr0.01__bs64__seed17_seed17,synthetic-eigengap,synthetic,block-hamiltonian,16,17,0.01,64,2000,True,plus,True,False,0.6408294505999014,0.6524390243902439,0.6058065248286559,0.6642246642246642,0.6707317073170732,1167.6829268292686,,65.10449481010437,,496,3,8,6e3df8c2ae7503394992a62eaa877ace7721f2bc,False
complete,synthetic,synthetic-eigengap__synthetic__block-hamiltonian__L16__lr0.01__bs64__seed18,results/runs/synthetic_ablation_singular-vector-only/synthetic-eigengap__synthetic__block-hamiltonian__L16__lr0.01__bs64__seed18_seed18,synthetic-eigengap,synthetic,block-hamiltonian,16,18,0.01,64,2000,True,plus,True,False,0.5739238869274421,0.698170731707317,0.5950901528812833,0.7167277167277167,0.7134146341463414,1233.3841463414633,,65.58296990394592,,496,3,8,6e3df8c2ae7503394992a62eaa877ace7721f2bc,False
complete,synthetic,synthetic-eigengap__synthetic__block-hamiltonian__L16__lr0.01__bs64__seed19,results/runs/synthetic_ablation_singular-vector-only/synthetic-eigengap__synthetic__block-hamiltonian__L16__lr0.01__bs64__seed19_seed19,synthetic-eigengap,synthetic,block-hamiltonian,16,19,0.01,64,2000,True,plus,True,False,0.6233267125489124,0.6524390243902439,0.622078161538341,0.6532356532356532,0.6920731707317073,1226.829268292683,,64.35345554351807,,496,3,8,6e3df8c2ae7503394992a62eaa877ace7721f2bc,False
complete,synthetic,synthetic-eigengap__synthetic__block-hamiltonian__L16__lr0.01__bs64__seed1,results/runs/synthetic_ablation_singular-vector-only/synthetic-eigengap__synthetic__block-hamiltonian__L16__lr0.01__bs64__seed1_seed1,synthetic-eigengap,synthetic,block-hamiltonian,16,1,0.01,64,2000,True,plus,True,False,0.643071120343519,0.6341463414634146,0.6489179106496108,0.6178266178266179,0.6951219512195121,1187.0426829268295,,63.95657968521118,,496,3,8,6e3df8c2ae7503394992a62eaa877ace7721f2bc,False
complete,synthetic,synthetic-eigengap__synthetic__block-hamiltonian__L16__lr0.01__bs64__seed2,results/runs/synthetic_ablation_singular-vector-only/synthetic-eigengap__synthetic__block-hamiltonian__L16__lr0.01__bs64__seed2_seed2,synthetic-eigengap,synthetic,block-hamiltonian,16,2,0.01,64,2000,True,plus,True,False,0.6107360540301239,0.6920731707317073,0.5900871649974305,0.6947496947496947,0.7195121951219512,1252.8963414634147,,65.70214009284973,,496,3,8,6e3df8c2ae7503394992a62eaa877ace7721f2bc,False
complete,synthetic,synthetic-eigengap__synthetic__block-hamiltonian__L16__lr0.01__bs64__seed3,results/runs/synthetic_ablation_singular-vector-only/synthetic-eigengap__synthetic__block-hamiltonian__L16__lr0.01__bs64__seed3_seed3,synthetic-eigengap,synthetic,block-hamiltonian,16,3,0.01,64,2000,True,plus,True,False,0.6467790665446564,0.6280487804878049,0.6248183602946773,0.663003663003663,0.6920731707317073,1230.4878048780488,,65.53561663627625,,496,3,8,6e3df8c2ae7503394992a62eaa877ace7721f2bc,False
complete,synthetic,synthetic-eigengap__synthetic__block-hamiltonian__L16__lr0.01__bs64__seed4,results/runs/synthetic_ablation_singular-vector-only/synthetic-eigengap__synthetic__block-hamiltonian__L16__lr0.01__bs64__seed4_seed4,synthetic-eigengap,synthetic,block-hamiltonian,16,4,0.01,64,2000,True,plus,True,False,0.617310856483137,0.6615853658536586,0.6157407744890881,0.6862026862026862,0.7073170731707317,1231.09756097561,,66.2953450679779,,496,3,8,6e3df8c2ae7503394992a62eaa877ace7721f2bc,False
complete,synthetic,synthetic-eigengap__synthetic__block-hamiltonian__L16__lr0.01__bs64__seed5,results/runs/synthetic_ablation_singular-vector-only/synthetic-eigengap__synthetic__block-hamiltonian__L16__lr0.01__bs64__seed5_seed5,synthetic-eigengap,synthetic,block-hamiltonian,16,5,0.01,64,2000,True,plus,True,False,0.6234683880151554,0.6310975609756098,0.6202693654018102,0.6666666666666666,0.6920731707317073,1221.341463414634,,91.61206531524658,,496,3,8,6e3df8c2ae7503394992a62eaa877ace7721f2bc,False
complete,synthetic,synthetic-eigengap__synthetic__block-hamiltonian__L16__lr0.01__bs64__seed6,results/runs/synthetic_ablation_singular-vector-only/synthetic-eigengap__synthetic__block-hamiltonian__L16__lr0.01__bs64__seed6_seed6,synthetic-eigengap,synthetic,block-hamiltonian,16,6,0.01,64,2000,True,plus,True,False,0.6122269792845525,0.6707317073170732,0.611359568839179,0.6886446886446886,0.6707317073170732,1193.1402439024391,,64.53359842300415,,496,3,8,6e3df8c2ae7503394992a62eaa877ace7721f2bc,False
complete,synthetic,synthetic-eigengap__synthetic__block-hamiltonian__L16__lr0.01__bs64__seed7,results/runs/synthetic_ablation_singular-vector-only/synthetic-eigengap__synthetic__block-hamiltonian__L16__lr0.01__bs64__seed7_seed7,synthetic-eigengap,synthetic,block-hamiltonian,16,7,0.01,64,2000,True,plus,True,False,0.6327897231084653,0.6829268292682927,0.637096898433687,0.6752136752136753,0.6859756097560976,1233.6890243902442,,66.45866131782532,,496,3,8,6e3df8c2ae7503394992a62eaa877ace7721f2bc,False
complete,synthetic,synthetic-eigengap__synthetic__block-hamiltonian__L16__lr0.01__bs64__seed8,results/runs/synthetic_ablation_singular-vector-only/synthetic-eigengap__synthetic__block-hamiltonian__L16__lr0.01__bs64__seed8_seed8,synthetic-eigengap,synthetic,block-hamiltonian,16,8,0.01,64,2000,True,plus,True,False,0.6281006002811969,0.6585365853658537,0.6176165308312123,0.6593406593406593,0.6951219512195121,1254.1158536585367,,67.99111199378967,,496,3,8,6e3df8c2ae7503394992a62eaa877ace7721f2bc,False
complete,synthetic,synthetic-eigengap__synthetic__block-hamiltonian__L16__lr0.01__bs64__seed9,results/runs/synthetic_ablation_singular-vector-only/synthetic-eigengap__synthetic__block-hamiltonian__L16__lr0.01__bs64__seed9_seed9,synthetic-eigengap,synthetic,block-hamiltonian,16,9,0.01,64,2000,True,plus,True,False,0.6187010213703945,0.6310975609756098,0.6150574210637153,0.6605616605616605,0.6798780487804879,1203.8109756097563,,65.26200127601624,,496,3,8,6e3df8c2ae7503394992a62eaa877ace7721f2bc,False
complete,synthetic,synthetic-eigengap__synthetic__block-hamiltonian__L1__lr0.01__bs64__seed0,results/runs/synthetic_ablation_singular-vector-only/synthetic-eigengap__synthetic__block-hamiltonian__L1__lr0.01__bs64__seed0_seed0,synthetic-eigengap,synthetic,block-hamiltonian,1,0,0.01,64,2000,True,plus,True,False,0.6672017169504847,0.5945121951219512,0.6661659057901456,0.612942612942613,0.6189024390243902,1133.0792682926829,,19.044537782669067,,31,3,8,6e3df8c2ae7503394992a62eaa877ace7721f2bc,False
complete,synthetic,synthetic-eigengap__synthetic__block-hamiltonian__L1__lr0.01__bs64__seed10,results/runs/synthetic_ablation_singular-vector-only/synthetic-eigengap__synthetic__block-hamiltonian__L1__lr0.01__bs64__seed10_seed10,synthetic-eigengap,synthetic,block-hamiltonian,1,10,0.01,64,2000,True,plus,True,False,0.672626145504981,0.5914634146341463,0.6681873630402351,0.612942612942613,0.6097560975609756,1129.5731707317075,,18.088649034500122,,31,3,8,6e3df8c2ae7503394992a62eaa877ace7721f2bc,False
complete,synthetic,synthetic-eigengap__synthetic__block-hamiltonian__L1__lr0.01__bs64__seed11,results/runs/synthetic_ablation_singular-vector-only/synthetic-eigengap__synthetic__block-hamiltonian__L1__lr0.01__bs64__seed11_seed11,synthetic-eigengap,synthetic,block-hamiltonian,1,11,0.01,64,2000,True,plus,True,False,0.6672627004018233,0.6036585365853658,0.6683994575223615,0.612942612942613,0.6036585365853658,1125.762195121951,,17.219809770584106,,31,3,8,6e3df8c2ae7503394992a62eaa877ace7721f2bc,False
complete,synthetic,synthetic-eigengap__synthetic__block-hamiltonian__L1__lr0.01__bs64__seed12,results/runs/synthetic_ablation_singular-vector-only/synthetic-eigengap__synthetic__block-hamiltonian__L1__lr0.01__bs64__seed12_seed12,synthetic-eigengap,synthetic,block-hamiltonian,1,12,0.01,64,2000,True,plus,True,False,0.6674069315369875,0.5945121951219512,0.6671030709690563,0.612942612942613,0.6128048780487805,1126.2195121951218,,18.716989994049072,,31,3,8,6e3df8c2ae7503394992a62eaa877ace7721f2bc,False
complete,synthetic,synthetic-eigengap__synthetic__block-hamiltonian__L1__lr0.01__bs64__seed13,results/runs/synthetic_ablation_singular-vector-only/synthetic-eigengap__synthetic__block-hamiltonian__L1__lr0.01__bs64__seed13_seed13,synthetic-eigengap,synthetic,block-hamiltonian,1,13,0.01,64,2000,True,plus,True,False,0.6690883995093634,0.5945121951219512,0.6670458421913391,0.6117216117216118,0.5945121951219512,1122.560975609756,,16.925073862075806,,31,3,8,6e3df8c2ae7503394992a62eaa877ace7721f2bc,False
complete,synthetic,synthetic-eigengap__synthetic__block-hamiltonian__L1__lr0.01__bs64__seed14,results/runs/synthetic_ablation_singular-vector-only/synthetic-eigengap__synthetic__block-hamiltonian__L1__lr0.01__bs64__seed14_seed14,synthetic-eigengap,synthetic,block-hamiltonian,1,14,0.01,64,2000,True,plus,True,False,0.6694530288632041,0.5945121951219512,0.665743633988609,0.612942612942613,0.6036585365853658,1126.371951219512,,18.7748601436615,,31,3,8,6e3df8c2ae7503394992a62eaa877ace7721f2bc,False
complete,synthetic,synthetic-eigengap__synthetic__block-hamiltonian__L1__lr0.01__bs64__seed15,results/runs/synthetic_ablation_singular-vector-only/synthetic-eigengap__synthetic__block-hamiltonian__L1__lr0.01__bs64__seed15_seed15,synthetic-eigengap,synthetic,block-hamiltonian,1,15,0.01,64,2000,True,plus,True,False,0.6711272844325532,0.5975609756097561,0.6671176212070921,0.612942612942613,0.6097560975609756,1124.5426829268295,,17.356098413467407,,31,3,8,6e3df8c2ae7503394992a62eaa877ace7721f2bc,False
complete,synthetic,synthetic-eigengap__synthetic__block-hamiltonian__L1__lr0.01__bs64__seed16,results/runs/synthetic_ablation_singular-vector-only/synthetic-eigengap__synthetic__block-hamiltonian__L1__lr0.01__bs64__seed16_seed16,synthetic-eigengap,synthetic,block-hamiltonian,1,16,0.01,64,2000,True,plus,True,False,0.6696299238121675,0.5945121951219512,0.665836245115586,0.612942612942613,0.6097560975609756,1125.6097560975609,,18.498619318008423,,31,3,8,6e3df8c2ae7503394992a62eaa877ace7721f2bc,False
complete,synthetic,synthetic-eigengap__synthetic__block-hamiltonian__L1__lr0.01__bs64__seed17,results/runs/synthetic_ablation_singular-vector-only/synthetic-eigengap__synthetic__block-hamiltonian__L1__lr0.01__bs64__seed17_seed17,synthetic-eigengap,synthetic,block-hamiltonian,1,17,0.01,64,2000,True,plus,True,False,0.6739863566849661,0.5914634146341463,0.6665829398359419,0.612942612942613,0.6036585365853658,1128.658536585366,,17.549776554107666,,31,3,8,6e3df8c2ae7503394992a62eaa877ace7721f2bc,False
complete,synthetic,synthetic-eigengap__synthetic__block-hamiltonian__L1__lr0.01__bs64__seed18,results/runs/synthetic_ablation_singular-vector-only/synthetic-eigengap__synthetic__block-hamiltonian__L1__lr0.01__bs64__seed18_seed18,synthetic-eigengap,synthetic,block-hamiltonian,1,18,0.01,64,2000,True,plus,True,False,0.6704973037919617,0.5975609756097561,0.6663107582509578,0.6105006105006106,0.6067073170731707,1128.353658536585,,18.12354278564453,,31,3,8,6e3df8c2ae7503394992a62eaa877ace7721f2bc,False
complete,synthetic,synthetic-eigengap__synthetic__block-hamiltonian__L1__lr0.01__bs64__seed19,results/runs/synthetic_ablation_singular-vector-only/synthetic-eigengap__synthetic__block-hamiltonian__L1__lr0.01__bs64__seed19_seed19,synthetic-eigengap,synthetic,block-hamiltonian,1,19,0.01,64,2000,True,plus,True,False,0.6678122328453733,0.5914634146341463,0.6655939822735081,0.612942612942613,0.6036585365853658,1124.6951219512196,,17.59513020515442,,31,3,8,6e3df8c2ae7503394992a62eaa877ace7721f2bc,False
complete,synthetic,synthetic-eigengap__synthetic__block-hamiltonian__L1__lr0.01__bs64__seed1,results/runs/synthetic_ablation_singular-vector-only/synthetic-eigengap__synthetic__block-hamiltonian__L1__lr0.01__bs64__seed1_seed1,synthetic-eigengap,synthetic,block-hamiltonian,1,1,0.01,64,2000,True,plus,True,False,0.6665975843236451,0.6036585365853658,0.6661147234936542,0.6166056166056166,0.6158536585365854,1127.7439024390242,,17.00105905532837,,31,3,8,6e3df8c2ae7503394992a62eaa877ace7721f2bc,False
complete,synthetic,synthetic-eigengap__synthetic__block-hamiltonian__L1__lr0.01__bs64__seed2,results/runs/synthetic_ablation_singular-vector-only/synthetic-eigengap__synthetic__block-hamiltonian__L1__lr0.01__bs64__seed2_seed2,synthetic-eigengap,synthetic,block-hamiltonian,1,2,0.01,64,2000,True,plus,True,False,0.6689294149702723,0.5914634146341463,0.6662583084858427,0.612942612942613,0.6036585365853658,1126.8292682926829,,19.136300563812256,,31,3,8,6e3df8c2ae7503394992a62eaa877ace7721f2bc,False
complete,synthetic,synthetic-eigengap__synthetic__block-hamiltonian__L1__lr0.01__bs64__seed3,results/runs/synthetic_ablation_singular-vector-only/synthetic-eigengap__synthetic__block-hamiltonian__L1__lr0.01__bs64__seed3_seed3,synthetic-eigengap,synthetic,block-hamiltonian,1,3,0.01,64,2000,True,plus,True,False,0.6698956664275039,0.5975609756097561,0.6705975392809114,0.612942612942613,0.6036585365853658,1122.7134146341461,,17.203114986419678,,31,3,8,6e3df8c2ae7503394992a62eaa877ace7721f2bc,False
complete,synthetic,synthetic-eigengap__synthetic__block-hamiltonian__L1__lr0.01__bs64__seed4,results/runs/synthetic_ablation_singular-vector-only/synthetic-eigengap__synthetic__block-hamiltonian__L1__lr0.01__bs64__seed4_seed4,synthetic-eigengap,synthetic,block-hamiltonian,1,4,0.01,64,2000,True,plus,True,False,0.666288503588466,0.6067073170731707,0.6659667786309397,0.6166056166056166,0.6067073170731707,1130.4878048780488,,18.98852801322937,,31,3,8,6e3df8c2ae7503394992a62eaa877ace7721f2bc,False
complete,synthetic,synthetic-eigengap__synthetic__block-hamiltonian__L1__lr0.01__bs64__seed5,results/runs/synthetic_ablation_singular-vector-only/synthetic-eigengap__synthetic__block-hamiltonian__L1__lr0.01__bs64__seed5_seed5,synthetic-eigengap,synthetic,block-hamiltonian,1,5,0.01,64,2000,True,plus,True,False,0.6692556371160083,0.5945121951219512,0.6661139730140104,0.6105006105006106,0.6067073170731707,1125.6097560975606,,17.614161491394043,,31,3,8,6e3df8c2ae7503394992a62eaa877ace7721f2bc,False
complete,synthetic,synthetic-eigengap__synthetic__block-hamiltonian__L1__lr0.01__bs64__seed6,results/runs/synthetic_ablation_singular-vector-only/synthetic-eigengap__synthetic__block-hamiltonian__L1__lr0.01__bs64__seed6_seed6,synthetic-eigengap,synthetic,block-hamiltonian,1,6,0.01,64,2000,True,plus,True,False,0.6703029416414569,0.5853658536585366,0.6669088944365583,0.612942612942613,0.6067073170731707,1125.9146341463413,,18.35911273956299,,31,3,8,6e3df8c2ae7503394992a62eaa877ace7721f2bc,False
complete,synthetic,synthetic-eigengap__synthetic__block-hamiltonian__L1__lr0.01__bs64__seed7,results/runs/synthetic_ablation_singular-vector-only/synthetic-eigengap__synthetic__block-hamiltonian__L1__lr0.01__bs64__seed7_seed7,synthetic-eigengap,synthetic,block-hamiltonian,1,7,0.01,64,2000,True,plus,True,False,0.6682696329010237,0.5914634146341463,0.6659431552739048,0.6141636141636142,0.6067073170731707,1124.8475609756097,,17.620763540267944,,31,3,8,6e3df8c2ae7503394992a62eaa877ace7721f2bc,False
complete,synthetic,synthetic-eigengap__synthetic__block-hamiltonian__L1__lr0.01__bs64__seed8,results/runs/synthetic_ablation_singular-vector-only/synthetic-eigengap__synthetic__block-hamiltonian__L1__lr0.01__bs64__seed8_seed8,synthetic-eigengap,synthetic,block-hamiltonian,1,8,0.01,64,2000,True,plus,True,False,0.6692236452235409,0.5914634146341463,0.6678101423419098,0.612942612942613,0.6036585365853658,1129.2682926829268,,18.172693252563477,,31,3,8,6e3df8c2ae7503394992a62eaa877ace7721f2bc,False
complete,synthetic,synthetic-eigengap__synthetic__block-hamiltonian__L1__lr0.01__bs64__seed9,results/runs/synthetic_ablation_singular-vector-only/synthetic-eigengap__synthetic__block-hamiltonian__L1__lr0.01__bs64__seed9_seed9,synthetic-eigengap,synthetic,block-hamiltonian,1,9,0.01,64,2000,True,plus,True,False,0.6734559735553683,0.5914634146341463,0.6730690191999286,0.6031746031746031,0.6097560975609756,1126.371951219512,,17.434518337249756,,31,3,8,6e3df8c2ae7503394992a62eaa877ace7721f2bc,False
complete,synthetic,synthetic-eigengap__synthetic__block-hamiltonian__L2__lr0.01__bs64__seed0,results/runs/synthetic_ablation_singular-vector-only/synthetic-eigengap__synthetic__block-hamiltonian__L2__lr0.01__bs64__seed0_seed0,synthetic-eigengap,synthetic,block-hamiltonian,2,0,0.01,64,2000,True,plus,True,False,0.6360920596432496,0.6189024390243902,0.6343822626914604,0.6361416361416361,0.6707317073170732,1204.5731707317073,,21.66551971435547,,62,3,8,6e3df8c2ae7503394992a62eaa877ace7721f2bc,False
complete,synthetic,synthetic-eigengap__synthetic__block-hamiltonian__L2__lr0.01__bs64__seed10,results/runs/synthetic_ablation_singular-vector-only/synthetic-eigengap__synthetic__block-hamiltonian__L2__lr0.01__bs64__seed10_seed10,synthetic-eigengap,synthetic,block-hamiltonian,2,10,0.01,64,2000,True,plus,True,False,0.6285108891712163,0.6128048780487805,0.6343487557067212,0.652014652014652,0.676829268292683,1206.5548780487804,,21.13355541229248,,62,3,8,6e3df8c2ae7503394992a62eaa877ace7721f2bc,False
complete,synthetic,synthetic-eigengap__synthetic__block-hamiltonian__L2__lr0.01__bs64__seed11,results/runs/synthetic_ablation_singular-vector-only/synthetic-eigengap__synthetic__block-hamiltonian__L2__lr0.01__bs64__seed11_seed11,synthetic-eigengap,synthetic,block-hamiltonian,2,11,0.01,64,2000,True,plus,True,False,0.6288208603372673,0.6097560975609756,0.6251907636143095,0.6593406593406593,0.6707317073170732,1229.2682926829266,,22.60073709487915,,62,3,8,6e3df8c2ae7503394992a62eaa877ace7721f2bc,False
complete,synthetic,synthetic-eigengap__synthetic__block-hamiltonian__L2__lr0.01__bs64__seed12,results/runs/synthetic_ablation_singular-vector-only/synthetic-eigengap__synthetic__block-hamiltonian__L2__lr0.01__bs64__seed12_seed12,synthetic-eigengap,synthetic,block-hamiltonian,2,12,0.01,64,2000,True,plus,True,False,0.6272326753754915,0.676829268292683,0.624393367076782,0.6483516483516484,0.6829268292682927,1242.073170731707,,20.642128229141235,,62,3,8,6e3df8c2ae7503394992a62eaa877ace7721f2bc,False
complete,synthetic,synthetic-eigengap__synthetic__block-hamiltonian__L2__lr0.01__bs64__seed13,results/runs/synthetic_ablation_singular-vector-only/synthetic-eigengap__synthetic__block-hamiltonian__L2__lr0.01__bs64__seed13_seed13,synthetic-eigengap,synthetic,block-hamiltonian,2,13,0.01,64,2000,True,plus,True,False,0.6210495533469149,0.6432926829268293,0.6309264488589916,0.6373626373626373,0.6920731707317073,1232.3170731707314,,22.035199642181396,,62,3,8,6e3df8c2ae7503394992a62eaa877ace7721f2bc,False
complete,synthetic,synthetic-eigengap__synthetic__block-hamiltonian__L2__lr0.01__bs64__seed14,results/runs/synthetic_ablation_singular-vector-only/synthetic-eigengap__synthetic__block-hamiltonian__L2__lr0.01__bs64__seed14_seed14,synthetic-eigengap,synthetic,block-hamiltonian,2,14,0.01,64,2000,True,plus,True,False,0.6342706271237168,0.6432926829268293,0.6399384278472906,0.645909645909646,0.6646341463414634,1221.189024390244,,20.338310956954956,,62,3,8,6e3df8c2ae7503394992a62eaa877ace7721f2bc,False
complete,synthetic,synthetic-eigengap__synthetic__block-hamiltonian__L2__lr0.01__bs64__seed15,results/runs/synthetic_ablation_singular-vector-only/synthetic-eigengap__synthetic__block-hamiltonian__L2__lr0.01__bs64__seed15_seed15,synthetic-eigengap,synthetic,block-hamiltonian,2,15,0.01,64,2000,True,plus,True,False,0.6308744559422472,0.6402439024390244,0.6378784730638357,0.6324786324786325,0.6798780487804879,1233.689024390244,,21.026496171951294,,62,3,8,6e3df8c2ae7503394992a62eaa877ace7721f2bc,False
complete,synthetic,synthetic-eigengap__synthetic__block-hamiltonian__L2__lr0.01__bs64__seed16,results/runs/synthetic_ablation_singular-vector-only/synthetic-eigengap__synthetic__block-hamiltonian__L2__lr0.01__bs64__seed16_seed16,synthetic-eigengap,synthetic,block-hamiltonian,2,16,0.01,64,2000,True,plus,True,False,0.6142998904843354,0.649390243902439,0.6282917135926797,0.6495726495726496,0.6890243902439024,1224.2378048780488,,20.205941915512085,,62,3,8,6e3df8c2ae7503394992a62eaa877ace7721f2bc,False
complete,synthetic,synthetic-eigengap__synthetic__block-hamiltonian__L2__lr0.01__bs64__seed17,results/runs/synthetic_ablation_singular-vector-only/synthetic-eigengap__synthetic__block-hamiltonian__L2__lr0.01__bs64__seed17_seed17,synthetic-eigengap,synthetic,block-hamiltonian,2,17,0.01,64,2000,True,plus,True,False,0.6254701465134674,0.6402439024390244,0.631318360771137,0.6483516483516484,0.6585365853658537,1214.6341463414633,,22.23069143295288,,62,3,8,6e3df8c2ae7503394992a62eaa877ace7721f2bc,False
complete,synthetic,synthetic-eigengap__synthetic__block-hamiltonian__L2__lr0.01__bs64__seed18,results/runs/synthetic_ablation_singular-vector-only/synthetic-eigengap__synthetic__block-hamiltonian__L2__lr0.01__bs64__seed18_seed18,synthetic-eigengap,synthetic,block-hamiltonian,2,18,0.01,64,2000,True,plus,True,False,0.6351117747679628,0.6463414634146342,0.6394854854196024,0.6398046398046398,0.6798780487804879,1230.4878048780488,,20.12541627883911,,62,3,8,6e3df8c2ae7503394992a62eaa877ace7721f2bc,False
complete,synthetic,synthetic-eigengap__synthetic__block-hamiltonian__L2__lr0.01__bs64__seed19,results/runs/synthetic_ablation_singular-vector-only/synthetic-eigengap__synthetic__block-hamiltonian__L2__lr0.01__bs64__seed19_seed19,synthetic-eigengap,synthetic,block-hamiltonian,2,19,0.01,64,2000,True,plus,True,False,0.6200686478291079,0.649390243902439,0.6323044433294553,0.6434676434676435,0.676829268292683,1231.5548780487804,,21.10740566253662,,62,3,8,6e3df8c2ae7503394992a62eaa877ace7721f2bc,False
complete,synthetic,synthetic-eigengap__synthetic__block-hamiltonian__L2__lr0.01__bs64__seed1,results/runs/synthetic_ablation_singular-vector-only/synthetic-eigengap__synthetic__block-hamiltonian__L2__lr0.01__bs64__seed1_seed1,synthetic-eigengap,synthetic,block-hamiltonian,2,1,0.01,64,2000,True,plus,True,False,0.6256585951258421,0.6554878048780488,0.6266281668892782,0.645909645909646,0.6707317073170732,1218.59756097561,,20.56317710876465,,62,3,8,6e3df8c2ae7503394992a62eaa877ace7721f2bc,False
complete,synthetic,synthetic-eigengap__synthetic__block-hamiltonian__L2__lr0.01__bs64__seed2,results/runs/synthetic_ablation_singular-vector-only/synthetic-eigengap__synthetic__block-hamiltonian__L2__lr0.01__bs64__seed2_seed2,synthetic-eigengap,synthetic,block-hamiltonian,2,2,0.01,64,2000,True,plus,True,False,0.6344240747123706,0.6310975609756098,0.6462021471538498,0.6227106227106227,0.676829268292683,1223.6280487804877,,20.3103928565979,,62,3,8,6e3df8c2ae7503394992a62eaa877ace7721f2bc,False
complete,synthetic,synthetic-eigengap__synthetic__block-hamiltonian__L2__lr0.01__bs64__seed3,results/runs/synthetic_ablation_singular-vector-only/synthetic-eigengap__synthetic__block-hamiltonian__L2__lr0.01__bs64__seed3_seed3,synthetic-eigengap,synthetic,block-hamiltonian,2,3,0.01,64,2000,True,plus,True,False,0.6249118318929215,0.6280487804878049,0.6304862505689519,0.6361416361416361,0.676829268292683,1219.0548780487807,,21.48287343978882,,62,3,8,6e3df8c2ae7503394992a62eaa877ace7721f2bc,False
complete,synthetic,synthetic-eigengap__synthetic__block-hamiltonian__L2__lr0.01__bs64__seed4,results/runs/synthetic_ablation_singular-vector-only/synthetic-eigengap__synthetic__block-hamiltonian__L2__lr0.01__bs64__seed4_seed4,synthetic-eigengap,synthetic,block-hamiltonian,2,4,0.01,64,2000,True,plus,True,False,0.6220671232462458,0.6524390243902439,0.6250140279455939,0.6398046398046398,0.6798780487804879,1233.3841463414635,,20.54082679748535,,62,3,8,6e3df8c2ae7503394992a62eaa877ace7721f2bc,False
complete,synthetic,synthetic-eigengap__synthetic__block-hamiltonian__L2__lr0.01__bs64__seed5,results/runs/synthetic_ablation_singular-vector-only/synthetic-eigengap__synthetic__block-hamiltonian__L2__lr0.01__bs64__seed5_seed5,synthetic-eigengap,synthetic,block-hamiltonian,2,5,0.01,64,2000,True,plus,True,False,0.6309238190187698,0.6310975609756098,0.6340118532988555,0.645909645909646,0.6707317073170732,1220.7317073170732,,21.127102613449097,,62,3,8,6e3df8c2ae7503394992a62eaa877ace7721f2bc,False
complete,synthetic,synthetic-eigengap__synthetic__block-hamiltonian__L2__lr0.01__bs64__seed6,results/runs/synthetic_ablation_singular-vector-only/synthetic-eigengap__synthetic__block-hamiltonian__L2__lr0.01__bs64__seed6_seed6,synthetic-eigengap,synthetic,block-hamiltonian,2,6,0.01,64,2000,True,plus,True,False,0.6273372236968958,0.6554878048780488,0.6286964876687915,0.6532356532356532,0.676829268292683,1220.7317073170732,,21.76434850692749,,62,3,8,6e3df8c2ae7503394992a62eaa877ace7721f2bc,False
complete,synthetic,synthetic-eigengap__synthetic__block-hamiltonian__L2__lr0.01__bs64__seed7,results/runs/synthetic_ablation_singular-vector-only/synthetic-eigengap__synthetic__block-hamiltonian__L2__lr0.01__bs64__seed7_seed7,synthetic-eigengap,synthetic,block-hamiltonian,2,7,0.01,64,2000,True,plus,True,False,0.6236770588509296,0.6554878048780488,0.6392469887607062,0.6544566544566545,0.6859756097560976,1237.65243902439,,22.109240531921387,,62,3,8,6e3df8c2ae7503394992a62eaa877ace7721f2bc,False
complete,synthetic,synthetic-eigengap__synthetic__block-hamiltonian__L2__lr0.01__bs64__seed8,results/runs/synthetic_ablation_singular-vector-only/synthetic-eigengap__synthetic__block-hamiltonian__L2__lr0.01__bs64__seed8_seed8,synthetic-eigengap,synthetic,block-hamiltonian,2,8,0.01,64,2000,True,plus,True,False,0.6130541212860791,0.6676829268292683,0.628356591741108,0.6349206349206349,0.6829268292682927,1244.6646341463415,,19.992688179016113,,62,3,8,6e3df8c2ae7503394992a62eaa877ace7721f2bc,False
complete,synthetic,synthetic-eigengap__synthetic__block-hamiltonian__L2__lr0.01__bs64__seed9,results/runs/synthetic_ablation_singular-vector-only/synthetic-eigengap__synthetic__block-hamiltonian__L2__lr0.01__bs64__seed9_seed9,synthetic-eigengap,synthetic,block-hamiltonian,2,9,0.01,64,2000,True,plus,True,False,0.6393962240765109,0.625,0.6372208869002617,0.6263736263736264,0.6798780487804879,1209.7560975609754,,21.681675672531128,,62,3,8,6e3df8c2ae7503394992a62eaa877ace7721f2bc,False
complete,synthetic,synthetic-eigengap__synthetic__block-hamiltonian__L32__lr0.01__bs64__seed0,results/runs/synthetic_ablation_singular-vector-only/synthetic-eigengap__synthetic__block-hamiltonian__L32__lr0.01__bs64__seed0_seed0,synthetic-eigengap,synthetic,block-hamiltonian,32,0,0.01,64,2000,True,plus,True,False,0.7140455546804949,0.5609756097560976,0.7080862632036194,0.5763125763125763,0.6189024390243902,1059.6036585365855,,117.48561954498291,,992,3,8,6e3df8c2ae7503394992a62eaa877ace7721f2bc,False
complete,synthetic,synthetic-eigengap__synthetic__block-hamiltonian__L32__lr0.01__bs64__seed10,results/runs/synthetic_ablation_singular-vector-only/synthetic-eigengap__synthetic__block-hamiltonian__L32__lr0.01__bs64__seed10_seed10,synthetic-eigengap,synthetic,block-hamiltonian,32,10,0.01,64,2000,True,plus,True,False,0.7512641674211683,0.4969512195121951,0.7244769987037194,0.5409035409035409,0.6310975609756098,1058.2317073170732,,117.26554536819458,,992,3,8,6e3df8c2ae7503394992a62eaa877ace7721f2bc,False
complete,synthetic,synthetic-eigengap__synthetic__block-hamiltonian__L32__lr0.01__bs64__seed11,results/runs/synthetic_ablation_singular-vector-only/synthetic-eigengap__synthetic__block-hamiltonian__L32__lr0.01__bs64__seed11_seed11,synthetic-eigengap,synthetic,block-hamiltonian,32,11,0.01,64,2000,True,plus,True,False,0.6949616583719581,0.5792682926829268,0.7049640012483701,0.5592185592185592,0.6219512195121951,1064.939024390244,,115.70284581184387,,992,3,8,6e3df8c2ae7503394992a62eaa877ace7721f2bc,False
complete,synthetic,synthetic-eigengap__synthetic__block-hamiltonian__L32__lr0.01__bs64__seed12,results/runs/synthetic_ablation_singular-vector-only/synthetic-eigengap__synthetic__block-hamiltonian__L32__lr0.01__bs64__seed12_seed12,synthetic-eigengap,synthetic,block-hamiltonian,32,12,0.01,64,2000,True,plus,True,False,0.701344671096105,0.5640243902439024,0.6827984385984084,0.6031746031746031,0.6280487804878049,1067.3780487804877,,116.17290043830872,,992,3,8,6e3df8c2ae7503394992a62eaa877ace7721f2bc,False
complete,synthetic,synthetic-eigengap__synthetic__block-hamiltonian__L32__lr0.01__bs64__seed13,results/runs/synthetic_ablation_singular-vector-only/synthetic-eigengap__synthetic__block-hamiltonian__L32__lr0.01__bs64__seed13_seed13,synthetic-eigengap,synthetic,block-hamiltonian,32,13,0.01,64,2000,True,plus,True,False,0.7831424495494331,0.5213414634146342,0.7375997020572139,0.5409035409035409,0.6402439024390244,1069.5121951219514,,116.31980514526367,,992,3,8,6e3df8c2ae7503394992a62eaa877ace7721f2bc,False
complete,synthetic,synthetic-eigengap__synthetic__block-hamiltonian__L32__lr0.01__bs64__seed14,results/runs/synthetic_ablation_singular-vector-only/synthetic-eigengap__synthetic__block-hamiltonian__L32__lr0.01__bs64__seed14_seed14,synthetic-eigengap,synthetic,block-hamiltonian,32,14,0.01,64,2000,True,plus,True,False,0.691759713588874,0.6067073170731707,0.711411432818278,0.5616605616605617,0.625,1060.2134146341464,,116.13621091842651,,992,3,8,6e3df8c2ae7503394992a62eaa877ace7721f2bc,False
complete,synthetic,synthetic-eigengap__synthetic__block-hamiltonian__L32__lr0.01__bs64__seed15,results/runs/synthetic_ablation_singular-vector-only/synthetic-eigengap__synthetic__block-hamiltonian__L32__lr0.01__bs64__seed15_seed15,synthetic-eigengap,synthetic,block-hamiltonian,32,15,0.01,64,2000,True,plus,True,False,0.7080416723037718,0.5487804878048781,0.698481158851268,0.5445665445665445,0.6158536585365854,1027.5914634146343,,115.89824151992798,,992,3,8,6e3df8c2ae7503394992a62eaa877ace7721f2bc,False
complete,synthetic,synthetic-eigengap__synthetic__block-hamiltonian__L32__lr0.01__bs64__seed16,results/runs/synthetic_ablation_singular-vector-only/synthetic-eigengap__synthetic__block-hamiltonian__L32__lr0.01__bs64__seed16_seed16,synthetic-eigengap,synthetic,block-hamiltonian,32,16,0.01,64,2000,True,plus,True,False,0.6673620783630856,0.600609756097561,0.6847255902172404,0.612942612942613,0.6310975609756098,1064.7865853658534,,116.57265567779541,,992,3,8,6e3df8c2ae7503394992a62eaa877ace7721f2bc,False
complete,synthetic,synthetic-eigengap__synthetic__block-hamiltonian__L32__lr0.01__bs64__seed17,results/runs/synthetic_ablation_singular-vector-only/synthetic-eigengap__synthetic__block-hamiltonian__L32__lr0.01__bs64__seed17_seed17,synthetic-eigengap,synthetic,block-hamiltonian,32,17,0.01,64,2000,True,plus,True,False,0.6784653367987499,0.5701219512195121,0.7031325550505266,0.5396825396825397,0.6158536585365854,1071.9512195121952,,115.32692790031433,,992,3,8,6e3df8c2ae7503394992a62eaa877ace7721f2bc,False
complete,synthetic,synthetic-eigengap__synthetic__block-hamiltonian__L32__lr0.01__bs64__seed18,results/runs/synthetic_ablation_singular-vector-only/synthetic-eigengap__synthetic__block-hamiltonian__L32__lr0.01__bs64__seed18_seed18,synthetic-eigengap,synthetic,block-hamiltonian,32,18,0.01,64,2000,True,plus,True,False,0.6986935416033114,0.5487804878048781,0.7121069056801443,0.5238095238095238,0.6310975609756098,1068.140243902439,,115.93577122688293,,992,3,8,6e3df8c2ae7503394992a62eaa877ace7721f2bc,False
complete,synthetic,synthetic-eigengap__synthetic__block-hamiltonian__L32__lr0.01__bs64__seed19,results/runs/synthetic_ablation_singular-vector-only/synthetic-eigengap__synthetic__block-hamiltonian__L32__lr0.01__bs64__seed19_seed19,synthetic-eigengap,synthetic,block-hamiltonian,32,19,0.01,64,2000,True,plus,True,False,0.7039929466202457,0.5914634146341463,0.7081351289548103,0.5763125763125763,0.6097560975609756,1083.0792682926829,,117.34739637374878,,992,3,8,6e3df8c2ae7503394992a62eaa877ace7721f2bc,False
complete,synthetic,synthetic-eigengap__synthetic__block-hamiltonian__L32__lr0.01__bs64__seed1,results/runs/synthetic_ablation_singular-vector-only/synthetic-eigengap__synthetic__block-hamiltonian__L32__lr0.01__bs64__seed1_seed1,synthetic-eigengap,synthetic,block-hamiltonian,32,1,0.01,64,2000,True,plus,True,False,0.6801971764310195,0.6036585365853658,0.7096590448986206,0.5567765567765568,0.6341463414634146,1087.0426829268292,,115.093337059021,,992,3,8,6e3df8c2ae7503394992a62eaa877ace7721f2bc,False
complete,synthetic,synthetic-eigengap__synthetic__block-hamiltonian__L32__lr0.01__bs64__seed2,results/runs/synthetic_ablation_singular-vector-only/synthetic-eigengap__synthetic__block-hamiltonian__L32__lr0.01__bs64__seed2_seed2,synthetic-eigengap,synthetic,block-hamiltonian,32,2,0.01,64,2000,True,plus,True,False,0.71084949355236,0.5548780487804879,0.7330285427199713,0.536019536019536,0.6189024390243902,1065.5487804878048,,115.60216188430786,,992,3,8,6e3df8c2ae7503394992a62eaa877ace7721f2bc,False
complete,synthetic,synthetic-eigengap__synthetic__block-hamiltonian__L32__lr0.01__bs64__seed3,results/runs/synthetic_ablation_singular-vector-only/synthetic-eigengap__synthetic__block-hamiltonian__L32__lr0.01__bs64__seed3_seed3,synthetic-eigengap,synthetic,block-hamiltonian,32,3,0.01,64,2000,True,plus,True,False,0.6891239558797849,0.5640243902439024,0.7102158558318968,0.5457875457875457,0.6158536585365854,1044.5121951219512,,116.59130930900574,,992,3,8,6e3df8c2ae7503394992a62eaa877ace7721f2bc,False
complete,synthetic,synthetic-eigengap__synthetic__block-hamiltonian__L32__lr0.01__bs64__seed4,results/runs/synthetic_ablation_singular-vector-only/synthetic-eigengap__synthetic__block-hamiltonian__L32__lr0.01__bs64__seed4_seed4,synthetic-eigengap,synthetic,block-hamiltonian,32,4,0.01,64,2000,True,plus,True,False,0.7495866282472732,0.5792682926829268,0.7175873802530587,0.57997557997558,0.6067073170731707,1059.9085365853657,,116.29055380821228,,992,3,8,6e3df8c2ae7503394992a62eaa877ace7721f2bc,False
complete,synthetic,synthetic-eigengap__synthetic__block-hamiltonian__L32__lr0.01__bs64__seed5,results/runs/synthetic_ablation_singular-vector-only/synthetic-eigengap__synthetic__block-hamiltonian__L32__lr0.01__bs64__seed5_seed5,synthetic-eigengap,synthetic,block-hamiltonian,32,5,0.01,64,2000,True,plus,True,False,0.7135638381750086,0.5670731707317073,0.6877447530790771,0.5824175824175825,0.6585365853658537,1091.4634146341464,,117.67683053016663,,992,3,8,6e3df8c2ae7503394992a62eaa877ace7721f2bc,False
complete,synthetic,synthetic-eigengap__synthetic__block-hamiltonian__L32__lr0.01__bs64__seed6,results/runs/synthetic_ablation_singular-vector-only/synthetic-eigengap__synthetic__block-hamiltonian__L32__lr0.01__bs64__seed6_seed6,synthetic-eigengap,synthetic,block-hamiltonian,32,6,0.01,64,2000,True,plus,True,False,0.7031819316177746,0.5762195121951219,0.7226951817875167,0.5457875457875457,0.6524390243902439,1076.9817073170732,,116.0411229133606,,992,3,8,6e3df8c2ae7503394992a62eaa877ace7721f2bc,False
complete,synthetic,synthetic-eigengap__synthetic__block-hamiltonian__L32__lr0.01__bs64__seed7,results/runs/synthetic_ablation_singular-vector-only/synthetic-eigengap__synthetic__block-hamiltonian__L32__lr0.01__bs64__seed7_seed7,synthetic-eigengap,synthetic,block-hamiltonian,32,7,0.01,64,2000,True,plus,True,False,0.6778774350037917,0.5945121951219512,0.7095739913933373,0.5677655677655677,0.6189024390243902,1059.9085365853655,,115.58879280090332,,992,3,8,6e3df8c2ae7503394992a62eaa877ace7721f2bc,False
complete,synthetic,synthetic-eigengap__synthetic__block-hamiltonian__L32__lr0.01__bs64__seed8,results/runs/synthetic_ablation_singular-vector-only/synthetic-eigengap__synthetic__block-hamiltonian__L32__lr0.01__bs64__seed8_seed8,synthetic-eigengap,synthetic,block-hamiltonian,32,8,0.01,64,2000,True,plus,True,False,0.7361545250812966,0.5,0.7313582127253434,0.5347985347985348,0.6280487804878049,1059.1463414634147,,117.15402722358704,,992,3,8,6e3df8c2ae7503394992a62eaa877ace7721f2bc,False
complete,synthetic,synthetic-eigengap__synthetic__block-hamiltonian__L32__lr0.01__bs64__seed9,results/runs/synthetic_ablation_singular-vector-only/synthetic-eigengap__synthetic__block-hamiltonian__L32__lr0.01__bs64__seed9_seed9,synthetic-eigengap,synthetic,block-hamiltonian,32,9,0.01,64,2000,True,plus,True,False,0.7276124604801719,0.524390243902439,0.7177265674701553,0.5201465201465202,0.625,1060.2134146341464,,115.79199171066284,,992,3,8,6e3df8c2ae7503394992a62eaa877ace7721f2bc,False
complete,synthetic,synthetic-eigengap__synthetic__block-hamiltonian__L4__lr0.01__bs64__seed0,results/runs/synthetic_ablation_singular-vector-only/synthetic-eigengap__synthetic__block-hamiltonian__L4__lr0.01__bs64__seed0_seed0,synthetic-eigengap,synthetic,block-hamiltonian,4,0,0.01,64,2000,True,plus,True,False,0.6093723818399793,0.6554878048780488,0.6075506604604878,0.6764346764346765,0.698170731707317,1270.8841463414637,,26.976425409317017,,124,3,8,6e3df8c2ae7503394992a62eaa877ace7721f2bc,False
complete,synthetic,synthetic-eigengap__synthetic__block-hamiltonian__L4__lr0.01__bs64__seed10,results/runs/synthetic_ablation_singular-vector-only/synthetic-eigengap__synthetic__block-hamiltonian__L4__lr0.01__bs64__seed10_seed10,synthetic-eigengap,synthetic,block-hamiltonian,4,10,0.01,64,2000,True,plus,True,False,0.6197757969416584,0.6432926829268293,0.5913372366446911,0.684981684981685,0.6890243902439024,1248.3231707317075,,27.86746096611023,,124,3,8,6e3df8c2ae7503394992a62eaa877ace7721f2bc,False
complete,synthetic,synthetic-eigengap__synthetic__block-hamiltonian__L4__lr0.01__bs64__seed11,results/runs/synthetic_ablation_singular-vector-only/synthetic-eigengap__synthetic__block-hamiltonian__L4__lr0.01__bs64__seed11_seed11,synthetic-eigengap,synthetic,block-hamiltonian,4,11,0.01,64,2000,True,plus,True,False,0.6186422403585496,0.6737804878048781,0.6228162334132483,0.6532356532356532,0.7012195121951219,1275.4573170731708,,27.90673017501831,,124,3,8,6e3df8c2ae7503394992a62eaa877ace7721f2bc,False
complete,synthetic,synthetic-eigengap__synthetic__block-hamiltonian__L4__lr0.01__bs64__seed12,results/runs/synthetic_ablation_singular-vector-only/synthetic-eigengap__synthetic__block-hamiltonian__L4__lr0.01__bs64__seed12_seed12,synthetic-eigengap,synthetic,block-hamiltonian,4,12,0.01,64,2000,True,plus,True,False,0.5996782370755296,0.7073170731707317,0.5997548384355603,0.6874236874236874,0.7073170731707317,1289.0243902439026,,27.85322618484497,,124,3,8,6e3df8c2ae7503394992a62eaa877ace7721f2bc,False
complete,synthetic,synthetic-eigengap__synthetic__block-hamiltonian__L4__lr0.01__bs64__seed13,results/runs/synthetic_ablation_singular-vector-only/synthetic-eigengap__synthetic__block-hamiltonian__L4__lr0.01__bs64__seed13_seed13,synthetic-eigengap,synthetic,block-hamiltonian,4,13,0.01,64,2000,True,plus,True,False,0.6067952121575316,0.6859756097560976,0.6174398668245846,0.6605616605616605,0.7042682926829268,1280.487804878049,,27.610165119171143,,124,3,8,6e3df8c2ae7503394992a62eaa877ace7721f2bc,False
complete,synthetic,synthetic-eigengap__synthetic__block-hamiltonian__L4__lr0.01__bs64__seed14,results/runs/synthetic_ablation_singular-vector-only/synthetic-eigengap__synthetic__block-hamiltonian__L4__lr0.01__bs64__seed14_seed14,synthetic-eigengap,synthetic,block-hamiltonian,4,14,0.01,64,2000,True,plus,True,False,0.6433835796167559,0.6371951219512195,0.6248710733854783,0.6507936507936508,0.698170731707317,1260.8231707317075,,27.533307552337646,,124,3,8,6e3df8c2ae7503394992a62eaa877ace7721f2bc,False
complete,synthetic,synthetic-eigengap__synthetic__block-hamiltonian__L4__lr0.01__bs64__seed15,results/runs/synthetic_ablation_singular-vector-only/synthetic-eigengap__synthetic__block-hamiltonian__L4__lr0.01__bs64__seed15_seed15,synthetic-eigengap,synthetic,block-hamiltonian,4,15,0.01,64,2000,True,plus,True,False,0.6078143092848068,0.6951219512195121,0.6237621032968589,0.663003663003663,0.7103658536585366,1287.4999999999998,,26.786354064941406,,124,3,8,6e3df8c2ae7503394992a62eaa877ace7721f2bc,False
complete,synthetic,synthetic-eigengap__synthetic__block-hamiltonian__L4__lr0.01__bs64__seed16,results/runs/synthetic_ablation_singular-vector-only/synthetic-eigengap__synthetic__block-hamiltonian__L4__lr0.01__bs64__seed16_seed16,synthetic-eigengap,synthetic,block-hamiltonian,4,16,0.01,64,2000,True,plus,True,False,0.6079256610690558,0.6615853658536586,0.6248086880244017,0.6678876678876678,0.6829268292682927,1251.3719512195123,,28.076232433319092,,124,3,8,6e3df8c2ae7503394992a62eaa877ace7721f2bc,False
complete,synthetic,synthetic-eigengap__synthetic__block-hamiltonian__L4__lr0.01__bs64__seed17,results/runs/synthetic_ablation_singular-vector-only/synthetic-eigengap__synthetic__block-hamiltonian__L4__lr0.01__bs64__seed17_seed17,synthetic-eigengap,synthetic,block-hamiltonian,4,17,0.01,64,2000,True,plus,True,False,0.5948128592113948,0.6890243902439024,0.6081816115775349,0.6874236874236874,0.7103658536585366,1279.573170731707,,27.785425662994385,,124,3,8,6e3df8c2ae7503394992a62eaa877ace7721f2bc,False
complete,synthetic,synthetic-eigengap__synthetic__block-hamiltonian__L4__lr0.01__bs64__seed18,results/runs/synthetic_ablation_singular-vector-only/synthetic-eigengap__synthetic__block-hamiltonian__L4__lr0.01__bs64__seed18_seed18,synthetic-eigengap,synthetic,block-hamiltonian,4,18,0.01,64,2000,True,plus,True,False,0.6434993422682959,0.649390243902439,0.6099094417366989,0.6678876678876678,0.676829268292683,1240.7012195121952,,27.44499182701111,,124,3,8,6e3df8c2ae7503394992a62eaa877ace7721f2bc,False
complete,synthetic,synthetic-eigengap__synthetic__block-hamiltonian__L4__lr0.01__bs64__seed19,results/runs/synthetic_ablation_singular-vector-only/synthetic-eigengap__synthetic__block-hamiltonian__L4__lr0.01__bs64__seed19_seed19,synthetic-eigengap,synthetic,block-hamiltonian,4,19,0.01,64,2000,True,plus,True,False,0.6038528348095816,0.6676829268292683,0.6124035463306143,0.6752136752136753,0.6951219512195121,1278.2012195121952,,27.270932912826538,,124,3,8,6e3df8c2ae7503394992a62eaa877ace7721f2bc,False
complete,synthetic,synthetic-eigengap__synthetic__block-hamiltonian__L4__lr0.01__bs64__seed1,results/runs/synthetic_ablation_singular-vector-only/synthetic-eigengap__synthetic__block-hamiltonian__L4__lr0.01__bs64__seed1_seed1,synthetic-eigengap,synthetic,block-hamiltonian,4,1,0.01,64,2000,True,plus,True,False,0.5980405574348262,0.6798780487804879,0.610493872316508,0.6886446886446886,0.7073170731707317,1280.1829268292684,,27.673073291778564,,124,3,8,6e3df8c2ae7503394992a62eaa877ace7721f2bc,False
complete,synthetic,synthetic-eigengap__synthetic__block-hamiltonian__L4__lr0.01__bs64__seed2,results/runs/synthetic_ablation_singular-vector-only/synthetic-eigengap__synthetic__block-hamiltonian__L4__lr0.01__bs64__seed2_seed2,synthetic-eigengap,synthetic,block-hamiltonian,4,2,0.01,64,2000,True,plus,True,False,0.5926243817246731,0.6859756097560976,0.6132177525103099,0.673992673992674,0.7012195121951219,1283.0792682926829,,27.52375364303589,,124,3,8,6e3df8c2ae7503394992a62eaa877ace7721f2bc,False
complete,synthetic,synthetic-eigengap__synthetic__block-hamiltonian__L4__lr0.01__bs64__seed3,results/runs/synthetic_ablation_singular-vector-only/synthetic-eigengap__synthetic__block-hamiltonian__L4__lr0.01__bs64__seed3_seed3,synthetic-eigengap,synthetic,block-hamiltonian,4,3,0.01,64,2000,True,plus,True,False,0.6077815744229285,0.676829268292683,0.6273038767771207,0.6385836385836385,0.698170731707317,1275.3048780487807,,27.687397003173828,,124,3,8,6e3df8c2ae7503394992a62eaa877ace7721f2bc,False
complete,synthetic,synthetic-eigengap__synthetic__block-hamiltonian__L4__lr0.01__bs64__seed4,results/runs/synthetic_ablation_singular-vector-only/synthetic-eigengap__synthetic__block-hamiltonian__L4__lr0.01__bs64__seed4_seed4,synthetic-eigengap,synthetic,block-hamiltonian,4,4,0.01,64,2000,True,plus,True,False,0.6395310929495697,0.6554878048780488,0.6070938807005852,0.6935286935286935,0.6859756097560976,1237.65243902439,,27.738731384277344,,124,3,8,6e3df8c2ae7503394992a62eaa877ace7721f2bc,False
complete,synthetic,synthetic-eigengap__synthetic__block-hamiltonian__L4__lr0.01__bs64__seed5,results/runs/synthetic_ablation_singular-vector-only/synthetic-eigengap__synthetic__block-hamiltonian__L4__lr0.01__bs64__seed5_seed5,synthetic-eigengap,synthetic,block-hamiltonian,4,5,0.01,64,2000,True,plus,True,False,0.6434126646978233,0.6707317073170732,0.6157469627986306,0.6752136752136753,0.6890243902439024,1263.5670731707316,,27.512595653533936,,124,3,8,6e3df8c2ae7503394992a62eaa877ace7721f2bc,False
complete,synthetic,synthetic-eigengap__synthetic__block-hamiltonian__L4__lr0.01__bs64__seed6,results/runs/synthetic_ablation_singular-vector-only/synthetic-eigengap__synthetic__block-hamiltonian__L4__lr0.01__bs64__seed6_seed6,synthetic-eigengap,synthetic,block-hamiltonian,4,6,0.01,64,2000,True,plus,True,False,0.6191440582596801,0.6615853658536586,0.6081736962112246,0.6715506715506715,0.6859756097560976,1250.15243902439,,27.364759922027588,,124,3,8,6e3df8c2ae7503394992a62eaa877ace7721f2bc,False
complete,synthetic,synthetic-eigengap__synthetic__block-hamiltonian__L4__lr0.01__bs64__seed7,results/runs/synthetic_ablation_singular-vector-only/synthetic-eigengap__synthetic__block-hamiltonian__L4__lr0.01__bs64__seed7_seed7,synthetic-eigengap,synthetic,block-hamiltonian,4,7,0.01,64,2000,True,plus,True,False,0.6174821588429769,0.6707317073170732,0.6008352842684432,0.6666666666666666,0.6951219512195121,1275.762195121951,,27.955952405929565,,124,3,8,6e3df8c2ae7503394992a62eaa877ace7721f2bc,False
complete,synthetic,synthetic-eigengap__synthetic__block-hamiltonian__L4__lr0.01__bs64__seed8,results/runs/synthetic_ablation_singular-vector-only/synthetic-eigengap__synthetic__block-hamiltonian__L4__lr0.01__bs64__seed8_seed8,synthetic-eigengap,synthetic,block-hamiltonian,4,8,0.01,64,2000,True,plus,True,False,0.5827630072464797,0.676829268292683,0.5929779352530911,0.6825396825396826,0.7073170731707317,1283.689024390244,,27.709041595458984,,124,3,8,6e3df8c2ae7503394992a62eaa877ace7721f2bc,False
complete,synthetic,synthetic-eigengap__synthetic__block-hamiltonian__L4__lr0.01__bs64__seed9,results/runs/synthetic_ablation_singular-vector-only/synthetic-eigengap__synthetic__block-hamiltonian__L4__lr0.01__bs64__seed9_seed9,synthetic-eigengap,synthetic,block-hamiltonian,4,9,0.01,64,2000,True,plus,True,False,0.6252789208851885,0.6707317073170732,0.6030206709009499,0.6825396825396826,0.7164634146341463,1291.158536585366,,27.375559329986572,,124,3,8,6e3df8c2ae7503394992a62eaa877ace7721f2bc,False
complete,synthetic,synthetic-eigengap__synthetic__block-hamiltonian__L8__lr0.01__bs64__seed0,results/runs/synthetic_ablation_singular-vector-only/synthetic-eigengap__synthetic__block-hamiltonian__L8__lr0.01__bs64__seed0_seed0,synthetic-eigengap,synthetic,block-hamiltonian,8,0,0.01,64,2000,True,plus,True,False,0.6150543326705017,0.6829268292682927,0.6171101748073982,0.6703296703296703,0.7012195121951219,1251.3719512195123,,40.03428864479065,,248,3,8,6e3df8c2ae7503394992a62eaa877ace7721f2bc,False
complete,synthetic,synthetic-eigengap__synthetic__block-hamiltonian__L8__lr0.01__bs64__seed10,results/runs/synthetic_ablation_singular-vector-only/synthetic-eigengap__synthetic__block-hamiltonian__L8__lr0.01__bs64__seed10_seed10,synthetic-eigengap,synthetic,block-hamiltonian,8,10,0.01,64,2000,True,plus,True,False,0.5911280411541905,0.7103658536585366,0.5877933554992572,0.6935286935286935,0.7286585365853658,1293.9024390243903,,39.230730295181274,,248,3,8,6e3df8c2ae7503394992a62eaa877ace7721f2bc,False
complete,synthetic,synthetic-eigengap__synthetic__block-hamiltonian__L8__lr0.01__bs64__seed11,results/runs/synthetic_ablation_singular-vector-only/synthetic-eigengap__synthetic__block-hamiltonian__L8__lr0.01__bs64__seed11_seed11,synthetic-eigengap,synthetic,block-hamiltonian,8,11,0.01,64,2000,True,plus,True,False,0.6009340879883193,0.6829268292682927,0.6005847371849988,0.6886446886446886,0.6951219512195121,1265.2439024390246,,38.7087607383728,,248,3,8,6e3df8c2ae7503394992a62eaa877ace7721f2bc,False
complete,synthetic,synthetic-eigengap__synthetic__block-hamiltonian__L8__lr0.01__bs64__seed12,results/runs/synthetic_ablation_singular-vector-only/synthetic-eigengap__synthetic__block-hamiltonian__L8__lr0.01__bs64__seed12_seed12,synthetic-eigengap,synthetic,block-hamiltonian,8,12,0.01,64,2000,True,plus,True,False,0.603855098363548,0.6951219512195121,0.5725255396127324,0.706959706959707,0.7012195121951219,1272.1036585365853,,38.556583881378174,,248,3,8,6e3df8c2ae7503394992a62eaa877ace7721f2bc,False
complete,synthetic,synthetic-eigengap__synthetic__block-hamiltonian__L8__lr0.01__bs64__seed13,results/runs/synthetic_ablation_singular-vector-only/synthetic-eigengap__synthetic__block-hamiltonian__L8__lr0.01__bs64__seed13_seed13,synthetic-eigengap,synthetic,block-hamiltonian,8,13,0.01,64,2000,True,plus,True,False,0.6008618345243427,0.6859756097560976,0.5969643258803622,0.6886446886446886,0.6951219512195121,1273.780487804878,,38.999343395233154,,248,3,8,6e3df8c2ae7503394992a62eaa877ace7721f2bc,False
complete,synthetic,synthetic-eigengap__synthetic__block-hamiltonian__L8__lr0.01__bs64__seed14,results/runs/synthetic_ablation_singular-vector-only/synthetic-eigengap__synthetic__block-hamiltonian__L8__lr0.01__bs64__seed14_seed14,synthetic-eigengap,synthetic,block-hamiltonian,8,14,0.01,64,2000,True,plus,True,False,0.5944526143627581,0.6676829268292683,0.5781307351802214,0.7155067155067155,0.698170731707317,1282.1646341463413,,39.56233024597168,,248,3,8,6e3df8c2ae7503394992a62eaa877ace7721f2bc,False
complete,synthetic,synthetic-eigengap__synthetic__block-hamiltonian__L8__lr0.01__bs64__seed15,results/runs/synthetic_ablation_singular-vector-only/synthetic-eigengap__synthetic__block-hamiltonian__L8__lr0.01__bs64__seed15_seed15,synthetic-eigengap,synthetic,block-hamiltonian,8,15,0.01,64,2000,True,plus,True,False,0.6100083346543508,0.6951219512195121,0.6073265785727749,0.6654456654456654,0.7012195121951219,1274.390243902439,,39.61282777786255,,248,3,8,6e3df8c2ae7503394992a62eaa877ace7721f2bc,False
complete,synthetic,synthetic-eigengap__synthetic__block-hamiltonian__L8__lr0.01__bs64__seed16,results/runs/synthetic_ablation_singular-vector-only/synthetic-eigengap__synthetic__block-hamiltonian__L8__lr0.01__bs64__seed16_seed16,synthetic-eigengap,synthetic,block-hamiltonian,8,16,0.01,64,2000,True,plus,True,False,0.601949714426145,0.676829268292683,0.6022545869707285,0.6813186813186813,0.7073170731707317,1294.6646341463418,,39.28046751022339,,248,3,8,6e3df8c2ae7503394992a62eaa877ace7721f2bc,False
complete,synthetic,synthetic-eigengap__synthetic__block-hamiltonian__L8__lr0.01__bs64__seed17,results/runs/synthetic_ablation_singular-vector-only/synthetic-eigengap__synthetic__block-hamiltonian__L8__lr0.01__bs64__seed17_seed17,synthetic-eigengap,synthetic,block-hamiltonian,8,17,0.01,64,2000,True,plus,True,False,0.576853843777124,0.6890243902439024,0.5785418021190061,0.7118437118437119,0.7042682926829268,1261.5853658536587,,40.22871994972229,,248,3,8,6e3df8c2ae7503394992a62eaa877ace7721f2bc,False
complete,synthetic,synthetic-eigengap__synthetic__block-hamiltonian__L8__lr0.01__bs64__seed18,results/runs/synthetic_ablation_singular-vector-only/synthetic-eigengap__synthetic__block-hamiltonian__L8__lr0.01__bs64__seed18_seed18,synthetic-eigengap,synthetic,block-hamiltonian,8,18,0.01,64,2000,True,plus,True,False,0.6178266559783451,0.6524390243902439,0.6017846480796121,0.6886446886446886,0.7042682926829268,1254.1158536585367,,39.18774151802063,,248,3,8,6e3df8c2ae7503394992a62eaa877ace7721f2bc,False
complete,synthetic,synthetic-eigengap__synthetic__block-hamiltonian__L8__lr0.01__bs64__seed19,results/runs/synthetic_ablation_singular-vector-only/synthetic-eigengap__synthetic__block-hamiltonian__L8__lr0.01__bs64__seed19_seed19,synthetic-eigengap,synthetic,block-hamiltonian,8,19,0.01,64,2000,True,plus,True,False,0.6151436873777012,0.676829268292683,0.6088654949862573,0.6788766788766789,0.7012195121951219,1247.2560975609758,,39.333247661590576,,248,3,8,6e3df8c2ae7503394992a62eaa877ace7721f2bc,False
complete,synthetic,synthetic-eigengap__synthetic__block-hamiltonian__L8__lr0.01__bs64__seed1,results/runs/synthetic_ablation_singular-vector-only/synthetic-eigengap__synthetic__block-hamiltonian__L8__lr0.01__bs64__seed1_seed1,synthetic-eigengap,synthetic,block-hamiltonian,8,1,0.01,64,2000,True,plus,True,False,0.6068910466371901,0.6951219512195121,0.6114733337109864,0.6825396825396826,0.7012195121951219,1276.5243902439026,,39.860719203948975,,248,3,8,6e3df8c2ae7503394992a62eaa877ace7721f2bc,False
complete,synthetic,synthetic-eigengap__synthetic__block-hamiltonian__L8__lr0.01__bs64__seed2,results/runs/synthetic_ablation_singular-vector-only/synthetic-eigengap__synthetic__block-hamiltonian__L8__lr0.01__bs64__seed2_seed2,synthetic-eigengap,synthetic,block-hamiltonian,8,2,0.01,64,2000,True,plus,True,False,0.5980623744328115,0.7164634146341463,0.6096948383855141,0.6764346764346765,0.7164634146341463,1277.7439024390249,,38.85211801528931,,248,3,8,6e3df8c2ae7503394992a62eaa877ace7721f2bc,False
complete,synthetic,synthetic-eigengap__synthetic__block-hamiltonian__L8__lr0.01__bs64__seed3,results/runs/synthetic_ablation_singular-vector-only/synthetic-eigengap__synthetic__block-hamiltonian__L8__lr0.01__bs64__seed3_seed3,synthetic-eigengap,synthetic,block-hamiltonian,8,3,0.01,64,2000,True,plus,True,False,0.6130688604437756,0.6859756097560976,0.5973452803088706,0.6910866910866911,0.7073170731707317,1273.9329268292686,,39.018290996551514,,248,3,8,6e3df8c2ae7503394992a62eaa877ace7721f2bc,False
complete,synthetic,synthetic-eigengap__synthetic__block-hamiltonian__L8__lr0.01__bs64__seed4,results/runs/synthetic_ablation_singular-vector-only/synthetic-eigengap__synthetic__block-hamiltonian__L8__lr0.01__bs64__seed4_seed4,synthetic-eigengap,synthetic,block-hamiltonian,8,4,0.01,64,2000,True,plus,True,False,0.6155859871502641,0.6402439024390244,0.6173835154690496,0.6544566544566545,0.6951219512195121,1232.0121951219514,,38.72891688346863,,248,3,8,6e3df8c2ae7503394992a62eaa877ace7721f2bc,False
complete,synthetic,synthetic-eigengap__synthetic__block-hamiltonian__L8__lr0.01__bs64__seed5,results/runs/synthetic_ablation_singular-vector-only/synthetic-eigengap__synthetic__block-hamiltonian__L8__lr0.01__bs64__seed5_seed5,synthetic-eigengap,synthetic,block-hamiltonian,8,5,0.01,64,2000,True,plus,True,False,0.6287355122214257,0.6890243902439024,0.62108677042392,0.6678876678876678,0.7042682926829268,1269.2073170731708,,39.06694936752319,,248,3,8,6e3df8c2ae7503394992a62eaa877ace7721f2bc,False
complete,synthetic,synthetic-eigengap__synthetic__block-hamiltonian__L8__lr0.01__bs64__seed6,results/runs/synthetic_ablation_singular-vector-only/synthetic-eigengap__synthetic__block-hamiltonian__L8__lr0.01__bs64__seed6_seed6,synthetic-eigengap,synthetic,block-hamiltonian,8,6,0.01,64,2000,True,plus,True,False,0.5760726620052053,0.7103658536585366,0.60088772833413,0.6691086691086691,0.7225609756097561,1308.9939024390242,,39.383930921554565,,248,3,8,6e3df8c2ae7503394992a62eaa877ace7721f2bc,False
complete,synthetic,synthetic-eigengap__synthetic__block-hamiltonian__L8__lr0.01__bs64__seed7,results/runs/synthetic_ablation_singular-vector-only/synthetic-eigengap__synthetic__block-hamiltonian__L8__lr0.01__bs64__seed7_seed7,synthetic-eigengap,synthetic,block-hamiltonian,8,7,0.01,64,2000,True,plus,True,False,0.6084825089164583,0.6859756097560976,0.6073451160357171,0.6996336996336996,0.7012195121951219,1253.0487804878048,,39.679773569107056,,248,3,8,6e3df8c2ae7503394992a62eaa877ace7721f2bc,False
complete,synthetic,synthetic-eigengap__synthetic__block-hamiltonian__L8__lr0.01__bs64__seed8,results/runs/synthetic_ablation_singular-vector-only/synthetic-eigengap__synthetic__block-hamiltonian__L8__lr0.01__bs64__seed8_seed8,synthetic-eigengap,synthetic,block-hamiltonian,8,8,0.01,64,2000,True,plus,True,False,0.5964649981781026,0.6920731707317073,0.6054525901801604,0.7008547008547008,0.7164634146341463,1282.4695121951222,,38.93456554412842,,248,3,8,6e3df8c2ae7503394992a62eaa877ace7721f2bc,False
complete,synthetic,synthetic-eigengap__synthetic__block-hamiltonian__L8__lr0.01__bs64__seed9,results/runs/synthetic_ablation_singular-vector-only/synthetic-eigengap__synthetic__block-hamiltonian__L8__lr0.01__bs64__seed9_seed9,synthetic-eigengap,synthetic,block-hamiltonian,8,9,0.01,64,2000,True,plus,True,False,0.6196165978069993,0.6676829268292683,0.5720177972458547,0.7008547008547008,0.698170731707317,1281.0975609756097,,38.87148976325989,,248,3,8,6e3df8c2ae7503394992a62eaa877ace7721f2bc,False
complete,synthetic,synthetic-singular__synthetic__block-hamiltonian__L16__lr0.01__bs64__seed0,results/runs/synthetic_ablation_singular-vector-only/synthetic-singular__synthetic__block-hamiltonian__L16__lr0.01__bs64__seed0_seed0,synthetic-singular,synthetic,block-hamiltonian,16,0,0.01,64,2000,True,plus,True,False,0.6924988683043206,0.5152439024390244,0.6931326850517101,0.503052503052503,0.5213414634146342,946.9512195121949,,90.96499681472778,,736,4,16,6e3df8c2ae7503394992a62eaa877ace7721f2bc,False
complete,synthetic,synthetic-singular__synthetic__block-hamiltonian__L16__lr0.01__bs64__seed10,results/runs/synthetic_ablation_singular-vector-only/synthetic-singular__synthetic__block-hamiltonian__L16__lr0.01__bs64__seed10_seed10,synthetic-singular,synthetic,block-hamiltonian,16,10,0.01,64,2000,True,plus,True,False,0.6995172542289396,0.4817073170731707,0.7006027570254546,0.4810744810744811,0.5182926829268293,943.5975609756096,,91.73483490943909,,736,4,16,6e3df8c2ae7503394992a62eaa877ace7721f2bc,False
complete,synthetic,synthetic-singular__synthetic__block-hamiltonian__L16__lr0.01__bs64__seed11,results/runs/synthetic_ablation_singular-vector-only/synthetic-singular__synthetic__block-hamiltonian__L16__lr0.01__bs64__seed11_seed11,synthetic-singular,synthetic,block-hamiltonian,16,11,0.01,64,2000,True,plus,True,False,0.6940411132197821,0.5121951219512195,0.6931942187043331,0.5152625152625152,0.5274390243902439,943.2926829268293,,91.30819892883301,,736,4,16,6e3df8c2ae7503394992a62eaa877ace7721f2bc,False
complete,synthetic,synthetic-singular__synthetic__block-hamiltonian__L16__lr0.01__bs64__seed12,results/runs/synthetic_ablation_singular-vector-only/synthetic-singular__synthetic__block-hamiltonian__L16__lr0.01__bs64__seed12_seed12,synthetic-singular,synthetic,block-hamiltonian,16,12,0.01,64,2000,True,plus,True,False,0.7032301385879418,0.551829268292683,0.7001733044398146,0.514041514041514,0.551829268292683,940.3963414634147,,90.42675232887268,,736,4,16,6e3df8c2ae7503394992a62eaa877ace7721f2bc,False
complete,synthetic,synthetic-singular__synthetic__block-hamiltonian__L16__lr0.01__bs64__seed13,results/runs/synthetic_ablation_singular-vector-only/synthetic-singular__synthetic__block-hamiltonian__L16__lr0.01__bs64__seed13_seed13,synthetic-singular,synthetic,block-hamiltonian,16,13,0.01,64,2000,True,plus,True,False,0.7086831922515396,0.49085365853658536,0.7092252170442533,0.5164835164835165,0.5213414634146342,942.5304878048782,,92.9638729095459,,736,4,16,6e3df8c2ae7503394992a62eaa877ace7721f2bc,False
complete,synthetic,synthetic-singular__synthetic__block-hamiltonian__L16__lr0.01__bs64__seed14,results/runs/synthetic_ablation_singular-vector-only/synthetic-singular__synthetic__block-hamiltonian__L16__lr0.01__bs64__seed14_seed14,synthetic-singular,synthetic,block-hamiltonian,16,14,0.01,64,2000,True,plus,True,False,0.7022153742937387,0.49390243902439024,0.7117405766672009,0.4627594627594628,0.5335365853658537,942.0731707317075,,93.03412127494812,,736,4,16,6e3df8c2ae7503394992a62eaa877ace7721f2bc,False
complete,synthetic,synthetic-singular__synthetic__block-hamiltonian__L16__lr0.01__bs64__seed15,results/runs/synthetic_ablation_singular-vector-only/synthetic-singular__synthetic__block-hamiltonian__L16__lr0.01__bs64__seed15_seed15,synthetic-singular,synthetic,block-hamiltonian,16,15,0.01,64,2000,True,plus,True,False,0.6934973270770832,0.5304878048780488,0.6983089260284215,0.49694749694749696,0.5487804878048781,955.9451219512194,,92.58490490913391,,736,4,16,6e3df8c2ae7503394992a62eaa877ace7721f2bc,False
complete,synthetic,synthetic-singular__synthetic__block-hamiltonian__L16__lr0.01__bs64__seed16,results/runs/synthetic_ablation_singular-vector-only/synthetic-singular__synthetic__block-hamiltonian__L16__lr0.01__bs64__seed16_seed16,synthetic-singular,synthetic,block-hamiltonian,16,16,0.01,64,2000,True,plus,True,False,0.6945552367775147,0.4817073170731707,0.6933788083185021,0.49694749694749696,0.5182926829268293,929.878048780488,,92.62891101837158,,736,4,16,6e3df8c2ae7503394992a62eaa877ace7721f2bc,False
complete,synthetic,synthetic-singular__synthetic__block-hamiltonian__L16__lr0.01__bs64__seed17,results/runs/synthetic_ablation_singular-vector-only/synthetic-singular__synthetic__block-hamiltonian__L16__lr0.01__bs64__seed17_seed17,synthetic-singular,synthetic,block-hamiltonian,16,17,0.01,64,2000,True,plus,True,False,0.6966243868550371,0.5152439024390244,0.6987718990284221,0.5177045177045178,0.5426829268292683,962.4999999999999,,91.26707673072815,,736,4,16,6e3df8c2ae7503394992a62eaa877ace7721f2bc,False
complete,synthetic,synthetic-singular__synthetic__block-hamiltonian__L16__lr0.01__bs64__seed18,results/runs/synthetic_ablation_singular-vector-only/synthetic-singular__synthetic__block-hamiltonian__L16__lr0.01__bs64__seed18_seed18,synthetic-singular,synthetic,block-hamiltonian,16,18,0.01,64,2000,True,plus,True,False,0.7194547799199812,0.4817073170731707,0.7192735302550586,0.4810744810744811,0.5213414634146342,939.6341463414635,,92.30311226844788,,736,4,16,6e3df8c2ae7503394992a62eaa877ace7721f2bc,False
complete,synthetic,synthetic-singular__synthetic__block-hamiltonian__L16__lr0.01__bs64__seed19,results/runs/synthetic_ablation_singular-vector-only/synthetic-singular__synthetic__block-hamiltonian__L16__lr0.01__bs64__seed19_seed19,synthetic-singular,synthetic,block-hamiltonian,16,19,0.01,64,2000,True,plus,True,False,0.6963391730180634,0.4725609756097561,0.6992139905305541,0.45665445665445664,0.5365853658536586,942.2256097560976,,90.24059057235718,,736,4,16,6e3df8c2ae7503394992a62eaa877ace7721f2bc,False
complete,synthetic,synthetic-singular__synthetic__block-hamiltonian__L16__lr0.01__bs64__seed1,results/runs/synthetic_ablation_singular-vector-only/synthetic-singular__synthetic__block-hamiltonian__L16__lr0.01__bs64__seed1_seed1,synthetic-singular,synthetic,block-hamiltonian,16,1,0.01,64,2000,True,plus,True,False,0.6994759118672483,0.49390243902439024,0.6952842431504889,0.518925518925519,0.5213414634146342,942.530487804878,,89.54165410995483,,736,4,16,6e3df8c2ae7503394992a62eaa877ace7721f2bc,False
complete,synthetic,synthetic-singular__synthetic__block-hamiltonian__L16__lr0.01__bs64__seed2,results/runs/synthetic_ablation_singular-vector-only/synthetic-singular__synthetic__block-hamiltonian__L16__lr0.01__bs64__seed2_seed2,synthetic-singular,synthetic,block-hamiltonian,16,2,0.01,64,2000,True,plus,True,False,0.7014190930681959,0.5,0.7009269945860958,0.5018315018315018,0.5182926829268293,933.2317073170731,,90.59931874275208,,736,4,16,6e3df8c2ae7503394992a62eaa877ace7721f2bc,False
complete,synthetic,synthetic-singular__synthetic__block-hamiltonian__L16__lr0.01__bs64__seed3,results/runs/synthetic_ablation_singular-vector-only/synthetic-singular__synthetic__block-hamiltonian__L16__lr0.01__bs64__seed3_seed3,synthetic-singular,synthetic,block-hamiltonian,16,3,0.01,64,2000,True,plus,True,False,0.7165956350358356,0.49390243902439024,0.70394277137505,0.5152625152625152,0.5335365853658537,949.8475609756097,,92.66581749916077,,736,4,16,6e3df8c2ae7503394992a62eaa877ace7721f2bc,False
complete,synthetic,synthetic-singular__synthetic__block-hamiltonian__L16__lr0.01__bs64__seed4,results/runs/synthetic_ablation_singular-vector-only/synthetic-singular__synthetic__block-hamiltonian__L16__lr0.01__bs64__seed4_seed4,synthetic-singular,synthetic,block-hamiltonian,16,4,0.01,64,2000,True,plus,True,False,0.7060413787031375,0.5152439024390244,0.7135410810454539,0.503052503052503,0.5213414634146342,946.0365853658536,,90.6298725605011,,736,4,16,6e3df8c2ae7503394992a62eaa877ace7721f2bc,False
complete,synthetic,synthetic-singular__synthetic__block-hamiltonian__L16__lr0.01__bs64__seed5,results/runs/synthetic_ablation_singular-vector-only/synthetic-singular__synthetic__block-hamiltonian__L16__lr0.01__bs64__seed5_seed5,synthetic-singular,synthetic,block-hamiltonian,16,5,0.01,64,2000,True,plus,True,False,0.6977645165317568,0.5121951219512195,0.698949001519893,0.5225885225885226,0.524390243902439,944.0548780487807,,91.44682216644287,,736,4,16,6e3df8c2ae7503394992a62eaa877ace7721f2bc,False
complete,synthetic,synthetic-singular__synthetic__block-hamiltonian__L16__lr0.01__bs64__seed6,results/runs/synthetic_ablation_singular-vector-only/synthetic-singular__synthetic__block-hamiltonian__L16__lr0.01__bs64__seed6_seed6,synthetic-singular,synthetic,block-hamiltonian,16,6,0.01,64,2000,True,plus,True,False,0.7228345132634937,0.47865853658536583,0.7259755380836876,0.4822954822954823,0.5365853658536586,962.0426829268291,,91.42269968986511,,736,4,16,6e3df8c2ae7503394992a62eaa877ace7721f2bc,False
complete,synthetic,synthetic-singular__synthetic__block-hamiltonian__L16__lr0.01__bs64__seed7,results/runs/synthetic_ablation_singular-vector-only/synthetic-singular__synthetic__block-hamiltonian__L16__lr0.01__bs64__seed7_seed7,synthetic-singular,synthetic,block-hamiltonian,16,7,0.01,64,2000,True,plus,True,False,0.7044649991091956,0.4817073170731707,0.7042339662646089,0.4810744810744811,0.5335365853658537,955.6402439024391,,91.91050457954407,,736,4,16,6e3df8c2ae7503394992a62eaa877ace7721f2bc,False
complete,synthetic,synthetic-singular__synthetic__block-hamiltonian__L16__lr0.01__bs64__seed8,results/runs/synthetic_ablation_singular-vector-only/synthetic-singular__synthetic__block-hamiltonian__L16__lr0.01__bs64__seed8_seed8,synthetic-singular,synthetic,block-hamiltonian,16,8,0.01,64,2000,True,plus,True,False,0.6940237737362245,0.5274390243902439,0.6944579547318145,0.5201465201465202,0.5487804878048781,968.2926829268295,,91.51944088935852,,736,4,16,6e3df8c2ae7503394992a62eaa877ace7721f2bc,False
complete,synthetic,synthetic-singular__synthetic__block-hamiltonian__L16__lr0.01__bs64__seed9,results/runs/synthetic_ablation_singular-vector-only/synthetic-singular__synthetic__block-hamiltonian__L16__lr0.01__bs64__seed9_seed9,synthetic-singular,synthetic,block-hamiltonian,16,9,0.01,64,2000,True,plus,True,False,0.7005352255328221,0.46646341463414637,0.7030866851140574,0.4896214896214896,0.5487804878048781,942.8353658536586,,89.43260526657104,,736,4,16,6e3df8c2ae7503394992a62eaa877ace7721f2bc,False
complete,synthetic,synthetic-singular__synthetic__block-hamiltonian__L1__lr0.01__bs64__seed0,results/runs/synthetic_ablation_singular-vector-only/synthetic-singular__synthetic__block-hamiltonian__L1__lr0.01__bs64__seed0_seed0,synthetic-singular,synthetic,block-hamiltonian,1,0,0.01,64,2000,True,plus,True,False,0.6931015050067367,0.5091463414634146,0.6955793563495679,0.4835164835164835,0.5487804878048781,960.8231707317074,,19.447702407836914,,46,4,16,6e3df8c2ae7503394992a62eaa877ace7721f2bc,False
complete,synthetic,synthetic-singular__synthetic__block-hamiltonian__L1__lr0.01__bs64__seed10,results/runs/synthetic_ablation_singular-vector-only/synthetic-singular__synthetic__block-hamiltonian__L1__lr0.01__bs64__seed10_seed10,synthetic-singular,synthetic,block-hamiltonian,1,10,0.01,64,2000,True,plus,True,False,0.6931391151540174,0.49390243902439024,0.6950451547444956,0.4652014652014652,0.5335365853658537,957.9268292682926,,19.34471035003662,,46,4,16,6e3df8c2ae7503394992a62eaa877ace7721f2bc,False
complete,synthetic,synthetic-singular__synthetic__block-hamiltonian__L1__lr0.01__bs64__seed11,results/runs/synthetic_ablation_singular-vector-only/synthetic-singular__synthetic__block-hamiltonian__L1__lr0.01__bs64__seed11_seed11,synthetic-singular,synthetic,block-hamiltonian,1,11,0.01,64,2000,True,plus,True,False,0.6937806724196702,0.4969512195121951,0.6961432020398164,0.48717948717948717,0.5396341463414634,952.5914634146343,,21.372427940368652,,46,4,16,6e3df8c2ae7503394992a62eaa877ace7721f2bc,False
complete,synthetic,synthetic-singular__synthetic__block-hamiltonian__L1__lr0.01__bs64__seed12,results/runs/synthetic_ablation_singular-vector-only/synthetic-singular__synthetic__block-hamiltonian__L1__lr0.01__bs64__seed12_seed12,synthetic-singular,synthetic,block-hamiltonian,1,12,0.01,64,2000,True,plus,True,False,0.6913089231837215,0.5304878048780488,0.6933393059703905,0.5079365079365079,0.5365853658536586,949.0853658536587,,20.748700857162476,,46,4,16,6e3df8c2ae7503394992a62eaa877ace7721f2bc,False
complete,synthetic,synthetic-singular__synthetic__block-hamiltonian__L1__lr0.01__bs64__seed13,results/runs/synthetic_ablation_singular-vector-only/synthetic-singular__synthetic__block-hamiltonian__L1__lr0.01__bs64__seed13_seed13,synthetic-singular,synthetic,block-hamiltonian,1,13,0.01,64,2000,True,plus,True,False,0.6910890688198504,0.5274390243902439,0.6934374099185391,0.4932844932844933,0.5426829268292683,948.6280487804879,,19.632373571395874,,46,4,16,6e3df8c2ae7503394992a62eaa877ace7721f2bc,False
complete,synthetic,synthetic-singular__synthetic__block-hamiltonian__L1__lr0.01__bs64__seed14,results/runs/synthetic_ablation_singular-vector-only/synthetic-singular__synthetic__block-hamiltonian__L1__lr0.01__bs64__seed14_seed14,synthetic-singular,synthetic,block-hamiltonian,1,14,0.01,64,2000,True,plus,True,False,0.6922810743735819,0.49390243902439024,0.6945265711984283,0.49206349206349204,0.524390243902439,943.140243902439,,21.443233013153076,,46,4,16,6e3df8c2ae7503394992a62eaa877ace7721f2bc,False
complete,synthetic,synthetic-singular__synthetic__block-hamiltonian__L1__lr0.01__bs64__seed15,results/runs/synthetic_ablation_singular-vector-only/synthetic-singular__synthetic__block-hamiltonian__L1__lr0.01__bs64__seed15_seed15,synthetic-singular,synthetic,block-hamiltonian,1,15,0.01,64,2000,True,plus,True,False,0.7173258741035412,0.4847560975609756,0.7205783454458784,0.47985347985347987,0.524390243902439,946.9512195121952,,19.778666496276855,,46,4,16,6e3df8c2ae7503394992a62eaa877ace7721f2bc,False
complete,synthetic,synthetic-singular__synthetic__block-hamiltonian__L1__lr0.01__bs64__seed16,results/runs/synthetic_ablation_singular-vector-only/synthetic-singular__synthetic__block-hamiltonian__L1__lr0.01__bs64__seed16_seed16,synthetic-singular,synthetic,block-hamiltonian,1,16,0.01,64,2000,True,plus,True,False,0.6914489340849753,0.5304878048780488,0.6932437260480828,0.49572649572649574,0.551829268292683,948.6280487804879,,20.138176202774048,,46,4,16,6e3df8c2ae7503394992a62eaa877ace7721f2bc,False
complete,synthetic,synthetic-singular__synthetic__block-hamiltonian__L1__lr0.01__bs64__seed17,results/runs/synthetic_ablation_singular-vector-only/synthetic-singular__synthetic__block-hamiltonian__L1__lr0.01__bs64__seed17_seed17,synthetic-singular,synthetic,block-hamiltonian,1,17,0.01,64,2000,True,plus,True,False,0.6971963351697793,0.49390243902439024,0.6989801327321555,0.4822954822954823,0.5396341463414634,952.2865853658536,,21.277539253234863,,46,4,16,6e3df8c2ae7503394992a62eaa877ace7721f2bc,False
complete,synthetic,synthetic-singular__synthetic__block-hamiltonian__L1__lr0.01__bs64__seed18,results/runs/synthetic_ablation_singular-vector-only/synthetic-singular__synthetic__block-hamiltonian__L1__lr0.01__bs64__seed18_seed18,synthetic-singular,synthetic,block-hamiltonian,1,18,0.01,64,2000,True,plus,True,False,0.7002091501510486,0.4878048780487805,0.7032096656332414,0.47985347985347987,0.5579268292682927,962.9573170731707,,21.298882007598877,,46,4,16,6e3df8c2ae7503394992a62eaa877ace7721f2bc,False
complete,synthetic,synthetic-singular__synthetic__block-hamiltonian__L1__lr0.01__bs64__seed19,results/runs/synthetic_ablation_singular-vector-only/synthetic-singular__synthetic__block-hamiltonian__L1__lr0.01__bs64__seed19_seed19,synthetic-singular,synthetic,block-hamiltonian,1,19,0.01,64,2000,True,plus,True,False,0.6913554459689144,0.5579268292682927,0.6931971720332271,0.5177045177045178,0.5579268292682927,959.6036585365855,,19.107721090316772,,46,4,16,6e3df8c2ae7503394992a62eaa877ace7721f2bc,False
complete,synthetic,synthetic-singular__synthetic__block-hamiltonian__L1__lr0.01__bs64__seed1,results/runs/synthetic_ablation_singular-vector-only/synthetic-singular__synthetic__block-hamiltonian__L1__lr0.01__bs64__seed1_seed1,synthetic-singular,synthetic,block-hamiltonian,1,1,0.01,64,2000,True,plus,True,False,0.6925240832693125,0.49390243902439024,0.6949039425894236,0.4810744810744811,0.5579268292682927,964.1768292682929,,20.802783727645874,,46,4,16,6e3df8c2ae7503394992a62eaa877ace7721f2bc,False
complete,synthetic,synthetic-singular__synthetic__block-hamiltonian__L1__lr0.01__bs64__seed2,results/runs/synthetic_ablation_singular-vector-only/synthetic-singular__synthetic__block-hamiltonian__L1__lr0.01__bs64__seed2_seed2,synthetic-singular,synthetic,block-hamiltonian,1,2,0.01,64,2000,True,plus,True,False,0.6917640811079943,0.5091463414634146,0.6947617591594708,0.48595848595848595,0.5487804878048781,966.9207317073173,,21.32713556289673,,46,4,16,6e3df8c2ae7503394992a62eaa877ace7721f2bc,False
complete,synthetic,synthetic-singular__synthetic__block-hamiltonian__L1__lr0.01__bs64__seed3,results/runs/synthetic_ablation_singular-vector-only/synthetic-singular__synthetic__block-hamiltonian__L1__lr0.01__bs64__seed3_seed3,synthetic-singular,synthetic,block-hamiltonian,1,3,0.01,64,2000,True,plus,True,False,0.6911797741465262,0.5335365853658537,0.6937087467659395,0.5042735042735043,0.5548780487804879,971.9512195121952,,19.785117387771606,,46,4,16,6e3df8c2ae7503394992a62eaa877ace7721f2bc,False
complete,synthetic,synthetic-singular__synthetic__block-hamiltonian__L1__lr0.01__bs64__seed4,results/runs/synthetic_ablation_singular-vector-only/synthetic-singular__synthetic__block-hamiltonian__L1__lr0.01__bs64__seed4_seed4,synthetic-singular,synthetic,block-hamiltonian,1,4,0.01,64,2000,True,plus,True,False,0.6903324914260304,0.5548780487804879,0.693382732578395,0.5177045177045178,0.5701219512195121,985.9756097560975,,20.400454998016357,,46,4,16,6e3df8c2ae7503394992a62eaa877ace7721f2bc,False
complete,synthetic,synthetic-singular__synthetic__block-hamiltonian__L1__lr0.01__bs64__seed5,results/runs/synthetic_ablation_singular-vector-only/synthetic-singular__synthetic__block-hamiltonian__L1__lr0.01__bs64__seed5_seed5,synthetic-singular,synthetic,block-hamiltonian,1,5,0.01,64,2000,True,plus,True,False,0.6944999585536344,0.4878048780487805,0.6967820434912464,0.47863247863247865,0.5640243902439024,982.0121951219512,,20.086456060409546,,46,4,16,6e3df8c2ae7503394992a62eaa877ace7721f2bc,False
complete,synthetic,synthetic-singular__synthetic__block-hamiltonian__L1__lr0.01__bs64__seed6,results/runs/synthetic_ablation_singular-vector-only/synthetic-singular__synthetic__block-hamiltonian__L1__lr0.01__bs64__seed6_seed6,synthetic-singular,synthetic,block-hamiltonian,1,6,0.01,64,2000,True,plus,True,False,0.6987357626296617,0.49085365853658536,0.7016619212396342,0.48473748473748474,0.5426829268292683,970.1219512195121,,20.04103708267212,,46,4,16,6e3df8c2ae7503394992a62eaa877ace7721f2bc,False
complete,synthetic,synthetic-singular__synthetic__block-hamiltonian__L1__lr0.01__bs64__seed7,results/runs/synthetic_ablation_singular-vector-only/synthetic-singular__synthetic__block-hamiltonian__L1__lr0.01__bs64__seed7_seed7,synthetic-singular,synthetic,block-hamiltonian,1,7,0.01,64,2000,True,plus,True,False,0.6915231872398532,0.5274390243902439,0.6932949422371397,0.5079365079365079,0.5396341463414634,967.8353658536586,,19.851351499557495,,46,4,16,6e3df8c2ae7503394992a62eaa877ace7721f2bc,False
complete,synthetic,synthetic-singular__synthetic__block-hamiltonian__L1__lr0.01__bs64__seed8,results/runs/synthetic_ablation_singular-vector-only/synthetic-singular__synthetic__block-hamiltonian__L1__lr0.01__bs64__seed8_seed8,synthetic-singular,synthetic,block-hamiltonian,1,8,0.01,64,2000,True,plus,True,False,0.6905404120981488,0.524390243902439,0.6930138922724366,0.5372405372405372,0.5548780487804879,971.4939024390246,,20.35367512702942,,46,4,16,6e3df8c2ae7503394992a62eaa877ace7721f2bc,False
complete,synthetic,synthetic-singular__synthetic__block-hamiltonian__L1__lr0.01__bs64__seed9,results/runs/synthetic_ablation_singular-vector-only/synthetic-singular__synthetic__block-hamiltonian__L1__lr0.01__bs64__seed9_seed9,synthetic-singular,synthetic,block-hamiltonian,1,9,0.01,64,2000,True,plus,True,False,0.6936304357750809,0.49085365853658536,0.6966554115468067,0.4884004884004884,0.5487804878048781,964.6341463414634,,20.653059482574463,,46,4,16,6e3df8c2ae7503394992a62eaa877ace7721f2bc,False
complete,synthetic,synthetic-singular__synthetic__block-hamiltonian__L2__lr0.01__bs64__seed0,results/runs/synthetic_ablation_singular-vector-only/synthetic-singular__synthetic__block-hamiltonian__L2__lr0.01__bs64__seed0_seed0,synthetic-singular,synthetic,block-hamiltonian,2,0,0.01,64,2000,True,plus,True,False,0.6940069488642503,0.524390243902439,0.7040341788089011,0.5079365079365079,0.5426829268292683,960.9756097560976,,24.344684839248657,,92,4,16,6e3df8c2ae7503394992a62eaa877ace7721f2bc,False
complete,synthetic,synthetic-singular__synthetic__block-hamiltonian__L2__lr0.01__bs64__seed10,results/runs/synthetic_ablation_singular-vector-only/synthetic-singular__synthetic__block-hamiltonian__L2__lr0.01__bs64__seed10_seed10,synthetic-singular,synthetic,block-hamiltonian,2,10,0.01,64,2000,True,plus,True,False,0.700151957451532,0.5182926829268293,0.7029995091913926,0.5042735042735043,0.5396341463414634,962.1951219512196,,23.812479496002197,,92,4,16,6e3df8c2ae7503394992a62eaa877ace7721f2bc,False
complete,synthetic,synthetic-singular__synthetic__block-hamiltonian__L2__lr0.01__bs64__seed11,results/runs/synthetic_ablation_singular-vector-only/synthetic-singular__synthetic__block-hamiltonian__L2__lr0.01__bs64__seed11_seed11,synthetic-singular,synthetic,block-hamiltonian,2,11,0.01,64,2000,True,plus,True,False,0.7033489828369405,0.5091463414634146,0.7063560915334338,0.48473748473748474,0.5335365853658537,957.1646341463415,,25.04960584640503,,92,4,16,6e3df8c2ae7503394992a62eaa877ace7721f2bc,False
complete,synthetic,synthetic-singular__synthetic__block-hamiltonian__L2__lr0.01__bs64__seed12,results/runs/synthetic_ablation_singular-vector-only/synthetic-singular__synthetic__block-hamiltonian__L2__lr0.01__bs64__seed12_seed12,synthetic-singular,synthetic,block-hamiltonian,2,12,0.01,64,2000,True,plus,True,False,0.6997489899149117,0.5274390243902439,0.7009859076882403,0.5262515262515263,0.5609756097560976,965.701219512195,,24.99756121635437,,92,4,16,6e3df8c2ae7503394992a62eaa877ace7721f2bc,False
complete,synthetic,synthetic-singular__synthetic__block-hamiltonian__L2__lr0.01__bs64__seed13,results/runs/synthetic_ablation_singular-vector-only/synthetic-singular__synthetic__block-hamiltonian__L2__lr0.01__bs64__seed13_seed13,synthetic-singular,synthetic,block-hamiltonian,2,13,0.01,64,2000,True,plus,True,False,0.6998290117090441,0.4969512195121951,0.7036485873964611,0.48473748473748474,0.5396341463414634,964.4817073170734,,24.683306455612183,,92,4,16,6e3df8c2ae7503394992a62eaa877ace7721f2bc,False
complete,synthetic,synthetic-singular__synthetic__block-hamiltonian__L2__lr0.01__bs64__seed14,results/runs/synthetic_ablation_singular-vector-only/synthetic-singular__synthetic__block-hamiltonian__L2__lr0.01__bs64__seed14_seed14,synthetic-singular,synthetic,block-hamiltonian,2,14,0.01,64,2000,True,plus,True,False,0.7000476129951113,0.5182926829268293,0.7019055194525775,0.4896214896214896,0.5548780487804879,963.7195121951219,,24.0424964427948,,92,4,16,6e3df8c2ae7503394992a62eaa877ace7721f2bc,False
complete,synthetic,synthetic-singular__synthetic__block-hamiltonian__L2__lr0.01__bs64__seed15,results/runs/synthetic_ablation_singular-vector-only/synthetic-singular__synthetic__block-hamiltonian__L2__lr0.01__bs64__seed15_seed15,synthetic-singular,synthetic,block-hamiltonian,2,15,0.01,64,2000,True,plus,True,False,0.7131001510122158,0.4878048780487805,0.717551969944935,0.49572649572649574,0.5457317073170732,955.3353658536583,,23.73176145553589,,92,4,16,6e3df8c2ae7503394992a62eaa877ace7721f2bc,False
complete,synthetic,synthetic-singular__synthetic__block-hamiltonian__L2__lr0.01__bs64__seed16,results/runs/synthetic_ablation_singular-vector-only/synthetic-singular__synthetic__block-hamiltonian__L2__lr0.01__bs64__seed16_seed16,synthetic-singular,synthetic,block-hamiltonian,2,16,0.01,64,2000,True,plus,True,False,0.7072624766101598,0.4725609756097561,0.7053561988695568,0.5042735042735043,0.5274390243902439,933.0792682926829,,24.6516752243042,,92,4,16,6e3df8c2ae7503394992a62eaa877ace7721f2bc,False
complete,synthetic,synthetic-singular__synthetic__block-hamiltonian__L2__lr0.01__bs64__seed17,results/runs/synthetic_ablation_singular-vector-only/synthetic-singular__synthetic__block-hamiltonian__L2__lr0.01__bs64__seed17_seed17,synthetic-singular,synthetic,block-hamiltonian,2,17,0.01,64,2000,True,plus,True,False,0.7035212073471747,0.5152439024390244,0.704814334300067,0.4908424908424908,0.5304878048780488,939.0243902439025,,24.221359729766846,,92,4,16,6e3df8c2ae7503394992a62eaa877ace7721f2bc,False
complete,synthetic,synthetic-singular__synthetic__block-hamiltonian__L2__lr0.01__bs64__seed18,results/runs/synthetic_ablation_singular-vector-only/synthetic-singular__synthetic__block-hamiltonian__L2__lr0.01__bs64__seed18_seed18,synthetic-singular,synthetic,block-hamiltonian,2,18,0.01,64,2000,True,plus,True,False,0.7079149434824756,0.49390243902439024,0.7096816395743815,0.48717948717948717,0.5457317073170732,951.9817073170734,,25.25312829017639,,92,4,16,6e3df8c2ae7503394992a62eaa877ace7721f2bc,False
complete,synthetic,synthetic-singular__synthetic__block-hamiltonian__L2__lr0.01__bs64__seed19,results/runs/synthetic_ablation_singular-vector-only/synthetic-singular__synthetic__block-hamiltonian__L2__lr0.01__bs64__seed19_seed19,synthetic-singular,synthetic,block-hamiltonian,2,19,0.01,64,2000,True,plus,True,False,0.6906839028801416,0.5335365853658537,0.698263572224602,0.49694749694749696,0.5548780487804879,975.0000000000001,,26.436042547225952,,92,4,16,6e3df8c2ae7503394992a62eaa877ace7721f2bc,False
complete,synthetic,synthetic-singular__synthetic__block-hamiltonian__L2__lr0.01__bs64__seed1,results/runs/synthetic_ablation_singular-vector-only/synthetic-singular__synthetic__block-hamiltonian__L2__lr0.01__bs64__seed1_seed1,synthetic-singular,synthetic,block-hamiltonian,2,1,0.01,64,2000,True,plus,True,False,0.7043000457921466,0.5091463414634146,0.7099996649964047,0.4945054945054945,0.5396341463414634,962.0426829268295,,24.570274591445923,,92,4,16,6e3df8c2ae7503394992a62eaa877ace7721f2bc,False
complete,synthetic,synthetic-singular__synthetic__block-hamiltonian__L2__lr0.01__bs64__seed2,results/runs/synthetic_ablation_singular-vector-only/synthetic-singular__synthetic__block-hamiltonian__L2__lr0.01__bs64__seed2_seed2,synthetic-singular,synthetic,block-hamiltonian,2,2,0.01,64,2000,True,plus,True,False,0.7089986232751594,0.49085365853658536,0.7131518763357875,0.4908424908424908,0.5335365853658537,957.3170731707319,,24.666932821273804,,92,4,16,6e3df8c2ae7503394992a62eaa877ace7721f2bc,False
complete,synthetic,synthetic-singular__synthetic__block-hamiltonian__L2__lr0.01__bs64__seed3,results/runs/synthetic_ablation_singular-vector-only/synthetic-singular__synthetic__block-hamiltonian__L2__lr0.01__bs64__seed3_seed3,synthetic-singular,synthetic,block-hamiltonian,2,3,0.01,64,2000,True,plus,True,False,0.6955422458248955,0.5304878048780488,0.6999411350722918,0.5177045177045178,0.5548780487804879,947.8658536585367,,25.180991888046265,,92,4,16,6e3df8c2ae7503394992a62eaa877ace7721f2bc,False
complete,synthetic,synthetic-singular__synthetic__block-hamiltonian__L2__lr0.01__bs64__seed4,results/runs/synthetic_ablation_singular-vector-only/synthetic-singular__synthetic__block-hamiltonian__L2__lr0.01__bs64__seed4_seed4,synthetic-singular,synthetic,block-hamiltonian,2,4,0.01,64,2000,True,plus,True,False,0.6987773677969558,0.5396341463414634,0.704928325607197,0.4822954822954823,0.5640243902439024,975.4573170731708,,24.292479515075684,,92,4,16,6e3df8c2ae7503394992a62eaa877ace7721f2bc,False
complete,synthetic,synthetic-singular__synthetic__block-hamiltonian__L2__lr0.01__bs64__seed5,results/runs/synthetic_ablation_singular-vector-only/synthetic-singular__synthetic__block-hamiltonian__L2__lr0.01__bs64__seed5_seed5,synthetic-singular,synthetic,block-hamiltonian,2,5,0.01,64,2000,True,plus,True,False,0.7025302022917921,0.5091463414634146,0.7026676084450358,0.5018315018315018,0.5487804878048781,952.8963414634148,,24.013073921203613,,92,4,16,6e3df8c2ae7503394992a62eaa877ace7721f2bc,False
complete,synthetic,synthetic-singular__synthetic__block-hamiltonian__L2__lr0.01__bs64__seed6,results/runs/synthetic_ablation_singular-vector-only/synthetic-singular__synthetic__block-hamiltonian__L2__lr0.01__bs64__seed6_seed6,synthetic-singular,synthetic,block-hamiltonian,2,6,0.01,64,2000,True,plus,True,False,0.7042476063470497,0.4969512195121951,0.7199527554092232,0.47985347985347987,0.5548780487804879,955.3353658536583,,24.931982278823853,,92,4,16,6e3df8c2ae7503394992a62eaa877ace7721f2bc,False
complete,synthetic,synthetic-singular__synthetic__block-hamiltonian__L2__lr0.01__bs64__seed7,results/runs/synthetic_ablation_singular-vector-only/synthetic-singular__synthetic__block-hamiltonian__L2__lr0.01__bs64__seed7_seed7,synthetic-singular,synthetic,block-hamiltonian,2,7,0.01,64,2000,True,plus,True,False,0.7029997095143342,0.4695121951219512,0.7040374476765319,0.49694749694749696,0.5640243902439024,957.0121951219511,,23.602871417999268,,92,4,16,6e3df8c2ae7503394992a62eaa877ace7721f2bc,False
complete,synthetic,synthetic-singular__synthetic__block-hamiltonian__L2__lr0.01__bs64__seed8,results/runs/synthetic_ablation_singular-vector-only/synthetic-singular__synthetic__block-hamiltonian__L2__lr0.01__bs64__seed8_seed8,synthetic-singular,synthetic,block-hamiltonian,2,8,0.01,64,2000,True,plus,True,False,0.697860836343193,0.5335365853658537,0.702396189954281,0.4981684981684982,0.551829268292683,959.7560975609758,,24.723230123519897,,92,4,16,6e3df8c2ae7503394992a62eaa877ace7721f2bc,False
complete,synthetic,synthetic-singular__synthetic__block-hamiltonian__L2__lr0.01__bs64__seed9,results/runs/synthetic_ablation_singular-vector-only/synthetic-singular__synthetic__block-hamiltonian__L2__lr0.01__bs64__seed9_seed9,synthetic-singular,synthetic,block-hamiltonian,2,9,0.01,64,2000,True,plus,True,False,0.7012677515486292,0.5030487804878049,0.7017199414831684,0.5042735042735043,0.5396341463414634,962.3475609756097,,25.046544790267944,,92,4,16,6e3df8c2ae7503394992a62eaa877ace7721f2bc,False
complete,synthetic,synthetic-singular__synthetic__block-hamiltonian__L32__lr0.01__bs64__seed0,results/runs/synthetic_ablation_singular-vector-only/synthetic-singular__synthetic__block-hamiltonian__L32__lr0.01__bs64__seed0_seed0,synthetic-singular,synthetic,block-hamiltonian,32,0,0.01,64,2000,True,plus,True,False,0.7148462535948943,0.5060975609756098,0.7196295552229883,0.5152625152625152,0.5213414634146342,932.6219512195122,,173.38890147209167,,1472,4,16,6e3df8c2ae7503394992a62eaa877ace7721f2bc,False
complete,synthetic,synthetic-singular__synthetic__block-hamiltonian__L32__lr0.01__bs64__seed10,results/runs/synthetic_ablation_singular-vector-only/synthetic-singular__synthetic__block-hamiltonian__L32__lr0.01__bs64__seed10_seed10,synthetic-singular,synthetic,block-hamiltonian,32,10,0.01,64,2000,True,plus,True,False,0.7303251223517624,0.4725609756097561,0.7289742300330833,0.4945054945054945,0.5335365853658537,945.8841463414634,,171.22611331939697,,1472,4,16,6e3df8c2ae7503394992a62eaa877ace7721f2bc,False
complete,synthetic,synthetic-singular__synthetic__block-hamiltonian__L32__lr0.01__bs64__seed11,results/runs/synthetic_ablation_singular-vector-only/synthetic-singular__synthetic__block-hamiltonian__L32__lr0.01__bs64__seed11_seed11,synthetic-singular,synthetic,block-hamiltonian,32,11,0.01,64,2000,True,plus,True,False,0.7265574586417939,0.5030487804878049,0.733076973464112,0.4993894993894994,0.5396341463414634,948.7804878048779,,175.3544042110443,,1472,4,16,6e3df8c2ae7503394992a62eaa877ace7721f2bc,False
complete,synthetic,synthetic-singular__synthetic__block-hamiltonian__L32__lr0.01__bs64__seed12,results/runs/synthetic_ablation_singular-vector-only/synthetic-singular__synthetic__block-hamiltonian__L32__lr0.01__bs64__seed12_seed12,synthetic-singular,synthetic,block-hamiltonian,32,12,0.01,64,2000,True,plus,True,False,0.7309653163829757,0.47865853658536583,0.7169100155948128,0.4896214896214896,0.5457317073170732,951.219512195122,,173.62649011611938,,1472,4,16,6e3df8c2ae7503394992a62eaa877ace7721f2bc,False
complete,synthetic,synthetic-singular__synthetic__block-hamiltonian__L32__lr0.01__bs64__seed13,results/runs/synthetic_ablation_singular-vector-only/synthetic-singular__synthetic__block-hamiltonian__L32__lr0.01__bs64__seed13_seed13,synthetic-singular,synthetic,block-hamiltonian,32,13,0.01,64,2000,True,plus,True,False,0.728446400537739,0.47560975609756095,0.7121294365424684,0.5128205128205128,0.5426829268292683,948.3231707317073,,174.3452229499817,,1472,4,16,6e3df8c2ae7503394992a62eaa877ace7721f2bc,False
complete,synthetic,synthetic-singular__synthetic__block-hamiltonian__L32__lr0.01__bs64__seed14,results/runs/synthetic_ablation_singular-vector-only/synthetic-singular__synthetic__block-hamiltonian__L32__lr0.01__bs64__seed14_seed14,synthetic-singular,synthetic,block-hamiltonian,32,14,0.01,64,2000,True,plus,True,False,0.7039135721869193,0.524390243902439,0.7398678897776375,0.47619047619047616,0.5274390243902439,940.5487804878048,,175.86856627464294,,1472,4,16,6e3df8c2ae7503394992a62eaa877ace7721f2bc,False
complete,synthetic,synthetic-singular__synthetic__block-hamiltonian__L32__lr0.01__bs64__seed15,results/runs/synthetic_ablation_singular-vector-only/synthetic-singular__synthetic__block-hamiltonian__L32__lr0.01__bs64__seed15_seed15,synthetic-singular,synthetic,block-hamiltonian,32,15,0.01,64,2000,True,plus,True,False,0.7181233769585261,0.5121951219512195,0.7315025341769297,0.5079365079365079,0.5396341463414634,949.9999999999999,,172.62069869041443,,1472,4,16,6e3df8c2ae7503394992a62eaa877ace7721f2bc,False
complete,synthetic,synthetic-singular__synthetic__block-hamiltonian__L32__lr0.01__bs64__seed16,results/runs/synthetic_ablation_singular-vector-only/synthetic-singular__synthetic__block-hamiltonian__L32__lr0.01__bs64__seed16_seed16,synthetic-singular,synthetic,block-hamiltonian,32,16,0.01,64,2000,True,plus,True,False,0.72119478512261,0.5152439024390244,0.7249569531074498,0.5079365079365079,0.5396341463414634,931.0975609756098,,174.17758965492249,,1472,4,16,6e3df8c2ae7503394992a62eaa877ace7721f2bc,False
complete,synthetic,synthetic-singular__synthetic__block-hamiltonian__L32__lr0.01__bs64__seed17,results/runs/synthetic_ablation_singular-vector-only/synthetic-singular__synthetic__block-hamiltonian__L32__lr0.01__bs64__seed17_seed17,synthetic-singular,synthetic,block-hamiltonian,32,17,0.01,64,2000,True,plus,True,False,0.7382407604864372,0.45426829268292684,0.7318776456758165,0.47863247863247865,0.5457317073170732,947.2560975609758,,175.06298303604126,,1472,4,16,6e3df8c2ae7503394992a62eaa877ace7721f2bc,False
complete,synthetic,synthetic-singular__synthetic__block-hamiltonian__L32__lr0.01__bs64__seed18,results/runs/synthetic_ablation_singular-vector-only/synthetic-singular__synthetic__block-hamiltonian__L32__lr0.01__bs64__seed18_seed18,synthetic-singular,synthetic,block-hamiltonian,32,18,0.01,64,2000,True,plus,True,False,0.7190375500710622,0.5030487804878049,0.7225070611901051,0.5079365079365079,0.5579268292682927,963.2621951219513,,173.32023572921753,,1472,4,16,6e3df8c2ae7503394992a62eaa877ace7721f2bc,False
complete,synthetic,synthetic-singular__synthetic__block-hamiltonian__L32__lr0.01__bs64__seed19,results/runs/synthetic_ablation_singular-vector-only/synthetic-singular__synthetic__block-hamiltonian__L32__lr0.01__bs64__seed19_seed19,synthetic-singular,synthetic,block-hamiltonian,32,19,0.01,64,2000,True,plus,True,False,0.7409588496794897,0.47865853658536583,0.7309335006534229,0.4822954822954823,0.5457317073170732,940.3963414634146,,175.8108503818512,,1472,4,16,6e3df8c2ae7503394992a62eaa877ace7721f2bc,False
complete,synthetic,synthetic-singular__synthetic__block-hamiltonian__L32__lr0.01__bs64__seed1,results/runs/synthetic_ablation_singular-vector-only/synthetic-singular__synthetic__block-hamiltonian__L32__lr0.01__bs64__seed1_seed1,synthetic-singular,synthetic,block-hamiltonian,32,1,0.01,64,2000,True,plus,True,False,0.7182011375638064,0.5304878048780488,0.706608481408621,0.5506715506715507,0.5335365853658537,936.280487804878,,174.19018173217773,,1472,4,16,6e3df8c2ae7503394992a62eaa877ace7721f2bc,False
complete,synthetic,synthetic-singular__synthetic__block-hamiltonian__L32__lr0.01__bs64__seed2,results/runs/synthetic_ablation_singular-vector-only/synthetic-singular__synthetic__block-hamiltonian__L32__lr0.01__bs64__seed2_seed2,synthetic-singular,synthetic,block-hamiltonian,32,2,0.01,64,2000,True,plus,True,False,0.7034853053953232,0.5335365853658537,0.7430719637882447,0.47741147741147744,0.5365853658536586,954.420731707317,,173.27851271629333,,1472,4,16,6e3df8c2ae7503394992a62eaa877ace7721f2bc,False
complete,synthetic,synthetic-singular__synthetic__block-hamiltonian__L32__lr0.01__bs64__seed3,results/runs/synthetic_ablation_singular-vector-only/synthetic-singular__synthetic__block-hamiltonian__L32__lr0.01__bs64__seed3_seed3,synthetic-singular,synthetic,block-hamiltonian,32,3,0.01,64,2000,True,plus,True,False,0.7273830648612991,0.4878048780487805,0.7314884694311403,0.5006105006105006,0.5396341463414634,955.9451219512197,,173.81589794158936,,1472,4,16,6e3df8c2ae7503394992a62eaa877ace7721f2bc,False
complete,synthetic,synthetic-singular__synthetic__block-hamiltonian__L32__lr0.01__bs64__seed4,results/runs/synthetic_ablation_singular-vector-only/synthetic-singular__synthetic__block-hamiltonian__L32__lr0.01__bs64__seed4_seed4,synthetic-singular,synthetic,block-hamiltonian,32,4,0.01,64,2000,True,plus,True,False,0.7230947400813424,0.49085365853658536,0.7302627180256488,0.5042735042735043,0.524390243902439,954.2682926829268,,173.20395255088806,,1472,4,16,6e3df8c2ae7503394992a62eaa877ace7721f2bc,False
complete,synthetic,synthetic-singular__synthetic__block-hamiltonian__L32__lr0.01__bs64__seed5,results/runs/synthetic_ablation_singular-vector-only/synthetic-singular__synthetic__block-hamiltonian__L32__lr0.01__bs64__seed5_seed5,synthetic-singular,synthetic,block-hamiltonian,32,5,0.01,64,2000,True,plus,True,False,0.7480265473773245,0.4878048780487805,0.7239386080686773,0.4884004884004884,0.5365853658536586,947.7134146341463,,173.2474489212036,,1472,4,16,6e3df8c2ae7503394992a62eaa877ace7721f2bc,False
complete,synthetic,synthetic-singular__synthetic__block-hamiltonian__L32__lr0.01__bs64__seed6,results/runs/synthetic_ablation_singular-vector-only/synthetic-singular__synthetic__block-hamiltonian__L32__lr0.01__bs64__seed6_seed6,synthetic-singular,synthetic,block-hamiltonian,32,6,0.01,64,2000,True,plus,True,False,0.7392377909700613,0.46646341463414637,0.7063791146412612,0.5164835164835165,0.5365853658536586,948.780487804878,,173.34027409553528,,1472,4,16,6e3df8c2ae7503394992a62eaa877ace7721f2bc,False
complete,synthetic,synthetic-singular__synthetic__block-hamiltonian__L32__lr0.01__bs64__seed7,results/runs/synthetic_ablation_singular-vector-only/synthetic-singular__synthetic__block-hamiltonian__L32__lr0.01__bs64__seed7_seed7,synthetic-singular,synthetic,block-hamiltonian,32,7,0.01,64,2000,True,plus,True,False,0.7376606764328943,0.4817073170731707,0.7530910383209737,0.46764346764346765,0.5548780487804879,954.5731707317073,,172.959703207016,,1472,4,16,6e3df8c2ae7503394992a62eaa877ace7721f2bc,False
complete,synthetic,synthetic-singular__synthetic__block-hamiltonian__L32__lr0.01__bs64__seed8,results/runs/synthetic_ablation_singular-vector-only/synthetic-singular__synthetic__block-hamiltonian__L32__lr0.01__bs64__seed8_seed8,synthetic-singular,synthetic,block-hamiltonian,32,8,0.01,64,2000,True,plus,True,False,0.7269778451878025,0.5274390243902439,0.7455801190555992,0.4945054945054945,0.5640243902439024,968.7500000000001,,171.5369689464569,,1472,4,16,6e3df8c2ae7503394992a62eaa877ace7721f2bc,False
complete,synthetic,synthetic-singular__synthetic__block-hamiltonian__L32__lr0.01__bs64__seed9,results/runs/synthetic_ablation_singular-vector-only/synthetic-singular__synthetic__block-hamiltonian__L32__lr0.01__bs64__seed9_seed9,synthetic-singular,synthetic,block-hamiltonian,32,9,0.01,64,2000,True,plus,True,False,0.7497052228028803,0.4817073170731707,0.7459036159113446,0.48717948717948717,0.5396341463414634,950.6097560975611,,175.25848078727722,,1472,4,16,6e3df8c2ae7503394992a62eaa877ace7721f2bc,False
complete,synthetic,synthetic-singular__synthetic__block-hamiltonian__L4__lr0.01__bs64__seed0,results/runs/synthetic_ablation_singular-vector-only/synthetic-singular__synthetic__block-hamiltonian__L4__lr0.01__bs64__seed0_seed0,synthetic-singular,synthetic,block-hamiltonian,4,0,0.01,64,2000,True,plus,True,False,0.6961175180888824,0.5182926829268293,0.7026047687351444,0.5042735042735043,0.5335365853658537,955.4878048780488,,32.71348762512207,,184,4,16,6e3df8c2ae7503394992a62eaa877ace7721f2bc,False
complete,synthetic,synthetic-singular__synthetic__block-hamiltonian__L4__lr0.01__bs64__seed10,results/runs/synthetic_ablation_singular-vector-only/synthetic-singular__synthetic__block-hamiltonian__L4__lr0.01__bs64__seed10_seed10,synthetic-singular,synthetic,block-hamiltonian,4,10,0.01,64,2000,True,plus,True,False,0.7040116685912606,0.47560975609756095,0.7063305794091621,0.48717948717948717,0.5365853658536586,955.7926829268292,,32.14344787597656,,184,4,16,6e3df8c2ae7503394992a62eaa877ace7721f2bc,False
complete,synthetic,synthetic-singular__synthetic__block-hamiltonian__L4__lr0.01__bs64__seed11,results/runs/synthetic_ablation_singular-vector-only/synthetic-singular__synthetic__block-hamiltonian__L4__lr0.01__bs64__seed11_seed11,synthetic-singular,synthetic,block-hamiltonian,4,11,0.01,64,2000,True,plus,True,False,0.7217631720393215,0.4878048780487805,0.7269414904676723,0.49572649572649574,0.5335365853658537,955.1829268292681,,31.787052869796753,,184,4,16,6e3df8c2ae7503394992a62eaa877ace7721f2bc,False
complete,synthetic,synthetic-singular__synthetic__block-hamiltonian__L4__lr0.01__bs64__seed12,results/runs/synthetic_ablation_singular-vector-only/synthetic-singular__synthetic__block-hamiltonian__L4__lr0.01__bs64__seed12_seed12,synthetic-singular,synthetic,block-hamiltonian,4,12,0.01,64,2000,True,plus,True,False,0.6967222196217687,0.5426829268292683,0.6992801099266949,0.4993894993894994,0.551829268292683,982.0121951219512,,31.951544284820557,,184,4,16,6e3df8c2ae7503394992a62eaa877ace7721f2bc,False
complete,synthetic,synthetic-singular__synthetic__block-hamiltonian__L4__lr0.01__bs64__seed13,results/runs/synthetic_ablation_singular-vector-only/synthetic-singular__synthetic__block-hamiltonian__L4__lr0.01__bs64__seed13_seed13,synthetic-singular,synthetic,block-hamiltonian,4,13,0.01,64,2000,True,plus,True,False,0.6971869762699521,0.524390243902439,0.7022286314920456,0.48473748473748474,0.5487804878048781,947.7134146341464,,32.26016807556152,,184,4,16,6e3df8c2ae7503394992a62eaa877ace7721f2bc,False
complete,synthetic,synthetic-singular__synthetic__block-hamiltonian__L4__lr0.01__bs64__seed14,results/runs/synthetic_ablation_singular-vector-only/synthetic-singular__synthetic__block-hamiltonian__L4__lr0.01__bs64__seed14_seed14,synthetic-singular,synthetic,block-hamiltonian,4,14,0.01,64,2000,True,plus,True,False,0.7002837371549765,0.5121951219512195,0.7084501108177358,0.48717948717948717,0.5426829268292683,952.8963414634147,,32.71621775627136,,184,4,16,6e3df8c2ae7503394992a62eaa877ace7721f2bc,False
complete,synthetic,synthetic-singular__synthetic__block-hamiltonian__L4__lr0.01__bs64__seed15,results/runs/synthetic_ablation_singular-vector-only/synthetic-singular__synthetic__block-hamiltonian__L4__lr0.01__bs64__seed15_seed15,synthetic-singular,synthetic,block-hamiltonian,4,15,0.01,64,2000,True,plus,True,False,0.7040370926943028,0.5060975609756098,0.7097274761641029,0.48595848595848595,0.5304878048780488,954.4207317073171,,32.677335023880005,,184,4,16,6e3df8c2ae7503394992a62eaa877ace7721f2bc,False
complete,synthetic,synthetic-singular__synthetic__block-hamiltonian__L4__lr0.01__bs64__seed16,results/runs/synthetic_ablation_singular-vector-only/synthetic-singular__synthetic__block-hamiltonian__L4__lr0.01__bs64__seed16_seed16,synthetic-singular,synthetic,block-hamiltonian,4,16,0.01,64,2000,True,plus,True,False,0.7127046654031158,0.4634146341463415,0.7125280230027261,0.48595848595848595,0.5396341463414634,946.0365853658537,,31.914067268371582,,184,4,16,6e3df8c2ae7503394992a62eaa877ace7721f2bc,False
complete,synthetic,synthetic-singular__synthetic__block-hamiltonian__L4__lr0.01__bs64__seed17,results/runs/synthetic_ablation_singular-vector-only/synthetic-singular__synthetic__block-hamiltonian__L4__lr0.01__bs64__seed17_seed17,synthetic-singular,synthetic,block-hamiltonian,4,17,0.01,64,2000,True,plus,True,False,0.7066279510394419,0.49390243902439024,0.7114583161318435,0.49572649572649574,0.5304878048780488,944.3597560975609,,32.26401734352112,,184,4,16,6e3df8c2ae7503394992a62eaa877ace7721f2bc,False
complete,synthetic,synthetic-singular__synthetic__block-hamiltonian__L4__lr0.01__bs64__seed18,results/runs/synthetic_ablation_singular-vector-only/synthetic-singular__synthetic__block-hamiltonian__L4__lr0.01__bs64__seed18_seed18,synthetic-singular,synthetic,block-hamiltonian,4,18,0.01,64,2000,True,plus,True,False,0.6993822167339331,0.5274390243902439,0.7131165212973095,0.4932844932844933,0.5579268292682927,946.4939024390245,,31.78748607635498,,184,4,16,6e3df8c2ae7503394992a62eaa877ace7721f2bc,False
complete,synthetic,synthetic-singular__synthetic__block-hamiltonian__L4__lr0.01__bs64__seed19,results/runs/synthetic_ablation_singular-vector-only/synthetic-singular__synthetic__block-hamiltonian__L4__lr0.01__bs64__seed19_seed19,synthetic-singular,synthetic,block-hamiltonian,4,19,0.01,64,2000,True,plus,True,False,0.7057186723616894,0.4817073170731707,0.7012887076190292,0.4896214896214896,0.5274390243902439,939.4817073170732,,32.28583741188049,,184,4,16,6e3df8c2ae7503394992a62eaa877ace7721f2bc,False
complete,synthetic,synthetic-singular__synthetic__block-hamiltonian__L4__lr0.01__bs64__seed1,results/runs/synthetic_ablation_singular-vector-only/synthetic-singular__synthetic__block-hamiltonian__L4__lr0.01__bs64__seed1_seed1,synthetic-singular,synthetic,block-hamiltonian,4,1,0.01,64,2000,True,plus,True,False,0.7102785191092235,0.46646341463414637,0.7097742283932817,0.47985347985347987,0.5396341463414634,966.6158536585366,,31.876672506332397,,184,4,16,6e3df8c2ae7503394992a62eaa877ace7721f2bc,False
complete,synthetic,synthetic-singular__synthetic__block-hamiltonian__L4__lr0.01__bs64__seed2,results/runs/synthetic_ablation_singular-vector-only/synthetic-singular__synthetic__block-hamiltonian__L4__lr0.01__bs64__seed2_seed2,synthetic-singular,synthetic,block-hamiltonian,4,2,0.01,64,2000,True,plus,True,False,0.696629841396303,0.4878048780487805,0.6972853940234102,0.4932844932844933,0.5304878048780488,944.2073170731708,,33.045342206954956,,184,4,16,6e3df8c2ae7503394992a62eaa877ace7721f2bc,False
complete,synthetic,synthetic-singular__synthetic__block-hamiltonian__L4__lr0.01__bs64__seed3,results/runs/synthetic_ablation_singular-vector-only/synthetic-singular__synthetic__block-hamiltonian__L4__lr0.01__bs64__seed3_seed3,synthetic-singular,synthetic,block-hamiltonian,4,3,0.01,64,2000,True,plus,True,False,0.6954204674343564,0.524390243902439,0.6965033735777895,0.503052503052503,0.5304878048780488,966.7682926829267,,32.40700054168701,,184,4,16,6e3df8c2ae7503394992a62eaa877ace7721f2bc,False
complete,synthetic,synthetic-singular__synthetic__block-hamiltonian__L4__lr0.01__bs64__seed4,results/runs/synthetic_ablation_singular-vector-only/synthetic-singular__synthetic__block-hamiltonian__L4__lr0.01__bs64__seed4_seed4,synthetic-singular,synthetic,block-hamiltonian,4,4,0.01,64,2000,True,plus,True,False,0.7010067294369563,0.49390243902439024,0.7021402351130317,0.4810744810744811,0.5274390243902439,951.2195121951221,,31.91844367980957,,184,4,16,6e3df8c2ae7503394992a62eaa877ace7721f2bc,False
complete,synthetic,synthetic-singular__synthetic__block-hamiltonian__L4__lr0.01__bs64__seed5,results/runs/synthetic_ablation_singular-vector-only/synthetic-singular__synthetic__block-hamiltonian__L4__lr0.01__bs64__seed5_seed5,synthetic-singular,synthetic,block-hamiltonian,4,5,0.01,64,2000,True,plus,True,False,0.707220860027059,0.49390243902439024,0.7040699205596439,0.5177045177045178,0.5335365853658537,957.9268292682929,,33.712841749191284,,184,4,16,6e3df8c2ae7503394992a62eaa877ace7721f2bc,False
complete,synthetic,synthetic-singular__synthetic__block-hamiltonian__L4__lr0.01__bs64__seed6,results/runs/synthetic_ablation_singular-vector-only/synthetic-singular__synthetic__block-hamiltonian__L4__lr0.01__bs64__seed6_seed6,synthetic-singular,synthetic,block-hamiltonian,4,6,0.01,64,2000,True,plus,True,False,0.7151111406764099,0.49085365853658536,0.7303932354178335,0.48473748473748474,0.5365853658536586,955.6402439024391,,33.162375688552856,,184,4,16,6e3df8c2ae7503394992a62eaa877ace7721f2bc,False
complete,synthetic,synthetic-singular__synthetic__block-hamiltonian__L4__lr0.01__bs64__seed7,results/runs/synthetic_ablation_singular-vector-only/synthetic-singular__synthetic__block-hamiltonian__L4__lr0.01__bs64__seed7_seed7,synthetic-singular,synthetic,block-hamiltonian,4,7,0.01,64,2000,True,plus,True,False,0.7154060348570462,0.47560975609756095,0.7144673334036804,0.47985347985347987,0.5213414634146342,941.4634146341464,,33.79348134994507,,184,4,16,6e3df8c2ae7503394992a62eaa877ace7721f2bc,False
complete,synthetic,synthetic-singular__synthetic__block-hamiltonian__L4__lr0.01__bs64__seed8,results/runs/synthetic_ablation_singular-vector-only/synthetic-singular__synthetic__block-hamiltonian__L4__lr0.01__bs64__seed8_seed8,synthetic-singular,synthetic,block-hamiltonian,4,8,0.01,64,2000,True,plus,True,False,0.7105563876577607,0.49390243902439024,0.7110846074079484,0.4810744810744811,0.5396341463414634,956.7073170731708,,34.15203499794006,,184,4,16,6e3df8c2ae7503394992a62eaa877ace7721f2bc,False
complete,synthetic,synthetic-singular__synthetic__block-hamiltonian__L4__lr0.01__bs64__seed9,results/runs/synthetic_ablation_singular-vector-only/synthetic-singular__synthetic__block-hamiltonian__L4__lr0.01__bs64__seed9_seed9,synthetic-singular,synthetic,block-hamiltonian,4,9,0.01,64,2000,True,plus,True,False,0.6980393948534594,0.5152439024390244,0.7006978232553392,0.4945054945054945,0.5213414634146342,933.2317073170732,,33.9472930431366,,184,4,16,6e3df8c2ae7503394992a62eaa877ace7721f2bc,False
complete,synthetic,synthetic-singular__synthetic__block-hamiltonian__L8__lr0.01__bs64__seed0,results/runs/synthetic_ablation_singular-vector-only/synthetic-singular__synthetic__block-hamiltonian__L8__lr0.01__bs64__seed0_seed0,synthetic-singular,synthetic,block-hamiltonian,8,0,0.01,64,2000,True,plus,True,False,0.6944940213179263,0.5060975609756098,0.6939654762067963,0.5054945054945055,0.5396341463414634,942.0731707317074,,51.74011278152466,,368,4,16,6e3df8c2ae7503394992a62eaa877ace7721f2bc,False
complete,synthetic,synthetic-singular__synthetic__block-hamiltonian__L8__lr0.01__bs64__seed10,results/runs/synthetic_ablation_singular-vector-only/synthetic-singular__synthetic__block-hamiltonian__L8__lr0.01__bs64__seed10_seed10,synthetic-singular,synthetic,block-hamiltonian,8,10,0.01,64,2000,True,plus,True,False,0.7142319542726172,0.4817073170731707,0.7115510004705194,0.4896214896214896,0.5274390243902439,948.4756097560975,,52.82103371620178,,368,4,16,6e3df8c2ae7503394992a62eaa877ace7721f2bc,False
complete,synthetic,synthetic-singular__synthetic__block-hamiltonian__L8__lr0.01__bs64__seed11,results/runs/synthetic_ablation_singular-vector-only/synthetic-singular__synthetic__block-hamiltonian__L8__lr0.01__bs64__seed11_seed11,synthetic-singular,synthetic,block-hamiltonian,8,11,0.01,64,2000,True,plus,True,False,0.7081773538945177,0.4847560975609756,0.7102378966725504,0.47863247863247865,0.524390243902439,932.1646341463415,,52.18366265296936,,368,4,16,6e3df8c2ae7503394992a62eaa877ace7721f2bc,False
complete,synthetic,synthetic-singular__synthetic__block-hamiltonian__L8__lr0.01__bs64__seed12,results/runs/synthetic_ablation_singular-vector-only/synthetic-singular__synthetic__block-hamiltonian__L8__lr0.01__bs64__seed12_seed12,synthetic-singular,synthetic,block-hamiltonian,8,12,0.01,64,2000,True,plus,True,False,0.6992148429847845,0.4817073170731707,0.7004361004294024,0.47741147741147744,0.5701219512195121,951.6768292682927,,52.303492069244385,,368,4,16,6e3df8c2ae7503394992a62eaa877ace7721f2bc,False
complete,synthetic,synthetic-singular__synthetic__block-hamiltonian__L8__lr0.01__bs64__seed13,results/runs/synthetic_ablation_singular-vector-only/synthetic-singular__synthetic__block-hamiltonian__L8__lr0.01__bs64__seed13_seed13,synthetic-singular,synthetic,block-hamiltonian,8,13,0.01,64,2000,True,plus,True,False,0.6957362610431176,0.5335365853658537,0.6973594294368178,0.518925518925519,0.5335365853658537,954.1158536585366,,51.8279824256897,,368,4,16,6e3df8c2ae7503394992a62eaa877ace7721f2bc,False
complete,synthetic,synthetic-singular__synthetic__block-hamiltonian__L8__lr0.01__bs64__seed14,results/runs/synthetic_ablation_singular-vector-only/synthetic-singular__synthetic__block-hamiltonian__L8__lr0.01__bs64__seed14_seed14,synthetic-singular,synthetic,block-hamiltonian,8,14,0.01,64,2000,True,plus,True,False,0.700111888614999,0.5060975609756098,0.6983443538021995,0.4822954822954823,0.5487804878048781,964.1768292682925,,52.7464485168457,,368,4,16,6e3df8c2ae7503394992a62eaa877ace7721f2bc,False
complete,synthetic,synthetic-singular__synthetic__block-hamiltonian__L8__lr0.01__bs64__seed15,results/runs/synthetic_ablation_singular-vector-only/synthetic-singular__synthetic__block-hamiltonian__L8__lr0.01__bs64__seed15_seed15,synthetic-singular,synthetic,block-hamiltonian,8,15,0.01,64,2000,True,plus,True,False,0.6965653742337645,0.5457317073170732,0.7020737447579533,0.48595848595848595,0.5457317073170732,957.7743902439025,,51.86902403831482,,368,4,16,6e3df8c2ae7503394992a62eaa877ace7721f2bc,False
complete,synthetic,synthetic-singular__synthetic__block-hamiltonian__L8__lr0.01__bs64__seed16,results/runs/synthetic_ablation_singular-vector-only/synthetic-singular__synthetic__block-hamiltonian__L8__lr0.01__bs64__seed16_seed16,synthetic-singular,synthetic,block-hamiltonian,8,16,0.01,64,2000,True,plus,True,False,0.7028528279313194,0.4817073170731707,0.7034212535569205,0.4810744810744811,0.5335365853658537,938.7195121951222,,53.10774850845337,,368,4,16,6e3df8c2ae7503394992a62eaa877ace7721f2bc,False
complete,synthetic,synthetic-singular__synthetic__block-hamiltonian__L8__lr0.01__bs64__seed17,results/runs/synthetic_ablation_singular-vector-only/synthetic-singular__synthetic__block-hamiltonian__L8__lr0.01__bs64__seed17_seed17,synthetic-singular,synthetic,block-hamiltonian,8,17,0.01,64,2000,True,plus,True,False,0.6926387179638583,0.5426829268292683,0.6937577993052337,0.5067155067155067,0.5426829268292683,950.7621951219512,,52.153037548065186,,368,4,16,6e3df8c2ae7503394992a62eaa877ace7721f2bc,False
complete,synthetic,synthetic-singular__synthetic__block-hamiltonian__L8__lr0.01__bs64__seed18,results/runs/synthetic_ablation_singular-vector-only/synthetic-singular__synthetic__block-hamiltonian__L8__lr0.01__bs64__seed18_seed18,synthetic-singular,synthetic,block-hamiltonian,8,18,0.01,64,2000,True,plus,True,False,0.694162265478434,0.5152439024390244,0.6970119435085864,0.4835164835164835,0.5274390243902439,933.9939024390244,,51.61438608169556,,368,4,16,6e3df8c2ae7503394992a62eaa877ace7721f2bc,False
complete,synthetic,synthetic-singular__synthetic__block-hamiltonian__L8__lr0.01__bs64__seed19,results/runs/synthetic_ablation_singular-vector-only/synthetic-singular__synthetic__block-hamiltonian__L8__lr0.01__bs64__seed19_seed19,synthetic-singular,synthetic,block-hamiltonian,8,19,0.01,64,2000,True,plus,True,False,0.7035537785843964,0.5091463414634146,0.69827012182604,0.5335775335775336,0.5274390243902439,947.4085365853658,,52.111085176467896,,368,4,16,6e3df8c2ae7503394992a62eaa877ace7721f2bc,False
complete,synthetic,synthetic-singular__synthetic__block-hamiltonian__L8__lr0.01__bs64__seed1,results/runs/synthetic_ablation_singular-vector-only/synthetic-singular__synthetic__block-hamiltonian__L8__lr0.01__bs64__seed1_seed1,synthetic-singular,synthetic,block-hamiltonian,8,1,0.01,64,2000,True,plus,True,False,0.7055204102929837,0.4817073170731707,0.7056758635773136,0.46886446886446886,0.5304878048780488,932.6219512195122,,51.52060580253601,,368,4,16,6e3df8c2ae7503394992a62eaa877ace7721f2bc,False
complete,synthetic,synthetic-singular__synthetic__block-hamiltonian__L8__lr0.01__bs64__seed2,results/runs/synthetic_ablation_singular-vector-only/synthetic-singular__synthetic__block-hamiltonian__L8__lr0.01__bs64__seed2_seed2,synthetic-singular,synthetic,block-hamiltonian,8,2,0.01,64,2000,True,plus,True,False,0.6969730772201295,0.49085365853658536,0.699511997125562,0.45665445665445664,0.5274390243902439,927.8963414634146,,51.98678660392761,,368,4,16,6e3df8c2ae7503394992a62eaa877ace7721f2bc,False
complete,synthetic,synthetic-singular__synthetic__block-hamiltonian__L8__lr0.01__bs64__seed3,results/runs/synthetic_ablation_singular-vector-only/synthetic-singular__synthetic__block-hamiltonian__L8__lr0.01__bs64__seed3_seed3,synthetic-singular,synthetic,block-hamiltonian,8,3,0.01,64,2000,True,plus,True,False,0.7063360898786399,0.5121951219512195,0.7074753790835764,0.518925518925519,0.5304878048780488,955.1829268292681,,51.246355295181274,,368,4,16,6e3df8c2ae7503394992a62eaa877ace7721f2bc,False
complete,synthetic,synthetic-singular__synthetic__block-hamiltonian__L8__lr0.01__bs64__seed4,results/runs/synthetic_ablation_singular-vector-only/synthetic-singular__synthetic__block-hamiltonian__L8__lr0.01__bs64__seed4_seed4,synthetic-singular,synthetic,block-hamiltonian,8,4,0.01,64,2000,True,plus,True,False,0.702861416879728,0.4817073170731707,0.7030903309211535,0.4810744810744811,0.5304878048780488,952.7439024390245,,51.518471479415894,,368,4,16,6e3df8c2ae7503394992a62eaa877ace7721f2bc,False
complete,synthetic,synthetic-singular__synthetic__block-hamiltonian__L8__lr0.01__bs64__seed5,results/runs/synthetic_ablation_singular-vector-only/synthetic-singular__synthetic__block-hamiltonian__L8__lr0.01__bs64__seed5_seed5,synthetic-singular,synthetic,block-hamiltonian,8,5,0.01,64,2000,True,plus,True,False,0.7092896374747691,0.5060975609756098,0.7025532487585501,0.514041514041514,0.5426829268292683,960.8231707317073,,53.2352774143219,,368,4,16,6e3df8c2ae7503394992a62eaa877ace7721f2bc,False
complete,synthetic,synthetic-singular__synthetic__block-hamiltonian__L8__lr0.01__bs64__seed6,results/runs/synthetic_ablation_singular-vector-only/synthetic-singular__synthetic__block-hamiltonian__L8__lr0.01__bs64__seed6_seed6,synthetic-singular,synthetic,block-hamiltonian,8,6,0.01,64,2000,True,plus,True,False,0.7011040067149908,0.5,0.7031200800279482,0.48717948717948717,0.5365853658536586,958.3841463414635,,51.955137491226196,,368,4,16,6e3df8c2ae7503394992a62eaa877ace7721f2bc,False
complete,synthetic,synthetic-singular__synthetic__block-hamiltonian__L8__lr0.01__bs64__seed7,results/runs/synthetic_ablation_singular-vector-only/synthetic-singular__synthetic__block-hamiltonian__L8__lr0.01__bs64__seed7_seed7,synthetic-singular,synthetic,block-hamiltonian,8,7,0.01,64,2000,True,plus,True,False,0.6943738143598726,0.5335365853658537,0.6977546262611928,0.48595848595848595,0.5335365853658537,959.2987804878051,,53.39900088310242,,368,4,16,6e3df8c2ae7503394992a62eaa877ace7721f2bc,False
complete,synthetic,synthetic-singular__synthetic__block-hamiltonian__L8__lr0.01__bs64__seed8,results/runs/synthetic_ablation_singular-vector-only/synthetic-singular__synthetic__block-hamiltonian__L8__lr0.01__bs64__seed8_seed8,synthetic-singular,synthetic,block-hamiltonian,8,8,0.01,64,2000,True,plus,True,False,0.6959706075210166,0.49390243902439024,0.6966380955492414,0.5018315018315018,0.5274390243902439,951.5243902439025,,51.848166704177856,,368,4,16,6e3df8c2ae7503394992a62eaa877ace7721f2bc,False
complete,synthetic,synthetic-singular__synthetic__block-hamiltonian__L8__lr0.01__bs64__seed9,results/runs/synthetic_ablation_singular-vector-only/synthetic-singular__synthetic__block-hamiltonian__L8__lr0.01__bs64__seed9_seed9,synthetic-singular,synthetic,block-hamiltonian,8,9,0.01,64,2000,True,plus,True,False,0.6952348327136179,0.5335365853658537,0.6962309309965707,0.5128205128205128,0.5335365853658537,951.9817073170732,,52.606058835983276,,368,4,16,6e3df8c2ae7503394992a62eaa877ace7721f2bc,False
