status,manifest_id,job_slug,run_dir,dataset,representation,encoder,depth,seed,learning_rate,batch_size,steps,standardize,initial_state,projector_renormalize,track_readout_leakage,final_validation_loss,final_validation_accuracy,final_test_loss,final_test_accuracy,best_validation_accuracy,validation_accuracy_auc,time_to_target_step,wall_time_seconds,mean_readout_leakage_mass,parameter_count,n_qubits,hilbert_dim,git_commit,git_dirty
complete,synthetic,synthetic-eigengap__synthetic__symmetric-hamiltonian__L16__lr0.01__bs64__seed0,results/runs/synthetic_ablation_spectrum-only/synthetic-eigengap__synthetic__symmetric-hamiltonian__L16__lr0.01__bs64__seed0_seed0,synthetic-eigengap,synthetic,symmetric-hamiltonian,16,0,0.01,64,2000,True,plus,True,False,0.08402926885657527,0.9695121951219512,0.08714009634527602,0.9694749694749695,0.9908536585365854,1850.6097560975606,,44.86477541923523,,256,2,4,6e3df8c2ae7503394992a62eaa877ace7721f2bc,False
complete,synthetic,synthetic-eigengap__synthetic__symmetric-hamiltonian__L16__lr0.01__bs64__seed10,results/runs/synthetic_ablation_spectrum-only/synthetic-eigengap__synthetic__symmetric-hamiltonian__L16__lr0.01__bs64__seed10_seed10,synthetic-eigengap,synthetic,symmetric-hamiltonian,16,10,0.01,64,2000,True,plus,True,False,0.08244323736547234,0.9878048780487805,0.08675408182506633,0.9768009768009768,0.9908536585365854,1842.2256097560976,,47.09007430076599,,256,2,4,6e3df8c2ae7503394992a62eaa877ace7721f2bc,False
complete,synthetic,synthetic-eigengap__synthetic__symmetric-hamiltonian__L16__lr0.01__bs64__seed11,results/runs/synthetic_ablation_spectrum-only/synthetic-eigengap__synthetic__symmetric-hamiltonian__L16__lr0.01__bs64__seed11_seed11,synthetic-eigengap,synthetic,symmetric-hamiltonian,16,11,0.01,64,2000,True,plus,True,False,0.07226278925732313,0.9847560975609756,0.07747059636395784,0.9816849816849816,0.9908536585365854,1863.2621951219512,,45.14424753189087,,256,2,4,6e3df8c2ae7503394992a62eaa877ace7721f2bc,False
complete,synthetic,synthetic-eigengap__synthetic__symmetric-hamiltonian__L16__lr0.01__bs64__seed12,results/runs/synthetic_ablation_spectrum-only/synthetic-eigengap__synthetic__symmetric-hamiltonian__L16__lr0.01__bs64__seed12_seed12,synthetic-eigengap,synthetic,symmetric-hamiltonian,16,12,0.01,64,2000,True,plus,True,False,0.08383387701908862,0.9817073170731707,0.08971047836381647,0.9792429792429792,0.9908536585365854,1867.0731707317068,,46.920119524002075,,256,2,4,6e3df8c2ae7503394992a62eaa877ace7721f2bc,False
complete,synthetic,synthetic-eigengap__synthetic__symmetric-hamiltonian__L16__lr0.01__bs64__seed13,results/runs/synthetic_ablation_spectrum-only/synthetic-eigengap__synthetic__symmetric-hamiltonian__L16__lr0.01__bs64__seed13_seed13,synthetic-eigengap,synthetic,symmetric-hamiltonian,16,13,0.01,64,2000,True,plus,True,False,0.07203697499502207,0.9878048780487805,0.0762704399744777,0.9755799755799756,0.9908536585365854,1848.628048780488,,45.24655246734619,,256,2,4,6e3df8c2ae7503394992a62eaa877ace7721f2bc,False
complete,synthetic,synthetic-eigengap__synthetic__symmetric-hamiltonian__L16__lr0.01__bs64__seed14,results/runs/synthetic_ablation_spectrum-only/synthetic-eigengap__synthetic__symmetric-hamiltonian__L16__lr0.01__bs64__seed14_seed14,synthetic-eigengap,synthetic,symmetric-hamiltonian,16,14,0.01,64,2000,True,plus,True,False,0.08014093192192295,0.9878048780487805,0.08473660858963418,0.978021978021978,0.9908536585365854,1858.2317073170734,,45.505122900009155,,256,2,4,6e3df8c2ae7503394992a62eaa877ace7721f2bc,False
complete,synthetic,synthetic-eigengap__synthetic__symmetric-hamiltonian__L16__lr0.01__bs64__seed15,results/runs/synthetic_ablation_spectrum-only/synthetic-eigengap__synthetic__symmetric-hamiltonian__L16__lr0.01__bs64__seed15_seed15,synthetic-eigengap,synthetic,symmetric-hamiltonian,16,15,0.01,64,2000,True,plus,True,False,0.07418651079033306,0.9847560975609756,0.078031560560035,0.9755799755799756,0.9939024390243902,1853.658536585366,,45.38057899475098,,256,2,4,6e3df8c2ae7503394992a62eaa877ace7721f2bc,False
complete,synthetic,synthetic-eigengap__synthetic__symmetric-hamiltonian__L16__lr0.01__bs64__seed16,results/runs/synthetic_ablation_spectrum-only/synthetic-eigengap__synthetic__symmetric-hamiltonian__L16__lr0.01__bs64__seed16_seed16,synthetic-eigengap,synthetic,symmetric-hamiltonian,16,16,0.01,64,2000,True,plus,True,False,0.0945725562271054,0.9695121951219512,0.09935275016589563,0.9682539682539683,0.9878048780487805,1851.8292682926826,,46.269938468933105,,256,2,4,6e3df8c2ae7503394992a62eaa877ace7721f2bc,False
complete,synthetic,synthetic-eigengap__synthetic__symmetric-hamiltonian__L16__lr0.01__bs64__seed17,results/runs/synthetic_ablation_spectrum-only/synthetic-eigengap__synthetic__symmetric-hamiltonian__L16__lr0.01__bs64__seed17_seed17,synthetic-eigengap,synthetic,symmetric-hamiltonian,16,17,0.01,64,2000,True,plus,True,False,0.0728613104056614,0.9908536585365854,0.07818824733215417,0.9804639804639804,0.9908536585365854,1852.2865853658532,,45.963215827941895,,256,2,4,6e3df8c2ae7503394992a62eaa877ace7721f2bc,False
complete,synthetic,synthetic-eigengap__synthetic__symmetric-hamiltonian__L16__lr0.01__bs64__seed18,results/runs/synthetic_ablation_spectrum-only/synthetic-eigengap__synthetic__symmetric-hamiltonian__L16__lr0.01__bs64__seed18_seed18,synthetic-eigengap,synthetic,symmetric-hamiltonian,16,18,0.01,64,2000,True,plus,True,False,0.07140281850770865,0.9908536585365854,0.07592263359835551,0.9804639804639804,0.9908536585365854,1856.0975609756101,,45.65249943733215,,256,2,4,6e3df8c2ae7503394992a62eaa877ace7721f2bc,False
complete,synthetic,synthetic-eigengap__synthetic__symmetric-hamiltonian__L16__lr0.01__bs64__seed19,results/runs/synthetic_ablation_spectrum-only/synthetic-eigengap__synthetic__symmetric-hamiltonian__L16__lr0.01__bs64__seed19_seed19,synthetic-eigengap,synthetic,symmetric-hamiltonian,16,19,0.01,64,2000,True,plus,True,False,0.07045358455736549,0.9847560975609756,0.07458736246871907,0.9816849816849816,0.9908536585365854,1853.5060975609754,,45.511298418045044,,256,2,4,6e3df8c2ae7503394992a62eaa877ace7721f2bc,False
complete,synthetic,synthetic-eigengap__synthetic__symmetric-hamiltonian__L16__lr0.01__bs64__seed1,results/runs/synthetic_ablation_spectrum-only/synthetic-eigengap__synthetic__symmetric-hamiltonian__L16__lr0.01__bs64__seed1_seed1,synthetic-eigengap,synthetic,symmetric-hamiltonian,16,1,0.01,64,2000,True,plus,True,False,0.0996210274016334,0.9725609756097561,0.10703753316747504,0.9731379731379731,0.9908536585365854,1837.4999999999998,,45.34159874916077,,256,2,4,6e3df8c2ae7503394992a62eaa877ace7721f2bc,False
complete,synthetic,synthetic-eigengap__synthetic__symmetric-hamiltonian__L16__lr0.01__bs64__seed2,results/runs/synthetic_ablation_spectrum-only/synthetic-eigengap__synthetic__symmetric-hamiltonian__L16__lr0.01__bs64__seed2_seed2,synthetic-eigengap,synthetic,symmetric-hamiltonian,16,2,0.01,64,2000,True,plus,True,False,0.07758107909614609,0.9847560975609756,0.08423690333556252,0.9829059829059829,0.9908536585365854,1842.3780487804875,,44.132853984832764,,256,2,4,6e3df8c2ae7503394992a62eaa877ace7721f2bc,False
complete,synthetic,synthetic-eigengap__synthetic__symmetric-hamiltonian__L16__lr0.01__bs64__seed3,results/runs/synthetic_ablation_spectrum-only/synthetic-eigengap__synthetic__symmetric-hamiltonian__L16__lr0.01__bs64__seed3_seed3,synthetic-eigengap,synthetic,symmetric-hamiltonian,16,3,0.01,64,2000,True,plus,True,False,0.06816151300870944,0.9847560975609756,0.07341064664429599,0.9804639804639804,0.9908536585365854,1854.1158536585365,,44.78522801399231,,256,2,4,6e3df8c2ae7503394992a62eaa877ace7721f2bc,False
complete,synthetic,synthetic-eigengap__synthetic__symmetric-hamiltonian__L16__lr0.01__bs64__seed4,results/runs/synthetic_ablation_spectrum-only/synthetic-eigengap__synthetic__symmetric-hamiltonian__L16__lr0.01__bs64__seed4_seed4,synthetic-eigengap,synthetic,symmetric-hamiltonian,16,4,0.01,64,2000,True,plus,True,False,0.07739387907156646,0.9908536585365854,0.08118822566904701,0.9816849816849816,0.9908536585365854,1854.8780487804872,,44.78374743461609,,256,2,4,6e3df8c2ae7503394992a62eaa877ace7721f2bc,False
complete,synthetic,synthetic-eigengap__synthetic__symmetric-hamiltonian__L16__lr0.01__bs64__seed5,results/runs/synthetic_ablation_spectrum-only/synthetic-eigengap__synthetic__symmetric-hamiltonian__L16__lr0.01__bs64__seed5_seed5,synthetic-eigengap,synthetic,symmetric-hamiltonian,16,5,0.01,64,2000,True,plus,True,False,0.08712596452238411,0.9847560975609756,0.0914599497226433,0.9768009768009768,0.9908536585365854,1854.8780487804875,,45.53764486312866,,256,2,4,6e3df8c2ae7503394992a62eaa877ace7721f2bc,False
complete,synthetic,synthetic-eigengap__synthetic__symmetric-hamiltonian__L16__lr0.01__bs64__seed6,results/runs/synthetic_ablation_spectrum-only/synthetic-eigengap__synthetic__symmetric-hamiltonian__L16__lr0.01__bs64__seed6_seed6,synthetic-eigengap,synthetic,symmetric-hamiltonian,16,6,0.01,64,2000,True,plus,True,False,0.07978053267904776,0.9817073170731707,0.08432548985160611,0.9719169719169719,0.9878048780487805,1837.3475609756097,,45.282363176345825,,256,2,4,6e3df8c2ae7503394992a62eaa877ace7721f2bc,False
complete,synthetic,synthetic-eigengap__synthetic__symmetric-hamiltonian__L16__lr0.01__bs64__seed7,results/runs/synthetic_ablation_spectrum-only/synthetic-eigengap__synthetic__symmetric-hamiltonian__L16__lr0.01__bs64__seed7_seed7,synthetic-eigengap,synthetic,symmetric-hamiltonian,16,7,0.01,64,2000,True,plus,True,False,0.07793064826182224,0.9878048780487805,0.08278846759727972,0.9768009768009768,0.9908536585365854,1845.5792682926829,,45.80805444717407,,256,2,4,6e3df8c2ae7503394992a62eaa877ace7721f2bc,False
complete,synthetic,synthetic-eigengap__synthetic__symmetric-hamiltonian__L16__lr0.01__bs64__seed8,results/runs/synthetic_ablation_spectrum-only/synthetic-eigengap__synthetic__symmetric-hamiltonian__L16__lr0.01__bs64__seed8_seed8,synthetic-eigengap,synthetic,symmetric-hamiltonian,16,8,0.01,64,2000,True,plus,True,False,0.07282966893839617,0.9908536585365854,0.07802271935187495,0.978021978021978,0.9908536585365854,1858.6890243902437,,46.148985862731934,,256,2,4,6e3df8c2ae7503394992a62eaa877ace7721f2bc,False
complete,synthetic,synthetic-eigengap__synthetic__symmetric-hamiltonian__L16__lr0.01__bs64__seed9,results/runs/synthetic_ablation_spectrum-only/synthetic-eigengap__synthetic__symmetric-hamiltonian__L16__lr0.01__bs64__seed9_seed9,synthetic-eigengap,synthetic,symmetric-hamiltonian,16,9,0.01,64,2000,True,plus,True,False,0.06777811917301908,0.9908536585365854,0.07274729453514421,0.9816849816849816,0.9908536585365854,1858.2317073170732,,45.79176115989685,,256,2,4,6e3df8c2ae7503394992a62eaa877ace7721f2bc,False
complete,synthetic,synthetic-eigengap__synthetic__symmetric-hamiltonian__L1__lr0.01__bs64__seed0,results/runs/synthetic_ablation_spectrum-only/synthetic-eigengap__synthetic__symmetric-hamiltonian__L1__lr0.01__bs64__seed0_seed0,synthetic-eigengap,synthetic,symmetric-hamiltonian,1,0,0.01,64,2000,True,plus,True,False,0.5105145231055143,0.7530487804878049,0.5310447723696561,0.7301587301587301,0.7835365853658537,1435.0609756097563,,15.447129249572754,,16,2,4,6e3df8c2ae7503394992a62eaa877ace7721f2bc,False
complete,synthetic,synthetic-eigengap__synthetic__symmetric-hamiltonian__L1__lr0.01__bs64__seed10,results/runs/synthetic_ablation_spectrum-only/synthetic-eigengap__synthetic__symmetric-hamiltonian__L1__lr0.01__bs64__seed10_seed10,synthetic-eigengap,synthetic,symmetric-hamiltonian,1,10,0.01,64,2000,True,plus,True,False,0.5101215915357957,0.774390243902439,0.531198364756181,0.7277167277167277,0.7835365853658537,1419.5121951219512,,16.028727531433105,,16,2,4,6e3df8c2ae7503394992a62eaa877ace7721f2bc,False
complete,synthetic,synthetic-eigengap__synthetic__symmetric-hamiltonian__L1__lr0.01__bs64__seed11,results/runs/synthetic_ablation_spectrum-only/synthetic-eigengap__synthetic__symmetric-hamiltonian__L1__lr0.01__bs64__seed11_seed11,synthetic-eigengap,synthetic,symmetric-hamiltonian,1,11,0.01,64,2000,True,plus,True,False,0.5103804026467079,0.7621951219512195,0.5310350873683739,0.7252747252747253,0.7865853658536586,1421.4939024390244,,15.44927191734314,,16,2,4,6e3df8c2ae7503394992a62eaa877ace7721f2bc,False
complete,synthetic,synthetic-eigengap__synthetic__symmetric-hamiltonian__L1__lr0.01__bs64__seed12,results/runs/synthetic_ablation_spectrum-only/synthetic-eigengap__synthetic__symmetric-hamiltonian__L1__lr0.01__bs64__seed12_seed12,synthetic-eigengap,synthetic,symmetric-hamiltonian,1,12,0.01,64,2000,True,plus,True,False,0.5144582866509818,0.7774390243902439,0.5346490779325282,0.7350427350427351,0.7926829268292683,1428.5060975609756,,15.93517017364502,,16,2,4,6e3df8c2ae7503394992a62eaa877ace7721f2bc,False
complete,synthetic,synthetic-eigengap__synthetic__symmetric-hamiltonian__L1__lr0.01__bs64__seed13,results/runs/synthetic_ablation_spectrum-only/synthetic-eigengap__synthetic__symmetric-hamiltonian__L1__lr0.01__bs64__seed13_seed13,synthetic-eigengap,synthetic,symmetric-hamiltonian,1,13,0.01,64,2000,True,plus,True,False,0.5099921583220035,0.7530487804878049,0.5304921383288246,0.7228327228327228,0.7865853658536586,1430.6402439024391,,15.545918226242065,,16,2,4,6e3df8c2ae7503394992a62eaa877ace7721f2bc,False
complete,synthetic,synthetic-eigengap__synthetic__symmetric-hamiltonian__L1__lr0.01__bs64__seed14,results/runs/synthetic_ablation_spectrum-only/synthetic-eigengap__synthetic__symmetric-hamiltonian__L1__lr0.01__bs64__seed14_seed14,synthetic-eigengap,synthetic,symmetric-hamiltonian,1,14,0.01,64,2000,True,plus,True,False,0.5106501947523028,0.7347560975609756,0.5313357363566307,0.7155067155067155,0.7896341463414634,1433.9939024390242,,17.608219385147095,,16,2,4,6e3df8c2ae7503394992a62eaa877ace7721f2bc,False
complete,synthetic,synthetic-eigengap__synthetic__symmetric-hamiltonian__L1__lr0.01__bs64__seed15,results/runs/synthetic_ablation_spectrum-only/synthetic-eigengap__synthetic__symmetric-hamiltonian__L1__lr0.01__bs64__seed15_seed15,synthetic-eigengap,synthetic,symmetric-hamiltonian,1,15,0.01,64,2000,True,plus,True,False,0.5091284709190144,0.7591463414634146,0.5300903614099499,0.7252747252747253,0.7896341463414634,1438.109756097561,,17.1014621257782,,16,2,4,6e3df8c2ae7503394992a62eaa877ace7721f2bc,False
complete,synthetic,synthetic-eigengap__synthetic__symmetric-hamiltonian__L1__lr0.01__bs64__seed16,results/runs/synthetic_ablation_spectrum-only/synthetic-eigengap__synthetic__symmetric-hamiltonian__L1__lr0.01__bs64__seed16_seed16,synthetic-eigengap,synthetic,symmetric-hamiltonian,1,16,0.01,64,2000,True,plus,True,False,0.5109090409813486,0.7408536585365854,0.5315484156824722,0.7118437118437119,0.7835365853658537,1435.3658536585365,,17.020970821380615,,16,2,4,6e3df8c2ae7503394992a62eaa877ace7721f2bc,False
complete,synthetic,synthetic-eigengap__synthetic__symmetric-hamiltonian__L1__lr0.01__bs64__seed17,results/runs/synthetic_ablation_spectrum-only/synthetic-eigengap__synthetic__symmetric-hamiltonian__L1__lr0.01__bs64__seed17_seed17,synthetic-eigengap,synthetic,symmetric-hamiltonian,1,17,0.01,64,2000,True,plus,True,False,0.5106385900691032,0.7286585365853658,0.5316632978623959,0.7167277167277167,0.7865853658536586,1440.5487804878048,,15.432203531265259,,16,2,4,6e3df8c2ae7503394992a62eaa877ace7721f2bc,False
complete,synthetic,synthetic-eigengap__synthetic__symmetric-hamiltonian__L1__lr0.01__bs64__seed18,results/runs/synthetic_ablation_spectrum-only/synthetic-eigengap__synthetic__symmetric-hamiltonian__L1__lr0.01__bs64__seed18_seed18,synthetic-eigengap,synthetic,symmetric-hamiltonian,1,18,0.01,64,2000,True,plus,True,False,0.5111846558230209,0.7317073170731707,0.5319990232889646,0.7130647130647131,0.7957317073170732,1438.4146341463415,,17.440793991088867,,16,2,4,6e3df8c2ae7503394992a62eaa877ace7721f2bc,False
complete,synthetic,synthetic-eigengap__synthetic__symmetric-hamiltonian__L1__lr0.01__bs64__seed19,results/runs/synthetic_ablation_spectrum-only/synthetic-eigengap__synthetic__symmetric-hamiltonian__L1__lr0.01__bs64__seed19_seed19,synthetic-eigengap,synthetic,symmetric-hamiltonian,1,19,0.01,64,2000,True,plus,True,False,0.510152943279064,0.7713414634146342,0.5306821676669067,0.7277167277167277,0.7835365853658537,1432.6219512195123,,15.674119234085083,,16,2,4,6e3df8c2ae7503394992a62eaa877ace7721f2bc,False
complete,synthetic,synthetic-eigengap__synthetic__symmetric-hamiltonian__L1__lr0.01__bs64__seed1,results/runs/synthetic_ablation_spectrum-only/synthetic-eigengap__synthetic__symmetric-hamiltonian__L1__lr0.01__bs64__seed1_seed1,synthetic-eigengap,synthetic,symmetric-hamiltonian,1,1,0.01,64,2000,True,plus,True,False,0.5123926167083398,0.7682926829268293,0.532680529120941,0.7228327228327228,0.7896341463414634,1437.04268292683,,15.533907890319824,,16,2,4,6e3df8c2ae7503394992a62eaa877ace7721f2bc,False
complete,synthetic,synthetic-eigengap__synthetic__symmetric-hamiltonian__L1__lr0.01__bs64__seed2,results/runs/synthetic_ablation_spectrum-only/synthetic-eigengap__synthetic__symmetric-hamiltonian__L1__lr0.01__bs64__seed2_seed2,synthetic-eigengap,synthetic,symmetric-hamiltonian,1,2,0.01,64,2000,True,plus,True,False,0.5100938201877303,0.7713414634146342,0.5304040899683468,0.7277167277167277,0.7865853658536586,1435.5182926829266,,17.17236638069153,,16,2,4,6e3df8c2ae7503394992a62eaa877ace7721f2bc,False
complete,synthetic,synthetic-eigengap__synthetic__symmetric-hamiltonian__L1__lr0.01__bs64__seed3,results/runs/synthetic_ablation_spectrum-only/synthetic-eigengap__synthetic__symmetric-hamiltonian__L1__lr0.01__bs64__seed3_seed3,synthetic-eigengap,synthetic,symmetric-hamiltonian,1,3,0.01,64,2000,True,plus,True,False,0.513757661143492,0.7865853658536586,0.5344163487110674,0.7326007326007326,0.7926829268292683,1443.7500000000002,,17.573500633239746,,16,2,4,6e3df8c2ae7503394992a62eaa877ace7721f2bc,False
complete,synthetic,synthetic-eigengap__synthetic__symmetric-hamiltonian__L1__lr0.01__bs64__seed4,results/runs/synthetic_ablation_spectrum-only/synthetic-eigengap__synthetic__symmetric-hamiltonian__L1__lr0.01__bs64__seed4_seed4,synthetic-eigengap,synthetic,symmetric-hamiltonian,1,4,0.01,64,2000,True,plus,True,False,0.5103103950189255,0.7469512195121951,0.5310678003684869,0.7191697191697192,0.7896341463414634,1443.90243902439,,16.107391357421875,,16,2,4,6e3df8c2ae7503394992a62eaa877ace7721f2bc,False
complete,synthetic,synthetic-eigengap__synthetic__symmetric-hamiltonian__L1__lr0.01__bs64__seed5,results/runs/synthetic_ablation_spectrum-only/synthetic-eigengap__synthetic__symmetric-hamiltonian__L1__lr0.01__bs64__seed5_seed5,synthetic-eigengap,synthetic,symmetric-hamiltonian,1,5,0.01,64,2000,True,plus,True,False,0.510618432107528,0.7317073170731707,0.5315575073843747,0.7155067155067155,0.7835365853658537,1439.3292682926829,,15.461621522903442,,16,2,4,6e3df8c2ae7503394992a62eaa877ace7721f2bc,False
complete,synthetic,synthetic-eigengap__synthetic__symmetric-hamiltonian__L1__lr0.01__bs64__seed6,results/runs/synthetic_ablation_spectrum-only/synthetic-eigengap__synthetic__symmetric-hamiltonian__L1__lr0.01__bs64__seed6_seed6,synthetic-eigengap,synthetic,symmetric-hamiltonian,1,6,0.01,64,2000,True,plus,True,False,0.5104310908277935,0.774390243902439,0.5311125278645781,0.7289377289377289,0.7865853658536586,1444.0548780487804,,17.437803983688354,,16,2,4,6e3df8c2ae7503394992a62eaa877ace7721f2bc,False
complete,synthetic,synthetic-eigengap__synthetic__symmetric-hamiltonian__L1__lr0.01__bs64__seed7,results/runs/synthetic_ablation_spectrum-only/synthetic-eigengap__synthetic__symmetric-hamiltonian__L1__lr0.01__bs64__seed7_seed7,synthetic-eigengap,synthetic,symmetric-hamiltonian,1,7,0.01,64,2000,True,plus,True,False,0.5096988982341356,0.7408536585365854,0.5305473602189343,0.7142857142857143,0.7682926829268293,1425.6097560975613,,15.721563816070557,,16,2,4,6e3df8c2ae7503394992a62eaa877ace7721f2bc,False
complete,synthetic,synthetic-eigengap__synthetic__symmetric-hamiltonian__L1__lr0.01__bs64__seed8,results/runs/synthetic_ablation_spectrum-only/synthetic-eigengap__synthetic__symmetric-hamiltonian__L1__lr0.01__bs64__seed8_seed8,synthetic-eigengap,synthetic,symmetric-hamiltonian,1,8,0.01,64,2000,True,plus,True,False,0.5131353915930433,0.7621951219512195,0.5339618894897015,0.7301587301587301,0.7896341463414634,1423.9329268292681,,16.20559287071228,,16,2,4,6e3df8c2ae7503394992a62eaa877ace7721f2bc,False
complete,synthetic,synthetic-eigengap__synthetic__symmetric-hamiltonian__L1__lr0.01__bs64__seed9,results/runs/synthetic_ablation_spectrum-only/synthetic-eigengap__synthetic__symmetric-hamiltonian__L1__lr0.01__bs64__seed9_seed9,synthetic-eigengap,synthetic,symmetric-hamiltonian,1,9,0.01,64,2000,True,plus,True,False,0.5145978967987722,0.7865853658536586,0.5351526312698653,0.73992673992674,0.7865853658536586,1412.5,,15.447651147842407,,16,2,4,6e3df8c2ae7503394992a62eaa877ace7721f2bc,False
complete,synthetic,synthetic-eigengap__synthetic__symmetric-hamiltonian__L2__lr0.01__bs64__seed0,results/runs/synthetic_ablation_spectrum-only/synthetic-eigengap__synthetic__symmetric-hamiltonian__L2__lr0.01__bs64__seed0_seed0,synthetic-eigengap,synthetic,symmetric-hamiltonian,2,0,0.01,64,2000,True,plus,True,False,0.22533821499478596,0.9207317073170732,0.22605215402520543,0.9267399267399268,0.9573170731707317,1755.4878048780492,,19.409648895263672,,32,2,4,6e3df8c2ae7503394992a62eaa877ace7721f2bc,False
complete,synthetic,synthetic-eigengap__synthetic__symmetric-hamiltonian__L2__lr0.01__bs64__seed10,results/runs/synthetic_ablation_spectrum-only/synthetic-eigengap__synthetic__symmetric-hamiltonian__L2__lr0.01__bs64__seed10_seed10,synthetic-eigengap,synthetic,symmetric-hamiltonian,2,10,0.01,64,2000,True,plus,True,False,0.2264897136595744,0.9085365853658537,0.2277406883241878,0.9133089133089133,0.9512195121951219,1733.9939024390249,,19.046266794204712,,32,2,4,6e3df8c2ae7503394992a62eaa877ace7721f2bc,False
complete,synthetic,synthetic-eigengap__synthetic__symmetric-hamiltonian__L2__lr0.01__bs64__seed11,results/runs/synthetic_ablation_spectrum-only/synthetic-eigengap__synthetic__symmetric-hamiltonian__L2__lr0.01__bs64__seed11_seed11,synthetic-eigengap,synthetic,symmetric-hamiltonian,2,11,0.01,64,2000,True,plus,True,False,0.22661001033536707,0.9146341463414634,0.22584634280572932,0.9206349206349206,0.9512195121951219,1742.2256097560976,,19.443731784820557,,32,2,4,6e3df8c2ae7503394992a62eaa877ace7721f2bc,False
complete,synthetic,synthetic-eigengap__synthetic__symmetric-hamiltonian__L2__lr0.01__bs64__seed12,results/runs/synthetic_ablation_spectrum-only/synthetic-eigengap__synthetic__symmetric-hamiltonian__L2__lr0.01__bs64__seed12_seed12,synthetic-eigengap,synthetic,symmetric-hamiltonian,2,12,0.01,64,2000,True,plus,True,False,0.2253252165581801,0.9176829268292683,0.22676779198703495,0.9230769230769231,0.948170731707317,1748.4756097560978,,19.378605604171753,,32,2,4,6e3df8c2ae7503394992a62eaa877ace7721f2bc,False
complete,synthetic,synthetic-eigengap__synthetic__symmetric-hamiltonian__L2__lr0.01__bs64__seed13,results/runs/synthetic_ablation_spectrum-only/synthetic-eigengap__synthetic__symmetric-hamiltonian__L2__lr0.01__bs64__seed13_seed13,synthetic-eigengap,synthetic,symmetric-hamiltonian,2,13,0.01,64,2000,True,plus,True,False,0.232632163763517,0.9512195121951219,0.23062773660486965,0.9401709401709402,0.9573170731707317,1743.2926829268292,,18.081769466400146,,32,2,4,6e3df8c2ae7503394992a62eaa877ace7721f2bc,False
complete,synthetic,synthetic-eigengap__synthetic__symmetric-hamiltonian__L2__lr0.01__bs64__seed14,results/runs/synthetic_ablation_spectrum-only/synthetic-eigengap__synthetic__symmetric-hamiltonian__L2__lr0.01__bs64__seed14_seed14,synthetic-eigengap,synthetic,symmetric-hamiltonian,2,14,0.01,64,2000,True,plus,True,False,0.22572991903420128,0.9054878048780488,0.22595780850834965,0.9133089133089133,0.9634146341463414,1743.9024390243906,,19.448411464691162,,32,2,4,6e3df8c2ae7503394992a62eaa877ace7721f2bc,False
complete,synthetic,synthetic-eigengap__synthetic__symmetric-hamiltonian__L2__lr0.01__bs64__seed15,results/runs/synthetic_ablation_spectrum-only/synthetic-eigengap__synthetic__symmetric-hamiltonian__L2__lr0.01__bs64__seed15_seed15,synthetic-eigengap,synthetic,symmetric-hamiltonian,2,15,0.01,64,2000,True,plus,True,False,0.22579849314398306,0.9054878048780488,0.2261774383793478,0.9194139194139194,0.9542682926829268,1750.0,,19.415486812591553,,32,2,4,6e3df8c2ae7503394992a62eaa877ace7721f2bc,False
complete,synthetic,synthetic-eigengap__synthetic__symmetric-hamiltonian__L2__lr0.01__bs64__seed16,results/runs/synthetic_ablation_spectrum-only/synthetic-eigengap__synthetic__symmetric-hamiltonian__L2__lr0.01__bs64__seed16_seed16,synthetic-eigengap,synthetic,symmetric-hamiltonian,2,16,0.01,64,2000,True,plus,True,False,0.23309184554836943,0.9542682926829268,0.23011888638143885,0.938949938949939,0.9542682926829268,1751.5243902439022,,19.656307458877563,,32,2,4,6e3df8c2ae7503394992a62eaa877ace7721f2bc,False
complete,synthetic,synthetic-eigengap__synthetic__symmetric-hamiltonian__L2__lr0.01__bs64__seed17,results/runs/synthetic_ablation_spectrum-only/synthetic-eigengap__synthetic__symmetric-hamiltonian__L2__lr0.01__bs64__seed17_seed17,synthetic-eigengap,synthetic,symmetric-hamiltonian,2,17,0.01,64,2000,True,plus,True,False,0.22758601064258643,0.8932926829268293,0.22768476413746494,0.9047619047619048,0.948170731707317,1747.7134146341461,,18.217314958572388,,32,2,4,6e3df8c2ae7503394992a62eaa877ace7721f2bc,False
complete,synthetic,synthetic-eigengap__synthetic__symmetric-hamiltonian__L2__lr0.01__bs64__seed18,results/runs/synthetic_ablation_spectrum-only/synthetic-eigengap__synthetic__symmetric-hamiltonian__L2__lr0.01__bs64__seed18_seed18,synthetic-eigengap,synthetic,symmetric-hamiltonian,2,18,0.01,64,2000,True,plus,True,False,0.22744822959190406,0.9237804878048781,0.22776801695681606,0.9328449328449329,0.9512195121951219,1737.8048780487807,,17.826057195663452,,32,2,4,6e3df8c2ae7503394992a62eaa877ace7721f2bc,False
complete,synthetic,synthetic-eigengap__synthetic__symmetric-hamiltonian__L2__lr0.01__bs64__seed19,results/runs/synthetic_ablation_spectrum-only/synthetic-eigengap__synthetic__symmetric-hamiltonian__L2__lr0.01__bs64__seed19_seed19,synthetic-eigengap,synthetic,symmetric-hamiltonian,2,19,0.01,64,2000,True,plus,True,False,0.2362023711640061,0.9573170731707317,0.2334979040151704,0.9426129426129426,0.9573170731707317,1748.7804878048782,,19.19999122619629,,32,2,4,6e3df8c2ae7503394992a62eaa877ace7721f2bc,False
complete,synthetic,synthetic-eigengap__synthetic__symmetric-hamiltonian__L2__lr0.01__bs64__seed1,results/runs/synthetic_ablation_spectrum-only/synthetic-eigengap__synthetic__symmetric-hamiltonian__L2__lr0.01__bs64__seed1_seed1,synthetic-eigengap,synthetic,symmetric-hamiltonian,2,1,0.01,64,2000,True,plus,True,False,0.23239448410984231,0.9420731707317073,0.23139256827142526,0.938949938949939,0.9573170731707317,1748.7804878048782,,19.607569694519043,,32,2,4,6e3df8c2ae7503394992a62eaa877ace7721f2bc,False
complete,synthetic,synthetic-eigengap__synthetic__symmetric-hamiltonian__L2__lr0.01__bs64__seed2,results/runs/synthetic_ablation_spectrum-only/synthetic-eigengap__synthetic__symmetric-hamiltonian__L2__lr0.01__bs64__seed2_seed2,synthetic-eigengap,synthetic,symmetric-hamiltonian,2,2,0.01,64,2000,True,plus,True,False,0.22540284888683215,0.9115853658536586,0.22593672950642654,0.9181929181929182,0.9573170731707317,1751.3719512195123,,19.4002366065979,,32,2,4,6e3df8c2ae7503394992a62eaa877ace7721f2bc,False
complete,synthetic,synthetic-eigengap__synthetic__symmetric-hamiltonian__L2__lr0.01__bs64__seed3,results/runs/synthetic_ablation_spectrum-only/synthetic-eigengap__synthetic__symmetric-hamiltonian__L2__lr0.01__bs64__seed3_seed3,synthetic-eigengap,synthetic,symmetric-hamiltonian,2,3,0.01,64,2000,True,plus,True,False,0.226256322565059,0.9054878048780488,0.22668535317592567,0.9169719169719169,0.9603658536585366,1748.0182926829266,,18.78490948677063,,32,2,4,6e3df8c2ae7503394992a62eaa877ace7721f2bc,False
complete,synthetic,synthetic-eigengap__synthetic__symmetric-hamiltonian__L2__lr0.01__bs64__seed4,results/runs/synthetic_ablation_spectrum-only/synthetic-eigengap__synthetic__symmetric-hamiltonian__L2__lr0.01__bs64__seed4_seed4,synthetic-eigengap,synthetic,symmetric-hamiltonian,2,4,0.01,64,2000,True,plus,True,False,0.22536484618651836,0.9054878048780488,0.2263024462880437,0.9145299145299145,0.948170731707317,1746.6463414634147,,19.385329008102417,,32,2,4,6e3df8c2ae7503394992a62eaa877ace7721f2bc,False
complete,synthetic,synthetic-eigengap__synthetic__symmetric-hamiltonian__L2__lr0.01__bs64__seed5,results/runs/synthetic_ablation_spectrum-only/synthetic-eigengap__synthetic__symmetric-hamiltonian__L2__lr0.01__bs64__seed5_seed5,synthetic-eigengap,synthetic,symmetric-hamiltonian,2,5,0.01,64,2000,True,plus,True,False,0.23032797432117447,0.9390243902439024,0.22875913019200986,0.9340659340659341,0.9573170731707317,1747.5609756097563,,19.45933508872986,,32,2,4,6e3df8c2ae7503394992a62eaa877ace7721f2bc,False
complete,synthetic,synthetic-eigengap__synthetic__symmetric-hamiltonian__L2__lr0.01__bs64__seed6,results/runs/synthetic_ablation_spectrum-only/synthetic-eigengap__synthetic__symmetric-hamiltonian__L2__lr0.01__bs64__seed6_seed6,synthetic-eigengap,synthetic,symmetric-hamiltonian,2,6,0.01,64,2000,True,plus,True,False,0.22687654783697173,0.9207317073170732,0.22687083622425042,0.9255189255189256,0.9542682926829268,1748.0182926829266,,19.56778383255005,,32,2,4,6e3df8c2ae7503394992a62eaa877ace7721f2bc,False
complete,synthetic,synthetic-eigengap__synthetic__symmetric-hamiltonian__L2__lr0.01__bs64__seed7,results/runs/synthetic_ablation_spectrum-only/synthetic-eigengap__synthetic__symmetric-hamiltonian__L2__lr0.01__bs64__seed7_seed7,synthetic-eigengap,synthetic,symmetric-hamiltonian,2,7,0.01,64,2000,True,plus,True,False,0.229018391403269,0.9085365853658537,0.22760114587545427,0.9169719169719169,0.948170731707317,1741.7682926829268,,18.117171049118042,,32,2,4,6e3df8c2ae7503394992a62eaa877ace7721f2bc,False
complete,synthetic,synthetic-eigengap__synthetic__symmetric-hamiltonian__L2__lr0.01__bs64__seed8,results/runs/synthetic_ablation_spectrum-only/synthetic-eigengap__synthetic__symmetric-hamiltonian__L2__lr0.01__bs64__seed8_seed8,synthetic-eigengap,synthetic,symmetric-hamiltonian,2,8,0.01,64,2000,True,plus,True,False,0.22761070435267475,0.9115853658536586,0.22643515884162715,0.9181929181929182,0.9542682926829268,1741.768292682927,,19.297895669937134,,32,2,4,6e3df8c2ae7503394992a62eaa877ace7721f2bc,False
complete,synthetic,synthetic-eigengap__synthetic__symmetric-hamiltonian__L2__lr0.01__bs64__seed9,results/runs/synthetic_ablation_spectrum-only/synthetic-eigengap__synthetic__symmetric-hamiltonian__L2__lr0.01__bs64__seed9_seed9,synthetic-eigengap,synthetic,symmetric-hamiltonian,2,9,0.01,64,2000,True,plus,True,False,0.2292563394717712,0.9420731707317073,0.22906083528748025,0.938949938949939,0.9451219512195121,1737.957317073171,,19.306490421295166,,32,2,4,6e3df8c2ae7503394992a62eaa877ace7721f2bc,False
complete,synthetic,synthetic-eigengap__synthetic__symmetric-hamiltonian__L32__lr0.01__bs64__seed0,results/runs/synthetic_ablation_spectrum-only/synthetic-eigengap__synthetic__symmetric-hamiltonian__L32__lr0.01__bs64__seed0_seed0,synthetic-eigengap,synthetic,symmetric-hamiltonian,32,0,0.01,64,2000,True,plus,True,False,0.08354373885768147,0.9695121951219512,0.08568687779448342,0.967032967032967,0.9908536585365854,1852.7439024390244,,80.3745379447937,,512,2,4,6e3df8c2ae7503394992a62eaa877ace7721f2bc,False
complete,synthetic,synthetic-eigengap__synthetic__symmetric-hamiltonian__L32__lr0.01__bs64__seed10,results/runs/synthetic_ablation_spectrum-only/synthetic-eigengap__synthetic__symmetric-hamiltonian__L32__lr0.01__bs64__seed10_seed10,synthetic-eigengap,synthetic,symmetric-hamiltonian,32,10,0.01,64,2000,True,plus,True,False,0.06504402349971308,0.9817073170731707,0.07325531676466086,0.9804639804639804,0.9878048780487805,1854.7256097560978,,79.52922487258911,,512,2,4,6e3df8c2ae7503394992a62eaa877ace7721f2bc,False
complete,synthetic,synthetic-eigengap__synthetic__symmetric-hamiltonian__L32__lr0.01__bs64__seed11,results/runs/synthetic_ablation_spectrum-only/synthetic-eigengap__synthetic__symmetric-hamiltonian__L32__lr0.01__bs64__seed11_seed11,synthetic-eigengap,synthetic,symmetric-hamiltonian,32,11,0.01,64,2000,True,plus,True,False,0.07375521433647349,0.9878048780487805,0.07821712009774888,0.978021978021978,0.9908536585365854,1852.286585365854,,79.48308730125427,,512,2,4,6e3df8c2ae7503394992a62eaa877ace7721f2bc,False
complete,synthetic,synthetic-eigengap__synthetic__symmetric-hamiltonian__L32__lr0.01__bs64__seed12,results/runs/synthetic_ablation_spectrum-only/synthetic-eigengap__synthetic__symmetric-hamiltonian__L32__lr0.01__bs64__seed12_seed12,synthetic-eigengap,synthetic,symmetric-hamiltonian,32,12,0.01,64,2000,True,plus,True,False,0.11316162798294298,0.9512195121951219,0.12093446765009605,0.9560439560439561,0.9908536585365854,1845.2743902439026,,79.48492908477783,,512,2,4,6e3df8c2ae7503394992a62eaa877ace7721f2bc,False
complete,synthetic,synthetic-eigengap__synthetic__symmetric-hamiltonian__L32__lr0.01__bs64__seed13,results/runs/synthetic_ablation_spectrum-only/synthetic-eigengap__synthetic__symmetric-hamiltonian__L32__lr0.01__bs64__seed13_seed13,synthetic-eigengap,synthetic,symmetric-hamiltonian,32,13,0.01,64,2000,True,plus,True,False,0.07095000266239743,0.9878048780487805,0.07408421588471192,0.9755799755799756,0.9878048780487805,1840.3963414634145,,78.87046146392822,,512,2,4,6e3df8c2ae7503394992a62eaa877ace7721f2bc,False
complete,synthetic,synthetic-eigengap__synthetic__symmetric-hamiltonian__L32__lr0.01__bs64__seed14,results/runs/synthetic_ablation_spectrum-only/synthetic-eigengap__synthetic__symmetric-hamiltonian__L32__lr0.01__bs64__seed14_seed14,synthetic-eigengap,synthetic,symmetric-hamiltonian,32,14,0.01,64,2000,True,plus,True,False,0.10257293663729207,0.9420731707317073,0.10832240238937123,0.9462759462759462,0.9878048780487805,1835.6707317073167,,78.82972717285156,,512,2,4,6e3df8c2ae7503394992a62eaa877ace7721f2bc,False
complete,synthetic,synthetic-eigengap__synthetic__symmetric-hamiltonian__L32__lr0.01__bs64__seed15,results/runs/synthetic_ablation_spectrum-only/synthetic-eigengap__synthetic__symmetric-hamiltonian__L32__lr0.01__bs64__seed15_seed15,synthetic-eigengap,synthetic,symmetric-hamiltonian,32,15,0.01,64,2000,True,plus,True,False,0.07628894370127375,0.9847560975609756,0.07923971818399718,0.978021978021978,0.9908536585365854,1863.5670731707314,,79.25067210197449,,512,2,4,6e3df8c2ae7503394992a62eaa877ace7721f2bc,False
complete,synthetic,synthetic-eigengap__synthetic__symmetric-hamiltonian__L32__lr0.01__bs64__seed16,results/runs/synthetic_ablation_spectrum-only/synthetic-eigengap__synthetic__symmetric-hamiltonian__L32__lr0.01__bs64__seed16_seed16,synthetic-eigengap,synthetic,symmetric-hamiltonian,32,16,0.01,64,2000,True,plus,True,False,0.068065693183256,0.9908536585365854,0.07323598421855113,0.9816849816849816,0.9908536585365854,1853.2012195121952,,79.70502042770386,,512,2,4,6e3df8c2ae7503394992a62eaa877ace7721f2bc,False
complete,synthetic,synthetic-eigengap__synthetic__symmetric-hamiltonian__L32__lr0.01__bs64__seed17,results/runs/synthetic_ablation_spectrum-only/synthetic-eigengap__synthetic__symmetric-hamiltonian__L32__lr0.01__bs64__seed17_seed17,synthetic-eigengap,synthetic,symmetric-hamiltonian,32,17,0.01,64,2000,True,plus,True,False,0.059857096876442216,0.9817073170731707,0.06439229198107288,0.9804639804639804,0.9908536585365854,1855.6402439024391,,77.40444946289062,,512,2,4,6e3df8c2ae7503394992a62eaa877ace7721f2bc,False
complete,synthetic,synthetic-eigengap__synthetic__symmetric-hamiltonian__L32__lr0.01__bs64__seed18,results/runs/synthetic_ablation_spectrum-only/synthetic-eigengap__synthetic__symmetric-hamiltonian__L32__lr0.01__bs64__seed18_seed18,synthetic-eigengap,synthetic,symmetric-hamiltonian,32,18,0.01,64,2000,True,plus,True,False,0.06655043553237104,0.9878048780487805,0.06917711132936001,0.9768009768009768,0.9908536585365854,1854.8780487804875,,75.36988973617554,,512,2,4,6e3df8c2ae7503394992a62eaa877ace7721f2bc,False
complete,synthetic,synthetic-eigengap__synthetic__symmetric-hamiltonian__L32__lr0.01__bs64__seed19,results/runs/synthetic_ablation_spectrum-only/synthetic-eigengap__synthetic__symmetric-hamiltonian__L32__lr0.01__bs64__seed19_seed19,synthetic-eigengap,synthetic,symmetric-hamiltonian,32,19,0.01,64,2000,True,plus,True,False,0.07087881859495328,0.9908536585365854,0.0749895813158698,0.9816849816849816,0.9908536585365854,1838.871951219512,,79.21588253974915,,512,2,4,6e3df8c2ae7503394992a62eaa877ace7721f2bc,False
complete,synthetic,synthetic-eigengap__synthetic__symmetric-hamiltonian__L32__lr0.01__bs64__seed1,results/runs/synthetic_ablation_spectrum-only/synthetic-eigengap__synthetic__symmetric-hamiltonian__L32__lr0.01__bs64__seed1_seed1,synthetic-eigengap,synthetic,symmetric-hamiltonian,32,1,0.01,64,2000,True,plus,True,False,0.08317405430233117,0.9725609756097561,0.08939455108810818,0.9755799755799756,0.9878048780487805,1841.0060975609758,,78.99079537391663,,512,2,4,6e3df8c2ae7503394992a62eaa877ace7721f2bc,False
complete,synthetic,synthetic-eigengap__synthetic__symmetric-hamiltonian__L32__lr0.01__bs64__seed2,results/runs/synthetic_ablation_spectrum-only/synthetic-eigengap__synthetic__symmetric-hamiltonian__L32__lr0.01__bs64__seed2_seed2,synthetic-eigengap,synthetic,symmetric-hamiltonian,32,2,0.01,64,2000,True,plus,True,False,0.064270703349955,0.9878048780487805,0.06846944475737436,0.9841269841269841,0.9908536585365854,1851.5243902439026,,79.59818577766418,,512,2,4,6e3df8c2ae7503394992a62eaa877ace7721f2bc,False
complete,synthetic,synthetic-eigengap__synthetic__symmetric-hamiltonian__L32__lr0.01__bs64__seed3,results/runs/synthetic_ablation_spectrum-only/synthetic-eigengap__synthetic__symmetric-hamiltonian__L32__lr0.01__bs64__seed3_seed3,synthetic-eigengap,synthetic,symmetric-hamiltonian,32,3,0.01,64,2000,True,plus,True,False,0.06934138922213995,0.9878048780487805,0.07388293386236076,0.9804639804639804,0.9878048780487805,1856.0975609756101,,79.60357451438904,,512,2,4,6e3df8c2ae7503394992a62eaa877ace7721f2bc,False
complete,synthetic,synthetic-eigengap__synthetic__symmetric-hamiltonian__L32__lr0.01__bs64__seed4,results/runs/synthetic_ablation_spectrum-only/synthetic-eigengap__synthetic__symmetric-hamiltonian__L32__lr0.01__bs64__seed4_seed4,synthetic-eigengap,synthetic,symmetric-hamiltonian,32,4,0.01,64,2000,True,plus,True,False,0.06862402668710191,0.9878048780487805,0.07243063826059999,0.9755799755799756,0.9878048780487805,1855.030487804878,,78.66127896308899,,512,2,4,6e3df8c2ae7503394992a62eaa877ace7721f2bc,False
complete,synthetic,synthetic-eigengap__synthetic__symmetric-hamiltonian__L32__lr0.01__bs64__seed5,results/runs/synthetic_ablation_spectrum-only/synthetic-eigengap__synthetic__symmetric-hamiltonian__L32__lr0.01__bs64__seed5_seed5,synthetic-eigengap,synthetic,symmetric-hamiltonian,32,5,0.01,64,2000,True,plus,True,False,0.0709097686950791,0.9847560975609756,0.07466144821353238,0.9743589743589743,0.9908536585365854,1857.1646341463415,,77.39632534980774,,512,2,4,6e3df8c2ae7503394992a62eaa877ace7721f2bc,False
complete,synthetic,synthetic-eigengap__synthetic__symmetric-hamiltonian__L32__lr0.01__bs64__seed6,results/runs/synthetic_ablation_spectrum-only/synthetic-eigengap__synthetic__symmetric-hamiltonian__L32__lr0.01__bs64__seed6_seed6,synthetic-eigengap,synthetic,symmetric-hamiltonian,32,6,0.01,64,2000,True,plus,True,False,0.07302113360162181,0.9847560975609756,0.07905276890300278,0.9804639804639804,0.9908536585365854,1833.8414634146338,,75.9458749294281,,512,2,4,6e3df8c2ae7503394992a62eaa877ace7721f2bc,False
complete,synthetic,synthetic-eigengap__synthetic__symmetric-hamiltonian__L32__lr0.01__bs64__seed7,results/runs/synthetic_ablation_spectrum-only/synthetic-eigengap__synthetic__symmetric-hamiltonian__L32__lr0.01__bs64__seed7_seed7,synthetic-eigengap,synthetic,symmetric-hamiltonian,32,7,0.01,64,2000,True,plus,True,False,0.06193619741057428,0.9847560975609756,0.0657936427663278,0.9816849816849816,0.9908536585365854,1857.3170731707319,,77.8096170425415,,512,2,4,6e3df8c2ae7503394992a62eaa877ace7721f2bc,False
complete,synthetic,synthetic-eigengap__synthetic__symmetric-hamiltonian__L32__lr0.01__bs64__seed8,results/runs/synthetic_ablation_spectrum-only/synthetic-eigengap__synthetic__symmetric-hamiltonian__L32__lr0.01__bs64__seed8_seed8,synthetic-eigengap,synthetic,symmetric-hamiltonian,32,8,0.01,64,2000,True,plus,True,False,0.07447321193571482,0.9878048780487805,0.07821256518231405,0.9755799755799756,0.9908536585365854,1856.25,,76.22045540809631,,512,2,4,6e3df8c2ae7503394992a62eaa877ace7721f2bc,False
complete,synthetic,synthetic-eigengap__synthetic__symmetric-hamiltonian__L32__lr0.01__bs64__seed9,results/runs/synthetic_ablation_spectrum-only/synthetic-eigengap__synthetic__symmetric-hamiltonian__L32__lr0.01__bs64__seed9_seed9,synthetic-eigengap,synthetic,symmetric-hamiltonian,32,9,0.01,64,2000,True,plus,True,False,0.06792424647953542,0.9878048780487805,0.07158058819080747,0.9755799755799756,0.9908536585365854,1854.573170731707,,78.09596157073975,,512,2,4,6e3df8c2ae7503394992a62eaa877ace7721f2bc,False
complete,synthetic,synthetic-eigengap__synthetic__symmetric-hamiltonian__L4__lr0.01__bs64__seed0,results/runs/synthetic_ablation_spectrum-only/synthetic-eigengap__synthetic__symmetric-hamiltonian__L4__lr0.01__bs64__seed0_seed0,synthetic-eigengap,synthetic,symmetric-hamiltonian,4,0,0.01,64,2000,True,plus,True,False,0.12602641144802199,0.9847560975609756,0.13725057928853562,0.9792429792429792,0.9878048780487805,1846.0365853658534,,22.6213219165802,,64,2,4,6e3df8c2ae7503394992a62eaa877ace7721f2bc,False
complete,synthetic,synthetic-eigengap__synthetic__symmetric-hamiltonian__L4__lr0.01__bs64__seed10,results/runs/synthetic_ablation_spectrum-only/synthetic-eigengap__synthetic__symmetric-hamiltonian__L4__lr0.01__bs64__seed10_seed10,synthetic-eigengap,synthetic,symmetric-hamiltonian,4,10,0.01,64,2000,True,plus,True,False,0.12495893658891996,0.9878048780487805,0.13623720538087908,0.9743589743589743,0.9878048780487805,1849.2378048780488,,22.988438606262207,,64,2,4,6e3df8c2ae7503394992a62eaa877ace7721f2bc,False
complete,synthetic,synthetic-eigengap__synthetic__symmetric-hamiltonian__L4__lr0.01__bs64__seed11,results/runs/synthetic_ablation_spectrum-only/synthetic-eigengap__synthetic__symmetric-hamiltonian__L4__lr0.01__bs64__seed11_seed11,synthetic-eigengap,synthetic,symmetric-hamiltonian,4,11,0.01,64,2000,True,plus,True,False,0.1359432598601953,0.9786585365853658,0.14685819841364464,0.9768009768009768,0.9878048780487805,1855.335365853658,,22.8830349445343,,64,2,4,6e3df8c2ae7503394992a62eaa877ace7721f2bc,False
complete,synthetic,synthetic-eigengap__synthetic__symmetric-hamiltonian__L4__lr0.01__bs64__seed12,results/runs/synthetic_ablation_spectrum-only/synthetic-eigengap__synthetic__symmetric-hamiltonian__L4__lr0.01__bs64__seed12_seed12,synthetic-eigengap,synthetic,symmetric-hamiltonian,4,12,0.01,64,2000,True,plus,True,False,0.12365024266023604,0.9878048780487805,0.13468876518743922,0.9768009768009768,0.9908536585365854,1843.90243902439,,22.802175045013428,,64,2,4,6e3df8c2ae7503394992a62eaa877ace7721f2bc,False
complete,synthetic,synthetic-eigengap__synthetic__symmetric-hamiltonian__L4__lr0.01__bs64__seed13,results/runs/synthetic_ablation_spectrum-only/synthetic-eigengap__synthetic__symmetric-hamiltonian__L4__lr0.01__bs64__seed13_seed13,synthetic-eigengap,synthetic,symmetric-hamiltonian,4,13,0.01,64,2000,True,plus,True,False,0.1310829661946587,0.9786585365853658,0.14149374153233787,0.9768009768009768,0.9878048780487805,1837.9573170731705,,22.84648609161377,,64,2,4,6e3df8c2ae7503394992a62eaa877ace7721f2bc,False
complete,synthetic,synthetic-eigengap__synthetic__symmetric-hamiltonian__L4__lr0.01__bs64__seed14,results/runs/synthetic_ablation_spectrum-only/synthetic-eigengap__synthetic__symmetric-hamiltonian__L4__lr0.01__bs64__seed14_seed14,synthetic-eigengap,synthetic,symmetric-hamiltonian,4,14,0.01,64,2000,True,plus,True,False,0.12389109540689204,0.975609756097561,0.13454137193935398,0.9694749694749695,0.9878048780487805,1851.2195121951215,,22.946779251098633,,64,2,4,6e3df8c2ae7503394992a62eaa877ace7721f2bc,False
complete,synthetic,synthetic-eigengap__synthetic__symmetric-hamiltonian__L4__lr0.01__bs64__seed15,results/runs/synthetic_ablation_spectrum-only/synthetic-eigengap__synthetic__symmetric-hamiltonian__L4__lr0.01__bs64__seed15_seed15,synthetic-eigengap,synthetic,symmetric-hamiltonian,4,15,0.01,64,2000,True,plus,True,False,0.12601237874767998,0.9695121951219512,0.13732828802709499,0.9548229548229549,0.9878048780487805,1848.9329268292686,,23.107677936553955,,64,2,4,6e3df8c2ae7503394992a62eaa877ace7721f2bc,False
complete,synthetic,synthetic-eigengap__synthetic__symmetric-hamiltonian__L4__lr0.01__bs64__seed16,results/runs/synthetic_ablation_spectrum-only/synthetic-eigengap__synthetic__symmetric-hamiltonian__L4__lr0.01__bs64__seed16_seed16,synthetic-eigengap,synthetic,symmetric-hamiltonian,4,16,0.01,64,2000,True,plus,True,False,0.12622862580841462,0.9878048780487805,0.13707383402538376,0.978021978021978,0.9878048780487805,1844.6646341463413,,22.91482186317444,,64,2,4,6e3df8c2ae7503394992a62eaa877ace7721f2bc,False
complete,synthetic,synthetic-eigengap__synthetic__symmetric-hamiltonian__L4__lr0.01__bs64__seed17,results/runs/synthetic_ablation_spectrum-only/synthetic-eigengap__synthetic__symmetric-hamiltonian__L4__lr0.01__bs64__seed17_seed17,synthetic-eigengap,synthetic,symmetric-hamiltonian,4,17,0.01,64,2000,True,plus,True,False,0.1303156058892062,0.9695121951219512,0.14062948127099176,0.9572649572649573,0.9878048780487805,1846.341463414634,,22.8025119304657,,64,2,4,6e3df8c2ae7503394992a62eaa877ace7721f2bc,False
complete,synthetic,synthetic-eigengap__synthetic__symmetric-hamiltonian__L4__lr0.01__bs64__seed18,results/runs/synthetic_ablation_spectrum-only/synthetic-eigengap__synthetic__symmetric-hamiltonian__L4__lr0.01__bs64__seed18_seed18,synthetic-eigengap,synthetic,symmetric-hamiltonian,4,18,0.01,64,2000,True,plus,True,False,0.12620721607453184,0.9847560975609756,0.1373040805721963,0.9719169719169719,0.9878048780487805,1835.5182926829266,,43.944018602371216,,64,2,4,6e3df8c2ae7503394992a62eaa877ace7721f2bc,False
complete,synthetic,synthetic-eigengap__synthetic__symmetric-hamiltonian__L4__lr0.01__bs64__seed19,results/runs/synthetic_ablation_spectrum-only/synthetic-eigengap__synthetic__symmetric-hamiltonian__L4__lr0.01__bs64__seed19_seed19,synthetic-eigengap,synthetic,symmetric-hamiltonian,4,19,0.01,64,2000,True,plus,True,False,0.13010869327354724,0.9786585365853658,0.14047724824023053,0.9755799755799756,0.9878048780487805,1845.8841463414635,,22.742244958877563,,64,2,4,6e3df8c2ae7503394992a62eaa877ace7721f2bc,False
complete,synthetic,synthetic-eigengap__synthetic__symmetric-hamiltonian__L4__lr0.01__bs64__seed1,results/runs/synthetic_ablation_spectrum-only/synthetic-eigengap__synthetic__symmetric-hamiltonian__L4__lr0.01__bs64__seed1_seed1,synthetic-eigengap,synthetic,symmetric-hamiltonian,4,1,0.01,64,2000,True,plus,True,False,0.12439360591157209,0.9878048780487805,0.13476998096033077,0.978021978021978,0.9878048780487805,1852.439024390244,,22.871683835983276,,64,2,4,6e3df8c2ae7503394992a62eaa877ace7721f2bc,False
complete,synthetic,synthetic-eigengap__synthetic__symmetric-hamiltonian__L4__lr0.01__bs64__seed2,results/runs/synthetic_ablation_spectrum-only/synthetic-eigengap__synthetic__symmetric-hamiltonian__L4__lr0.01__bs64__seed2_seed2,synthetic-eigengap,synthetic,symmetric-hamiltonian,4,2,0.01,64,2000,True,plus,True,False,0.1220291976195017,0.9878048780487805,0.13276202714665597,0.9755799755799756,0.9878048780487805,1849.8475609756094,,22.10213875770569,,64,2,4,6e3df8c2ae7503394992a62eaa877ace7721f2bc,False
complete,synthetic,synthetic-eigengap__synthetic__symmetric-hamiltonian__L4__lr0.01__bs64__seed3,results/runs/synthetic_ablation_spectrum-only/synthetic-eigengap__synthetic__symmetric-hamiltonian__L4__lr0.01__bs64__seed3_seed3,synthetic-eigengap,synthetic,symmetric-hamiltonian,4,3,0.01,64,2000,True,plus,True,False,0.12434498177672378,0.9878048780487805,0.13528684081354223,0.9755799755799756,0.9878048780487805,1838.7195121951218,,21.136204481124878,,64,2,4,6e3df8c2ae7503394992a62eaa877ace7721f2bc,False
complete,synthetic,synthetic-eigengap__synthetic__symmetric-hamiltonian__L4__lr0.01__bs64__seed4,results/runs/synthetic_ablation_spectrum-only/synthetic-eigengap__synthetic__symmetric-hamiltonian__L4__lr0.01__bs64__seed4_seed4,synthetic-eigengap,synthetic,symmetric-hamiltonian,4,4,0.01,64,2000,True,plus,True,False,0.1373960018774064,0.9573170731707317,0.14867536535447282,0.9474969474969475,0.9878048780487805,1839.3292682926829,,24.759750843048096,,64,2,4,6e3df8c2ae7503394992a62eaa877ace7721f2bc,False
complete,synthetic,synthetic-eigengap__synthetic__symmetric-hamiltonian__L4__lr0.01__bs64__seed5,results/runs/synthetic_ablation_spectrum-only/synthetic-eigengap__synthetic__symmetric-hamiltonian__L4__lr0.01__bs64__seed5_seed5,synthetic-eigengap,synthetic,symmetric-hamiltonian,4,5,0.01,64,2000,True,plus,True,False,0.12830371553436118,0.9817073170731707,0.1387137898383461,0.9706959706959707,0.9878048780487805,1851.219512195122,,25.00474452972412,,64,2,4,6e3df8c2ae7503394992a62eaa877ace7721f2bc,False
complete,synthetic,synthetic-eigengap__synthetic__symmetric-hamiltonian__L4__lr0.01__bs64__seed6,results/runs/synthetic_ablation_spectrum-only/synthetic-eigengap__synthetic__symmetric-hamiltonian__L4__lr0.01__bs64__seed6_seed6,synthetic-eigengap,synthetic,symmetric-hamiltonian,4,6,0.01,64,2000,True,plus,True,False,0.12738484902542763,0.975609756097561,0.1377560093361857,0.9658119658119658,0.9878048780487805,1840.7012195121954,,22.689106464385986,,64,2,4,6e3df8c2ae7503394992a62eaa877ace7721f2bc,False
complete,synthetic,synthetic-eigengap__synthetic__symmetric-hamiltonian__L4__lr0.01__bs64__seed7,results/runs/synthetic_ablation_spectrum-only/synthetic-eigengap__synthetic__symmetric-hamiltonian__L4__lr0.01__bs64__seed7_seed7,synthetic-eigengap,synthetic,symmetric-hamiltonian,4,7,0.01,64,2000,True,plus,True,False,0.12838774807080058,0.9878048780487805,0.13952467798794344,0.9792429792429792,0.9878048780487805,1844.2073170731703,,22.858368158340454,,64,2,4,6e3df8c2ae7503394992a62eaa877ace7721f2bc,False
complete,synthetic,synthetic-eigengap__synthetic__symmetric-hamiltonian__L4__lr0.01__bs64__seed8,results/runs/synthetic_ablation_spectrum-only/synthetic-eigengap__synthetic__symmetric-hamiltonian__L4__lr0.01__bs64__seed8_seed8,synthetic-eigengap,synthetic,symmetric-hamiltonian,4,8,0.01,64,2000,True,plus,True,False,0.12325048991125138,0.9878048780487805,0.13477614770323645,0.9755799755799756,0.9878048780487805,1842.2256097560971,,23.040273904800415,,64,2,4,6e3df8c2ae7503394992a62eaa877ace7721f2bc,False
complete,synthetic,synthetic-eigengap__synthetic__symmetric-hamiltonian__L4__lr0.01__bs64__seed9,results/runs/synthetic_ablation_spectrum-only/synthetic-eigengap__synthetic__symmetric-hamiltonian__L4__lr0.01__bs64__seed9_seed9,synthetic-eigengap,synthetic,symmetric-hamiltonian,4,9,0.01,64,2000,True,plus,True,False,0.12883254433329983,0.9817073170731707,0.13912183769845585,0.9768009768009768,0.9878048780487805,1842.9878048780483,,22.854601621627808,,64,2,4,6e3df8c2ae7503394992a62eaa877ace7721f2bc,False
complete,synthetic,synthetic-eigengap__synthetic__symmetric-hamiltonian__L8__lr0.01__bs64__seed0,results/runs/synthetic_ablation_spectrum-only/synthetic-eigengap__synthetic__symmetric-hamiltonian__L8__lr0.01__bs64__seed0_seed0,synthetic-eigengap,synthetic,symmetric-hamiltonian,8,0,0.01,64,2000,True,plus,True,False,0.08481542684692381,0.9908536585365854,0.09029242776415985,0.9792429792429792,0.9908536585365854,1851.981707317073,,30.37035894393921,,128,2,4,6e3df8c2ae7503394992a62eaa877ace7721f2bc,False
complete,synthetic,synthetic-eigengap__synthetic__symmetric-hamiltonian__L8__lr0.01__bs64__seed10,results/runs/synthetic_ablation_spectrum-only/synthetic-eigengap__synthetic__symmetric-hamiltonian__L8__lr0.01__bs64__seed10_seed10,synthetic-eigengap,synthetic,symmetric-hamiltonian,8,10,0.01,64,2000,True,plus,True,False,0.08456432966118137,0.9908536585365854,0.08964245752325428,0.9829059829059829,0.9908536585365854,1857.1646341463418,,30.731466054916382,,128,2,4,6e3df8c2ae7503394992a62eaa877ace7721f2bc,False
complete,synthetic,synthetic-eigengap__synthetic__symmetric-hamiltonian__L8__lr0.01__bs64__seed11,results/runs/synthetic_ablation_spectrum-only/synthetic-eigengap__synthetic__symmetric-hamiltonian__L8__lr0.01__bs64__seed11_seed11,synthetic-eigengap,synthetic,symmetric-hamiltonian,8,11,0.01,64,2000,True,plus,True,False,0.09501123223235204,0.9725609756097561,0.10132477049827644,0.9755799755799756,0.9908536585365854,1857.012195121951,,29.354721307754517,,128,2,4,6e3df8c2ae7503394992a62eaa877ace7721f2bc,False
complete,synthetic,synthetic-eigengap__synthetic__symmetric-hamiltonian__L8__lr0.01__bs64__seed12,results/runs/synthetic_ablation_spectrum-only/synthetic-eigengap__synthetic__symmetric-hamiltonian__L8__lr0.01__bs64__seed12_seed12,synthetic-eigengap,synthetic,symmetric-hamiltonian,8,12,0.01,64,2000,True,plus,True,False,0.08540788735430296,0.9847560975609756,0.09075652799164595,0.9816849816849816,0.9908536585365854,1852.7439024390244,,31.1293306350708,,128,2,4,6e3df8c2ae7503394992a62eaa877ace7721f2bc,False
complete,synthetic,synthetic-eigengap__synthetic__symmetric-hamiltonian__L8__lr0.01__bs64__seed13,results/runs/synthetic_ablation_spectrum-only/synthetic-eigengap__synthetic__symmetric-hamiltonian__L8__lr0.01__bs64__seed13_seed13,synthetic-eigengap,synthetic,symmetric-hamiltonian,8,13,0.01,64,2000,True,plus,True,False,0.08795267515210277,0.9847560975609756,0.09357763691276123,0.9829059829059829,0.9908536585365854,1849.8475609756101,,29.27020001411438,,128,2,4,6e3df8c2ae7503394992a62eaa877ace7721f2bc,False
complete,synthetic,synthetic-eigengap__synthetic__symmetric-hamiltonian__L8__lr0.01__bs64__seed14,results/runs/synthetic_ablation_spectrum-only/synthetic-eigengap__synthetic__symmetric-hamiltonian__L8__lr0.01__bs64__seed14_seed14,synthetic-eigengap,synthetic,symmetric-hamiltonian,8,14,0.01,64,2000,True,plus,True,False,0.08590959108622019,0.9878048780487805,0.09124936168479852,0.9792429792429792,0.9878048780487805,1846.4939024390242,,30.773577213287354,,128,2,4,6e3df8c2ae7503394992a62eaa877ace7721f2bc,False
complete,synthetic,synthetic-eigengap__synthetic__symmetric-hamiltonian__L8__lr0.01__bs64__seed15,results/runs/synthetic_ablation_spectrum-only/synthetic-eigengap__synthetic__symmetric-hamiltonian__L8__lr0.01__bs64__seed15_seed15,synthetic-eigengap,synthetic,symmetric-hamiltonian,8,15,0.01,64,2000,True,plus,True,False,0.08841982960516462,0.9786585365853658,0.09378603849247745,0.9719169719169719,0.9908536585365854,1842.2256097560971,,29.723308801651,,128,2,4,6e3df8c2ae7503394992a62eaa877ace7721f2bc,False
complete,synthetic,synthetic-eigengap__synthetic__symmetric-hamiltonian__L8__lr0.01__bs64__seed16,results/runs/synthetic_ablation_spectrum-only/synthetic-eigengap__synthetic__symmetric-hamiltonian__L8__lr0.01__bs64__seed16_seed16,synthetic-eigengap,synthetic,symmetric-hamiltonian,8,16,0.01,64,2000,True,plus,True,False,0.09544507790697931,0.9847560975609756,0.10237346761336617,0.9719169719169719,0.9908536585365854,1843.5975609756094,,30.395196437835693,,128,2,4,6e3df8c2ae7503394992a62eaa877ace7721f2bc,False
complete,synthetic,synthetic-eigengap__synthetic__symmetric-hamiltonian__L8__lr0.01__bs64__seed17,results/runs/synthetic_ablation_spectrum-only/synthetic-eigengap__synthetic__symmetric-hamiltonian__L8__lr0.01__bs64__seed17_seed17,synthetic-eigengap,synthetic,symmetric-hamiltonian,8,17,0.01,64,2000,True,plus,True,False,0.08772128860856487,0.9878048780487805,0.09271589720848077,0.9768009768009768,0.9908536585365854,1861.2804878048782,,30.57207679748535,,128,2,4,6e3df8c2ae7503394992a62eaa877ace7721f2bc,False
complete,synthetic,synthetic-eigengap__synthetic__symmetric-hamiltonian__L8__lr0.01__bs64__seed18,results/runs/synthetic_ablation_spectrum-only/synthetic-eigengap__synthetic__symmetric-hamiltonian__L8__lr0.01__bs64__seed18_seed18,synthetic-eigengap,synthetic,symmetric-hamiltonian,8,18,0.01,64,2000,True,plus,True,False,0.08575819830661412,0.9908536585365854,0.09055727224728956,0.9829059829059829,0.9908536585365854,1842.9878048780486,,30.80105757713318,,128,2,4,6e3df8c2ae7503394992a62eaa877ace7721f2bc,False
complete,synthetic,synthetic-eigengap__synthetic__symmetric-hamiltonian__L8__lr0.01__bs64__seed19,results/runs/synthetic_ablation_spectrum-only/synthetic-eigengap__synthetic__symmetric-hamiltonian__L8__lr0.01__bs64__seed19_seed19,synthetic-eigengap,synthetic,symmetric-hamiltonian,8,19,0.01,64,2000,True,plus,True,False,0.08829105738855476,0.9786585365853658,0.09400347543750771,0.9816849816849816,0.9908536585365854,1847.7134146341461,,30.932950973510742,,128,2,4,6e3df8c2ae7503394992a62eaa877ace7721f2bc,False
complete,synthetic,synthetic-eigengap__synthetic__symmetric-hamiltonian__L8__lr0.01__bs64__seed1,results/runs/synthetic_ablation_spectrum-only/synthetic-eigengap__synthetic__symmetric-hamiltonian__L8__lr0.01__bs64__seed1_seed1,synthetic-eigengap,synthetic,symmetric-hamiltonian,8,1,0.01,64,2000,True,plus,True,False,0.0857610314346217,0.9908536585365854,0.09155249024704734,0.9816849816849816,0.9908536585365854,1857.7743902439026,,29.19780993461609,,128,2,4,6e3df8c2ae7503394992a62eaa877ace7721f2bc,False
complete,synthetic,synthetic-eigengap__synthetic__symmetric-hamiltonian__L8__lr0.01__bs64__seed2,results/runs/synthetic_ablation_spectrum-only/synthetic-eigengap__synthetic__symmetric-hamiltonian__L8__lr0.01__bs64__seed2_seed2,synthetic-eigengap,synthetic,symmetric-hamiltonian,8,2,0.01,64,2000,True,plus,True,False,0.08398406036459616,0.9847560975609756,0.08950230823308038,0.9829059829059829,0.9908536585365854,1849.8475609756097,,30.288455486297607,,128,2,4,6e3df8c2ae7503394992a62eaa877ace7721f2bc,False
complete,synthetic,synthetic-eigengap__synthetic__symmetric-hamiltonian__L8__lr0.01__bs64__seed3,results/runs/synthetic_ablation_spectrum-only/synthetic-eigengap__synthetic__symmetric-hamiltonian__L8__lr0.01__bs64__seed3_seed3,synthetic-eigengap,synthetic,symmetric-hamiltonian,8,3,0.01,64,2000,True,plus,True,False,0.0839144269559585,0.9908536585365854,0.08926695671484464,0.9804639804639804,0.9908536585365854,1858.0792682926829,,30.77409029006958,,128,2,4,6e3df8c2ae7503394992a62eaa877ace7721f2bc,False
complete,synthetic,synthetic-eigengap__synthetic__symmetric-hamiltonian__L8__lr0.01__bs64__seed4,results/runs/synthetic_ablation_spectrum-only/synthetic-eigengap__synthetic__symmetric-hamiltonian__L8__lr0.01__bs64__seed4_seed4,synthetic-eigengap,synthetic,symmetric-hamiltonian,8,4,0.01,64,2000,True,plus,True,False,0.08903713586173005,0.9847560975609756,0.09469629670860429,0.9719169719169719,0.9908536585365854,1856.0975609756097,,29.520843982696533,,128,2,4,6e3df8c2ae7503394992a62eaa877ace7721f2bc,False
complete,synthetic,synthetic-eigengap__synthetic__symmetric-hamiltonian__L8__lr0.01__bs64__seed5,results/runs/synthetic_ablation_spectrum-only/synthetic-eigengap__synthetic__symmetric-hamiltonian__L8__lr0.01__bs64__seed5_seed5,synthetic-eigengap,synthetic,symmetric-hamiltonian,8,5,0.01,64,2000,True,plus,True,False,0.08734104657863548,0.9878048780487805,0.092428916157467,0.9768009768009768,0.9908536585365854,1854.7256097560976,,30.045367002487183,,128,2,4,6e3df8c2ae7503394992a62eaa877ace7721f2bc,False
complete,synthetic,synthetic-eigengap__synthetic__symmetric-hamiltonian__L8__lr0.01__bs64__seed6,results/runs/synthetic_ablation_spectrum-only/synthetic-eigengap__synthetic__symmetric-hamiltonian__L8__lr0.01__bs64__seed6_seed6,synthetic-eigengap,synthetic,symmetric-hamiltonian,8,6,0.01,64,2000,True,plus,True,False,0.087981927141413,0.9878048780487805,0.09379753127777134,0.978021978021978,0.9908536585365854,1847.8658536585367,,30.749670028686523,,128,2,4,6e3df8c2ae7503394992a62eaa877ace7721f2bc,False
complete,synthetic,synthetic-eigengap__synthetic__symmetric-hamiltonian__L8__lr0.01__bs64__seed7,results/runs/synthetic_ablation_spectrum-only/synthetic-eigengap__synthetic__symmetric-hamiltonian__L8__lr0.01__bs64__seed7_seed7,synthetic-eigengap,synthetic,symmetric-hamiltonian,8,7,0.01,64,2000,True,plus,True,False,0.08702410284934778,0.9847560975609756,0.09225414029671587,0.9816849816849816,0.9878048780487805,1853.0487804878048,,29.105045795440674,,128,2,4,6e3df8c2ae7503394992a62eaa877ace7721f2bc,False
complete,synthetic,synthetic-eigengap__synthetic__symmetric-hamiltonian__L8__lr0.01__bs64__seed8,results/runs/synthetic_ablation_spectrum-only/synthetic-eigengap__synthetic__symmetric-hamiltonian__L8__lr0.01__bs64__seed8_seed8,synthetic-eigengap,synthetic,symmetric-hamiltonian,8,8,0.01,64,2000,True,plus,True,False,0.08469377404137139,0.9847560975609756,0.08991760348160358,0.9816849816849816,0.9908536585365854,1858.3841463414633,,30.043405294418335,,128,2,4,6e3df8c2ae7503394992a62eaa877ace7721f2bc,False
complete,synthetic,synthetic-eigengap__synthetic__symmetric-hamiltonian__L8__lr0.01__bs64__seed9,results/runs/synthetic_ablation_spectrum-only/synthetic-eigengap__synthetic__symmetric-hamiltonian__L8__lr0.01__bs64__seed9_seed9,synthetic-eigengap,synthetic,symmetric-hamiltonian,8,9,0.01,64,2000,True,plus,True,False,0.08893045781830067,0.9786585365853658,0.0953467805699946,0.9816849816849816,0.9908536585365854,1853.9634146341461,,30.57484793663025,,128,2,4,6e3df8c2ae7503394992a62eaa877ace7721f2bc,False
complete,synthetic,synthetic-singular__synthetic__symmetric-hamiltonian__L16__lr0.01__bs64__seed0,results/runs/synthetic_ablation_spectrum-only/synthetic-singular__synthetic__symmetric-hamiltonian__L16__lr0.01__bs64__seed0_seed0,synthetic-singular,synthetic,symmetric-hamiltonian,16,0,0.01,64,2000,True,plus,True,False,0.13807940945950042,0.9664634146341463,0.13002196237655925,0.967032967032967,0.9878048780487805,1841.6158536585363,,66.29719686508179,,496,3,8,6e3df8c2ae7503394992a62eaa877ace7721f2bc,False
complete,synthetic,synthetic-singular__synthetic__symmetric-hamiltonian__L16__lr0.01__bs64__seed10,results/runs/synthetic_ablation_spectrum-only/synthetic-singular__synthetic__symmetric-hamiltonian__L16__lr0.01__bs64__seed10_seed10,synthetic-singular,synthetic,symmetric-hamiltonian,16,10,0.01,64,2000,True,plus,True,False,0.1237949956534868,0.9786585365853658,0.12696676469940582,0.9694749694749695,0.9817073170731707,1828.048780487805,,68.46957182884216,,496,3,8,6e3df8c2ae7503394992a62eaa877ace7721f2bc,False
complete,synthetic,synthetic-singular__synthetic__symmetric-hamiltonian__L16__lr0.01__bs64__seed11,results/runs/synthetic_ablation_spectrum-only/synthetic-singular__synthetic__symmetric-hamiltonian__L16__lr0.01__bs64__seed11_seed11,synthetic-singular,synthetic,symmetric-hamiltonian,16,11,0.01,64,2000,True,plus,True,False,0.128448359055207,0.975609756097561,0.12447063163508627,0.9694749694749695,0.9847560975609756,1837.0426829268292,,70.64487218856812,,496,3,8,6e3df8c2ae7503394992a62eaa877ace7721f2bc,False
complete,synthetic,synthetic-singular__synthetic__symmetric-hamiltonian__L16__lr0.01__bs64__seed12,results/runs/synthetic_ablation_spectrum-only/synthetic-singular__synthetic__symmetric-hamiltonian__L16__lr0.01__bs64__seed12_seed12,synthetic-singular,synthetic,symmetric-hamiltonian,16,12,0.01,64,2000,True,plus,True,False,0.14196977090324156,0.9634146341463414,0.13085120764402766,0.9621489621489622,0.9878048780487805,1845.4268292682925,,68.42085599899292,,496,3,8,6e3df8c2ae7503394992a62eaa877ace7721f2bc,False
complete,synthetic,synthetic-singular__synthetic__symmetric-hamiltonian__L16__lr0.01__bs64__seed13,results/runs/synthetic_ablation_spectrum-only/synthetic-singular__synthetic__symmetric-hamiltonian__L16__lr0.01__bs64__seed13_seed13,synthetic-singular,synthetic,symmetric-hamiltonian,16,13,0.01,64,2000,True,plus,True,False,0.1127101665778451,0.9847560975609756,0.11586091585509482,0.9743589743589743,0.9847560975609756,1822.1036585365853,,72.27153730392456,,496,3,8,6e3df8c2ae7503394992a62eaa877ace7721f2bc,False
complete,synthetic,synthetic-singular__synthetic__symmetric-hamiltonian__L16__lr0.01__bs64__seed14,results/runs/synthetic_ablation_spectrum-only/synthetic-singular__synthetic__symmetric-hamiltonian__L16__lr0.01__bs64__seed14_seed14,synthetic-singular,synthetic,symmetric-hamiltonian,16,14,0.01,64,2000,True,plus,True,False,0.11893313595940402,0.9847560975609756,0.12041610417483956,0.9706959706959707,0.9878048780487805,1844.3597560975609,,68.66725611686707,,496,3,8,6e3df8c2ae7503394992a62eaa877ace7721f2bc,False
complete,synthetic,synthetic-singular__synthetic__symmetric-hamiltonian__L16__lr0.01__bs64__seed15,results/runs/synthetic_ablation_spectrum-only/synthetic-singular__synthetic__symmetric-hamiltonian__L16__lr0.01__bs64__seed15_seed15,synthetic-singular,synthetic,symmetric-hamiltonian,16,15,0.01,64,2000,True,plus,True,False,0.13819864384826624,0.9786585365853658,0.13248600255638338,0.978021978021978,0.9847560975609756,1826.5243902439024,,69.45664358139038,,496,3,8,6e3df8c2ae7503394992a62eaa877ace7721f2bc,False
complete,synthetic,synthetic-singular__synthetic__symmetric-hamiltonian__L16__lr0.01__bs64__seed16,results/runs/synthetic_ablation_spectrum-only/synthetic-singular__synthetic__symmetric-hamiltonian__L16__lr0.01__bs64__seed16_seed16,synthetic-singular,synthetic,symmetric-hamiltonian,16,16,0.01,64,2000,True,plus,True,False,0.12991792870182853,0.9725609756097561,0.14038490362943298,0.9706959706959707,0.9939024390243902,1840.2439024390242,,69.11730623245239,,496,3,8,6e3df8c2ae7503394992a62eaa877ace7721f2bc,False
complete,synthetic,synthetic-singular__synthetic__symmetric-hamiltonian__L16__lr0.01__bs64__seed17,results/runs/synthetic_ablation_spectrum-only/synthetic-singular__synthetic__symmetric-hamiltonian__L16__lr0.01__bs64__seed17_seed17,synthetic-singular,synthetic,symmetric-hamiltonian,16,17,0.01,64,2000,True,plus,True,False,0.14330675009187485,0.9786585365853658,0.1397992229959716,0.978021978021978,0.9908536585365854,1851.2195121951218,,69.31910347938538,,496,3,8,6e3df8c2ae7503394992a62eaa877ace7721f2bc,False
complete,synthetic,synthetic-singular__synthetic__symmetric-hamiltonian__L16__lr0.01__bs64__seed18,results/runs/synthetic_ablation_spectrum-only/synthetic-singular__synthetic__symmetric-hamiltonian__L16__lr0.01__bs64__seed18_seed18,synthetic-singular,synthetic,symmetric-hamiltonian,16,18,0.01,64,2000,True,plus,True,False,0.1225153164466641,0.9878048780487805,0.12209144571373585,0.9755799755799756,0.9878048780487805,1839.481707317073,,66.78879952430725,,496,3,8,6e3df8c2ae7503394992a62eaa877ace7721f2bc,False
complete,synthetic,synthetic-singular__synthetic__symmetric-hamiltonian__L16__lr0.01__bs64__seed19,results/runs/synthetic_ablation_spectrum-only/synthetic-singular__synthetic__symmetric-hamiltonian__L16__lr0.01__bs64__seed19_seed19,synthetic-singular,synthetic,symmetric-hamiltonian,16,19,0.01,64,2000,True,plus,True,False,0.1323305806789637,0.9603658536585366,0.1261136284747859,0.967032967032967,0.9878048780487805,1827.7439024390244,,67.33983159065247,,496,3,8,6e3df8c2ae7503394992a62eaa877ace7721f2bc,False
complete,synthetic,synthetic-singular__synthetic__symmetric-hamiltonian__L16__lr0.01__bs64__seed1,results/runs/synthetic_ablation_spectrum-only/synthetic-singular__synthetic__symmetric-hamiltonian__L16__lr0.01__bs64__seed1_seed1,synthetic-singular,synthetic,symmetric-hamiltonian,16,1,0.01,64,2000,True,plus,True,False,0.13543391744430547,0.9725609756097561,0.1305737940465861,0.9743589743589743,0.9908536585365854,1842.6829268292684,,66.21377944946289,,496,3,8,6e3df8c2ae7503394992a62eaa877ace7721f2bc,False
complete,synthetic,synthetic-singular__synthetic__symmetric-hamiltonian__L16__lr0.01__bs64__seed2,results/runs/synthetic_ablation_spectrum-only/synthetic-singular__synthetic__symmetric-hamiltonian__L16__lr0.01__bs64__seed2_seed2,synthetic-singular,synthetic,symmetric-hamiltonian,16,2,0.01,64,2000,True,plus,True,False,0.12677804680123683,0.9908536585365854,0.12854868280451529,0.9731379731379731,0.9908536585365854,1841.4634146341464,,67.54542374610901,,496,3,8,6e3df8c2ae7503394992a62eaa877ace7721f2bc,False
complete,synthetic,synthetic-singular__synthetic__symmetric-hamiltonian__L16__lr0.01__bs64__seed3,results/runs/synthetic_ablation_spectrum-only/synthetic-singular__synthetic__symmetric-hamiltonian__L16__lr0.01__bs64__seed3_seed3,synthetic-singular,synthetic,symmetric-hamiltonian,16,3,0.01,64,2000,True,plus,True,False,0.1240622772418903,0.9725609756097561,0.1419649681974337,0.9572649572649573,0.9817073170731707,1830.7926829268292,,71.82067203521729,,496,3,8,6e3df8c2ae7503394992a62eaa877ace7721f2bc,False
complete,synthetic,synthetic-singular__synthetic__symmetric-hamiltonian__L16__lr0.01__bs64__seed4,results/runs/synthetic_ablation_spectrum-only/synthetic-singular__synthetic__symmetric-hamiltonian__L16__lr0.01__bs64__seed4_seed4,synthetic-singular,synthetic,symmetric-hamiltonian,16,4,0.01,64,2000,True,plus,True,False,0.1282265995024929,0.9878048780487805,0.12992233904021028,0.9731379731379731,0.9908536585365854,1845.5792682926829,,70.57880115509033,,496,3,8,6e3df8c2ae7503394992a62eaa877ace7721f2bc,False
complete,synthetic,synthetic-singular__synthetic__symmetric-hamiltonian__L16__lr0.01__bs64__seed5,results/runs/synthetic_ablation_spectrum-only/synthetic-singular__synthetic__symmetric-hamiltonian__L16__lr0.01__bs64__seed5_seed5,synthetic-singular,synthetic,symmetric-hamiltonian,16,5,0.01,64,2000,True,plus,True,False,0.11790258181250982,0.9817073170731707,0.11757424524759667,0.9743589743589743,0.9878048780487805,1846.7987804878044,,69.06757593154907,,496,3,8,6e3df8c2ae7503394992a62eaa877ace7721f2bc,False
complete,synthetic,synthetic-singular__synthetic__symmetric-hamiltonian__L16__lr0.01__bs64__seed6,results/runs/synthetic_ablation_spectrum-only/synthetic-singular__synthetic__symmetric-hamiltonian__L16__lr0.01__bs64__seed6_seed6,synthetic-singular,synthetic,symmetric-hamiltonian,16,6,0.01,64,2000,True,plus,True,False,0.11930568581326748,0.9817073170731707,0.11544913075457038,0.9816849816849816,0.9847560975609756,1845.4268292682923,,69.8062903881073,,496,3,8,6e3df8c2ae7503394992a62eaa877ace7721f2bc,False
complete,synthetic,synthetic-singular__synthetic__symmetric-hamiltonian__L16__lr0.01__bs64__seed7,results/runs/synthetic_ablation_spectrum-only/synthetic-singular__synthetic__symmetric-hamiltonian__L16__lr0.01__bs64__seed7_seed7,synthetic-singular,synthetic,symmetric-hamiltonian,16,7,0.01,64,2000,True,plus,True,False,0.12277482387617233,0.975609756097561,0.11698944283436598,0.9768009768009768,0.9847560975609756,1846.4939024390244,,70.15476608276367,,496,3,8,6e3df8c2ae7503394992a62eaa877ace7721f2bc,False
complete,synthetic,synthetic-singular__synthetic__symmetric-hamiltonian__L16__lr0.01__bs64__seed8,results/runs/synthetic_ablation_spectrum-only/synthetic-singular__synthetic__symmetric-hamiltonian__L16__lr0.01__bs64__seed8_seed8,synthetic-singular,synthetic,symmetric-hamiltonian,16,8,0.01,64,2000,True,plus,True,False,0.11573268718311312,0.9725609756097561,0.12387216393988192,0.9731379731379731,0.9847560975609756,1843.140243902439,,69.33695459365845,,496,3,8,6e3df8c2ae7503394992a62eaa877ace7721f2bc,False
complete,synthetic,synthetic-singular__synthetic__symmetric-hamiltonian__L16__lr0.01__bs64__seed9,results/runs/synthetic_ablation_spectrum-only/synthetic-singular__synthetic__symmetric-hamiltonian__L16__lr0.01__bs64__seed9_seed9,synthetic-singular,synthetic,symmetric-hamiltonian,16,9,0.01,64,2000,True,plus,True,False,0.13673957604201684,0.9725609756097561,0.12785017591850234,0.9682539682539683,0.9908536585365854,1832.1646341463413,,67.7922260761261,,496,3,8,6e3df8c2ae7503394992a62eaa877ace7721f2bc,False
complete,synthetic,synthetic-singular__synthetic__symmetric-hamiltonian__L1__lr0.01__bs64__seed0,results/runs/synthetic_ablation_spectrum-only/synthetic-singular__synthetic__symmetric-hamiltonian__L1__lr0.01__bs64__seed0_seed0,synthetic-singular,synthetic,symmetric-hamiltonian,1,0,0.01,64,2000,True,plus,True,False,0.41631876380597377,0.8841463414634146,0.41840030426415015,0.9096459096459096,0.9054878048780488,1677.5914634146343,,20.37728261947632,,31,3,8,6e3df8c2ae7503394992a62eaa877ace7721f2bc,False
complete,synthetic,synthetic-singular__synthetic__symmetric-hamiltonian__L1__lr0.01__bs64__seed10,results/runs/synthetic_ablation_spectrum-only/synthetic-singular__synthetic__symmetric-hamiltonian__L1__lr0.01__bs64__seed10_seed10,synthetic-singular,synthetic,symmetric-hamiltonian,1,10,0.01,64,2000,True,plus,True,False,0.4183612259629692,0.8810975609756098,0.4188260976612614,0.9010989010989011,0.9024390243902439,1660.8231707317077,,18.59304928779602,,31,3,8,6e3df8c2ae7503394992a62eaa877ace7721f2bc,False
complete,synthetic,synthetic-singular__synthetic__symmetric-hamiltonian__L1__lr0.01__bs64__seed11,results/runs/synthetic_ablation_spectrum-only/synthetic-singular__synthetic__symmetric-hamiltonian__L1__lr0.01__bs64__seed11_seed11,synthetic-singular,synthetic,symmetric-hamiltonian,1,11,0.01,64,2000,True,plus,True,False,0.41879744406670266,0.8932926829268293,0.4206526262294294,0.9169719169719169,0.8932926829268293,1674.2378048780486,,18.100181341171265,,31,3,8,6e3df8c2ae7503394992a62eaa877ace7721f2bc,False
complete,synthetic,synthetic-singular__synthetic__symmetric-hamiltonian__L1__lr0.01__bs64__seed12,results/runs/synthetic_ablation_spectrum-only/synthetic-singular__synthetic__symmetric-hamiltonian__L1__lr0.01__bs64__seed12_seed12,synthetic-singular,synthetic,symmetric-hamiltonian,1,12,0.01,64,2000,True,plus,True,False,0.4152611236112844,0.8719512195121951,0.4175042235901268,0.8962148962148963,0.9085365853658537,1677.2865853658539,,18.089698553085327,,31,3,8,6e3df8c2ae7503394992a62eaa877ace7721f2bc,False
complete,synthetic,synthetic-singular__synthetic__symmetric-hamiltonian__L1__lr0.01__bs64__seed13,results/runs/synthetic_ablation_spectrum-only/synthetic-singular__synthetic__symmetric-hamiltonian__L1__lr0.01__bs64__seed13_seed13,synthetic-singular,synthetic,symmetric-hamiltonian,1,13,0.01,64,2000,True,plus,True,False,0.41546650594758294,0.875,0.4175754223952735,0.894993894993895,0.9024390243902439,1664.4817073170734,,19.545931100845337,,31,3,8,6e3df8c2ae7503394992a62eaa877ace7721f2bc,False
complete,synthetic,synthetic-singular__synthetic__symmetric-hamiltonian__L1__lr0.01__bs64__seed14,results/runs/synthetic_ablation_spectrum-only/synthetic-singular__synthetic__symmetric-hamiltonian__L1__lr0.01__bs64__seed14_seed14,synthetic-singular,synthetic,symmetric-hamiltonian,1,14,0.01,64,2000,True,plus,True,False,0.41617012746244403,0.8841463414634146,0.4185674398052713,0.9072039072039072,0.9054878048780488,1671.341463414634,,19.999555587768555,,31,3,8,6e3df8c2ae7503394992a62eaa877ace7721f2bc,False
complete,synthetic,synthetic-singular__synthetic__symmetric-hamiltonian__L1__lr0.01__bs64__seed15,results/runs/synthetic_ablation_spectrum-only/synthetic-singular__synthetic__symmetric-hamiltonian__L1__lr0.01__bs64__seed15_seed15,synthetic-singular,synthetic,symmetric-hamiltonian,1,15,0.01,64,2000,True,plus,True,False,0.4287020624967962,0.899390243902439,0.4283446252510259,0.9218559218559218,0.899390243902439,1669.0548780487807,,18.373066902160645,,31,3,8,6e3df8c2ae7503394992a62eaa877ace7721f2bc,False
complete,synthetic,synthetic-singular__synthetic__symmetric-hamiltonian__L1__lr0.01__bs64__seed16,results/runs/synthetic_ablation_spectrum-only/synthetic-singular__synthetic__symmetric-hamiltonian__L1__lr0.01__bs64__seed16_seed16,synthetic-singular,synthetic,symmetric-hamiltonian,1,16,0.01,64,2000,True,plus,True,False,0.41554409780284324,0.8719512195121951,0.41803910525024984,0.8962148962148963,0.9054878048780488,1674.3902439024394,,18.515554666519165,,31,3,8,6e3df8c2ae7503394992a62eaa877ace7721f2bc,False
complete,synthetic,synthetic-singular__synthetic__symmetric-hamiltonian__L1__lr0.01__bs64__seed17,results/runs/synthetic_ablation_spectrum-only/synthetic-singular__synthetic__symmetric-hamiltonian__L1__lr0.01__bs64__seed17_seed17,synthetic-singular,synthetic,symmetric-hamiltonian,1,17,0.01,64,2000,True,plus,True,False,0.420223591921648,0.9024390243902439,0.4213301482957857,0.9230769230769231,0.9024390243902439,1670.5792682926824,,18.02847671508789,,31,3,8,6e3df8c2ae7503394992a62eaa877ace7721f2bc,False
complete,synthetic,synthetic-singular__synthetic__symmetric-hamiltonian__L1__lr0.01__bs64__seed18,results/runs/synthetic_ablation_spectrum-only/synthetic-singular__synthetic__symmetric-hamiltonian__L1__lr0.01__bs64__seed18_seed18,synthetic-singular,synthetic,symmetric-hamiltonian,1,18,0.01,64,2000,True,plus,True,False,0.4199016713295898,0.8963414634146342,0.4210840304314444,0.9194139194139194,0.899390243902439,1676.3719512195123,,19.90518355369568,,31,3,8,6e3df8c2ae7503394992a62eaa877ace7721f2bc,False
complete,synthetic,synthetic-singular__synthetic__symmetric-hamiltonian__L1__lr0.01__bs64__seed19,results/runs/synthetic_ablation_spectrum-only/synthetic-singular__synthetic__symmetric-hamiltonian__L1__lr0.01__bs64__seed19_seed19,synthetic-singular,synthetic,symmetric-hamiltonian,1,19,0.01,64,2000,True,plus,True,False,0.41505054394521357,0.875,0.4184001352525458,0.894993894993895,0.9024390243902439,1664.0243902439029,,19.54227924346924,,31,3,8,6e3df8c2ae7503394992a62eaa877ace7721f2bc,False
complete,synthetic,synthetic-singular__synthetic__symmetric-hamiltonian__L1__lr0.01__bs64__seed1,results/runs/synthetic_ablation_spectrum-only/synthetic-singular__synthetic__symmetric-hamiltonian__L1__lr0.01__bs64__seed1_seed1,synthetic-singular,synthetic,symmetric-hamiltonian,1,1,0.01,64,2000,True,plus,True,False,0.4167054440654075,0.8841463414634146,0.4180766674747662,0.894993894993895,0.8963414634146342,1673.0182926829268,,20.32886791229248,,31,3,8,6e3df8c2ae7503394992a62eaa877ace7721f2bc,False
complete,synthetic,synthetic-singular__synthetic__symmetric-hamiltonian__L1__lr0.01__bs64__seed2,results/runs/synthetic_ablation_spectrum-only/synthetic-singular__synthetic__symmetric-hamiltonian__L1__lr0.01__bs64__seed2_seed2,synthetic-singular,synthetic,symmetric-hamiltonian,1,2,0.01,64,2000,True,plus,True,False,0.41565840722516706,0.875,0.4181132613498731,0.8986568986568987,0.9085365853658537,1673.4756097560974,,20.064841747283936,,31,3,8,6e3df8c2ae7503394992a62eaa877ace7721f2bc,False
complete,synthetic,synthetic-singular__synthetic__symmetric-hamiltonian__L1__lr0.01__bs64__seed3,results/runs/synthetic_ablation_spectrum-only/synthetic-singular__synthetic__symmetric-hamiltonian__L1__lr0.01__bs64__seed3_seed3,synthetic-singular,synthetic,symmetric-hamiltonian,1,3,0.01,64,2000,True,plus,True,False,0.415374567711194,0.875,0.41756066371088907,0.8937728937728938,0.9024390243902439,1668.7500000000002,,19.988579034805298,,31,3,8,6e3df8c2ae7503394992a62eaa877ace7721f2bc,False
complete,synthetic,synthetic-singular__synthetic__symmetric-hamiltonian__L1__lr0.01__bs64__seed4,results/runs/synthetic_ablation_spectrum-only/synthetic-singular__synthetic__symmetric-hamiltonian__L1__lr0.01__bs64__seed4_seed4,synthetic-singular,synthetic,symmetric-hamiltonian,1,4,0.01,64,2000,True,plus,True,False,0.4151813636064302,0.8719512195121951,0.4175878985981846,0.8766788766788767,0.9115853658536586,1666.9207317073171,,19.622780561447144,,31,3,8,6e3df8c2ae7503394992a62eaa877ace7721f2bc,False
complete,synthetic,synthetic-singular__synthetic__symmetric-hamiltonian__L1__lr0.01__bs64__seed5,results/runs/synthetic_ablation_spectrum-only/synthetic-singular__synthetic__symmetric-hamiltonian__L1__lr0.01__bs64__seed5_seed5,synthetic-singular,synthetic,symmetric-hamiltonian,1,5,0.01,64,2000,True,plus,True,False,0.418682608599896,0.8932926829268293,0.41950703093515906,0.9084249084249084,0.9024390243902439,1671.9512195121952,,19.98500156402588,,31,3,8,6e3df8c2ae7503394992a62eaa877ace7721f2bc,False
complete,synthetic,synthetic-singular__synthetic__symmetric-hamiltonian__L1__lr0.01__bs64__seed6,results/runs/synthetic_ablation_spectrum-only/synthetic-singular__synthetic__symmetric-hamiltonian__L1__lr0.01__bs64__seed6_seed6,synthetic-singular,synthetic,symmetric-hamiltonian,1,6,0.01,64,2000,True,plus,True,False,0.4199999905100553,0.8963414634146342,0.4209210506696477,0.9194139194139194,0.9024390243902439,1661.8902439024391,,20.230533123016357,,31,3,8,6e3df8c2ae7503394992a62eaa877ace7721f2bc,False
complete,synthetic,synthetic-singular__synthetic__symmetric-hamiltonian__L1__lr0.01__bs64__seed7,results/runs/synthetic_ablation_spectrum-only/synthetic-singular__synthetic__symmetric-hamiltonian__L1__lr0.01__bs64__seed7_seed7,synthetic-singular,synthetic,symmetric-hamiltonian,1,7,0.01,64,2000,True,plus,True,False,0.4148078648328161,0.8689024390243902,0.4175954456481677,0.8791208791208791,0.899390243902439,1679.7256097560974,,19.604506731033325,,31,3,8,6e3df8c2ae7503394992a62eaa877ace7721f2bc,False
complete,synthetic,synthetic-singular__synthetic__symmetric-hamiltonian__L1__lr0.01__bs64__seed8,results/runs/synthetic_ablation_spectrum-only/synthetic-singular__synthetic__symmetric-hamiltonian__L1__lr0.01__bs64__seed8_seed8,synthetic-singular,synthetic,symmetric-hamiltonian,1,8,0.01,64,2000,True,plus,True,False,0.4146513946417622,0.8628048780487805,0.41814457531534555,0.8693528693528694,0.8963414634146342,1660.3658536585363,,19.61365580558777,,31,3,8,6e3df8c2ae7503394992a62eaa877ace7721f2bc,False
complete,synthetic,synthetic-singular__synthetic__symmetric-hamiltonian__L1__lr0.01__bs64__seed9,results/runs/synthetic_ablation_spectrum-only/synthetic-singular__synthetic__symmetric-hamiltonian__L1__lr0.01__bs64__seed9_seed9,synthetic-singular,synthetic,symmetric-hamiltonian,1,9,0.01,64,2000,True,plus,True,False,0.4153469081326904,0.875,0.41835807527114055,0.8974358974358975,0.9054878048780488,1680.1829268292684,,20.126526832580566,,31,3,8,6e3df8c2ae7503394992a62eaa877ace7721f2bc,False
complete,synthetic,synthetic-singular__synthetic__symmetric-hamiltonian__L2__lr0.01__bs64__seed0,results/runs/synthetic_ablation_spectrum-only/synthetic-singular__synthetic__symmetric-hamiltonian__L2__lr0.01__bs64__seed0_seed0,synthetic-singular,synthetic,symmetric-hamiltonian,2,0,0.01,64,2000,True,plus,True,False,0.23801152184708887,0.9634146341463414,0.23814114679640686,0.9645909645909646,0.9695121951219512,1798.3231707317068,,22.908636808395386,,62,3,8,6e3df8c2ae7503394992a62eaa877ace7721f2bc,False
complete,synthetic,synthetic-singular__synthetic__symmetric-hamiltonian__L2__lr0.01__bs64__seed10,results/runs/synthetic_ablation_spectrum-only/synthetic-singular__synthetic__symmetric-hamiltonian__L2__lr0.01__bs64__seed10_seed10,synthetic-singular,synthetic,symmetric-hamiltonian,2,10,0.01,64,2000,True,plus,True,False,0.24498977362316393,0.9603658536585366,0.24355428847121896,0.9645909645909646,0.9725609756097561,1803.6585365853655,,22.75686478614807,,62,3,8,6e3df8c2ae7503394992a62eaa877ace7721f2bc,False
complete,synthetic,synthetic-singular__synthetic__symmetric-hamiltonian__L2__lr0.01__bs64__seed11,results/runs/synthetic_ablation_spectrum-only/synthetic-singular__synthetic__symmetric-hamiltonian__L2__lr0.01__bs64__seed11_seed11,synthetic-singular,synthetic,symmetric-hamiltonian,2,11,0.01,64,2000,True,plus,True,False,0.2562733148312472,0.9237804878048781,0.24688160673763485,0.9438339438339438,0.9786585365853658,1806.0975609756092,,23.427626848220825,,62,3,8,6e3df8c2ae7503394992a62eaa877ace7721f2bc,False
complete,synthetic,synthetic-singular__synthetic__symmetric-hamiltonian__L2__lr0.01__bs64__seed12,results/runs/synthetic_ablation_spectrum-only/synthetic-singular__synthetic__symmetric-hamiltonian__L2__lr0.01__bs64__seed12_seed12,synthetic-singular,synthetic,symmetric-hamiltonian,2,12,0.01,64,2000,True,plus,True,False,0.24770901292259573,0.9634146341463414,0.24442025114396004,0.9706959706959707,0.9725609756097561,1808.3841463414635,,23.025271892547607,,62,3,8,6e3df8c2ae7503394992a62eaa877ace7721f2bc,False
complete,synthetic,synthetic-singular__synthetic__symmetric-hamiltonian__L2__lr0.01__bs64__seed13,results/runs/synthetic_ablation_spectrum-only/synthetic-singular__synthetic__symmetric-hamiltonian__L2__lr0.01__bs64__seed13_seed13,synthetic-singular,synthetic,symmetric-hamiltonian,2,13,0.01,64,2000,True,plus,True,False,0.23798302225390305,0.9573170731707317,0.2396053522966995,0.9645909645909646,0.9634146341463414,1779.7256097560976,,22.72323727607727,,62,3,8,6e3df8c2ae7503394992a62eaa877ace7721f2bc,False
complete,synthetic,synthetic-singular__synthetic__symmetric-hamiltonian__L2__lr0.01__bs64__seed14,results/runs/synthetic_ablation_spectrum-only/synthetic-singular__synthetic__symmetric-hamiltonian__L2__lr0.01__bs64__seed14_seed14,synthetic-singular,synthetic,symmetric-hamiltonian,2,14,0.01,64,2000,True,plus,True,False,0.2407584782465311,0.9695121951219512,0.2432257674393867,0.9719169719169719,0.975609756097561,1813.1097560975604,,22.894452810287476,,62,3,8,6e3df8c2ae7503394992a62eaa877ace7721f2bc,False
complete,synthetic,synthetic-singular__synthetic__symmetric-hamiltonian__L2__lr0.01__bs64__seed15,results/runs/synthetic_ablation_spectrum-only/synthetic-singular__synthetic__symmetric-hamiltonian__L2__lr0.01__bs64__seed15_seed15,synthetic-singular,synthetic,symmetric-hamiltonian,2,15,0.01,64,2000,True,plus,True,False,0.24056418271467103,0.948170731707317,0.23790556987699327,0.9645909645909646,0.9573170731707317,1769.6646341463413,,22.93785071372986,,62,3,8,6e3df8c2ae7503394992a62eaa877ace7721f2bc,False
complete,synthetic,synthetic-singular__synthetic__symmetric-hamiltonian__L2__lr0.01__bs64__seed16,results/runs/synthetic_ablation_spectrum-only/synthetic-singular__synthetic__symmetric-hamiltonian__L2__lr0.01__bs64__seed16_seed16,synthetic-singular,synthetic,symmetric-hamiltonian,2,16,0.01,64,2000,True,plus,True,False,0.24228714374715046,0.9664634146341463,0.24155777729506078,0.9755799755799756,0.9664634146341463,1799.8475609756097,,23.20162582397461,,62,3,8,6e3df8c2ae7503394992a62eaa877ace7721f2bc,False
complete,synthetic,synthetic-singular__synthetic__symmetric-hamiltonian__L2__lr0.01__bs64__seed17,results/runs/synthetic_ablation_spectrum-only/synthetic-singular__synthetic__symmetric-hamiltonian__L2__lr0.01__bs64__seed17_seed17,synthetic-singular,synthetic,symmetric-hamiltonian,2,17,0.01,64,2000,True,plus,True,False,0.24856128862689153,0.9603658536585366,0.24863151770788416,0.9694749694749695,0.9664634146341463,1792.3780487804877,,22.942698001861572,,62,3,8,6e3df8c2ae7503394992a62eaa877ace7721f2bc,False
complete,synthetic,synthetic-singular__synthetic__symmetric-hamiltonian__L2__lr0.01__bs64__seed18,results/runs/synthetic_ablation_spectrum-only/synthetic-singular__synthetic__symmetric-hamiltonian__L2__lr0.01__bs64__seed18_seed18,synthetic-singular,synthetic,symmetric-hamiltonian,2,18,0.01,64,2000,True,plus,True,False,0.24861525134243873,0.9451219512195121,0.24258702071612948,0.9584859584859585,0.975609756097561,1819.6646341463415,,22.907912492752075,,62,3,8,6e3df8c2ae7503394992a62eaa877ace7721f2bc,False
complete,synthetic,synthetic-singular__synthetic__symmetric-hamiltonian__L2__lr0.01__bs64__seed19,results/runs/synthetic_ablation_spectrum-only/synthetic-singular__synthetic__symmetric-hamiltonian__L2__lr0.01__bs64__seed19_seed19,synthetic-singular,synthetic,symmetric-hamiltonian,2,19,0.01,64,2000,True,plus,True,False,0.2465666537269666,0.9390243902439024,0.24017996720353868,0.9597069597069597,0.9603658536585366,1786.8902439024394,,22.98890709877014,,62,3,8,6e3df8c2ae7503394992a62eaa877ace7721f2bc,False
complete,synthetic,synthetic-singular__synthetic__symmetric-hamiltonian__L2__lr0.01__bs64__seed1,results/runs/synthetic_ablation_spectrum-only/synthetic-singular__synthetic__symmetric-hamiltonian__L2__lr0.01__bs64__seed1_seed1,synthetic-singular,synthetic,symmetric-hamiltonian,2,1,0.01,64,2000,True,plus,True,False,0.24180586055038358,0.9634146341463414,0.2385181388107184,0.9719169719169719,0.9695121951219512,1812.9573170731708,,22.95863127708435,,62,3,8,6e3df8c2ae7503394992a62eaa877ace7721f2bc,False
complete,synthetic,synthetic-singular__synthetic__symmetric-hamiltonian__L2__lr0.01__bs64__seed2,results/runs/synthetic_ablation_spectrum-only/synthetic-singular__synthetic__symmetric-hamiltonian__L2__lr0.01__bs64__seed2_seed2,synthetic-singular,synthetic,symmetric-hamiltonian,2,2,0.01,64,2000,True,plus,True,False,0.23687745236298582,0.9847560975609756,0.2391209232677205,0.9731379731379731,0.9847560975609756,1817.987804878049,,22.750977039337158,,62,3,8,6e3df8c2ae7503394992a62eaa877ace7721f2bc,False
complete,synthetic,synthetic-singular__synthetic__symmetric-hamiltonian__L2__lr0.01__bs64__seed3,results/runs/synthetic_ablation_spectrum-only/synthetic-singular__synthetic__symmetric-hamiltonian__L2__lr0.01__bs64__seed3_seed3,synthetic-singular,synthetic,symmetric-hamiltonian,2,3,0.01,64,2000,True,plus,True,False,0.24329417154383245,0.9695121951219512,0.24043607485286042,0.9743589743589743,0.9725609756097561,1802.591463414634,,22.824238061904907,,62,3,8,6e3df8c2ae7503394992a62eaa877ace7721f2bc,False
complete,synthetic,synthetic-singular__synthetic__symmetric-hamiltonian__L2__lr0.01__bs64__seed4,results/runs/synthetic_ablation_spectrum-only/synthetic-singular__synthetic__symmetric-hamiltonian__L2__lr0.01__bs64__seed4_seed4,synthetic-singular,synthetic,symmetric-hamiltonian,2,4,0.01,64,2000,True,plus,True,False,0.2391703941532354,0.9573170731707317,0.24555775473767347,0.9560439560439561,0.975609756097561,1812.0426829268295,,24.470028400421143,,62,3,8,6e3df8c2ae7503394992a62eaa877ace7721f2bc,False
complete,synthetic,synthetic-singular__synthetic__symmetric-hamiltonian__L2__lr0.01__bs64__seed5,results/runs/synthetic_ablation_spectrum-only/synthetic-singular__synthetic__symmetric-hamiltonian__L2__lr0.01__bs64__seed5_seed5,synthetic-singular,synthetic,symmetric-hamiltonian,2,5,0.01,64,2000,True,plus,True,False,0.23845444661459408,0.9695121951219512,0.23886164757077133,0.9719169719169719,0.9847560975609756,1803.048780487805,,23.055198192596436,,62,3,8,6e3df8c2ae7503394992a62eaa877ace7721f2bc,False
complete,synthetic,synthetic-singular__synthetic__symmetric-hamiltonian__L2__lr0.01__bs64__seed6,results/runs/synthetic_ablation_spectrum-only/synthetic-singular__synthetic__symmetric-hamiltonian__L2__lr0.01__bs64__seed6_seed6,synthetic-singular,synthetic,symmetric-hamiltonian,2,6,0.01,64,2000,True,plus,True,False,0.24334174636233494,0.9420731707317073,0.24021113789325602,0.9511599511599511,0.975609756097561,1790.243902439024,,23.079875230789185,,62,3,8,6e3df8c2ae7503394992a62eaa877ace7721f2bc,False
complete,synthetic,synthetic-singular__synthetic__symmetric-hamiltonian__L2__lr0.01__bs64__seed7,results/runs/synthetic_ablation_spectrum-only/synthetic-singular__synthetic__symmetric-hamiltonian__L2__lr0.01__bs64__seed7_seed7,synthetic-singular,synthetic,symmetric-hamiltonian,2,7,0.01,64,2000,True,plus,True,False,0.2397542083375416,0.948170731707317,0.23809723964241544,0.9645909645909646,0.948170731707317,1779.5731707317073,,23.174583673477173,,62,3,8,6e3df8c2ae7503394992a62eaa877ace7721f2bc,False
complete,synthetic,synthetic-singular__synthetic__symmetric-hamiltonian__L2__lr0.01__bs64__seed8,results/runs/synthetic_ablation_spectrum-only/synthetic-singular__synthetic__symmetric-hamiltonian__L2__lr0.01__bs64__seed8_seed8,synthetic-singular,synthetic,symmetric-hamiltonian,2,8,0.01,64,2000,True,plus,True,False,0.2469093408821977,0.9359756097560976,0.24227919813153895,0.9584859584859585,0.9603658536585366,1780.335365853659,,22.938838958740234,,62,3,8,6e3df8c2ae7503394992a62eaa877ace7721f2bc,False
complete,synthetic,synthetic-singular__synthetic__symmetric-hamiltonian__L2__lr0.01__bs64__seed9,results/runs/synthetic_ablation_spectrum-only/synthetic-singular__synthetic__symmetric-hamiltonian__L2__lr0.01__bs64__seed9_seed9,synthetic-singular,synthetic,symmetric-hamiltonian,2,9,0.01,64,2000,True,plus,True,False,0.2396804158210655,0.948170731707317,0.2376284002520846,0.960927960927961,0.9664634146341463,1799.0853658536582,,22.755252838134766,,62,3,8,6e3df8c2ae7503394992a62eaa877ace7721f2bc,False
complete,synthetic,synthetic-singular__synthetic__symmetric-hamiltonian__L32__lr0.01__bs64__seed0,results/runs/synthetic_ablation_spectrum-only/synthetic-singular__synthetic__symmetric-hamiltonian__L32__lr0.01__bs64__seed0_seed0,synthetic-singular,synthetic,symmetric-hamiltonian,32,0,0.01,64,2000,True,plus,True,False,0.14206743734571736,0.9542682926829268,0.1332779106167664,0.9621489621489622,0.9908536585365854,1825.3048780487807,,120.41120505332947,,992,3,8,6e3df8c2ae7503394992a62eaa877ace7721f2bc,False
complete,synthetic,synthetic-singular__synthetic__symmetric-hamiltonian__L32__lr0.01__bs64__seed10,results/runs/synthetic_ablation_spectrum-only/synthetic-singular__synthetic__symmetric-hamiltonian__L32__lr0.01__bs64__seed10_seed10,synthetic-singular,synthetic,symmetric-hamiltonian,32,10,0.01,64,2000,True,plus,True,False,0.11951853531704255,0.9817073170731707,0.1315133029580508,0.9694749694749695,0.9878048780487805,1843.2926829268292,,118.89779353141785,,992,3,8,6e3df8c2ae7503394992a62eaa877ace7721f2bc,False
complete,synthetic,synthetic-singular__synthetic__symmetric-hamiltonian__L32__lr0.01__bs64__seed11,results/runs/synthetic_ablation_spectrum-only/synthetic-singular__synthetic__symmetric-hamiltonian__L32__lr0.01__bs64__seed11_seed11,synthetic-singular,synthetic,symmetric-hamiltonian,32,11,0.01,64,2000,True,plus,True,False,0.11700961630484683,0.9725609756097561,0.10909765789744033,0.9755799755799756,0.9908536585365854,1844.207317073171,,119.52084684371948,,992,3,8,6e3df8c2ae7503394992a62eaa877ace7721f2bc,False
complete,synthetic,synthetic-singular__synthetic__symmetric-hamiltonian__L32__lr0.01__bs64__seed12,results/runs/synthetic_ablation_spectrum-only/synthetic-singular__synthetic__symmetric-hamiltonian__L32__lr0.01__bs64__seed12_seed12,synthetic-singular,synthetic,symmetric-hamiltonian,32,12,0.01,64,2000,True,plus,True,False,0.14958406811216646,0.9512195121951219,0.1398835356736265,0.9633699633699634,0.9817073170731707,1838.1097560975613,,119.00108337402344,,992,3,8,6e3df8c2ae7503394992a62eaa877ace7721f2bc,False
complete,synthetic,synthetic-singular__synthetic__symmetric-hamiltonian__L32__lr0.01__bs64__seed13,results/runs/synthetic_ablation_spectrum-only/synthetic-singular__synthetic__symmetric-hamiltonian__L32__lr0.01__bs64__seed13_seed13,synthetic-singular,synthetic,symmetric-hamiltonian,32,13,0.01,64,2000,True,plus,True,False,0.10401863511048125,0.9817073170731707,0.11593581089748248,0.9731379731379731,0.9878048780487805,1830.6402439024387,,121.39216136932373,,992,3,8,6e3df8c2ae7503394992a62eaa877ace7721f2bc,False
complete,synthetic,synthetic-singular__synthetic__symmetric-hamiltonian__L32__lr0.01__bs64__seed14,results/runs/synthetic_ablation_spectrum-only/synthetic-singular__synthetic__symmetric-hamiltonian__L32__lr0.01__bs64__seed14_seed14,synthetic-singular,synthetic,symmetric-hamiltonian,32,14,0.01,64,2000,True,plus,True,False,0.11297948731777582,0.9847560975609756,0.1126354122466549,0.9743589743589743,0.9878048780487805,1843.7499999999995,,121.8111572265625,,992,3,8,6e3df8c2ae7503394992a62eaa877ace7721f2bc,False
complete,synthetic,synthetic-singular__synthetic__symmetric-hamiltonian__L32__lr0.01__bs64__seed15,results/runs/synthetic_ablation_spectrum-only/synthetic-singular__synthetic__symmetric-hamiltonian__L32__lr0.01__bs64__seed15_seed15,synthetic-singular,synthetic,symmetric-hamiltonian,32,15,0.01,64,2000,True,plus,True,False,0.12408872383672215,0.9695121951219512,0.11157521329457085,0.978021978021978,0.9817073170731707,1827.439024390244,,119.496408700943,,992,3,8,6e3df8c2ae7503394992a62eaa877ace7721f2bc,False
complete,synthetic,synthetic-singular__synthetic__symmetric-hamiltonian__L32__lr0.01__bs64__seed16,results/runs/synthetic_ablation_spectrum-only/synthetic-singular__synthetic__symmetric-hamiltonian__L32__lr0.01__bs64__seed16_seed16,synthetic-singular,synthetic,symmetric-hamiltonian,32,16,0.01,64,2000,True,plus,True,False,0.10891962746332894,0.9817073170731707,0.12509073145781938,0.967032967032967,0.9878048780487805,1829.7256097560976,,119.50018286705017,,992,3,8,6e3df8c2ae7503394992a62eaa877ace7721f2bc,False
complete,synthetic,synthetic-singular__synthetic__symmetric-hamiltonian__L32__lr0.01__bs64__seed17,results/runs/synthetic_ablation_spectrum-only/synthetic-singular__synthetic__symmetric-hamiltonian__L32__lr0.01__bs64__seed17_seed17,synthetic-singular,synthetic,symmetric-hamiltonian,32,17,0.01,64,2000,True,plus,True,False,0.1383813362566869,0.9695121951219512,0.13380485308975756,0.9633699633699634,0.9878048780487805,1846.0365853658536,,119.61347341537476,,992,3,8,6e3df8c2ae7503394992a62eaa877ace7721f2bc,False
complete,synthetic,synthetic-singular__synthetic__symmetric-hamiltonian__L32__lr0.01__bs64__seed18,results/runs/synthetic_ablation_spectrum-only/synthetic-singular__synthetic__symmetric-hamiltonian__L32__lr0.01__bs64__seed18_seed18,synthetic-singular,synthetic,symmetric-hamiltonian,32,18,0.01,64,2000,True,plus,True,False,0.11475075612682345,0.9786585365853658,0.11903054014224097,0.9682539682539683,0.9908536585365854,1827.591463414634,,122.08000016212463,,992,3,8,6e3df8c2ae7503394992a62eaa877ace7721f2bc,False
complete,synthetic,synthetic-singular__synthetic__symmetric-hamiltonian__L32__lr0.01__bs64__seed19,results/runs/synthetic_ablation_spectrum-only/synthetic-singular__synthetic__symmetric-hamiltonian__L32__lr0.01__bs64__seed19_seed19,synthetic-singular,synthetic,symmetric-hamiltonian,32,19,0.01,64,2000,True,plus,True,False,0.11337131246721249,0.9817073170731707,0.10919807759684642,0.9768009768009768,0.9817073170731707,1826.3719512195119,,122.81393623352051,,992,3,8,6e3df8c2ae7503394992a62eaa877ace7721f2bc,False
complete,synthetic,synthetic-singular__synthetic__symmetric-hamiltonian__L32__lr0.01__bs64__seed1,results/runs/synthetic_ablation_spectrum-only/synthetic-singular__synthetic__symmetric-hamiltonian__L32__lr0.01__bs64__seed1_seed1,synthetic-singular,synthetic,symmetric-hamiltonian,32,1,0.01,64,2000,True,plus,True,False,0.15628462265170623,0.948170731707317,0.1438491456781655,0.9584859584859585,0.9878048780487805,1834.908536585366,,119.3773922920227,,992,3,8,6e3df8c2ae7503394992a62eaa877ace7721f2bc,False
complete,synthetic,synthetic-singular__synthetic__symmetric-hamiltonian__L32__lr0.01__bs64__seed2,results/runs/synthetic_ablation_spectrum-only/synthetic-singular__synthetic__symmetric-hamiltonian__L32__lr0.01__bs64__seed2_seed2,synthetic-singular,synthetic,symmetric-hamiltonian,32,2,0.01,64,2000,True,plus,True,False,0.12648675022598677,0.9847560975609756,0.12402939447077864,0.9706959706959707,0.9908536585365854,1847.2560975609756,,121.9385781288147,,992,3,8,6e3df8c2ae7503394992a62eaa877ace7721f2bc,False
complete,synthetic,synthetic-singular__synthetic__symmetric-hamiltonian__L32__lr0.01__bs64__seed3,results/runs/synthetic_ablation_spectrum-only/synthetic-singular__synthetic__symmetric-hamiltonian__L32__lr0.01__bs64__seed3_seed3,synthetic-singular,synthetic,symmetric-hamiltonian,32,3,0.01,64,2000,True,plus,True,False,0.12184072561942012,0.9603658536585366,0.13783527674753301,0.960927960927961,0.9908536585365854,1847.408536585366,,120.7892575263977,,992,3,8,6e3df8c2ae7503394992a62eaa877ace7721f2bc,False
complete,synthetic,synthetic-singular__synthetic__symmetric-hamiltonian__L32__lr0.01__bs64__seed4,results/runs/synthetic_ablation_spectrum-only/synthetic-singular__synthetic__symmetric-hamiltonian__L32__lr0.01__bs64__seed4_seed4,synthetic-singular,synthetic,symmetric-hamiltonian,32,4,0.01,64,2000,True,plus,True,False,0.11354895177440885,0.9878048780487805,0.11717585721318453,0.9792429792429792,0.9878048780487805,1840.3963414634145,,123.92172122001648,,992,3,8,6e3df8c2ae7503394992a62eaa877ace7721f2bc,False
complete,synthetic,synthetic-singular__synthetic__symmetric-hamiltonian__L32__lr0.01__bs64__seed5,results/runs/synthetic_ablation_spectrum-only/synthetic-singular__synthetic__symmetric-hamiltonian__L32__lr0.01__bs64__seed5_seed5,synthetic-singular,synthetic,symmetric-hamiltonian,32,5,0.01,64,2000,True,plus,True,False,0.1098168428968149,0.9817073170731707,0.11041213896570774,0.9743589743589743,0.9939024390243902,1850.4573170731708,,118.49473285675049,,992,3,8,6e3df8c2ae7503394992a62eaa877ace7721f2bc,False
complete,synthetic,synthetic-singular__synthetic__symmetric-hamiltonian__L32__lr0.01__bs64__seed6,results/runs/synthetic_ablation_spectrum-only/synthetic-singular__synthetic__symmetric-hamiltonian__L32__lr0.01__bs64__seed6_seed6,synthetic-singular,synthetic,symmetric-hamiltonian,32,6,0.01,64,2000,True,plus,True,False,0.1344962578195557,0.9542682926829268,0.11751371019225518,0.9706959706959707,0.9878048780487805,1846.9512195121952,,121.40088152885437,,992,3,8,6e3df8c2ae7503394992a62eaa877ace7721f2bc,False
complete,synthetic,synthetic-singular__synthetic__symmetric-hamiltonian__L32__lr0.01__bs64__seed7,results/runs/synthetic_ablation_spectrum-only/synthetic-singular__synthetic__symmetric-hamiltonian__L32__lr0.01__bs64__seed7_seed7,synthetic-singular,synthetic,symmetric-hamiltonian,32,7,0.01,64,2000,True,plus,True,False,0.11398998276773004,0.975609756097561,0.11031881842678606,0.9768009768009768,0.9908536585365854,1851.6768292682927,,116.70516514778137,,992,3,8,6e3df8c2ae7503394992a62eaa877ace7721f2bc,False
complete,synthetic,synthetic-singular__synthetic__symmetric-hamiltonian__L32__lr0.01__bs64__seed8,results/runs/synthetic_ablation_spectrum-only/synthetic-singular__synthetic__symmetric-hamiltonian__L32__lr0.01__bs64__seed8_seed8,synthetic-singular,synthetic,symmetric-hamiltonian,32,8,0.01,64,2000,True,plus,True,False,0.10130643472570436,0.9847560975609756,0.10422631032856669,0.9743589743589743,0.9878048780487805,1846.0365853658539,,121.63523483276367,,992,3,8,6e3df8c2ae7503394992a62eaa877ace7721f2bc,False
complete,synthetic,synthetic-singular__synthetic__symmetric-hamiltonian__L32__lr0.01__bs64__seed9,results/runs/synthetic_ablation_spectrum-only/synthetic-singular__synthetic__symmetric-hamiltonian__L32__lr0.01__bs64__seed9_seed9,synthetic-singular,synthetic,symmetric-hamiltonian,32,9,0.01,64,2000,True,plus,True,False,0.12978936703859034,0.9786585365853658,0.12408354649495472,0.9792429792429792,0.9908536585365854,1826.3719512195123,,121.04844427108765,,992,3,8,6e3df8c2ae7503394992a62eaa877ace7721f2bc,False
complete,synthetic,synthetic-singular__synthetic__symmetric-hamiltonian__L4__lr0.01__bs64__seed0,results/runs/synthetic_ablation_spectrum-only/synthetic-singular__synthetic__symmetric-hamiltonian__L4__lr0.01__bs64__seed0_seed0,synthetic-singular,synthetic,symmetric-hamiltonian,4,0,0.01,64,2000,True,plus,True,False,0.1737169790684732,0.9786585365853658,0.17463659967910952,0.9731379731379731,0.9786585365853658,1817.9878048780486,,29.280147075653076,,124,3,8,6e3df8c2ae7503394992a62eaa877ace7721f2bc,False
complete,synthetic,synthetic-singular__synthetic__symmetric-hamiltonian__L4__lr0.01__bs64__seed10,results/runs/synthetic_ablation_spectrum-only/synthetic-singular__synthetic__symmetric-hamiltonian__L4__lr0.01__bs64__seed10_seed10,synthetic-singular,synthetic,symmetric-hamiltonian,4,10,0.01,64,2000,True,plus,True,False,0.17352892640359338,0.975609756097561,0.17545164472085872,0.9694749694749695,0.9786585365853658,1829.4207317073167,,28.720632553100586,,124,3,8,6e3df8c2ae7503394992a62eaa877ace7721f2bc,False
complete,synthetic,synthetic-singular__synthetic__symmetric-hamiltonian__L4__lr0.01__bs64__seed11,results/runs/synthetic_ablation_spectrum-only/synthetic-singular__synthetic__symmetric-hamiltonian__L4__lr0.01__bs64__seed11_seed11,synthetic-singular,synthetic,symmetric-hamiltonian,4,11,0.01,64,2000,True,plus,True,False,0.18196476933084668,0.9695121951219512,0.18059420992572497,0.9682539682539683,0.9786585365853658,1812.4999999999995,,28.37384343147278,,124,3,8,6e3df8c2ae7503394992a62eaa877ace7721f2bc,False
complete,synthetic,synthetic-singular__synthetic__symmetric-hamiltonian__L4__lr0.01__bs64__seed12,results/runs/synthetic_ablation_spectrum-only/synthetic-singular__synthetic__symmetric-hamiltonian__L4__lr0.01__bs64__seed12_seed12,synthetic-singular,synthetic,symmetric-hamiltonian,4,12,0.01,64,2000,True,plus,True,False,0.1840229488750994,0.9542682926829268,0.17836836065253872,0.960927960927961,0.9817073170731707,1816.768292682927,,30.253536462783813,,124,3,8,6e3df8c2ae7503394992a62eaa877ace7721f2bc,False
complete,synthetic,synthetic-singular__synthetic__symmetric-hamiltonian__L4__lr0.01__bs64__seed13,results/runs/synthetic_ablation_spectrum-only/synthetic-singular__synthetic__symmetric-hamiltonian__L4__lr0.01__bs64__seed13_seed13,synthetic-singular,synthetic,symmetric-hamiltonian,4,13,0.01,64,2000,True,plus,True,False,0.17419803431747644,0.975609756097561,0.17547750461839348,0.9682539682539683,0.9786585365853658,1827.5914634146343,,28.09941053390503,,124,3,8,6e3df8c2ae7503394992a62eaa877ace7721f2bc,False
complete,synthetic,synthetic-singular__synthetic__symmetric-hamiltonian__L4__lr0.01__bs64__seed14,results/runs/synthetic_ablation_spectrum-only/synthetic-singular__synthetic__symmetric-hamiltonian__L4__lr0.01__bs64__seed14_seed14,synthetic-singular,synthetic,symmetric-hamiltonian,4,14,0.01,64,2000,True,plus,True,False,0.16396150182686012,0.9725609756097561,0.1718856103876856,0.9719169719169719,0.9847560975609756,1830.9451219512193,,29.06390905380249,,124,3,8,6e3df8c2ae7503394992a62eaa877ace7721f2bc,False
complete,synthetic,synthetic-singular__synthetic__symmetric-hamiltonian__L4__lr0.01__bs64__seed15,results/runs/synthetic_ablation_spectrum-only/synthetic-singular__synthetic__symmetric-hamiltonian__L4__lr0.01__bs64__seed15_seed15,synthetic-singular,synthetic,symmetric-hamiltonian,4,15,0.01,64,2000,True,plus,True,False,0.16658811653023434,0.9786585365853658,0.16950809651688298,0.9706959706959707,0.9817073170731707,1815.5487804878046,,29.62723708152771,,124,3,8,6e3df8c2ae7503394992a62eaa877ace7721f2bc,False
complete,synthetic,synthetic-singular__synthetic__symmetric-hamiltonian__L4__lr0.01__bs64__seed16,results/runs/synthetic_ablation_spectrum-only/synthetic-singular__synthetic__symmetric-hamiltonian__L4__lr0.01__bs64__seed16_seed16,synthetic-singular,synthetic,symmetric-hamiltonian,4,16,0.01,64,2000,True,plus,True,False,0.17155024659591703,0.9664634146341463,0.17915512493919566,0.9597069597069597,0.9817073170731707,1818.7500000000005,,28.621374368667603,,124,3,8,6e3df8c2ae7503394992a62eaa877ace7721f2bc,False
complete,synthetic,synthetic-singular__synthetic__symmetric-hamiltonian__L4__lr0.01__bs64__seed17,results/runs/synthetic_ablation_spectrum-only/synthetic-singular__synthetic__symmetric-hamiltonian__L4__lr0.01__bs64__seed17_seed17,synthetic-singular,synthetic,symmetric-hamiltonian,4,17,0.01,64,2000,True,plus,True,False,0.17805698093329536,0.9725609756097561,0.18933105430590919,0.9584859584859585,0.9817073170731707,1821.0365853658539,,28.35481357574463,,124,3,8,6e3df8c2ae7503394992a62eaa877ace7721f2bc,False
complete,synthetic,synthetic-singular__synthetic__symmetric-hamiltonian__L4__lr0.01__bs64__seed18,results/runs/synthetic_ablation_spectrum-only/synthetic-singular__synthetic__symmetric-hamiltonian__L4__lr0.01__bs64__seed18_seed18,synthetic-singular,synthetic,symmetric-hamiltonian,4,18,0.01,64,2000,True,plus,True,False,0.17645051615584922,0.9725609756097561,0.17365828503258976,0.9768009768009768,0.9817073170731707,1831.40243902439,,28.59647846221924,,124,3,8,6e3df8c2ae7503394992a62eaa877ace7721f2bc,False
complete,synthetic,synthetic-singular__synthetic__symmetric-hamiltonian__L4__lr0.01__bs64__seed19,results/runs/synthetic_ablation_spectrum-only/synthetic-singular__synthetic__symmetric-hamiltonian__L4__lr0.01__bs64__seed19_seed19,synthetic-singular,synthetic,symmetric-hamiltonian,4,19,0.01,64,2000,True,plus,True,False,0.1739433156371264,0.9725609756097561,0.17296710160721612,0.9719169719169719,0.9786585365853658,1816.0060975609756,,28.82822608947754,,124,3,8,6e3df8c2ae7503394992a62eaa877ace7721f2bc,False
complete,synthetic,synthetic-singular__synthetic__symmetric-hamiltonian__L4__lr0.01__bs64__seed1,results/runs/synthetic_ablation_spectrum-only/synthetic-singular__synthetic__symmetric-hamiltonian__L4__lr0.01__bs64__seed1_seed1,synthetic-singular,synthetic,symmetric-hamiltonian,4,1,0.01,64,2000,True,plus,True,False,0.1664251407585599,0.9817073170731707,0.1663465187155655,0.9755799755799756,0.9878048780487805,1824.2378048780486,,29.82853388786316,,124,3,8,6e3df8c2ae7503394992a62eaa877ace7721f2bc,False
complete,synthetic,synthetic-singular__synthetic__symmetric-hamiltonian__L4__lr0.01__bs64__seed2,results/runs/synthetic_ablation_spectrum-only/synthetic-singular__synthetic__symmetric-hamiltonian__L4__lr0.01__bs64__seed2_seed2,synthetic-singular,synthetic,symmetric-hamiltonian,4,2,0.01,64,2000,True,plus,True,False,0.17332100176125392,0.9634146341463414,0.18501458958977823,0.9560439560439561,0.975609756097561,1816.1585365853657,,29.54127550125122,,124,3,8,6e3df8c2ae7503394992a62eaa877ace7721f2bc,False
complete,synthetic,synthetic-singular__synthetic__symmetric-hamiltonian__L4__lr0.01__bs64__seed3,results/runs/synthetic_ablation_spectrum-only/synthetic-singular__synthetic__symmetric-hamiltonian__L4__lr0.01__bs64__seed3_seed3,synthetic-singular,synthetic,symmetric-hamiltonian,4,3,0.01,64,2000,True,plus,True,False,0.17996618970524542,0.9725609756097561,0.18578604136713225,0.960927960927961,0.975609756097561,1795.579268292683,,28.772221565246582,,124,3,8,6e3df8c2ae7503394992a62eaa877ace7721f2bc,False
complete,synthetic,synthetic-singular__synthetic__symmetric-hamiltonian__L4__lr0.01__bs64__seed4,results/runs/synthetic_ablation_spectrum-only/synthetic-singular__synthetic__symmetric-hamiltonian__L4__lr0.01__bs64__seed4_seed4,synthetic-singular,synthetic,symmetric-hamiltonian,4,4,0.01,64,2000,True,plus,True,False,0.17203599484169713,0.9695121951219512,0.17293395930465108,0.9743589743589743,0.9817073170731707,1817.2256097560976,,28.37143635749817,,124,3,8,6e3df8c2ae7503394992a62eaa877ace7721f2bc,False
complete,synthetic,synthetic-singular__synthetic__symmetric-hamiltonian__L4__lr0.01__bs64__seed5,results/runs/synthetic_ablation_spectrum-only/synthetic-singular__synthetic__symmetric-hamiltonian__L4__lr0.01__bs64__seed5_seed5,synthetic-singular,synthetic,symmetric-hamiltonian,4,5,0.01,64,2000,True,plus,True,False,0.17254419516675634,0.9817073170731707,0.17367172832860867,0.9755799755799756,0.9817073170731707,1817.3780487804877,,28.22524666786194,,124,3,8,6e3df8c2ae7503394992a62eaa877ace7721f2bc,False
complete,synthetic,synthetic-singular__synthetic__symmetric-hamiltonian__L4__lr0.01__bs64__seed6,results/runs/synthetic_ablation_spectrum-only/synthetic-singular__synthetic__symmetric-hamiltonian__L4__lr0.01__bs64__seed6_seed6,synthetic-singular,synthetic,symmetric-hamiltonian,4,6,0.01,64,2000,True,plus,True,False,0.18059264318278032,0.9695121951219512,0.1778252184289645,0.9694749694749695,0.9817073170731707,1820.2743902439024,,28.59141516685486,,124,3,8,6e3df8c2ae7503394992a62eaa877ace7721f2bc,False
complete,synthetic,synthetic-singular__synthetic__symmetric-hamiltonian__L4__lr0.01__bs64__seed7,results/runs/synthetic_ablation_spectrum-only/synthetic-singular__synthetic__symmetric-hamiltonian__L4__lr0.01__bs64__seed7_seed7,synthetic-singular,synthetic,symmetric-hamiltonian,4,7,0.01,64,2000,True,plus,True,False,0.18082179612126745,0.975609756097561,0.1815985043256294,0.9719169719169719,0.9786585365853658,1829.1158536585367,,28.80746030807495,,124,3,8,6e3df8c2ae7503394992a62eaa877ace7721f2bc,False
complete,synthetic,synthetic-singular__synthetic__symmetric-hamiltonian__L4__lr0.01__bs64__seed8,results/runs/synthetic_ablation_spectrum-only/synthetic-singular__synthetic__symmetric-hamiltonian__L4__lr0.01__bs64__seed8_seed8,synthetic-singular,synthetic,symmetric-hamiltonian,4,8,0.01,64,2000,True,plus,True,False,0.16550454229468498,0.9603658536585366,0.16610788239795626,0.9682539682539683,0.9817073170731707,1820.7317073170732,,30.006342887878418,,124,3,8,6e3df8c2ae7503394992a62eaa877ace7721f2bc,False
complete,synthetic,synthetic-singular__synthetic__symmetric-hamiltonian__L4__lr0.01__bs64__seed9,results/runs/synthetic_ablation_spectrum-only/synthetic-singular__synthetic__symmetric-hamiltonian__L4__lr0.01__bs64__seed9_seed9,synthetic-singular,synthetic,symmetric-hamiltonian,4,9,0.01,64,2000,True,plus,True,False,0.16545454166731374,0.9817073170731707,0.16976284248562587,0.9755799755799756,0.9908536585365854,1822.256097560976,,28.07002353668213,,124,3,8,6e3df8c2ae7503394992a62eaa877ace7721f2bc,False
complete,synthetic,synthetic-singular__synthetic__symmetric-hamiltonian__L8__lr0.01__bs64__seed0,results/runs/synthetic_ablation_spectrum-only/synthetic-singular__synthetic__symmetric-hamiltonian__L8__lr0.01__bs64__seed0_seed0,synthetic-singular,synthetic,symmetric-hamiltonian,8,0,0.01,64,2000,True,plus,True,False,0.1359660794436887,0.9878048780487805,0.14061037137117482,0.9743589743589743,0.9878048780487805,1838.1097560975609,,42.05816864967346,,248,3,8,6e3df8c2ae7503394992a62eaa877ace7721f2bc,False
complete,synthetic,synthetic-singular__synthetic__symmetric-hamiltonian__L8__lr0.01__bs64__seed10,results/runs/synthetic_ablation_spectrum-only/synthetic-singular__synthetic__symmetric-hamiltonian__L8__lr0.01__bs64__seed10_seed10,synthetic-singular,synthetic,symmetric-hamiltonian,8,10,0.01,64,2000,True,plus,True,False,0.1426892422241125,0.975609756097561,0.14474208959606474,0.978021978021978,0.9878048780487805,1839.634146341463,,41.49169325828552,,248,3,8,6e3df8c2ae7503394992a62eaa877ace7721f2bc,False
complete,synthetic,synthetic-singular__synthetic__symmetric-hamiltonian__L8__lr0.01__bs64__seed11,results/runs/synthetic_ablation_spectrum-only/synthetic-singular__synthetic__symmetric-hamiltonian__L8__lr0.01__bs64__seed11_seed11,synthetic-singular,synthetic,symmetric-hamiltonian,8,11,0.01,64,2000,True,plus,True,False,0.14124630026902388,0.9695121951219512,0.14098440141279664,0.9755799755799756,0.9817073170731707,1816.3109756097558,,41.93821430206299,,248,3,8,6e3df8c2ae7503394992a62eaa877ace7721f2bc,False
complete,synthetic,synthetic-singular__synthetic__symmetric-hamiltonian__L8__lr0.01__bs64__seed12,results/runs/synthetic_ablation_spectrum-only/synthetic-singular__synthetic__symmetric-hamiltonian__L8__lr0.01__bs64__seed12_seed12,synthetic-singular,synthetic,symmetric-hamiltonian,8,12,0.01,64,2000,True,plus,True,False,0.14549908379189253,0.9725609756097561,0.14302784536709032,0.967032967032967,0.9847560975609756,1832.0121951219512,,44.157777070999146,,248,3,8,6e3df8c2ae7503394992a62eaa877ace7721f2bc,False
complete,synthetic,synthetic-singular__synthetic__symmetric-hamiltonian__L8__lr0.01__bs64__seed13,results/runs/synthetic_ablation_spectrum-only/synthetic-singular__synthetic__symmetric-hamiltonian__L8__lr0.01__bs64__seed13_seed13,synthetic-singular,synthetic,symmetric-hamiltonian,8,13,0.01,64,2000,True,plus,True,False,0.1355654203591657,0.9847560975609756,0.14255023805839867,0.9768009768009768,0.9878048780487805,1839.634146341463,,41.70068860054016,,248,3,8,6e3df8c2ae7503394992a62eaa877ace7721f2bc,False
complete,synthetic,synthetic-singular__synthetic__symmetric-hamiltonian__L8__lr0.01__bs64__seed14,results/runs/synthetic_ablation_spectrum-only/synthetic-singular__synthetic__symmetric-hamiltonian__L8__lr0.01__bs64__seed14_seed14,synthetic-singular,synthetic,symmetric-hamiltonian,8,14,0.01,64,2000,True,plus,True,False,0.1319448055861842,0.9725609756097561,0.14289081225542694,0.9694749694749695,0.9908536585365854,1853.810975609756,,41.211549282073975,,248,3,8,6e3df8c2ae7503394992a62eaa877ace7721f2bc,False
complete,synthetic,synthetic-singular__synthetic__symmetric-hamiltonian__L8__lr0.01__bs64__seed15,results/runs/synthetic_ablation_spectrum-only/synthetic-singular__synthetic__symmetric-hamiltonian__L8__lr0.01__bs64__seed15_seed15,synthetic-singular,synthetic,symmetric-hamiltonian,8,15,0.01,64,2000,True,plus,True,False,0.14492003513092533,0.9664634146341463,0.14703961836893653,0.9743589743589743,0.9786585365853658,1820.731707317073,,40.76148772239685,,248,3,8,6e3df8c2ae7503394992a62eaa877ace7721f2bc,False
complete,synthetic,synthetic-singular__synthetic__symmetric-hamiltonian__L8__lr0.01__bs64__seed16,results/runs/synthetic_ablation_spectrum-only/synthetic-singular__synthetic__symmetric-hamiltonian__L8__lr0.01__bs64__seed16_seed16,synthetic-singular,synthetic,symmetric-hamiltonian,8,16,0.01,64,2000,True,plus,True,False,0.13694436260575735,0.9725609756097561,0.1510504292111106,0.967032967032967,0.9878048780487805,1826.6768292682925,,40.23562455177307,,248,3,8,6e3df8c2ae7503394992a62eaa877ace7721f2bc,False
complete,synthetic,synthetic-singular__synthetic__symmetric-hamiltonian__L8__lr0.01__bs64__seed17,results/runs/synthetic_ablation_spectrum-only/synthetic-singular__synthetic__symmetric-hamiltonian__L8__lr0.01__bs64__seed17_seed17,synthetic-singular,synthetic,symmetric-hamiltonian,8,17,0.01,64,2000,True,plus,True,False,0.13947408055769203,0.9817073170731707,0.15310874714396752,0.9658119658119658,0.9847560975609756,1843.2926829268292,,42.15555715560913,,248,3,8,6e3df8c2ae7503394992a62eaa877ace7721f2bc,False
complete,synthetic,synthetic-singular__synthetic__symmetric-hamiltonian__L8__lr0.01__bs64__seed18,results/runs/synthetic_ablation_spectrum-only/synthetic-singular__synthetic__symmetric-hamiltonian__L8__lr0.01__bs64__seed18_seed18,synthetic-singular,synthetic,symmetric-hamiltonian,8,18,0.01,64,2000,True,plus,True,False,0.14760705129507995,0.9817073170731707,0.15207506336376203,0.9755799755799756,0.9817073170731707,1832.4695121951227,,42.3073673248291,,248,3,8,6e3df8c2ae7503394992a62eaa877ace7721f2bc,False
complete,synthetic,synthetic-singular__synthetic__symmetric-hamiltonian__L8__lr0.01__bs64__seed19,results/runs/synthetic_ablation_spectrum-only/synthetic-singular__synthetic__symmetric-hamiltonian__L8__lr0.01__bs64__seed19_seed19,synthetic-singular,synthetic,symmetric-hamiltonian,8,19,0.01,64,2000,True,plus,True,False,0.13996519315367564,0.9786585365853658,0.14189584742093672,0.9768009768009768,0.9878048780487805,1826.3719512195119,,43.20360279083252,,248,3,8,6e3df8c2ae7503394992a62eaa877ace7721f2bc,False
complete,synthetic,synthetic-singular__synthetic__symmetric-hamiltonian__L8__lr0.01__bs64__seed1,results/runs/synthetic_ablation_spectrum-only/synthetic-singular__synthetic__symmetric-hamiltonian__L8__lr0.01__bs64__seed1_seed1,synthetic-singular,synthetic,symmetric-hamiltonian,8,1,0.01,64,2000,True,plus,True,False,0.15063848403993327,0.975609756097561,0.1463730032829707,0.9694749694749695,0.9786585365853658,1828.353658536585,,42.37043833732605,,248,3,8,6e3df8c2ae7503394992a62eaa877ace7721f2bc,False
complete,synthetic,synthetic-singular__synthetic__symmetric-hamiltonian__L8__lr0.01__bs64__seed2,results/runs/synthetic_ablation_spectrum-only/synthetic-singular__synthetic__symmetric-hamiltonian__L8__lr0.01__bs64__seed2_seed2,synthetic-singular,synthetic,symmetric-hamiltonian,8,2,0.01,64,2000,True,plus,True,False,0.13423783356315722,0.9695121951219512,0.14323926369304607,0.9682539682539683,0.9786585365853658,1838.5670731707319,,42.12650537490845,,248,3,8,6e3df8c2ae7503394992a62eaa877ace7721f2bc,False
complete,synthetic,synthetic-singular__synthetic__symmetric-hamiltonian__L8__lr0.01__bs64__seed3,results/runs/synthetic_ablation_spectrum-only/synthetic-singular__synthetic__symmetric-hamiltonian__L8__lr0.01__bs64__seed3_seed3,synthetic-singular,synthetic,symmetric-hamiltonian,8,3,0.01,64,2000,True,plus,True,False,0.13399822205544068,0.9725609756097561,0.15009206694512317,0.9621489621489622,0.9908536585365854,1817.9878048780488,,42.63542628288269,,248,3,8,6e3df8c2ae7503394992a62eaa877ace7721f2bc,False
complete,synthetic,synthetic-singular__synthetic__symmetric-hamiltonian__L8__lr0.01__bs64__seed4,results/runs/synthetic_ablation_spectrum-only/synthetic-singular__synthetic__symmetric-hamiltonian__L8__lr0.01__bs64__seed4_seed4,synthetic-singular,synthetic,symmetric-hamiltonian,8,4,0.01,64,2000,True,plus,True,False,0.14243680175808868,0.9847560975609756,0.14566450222251826,0.9792429792429792,0.9878048780487805,1841.4634146341464,,41.66729187965393,,248,3,8,6e3df8c2ae7503394992a62eaa877ace7721f2bc,False
complete,synthetic,synthetic-singular__synthetic__symmetric-hamiltonian__L8__lr0.01__bs64__seed5,results/runs/synthetic_ablation_spectrum-only/synthetic-singular__synthetic__symmetric-hamiltonian__L8__lr0.01__bs64__seed5_seed5,synthetic-singular,synthetic,symmetric-hamiltonian,8,5,0.01,64,2000,True,plus,True,False,0.13975775241296678,0.9817073170731707,0.1457148210756468,0.9731379731379731,0.9847560975609756,1841.768292682927,,41.024147033691406,,248,3,8,6e3df8c2ae7503394992a62eaa877ace7721f2bc,False
complete,synthetic,synthetic-singular__synthetic__symmetric-hamiltonian__L8__lr0.01__bs64__seed6,results/runs/synthetic_ablation_spectrum-only/synthetic-singular__synthetic__symmetric-hamiltonian__L8__lr0.01__bs64__seed6_seed6,synthetic-singular,synthetic,symmetric-hamiltonian,8,6,0.01,64,2000,True,plus,True,False,0.13822211698373754,0.9786585365853658,0.13681034290105137,0.9792429792429792,0.9847560975609756,1838.5670731707316,,40.82558608055115,,248,3,8,6e3df8c2ae7503394992a62eaa877ace7721f2bc,False
complete,synthetic,synthetic-singular__synthetic__symmetric-hamiltonian__L8__lr0.01__bs64__seed7,results/runs/synthetic_ablation_spectrum-only/synthetic-singular__synthetic__symmetric-hamiltonian__L8__lr0.01__bs64__seed7_seed7,synthetic-singular,synthetic,symmetric-hamiltonian,8,7,0.01,64,2000,True,plus,True,False,0.1475091388589068,0.9695121951219512,0.14773083198481493,0.9694749694749695,0.9847560975609756,1839.7865853658534,,42.36217164993286,,248,3,8,6e3df8c2ae7503394992a62eaa877ace7721f2bc,False
complete,synthetic,synthetic-singular__synthetic__symmetric-hamiltonian__L8__lr0.01__bs64__seed8,results/runs/synthetic_ablation_spectrum-only/synthetic-singular__synthetic__symmetric-hamiltonian__L8__lr0.01__bs64__seed8_seed8,synthetic-singular,synthetic,symmetric-hamiltonian,8,8,0.01,64,2000,True,plus,True,False,0.13265054553438077,0.9908536585365854,0.1385878393991342,0.9731379731379731,0.9908536585365854,1841.3109756097558,,41.640225887298584,,248,3,8,6e3df8c2ae7503394992a62eaa877ace7721f2bc,False
complete,synthetic,synthetic-singular__synthetic__symmetric-hamiltonian__L8__lr0.01__bs64__seed9,results/runs/synthetic_ablation_spectrum-only/synthetic-singular__synthetic__symmetric-hamiltonian__L8__lr0.01__bs64__seed9_seed9,synthetic-singular,synthetic,symmetric-hamiltonian,8,9,0.01,64,2000,True,plus,True,False,0.13939669944230665,0.9908536585365854,0.14721574000540524,0.9743589743589743,0.9908536585365854,1817.6829268292681,,41.33439898490906,,248,3,8,6e3df8c2ae7503394992a62eaa877ace7721f2bc,False
